
-------------------------------------------------------------------------
|    ___ _   _ ___                                                      |
|   / __| | | |_  )   Release 8.4.0 "Harrier"                           |
|   \__ \ |_| |/ /                                                      |
|   |___/\___//___|   Suite (Mesh Deformation Code)                     |
|                                                                       |
-------------------------------------------------------------------------
| SU2 Project Website: https://su2code.github.io                        |
|                                                                       |
| The SU2 Project is maintained by the SU2 Foundation                   |
| (http://su2foundation.org)                                            |
-------------------------------------------------------------------------
| Copyright 2012-2026, SU2 Contributors                                 |
|                                                                       |
| SU2 is free software; you can redistribute it and/or                  |
| modify it under the terms of the GNU Lesser General Public            |
| License as published by the Free Software Foundation; either          |
| version 2.1 of the License, or (at your option) any later version.    |
|                                                                       |
| SU2 is distributed in the hope that it will be useful,                |
| but WITHOUT ANY WARRANTY; without even the implied warranty of        |
| MERCHANTABILITY or FITNESS FOR A PARTICULAR PURPOSE. See the GNU      |
| Lesser General Public License for more details.                       |
|                                                                       |
| You should have received a copy of the GNU Lesser General Public      |
| License along with SU2. If not, see <http://www.gnu.org/licenses/>.   |
-------------------------------------------------------------------------

----------------- Physical Case Definition ( Zone 0 ) -------------------
Input mesh file name: mesh_original.su2

---------------- Grid deformation parameters ( Zone 0 )  ----------------
Grid deformation using linear elasticity method.


-------------------- Output Information ( Zone 0 ) ----------------------
Output mesh file name: mesh_deformed.su2. 
Cell stiffness scaled by inverse of the cell volume.

------------- Config File Boundary Information ( Zone 0 ) ---------------
+-----------------------------------------------------------------------+
|                        Marker Type|                        Marker Name|
+-----------------------------------------------------------------------+
|                          Far-field|                           farfield|
+-----------------------------------------------------------------------+
|                     Heat flux wall|                            airfoil|
+-----------------------------------------------------------------------+
Two dimensional problem.
222 grid points.
235 volume elements.
2 surface markers.
50 boundary elements in index 0 (Marker = farfield).
159 boundary elements in index 1 (Marker = airfoil).
235 triangles.

----------------------- Preprocessing computations ----------------------
Setting local point connectivity.
Checking the numerical grid orientation of the interior elements.
All volume elements are correctly oriented.
There has been a re-orientation of 159 LINE surface elements.
Identify edges and vertices.
Setting the bound control volume structure.
Area of the computational grid: 599.94.
  Info: Ignoring the following volume output fields/groups:
  SOLUTION
Volume output fields: COORDINATES
Screen output fields: 
History output group(s): 
Warning: No (valid) fields chosen for convergence monitoring. Convergence monitoring inactive.
Warning: No (valid) fields chosen for time convergence monitoring. Time convergence monitoring inactive.

--------------------- Surface grid deformation (ZONE 0) -----------------
Performing the deformation of the surface grid.
Updating the surface coordinates from the input file.

------------------- Volumetric grid deformation (ZONE 0) ----------------
Performing the deformation of the volumetric grid.
Computing volumes of the grid elements.
Min. volume: 0.000150357, max. volume: 36.5654.

# FGMRES residual history
# Residual tolerance target = 1e-10
# Initial residual norm     = 1.04587e-07
     0     1
# FGMRES final (true) residual:
# Iteration = 4: |res|/|res0| = 2.53587e-11.

Computing volumes of the grid elements.
Non-linear iter.: 1/500. Linear iter.: 4. Min. area: 0.000150353. Error: 2.53587e-11.
Computing volumes of the grid elements.
Min. volume: 0.000150353, max. volume: 36.5655.

# FGMRES residual history
# Residual tolerance target = 1e-10
# Initial residual norm     = 1.04595e-07
     0     1
# FGMRES final (true) residual:
# Iteration = 4: |res|/|res0| = 2.53576e-11.

Computing volumes of the grid elements.
Non-linear iter.: 2/500. Linear iter.: 4. Min. area: 0.000150349. Error: 2.53576e-11.
Computing volumes of the grid elements.
Min. volume: 0.000150349, max. volume: 36.5656.

# FGMRES residual history
# Residual tolerance target = 1e-10
# Initial residual norm     = 1.04603e-07
     0     1
# FGMRES final (true) residual:
# Iteration = 4: |res|/|res0| = 2.53565e-11.

Computing volumes of the grid elements.
Non-linear iter.: 3/500. Linear iter.: 4. Min. area: 0.000150345. Error: 2.53565e-11.
Computing volumes of the grid elements.
Min. volume: 0.000150345, max. volume: 36.5656.

# FGMRES residual history
# Residual tolerance target = 1e-10
# Initial residual norm     = 1.0461e-07
     0     1
# FGMRES final (true) residual:
# Iteration = 4: |res|/|res0| = 2.53554e-11.

Computing volumes of the grid elements.
Non-linear iter.: 4/500. Linear iter.: 4. Min. area: 0.000150341. Error: 2.53554e-11.
Computing volumes of the grid elements.
Min. volume: 0.000150341, max. volume: 36.5657.

# FGMRES residual history
# Residual tolerance target = 1e-10
# Initial residual norm     = 1.04618e-07
     0     1
# FGMRES final (true) residual:
# Iteration = 4: |res|/|res0| = 2.53544e-11.

Computing volumes of the grid elements.
Non-linear iter.: 5/500. Linear iter.: 4. Min. area: 0.000150338. Error: 2.53544e-11.
Computing volumes of the grid elements.
Min. volume: 0.000150338, max. volume: 36.5658.

# FGMRES residual history
# Residual tolerance target = 1e-10
# Initial residual norm     = 1.04625e-07
     0     1
# FGMRES final (true) residual:
# Iteration = 4: |res|/|res0| = 2.53533e-11.

Computing volumes of the grid elements.
Non-linear iter.: 6/500. Linear iter.: 4. Min. area: 0.000150334. Error: 2.53533e-11.
Computing volumes of the grid elements.
Min. volume: 0.000150334, max. volume: 36.5659.

# FGMRES residual history
# Residual tolerance target = 1e-10
# Initial residual norm     = 1.04633e-07
     0     1
# FGMRES final (true) residual:
# Iteration = 4: |res|/|res0| = 2.53522e-11.

Computing volumes of the grid elements.
Non-linear iter.: 7/500. Linear iter.: 4. Min. area: 0.00015033. Error: 2.53522e-11.
Computing volumes of the grid elements.
Min. volume: 0.00015033, max. volume: 36.566.

# FGMRES residual history
# Residual tolerance target = 1e-10
# Initial residual norm     = 1.04641e-07
     0     1
# FGMRES final (true) residual:
# Iteration = 4: |res|/|res0| = 2.53511e-11.

Computing volumes of the grid elements.
Non-linear iter.: 8/500. Linear iter.: 4. Min. area: 0.000150326. Error: 2.53511e-11.
Computing volumes of the grid elements.
Min. volume: 0.000150326, max. volume: 36.5661.

# FGMRES residual history
# Residual tolerance target = 1e-10
# Initial residual norm     = 1.04648e-07
     0     1
# FGMRES final (true) residual:
# Iteration = 4: |res|/|res0| = 2.535e-11.

Computing volumes of the grid elements.
Non-linear iter.: 9/500. Linear iter.: 4. Min. area: 0.000150322. Error: 2.535e-11.
Computing volumes of the grid elements.
Min. volume: 0.000150322, max. volume: 36.5661.

# FGMRES residual history
# Residual tolerance target = 1e-10
# Initial residual norm     = 1.04656e-07
     0     1
# FGMRES final (true) residual:
# Iteration = 4: |res|/|res0| = 2.53489e-11.

Computing volumes of the grid elements.
Non-linear iter.: 10/500. Linear iter.: 4. Min. area: 0.000150318. Error: 2.53489e-11.
Computing volumes of the grid elements.
Min. volume: 0.000150318, max. volume: 36.5662.

# FGMRES residual history
# Residual tolerance target = 1e-10
# Initial residual norm     = 1.04664e-07
     0     1
# FGMRES final (true) residual:
# Iteration = 4: |res|/|res0| = 2.53478e-11.

Computing volumes of the grid elements.
Non-linear iter.: 11/500. Linear iter.: 4. Min. area: 0.000150314. Error: 2.53478e-11.
Computing volumes of the grid elements.
Min. volume: 0.000150314, max. volume: 36.5663.

# FGMRES residual history
# Residual tolerance target = 1e-10
# Initial residual norm     = 1.04671e-07
     0     1
# FGMRES final (true) residual:
# Iteration = 4: |res|/|res0| = 2.53467e-11.

Computing volumes of the grid elements.
Non-linear iter.: 12/500. Linear iter.: 4. Min. area: 0.00015031. Error: 2.53467e-11.
Computing volumes of the grid elements.
Min. volume: 0.00015031, max. volume: 36.5664.

# FGMRES residual history
# Residual tolerance target = 1e-10
# Initial residual norm     = 1.04679e-07
     0     1
# FGMRES final (true) residual:
# Iteration = 4: |res|/|res0| = 2.53456e-11.

Computing volumes of the grid elements.
Non-linear iter.: 13/500. Linear iter.: 4. Min. area: 0.000150306. Error: 2.53456e-11.
Computing volumes of the grid elements.
Min. volume: 0.000150306, max. volume: 36.5665.

# FGMRES residual history
# Residual tolerance target = 1e-10
# Initial residual norm     = 1.04687e-07
     0     1
# FGMRES final (true) residual:
# Iteration = 4: |res|/|res0| = 2.53445e-11.

Computing volumes of the grid elements.
Non-linear iter.: 14/500. Linear iter.: 4. Min. area: 0.000150302. Error: 2.53445e-11.
Computing volumes of the grid elements.
Min. volume: 0.000150302, max. volume: 36.5665.

# FGMRES residual history
# Residual tolerance target = 1e-10
# Initial residual norm     = 1.04694e-07
     0     1
# FGMRES final (true) residual:
# Iteration = 4: |res|/|res0| = 2.53434e-11.

Computing volumes of the grid elements.
Non-linear iter.: 15/500. Linear iter.: 4. Min. area: 0.000150298. Error: 2.53434e-11.
Computing volumes of the grid elements.
Min. volume: 0.000150298, max. volume: 36.5666.

# FGMRES residual history
# Residual tolerance target = 1e-10
# Initial residual norm     = 1.04702e-07
     0     1
# FGMRES final (true) residual:
# Iteration = 4: |res|/|res0| = 2.53423e-11.

Computing volumes of the grid elements.
Non-linear iter.: 16/500. Linear iter.: 4. Min. area: 0.000150294. Error: 2.53423e-11.
Computing volumes of the grid elements.
Min. volume: 0.000150294, max. volume: 36.5667.

# FGMRES residual history
# Residual tolerance target = 1e-10
# Initial residual norm     = 1.0471e-07
     0     1
# FGMRES final (true) residual:
# Iteration = 4: |res|/|res0| = 2.53412e-11.

Computing volumes of the grid elements.
Non-linear iter.: 17/500. Linear iter.: 4. Min. area: 0.00015029. Error: 2.53412e-11.
Computing volumes of the grid elements.
Min. volume: 0.00015029, max. volume: 36.5668.

# FGMRES residual history
# Residual tolerance target = 1e-10
# Initial residual norm     = 1.04717e-07
     0     1
# FGMRES final (true) residual:
# Iteration = 4: |res|/|res0| = 2.534e-11.

Computing volumes of the grid elements.
Non-linear iter.: 18/500. Linear iter.: 4. Min. area: 0.000150286. Error: 2.534e-11.
Computing volumes of the grid elements.
Min. volume: 0.000150286, max. volume: 36.5669.

# FGMRES residual history
# Residual tolerance target = 1e-10
# Initial residual norm     = 1.04725e-07
     0     1
# FGMRES final (true) residual:
# Iteration = 4: |res|/|res0| = 2.53389e-11.

Computing volumes of the grid elements.
Non-linear iter.: 19/500. Linear iter.: 4. Min. area: 0.000150282. Error: 2.53389e-11.
Computing volumes of the grid elements.
Min. volume: 0.000150282, max. volume: 36.5669.

# FGMRES residual history
# Residual tolerance target = 1e-10
# Initial residual norm     = 1.04733e-07
     0     1
# FGMRES final (true) residual:
# Iteration = 4: |res|/|res0| = 2.53378e-11.

Computing volumes of the grid elements.
Non-linear iter.: 20/500. Linear iter.: 4. Min. area: 0.000150278. Error: 2.53378e-11.
Computing volumes of the grid elements.
Min. volume: 0.000150278, max. volume: 36.567.

# FGMRES residual history
# Residual tolerance target = 1e-10
# Initial residual norm     = 1.0474e-07
     0     1
# FGMRES final (true) residual:
# Iteration = 4: |res|/|res0| = 2.53367e-11.

Computing volumes of the grid elements.
Non-linear iter.: 21/500. Linear iter.: 4. Min. area: 0.000150274. Error: 2.53367e-11.
Computing volumes of the grid elements.
Min. volume: 0.000150274, max. volume: 36.5671.

# FGMRES residual history
# Residual tolerance target = 1e-10
# Initial residual norm     = 1.04748e-07
     0     1
# FGMRES final (true) residual:
# Iteration = 4: |res|/|res0| = 2.53356e-11.

Computing volumes of the grid elements.
Non-linear iter.: 22/500. Linear iter.: 4. Min. area: 0.000150271. Error: 2.53356e-11.
Computing volumes of the grid elements.
Min. volume: 0.000150271, max. volume: 36.5672.

# FGMRES residual history
# Residual tolerance target = 1e-10
# Initial residual norm     = 1.04756e-07
     0     1
# FGMRES final (true) residual:
# Iteration = 4: |res|/|res0| = 2.53344e-11.

Computing volumes of the grid elements.
Non-linear iter.: 23/500. Linear iter.: 4. Min. area: 0.000150267. Error: 2.53344e-11.
Computing volumes of the grid elements.
Min. volume: 0.000150267, max. volume: 36.5673.

# FGMRES residual history
# Residual tolerance target = 1e-10
# Initial residual norm     = 1.04764e-07
     0     1
# FGMRES final (true) residual:
# Iteration = 4: |res|/|res0| = 2.53333e-11.

Computing volumes of the grid elements.
Non-linear iter.: 24/500. Linear iter.: 4. Min. area: 0.000150263. Error: 2.53333e-11.
Computing volumes of the grid elements.
Min. volume: 0.000150263, max. volume: 36.5673.

# FGMRES residual history
# Residual tolerance target = 1e-10
# Initial residual norm     = 1.04771e-07
     0     1
# FGMRES final (true) residual:
# Iteration = 4: |res|/|res0| = 2.53322e-11.

Computing volumes of the grid elements.
Non-linear iter.: 25/500. Linear iter.: 4. Min. area: 0.000150259. Error: 2.53322e-11.
Computing volumes of the grid elements.
Min. volume: 0.000150259, max. volume: 36.5674.

# FGMRES residual history
# Residual tolerance target = 1e-10
# Initial residual norm     = 1.04779e-07
     0     1
# FGMRES final (true) residual:
# Iteration = 4: |res|/|res0| = 2.5331e-11.

Computing volumes of the grid elements.
Non-linear iter.: 26/500. Linear iter.: 4. Min. area: 0.000150255. Error: 2.5331e-11.
Computing volumes of the grid elements.
Min. volume: 0.000150255, max. volume: 36.5675.

# FGMRES residual history
# Residual tolerance target = 1e-10
# Initial residual norm     = 1.04787e-07
     0     1
# FGMRES final (true) residual:
# Iteration = 4: |res|/|res0| = 2.53299e-11.

Computing volumes of the grid elements.
Non-linear iter.: 27/500. Linear iter.: 4. Min. area: 0.000150251. Error: 2.53299e-11.
Computing volumes of the grid elements.
Min. volume: 0.000150251, max. volume: 36.5676.

# FGMRES residual history
# Residual tolerance target = 1e-10
# Initial residual norm     = 1.04794e-07
     0     1
# FGMRES final (true) residual:
# Iteration = 4: |res|/|res0| = 2.53287e-11.

Computing volumes of the grid elements.
Non-linear iter.: 28/500. Linear iter.: 4. Min. area: 0.000150247. Error: 2.53287e-11.
Computing volumes of the grid elements.
Min. volume: 0.000150247, max. volume: 36.5677.

# FGMRES residual history
# Residual tolerance target = 1e-10
# Initial residual norm     = 1.04802e-07
     0     1
# FGMRES final (true) residual:
# Iteration = 4: |res|/|res0| = 2.53276e-11.

Computing volumes of the grid elements.
Non-linear iter.: 29/500. Linear iter.: 4. Min. area: 0.000150243. Error: 2.53276e-11.
Computing volumes of the grid elements.
Min. volume: 0.000150243, max. volume: 36.5678.

# FGMRES residual history
# Residual tolerance target = 1e-10
# Initial residual norm     = 1.0481e-07
     0     1
# FGMRES final (true) residual:
# Iteration = 4: |res|/|res0| = 2.53264e-11.

Computing volumes of the grid elements.
Non-linear iter.: 30/500. Linear iter.: 4. Min. area: 0.000150239. Error: 2.53264e-11.
Computing volumes of the grid elements.
Min. volume: 0.000150239, max. volume: 36.5678.

# FGMRES residual history
# Residual tolerance target = 1e-10
# Initial residual norm     = 1.04818e-07
     0     1
# FGMRES final (true) residual:
# Iteration = 4: |res|/|res0| = 2.53253e-11.

Computing volumes of the grid elements.
Non-linear iter.: 31/500. Linear iter.: 4. Min. area: 0.000150235. Error: 2.53253e-11.
Computing volumes of the grid elements.
Min. volume: 0.000150235, max. volume: 36.5679.

# FGMRES residual history
# Residual tolerance target = 1e-10
# Initial residual norm     = 1.04826e-07
     0     1
# FGMRES final (true) residual:
# Iteration = 4: |res|/|res0| = 2.53241e-11.

Computing volumes of the grid elements.
Non-linear iter.: 32/500. Linear iter.: 4. Min. area: 0.000150231. Error: 2.53241e-11.
Computing volumes of the grid elements.
Min. volume: 0.000150231, max. volume: 36.568.

# FGMRES residual history
# Residual tolerance target = 1e-10
# Initial residual norm     = 1.04833e-07
     0     1
# FGMRES final (true) residual:
# Iteration = 4: |res|/|res0| = 2.5323e-11.

Computing volumes of the grid elements.
Non-linear iter.: 33/500. Linear iter.: 4. Min. area: 0.000150227. Error: 2.5323e-11.
Computing volumes of the grid elements.
Min. volume: 0.000150227, max. volume: 36.5681.

# FGMRES residual history
# Residual tolerance target = 1e-10
# Initial residual norm     = 1.04841e-07
     0     1
# FGMRES final (true) residual:
# Iteration = 4: |res|/|res0| = 2.53218e-11.

Computing volumes of the grid elements.
Non-linear iter.: 34/500. Linear iter.: 4. Min. area: 0.000150223. Error: 2.53218e-11.
Computing volumes of the grid elements.
Min. volume: 0.000150223, max. volume: 36.5682.

# FGMRES residual history
# Residual tolerance target = 1e-10
# Initial residual norm     = 1.04849e-07
     0     1
# FGMRES final (true) residual:
# Iteration = 4: |res|/|res0| = 2.53207e-11.

Computing volumes of the grid elements.
Non-linear iter.: 35/500. Linear iter.: 4. Min. area: 0.000150219. Error: 2.53207e-11.
Computing volumes of the grid elements.
Min. volume: 0.000150219, max. volume: 36.5682.

# FGMRES residual history
# Residual tolerance target = 1e-10
# Initial residual norm     = 1.04857e-07
     0     1
# FGMRES final (true) residual:
# Iteration = 4: |res|/|res0| = 2.53195e-11.

Computing volumes of the grid elements.
Non-linear iter.: 36/500. Linear iter.: 4. Min. area: 0.000150215. Error: 2.53195e-11.
Computing volumes of the grid elements.
Min. volume: 0.000150215, max. volume: 36.5683.

# FGMRES residual history
# Residual tolerance target = 1e-10
# Initial residual norm     = 1.04865e-07
     0     1
# FGMRES final (true) residual:
# Iteration = 4: |res|/|res0| = 2.53183e-11.

Computing volumes of the grid elements.
Non-linear iter.: 37/500. Linear iter.: 4. Min. area: 0.000150212. Error: 2.53183e-11.
Computing volumes of the grid elements.
Min. volume: 0.000150212, max. volume: 36.5684.

# FGMRES residual history
# Residual tolerance target = 1e-10
# Initial residual norm     = 1.04872e-07
     0     1
# FGMRES final (true) residual:
# Iteration = 4: |res|/|res0| = 2.53172e-11.

Computing volumes of the grid elements.
Non-linear iter.: 38/500. Linear iter.: 4. Min. area: 0.000150208. Error: 2.53172e-11.
Computing volumes of the grid elements.
Min. volume: 0.000150208, max. volume: 36.5685.

# FGMRES residual history
# Residual tolerance target = 1e-10
# Initial residual norm     = 1.0488e-07
     0     1
# FGMRES final (true) residual:
# Iteration = 4: |res|/|res0| = 2.5316e-11.

Computing volumes of the grid elements.
Non-linear iter.: 39/500. Linear iter.: 4. Min. area: 0.000150204. Error: 2.5316e-11.
Computing volumes of the grid elements.
Min. volume: 0.000150204, max. volume: 36.5686.

# FGMRES residual history
# Residual tolerance target = 1e-10
# Initial residual norm     = 1.04888e-07
     0     1
# FGMRES final (true) residual:
# Iteration = 4: |res|/|res0| = 2.53148e-11.

Computing volumes of the grid elements.
Non-linear iter.: 40/500. Linear iter.: 4. Min. area: 0.0001502. Error: 2.53148e-11.
Computing volumes of the grid elements.
Min. volume: 0.0001502, max. volume: 36.5686.

# FGMRES residual history
# Residual tolerance target = 1e-10
# Initial residual norm     = 1.04896e-07
     0     1
# FGMRES final (true) residual:
# Iteration = 4: |res|/|res0| = 2.53137e-11.

Computing volumes of the grid elements.
Non-linear iter.: 41/500. Linear iter.: 4. Min. area: 0.000150196. Error: 2.53137e-11.
Computing volumes of the grid elements.
Min. volume: 0.000150196, max. volume: 36.5687.

# FGMRES residual history
# Residual tolerance target = 1e-10
# Initial residual norm     = 1.04904e-07
     0     1
# FGMRES final (true) residual:
# Iteration = 4: |res|/|res0| = 2.53125e-11.

Computing volumes of the grid elements.
Non-linear iter.: 42/500. Linear iter.: 4. Min. area: 0.000150192. Error: 2.53125e-11.
Computing volumes of the grid elements.
Min. volume: 0.000150192, max. volume: 36.5688.

# FGMRES residual history
# Residual tolerance target = 1e-10
# Initial residual norm     = 1.04912e-07
     0     1
# FGMRES final (true) residual:
# Iteration = 4: |res|/|res0| = 2.53113e-11.

Computing volumes of the grid elements.
Non-linear iter.: 43/500. Linear iter.: 4. Min. area: 0.000150188. Error: 2.53113e-11.
Computing volumes of the grid elements.
Min. volume: 0.000150188, max. volume: 36.5689.

# FGMRES residual history
# Residual tolerance target = 1e-10
# Initial residual norm     = 1.0492e-07
     0     1
# FGMRES final (true) residual:
# Iteration = 4: |res|/|res0| = 2.53101e-11.

Computing volumes of the grid elements.
Non-linear iter.: 44/500. Linear iter.: 4. Min. area: 0.000150184. Error: 2.53101e-11.
Computing volumes of the grid elements.
Min. volume: 0.000150184, max. volume: 36.569.

# FGMRES residual history
# Residual tolerance target = 1e-10
# Initial residual norm     = 1.04927e-07
     0     1
# FGMRES final (true) residual:
# Iteration = 4: |res|/|res0| = 2.53089e-11.

Computing volumes of the grid elements.
Non-linear iter.: 45/500. Linear iter.: 4. Min. area: 0.00015018. Error: 2.53089e-11.
Computing volumes of the grid elements.
Min. volume: 0.00015018, max. volume: 36.5691.

# FGMRES residual history
# Residual tolerance target = 1e-10
# Initial residual norm     = 1.04935e-07
     0     1
# FGMRES final (true) residual:
# Iteration = 4: |res|/|res0| = 2.53077e-11.

Computing volumes of the grid elements.
Non-linear iter.: 46/500. Linear iter.: 4. Min. area: 0.000150176. Error: 2.53077e-11.
Computing volumes of the grid elements.
Min. volume: 0.000150176, max. volume: 36.5691.

# FGMRES residual history
# Residual tolerance target = 1e-10
# Initial residual norm     = 1.04943e-07
     0     1
# FGMRES final (true) residual:
# Iteration = 4: |res|/|res0| = 2.53066e-11.

Computing volumes of the grid elements.
Non-linear iter.: 47/500. Linear iter.: 4. Min. area: 0.000150172. Error: 2.53066e-11.
Computing volumes of the grid elements.
Min. volume: 0.000150172, max. volume: 36.5692.

# FGMRES residual history
# Residual tolerance target = 1e-10
# Initial residual norm     = 1.04951e-07
     0     1
# FGMRES final (true) residual:
# Iteration = 4: |res|/|res0| = 2.53054e-11.

Computing volumes of the grid elements.
Non-linear iter.: 48/500. Linear iter.: 4. Min. area: 0.000150168. Error: 2.53054e-11.
Computing volumes of the grid elements.
Min. volume: 0.000150168, max. volume: 36.5693.

# FGMRES residual history
# Residual tolerance target = 1e-10
# Initial residual norm     = 1.04959e-07
     0     1
# FGMRES final (true) residual:
# Iteration = 4: |res|/|res0| = 2.53042e-11.

Computing volumes of the grid elements.
Non-linear iter.: 49/500. Linear iter.: 4. Min. area: 0.000150164. Error: 2.53042e-11.
Computing volumes of the grid elements.
Min. volume: 0.000150164, max. volume: 36.5694.

# FGMRES residual history
# Residual tolerance target = 1e-10
# Initial residual norm     = 1.04967e-07
     0     1
# FGMRES final (true) residual:
# Iteration = 4: |res|/|res0| = 2.5303e-11.

Computing volumes of the grid elements.
Non-linear iter.: 50/500. Linear iter.: 4. Min. area: 0.00015016. Error: 2.5303e-11.
Computing volumes of the grid elements.
Min. volume: 0.00015016, max. volume: 36.5695.

# FGMRES residual history
# Residual tolerance target = 1e-10
# Initial residual norm     = 1.04975e-07
     0     1
# FGMRES final (true) residual:
# Iteration = 4: |res|/|res0| = 2.53018e-11.

Computing volumes of the grid elements.
Non-linear iter.: 51/500. Linear iter.: 4. Min. area: 0.000150157. Error: 2.53018e-11.
Computing volumes of the grid elements.
Min. volume: 0.000150157, max. volume: 36.5695.

# FGMRES residual history
# Residual tolerance target = 1e-10
# Initial residual norm     = 1.04983e-07
     0     1
# FGMRES final (true) residual:
# Iteration = 4: |res|/|res0| = 2.53006e-11.

Computing volumes of the grid elements.
Non-linear iter.: 52/500. Linear iter.: 4. Min. area: 0.000150153. Error: 2.53006e-11.
Computing volumes of the grid elements.
Min. volume: 0.000150153, max. volume: 36.5696.

# FGMRES residual history
# Residual tolerance target = 1e-10
# Initial residual norm     = 1.04991e-07
     0     1
# FGMRES final (true) residual:
# Iteration = 4: |res|/|res0| = 2.52994e-11.

Computing volumes of the grid elements.
Non-linear iter.: 53/500. Linear iter.: 4. Min. area: 0.000150149. Error: 2.52994e-11.
Computing volumes of the grid elements.
Min. volume: 0.000150149, max. volume: 36.5697.

# FGMRES residual history
# Residual tolerance target = 1e-10
# Initial residual norm     = 1.04999e-07
     0     1
# FGMRES final (true) residual:
# Iteration = 4: |res|/|res0| = 2.52981e-11.

Computing volumes of the grid elements.
Non-linear iter.: 54/500. Linear iter.: 4. Min. area: 0.000150145. Error: 2.52981e-11.
Computing volumes of the grid elements.
Min. volume: 0.000150145, max. volume: 36.5698.

# FGMRES residual history
# Residual tolerance target = 1e-10
# Initial residual norm     = 1.05006e-07
     0     1
# FGMRES final (true) residual:
# Iteration = 4: |res|/|res0| = 2.52969e-11.

Computing volumes of the grid elements.
Non-linear iter.: 55/500. Linear iter.: 4. Min. area: 0.000150141. Error: 2.52969e-11.
Computing volumes of the grid elements.
Min. volume: 0.000150141, max. volume: 36.5699.

# FGMRES residual history
# Residual tolerance target = 1e-10
# Initial residual norm     = 1.05014e-07
     0     1
# FGMRES final (true) residual:
# Iteration = 4: |res|/|res0| = 2.52957e-11.

Computing volumes of the grid elements.
Non-linear iter.: 56/500. Linear iter.: 4. Min. area: 0.000150137. Error: 2.52957e-11.
Computing volumes of the grid elements.
Min. volume: 0.000150137, max. volume: 36.57.

# FGMRES residual history
# Residual tolerance target = 1e-10
# Initial residual norm     = 1.05022e-07
     0     1
# FGMRES final (true) residual:
# Iteration = 4: |res|/|res0| = 2.52945e-11.

Computing volumes of the grid elements.
Non-linear iter.: 57/500. Linear iter.: 4. Min. area: 0.000150133. Error: 2.52945e-11.
Computing volumes of the grid elements.
Min. volume: 0.000150133, max. volume: 36.57.

# FGMRES residual history
# Residual tolerance target = 1e-10
# Initial residual norm     = 1.0503e-07
     0     1
# FGMRES final (true) residual:
# Iteration = 4: |res|/|res0| = 2.52933e-11.

Computing volumes of the grid elements.
Non-linear iter.: 58/500. Linear iter.: 4. Min. area: 0.000150129. Error: 2.52933e-11.
Computing volumes of the grid elements.
Min. volume: 0.000150129, max. volume: 36.5701.

# FGMRES residual history
# Residual tolerance target = 1e-10
# Initial residual norm     = 1.05038e-07
     0     1
# FGMRES final (true) residual:
# Iteration = 4: |res|/|res0| = 2.52921e-11.

Computing volumes of the grid elements.
Non-linear iter.: 59/500. Linear iter.: 4. Min. area: 0.000150125. Error: 2.52921e-11.
Computing volumes of the grid elements.
Min. volume: 0.000150125, max. volume: 36.5702.

# FGMRES residual history
# Residual tolerance target = 1e-10
# Initial residual norm     = 1.05046e-07
     0     1
# FGMRES final (true) residual:
# Iteration = 4: |res|/|res0| = 2.52908e-11.

Computing volumes of the grid elements.
Non-linear iter.: 60/500. Linear iter.: 4. Min. area: 0.000150121. Error: 2.52908e-11.
Computing volumes of the grid elements.
Min. volume: 0.000150121, max. volume: 36.5703.

# FGMRES residual history
# Residual tolerance target = 1e-10
# Initial residual norm     = 1.05054e-07
     0     1
# FGMRES final (true) residual:
# Iteration = 4: |res|/|res0| = 2.52896e-11.

Computing volumes of the grid elements.
Non-linear iter.: 61/500. Linear iter.: 4. Min. area: 0.000150117. Error: 2.52896e-11.
Computing volumes of the grid elements.
Min. volume: 0.000150117, max. volume: 36.5704.

# FGMRES residual history
# Residual tolerance target = 1e-10
# Initial residual norm     = 1.05062e-07
     0     1
# FGMRES final (true) residual:
# Iteration = 4: |res|/|res0| = 2.52884e-11.

Computing volumes of the grid elements.
Non-linear iter.: 62/500. Linear iter.: 4. Min. area: 0.000150113. Error: 2.52884e-11.
Computing volumes of the grid elements.
Min. volume: 0.000150113, max. volume: 36.5704.

# FGMRES residual history
# Residual tolerance target = 1e-10
# Initial residual norm     = 1.0507e-07
     0     1
# FGMRES final (true) residual:
# Iteration = 4: |res|/|res0| = 2.52872e-11.

Computing volumes of the grid elements.
Non-linear iter.: 63/500. Linear iter.: 4. Min. area: 0.00015011. Error: 2.52872e-11.
Computing volumes of the grid elements.
Min. volume: 0.00015011, max. volume: 36.5705.

# FGMRES residual history
# Residual tolerance target = 1e-10
# Initial residual norm     = 1.05078e-07
     0     1
# FGMRES final (true) residual:
# Iteration = 4: |res|/|res0| = 2.52859e-11.

Computing volumes of the grid elements.
Non-linear iter.: 64/500. Linear iter.: 4. Min. area: 0.000150106. Error: 2.52859e-11.
Computing volumes of the grid elements.
Min. volume: 0.000150106, max. volume: 36.5706.

# FGMRES residual history
# Residual tolerance target = 1e-10
# Initial residual norm     = 1.05086e-07
     0     1
# FGMRES final (true) residual:
# Iteration = 4: |res|/|res0| = 2.52847e-11.

Computing volumes of the grid elements.
Non-linear iter.: 65/500. Linear iter.: 4. Min. area: 0.000150102. Error: 2.52847e-11.
Computing volumes of the grid elements.
Min. volume: 0.000150102, max. volume: 36.5707.

# FGMRES residual history
# Residual tolerance target = 1e-10
# Initial residual norm     = 1.05094e-07
     0     1
# FGMRES final (true) residual:
# Iteration = 4: |res|/|res0| = 2.52834e-11.

Computing volumes of the grid elements.
Non-linear iter.: 66/500. Linear iter.: 4. Min. area: 0.000150098. Error: 2.52834e-11.
Computing volumes of the grid elements.
Min. volume: 0.000150098, max. volume: 36.5708.

# FGMRES residual history
# Residual tolerance target = 1e-10
# Initial residual norm     = 1.05102e-07
     0     1
# FGMRES final (true) residual:
# Iteration = 4: |res|/|res0| = 2.52822e-11.

Computing volumes of the grid elements.
Non-linear iter.: 67/500. Linear iter.: 4. Min. area: 0.000150094. Error: 2.52822e-11.
Computing volumes of the grid elements.
Min. volume: 0.000150094, max. volume: 36.5709.

# FGMRES residual history
# Residual tolerance target = 1e-10
# Initial residual norm     = 1.0511e-07
     0     1
# FGMRES final (true) residual:
# Iteration = 4: |res|/|res0| = 2.5281e-11.

Computing volumes of the grid elements.
Non-linear iter.: 68/500. Linear iter.: 4. Min. area: 0.00015009. Error: 2.5281e-11.
Computing volumes of the grid elements.
Min. volume: 0.00015009, max. volume: 36.5709.

# FGMRES residual history
# Residual tolerance target = 1e-10
# Initial residual norm     = 1.05118e-07
     0     1
# FGMRES final (true) residual:
# Iteration = 4: |res|/|res0| = 2.52797e-11.

Computing volumes of the grid elements.
Non-linear iter.: 69/500. Linear iter.: 4. Min. area: 0.000150086. Error: 2.52797e-11.
Computing volumes of the grid elements.
Min. volume: 0.000150086, max. volume: 36.571.

# FGMRES residual history
# Residual tolerance target = 1e-10
# Initial residual norm     = 1.05126e-07
     0     1
# FGMRES final (true) residual:
# Iteration = 4: |res|/|res0| = 2.52785e-11.

Computing volumes of the grid elements.
Non-linear iter.: 70/500. Linear iter.: 4. Min. area: 0.000150082. Error: 2.52785e-11.
Computing volumes of the grid elements.
Min. volume: 0.000150082, max. volume: 36.5711.

# FGMRES residual history
# Residual tolerance target = 1e-10
# Initial residual norm     = 1.05134e-07
     0     1
# FGMRES final (true) residual:
# Iteration = 4: |res|/|res0| = 2.52772e-11.

Computing volumes of the grid elements.
Non-linear iter.: 71/500. Linear iter.: 4. Min. area: 0.000150078. Error: 2.52772e-11.
Computing volumes of the grid elements.
Min. volume: 0.000150078, max. volume: 36.5712.

# FGMRES residual history
# Residual tolerance target = 1e-10
# Initial residual norm     = 1.05143e-07
     0     1
# FGMRES final (true) residual:
# Iteration = 4: |res|/|res0| = 2.5276e-11.

Computing volumes of the grid elements.
Non-linear iter.: 72/500. Linear iter.: 4. Min. area: 0.000150074. Error: 2.5276e-11.
Computing volumes of the grid elements.
Min. volume: 0.000150074, max. volume: 36.5713.

# FGMRES residual history
# Residual tolerance target = 1e-10
# Initial residual norm     = 1.05151e-07
     0     1
# FGMRES final (true) residual:
# Iteration = 4: |res|/|res0| = 2.52747e-11.

Computing volumes of the grid elements.
Non-linear iter.: 73/500. Linear iter.: 4. Min. area: 0.00015007. Error: 2.52747e-11.
Computing volumes of the grid elements.
Min. volume: 0.00015007, max. volume: 36.5714.

# FGMRES residual history
# Residual tolerance target = 1e-10
# Initial residual norm     = 1.05159e-07
     0     1
# FGMRES final (true) residual:
# Iteration = 4: |res|/|res0| = 2.52734e-11.

Computing volumes of the grid elements.
Non-linear iter.: 74/500. Linear iter.: 4. Min. area: 0.000150067. Error: 2.52734e-11.
Computing volumes of the grid elements.
Min. volume: 0.000150067, max. volume: 36.5714.

# FGMRES residual history
# Residual tolerance target = 1e-10
# Initial residual norm     = 1.05167e-07
     0     1
# FGMRES final (true) residual:
# Iteration = 4: |res|/|res0| = 2.52722e-11.

Computing volumes of the grid elements.
Non-linear iter.: 75/500. Linear iter.: 4. Min. area: 0.000150063. Error: 2.52722e-11.
Computing volumes of the grid elements.
Min. volume: 0.000150063, max. volume: 36.5715.

# FGMRES residual history
# Residual tolerance target = 1e-10
# Initial residual norm     = 1.05175e-07
     0     1
# FGMRES final (true) residual:
# Iteration = 4: |res|/|res0| = 2.52709e-11.

Computing volumes of the grid elements.
Non-linear iter.: 76/500. Linear iter.: 4. Min. area: 0.000150059. Error: 2.52709e-11.
Computing volumes of the grid elements.
Min. volume: 0.000150059, max. volume: 36.5716.

# FGMRES residual history
# Residual tolerance target = 1e-10
# Initial residual norm     = 1.05183e-07
     0     1
# FGMRES final (true) residual:
# Iteration = 4: |res|/|res0| = 2.52697e-11.

Computing volumes of the grid elements.
Non-linear iter.: 77/500. Linear iter.: 4. Min. area: 0.000150055. Error: 2.52697e-11.
Computing volumes of the grid elements.
Min. volume: 0.000150055, max. volume: 36.5717.

# FGMRES residual history
# Residual tolerance target = 1e-10
# Initial residual norm     = 1.05191e-07
     0     1
# FGMRES final (true) residual:
# Iteration = 4: |res|/|res0| = 2.52684e-11.

Computing volumes of the grid elements.
Non-linear iter.: 78/500. Linear iter.: 4. Min. area: 0.000150051. Error: 2.52684e-11.
Computing volumes of the grid elements.
Min. volume: 0.000150051, max. volume: 36.5718.

# FGMRES residual history
# Residual tolerance target = 1e-10
# Initial residual norm     = 1.05199e-07
     0     1
# FGMRES final (true) residual:
# Iteration = 4: |res|/|res0| = 2.52671e-11.

Computing volumes of the grid elements.
Non-linear iter.: 79/500. Linear iter.: 4. Min. area: 0.000150047. Error: 2.52671e-11.
Computing volumes of the grid elements.
Min. volume: 0.000150047, max. volume: 36.5718.

# FGMRES residual history
# Residual tolerance target = 1e-10
# Initial residual norm     = 1.05207e-07
     0     1
# FGMRES final (true) residual:
# Iteration = 4: |res|/|res0| = 2.52658e-11.

Computing volumes of the grid elements.
Non-linear iter.: 80/500. Linear iter.: 4. Min. area: 0.000150043. Error: 2.52658e-11.
Computing volumes of the grid elements.
Min. volume: 0.000150043, max. volume: 36.5719.

# FGMRES residual history
# Residual tolerance target = 1e-10
# Initial residual norm     = 1.05215e-07
     0     1
# FGMRES final (true) residual:
# Iteration = 4: |res|/|res0| = 2.52646e-11.

Computing volumes of the grid elements.
Non-linear iter.: 81/500. Linear iter.: 4. Min. area: 0.000150039. Error: 2.52646e-11.
Computing volumes of the grid elements.
Min. volume: 0.000150039, max. volume: 36.572.

# FGMRES residual history
# Residual tolerance target = 1e-10
# Initial residual norm     = 1.05223e-07
     0     1
# FGMRES final (true) residual:
# Iteration = 4: |res|/|res0| = 2.52633e-11.

Computing volumes of the grid elements.
Non-linear iter.: 82/500. Linear iter.: 4. Min. area: 0.000150035. Error: 2.52633e-11.
Computing volumes of the grid elements.
Min. volume: 0.000150035, max. volume: 36.5721.

# FGMRES residual history
# Residual tolerance target = 1e-10
# Initial residual norm     = 1.05232e-07
     0     1
# FGMRES final (true) residual:
# Iteration = 4: |res|/|res0| = 2.5262e-11.

Computing volumes of the grid elements.
Non-linear iter.: 83/500. Linear iter.: 4. Min. area: 0.000150031. Error: 2.5262e-11.
Computing volumes of the grid elements.
Min. volume: 0.000150031, max. volume: 36.5722.

# FGMRES residual history
# Residual tolerance target = 1e-10
# Initial residual norm     = 1.0524e-07
     0     1
# FGMRES final (true) residual:
# Iteration = 4: |res|/|res0| = 2.52607e-11.

Computing volumes of the grid elements.
Non-linear iter.: 84/500. Linear iter.: 4. Min. area: 0.000150027. Error: 2.52607e-11.
Computing volumes of the grid elements.
Min. volume: 0.000150027, max. volume: 36.5723.

# FGMRES residual history
# Residual tolerance target = 1e-10
# Initial residual norm     = 1.05248e-07
     0     1
# FGMRES final (true) residual:
# Iteration = 4: |res|/|res0| = 2.52594e-11.

Computing volumes of the grid elements.
Non-linear iter.: 85/500. Linear iter.: 4. Min. area: 0.000150024. Error: 2.52594e-11.
Computing volumes of the grid elements.
Min. volume: 0.000150024, max. volume: 36.5723.

# FGMRES residual history
# Residual tolerance target = 1e-10
# Initial residual norm     = 1.05256e-07
     0     1
# FGMRES final (true) residual:
# Iteration = 4: |res|/|res0| = 2.52581e-11.

Computing volumes of the grid elements.
Non-linear iter.: 86/500. Linear iter.: 4. Min. area: 0.00015002. Error: 2.52581e-11.
Computing volumes of the grid elements.
Min. volume: 0.00015002, max. volume: 36.5724.

# FGMRES residual history
# Residual tolerance target = 1e-10
# Initial residual norm     = 1.05264e-07
     0     1
# FGMRES final (true) residual:
# Iteration = 4: |res|/|res0| = 2.52569e-11.

Computing volumes of the grid elements.
Non-linear iter.: 87/500. Linear iter.: 4. Min. area: 0.000150016. Error: 2.52569e-11.
Computing volumes of the grid elements.
Min. volume: 0.000150016, max. volume: 36.5725.

# FGMRES residual history
# Residual tolerance target = 1e-10
# Initial residual norm     = 1.05272e-07
     0     1
# FGMRES final (true) residual:
# Iteration = 4: |res|/|res0| = 2.52556e-11.

Computing volumes of the grid elements.
Non-linear iter.: 88/500. Linear iter.: 4. Min. area: 0.000150012. Error: 2.52556e-11.
Computing volumes of the grid elements.
Min. volume: 0.000150012, max. volume: 36.5726.

# FGMRES residual history
# Residual tolerance target = 1e-10
# Initial residual norm     = 1.05281e-07
     0     1
# FGMRES final (true) residual:
# Iteration = 4: |res|/|res0| = 2.52543e-11.

Computing volumes of the grid elements.
Non-linear iter.: 89/500. Linear iter.: 4. Min. area: 0.000150008. Error: 2.52543e-11.
Computing volumes of the grid elements.
Min. volume: 0.000150008, max. volume: 36.5727.

# FGMRES residual history
# Residual tolerance target = 1e-10
# Initial residual norm     = 1.05289e-07
     0     1
# FGMRES final (true) residual:
# Iteration = 4: |res|/|res0| = 2.5253e-11.

Computing volumes of the grid elements.
Non-linear iter.: 90/500. Linear iter.: 4. Min. area: 0.000150004. Error: 2.5253e-11.
Computing volumes of the grid elements.
Min. volume: 0.000150004, max. volume: 36.5728.

# FGMRES residual history
# Residual tolerance target = 1e-10
# Initial residual norm     = 1.05297e-07
     0     1
# FGMRES final (true) residual:
# Iteration = 4: |res|/|res0| = 2.52517e-11.

Computing volumes of the grid elements.
Non-linear iter.: 91/500. Linear iter.: 4. Min. area: 0.00015. Error: 2.52517e-11.
Computing volumes of the grid elements.
Min. volume: 0.00015, max. volume: 36.5728.

# FGMRES residual history
# Residual tolerance target = 1e-10
# Initial residual norm     = 1.05305e-07
     0     1
# FGMRES final (true) residual:
# Iteration = 4: |res|/|res0| = 2.52504e-11.

Computing volumes of the grid elements.
Non-linear iter.: 92/500. Linear iter.: 4. Min. area: 0.000149996. Error: 2.52504e-11.
Computing volumes of the grid elements.
Min. volume: 0.000149996, max. volume: 36.5729.

# FGMRES residual history
# Residual tolerance target = 1e-10
# Initial residual norm     = 1.05313e-07
     0     1
# FGMRES final (true) residual:
# Iteration = 4: |res|/|res0| = 2.52491e-11.

Computing volumes of the grid elements.
Non-linear iter.: 93/500. Linear iter.: 4. Min. area: 0.000149992. Error: 2.52491e-11.
Computing volumes of the grid elements.
Min. volume: 0.000149992, max. volume: 36.573.

# FGMRES residual history
# Residual tolerance target = 1e-10
# Initial residual norm     = 1.05322e-07
     0     1
# FGMRES final (true) residual:
# Iteration = 4: |res|/|res0| = 2.52478e-11.

Computing volumes of the grid elements.
Non-linear iter.: 94/500. Linear iter.: 4. Min. area: 0.000149988. Error: 2.52478e-11.
Computing volumes of the grid elements.
Min. volume: 0.000149988, max. volume: 36.5731.

# FGMRES residual history
# Residual tolerance target = 1e-10
# Initial residual norm     = 1.0533e-07
     0     1
# FGMRES final (true) residual:
# Iteration = 4: |res|/|res0| = 2.52464e-11.

Computing volumes of the grid elements.
Non-linear iter.: 95/500. Linear iter.: 4. Min. area: 0.000149985. Error: 2.52464e-11.
Computing volumes of the grid elements.
Min. volume: 0.000149985, max. volume: 36.5732.

# FGMRES residual history
# Residual tolerance target = 1e-10
# Initial residual norm     = 1.05338e-07
     0     1
# FGMRES final (true) residual:
# Iteration = 4: |res|/|res0| = 2.52451e-11.

Computing volumes of the grid elements.
Non-linear iter.: 96/500. Linear iter.: 4. Min. area: 0.000149981. Error: 2.52451e-11.
Computing volumes of the grid elements.
Min. volume: 0.000149981, max. volume: 36.5733.

# FGMRES residual history
# Residual tolerance target = 1e-10
# Initial residual norm     = 1.05346e-07
     0     1
# FGMRES final (true) residual:
# Iteration = 4: |res|/|res0| = 2.52438e-11.

Computing volumes of the grid elements.
Non-linear iter.: 97/500. Linear iter.: 4. Min. area: 0.000149977. Error: 2.52438e-11.
Computing volumes of the grid elements.
Min. volume: 0.000149977, max. volume: 36.5733.

# FGMRES residual history
# Residual tolerance target = 1e-10
# Initial residual norm     = 1.05354e-07
     0     1
# FGMRES final (true) residual:
# Iteration = 4: |res|/|res0| = 2.52425e-11.

Computing volumes of the grid elements.
Non-linear iter.: 98/500. Linear iter.: 4. Min. area: 0.000149973. Error: 2.52425e-11.
Computing volumes of the grid elements.
Min. volume: 0.000149973, max. volume: 36.5734.

# FGMRES residual history
# Residual tolerance target = 1e-10
# Initial residual norm     = 1.05363e-07
     0     1
# FGMRES final (true) residual:
# Iteration = 4: |res|/|res0| = 2.52412e-11.

Computing volumes of the grid elements.
Non-linear iter.: 99/500. Linear iter.: 4. Min. area: 0.000149969. Error: 2.52412e-11.
Computing volumes of the grid elements.
Min. volume: 0.000149969, max. volume: 36.5735.

# FGMRES residual history
# Residual tolerance target = 1e-10
# Initial residual norm     = 1.05371e-07
     0     1
# FGMRES final (true) residual:
# Iteration = 4: |res|/|res0| = 2.52399e-11.

Computing volumes of the grid elements.
Non-linear iter.: 100/500. Linear iter.: 4. Min. area: 0.000149965. Error: 2.52399e-11.
Computing volumes of the grid elements.
Min. volume: 0.000149965, max. volume: 36.5736.

# FGMRES residual history
# Residual tolerance target = 1e-10
# Initial residual norm     = 1.05379e-07
     0     1
# FGMRES final (true) residual:
# Iteration = 4: |res|/|res0| = 2.52385e-11.

Computing volumes of the grid elements.
Non-linear iter.: 101/500. Linear iter.: 4. Min. area: 0.000149961. Error: 2.52385e-11.
Computing volumes of the grid elements.
Min. volume: 0.000149961, max. volume: 36.5737.

# FGMRES residual history
# Residual tolerance target = 1e-10
# Initial residual norm     = 1.05387e-07
     0     1
# FGMRES final (true) residual:
# Iteration = 4: |res|/|res0| = 2.52372e-11.

Computing volumes of the grid elements.
Non-linear iter.: 102/500. Linear iter.: 4. Min. area: 0.000149957. Error: 2.52372e-11.
Computing volumes of the grid elements.
Min. volume: 0.000149957, max. volume: 36.5737.

# FGMRES residual history
# Residual tolerance target = 1e-10
# Initial residual norm     = 1.05396e-07
     0     1
# FGMRES final (true) residual:
# Iteration = 4: |res|/|res0| = 2.52359e-11.

Computing volumes of the grid elements.
Non-linear iter.: 103/500. Linear iter.: 4. Min. area: 0.000149953. Error: 2.52359e-11.
Computing volumes of the grid elements.
Min. volume: 0.000149953, max. volume: 36.5738.

# FGMRES residual history
# Residual tolerance target = 1e-10
# Initial residual norm     = 1.05404e-07
     0     1
# FGMRES final (true) residual:
# Iteration = 4: |res|/|res0| = 2.52346e-11.

Computing volumes of the grid elements.
Non-linear iter.: 104/500. Linear iter.: 4. Min. area: 0.00014995. Error: 2.52346e-11.
Computing volumes of the grid elements.
Min. volume: 0.00014995, max. volume: 36.5739.

# FGMRES residual history
# Residual tolerance target = 1e-10
# Initial residual norm     = 1.05412e-07
     0     1
# FGMRES final (true) residual:
# Iteration = 4: |res|/|res0| = 2.52332e-11.

Computing volumes of the grid elements.
Non-linear iter.: 105/500. Linear iter.: 4. Min. area: 0.000149946. Error: 2.52332e-11.
Computing volumes of the grid elements.
Min. volume: 0.000149946, max. volume: 36.574.

# FGMRES residual history
# Residual tolerance target = 1e-10
# Initial residual norm     = 1.05421e-07
     0     1
# FGMRES final (true) residual:
# Iteration = 4: |res|/|res0| = 2.52319e-11.

Computing volumes of the grid elements.
Non-linear iter.: 106/500. Linear iter.: 4. Min. area: 0.000149942. Error: 2.52319e-11.
Computing volumes of the grid elements.
Min. volume: 0.000149942, max. volume: 36.5741.

# FGMRES residual history
# Residual tolerance target = 1e-10
# Initial residual norm     = 1.05429e-07
     0     1
# FGMRES final (true) residual:
# Iteration = 4: |res|/|res0| = 2.52305e-11.

Computing volumes of the grid elements.
Non-linear iter.: 107/500. Linear iter.: 4. Min. area: 0.000149938. Error: 2.52305e-11.
Computing volumes of the grid elements.
Min. volume: 0.000149938, max. volume: 36.5742.

# FGMRES residual history
# Residual tolerance target = 1e-10
# Initial residual norm     = 1.05437e-07
     0     1
# FGMRES final (true) residual:
# Iteration = 4: |res|/|res0| = 2.52292e-11.

Computing volumes of the grid elements.
Non-linear iter.: 108/500. Linear iter.: 4. Min. area: 0.000149934. Error: 2.52292e-11.
Computing volumes of the grid elements.
Min. volume: 0.000149934, max. volume: 36.5742.

# FGMRES residual history
# Residual tolerance target = 1e-10
# Initial residual norm     = 1.05446e-07
     0     1
# FGMRES final (true) residual:
# Iteration = 4: |res|/|res0| = 2.52279e-11.

Computing volumes of the grid elements.
Non-linear iter.: 109/500. Linear iter.: 4. Min. area: 0.00014993. Error: 2.52279e-11.
Computing volumes of the grid elements.
Min. volume: 0.00014993, max. volume: 36.5743.

# FGMRES residual history
# Residual tolerance target = 1e-10
# Initial residual norm     = 1.05454e-07
     0     1
# FGMRES final (true) residual:
# Iteration = 4: |res|/|res0| = 2.52265e-11.

Computing volumes of the grid elements.
Non-linear iter.: 110/500. Linear iter.: 4. Min. area: 0.000149926. Error: 2.52265e-11.
Computing volumes of the grid elements.
Min. volume: 0.000149926, max. volume: 36.5744.

# FGMRES residual history
# Residual tolerance target = 1e-10
# Initial residual norm     = 1.05462e-07
     0     1
# FGMRES final (true) residual:
# Iteration = 4: |res|/|res0| = 2.52252e-11.

Computing volumes of the grid elements.
Non-linear iter.: 111/500. Linear iter.: 4. Min. area: 0.000149922. Error: 2.52252e-11.
Computing volumes of the grid elements.
Min. volume: 0.000149922, max. volume: 36.5745.

# FGMRES residual history
# Residual tolerance target = 1e-10
# Initial residual norm     = 1.0547e-07
     0     1
# FGMRES final (true) residual:
# Iteration = 4: |res|/|res0| = 2.52238e-11.

Computing volumes of the grid elements.
Non-linear iter.: 112/500. Linear iter.: 4. Min. area: 0.000149918. Error: 2.52238e-11.
Computing volumes of the grid elements.
Min. volume: 0.000149918, max. volume: 36.5746.

# FGMRES residual history
# Residual tolerance target = 1e-10
# Initial residual norm     = 1.05479e-07
     0     1
# FGMRES final (true) residual:
# Iteration = 4: |res|/|res0| = 2.52225e-11.

Computing volumes of the grid elements.
Non-linear iter.: 113/500. Linear iter.: 4. Min. area: 0.000149915. Error: 2.52225e-11.
Computing volumes of the grid elements.
Min. volume: 0.000149915, max. volume: 36.5747.

# FGMRES residual history
# Residual tolerance target = 1e-10
# Initial residual norm     = 1.05487e-07
     0     1
# FGMRES final (true) residual:
# Iteration = 4: |res|/|res0| = 2.52211e-11.

Computing volumes of the grid elements.
Non-linear iter.: 114/500. Linear iter.: 4. Min. area: 0.000149911. Error: 2.52211e-11.
Computing volumes of the grid elements.
Min. volume: 0.000149911, max. volume: 36.5747.

# FGMRES residual history
# Residual tolerance target = 1e-10
# Initial residual norm     = 1.05496e-07
     0     1
# FGMRES final (true) residual:
# Iteration = 4: |res|/|res0| = 2.52198e-11.

Computing volumes of the grid elements.
Non-linear iter.: 115/500. Linear iter.: 4. Min. area: 0.000149907. Error: 2.52198e-11.
Computing volumes of the grid elements.
Min. volume: 0.000149907, max. volume: 36.5748.

# FGMRES residual history
# Residual tolerance target = 1e-10
# Initial residual norm     = 1.05504e-07
     0     1
# FGMRES final (true) residual:
# Iteration = 4: |res|/|res0| = 2.52184e-11.

Computing volumes of the grid elements.
Non-linear iter.: 116/500. Linear iter.: 4. Min. area: 0.000149903. Error: 2.52184e-11.
Computing volumes of the grid elements.
Min. volume: 0.000149903, max. volume: 36.5749.

# FGMRES residual history
# Residual tolerance target = 1e-10
# Initial residual norm     = 1.05512e-07
     0     1
# FGMRES final (true) residual:
# Iteration = 4: |res|/|res0| = 2.5217e-11.

Computing volumes of the grid elements.
Non-linear iter.: 117/500. Linear iter.: 4. Min. area: 0.000149899. Error: 2.5217e-11.
Computing volumes of the grid elements.
Min. volume: 0.000149899, max. volume: 36.575.

# FGMRES residual history
# Residual tolerance target = 1e-10
# Initial residual norm     = 1.05521e-07
     0     1
# FGMRES final (true) residual:
# Iteration = 4: |res|/|res0| = 2.52157e-11.

Computing volumes of the grid elements.
Non-linear iter.: 118/500. Linear iter.: 4. Min. area: 0.000149895. Error: 2.52157e-11.
Computing volumes of the grid elements.
Min. volume: 0.000149895, max. volume: 36.5751.

# FGMRES residual history
# Residual tolerance target = 1e-10
# Initial residual norm     = 1.05529e-07
     0     1
# FGMRES final (true) residual:
# Iteration = 4: |res|/|res0| = 2.52143e-11.

Computing volumes of the grid elements.
Non-linear iter.: 119/500. Linear iter.: 4. Min. area: 0.000149891. Error: 2.52143e-11.
Computing volumes of the grid elements.
Min. volume: 0.000149891, max. volume: 36.5752.

# FGMRES residual history
# Residual tolerance target = 1e-10
# Initial residual norm     = 1.05537e-07
     0     1
# FGMRES final (true) residual:
# Iteration = 4: |res|/|res0| = 2.52129e-11.

Computing volumes of the grid elements.
Non-linear iter.: 120/500. Linear iter.: 4. Min. area: 0.000149887. Error: 2.52129e-11.
Computing volumes of the grid elements.
Min. volume: 0.000149887, max. volume: 36.5752.

# FGMRES residual history
# Residual tolerance target = 1e-10
# Initial residual norm     = 1.05546e-07
     0     1
# FGMRES final (true) residual:
# Iteration = 4: |res|/|res0| = 2.52116e-11.

Computing volumes of the grid elements.
Non-linear iter.: 121/500. Linear iter.: 4. Min. area: 0.000149884. Error: 2.52116e-11.
Computing volumes of the grid elements.
Min. volume: 0.000149884, max. volume: 36.5753.

# FGMRES residual history
# Residual tolerance target = 1e-10
# Initial residual norm     = 1.05554e-07
     0     1
# FGMRES final (true) residual:
# Iteration = 4: |res|/|res0| = 2.52102e-11.

Computing volumes of the grid elements.
Non-linear iter.: 122/500. Linear iter.: 4. Min. area: 0.00014988. Error: 2.52102e-11.
Computing volumes of the grid elements.
Min. volume: 0.00014988, max. volume: 36.5754.

# FGMRES residual history
# Residual tolerance target = 1e-10
# Initial residual norm     = 1.05563e-07
     0     1
# FGMRES final (true) residual:
# Iteration = 4: |res|/|res0| = 2.52088e-11.

Computing volumes of the grid elements.
Non-linear iter.: 123/500. Linear iter.: 4. Min. area: 0.000149876. Error: 2.52088e-11.
Computing volumes of the grid elements.
Min. volume: 0.000149876, max. volume: 36.5755.

# FGMRES residual history
# Residual tolerance target = 1e-10
# Initial residual norm     = 1.05571e-07
     0     1
# FGMRES final (true) residual:
# Iteration = 4: |res|/|res0| = 2.52074e-11.

Computing volumes of the grid elements.
Non-linear iter.: 124/500. Linear iter.: 4. Min. area: 0.000149872. Error: 2.52074e-11.
Computing volumes of the grid elements.
Min. volume: 0.000149872, max. volume: 36.5756.

# FGMRES residual history
# Residual tolerance target = 1e-10
# Initial residual norm     = 1.05579e-07
     0     1
# FGMRES final (true) residual:
# Iteration = 4: |res|/|res0| = 2.52061e-11.

Computing volumes of the grid elements.
Non-linear iter.: 125/500. Linear iter.: 4. Min. area: 0.000149868. Error: 2.52061e-11.
Computing volumes of the grid elements.
Min. volume: 0.000149868, max. volume: 36.5757.

# FGMRES residual history
# Residual tolerance target = 1e-10
# Initial residual norm     = 1.05588e-07
     0     1
# FGMRES final (true) residual:
# Iteration = 4: |res|/|res0| = 2.52047e-11.

Computing volumes of the grid elements.
Non-linear iter.: 126/500. Linear iter.: 4. Min. area: 0.000149864. Error: 2.52047e-11.
Computing volumes of the grid elements.
Min. volume: 0.000149864, max. volume: 36.5757.

# FGMRES residual history
# Residual tolerance target = 1e-10
# Initial residual norm     = 1.05596e-07
     0     1
# FGMRES final (true) residual:
# Iteration = 4: |res|/|res0| = 2.52033e-11.

Computing volumes of the grid elements.
Non-linear iter.: 127/500. Linear iter.: 4. Min. area: 0.00014986. Error: 2.52033e-11.
Computing volumes of the grid elements.
Min. volume: 0.00014986, max. volume: 36.5758.

# FGMRES residual history
# Residual tolerance target = 1e-10
# Initial residual norm     = 1.05605e-07
     0     1
# FGMRES final (true) residual:
# Iteration = 4: |res|/|res0| = 2.52019e-11.

Computing volumes of the grid elements.
Non-linear iter.: 128/500. Linear iter.: 4. Min. area: 0.000149856. Error: 2.52019e-11.
Computing volumes of the grid elements.
Min. volume: 0.000149856, max. volume: 36.5759.

# FGMRES residual history
# Residual tolerance target = 1e-10
# Initial residual norm     = 1.05613e-07
     0     1
# FGMRES final (true) residual:
# Iteration = 4: |res|/|res0| = 2.52005e-11.

Computing volumes of the grid elements.
Non-linear iter.: 129/500. Linear iter.: 4. Min. area: 0.000149852. Error: 2.52005e-11.
Computing volumes of the grid elements.
Min. volume: 0.000149852, max. volume: 36.576.

# FGMRES residual history
# Residual tolerance target = 1e-10
# Initial residual norm     = 1.05622e-07
     0     1
# FGMRES final (true) residual:
# Iteration = 4: |res|/|res0| = 2.51991e-11.

Computing volumes of the grid elements.
Non-linear iter.: 130/500. Linear iter.: 4. Min. area: 0.000149849. Error: 2.51991e-11.
Computing volumes of the grid elements.
Min. volume: 0.000149849, max. volume: 36.5761.

# FGMRES residual history
# Residual tolerance target = 1e-10
# Initial residual norm     = 1.0563e-07
     0     1
# FGMRES final (true) residual:
# Iteration = 4: |res|/|res0| = 2.51977e-11.

Computing volumes of the grid elements.
Non-linear iter.: 131/500. Linear iter.: 4. Min. area: 0.000149845. Error: 2.51977e-11.
Computing volumes of the grid elements.
Min. volume: 0.000149845, max. volume: 36.5762.

# FGMRES residual history
# Residual tolerance target = 1e-10
# Initial residual norm     = 1.05639e-07
     0     1
# FGMRES final (true) residual:
# Iteration = 4: |res|/|res0| = 2.51963e-11.

Computing volumes of the grid elements.
Non-linear iter.: 132/500. Linear iter.: 4. Min. area: 0.000149841. Error: 2.51963e-11.
Computing volumes of the grid elements.
Min. volume: 0.000149841, max. volume: 36.5762.

# FGMRES residual history
# Residual tolerance target = 1e-10
# Initial residual norm     = 1.05647e-07
     0     1
# FGMRES final (true) residual:
# Iteration = 4: |res|/|res0| = 2.51949e-11.

Computing volumes of the grid elements.
Non-linear iter.: 133/500. Linear iter.: 4. Min. area: 0.000149837. Error: 2.51949e-11.
Computing volumes of the grid elements.
Min. volume: 0.000149837, max. volume: 36.5763.

# FGMRES residual history
# Residual tolerance target = 1e-10
# Initial residual norm     = 1.05656e-07
     0     1
# FGMRES final (true) residual:
# Iteration = 4: |res|/|res0| = 2.51935e-11.

Computing volumes of the grid elements.
Non-linear iter.: 134/500. Linear iter.: 4. Min. area: 0.000149833. Error: 2.51935e-11.
Computing volumes of the grid elements.
Min. volume: 0.000149833, max. volume: 36.5764.

# FGMRES residual history
# Residual tolerance target = 1e-10
# Initial residual norm     = 1.05664e-07
     0     1
# FGMRES final (true) residual:
# Iteration = 4: |res|/|res0| = 2.51921e-11.

Computing volumes of the grid elements.
Non-linear iter.: 135/500. Linear iter.: 4. Min. area: 0.000149829. Error: 2.51921e-11.
Computing volumes of the grid elements.
Min. volume: 0.000149829, max. volume: 36.5765.

# FGMRES residual history
# Residual tolerance target = 1e-10
# Initial residual norm     = 1.05673e-07
     0     1
# FGMRES final (true) residual:
# Iteration = 4: |res|/|res0| = 2.51907e-11.

Computing volumes of the grid elements.
Non-linear iter.: 136/500. Linear iter.: 4. Min. area: 0.000149825. Error: 2.51907e-11.
Computing volumes of the grid elements.
Min. volume: 0.000149825, max. volume: 36.5766.

# FGMRES residual history
# Residual tolerance target = 1e-10
# Initial residual norm     = 1.05681e-07
     0     1
# FGMRES final (true) residual:
# Iteration = 4: |res|/|res0| = 2.51893e-11.

Computing volumes of the grid elements.
Non-linear iter.: 137/500. Linear iter.: 4. Min. area: 0.000149821. Error: 2.51893e-11.
Computing volumes of the grid elements.
Min. volume: 0.000149821, max. volume: 36.5767.

# FGMRES residual history
# Residual tolerance target = 1e-10
# Initial residual norm     = 1.0569e-07
     0     1
# FGMRES final (true) residual:
# Iteration = 4: |res|/|res0| = 2.51879e-11.

Computing volumes of the grid elements.
Non-linear iter.: 138/500. Linear iter.: 4. Min. area: 0.000149818. Error: 2.51879e-11.
Computing volumes of the grid elements.
Min. volume: 0.000149818, max. volume: 36.5768.

# FGMRES residual history
# Residual tolerance target = 1e-10
# Initial residual norm     = 1.05698e-07
     0     1
# FGMRES final (true) residual:
# Iteration = 4: |res|/|res0| = 2.51865e-11.

Computing volumes of the grid elements.
Non-linear iter.: 139/500. Linear iter.: 4. Min. area: 0.000149814. Error: 2.51865e-11.
Computing volumes of the grid elements.
Min. volume: 0.000149814, max. volume: 36.5768.

# FGMRES residual history
# Residual tolerance target = 1e-10
# Initial residual norm     = 1.05707e-07
     0     1
# FGMRES final (true) residual:
# Iteration = 4: |res|/|res0| = 2.51851e-11.

Computing volumes of the grid elements.
Non-linear iter.: 140/500. Linear iter.: 4. Min. area: 0.00014981. Error: 2.51851e-11.
Computing volumes of the grid elements.
Min. volume: 0.00014981, max. volume: 36.5769.

# FGMRES residual history
# Residual tolerance target = 1e-10
# Initial residual norm     = 1.05715e-07
     0     1
# FGMRES final (true) residual:
# Iteration = 4: |res|/|res0| = 2.51836e-11.

Computing volumes of the grid elements.
Non-linear iter.: 141/500. Linear iter.: 4. Min. area: 0.000149806. Error: 2.51836e-11.
Computing volumes of the grid elements.
Min. volume: 0.000149806, max. volume: 36.577.

# FGMRES residual history
# Residual tolerance target = 1e-10
# Initial residual norm     = 1.05724e-07
     0     1
# FGMRES final (true) residual:
# Iteration = 4: |res|/|res0| = 2.51822e-11.

Computing volumes of the grid elements.
Non-linear iter.: 142/500. Linear iter.: 4. Min. area: 0.000149802. Error: 2.51822e-11.
Computing volumes of the grid elements.
Min. volume: 0.000149802, max. volume: 36.5771.

# FGMRES residual history
# Residual tolerance target = 1e-10
# Initial residual norm     = 1.05732e-07
     0     1
# FGMRES final (true) residual:
# Iteration = 4: |res|/|res0| = 2.51808e-11.

Computing volumes of the grid elements.
Non-linear iter.: 143/500. Linear iter.: 4. Min. area: 0.000149798. Error: 2.51808e-11.
Computing volumes of the grid elements.
Min. volume: 0.000149798, max. volume: 36.5772.

# FGMRES residual history
# Residual tolerance target = 1e-10
# Initial residual norm     = 1.05741e-07
     0     1
# FGMRES final (true) residual:
# Iteration = 4: |res|/|res0| = 2.51794e-11.

Computing volumes of the grid elements.
Non-linear iter.: 144/500. Linear iter.: 4. Min. area: 0.000149794. Error: 2.51794e-11.
Computing volumes of the grid elements.
Min. volume: 0.000149794, max. volume: 36.5773.

# FGMRES residual history
# Residual tolerance target = 1e-10
# Initial residual norm     = 1.05749e-07
     0     1
# FGMRES final (true) residual:
# Iteration = 4: |res|/|res0| = 2.5178e-11.

Computing volumes of the grid elements.
Non-linear iter.: 145/500. Linear iter.: 4. Min. area: 0.000149791. Error: 2.5178e-11.
Computing volumes of the grid elements.
Min. volume: 0.000149791, max. volume: 36.5773.

# FGMRES residual history
# Residual tolerance target = 1e-10
# Initial residual norm     = 1.05758e-07
     0     1
# FGMRES final (true) residual:
# Iteration = 4: |res|/|res0| = 2.51765e-11.

Computing volumes of the grid elements.
Non-linear iter.: 146/500. Linear iter.: 4. Min. area: 0.000149787. Error: 2.51765e-11.
Computing volumes of the grid elements.
Min. volume: 0.000149787, max. volume: 36.5774.

# FGMRES residual history
# Residual tolerance target = 1e-10
# Initial residual norm     = 1.05767e-07
     0     1
# FGMRES final (true) residual:
# Iteration = 4: |res|/|res0| = 2.51751e-11.

Computing volumes of the grid elements.
Non-linear iter.: 147/500. Linear iter.: 4. Min. area: 0.000149783. Error: 2.51751e-11.
Computing volumes of the grid elements.
Min. volume: 0.000149783, max. volume: 36.5775.

# FGMRES residual history
# Residual tolerance target = 1e-10
# Initial residual norm     = 1.05775e-07
     0     1
# FGMRES final (true) residual:
# Iteration = 4: |res|/|res0| = 2.51737e-11.

Computing volumes of the grid elements.
Non-linear iter.: 148/500. Linear iter.: 4. Min. area: 0.000149779. Error: 2.51737e-11.
Computing volumes of the grid elements.
Min. volume: 0.000149779, max. volume: 36.5776.

# FGMRES residual history
# Residual tolerance target = 1e-10
# Initial residual norm     = 1.05784e-07
     0     1
# FGMRES final (true) residual:
# Iteration = 4: |res|/|res0| = 2.51722e-11.

Computing volumes of the grid elements.
Non-linear iter.: 149/500. Linear iter.: 4. Min. area: 0.000149775. Error: 2.51722e-11.
Computing volumes of the grid elements.
Min. volume: 0.000149775, max. volume: 36.5777.

# FGMRES residual history
# Residual tolerance target = 1e-10
# Initial residual norm     = 1.05792e-07
     0     1
# FGMRES final (true) residual:
# Iteration = 4: |res|/|res0| = 2.51708e-11.

Computing volumes of the grid elements.
Non-linear iter.: 150/500. Linear iter.: 4. Min. area: 0.000149771. Error: 2.51708e-11.
Computing volumes of the grid elements.
Min. volume: 0.000149771, max. volume: 36.5778.

# FGMRES residual history
# Residual tolerance target = 1e-10
# Initial residual norm     = 1.05801e-07
     0     1
# FGMRES final (true) residual:
# Iteration = 4: |res|/|res0| = 2.51693e-11.

Computing volumes of the grid elements.
Non-linear iter.: 151/500. Linear iter.: 4. Min. area: 0.000149767. Error: 2.51693e-11.
Computing volumes of the grid elements.
Min. volume: 0.000149767, max. volume: 36.5778.

# FGMRES residual history
# Residual tolerance target = 1e-10
# Initial residual norm     = 1.0581e-07
     0     1
# FGMRES final (true) residual:
# Iteration = 4: |res|/|res0| = 2.51679e-11.

Computing volumes of the grid elements.
Non-linear iter.: 152/500. Linear iter.: 4. Min. area: 0.000149763. Error: 2.51679e-11.
Computing volumes of the grid elements.
Min. volume: 0.000149763, max. volume: 36.5779.

# FGMRES residual history
# Residual tolerance target = 1e-10
# Initial residual norm     = 1.05818e-07
     0     1
# FGMRES final (true) residual:
# Iteration = 4: |res|/|res0| = 2.51665e-11.

Computing volumes of the grid elements.
Non-linear iter.: 153/500. Linear iter.: 4. Min. area: 0.00014976. Error: 2.51665e-11.
Computing volumes of the grid elements.
Min. volume: 0.00014976, max. volume: 36.578.

# FGMRES residual history
# Residual tolerance target = 1e-10
# Initial residual norm     = 1.05827e-07
     0     1
# FGMRES final (true) residual:
# Iteration = 4: |res|/|res0| = 2.5165e-11.

Computing volumes of the grid elements.
Non-linear iter.: 154/500. Linear iter.: 4. Min. area: 0.000149756. Error: 2.5165e-11.
Computing volumes of the grid elements.
Min. volume: 0.000149756, max. volume: 36.5781.

# FGMRES residual history
# Residual tolerance target = 1e-10
# Initial residual norm     = 1.05835e-07
     0     1
# FGMRES final (true) residual:
# Iteration = 4: |res|/|res0| = 2.51636e-11.

Computing volumes of the grid elements.
Non-linear iter.: 155/500. Linear iter.: 4. Min. area: 0.000149752. Error: 2.51636e-11.
Computing volumes of the grid elements.
Min. volume: 0.000149752, max. volume: 36.5782.

# FGMRES residual history
# Residual tolerance target = 1e-10
# Initial residual norm     = 1.05844e-07
     0     1
# FGMRES final (true) residual:
# Iteration = 4: |res|/|res0| = 2.51621e-11.

Computing volumes of the grid elements.
Non-linear iter.: 156/500. Linear iter.: 4. Min. area: 0.000149748. Error: 2.51621e-11.
Computing volumes of the grid elements.
Min. volume: 0.000149748, max. volume: 36.5783.

# FGMRES residual history
# Residual tolerance target = 1e-10
# Initial residual norm     = 1.05853e-07
     0     1
# FGMRES final (true) residual:
# Iteration = 4: |res|/|res0| = 2.51607e-11.

Computing volumes of the grid elements.
Non-linear iter.: 157/500. Linear iter.: 4. Min. area: 0.000149744. Error: 2.51607e-11.
Computing volumes of the grid elements.
Min. volume: 0.000149744, max. volume: 36.5784.

# FGMRES residual history
# Residual tolerance target = 1e-10
# Initial residual norm     = 1.05861e-07
     0     1
# FGMRES final (true) residual:
# Iteration = 4: |res|/|res0| = 2.51592e-11.

Computing volumes of the grid elements.
Non-linear iter.: 158/500. Linear iter.: 4. Min. area: 0.00014974. Error: 2.51592e-11.
Computing volumes of the grid elements.
Min. volume: 0.00014974, max. volume: 36.5784.

# FGMRES residual history
# Residual tolerance target = 1e-10
# Initial residual norm     = 1.0587e-07
     0     1
# FGMRES final (true) residual:
# Iteration = 4: |res|/|res0| = 2.51577e-11.

Computing volumes of the grid elements.
Non-linear iter.: 159/500. Linear iter.: 4. Min. area: 0.000149736. Error: 2.51577e-11.
Computing volumes of the grid elements.
Min. volume: 0.000149736, max. volume: 36.5785.

# FGMRES residual history
# Residual tolerance target = 1e-10
# Initial residual norm     = 1.05879e-07
     0     1
# FGMRES final (true) residual:
# Iteration = 4: |res|/|res0| = 2.51563e-11.

Computing volumes of the grid elements.
Non-linear iter.: 160/500. Linear iter.: 4. Min. area: 0.000149733. Error: 2.51563e-11.
Computing volumes of the grid elements.
Min. volume: 0.000149733, max. volume: 36.5786.

# FGMRES residual history
# Residual tolerance target = 1e-10
# Initial residual norm     = 1.05887e-07
     0     1
# FGMRES final (true) residual:
# Iteration = 4: |res|/|res0| = 2.51548e-11.

Computing volumes of the grid elements.
Non-linear iter.: 161/500. Linear iter.: 4. Min. area: 0.000149729. Error: 2.51548e-11.
Computing volumes of the grid elements.
Min. volume: 0.000149729, max. volume: 36.5787.

# FGMRES residual history
# Residual tolerance target = 1e-10
# Initial residual norm     = 1.05896e-07
     0     1
# FGMRES final (true) residual:
# Iteration = 4: |res|/|res0| = 2.51534e-11.

Computing volumes of the grid elements.
Non-linear iter.: 162/500. Linear iter.: 4. Min. area: 0.000149725. Error: 2.51534e-11.
Computing volumes of the grid elements.
Min. volume: 0.000149725, max. volume: 36.5788.

# FGMRES residual history
# Residual tolerance target = 1e-10
# Initial residual norm     = 1.05905e-07
     0     1
# FGMRES final (true) residual:
# Iteration = 4: |res|/|res0| = 2.51519e-11.

Computing volumes of the grid elements.
Non-linear iter.: 163/500. Linear iter.: 4. Min. area: 0.000149721. Error: 2.51519e-11.
Computing volumes of the grid elements.
Min. volume: 0.000149721, max. volume: 36.5789.

# FGMRES residual history
# Residual tolerance target = 1e-10
# Initial residual norm     = 1.05913e-07
     0     1
# FGMRES final (true) residual:
# Iteration = 4: |res|/|res0| = 2.51504e-11.

Computing volumes of the grid elements.
Non-linear iter.: 164/500. Linear iter.: 4. Min. area: 0.000149717. Error: 2.51504e-11.
Computing volumes of the grid elements.
Min. volume: 0.000149717, max. volume: 36.5789.

# FGMRES residual history
# Residual tolerance target = 1e-10
# Initial residual norm     = 1.05922e-07
     0     1
# FGMRES final (true) residual:
# Iteration = 4: |res|/|res0| = 2.5149e-11.

Computing volumes of the grid elements.
Non-linear iter.: 165/500. Linear iter.: 4. Min. area: 0.000149713. Error: 2.5149e-11.
Computing volumes of the grid elements.
Min. volume: 0.000149713, max. volume: 36.579.

# FGMRES residual history
# Residual tolerance target = 1e-10
# Initial residual norm     = 1.05931e-07
     0     1
# FGMRES final (true) residual:
# Iteration = 4: |res|/|res0| = 2.51475e-11.

Computing volumes of the grid elements.
Non-linear iter.: 166/500. Linear iter.: 4. Min. area: 0.000149709. Error: 2.51475e-11.
Computing volumes of the grid elements.
Min. volume: 0.000149709, max. volume: 36.5791.

# FGMRES residual history
# Residual tolerance target = 1e-10
# Initial residual norm     = 1.0594e-07
     0     1
# FGMRES final (true) residual:
# Iteration = 4: |res|/|res0| = 2.5146e-11.

Computing volumes of the grid elements.
Non-linear iter.: 167/500. Linear iter.: 4. Min. area: 0.000149706. Error: 2.5146e-11.
Computing volumes of the grid elements.
Min. volume: 0.000149706, max. volume: 36.5792.

# FGMRES residual history
# Residual tolerance target = 1e-10
# Initial residual norm     = 1.05948e-07
     0     1
# FGMRES final (true) residual:
# Iteration = 4: |res|/|res0| = 2.51445e-11.

Computing volumes of the grid elements.
Non-linear iter.: 168/500. Linear iter.: 4. Min. area: 0.000149702. Error: 2.51445e-11.
Computing volumes of the grid elements.
Min. volume: 0.000149702, max. volume: 36.5793.

# FGMRES residual history
# Residual tolerance target = 1e-10
# Initial residual norm     = 1.05957e-07
     0     1
# FGMRES final (true) residual:
# Iteration = 4: |res|/|res0| = 2.5143e-11.

Computing volumes of the grid elements.
Non-linear iter.: 169/500. Linear iter.: 4. Min. area: 0.000149698. Error: 2.5143e-11.
Computing volumes of the grid elements.
Min. volume: 0.000149698, max. volume: 36.5794.

# FGMRES residual history
# Residual tolerance target = 1e-10
# Initial residual norm     = 1.05966e-07
     0     1
# FGMRES final (true) residual:
# Iteration = 4: |res|/|res0| = 2.51416e-11.

Computing volumes of the grid elements.
Non-linear iter.: 170/500. Linear iter.: 4. Min. area: 0.000149694. Error: 2.51416e-11.
Computing volumes of the grid elements.
Min. volume: 0.000149694, max. volume: 36.5794.

# FGMRES residual history
# Residual tolerance target = 1e-10
# Initial residual norm     = 1.05975e-07
     0     1
# FGMRES final (true) residual:
# Iteration = 4: |res|/|res0| = 2.51401e-11.

Computing volumes of the grid elements.
Non-linear iter.: 171/500. Linear iter.: 4. Min. area: 0.00014969. Error: 2.51401e-11.
Computing volumes of the grid elements.
Min. volume: 0.00014969, max. volume: 36.5795.

# FGMRES residual history
# Residual tolerance target = 1e-10
# Initial residual norm     = 1.05983e-07
     0     1
# FGMRES final (true) residual:
# Iteration = 4: |res|/|res0| = 2.51386e-11.

Computing volumes of the grid elements.
Non-linear iter.: 172/500. Linear iter.: 4. Min. area: 0.000149686. Error: 2.51386e-11.
Computing volumes of the grid elements.
Min. volume: 0.000149686, max. volume: 36.5796.

# FGMRES residual history
# Residual tolerance target = 1e-10
# Initial residual norm     = 1.05992e-07
     0     1
# FGMRES final (true) residual:
# Iteration = 4: |res|/|res0| = 2.51371e-11.

Computing volumes of the grid elements.
Non-linear iter.: 173/500. Linear iter.: 4. Min. area: 0.000149682. Error: 2.51371e-11.
Computing volumes of the grid elements.
Min. volume: 0.000149682, max. volume: 36.5797.

# FGMRES residual history
# Residual tolerance target = 1e-10
# Initial residual norm     = 1.06001e-07
     0     1
# FGMRES final (true) residual:
# Iteration = 4: |res|/|res0| = 2.51356e-11.

Computing volumes of the grid elements.
Non-linear iter.: 174/500. Linear iter.: 4. Min. area: 0.000149679. Error: 2.51356e-11.
Computing volumes of the grid elements.
Min. volume: 0.000149679, max. volume: 36.5798.

# FGMRES residual history
# Residual tolerance target = 1e-10
# Initial residual norm     = 1.0601e-07
     0     1
# FGMRES final (true) residual:
# Iteration = 4: |res|/|res0| = 2.51341e-11.

Computing volumes of the grid elements.
Non-linear iter.: 175/500. Linear iter.: 4. Min. area: 0.000149675. Error: 2.51341e-11.
Computing volumes of the grid elements.
Min. volume: 0.000149675, max. volume: 36.5799.

# FGMRES residual history
# Residual tolerance target = 1e-10
# Initial residual norm     = 1.06018e-07
     0     1
# FGMRES final (true) residual:
# Iteration = 4: |res|/|res0| = 2.51326e-11.

Computing volumes of the grid elements.
Non-linear iter.: 176/500. Linear iter.: 4. Min. area: 0.000149671. Error: 2.51326e-11.
Computing volumes of the grid elements.
Min. volume: 0.000149671, max. volume: 36.58.

# FGMRES residual history
# Residual tolerance target = 1e-10
# Initial residual norm     = 1.06027e-07
     0     1
# FGMRES final (true) residual:
# Iteration = 4: |res|/|res0| = 2.51311e-11.

Computing volumes of the grid elements.
Non-linear iter.: 177/500. Linear iter.: 4. Min. area: 0.000149667. Error: 2.51311e-11.
Computing volumes of the grid elements.
Min. volume: 0.000149667, max. volume: 36.58.

# FGMRES residual history
# Residual tolerance target = 1e-10
# Initial residual norm     = 1.06036e-07
     0     1
# FGMRES final (true) residual:
# Iteration = 4: |res|/|res0| = 2.51296e-11.

Computing volumes of the grid elements.
Non-linear iter.: 178/500. Linear iter.: 4. Min. area: 0.000149663. Error: 2.51296e-11.
Computing volumes of the grid elements.
Min. volume: 0.000149663, max. volume: 36.5801.

# FGMRES residual history
# Residual tolerance target = 1e-10
# Initial residual norm     = 1.06045e-07
     0     1
# FGMRES final (true) residual:
# Iteration = 4: |res|/|res0| = 2.51281e-11.

Computing volumes of the grid elements.
Non-linear iter.: 179/500. Linear iter.: 4. Min. area: 0.000149659. Error: 2.51281e-11.
Computing volumes of the grid elements.
Min. volume: 0.000149659, max. volume: 36.5802.

# FGMRES residual history
# Residual tolerance target = 1e-10
# Initial residual norm     = 1.06054e-07
     0     1
# FGMRES final (true) residual:
# Iteration = 4: |res|/|res0| = 2.51266e-11.

Computing volumes of the grid elements.
Non-linear iter.: 180/500. Linear iter.: 4. Min. area: 0.000149656. Error: 2.51266e-11.
Computing volumes of the grid elements.
Min. volume: 0.000149656, max. volume: 36.5803.

# FGMRES residual history
# Residual tolerance target = 1e-10
# Initial residual norm     = 1.06062e-07
     0     1
# FGMRES final (true) residual:
# Iteration = 4: |res|/|res0| = 2.51251e-11.

Computing volumes of the grid elements.
Non-linear iter.: 181/500. Linear iter.: 4. Min. area: 0.000149652. Error: 2.51251e-11.
Computing volumes of the grid elements.
Min. volume: 0.000149652, max. volume: 36.5804.

# FGMRES residual history
# Residual tolerance target = 1e-10
# Initial residual norm     = 1.06071e-07
     0     1
# FGMRES final (true) residual:
# Iteration = 4: |res|/|res0| = 2.51236e-11.

Computing volumes of the grid elements.
Non-linear iter.: 182/500. Linear iter.: 4. Min. area: 0.000149648. Error: 2.51236e-11.
Computing volumes of the grid elements.
Min. volume: 0.000149648, max. volume: 36.5805.

# FGMRES residual history
# Residual tolerance target = 1e-10
# Initial residual norm     = 1.0608e-07
     0     1
# FGMRES final (true) residual:
# Iteration = 4: |res|/|res0| = 2.51221e-11.

Computing volumes of the grid elements.
Non-linear iter.: 183/500. Linear iter.: 4. Min. area: 0.000149644. Error: 2.51221e-11.
Computing volumes of the grid elements.
Min. volume: 0.000149644, max. volume: 36.5806.

# FGMRES residual history
# Residual tolerance target = 1e-10
# Initial residual norm     = 1.06089e-07
     0     1
# FGMRES final (true) residual:
# Iteration = 4: |res|/|res0| = 2.51206e-11.

Computing volumes of the grid elements.
Non-linear iter.: 184/500. Linear iter.: 4. Min. area: 0.00014964. Error: 2.51206e-11.
Computing volumes of the grid elements.
Min. volume: 0.00014964, max. volume: 36.5806.

# FGMRES residual history
# Residual tolerance target = 1e-10
# Initial residual norm     = 1.06098e-07
     0     1
# FGMRES final (true) residual:
# Iteration = 4: |res|/|res0| = 2.51191e-11.

Computing volumes of the grid elements.
Non-linear iter.: 185/500. Linear iter.: 4. Min. area: 0.000149636. Error: 2.51191e-11.
Computing volumes of the grid elements.
Min. volume: 0.000149636, max. volume: 36.5807.

# FGMRES residual history
# Residual tolerance target = 1e-10
# Initial residual norm     = 1.06107e-07
     0     1
# FGMRES final (true) residual:
# Iteration = 4: |res|/|res0| = 2.51176e-11.

Computing volumes of the grid elements.
Non-linear iter.: 186/500. Linear iter.: 4. Min. area: 0.000149632. Error: 2.51176e-11.
Computing volumes of the grid elements.
Min. volume: 0.000149632, max. volume: 36.5808.

# FGMRES residual history
# Residual tolerance target = 1e-10
# Initial residual norm     = 1.06115e-07
     0     1
# FGMRES final (true) residual:
# Iteration = 4: |res|/|res0| = 2.5116e-11.

Computing volumes of the grid elements.
Non-linear iter.: 187/500. Linear iter.: 4. Min. area: 0.000149629. Error: 2.5116e-11.
Computing volumes of the grid elements.
Min. volume: 0.000149629, max. volume: 36.5809.

# FGMRES residual history
# Residual tolerance target = 1e-10
# Initial residual norm     = 1.06124e-07
     0     1
# FGMRES final (true) residual:
# Iteration = 4: |res|/|res0| = 2.51145e-11.

Computing volumes of the grid elements.
Non-linear iter.: 188/500. Linear iter.: 4. Min. area: 0.000149625. Error: 2.51145e-11.
Computing volumes of the grid elements.
Min. volume: 0.000149625, max. volume: 36.581.

# FGMRES residual history
# Residual tolerance target = 1e-10
# Initial residual norm     = 1.06133e-07
     0     1
# FGMRES final (true) residual:
# Iteration = 4: |res|/|res0| = 2.5113e-11.

Computing volumes of the grid elements.
Non-linear iter.: 189/500. Linear iter.: 4. Min. area: 0.000149621. Error: 2.5113e-11.
Computing volumes of the grid elements.
Min. volume: 0.000149621, max. volume: 36.5811.

# FGMRES residual history
# Residual tolerance target = 1e-10
# Initial residual norm     = 1.06142e-07
     0     1
# FGMRES final (true) residual:
# Iteration = 4: |res|/|res0| = 2.51115e-11.

Computing volumes of the grid elements.
Non-linear iter.: 190/500. Linear iter.: 4. Min. area: 0.000149617. Error: 2.51115e-11.
Computing volumes of the grid elements.
Min. volume: 0.000149617, max. volume: 36.5811.

# FGMRES residual history
# Residual tolerance target = 1e-10
# Initial residual norm     = 1.06151e-07
     0     1
# FGMRES final (true) residual:
# Iteration = 4: |res|/|res0| = 2.51099e-11.

Computing volumes of the grid elements.
Non-linear iter.: 191/500. Linear iter.: 4. Min. area: 0.000149613. Error: 2.51099e-11.
Computing volumes of the grid elements.
Min. volume: 0.000149613, max. volume: 36.5812.

# FGMRES residual history
# Residual tolerance target = 1e-10
# Initial residual norm     = 1.0616e-07
     0     1
# FGMRES final (true) residual:
# Iteration = 4: |res|/|res0| = 2.51084e-11.

Computing volumes of the grid elements.
Non-linear iter.: 192/500. Linear iter.: 4. Min. area: 0.000149609. Error: 2.51084e-11.
Computing volumes of the grid elements.
Min. volume: 0.000149609, max. volume: 36.5813.

# FGMRES residual history
# Residual tolerance target = 1e-10
# Initial residual norm     = 1.06169e-07
     0     1
# FGMRES final (true) residual:
# Iteration = 4: |res|/|res0| = 2.51069e-11.

Computing volumes of the grid elements.
Non-linear iter.: 193/500. Linear iter.: 4. Min. area: 0.000149606. Error: 2.51069e-11.
Computing volumes of the grid elements.
Min. volume: 0.000149606, max. volume: 36.5814.

# FGMRES residual history
# Residual tolerance target = 1e-10
# Initial residual norm     = 1.06178e-07
     0     1
# FGMRES final (true) residual:
# Iteration = 4: |res|/|res0| = 2.51053e-11.

Computing volumes of the grid elements.
Non-linear iter.: 194/500. Linear iter.: 4. Min. area: 0.000149602. Error: 2.51053e-11.
Computing volumes of the grid elements.
Min. volume: 0.000149602, max. volume: 36.5815.

# FGMRES residual history
# Residual tolerance target = 1e-10
# Initial residual norm     = 1.06187e-07
     0     1
# FGMRES final (true) residual:
# Iteration = 4: |res|/|res0| = 2.51038e-11.

Computing volumes of the grid elements.
Non-linear iter.: 195/500. Linear iter.: 4. Min. area: 0.000149598. Error: 2.51038e-11.
Computing volumes of the grid elements.
Min. volume: 0.000149598, max. volume: 36.5816.

# FGMRES residual history
# Residual tolerance target = 1e-10
# Initial residual norm     = 1.06196e-07
     0     1
# FGMRES final (true) residual:
# Iteration = 4: |res|/|res0| = 2.51023e-11.

Computing volumes of the grid elements.
Non-linear iter.: 196/500. Linear iter.: 4. Min. area: 0.000149594. Error: 2.51023e-11.
Computing volumes of the grid elements.
Min. volume: 0.000149594, max. volume: 36.5817.

# FGMRES residual history
# Residual tolerance target = 1e-10
# Initial residual norm     = 1.06204e-07
     0     1
# FGMRES final (true) residual:
# Iteration = 4: |res|/|res0| = 2.51007e-11.

Computing volumes of the grid elements.
Non-linear iter.: 197/500. Linear iter.: 4. Min. area: 0.00014959. Error: 2.51007e-11.
Computing volumes of the grid elements.
Min. volume: 0.00014959, max. volume: 36.5817.

# FGMRES residual history
# Residual tolerance target = 1e-10
# Initial residual norm     = 1.06213e-07
     0     1
# FGMRES final (true) residual:
# Iteration = 4: |res|/|res0| = 2.50992e-11.

Computing volumes of the grid elements.
Non-linear iter.: 198/500. Linear iter.: 4. Min. area: 0.000149586. Error: 2.50992e-11.
Computing volumes of the grid elements.
Min. volume: 0.000149586, max. volume: 36.5818.

# FGMRES residual history
# Residual tolerance target = 1e-10
# Initial residual norm     = 1.06222e-07
     0     1
# FGMRES final (true) residual:
# Iteration = 4: |res|/|res0| = 2.50977e-11.

Computing volumes of the grid elements.
Non-linear iter.: 199/500. Linear iter.: 4. Min. area: 0.000149583. Error: 2.50977e-11.
Computing volumes of the grid elements.
Min. volume: 0.000149583, max. volume: 36.5819.

# FGMRES residual history
# Residual tolerance target = 1e-10
# Initial residual norm     = 1.06231e-07
     0     1
# FGMRES final (true) residual:
# Iteration = 4: |res|/|res0| = 2.50961e-11.

Computing volumes of the grid elements.
Non-linear iter.: 200/500. Linear iter.: 4. Min. area: 0.000149579. Error: 2.50961e-11.
Computing volumes of the grid elements.
Min. volume: 0.000149579, max. volume: 36.582.

# FGMRES residual history
# Residual tolerance target = 1e-10
# Initial residual norm     = 1.0624e-07
     0     1
# FGMRES final (true) residual:
# Iteration = 4: |res|/|res0| = 2.50946e-11.

Computing volumes of the grid elements.
Non-linear iter.: 201/500. Linear iter.: 4. Min. area: 0.000149575. Error: 2.50946e-11.
Computing volumes of the grid elements.
Min. volume: 0.000149575, max. volume: 36.5821.

# FGMRES residual history
# Residual tolerance target = 1e-10
# Initial residual norm     = 1.06249e-07
     0     1
# FGMRES final (true) residual:
# Iteration = 4: |res|/|res0| = 2.5093e-11.

Computing volumes of the grid elements.
Non-linear iter.: 202/500. Linear iter.: 4. Min. area: 0.000149571. Error: 2.5093e-11.
Computing volumes of the grid elements.
Min. volume: 0.000149571, max. volume: 36.5822.

# FGMRES residual history
# Residual tolerance target = 1e-10
# Initial residual norm     = 1.06258e-07
     0     1
# FGMRES final (true) residual:
# Iteration = 4: |res|/|res0| = 2.50915e-11.

Computing volumes of the grid elements.
Non-linear iter.: 203/500. Linear iter.: 4. Min. area: 0.000149567. Error: 2.50915e-11.
Computing volumes of the grid elements.
Min. volume: 0.000149567, max. volume: 36.5823.

# FGMRES residual history
# Residual tolerance target = 1e-10
# Initial residual norm     = 1.06267e-07
     0     1
# FGMRES final (true) residual:
# Iteration = 4: |res|/|res0| = 2.50899e-11.

Computing volumes of the grid elements.
Non-linear iter.: 204/500. Linear iter.: 4. Min. area: 0.000149563. Error: 2.50899e-11.
Computing volumes of the grid elements.
Min. volume: 0.000149563, max. volume: 36.5823.

# FGMRES residual history
# Residual tolerance target = 1e-10
# Initial residual norm     = 1.06276e-07
     0     1
# FGMRES final (true) residual:
# Iteration = 4: |res|/|res0| = 2.50883e-11.

Computing volumes of the grid elements.
Non-linear iter.: 205/500. Linear iter.: 4. Min. area: 0.000149559. Error: 2.50883e-11.
Computing volumes of the grid elements.
Min. volume: 0.000149559, max. volume: 36.5824.

# FGMRES residual history
# Residual tolerance target = 1e-10
# Initial residual norm     = 1.06285e-07
     0     1
# FGMRES final (true) residual:
# Iteration = 4: |res|/|res0| = 2.50868e-11.

Computing volumes of the grid elements.
Non-linear iter.: 206/500. Linear iter.: 4. Min. area: 0.000149556. Error: 2.50868e-11.
Computing volumes of the grid elements.
Min. volume: 0.000149556, max. volume: 36.5825.

# FGMRES residual history
# Residual tolerance target = 1e-10
# Initial residual norm     = 1.06294e-07
     0     1
# FGMRES final (true) residual:
# Iteration = 4: |res|/|res0| = 2.50852e-11.

Computing volumes of the grid elements.
Non-linear iter.: 207/500. Linear iter.: 4. Min. area: 0.000149552. Error: 2.50852e-11.
Computing volumes of the grid elements.
Min. volume: 0.000149552, max. volume: 36.5826.

# FGMRES residual history
# Residual tolerance target = 1e-10
# Initial residual norm     = 1.06303e-07
     0     1
# FGMRES final (true) residual:
# Iteration = 4: |res|/|res0| = 2.50837e-11.

Computing volumes of the grid elements.
Non-linear iter.: 208/500. Linear iter.: 4. Min. area: 0.000149548. Error: 2.50837e-11.
Computing volumes of the grid elements.
Min. volume: 0.000149548, max. volume: 36.5827.

# FGMRES residual history
# Residual tolerance target = 1e-10
# Initial residual norm     = 1.06312e-07
     0     1
# FGMRES final (true) residual:
# Iteration = 4: |res|/|res0| = 2.50821e-11.

Computing volumes of the grid elements.
Non-linear iter.: 209/500. Linear iter.: 4. Min. area: 0.000149544. Error: 2.50821e-11.
Computing volumes of the grid elements.
Min. volume: 0.000149544, max. volume: 36.5828.

# FGMRES residual history
# Residual tolerance target = 1e-10
# Initial residual norm     = 1.06321e-07
     0     1
# FGMRES final (true) residual:
# Iteration = 4: |res|/|res0| = 2.50805e-11.

Computing volumes of the grid elements.
Non-linear iter.: 210/500. Linear iter.: 4. Min. area: 0.00014954. Error: 2.50805e-11.
Computing volumes of the grid elements.
Min. volume: 0.00014954, max. volume: 36.5829.

# FGMRES residual history
# Residual tolerance target = 1e-10
# Initial residual norm     = 1.0633e-07
     0     1
# FGMRES final (true) residual:
# Iteration = 4: |res|/|res0| = 2.5079e-11.

Computing volumes of the grid elements.
Non-linear iter.: 211/500. Linear iter.: 4. Min. area: 0.000149537. Error: 2.5079e-11.
Computing volumes of the grid elements.
Min. volume: 0.000149537, max. volume: 36.5829.

# FGMRES residual history
# Residual tolerance target = 1e-10
# Initial residual norm     = 1.06339e-07
     0     1
# FGMRES final (true) residual:
# Iteration = 4: |res|/|res0| = 2.50774e-11.

Computing volumes of the grid elements.
Non-linear iter.: 212/500. Linear iter.: 4. Min. area: 0.000149533. Error: 2.50774e-11.
Computing volumes of the grid elements.
Min. volume: 0.000149533, max. volume: 36.583.

# FGMRES residual history
# Residual tolerance target = 1e-10
# Initial residual norm     = 1.06348e-07
     0     1
# FGMRES final (true) residual:
# Iteration = 4: |res|/|res0| = 2.50758e-11.

Computing volumes of the grid elements.
Non-linear iter.: 213/500. Linear iter.: 4. Min. area: 0.000149529. Error: 2.50758e-11.
Computing volumes of the grid elements.
Min. volume: 0.000149529, max. volume: 36.5831.

# FGMRES residual history
# Residual tolerance target = 1e-10
# Initial residual norm     = 1.06357e-07
     0     1
# FGMRES final (true) residual:
# Iteration = 4: |res|/|res0| = 2.50742e-11.

Computing volumes of the grid elements.
Non-linear iter.: 214/500. Linear iter.: 4. Min. area: 0.000149525. Error: 2.50742e-11.
Computing volumes of the grid elements.
Min. volume: 0.000149525, max. volume: 36.5832.

# FGMRES residual history
# Residual tolerance target = 1e-10
# Initial residual norm     = 1.06366e-07
     0     1
# FGMRES final (true) residual:
# Iteration = 4: |res|/|res0| = 2.50727e-11.

Computing volumes of the grid elements.
Non-linear iter.: 215/500. Linear iter.: 4. Min. area: 0.000149521. Error: 2.50727e-11.
Computing volumes of the grid elements.
Min. volume: 0.000149521, max. volume: 36.5833.

# FGMRES residual history
# Residual tolerance target = 1e-10
# Initial residual norm     = 1.06376e-07
     0     1
# FGMRES final (true) residual:
# Iteration = 4: |res|/|res0| = 2.50711e-11.

Computing volumes of the grid elements.
Non-linear iter.: 216/500. Linear iter.: 4. Min. area: 0.000149517. Error: 2.50711e-11.
Computing volumes of the grid elements.
Min. volume: 0.000149517, max. volume: 36.5834.

# FGMRES residual history
# Residual tolerance target = 1e-10
# Initial residual norm     = 1.06385e-07
     0     1
# FGMRES final (true) residual:
# Iteration = 4: |res|/|res0| = 2.50695e-11.

Computing volumes of the grid elements.
Non-linear iter.: 217/500. Linear iter.: 4. Min. area: 0.000149514. Error: 2.50695e-11.
Computing volumes of the grid elements.
Min. volume: 0.000149514, max. volume: 36.5835.

# FGMRES residual history
# Residual tolerance target = 1e-10
# Initial residual norm     = 1.06394e-07
     0     1
# FGMRES final (true) residual:
# Iteration = 4: |res|/|res0| = 2.50679e-11.

Computing volumes of the grid elements.
Non-linear iter.: 218/500. Linear iter.: 4. Min. area: 0.00014951. Error: 2.50679e-11.
Computing volumes of the grid elements.
Min. volume: 0.00014951, max. volume: 36.5835.

# FGMRES residual history
# Residual tolerance target = 1e-10
# Initial residual norm     = 1.06403e-07
     0     1
# FGMRES final (true) residual:
# Iteration = 4: |res|/|res0| = 2.50663e-11.

Computing volumes of the grid elements.
Non-linear iter.: 219/500. Linear iter.: 4. Min. area: 0.000149506. Error: 2.50663e-11.
Computing volumes of the grid elements.
Min. volume: 0.000149506, max. volume: 36.5836.

# FGMRES residual history
# Residual tolerance target = 1e-10
# Initial residual norm     = 1.06412e-07
     0     1
# FGMRES final (true) residual:
# Iteration = 4: |res|/|res0| = 2.50647e-11.

Computing volumes of the grid elements.
Non-linear iter.: 220/500. Linear iter.: 4. Min. area: 0.000149502. Error: 2.50647e-11.
Computing volumes of the grid elements.
Min. volume: 0.000149502, max. volume: 36.5837.

# FGMRES residual history
# Residual tolerance target = 1e-10
# Initial residual norm     = 1.06421e-07
     0     1
# FGMRES final (true) residual:
# Iteration = 4: |res|/|res0| = 2.50632e-11.

Computing volumes of the grid elements.
Non-linear iter.: 221/500. Linear iter.: 4. Min. area: 0.000149498. Error: 2.50632e-11.
Computing volumes of the grid elements.
Min. volume: 0.000149498, max. volume: 36.5838.

# FGMRES residual history
# Residual tolerance target = 1e-10
# Initial residual norm     = 1.0643e-07
     0     1
# FGMRES final (true) residual:
# Iteration = 4: |res|/|res0| = 2.50616e-11.

Computing volumes of the grid elements.
Non-linear iter.: 222/500. Linear iter.: 4. Min. area: 0.000149494. Error: 2.50616e-11.
Computing volumes of the grid elements.
Min. volume: 0.000149494, max. volume: 36.5839.

# FGMRES residual history
# Residual tolerance target = 1e-10
# Initial residual norm     = 1.06439e-07
     0     1
# FGMRES final (true) residual:
# Iteration = 4: |res|/|res0| = 2.506e-11.

Computing volumes of the grid elements.
Non-linear iter.: 223/500. Linear iter.: 4. Min. area: 0.000149491. Error: 2.506e-11.
Computing volumes of the grid elements.
Min. volume: 0.000149491, max. volume: 36.584.

# FGMRES residual history
# Residual tolerance target = 1e-10
# Initial residual norm     = 1.06448e-07
     0     1
# FGMRES final (true) residual:
# Iteration = 4: |res|/|res0| = 2.50584e-11.

Computing volumes of the grid elements.
Non-linear iter.: 224/500. Linear iter.: 4. Min. area: 0.000149487. Error: 2.50584e-11.
Computing volumes of the grid elements.
Min. volume: 0.000149487, max. volume: 36.5841.

# FGMRES residual history
# Residual tolerance target = 1e-10
# Initial residual norm     = 1.06457e-07
     0     1
# FGMRES final (true) residual:
# Iteration = 4: |res|/|res0| = 2.50568e-11.

Computing volumes of the grid elements.
Non-linear iter.: 225/500. Linear iter.: 4. Min. area: 0.000149483. Error: 2.50568e-11.
Computing volumes of the grid elements.
Min. volume: 0.000149483, max. volume: 36.5841.

# FGMRES residual history
# Residual tolerance target = 1e-10
# Initial residual norm     = 1.06467e-07
     0     1
# FGMRES final (true) residual:
# Iteration = 4: |res|/|res0| = 2.50552e-11.

Computing volumes of the grid elements.
Non-linear iter.: 226/500. Linear iter.: 4. Min. area: 0.000149479. Error: 2.50552e-11.
Computing volumes of the grid elements.
Min. volume: 0.000149479, max. volume: 36.5842.

# FGMRES residual history
# Residual tolerance target = 1e-10
# Initial residual norm     = 1.06476e-07
     0     1
# FGMRES final (true) residual:
# Iteration = 4: |res|/|res0| = 2.50536e-11.

Computing volumes of the grid elements.
Non-linear iter.: 227/500. Linear iter.: 4. Min. area: 0.000149475. Error: 2.50536e-11.
Computing volumes of the grid elements.
Min. volume: 0.000149475, max. volume: 36.5843.

# FGMRES residual history
# Residual tolerance target = 1e-10
# Initial residual norm     = 1.06485e-07
     0     1
# FGMRES final (true) residual:
# Iteration = 4: |res|/|res0| = 2.5052e-11.

Computing volumes of the grid elements.
Non-linear iter.: 228/500. Linear iter.: 4. Min. area: 0.000149471. Error: 2.5052e-11.
Computing volumes of the grid elements.
Min. volume: 0.000149471, max. volume: 36.5844.

# FGMRES residual history
# Residual tolerance target = 1e-10
# Initial residual norm     = 1.06494e-07
     0     1
# FGMRES final (true) residual:
# Iteration = 4: |res|/|res0| = 2.50504e-11.

Computing volumes of the grid elements.
Non-linear iter.: 229/500. Linear iter.: 4. Min. area: 0.000149468. Error: 2.50504e-11.
Computing volumes of the grid elements.
Min. volume: 0.000149468, max. volume: 36.5845.

# FGMRES residual history
# Residual tolerance target = 1e-10
# Initial residual norm     = 1.06503e-07
     0     1
# FGMRES final (true) residual:
# Iteration = 4: |res|/|res0| = 2.50488e-11.

Computing volumes of the grid elements.
Non-linear iter.: 230/500. Linear iter.: 4. Min. area: 0.000149464. Error: 2.50488e-11.
Computing volumes of the grid elements.
Min. volume: 0.000149464, max. volume: 36.5846.

# FGMRES residual history
# Residual tolerance target = 1e-10
# Initial residual norm     = 1.06512e-07
     0     1
# FGMRES final (true) residual:
# Iteration = 4: |res|/|res0| = 2.50472e-11.

Computing volumes of the grid elements.
Non-linear iter.: 231/500. Linear iter.: 4. Min. area: 0.00014946. Error: 2.50472e-11.
Computing volumes of the grid elements.
Min. volume: 0.00014946, max. volume: 36.5847.

# FGMRES residual history
# Residual tolerance target = 1e-10
# Initial residual norm     = 1.06522e-07
     0     1
# FGMRES final (true) residual:
# Iteration = 4: |res|/|res0| = 2.50455e-11.

Computing volumes of the grid elements.
Non-linear iter.: 232/500. Linear iter.: 4. Min. area: 0.000149456. Error: 2.50455e-11.
Computing volumes of the grid elements.
Min. volume: 0.000149456, max. volume: 36.5847.

# FGMRES residual history
# Residual tolerance target = 1e-10
# Initial residual norm     = 1.06531e-07
     0     1
# FGMRES final (true) residual:
# Iteration = 4: |res|/|res0| = 2.50439e-11.

Computing volumes of the grid elements.
Non-linear iter.: 233/500. Linear iter.: 4. Min. area: 0.000149452. Error: 2.50439e-11.
Computing volumes of the grid elements.
Min. volume: 0.000149452, max. volume: 36.5848.

# FGMRES residual history
# Residual tolerance target = 1e-10
# Initial residual norm     = 1.0654e-07
     0     1
# FGMRES final (true) residual:
# Iteration = 4: |res|/|res0| = 2.50423e-11.

Computing volumes of the grid elements.
Non-linear iter.: 234/500. Linear iter.: 4. Min. area: 0.000149449. Error: 2.50423e-11.
Computing volumes of the grid elements.
Min. volume: 0.000149449, max. volume: 36.5849.

# FGMRES residual history
# Residual tolerance target = 1e-10
# Initial residual norm     = 1.06549e-07
     0     1
# FGMRES final (true) residual:
# Iteration = 4: |res|/|res0| = 2.50407e-11.

Computing volumes of the grid elements.
Non-linear iter.: 235/500. Linear iter.: 4. Min. area: 0.000149445. Error: 2.50407e-11.
Computing volumes of the grid elements.
Min. volume: 0.000149445, max. volume: 36.585.

# FGMRES residual history
# Residual tolerance target = 1e-10
# Initial residual norm     = 1.06558e-07
     0     1
# FGMRES final (true) residual:
# Iteration = 4: |res|/|res0| = 2.50391e-11.

Computing volumes of the grid elements.
Non-linear iter.: 236/500. Linear iter.: 4. Min. area: 0.000149441. Error: 2.50391e-11.
Computing volumes of the grid elements.
Min. volume: 0.000149441, max. volume: 36.5851.

# FGMRES residual history
# Residual tolerance target = 1e-10
# Initial residual norm     = 1.06568e-07
     0     1
# FGMRES final (true) residual:
# Iteration = 4: |res|/|res0| = 2.50375e-11.

Computing volumes of the grid elements.
Non-linear iter.: 237/500. Linear iter.: 4. Min. area: 0.000149437. Error: 2.50375e-11.
Computing volumes of the grid elements.
Min. volume: 0.000149437, max. volume: 36.5852.

# FGMRES residual history
# Residual tolerance target = 1e-10
# Initial residual norm     = 1.06577e-07
     0     1
# FGMRES final (true) residual:
# Iteration = 4: |res|/|res0| = 2.50358e-11.

Computing volumes of the grid elements.
Non-linear iter.: 238/500. Linear iter.: 4. Min. area: 0.000149433. Error: 2.50358e-11.
Computing volumes of the grid elements.
Min. volume: 0.000149433, max. volume: 36.5853.

# FGMRES residual history
# Residual tolerance target = 1e-10
# Initial residual norm     = 1.06586e-07
     0     1
# FGMRES final (true) residual:
# Iteration = 4: |res|/|res0| = 2.50342e-11.

Computing volumes of the grid elements.
Non-linear iter.: 239/500. Linear iter.: 4. Min. area: 0.000149429. Error: 2.50342e-11.
Computing volumes of the grid elements.
Min. volume: 0.000149429, max. volume: 36.5853.

# FGMRES residual history
# Residual tolerance target = 1e-10
# Initial residual norm     = 1.06595e-07
     0     1
# FGMRES final (true) residual:
# Iteration = 4: |res|/|res0| = 2.50326e-11.

Computing volumes of the grid elements.
Non-linear iter.: 240/500. Linear iter.: 4. Min. area: 0.000149426. Error: 2.50326e-11.
Computing volumes of the grid elements.
Min. volume: 0.000149426, max. volume: 36.5854.

# FGMRES residual history
# Residual tolerance target = 1e-10
# Initial residual norm     = 1.06605e-07
     0     1
# FGMRES final (true) residual:
# Iteration = 4: |res|/|res0| = 2.5031e-11.

Computing volumes of the grid elements.
Non-linear iter.: 241/500. Linear iter.: 4. Min. area: 0.000149422. Error: 2.5031e-11.
Computing volumes of the grid elements.
Min. volume: 0.000149422, max. volume: 36.5855.

# FGMRES residual history
# Residual tolerance target = 1e-10
# Initial residual norm     = 1.06614e-07
     0     1
# FGMRES final (true) residual:
# Iteration = 4: |res|/|res0| = 2.50293e-11.

Computing volumes of the grid elements.
Non-linear iter.: 242/500. Linear iter.: 4. Min. area: 0.000149418. Error: 2.50293e-11.
Computing volumes of the grid elements.
Min. volume: 0.000149418, max. volume: 36.5856.

# FGMRES residual history
# Residual tolerance target = 1e-10
# Initial residual norm     = 1.06623e-07
     0     1
# FGMRES final (true) residual:
# Iteration = 4: |res|/|res0| = 2.50277e-11.

Computing volumes of the grid elements.
Non-linear iter.: 243/500. Linear iter.: 4. Min. area: 0.000149414. Error: 2.50277e-11.
Computing volumes of the grid elements.
Min. volume: 0.000149414, max. volume: 36.5857.

# FGMRES residual history
# Residual tolerance target = 1e-10
# Initial residual norm     = 1.06632e-07
     0     1
# FGMRES final (true) residual:
# Iteration = 4: |res|/|res0| = 2.50261e-11.

Computing volumes of the grid elements.
Non-linear iter.: 244/500. Linear iter.: 4. Min. area: 0.00014941. Error: 2.50261e-11.
Computing volumes of the grid elements.
Min. volume: 0.00014941, max. volume: 36.5858.

# FGMRES residual history
# Residual tolerance target = 1e-10
# Initial residual norm     = 1.06642e-07
     0     1
# FGMRES final (true) residual:
# Iteration = 4: |res|/|res0| = 2.50244e-11.

Computing volumes of the grid elements.
Non-linear iter.: 245/500. Linear iter.: 4. Min. area: 0.000149407. Error: 2.50244e-11.
Computing volumes of the grid elements.
Min. volume: 0.000149407, max. volume: 36.5859.

# FGMRES residual history
# Residual tolerance target = 1e-10
# Initial residual norm     = 1.06651e-07
     0     1
# FGMRES final (true) residual:
# Iteration = 4: |res|/|res0| = 2.50228e-11.

Computing volumes of the grid elements.
Non-linear iter.: 246/500. Linear iter.: 4. Min. area: 0.000149403. Error: 2.50228e-11.
Computing volumes of the grid elements.
Min. volume: 0.000149403, max. volume: 36.586.

# FGMRES residual history
# Residual tolerance target = 1e-10
# Initial residual norm     = 1.0666e-07
     0     1
# FGMRES final (true) residual:
# Iteration = 4: |res|/|res0| = 2.50211e-11.

Computing volumes of the grid elements.
Non-linear iter.: 247/500. Linear iter.: 4. Min. area: 0.000149399. Error: 2.50211e-11.
Computing volumes of the grid elements.
Min. volume: 0.000149399, max. volume: 36.586.

# FGMRES residual history
# Residual tolerance target = 1e-10
# Initial residual norm     = 1.06669e-07
     0     1
# FGMRES final (true) residual:
# Iteration = 4: |res|/|res0| = 2.50195e-11.

Computing volumes of the grid elements.
Non-linear iter.: 248/500. Linear iter.: 4. Min. area: 0.000149395. Error: 2.50195e-11.
Computing volumes of the grid elements.
Min. volume: 0.000149395, max. volume: 36.5861.

# FGMRES residual history
# Residual tolerance target = 1e-10
# Initial residual norm     = 1.06679e-07
     0     1
# FGMRES final (true) residual:
# Iteration = 4: |res|/|res0| = 2.50179e-11.

Computing volumes of the grid elements.
Non-linear iter.: 249/500. Linear iter.: 4. Min. area: 0.000149391. Error: 2.50179e-11.
Computing volumes of the grid elements.
Min. volume: 0.000149391, max. volume: 36.5862.

# FGMRES residual history
# Residual tolerance target = 1e-10
# Initial residual norm     = 1.06688e-07
     0     1
# FGMRES final (true) residual:
# Iteration = 4: |res|/|res0| = 2.50162e-11.

Computing volumes of the grid elements.
Non-linear iter.: 250/500. Linear iter.: 4. Min. area: 0.000149388. Error: 2.50162e-11.
Computing volumes of the grid elements.
Min. volume: 0.000149388, max. volume: 36.5863.

# FGMRES residual history
# Residual tolerance target = 1e-10
# Initial residual norm     = 1.06697e-07
     0     1
# FGMRES final (true) residual:
# Iteration = 4: |res|/|res0| = 2.50146e-11.

Computing volumes of the grid elements.
Non-linear iter.: 251/500. Linear iter.: 4. Min. area: 0.000149384. Error: 2.50146e-11.
Computing volumes of the grid elements.
Min. volume: 0.000149384, max. volume: 36.5864.

# FGMRES residual history
# Residual tolerance target = 1e-10
# Initial residual norm     = 1.06707e-07
     0     1
# FGMRES final (true) residual:
# Iteration = 4: |res|/|res0| = 2.50129e-11.

Computing volumes of the grid elements.
Non-linear iter.: 252/500. Linear iter.: 4. Min. area: 0.00014938. Error: 2.50129e-11.
Computing volumes of the grid elements.
Min. volume: 0.00014938, max. volume: 36.5865.

# FGMRES residual history
# Residual tolerance target = 1e-10
# Initial residual norm     = 1.06716e-07
     0     1
# FGMRES final (true) residual:
# Iteration = 4: |res|/|res0| = 2.50113e-11.

Computing volumes of the grid elements.
Non-linear iter.: 253/500. Linear iter.: 4. Min. area: 0.000149376. Error: 2.50113e-11.
Computing volumes of the grid elements.
Min. volume: 0.000149376, max. volume: 36.5866.

# FGMRES residual history
# Residual tolerance target = 1e-10
# Initial residual norm     = 1.06725e-07
     0     1
# FGMRES final (true) residual:
# Iteration = 4: |res|/|res0| = 2.50096e-11.

Computing volumes of the grid elements.
Non-linear iter.: 254/500. Linear iter.: 4. Min. area: 0.000149372. Error: 2.50096e-11.
Computing volumes of the grid elements.
Min. volume: 0.000149372, max. volume: 36.5866.

# FGMRES residual history
# Residual tolerance target = 1e-10
# Initial residual norm     = 1.06735e-07
     0     1
# FGMRES final (true) residual:
# Iteration = 4: |res|/|res0| = 2.50079e-11.

Computing volumes of the grid elements.
Non-linear iter.: 255/500. Linear iter.: 4. Min. area: 0.000149368. Error: 2.50079e-11.
Computing volumes of the grid elements.
Min. volume: 0.000149368, max. volume: 36.5867.

# FGMRES residual history
# Residual tolerance target = 1e-10
# Initial residual norm     = 1.06744e-07
     0     1
# FGMRES final (true) residual:
# Iteration = 4: |res|/|res0| = 2.50063e-11.

Computing volumes of the grid elements.
Non-linear iter.: 256/500. Linear iter.: 4. Min. area: 0.000149365. Error: 2.50063e-11.
Computing volumes of the grid elements.
Min. volume: 0.000149365, max. volume: 36.5868.

# FGMRES residual history
# Residual tolerance target = 1e-10
# Initial residual norm     = 1.06753e-07
     0     1
# FGMRES final (true) residual:
# Iteration = 4: |res|/|res0| = 2.50046e-11.

Computing volumes of the grid elements.
Non-linear iter.: 257/500. Linear iter.: 4. Min. area: 0.000149361. Error: 2.50046e-11.
Computing volumes of the grid elements.
Min. volume: 0.000149361, max. volume: 36.5869.

# FGMRES residual history
# Residual tolerance target = 1e-10
# Initial residual norm     = 1.06763e-07
     0     1
# FGMRES final (true) residual:
# Iteration = 4: |res|/|res0| = 2.5003e-11.

Computing volumes of the grid elements.
Non-linear iter.: 258/500. Linear iter.: 4. Min. area: 0.000149357. Error: 2.5003e-11.
Computing volumes of the grid elements.
Min. volume: 0.000149357, max. volume: 36.587.

# FGMRES residual history
# Residual tolerance target = 1e-10
# Initial residual norm     = 1.06772e-07
     0     1
# FGMRES final (true) residual:
# Iteration = 4: |res|/|res0| = 2.50013e-11.

Computing volumes of the grid elements.
Non-linear iter.: 259/500. Linear iter.: 4. Min. area: 0.000149353. Error: 2.50013e-11.
Computing volumes of the grid elements.
Min. volume: 0.000149353, max. volume: 36.5871.

# FGMRES residual history
# Residual tolerance target = 1e-10
# Initial residual norm     = 1.06782e-07
     0     1
# FGMRES final (true) residual:
# Iteration = 4: |res|/|res0| = 2.49996e-11.

Computing volumes of the grid elements.
Non-linear iter.: 260/500. Linear iter.: 4. Min. area: 0.000149349. Error: 2.49996e-11.
Computing volumes of the grid elements.
Min. volume: 0.000149349, max. volume: 36.5872.

# FGMRES residual history
# Residual tolerance target = 1e-10
# Initial residual norm     = 1.06791e-07
     0     1
# FGMRES final (true) residual:
# Iteration = 4: |res|/|res0| = 2.4998e-11.

Computing volumes of the grid elements.
Non-linear iter.: 261/500. Linear iter.: 4. Min. area: 0.000149346. Error: 2.4998e-11.
Computing volumes of the grid elements.
Min. volume: 0.000149346, max. volume: 36.5873.

# FGMRES residual history
# Residual tolerance target = 1e-10
# Initial residual norm     = 1.068e-07
     0     1
# FGMRES final (true) residual:
# Iteration = 4: |res|/|res0| = 2.49963e-11.

Computing volumes of the grid elements.
Non-linear iter.: 262/500. Linear iter.: 4. Min. area: 0.000149342. Error: 2.49963e-11.
Computing volumes of the grid elements.
Min. volume: 0.000149342, max. volume: 36.5873.

# FGMRES residual history
# Residual tolerance target = 1e-10
# Initial residual norm     = 1.0681e-07
     0     1
# FGMRES final (true) residual:
# Iteration = 4: |res|/|res0| = 2.49946e-11.

Computing volumes of the grid elements.
Non-linear iter.: 263/500. Linear iter.: 4. Min. area: 0.000149338. Error: 2.49946e-11.
Computing volumes of the grid elements.
Min. volume: 0.000149338, max. volume: 36.5874.

# FGMRES residual history
# Residual tolerance target = 1e-10
# Initial residual norm     = 1.06819e-07
     0     1
# FGMRES final (true) residual:
# Iteration = 4: |res|/|res0| = 2.4993e-11.

Computing volumes of the grid elements.
Non-linear iter.: 264/500. Linear iter.: 4. Min. area: 0.000149334. Error: 2.4993e-11.
Computing volumes of the grid elements.
Min. volume: 0.000149334, max. volume: 36.5875.

# FGMRES residual history
# Residual tolerance target = 1e-10
# Initial residual norm     = 1.06829e-07
     0     1
# FGMRES final (true) residual:
# Iteration = 4: |res|/|res0| = 2.49913e-11.

Computing volumes of the grid elements.
Non-linear iter.: 265/500. Linear iter.: 4. Min. area: 0.00014933. Error: 2.49913e-11.
Computing volumes of the grid elements.
Min. volume: 0.00014933, max. volume: 36.5876.

# FGMRES residual history
# Residual tolerance target = 1e-10
# Initial residual norm     = 1.06838e-07
     0     1
# FGMRES final (true) residual:
# Iteration = 4: |res|/|res0| = 2.49896e-11.

Computing volumes of the grid elements.
Non-linear iter.: 266/500. Linear iter.: 4. Min. area: 0.000149327. Error: 2.49896e-11.
Computing volumes of the grid elements.
Min. volume: 0.000149327, max. volume: 36.5877.

# FGMRES residual history
# Residual tolerance target = 1e-10
# Initial residual norm     = 1.06847e-07
     0     1
# FGMRES final (true) residual:
# Iteration = 4: |res|/|res0| = 2.49879e-11.

Computing volumes of the grid elements.
Non-linear iter.: 267/500. Linear iter.: 4. Min. area: 0.000149323. Error: 2.49879e-11.
Computing volumes of the grid elements.
Min. volume: 0.000149323, max. volume: 36.5878.

# FGMRES residual history
# Residual tolerance target = 1e-10
# Initial residual norm     = 1.06857e-07
     0     1
# FGMRES final (true) residual:
# Iteration = 4: |res|/|res0| = 2.49862e-11.

Computing volumes of the grid elements.
Non-linear iter.: 268/500. Linear iter.: 4. Min. area: 0.000149319. Error: 2.49862e-11.
Computing volumes of the grid elements.
Min. volume: 0.000149319, max. volume: 36.5879.

# FGMRES residual history
# Residual tolerance target = 1e-10
# Initial residual norm     = 1.06866e-07
     0     1
# FGMRES final (true) residual:
# Iteration = 4: |res|/|res0| = 2.49846e-11.

Computing volumes of the grid elements.
Non-linear iter.: 269/500. Linear iter.: 4. Min. area: 0.000149315. Error: 2.49846e-11.
Computing volumes of the grid elements.
Min. volume: 0.000149315, max. volume: 36.5879.

# FGMRES residual history
# Residual tolerance target = 1e-10
# Initial residual norm     = 1.06876e-07
     0     1
# FGMRES final (true) residual:
# Iteration = 4: |res|/|res0| = 2.49829e-11.

Computing volumes of the grid elements.
Non-linear iter.: 270/500. Linear iter.: 4. Min. area: 0.000149311. Error: 2.49829e-11.
Computing volumes of the grid elements.
Min. volume: 0.000149311, max. volume: 36.588.

# FGMRES residual history
# Residual tolerance target = 1e-10
# Initial residual norm     = 1.06885e-07
     0     1
# FGMRES final (true) residual:
# Iteration = 4: |res|/|res0| = 2.49812e-11.

Computing volumes of the grid elements.
Non-linear iter.: 271/500. Linear iter.: 4. Min. area: 0.000149308. Error: 2.49812e-11.
Computing volumes of the grid elements.
Min. volume: 0.000149308, max. volume: 36.5881.

# FGMRES residual history
# Residual tolerance target = 1e-10
# Initial residual norm     = 1.06895e-07
     0     1
# FGMRES final (true) residual:
# Iteration = 4: |res|/|res0| = 2.49795e-11.

Computing volumes of the grid elements.
Non-linear iter.: 272/500. Linear iter.: 4. Min. area: 0.000149304. Error: 2.49795e-11.
Computing volumes of the grid elements.
Min. volume: 0.000149304, max. volume: 36.5882.

# FGMRES residual history
# Residual tolerance target = 1e-10
# Initial residual norm     = 1.06904e-07
     0     1
# FGMRES final (true) residual:
# Iteration = 4: |res|/|res0| = 2.49778e-11.

Computing volumes of the grid elements.
Non-linear iter.: 273/500. Linear iter.: 4. Min. area: 0.0001493. Error: 2.49778e-11.
Computing volumes of the grid elements.
Min. volume: 0.0001493, max. volume: 36.5883.

# FGMRES residual history
# Residual tolerance target = 1e-10
# Initial residual norm     = 1.06914e-07
     0     1
# FGMRES final (true) residual:
# Iteration = 4: |res|/|res0| = 2.49761e-11.

Computing volumes of the grid elements.
Non-linear iter.: 274/500. Linear iter.: 4. Min. area: 0.000149296. Error: 2.49761e-11.
Computing volumes of the grid elements.
Min. volume: 0.000149296, max. volume: 36.5884.

# FGMRES residual history
# Residual tolerance target = 1e-10
# Initial residual norm     = 1.06923e-07
     0     1
# FGMRES final (true) residual:
# Iteration = 4: |res|/|res0| = 2.49744e-11.

Computing volumes of the grid elements.
Non-linear iter.: 275/500. Linear iter.: 4. Min. area: 0.000149292. Error: 2.49744e-11.
Computing volumes of the grid elements.
Min. volume: 0.000149292, max. volume: 36.5885.

# FGMRES residual history
# Residual tolerance target = 1e-10
# Initial residual norm     = 1.06933e-07
     0     1
# FGMRES final (true) residual:
# Iteration = 4: |res|/|res0| = 2.49727e-11.

Computing volumes of the grid elements.
Non-linear iter.: 276/500. Linear iter.: 4. Min. area: 0.000149289. Error: 2.49727e-11.
Computing volumes of the grid elements.
Min. volume: 0.000149289, max. volume: 36.5886.

# FGMRES residual history
# Residual tolerance target = 1e-10
# Initial residual norm     = 1.06942e-07
     0     1
# FGMRES final (true) residual:
# Iteration = 4: |res|/|res0| = 2.4971e-11.

Computing volumes of the grid elements.
Non-linear iter.: 277/500. Linear iter.: 4. Min. area: 0.000149285. Error: 2.4971e-11.
Computing volumes of the grid elements.
Min. volume: 0.000149285, max. volume: 36.5886.

# FGMRES residual history
# Residual tolerance target = 1e-10
# Initial residual norm     = 1.06952e-07
     0     1
# FGMRES final (true) residual:
# Iteration = 4: |res|/|res0| = 2.49693e-11.

Computing volumes of the grid elements.
Non-linear iter.: 278/500. Linear iter.: 4. Min. area: 0.000149281. Error: 2.49693e-11.
Computing volumes of the grid elements.
Min. volume: 0.000149281, max. volume: 36.5887.

# FGMRES residual history
# Residual tolerance target = 1e-10
# Initial residual norm     = 1.06961e-07
     0     1
# FGMRES final (true) residual:
# Iteration = 4: |res|/|res0| = 2.49676e-11.

Computing volumes of the grid elements.
Non-linear iter.: 279/500. Linear iter.: 4. Min. area: 0.000149277. Error: 2.49676e-11.
Computing volumes of the grid elements.
Min. volume: 0.000149277, max. volume: 36.5888.

# FGMRES residual history
# Residual tolerance target = 1e-10
# Initial residual norm     = 1.06971e-07
     0     1
# FGMRES final (true) residual:
# Iteration = 4: |res|/|res0| = 2.49659e-11.

Computing volumes of the grid elements.
Non-linear iter.: 280/500. Linear iter.: 4. Min. area: 0.000149274. Error: 2.49659e-11.
Computing volumes of the grid elements.
Min. volume: 0.000149274, max. volume: 36.5889.

# FGMRES residual history
# Residual tolerance target = 1e-10
# Initial residual norm     = 1.0698e-07
     0     1
# FGMRES final (true) residual:
# Iteration = 4: |res|/|res0| = 2.49642e-11.

Computing volumes of the grid elements.
Non-linear iter.: 281/500. Linear iter.: 4. Min. area: 0.00014927. Error: 2.49642e-11.
Computing volumes of the grid elements.
Min. volume: 0.00014927, max. volume: 36.589.

# FGMRES residual history
# Residual tolerance target = 1e-10
# Initial residual norm     = 1.0699e-07
     0     1
# FGMRES final (true) residual:
# Iteration = 4: |res|/|res0| = 2.49625e-11.

Computing volumes of the grid elements.
Non-linear iter.: 282/500. Linear iter.: 4. Min. area: 0.000149266. Error: 2.49625e-11.
Computing volumes of the grid elements.
Min. volume: 0.000149266, max. volume: 36.5891.

# FGMRES residual history
# Residual tolerance target = 1e-10
# Initial residual norm     = 1.06999e-07
     0     1
# FGMRES final (true) residual:
# Iteration = 4: |res|/|res0| = 2.49608e-11.

Computing volumes of the grid elements.
Non-linear iter.: 283/500. Linear iter.: 4. Min. area: 0.000149262. Error: 2.49608e-11.
Computing volumes of the grid elements.
Min. volume: 0.000149262, max. volume: 36.5892.

# FGMRES residual history
# Residual tolerance target = 1e-10
# Initial residual norm     = 1.07009e-07
     0     1
# FGMRES final (true) residual:
# Iteration = 4: |res|/|res0| = 2.49591e-11.

Computing volumes of the grid elements.
Non-linear iter.: 284/500. Linear iter.: 4. Min. area: 0.000149258. Error: 2.49591e-11.
Computing volumes of the grid elements.
Min. volume: 0.000149258, max. volume: 36.5893.

# FGMRES residual history
# Residual tolerance target = 1e-10
# Initial residual norm     = 1.07018e-07
     0     1
# FGMRES final (true) residual:
# Iteration = 4: |res|/|res0| = 2.49574e-11.

Computing volumes of the grid elements.
Non-linear iter.: 285/500. Linear iter.: 4. Min. area: 0.000149255. Error: 2.49574e-11.
Computing volumes of the grid elements.
Min. volume: 0.000149255, max. volume: 36.5893.

# FGMRES residual history
# Residual tolerance target = 1e-10
# Initial residual norm     = 1.07028e-07
     0     1
# FGMRES final (true) residual:
# Iteration = 4: |res|/|res0| = 2.49557e-11.

Computing volumes of the grid elements.
Non-linear iter.: 286/500. Linear iter.: 4. Min. area: 0.000149251. Error: 2.49557e-11.
Computing volumes of the grid elements.
Min. volume: 0.000149251, max. volume: 36.5894.

# FGMRES residual history
# Residual tolerance target = 1e-10
# Initial residual norm     = 1.07038e-07
     0     1
# FGMRES final (true) residual:
# Iteration = 4: |res|/|res0| = 2.4954e-11.

Computing volumes of the grid elements.
Non-linear iter.: 287/500. Linear iter.: 4. Min. area: 0.000149247. Error: 2.4954e-11.
Computing volumes of the grid elements.
Min. volume: 0.000149247, max. volume: 36.5895.

# FGMRES residual history
# Residual tolerance target = 1e-10
# Initial residual norm     = 1.07047e-07
     0     1
# FGMRES final (true) residual:
# Iteration = 4: |res|/|res0| = 2.49523e-11.

Computing volumes of the grid elements.
Non-linear iter.: 288/500. Linear iter.: 4. Min. area: 0.000149243. Error: 2.49523e-11.
Computing volumes of the grid elements.
Min. volume: 0.000149243, max. volume: 36.5896.

# FGMRES residual history
# Residual tolerance target = 1e-10
# Initial residual norm     = 1.07057e-07
     0     1
# FGMRES final (true) residual:
# Iteration = 4: |res|/|res0| = 2.49505e-11.

Computing volumes of the grid elements.
Non-linear iter.: 289/500. Linear iter.: 4. Min. area: 0.000149239. Error: 2.49505e-11.
Computing volumes of the grid elements.
Min. volume: 0.000149239, max. volume: 36.5897.

# FGMRES residual history
# Residual tolerance target = 1e-10
# Initial residual norm     = 1.07066e-07
     0     1
# FGMRES final (true) residual:
# Iteration = 4: |res|/|res0| = 2.49488e-11.

Computing volumes of the grid elements.
Non-linear iter.: 290/500. Linear iter.: 4. Min. area: 0.000149236. Error: 2.49488e-11.
Computing volumes of the grid elements.
Min. volume: 0.000149236, max. volume: 36.5898.

# FGMRES residual history
# Residual tolerance target = 1e-10
# Initial residual norm     = 1.07076e-07
     0     1
# FGMRES final (true) residual:
# Iteration = 4: |res|/|res0| = 2.49471e-11.

Computing volumes of the grid elements.
Non-linear iter.: 291/500. Linear iter.: 4. Min. area: 0.000149232. Error: 2.49471e-11.
Computing volumes of the grid elements.
Min. volume: 0.000149232, max. volume: 36.5899.

# FGMRES residual history
# Residual tolerance target = 1e-10
# Initial residual norm     = 1.07086e-07
     0     1
# FGMRES final (true) residual:
# Iteration = 4: |res|/|res0| = 2.49454e-11.

Computing volumes of the grid elements.
Non-linear iter.: 292/500. Linear iter.: 4. Min. area: 0.000149228. Error: 2.49454e-11.
Computing volumes of the grid elements.
Min. volume: 0.000149228, max. volume: 36.59.

# FGMRES residual history
# Residual tolerance target = 1e-10
# Initial residual norm     = 1.07095e-07
     0     1
# FGMRES final (true) residual:
# Iteration = 4: |res|/|res0| = 2.49436e-11.

Computing volumes of the grid elements.
Non-linear iter.: 293/500. Linear iter.: 4. Min. area: 0.000149224. Error: 2.49436e-11.
Computing volumes of the grid elements.
Min. volume: 0.000149224, max. volume: 36.59.

# FGMRES residual history
# Residual tolerance target = 1e-10
# Initial residual norm     = 1.07105e-07
     0     1
# FGMRES final (true) residual:
# Iteration = 4: |res|/|res0| = 2.49419e-11.

Computing volumes of the grid elements.
Non-linear iter.: 294/500. Linear iter.: 4. Min. area: 0.00014922. Error: 2.49419e-11.
Computing volumes of the grid elements.
Min. volume: 0.00014922, max. volume: 36.5901.

# FGMRES residual history
# Residual tolerance target = 1e-10
# Initial residual norm     = 1.07115e-07
     0     1
# FGMRES final (true) residual:
# Iteration = 4: |res|/|res0| = 2.49402e-11.

Computing volumes of the grid elements.
Non-linear iter.: 295/500. Linear iter.: 4. Min. area: 0.000149217. Error: 2.49402e-11.
Computing volumes of the grid elements.
Min. volume: 0.000149217, max. volume: 36.5902.

# FGMRES residual history
# Residual tolerance target = 1e-10
# Initial residual norm     = 1.07124e-07
     0     1
# FGMRES final (true) residual:
# Iteration = 4: |res|/|res0| = 2.49385e-11.

Computing volumes of the grid elements.
Non-linear iter.: 296/500. Linear iter.: 4. Min. area: 0.000149213. Error: 2.49385e-11.
Computing volumes of the grid elements.
Min. volume: 0.000149213, max. volume: 36.5903.

# FGMRES residual history
# Residual tolerance target = 1e-10
# Initial residual norm     = 1.07134e-07
     0     1
# FGMRES final (true) residual:
# Iteration = 4: |res|/|res0| = 2.49367e-11.

Computing volumes of the grid elements.
Non-linear iter.: 297/500. Linear iter.: 4. Min. area: 0.000149209. Error: 2.49367e-11.
Computing volumes of the grid elements.
Min. volume: 0.000149209, max. volume: 36.5904.

# FGMRES residual history
# Residual tolerance target = 1e-10
# Initial residual norm     = 1.07143e-07
     0     1
# FGMRES final (true) residual:
# Iteration = 4: |res|/|res0| = 2.4935e-11.

Computing volumes of the grid elements.
Non-linear iter.: 298/500. Linear iter.: 4. Min. area: 0.000149205. Error: 2.4935e-11.
Computing volumes of the grid elements.
Min. volume: 0.000149205, max. volume: 36.5905.

# FGMRES residual history
# Residual tolerance target = 1e-10
# Initial residual norm     = 1.07153e-07
     0     1
# FGMRES final (true) residual:
# Iteration = 4: |res|/|res0| = 2.49333e-11.

Computing volumes of the grid elements.
Non-linear iter.: 299/500. Linear iter.: 4. Min. area: 0.000149202. Error: 2.49333e-11.
Computing volumes of the grid elements.
Min. volume: 0.000149202, max. volume: 36.5906.

# FGMRES residual history
# Residual tolerance target = 1e-10
# Initial residual norm     = 1.07163e-07
     0     1
# FGMRES final (true) residual:
# Iteration = 4: |res|/|res0| = 2.49315e-11.

Computing volumes of the grid elements.
Non-linear iter.: 300/500. Linear iter.: 4. Min. area: 0.000149198. Error: 2.49315e-11.
Computing volumes of the grid elements.
Min. volume: 0.000149198, max. volume: 36.5907.

# FGMRES residual history
# Residual tolerance target = 1e-10
# Initial residual norm     = 1.07172e-07
     0     1
# FGMRES final (true) residual:
# Iteration = 4: |res|/|res0| = 2.49298e-11.

Computing volumes of the grid elements.
Non-linear iter.: 301/500. Linear iter.: 4. Min. area: 0.000149194. Error: 2.49298e-11.
Computing volumes of the grid elements.
Min. volume: 0.000149194, max. volume: 36.5907.

# FGMRES residual history
# Residual tolerance target = 1e-10
# Initial residual norm     = 1.07182e-07
     0     1
# FGMRES final (true) residual:
# Iteration = 4: |res|/|res0| = 2.4928e-11.

Computing volumes of the grid elements.
Non-linear iter.: 302/500. Linear iter.: 4. Min. area: 0.00014919. Error: 2.4928e-11.
Computing volumes of the grid elements.
Min. volume: 0.00014919, max. volume: 36.5908.

# FGMRES residual history
# Residual tolerance target = 1e-10
# Initial residual norm     = 1.07192e-07
     0     1
# FGMRES final (true) residual:
# Iteration = 4: |res|/|res0| = 2.49263e-11.

Computing volumes of the grid elements.
Non-linear iter.: 303/500. Linear iter.: 4. Min. area: 0.000149186. Error: 2.49263e-11.
Computing volumes of the grid elements.
Min. volume: 0.000149186, max. volume: 36.5909.

# FGMRES residual history
# Residual tolerance target = 1e-10
# Initial residual norm     = 1.07202e-07
     0     1
# FGMRES final (true) residual:
# Iteration = 4: |res|/|res0| = 2.49246e-11.

Computing volumes of the grid elements.
Non-linear iter.: 304/500. Linear iter.: 4. Min. area: 0.000149183. Error: 2.49246e-11.
Computing volumes of the grid elements.
Min. volume: 0.000149183, max. volume: 36.591.

# FGMRES residual history
# Residual tolerance target = 1e-10
# Initial residual norm     = 1.07211e-07
     0     1
# FGMRES final (true) residual:
# Iteration = 4: |res|/|res0| = 2.49228e-11.

Computing volumes of the grid elements.
Non-linear iter.: 305/500. Linear iter.: 4. Min. area: 0.000149179. Error: 2.49228e-11.
Computing volumes of the grid elements.
Min. volume: 0.000149179, max. volume: 36.5911.

# FGMRES residual history
# Residual tolerance target = 1e-10
# Initial residual norm     = 1.07221e-07
     0     1
# FGMRES final (true) residual:
# Iteration = 4: |res|/|res0| = 2.49211e-11.

Computing volumes of the grid elements.
Non-linear iter.: 306/500. Linear iter.: 4. Min. area: 0.000149175. Error: 2.49211e-11.
Computing volumes of the grid elements.
Min. volume: 0.000149175, max. volume: 36.5912.

# FGMRES residual history
# Residual tolerance target = 1e-10
# Initial residual norm     = 1.07231e-07
     0     1
# FGMRES final (true) residual:
# Iteration = 4: |res|/|res0| = 2.49193e-11.

Computing volumes of the grid elements.
Non-linear iter.: 307/500. Linear iter.: 4. Min. area: 0.000149171. Error: 2.49193e-11.
Computing volumes of the grid elements.
Min. volume: 0.000149171, max. volume: 36.5913.

# FGMRES residual history
# Residual tolerance target = 1e-10
# Initial residual norm     = 1.0724e-07
     0     1
# FGMRES final (true) residual:
# Iteration = 4: |res|/|res0| = 2.49176e-11.

Computing volumes of the grid elements.
Non-linear iter.: 308/500. Linear iter.: 4. Min. area: 0.000149168. Error: 2.49176e-11.
Computing volumes of the grid elements.
Min. volume: 0.000149168, max. volume: 36.5914.

# FGMRES residual history
# Residual tolerance target = 1e-10
# Initial residual norm     = 1.0725e-07
     0     1
# FGMRES final (true) residual:
# Iteration = 4: |res|/|res0| = 2.49158e-11.

Computing volumes of the grid elements.
Non-linear iter.: 309/500. Linear iter.: 4. Min. area: 0.000149164. Error: 2.49158e-11.
Computing volumes of the grid elements.
Min. volume: 0.000149164, max. volume: 36.5914.

# FGMRES residual history
# Residual tolerance target = 1e-10
# Initial residual norm     = 1.0726e-07
     0     1
# FGMRES final (true) residual:
# Iteration = 4: |res|/|res0| = 2.4914e-11.

Computing volumes of the grid elements.
Non-linear iter.: 310/500. Linear iter.: 4. Min. area: 0.00014916. Error: 2.4914e-11.
Computing volumes of the grid elements.
Min. volume: 0.00014916, max. volume: 36.5915.

# FGMRES residual history
# Residual tolerance target = 1e-10
# Initial residual norm     = 1.0727e-07
     0     1
# FGMRES final (true) residual:
# Iteration = 4: |res|/|res0| = 2.49123e-11.

Computing volumes of the grid elements.
Non-linear iter.: 311/500. Linear iter.: 4. Min. area: 0.000149156. Error: 2.49123e-11.
Computing volumes of the grid elements.
Min. volume: 0.000149156, max. volume: 36.5916.

# FGMRES residual history
# Residual tolerance target = 1e-10
# Initial residual norm     = 1.07279e-07
     0     1
# FGMRES final (true) residual:
# Iteration = 4: |res|/|res0| = 2.49105e-11.

Computing volumes of the grid elements.
Non-linear iter.: 312/500. Linear iter.: 4. Min. area: 0.000149152. Error: 2.49105e-11.
Computing volumes of the grid elements.
Min. volume: 0.000149152, max. volume: 36.5917.

# FGMRES residual history
# Residual tolerance target = 1e-10
# Initial residual norm     = 1.07289e-07
     0     1
# FGMRES final (true) residual:
# Iteration = 4: |res|/|res0| = 2.49088e-11.

Computing volumes of the grid elements.
Non-linear iter.: 313/500. Linear iter.: 4. Min. area: 0.000149149. Error: 2.49088e-11.
Computing volumes of the grid elements.
Min. volume: 0.000149149, max. volume: 36.5918.

# FGMRES residual history
# Residual tolerance target = 1e-10
# Initial residual norm     = 1.07299e-07
     0     1
# FGMRES final (true) residual:
# Iteration = 4: |res|/|res0| = 2.4907e-11.

Computing volumes of the grid elements.
Non-linear iter.: 314/500. Linear iter.: 4. Min. area: 0.000149145. Error: 2.4907e-11.
Computing volumes of the grid elements.
Min. volume: 0.000149145, max. volume: 36.5919.

# FGMRES residual history
# Residual tolerance target = 1e-10
# Initial residual norm     = 1.07309e-07
     0     1
# FGMRES final (true) residual:
# Iteration = 4: |res|/|res0| = 2.49053e-11.

Computing volumes of the grid elements.
Non-linear iter.: 315/500. Linear iter.: 4. Min. area: 0.000149141. Error: 2.49053e-11.
Computing volumes of the grid elements.
Min. volume: 0.000149141, max. volume: 36.592.

# FGMRES residual history
# Residual tolerance target = 1e-10
# Initial residual norm     = 1.07319e-07
     0     1
# FGMRES final (true) residual:
# Iteration = 4: |res|/|res0| = 2.49035e-11.

Computing volumes of the grid elements.
Non-linear iter.: 316/500. Linear iter.: 4. Min. area: 0.000149137. Error: 2.49035e-11.
Computing volumes of the grid elements.
Min. volume: 0.000149137, max. volume: 36.5921.

# FGMRES residual history
# Residual tolerance target = 1e-10
# Initial residual norm     = 1.07328e-07
     0     1
# FGMRES final (true) residual:
# Iteration = 4: |res|/|res0| = 2.49017e-11.

Computing volumes of the grid elements.
Non-linear iter.: 317/500. Linear iter.: 4. Min. area: 0.000149134. Error: 2.49017e-11.
Computing volumes of the grid elements.
Min. volume: 0.000149134, max. volume: 36.5921.

# FGMRES residual history
# Residual tolerance target = 1e-10
# Initial residual norm     = 1.07338e-07
     0     1
# FGMRES final (true) residual:
# Iteration = 4: |res|/|res0| = 2.49e-11.

Computing volumes of the grid elements.
Non-linear iter.: 318/500. Linear iter.: 4. Min. area: 0.00014913. Error: 2.49e-11.
Computing volumes of the grid elements.
Min. volume: 0.00014913, max. volume: 36.5922.

# FGMRES residual history
# Residual tolerance target = 1e-10
# Initial residual norm     = 1.07348e-07
     0     1
# FGMRES final (true) residual:
# Iteration = 4: |res|/|res0| = 2.48982e-11.

Computing volumes of the grid elements.
Non-linear iter.: 319/500. Linear iter.: 4. Min. area: 0.000149126. Error: 2.48982e-11.
Computing volumes of the grid elements.
Min. volume: 0.000149126, max. volume: 36.5923.

# FGMRES residual history
# Residual tolerance target = 1e-10
# Initial residual norm     = 1.07358e-07
     0     1
# FGMRES final (true) residual:
# Iteration = 4: |res|/|res0| = 2.48964e-11.

Computing volumes of the grid elements.
Non-linear iter.: 320/500. Linear iter.: 4. Min. area: 0.000149122. Error: 2.48964e-11.
Computing volumes of the grid elements.
Min. volume: 0.000149122, max. volume: 36.5924.

# FGMRES residual history
# Residual tolerance target = 1e-10
# Initial residual norm     = 1.07368e-07
     0     1
# FGMRES final (true) residual:
# Iteration = 4: |res|/|res0| = 2.48946e-11.

Computing volumes of the grid elements.
Non-linear iter.: 321/500. Linear iter.: 4. Min. area: 0.000149118. Error: 2.48946e-11.
Computing volumes of the grid elements.
Min. volume: 0.000149118, max. volume: 36.5925.

# FGMRES residual history
# Residual tolerance target = 1e-10
# Initial residual norm     = 1.07377e-07
     0     1
# FGMRES final (true) residual:
# Iteration = 4: |res|/|res0| = 2.48929e-11.

Computing volumes of the grid elements.
Non-linear iter.: 322/500. Linear iter.: 4. Min. area: 0.000149115. Error: 2.48929e-11.
Computing volumes of the grid elements.
Min. volume: 0.000149115, max. volume: 36.5926.

# FGMRES residual history
# Residual tolerance target = 1e-10
# Initial residual norm     = 1.07387e-07
     0     1
# FGMRES final (true) residual:
# Iteration = 4: |res|/|res0| = 2.48911e-11.

Computing volumes of the grid elements.
Non-linear iter.: 323/500. Linear iter.: 4. Min. area: 0.000149111. Error: 2.48911e-11.
Computing volumes of the grid elements.
Min. volume: 0.000149111, max. volume: 36.5927.

# FGMRES residual history
# Residual tolerance target = 1e-10
# Initial residual norm     = 1.07397e-07
     0     1
# FGMRES final (true) residual:
# Iteration = 4: |res|/|res0| = 2.48893e-11.

Computing volumes of the grid elements.
Non-linear iter.: 324/500. Linear iter.: 4. Min. area: 0.000149107. Error: 2.48893e-11.
Computing volumes of the grid elements.
Min. volume: 0.000149107, max. volume: 36.5928.

# FGMRES residual history
# Residual tolerance target = 1e-10
# Initial residual norm     = 1.07407e-07
     0     1
# FGMRES final (true) residual:
# Iteration = 4: |res|/|res0| = 2.48875e-11.

Computing volumes of the grid elements.
Non-linear iter.: 325/500. Linear iter.: 4. Min. area: 0.000149103. Error: 2.48875e-11.
Computing volumes of the grid elements.
Min. volume: 0.000149103, max. volume: 36.5929.

# FGMRES residual history
# Residual tolerance target = 1e-10
# Initial residual norm     = 1.07417e-07
     0     1
# FGMRES final (true) residual:
# Iteration = 4: |res|/|res0| = 2.48857e-11.

Computing volumes of the grid elements.
Non-linear iter.: 326/500. Linear iter.: 4. Min. area: 0.0001491. Error: 2.48857e-11.
Computing volumes of the grid elements.
Min. volume: 0.0001491, max. volume: 36.5929.

# FGMRES residual history
# Residual tolerance target = 1e-10
# Initial residual norm     = 1.07427e-07
     0     1
# FGMRES final (true) residual:
# Iteration = 4: |res|/|res0| = 2.4884e-11.

Computing volumes of the grid elements.
Non-linear iter.: 327/500. Linear iter.: 4. Min. area: 0.000149096. Error: 2.4884e-11.
Computing volumes of the grid elements.
Min. volume: 0.000149096, max. volume: 36.593.

# FGMRES residual history
# Residual tolerance target = 1e-10
# Initial residual norm     = 1.07437e-07
     0     1
# FGMRES final (true) residual:
# Iteration = 4: |res|/|res0| = 2.48822e-11.

Computing volumes of the grid elements.
Non-linear iter.: 328/500. Linear iter.: 4. Min. area: 0.000149092. Error: 2.48822e-11.
Computing volumes of the grid elements.
Min. volume: 0.000149092, max. volume: 36.5931.

# FGMRES residual history
# Residual tolerance target = 1e-10
# Initial residual norm     = 1.07447e-07
     0     1
# FGMRES final (true) residual:
# Iteration = 4: |res|/|res0| = 2.48804e-11.

Computing volumes of the grid elements.
Non-linear iter.: 329/500. Linear iter.: 4. Min. area: 0.000149088. Error: 2.48804e-11.
Computing volumes of the grid elements.
Min. volume: 0.000149088, max. volume: 36.5932.

# FGMRES residual history
# Residual tolerance target = 1e-10
# Initial residual norm     = 1.07456e-07
     0     1
# FGMRES final (true) residual:
# Iteration = 4: |res|/|res0| = 2.48786e-11.

Computing volumes of the grid elements.
Non-linear iter.: 330/500. Linear iter.: 4. Min. area: 0.000149085. Error: 2.48786e-11.
Computing volumes of the grid elements.
Min. volume: 0.000149085, max. volume: 36.5933.

# FGMRES residual history
# Residual tolerance target = 1e-10
# Initial residual norm     = 1.07466e-07
     0     1
# FGMRES final (true) residual:
# Iteration = 4: |res|/|res0| = 2.48768e-11.

Computing volumes of the grid elements.
Non-linear iter.: 331/500. Linear iter.: 4. Min. area: 0.000149081. Error: 2.48768e-11.
Computing volumes of the grid elements.
Min. volume: 0.000149081, max. volume: 36.5934.

# FGMRES residual history
# Residual tolerance target = 1e-10
# Initial residual norm     = 1.07476e-07
     0     1
# FGMRES final (true) residual:
# Iteration = 4: |res|/|res0| = 2.4875e-11.

Computing volumes of the grid elements.
Non-linear iter.: 332/500. Linear iter.: 4. Min. area: 0.000149077. Error: 2.4875e-11.
Computing volumes of the grid elements.
Min. volume: 0.000149077, max. volume: 36.5935.

# FGMRES residual history
# Residual tolerance target = 1e-10
# Initial residual norm     = 1.07486e-07
     0     1
# FGMRES final (true) residual:
# Iteration = 4: |res|/|res0| = 2.48732e-11.

Computing volumes of the grid elements.
Non-linear iter.: 333/500. Linear iter.: 4. Min. area: 0.000149073. Error: 2.48732e-11.
Computing volumes of the grid elements.
Min. volume: 0.000149073, max. volume: 36.5936.

# FGMRES residual history
# Residual tolerance target = 1e-10
# Initial residual norm     = 1.07496e-07
     0     1
# FGMRES final (true) residual:
# Iteration = 4: |res|/|res0| = 2.48714e-11.

Computing volumes of the grid elements.
Non-linear iter.: 334/500. Linear iter.: 4. Min. area: 0.00014907. Error: 2.48714e-11.
Computing volumes of the grid elements.
Min. volume: 0.00014907, max. volume: 36.5936.

# FGMRES residual history
# Residual tolerance target = 1e-10
# Initial residual norm     = 1.07506e-07
     0     1
# FGMRES final (true) residual:
# Iteration = 4: |res|/|res0| = 2.48696e-11.

Computing volumes of the grid elements.
Non-linear iter.: 335/500. Linear iter.: 4. Min. area: 0.000149066. Error: 2.48696e-11.
Computing volumes of the grid elements.
Min. volume: 0.000149066, max. volume: 36.5937.

# FGMRES residual history
# Residual tolerance target = 1e-10
# Initial residual norm     = 1.07516e-07
     0     1
# FGMRES final (true) residual:
# Iteration = 4: |res|/|res0| = 2.48678e-11.

Computing volumes of the grid elements.
Non-linear iter.: 336/500. Linear iter.: 4. Min. area: 0.000149062. Error: 2.48678e-11.
Computing volumes of the grid elements.
Min. volume: 0.000149062, max. volume: 36.5938.

# FGMRES residual history
# Residual tolerance target = 1e-10
# Initial residual norm     = 1.07526e-07
     0     1
# FGMRES final (true) residual:
# Iteration = 4: |res|/|res0| = 2.4866e-11.

Computing volumes of the grid elements.
Non-linear iter.: 337/500. Linear iter.: 4. Min. area: 0.000149058. Error: 2.4866e-11.
Computing volumes of the grid elements.
Min. volume: 0.000149058, max. volume: 36.5939.

# FGMRES residual history
# Residual tolerance target = 1e-10
# Initial residual norm     = 1.07536e-07
     0     1
# FGMRES final (true) residual:
# Iteration = 4: |res|/|res0| = 2.48642e-11.

Computing volumes of the grid elements.
Non-linear iter.: 338/500. Linear iter.: 4. Min. area: 0.000149054. Error: 2.48642e-11.
Computing volumes of the grid elements.
Min. volume: 0.000149054, max. volume: 36.594.

# FGMRES residual history
# Residual tolerance target = 1e-10
# Initial residual norm     = 1.07546e-07
     0     1
# FGMRES final (true) residual:
# Iteration = 4: |res|/|res0| = 2.48624e-11.

Computing volumes of the grid elements.
Non-linear iter.: 339/500. Linear iter.: 4. Min. area: 0.000149051. Error: 2.48624e-11.
Computing volumes of the grid elements.
Min. volume: 0.000149051, max. volume: 36.5941.

# FGMRES residual history
# Residual tolerance target = 1e-10
# Initial residual norm     = 1.07556e-07
     0     1
# FGMRES final (true) residual:
# Iteration = 4: |res|/|res0| = 2.48606e-11.

Computing volumes of the grid elements.
Non-linear iter.: 340/500. Linear iter.: 4. Min. area: 0.000149047. Error: 2.48606e-11.
Computing volumes of the grid elements.
Min. volume: 0.000149047, max. volume: 36.5942.

# FGMRES residual history
# Residual tolerance target = 1e-10
# Initial residual norm     = 1.07566e-07
     0     1
# FGMRES final (true) residual:
# Iteration = 4: |res|/|res0| = 2.48588e-11.

Computing volumes of the grid elements.
Non-linear iter.: 341/500. Linear iter.: 4. Min. area: 0.000149043. Error: 2.48588e-11.
Computing volumes of the grid elements.
Min. volume: 0.000149043, max. volume: 36.5943.

# FGMRES residual history
# Residual tolerance target = 1e-10
# Initial residual norm     = 1.07576e-07
     0     1
# FGMRES final (true) residual:
# Iteration = 4: |res|/|res0| = 2.4857e-11.

Computing volumes of the grid elements.
Non-linear iter.: 342/500. Linear iter.: 4. Min. area: 0.000149039. Error: 2.4857e-11.
Computing volumes of the grid elements.
Min. volume: 0.000149039, max. volume: 36.5944.

# FGMRES residual history
# Residual tolerance target = 1e-10
# Initial residual norm     = 1.07586e-07
     0     1
# FGMRES final (true) residual:
# Iteration = 4: |res|/|res0| = 2.48552e-11.

Computing volumes of the grid elements.
Non-linear iter.: 343/500. Linear iter.: 4. Min. area: 0.000149036. Error: 2.48552e-11.
Computing volumes of the grid elements.
Min. volume: 0.000149036, max. volume: 36.5944.

# FGMRES residual history
# Residual tolerance target = 1e-10
# Initial residual norm     = 1.07596e-07
     0     1
# FGMRES final (true) residual:
# Iteration = 4: |res|/|res0| = 2.48534e-11.

Computing volumes of the grid elements.
Non-linear iter.: 344/500. Linear iter.: 4. Min. area: 0.000149032. Error: 2.48534e-11.
Computing volumes of the grid elements.
Min. volume: 0.000149032, max. volume: 36.5945.

# FGMRES residual history
# Residual tolerance target = 1e-10
# Initial residual norm     = 1.07606e-07
     0     1
# FGMRES final (true) residual:
# Iteration = 4: |res|/|res0| = 2.48516e-11.

Computing volumes of the grid elements.
Non-linear iter.: 345/500. Linear iter.: 4. Min. area: 0.000149028. Error: 2.48516e-11.
Computing volumes of the grid elements.
Min. volume: 0.000149028, max. volume: 36.5946.

# FGMRES residual history
# Residual tolerance target = 1e-10
# Initial residual norm     = 1.07616e-07
     0     1
# FGMRES final (true) residual:
# Iteration = 4: |res|/|res0| = 2.48498e-11.

Computing volumes of the grid elements.
Non-linear iter.: 346/500. Linear iter.: 4. Min. area: 0.000149024. Error: 2.48498e-11.
Computing volumes of the grid elements.
Min. volume: 0.000149024, max. volume: 36.5947.

# FGMRES residual history
# Residual tolerance target = 1e-10
# Initial residual norm     = 1.07626e-07
     0     1
# FGMRES final (true) residual:
# Iteration = 4: |res|/|res0| = 2.4848e-11.

Computing volumes of the grid elements.
Non-linear iter.: 347/500. Linear iter.: 4. Min. area: 0.000149021. Error: 2.4848e-11.
Computing volumes of the grid elements.
Min. volume: 0.000149021, max. volume: 36.5948.

# FGMRES residual history
# Residual tolerance target = 1e-10
# Initial residual norm     = 1.07636e-07
     0     1
# FGMRES final (true) residual:
# Iteration = 4: |res|/|res0| = 2.48462e-11.

Computing volumes of the grid elements.
Non-linear iter.: 348/500. Linear iter.: 4. Min. area: 0.000149017. Error: 2.48462e-11.
Computing volumes of the grid elements.
Min. volume: 0.000149017, max. volume: 36.5949.

# FGMRES residual history
# Residual tolerance target = 1e-10
# Initial residual norm     = 1.07646e-07
     0     1
# FGMRES final (true) residual:
# Iteration = 4: |res|/|res0| = 2.48443e-11.

Computing volumes of the grid elements.
Non-linear iter.: 349/500. Linear iter.: 4. Min. area: 0.000149013. Error: 2.48443e-11.
Computing volumes of the grid elements.
Min. volume: 0.000149013, max. volume: 36.595.

# FGMRES residual history
# Residual tolerance target = 1e-10
# Initial residual norm     = 1.07656e-07
     0     1
# FGMRES final (true) residual:
# Iteration = 4: |res|/|res0| = 2.48425e-11.

Computing volumes of the grid elements.
Non-linear iter.: 350/500. Linear iter.: 4. Min. area: 0.000149009. Error: 2.48425e-11.
Computing volumes of the grid elements.
Min. volume: 0.000149009, max. volume: 36.5951.

# FGMRES residual history
# Residual tolerance target = 1e-10
# Initial residual norm     = 1.07666e-07
     0     1
# FGMRES final (true) residual:
# Iteration = 4: |res|/|res0| = 2.48407e-11.

Computing volumes of the grid elements.
Non-linear iter.: 351/500. Linear iter.: 4. Min. area: 0.000149006. Error: 2.48407e-11.
Computing volumes of the grid elements.
Min. volume: 0.000149006, max. volume: 36.5952.

# FGMRES residual history
# Residual tolerance target = 1e-10
# Initial residual norm     = 1.07676e-07
     0     1
# FGMRES final (true) residual:
# Iteration = 4: |res|/|res0| = 2.48389e-11.

Computing volumes of the grid elements.
Non-linear iter.: 352/500. Linear iter.: 4. Min. area: 0.000149002. Error: 2.48389e-11.
Computing volumes of the grid elements.
Min. volume: 0.000149002, max. volume: 36.5952.

# FGMRES residual history
# Residual tolerance target = 1e-10
# Initial residual norm     = 1.07686e-07
     0     1
# FGMRES final (true) residual:
# Iteration = 4: |res|/|res0| = 2.48371e-11.

Computing volumes of the grid elements.
Non-linear iter.: 353/500. Linear iter.: 4. Min. area: 0.000148998. Error: 2.48371e-11.
Computing volumes of the grid elements.
Min. volume: 0.000148998, max. volume: 36.5953.

# FGMRES residual history
# Residual tolerance target = 1e-10
# Initial residual norm     = 1.07696e-07
     0     1
# FGMRES final (true) residual:
# Iteration = 4: |res|/|res0| = 2.48352e-11.

Computing volumes of the grid elements.
Non-linear iter.: 354/500. Linear iter.: 4. Min. area: 0.000148994. Error: 2.48352e-11.
Computing volumes of the grid elements.
Min. volume: 0.000148994, max. volume: 36.5954.

# FGMRES residual history
# Residual tolerance target = 1e-10
# Initial residual norm     = 1.07706e-07
     0     1
# FGMRES final (true) residual:
# Iteration = 4: |res|/|res0| = 2.48334e-11.

Computing volumes of the grid elements.
Non-linear iter.: 355/500. Linear iter.: 4. Min. area: 0.000148991. Error: 2.48334e-11.
Computing volumes of the grid elements.
Min. volume: 0.000148991, max. volume: 36.5955.

# FGMRES residual history
# Residual tolerance target = 1e-10
# Initial residual norm     = 1.07716e-07
     0     1
# FGMRES final (true) residual:
# Iteration = 4: |res|/|res0| = 2.48316e-11.

Computing volumes of the grid elements.
Non-linear iter.: 356/500. Linear iter.: 4. Min. area: 0.000148987. Error: 2.48316e-11.
Computing volumes of the grid elements.
Min. volume: 0.000148987, max. volume: 36.5956.

# FGMRES residual history
# Residual tolerance target = 1e-10
# Initial residual norm     = 1.07726e-07
     0     1
# FGMRES final (true) residual:
# Iteration = 4: |res|/|res0| = 2.48297e-11.

Computing volumes of the grid elements.
Non-linear iter.: 357/500. Linear iter.: 4. Min. area: 0.000148983. Error: 2.48297e-11.
Computing volumes of the grid elements.
Min. volume: 0.000148983, max. volume: 36.5957.

# FGMRES residual history
# Residual tolerance target = 1e-10
# Initial residual norm     = 1.07737e-07
     0     1
# FGMRES final (true) residual:
# Iteration = 4: |res|/|res0| = 2.48279e-11.

Computing volumes of the grid elements.
Non-linear iter.: 358/500. Linear iter.: 4. Min. area: 0.000148979. Error: 2.48279e-11.
Computing volumes of the grid elements.
Min. volume: 0.000148979, max. volume: 36.5958.

# FGMRES residual history
# Residual tolerance target = 1e-10
# Initial residual norm     = 1.07747e-07
     0     1
# FGMRES final (true) residual:
# Iteration = 4: |res|/|res0| = 2.48261e-11.

Computing volumes of the grid elements.
Non-linear iter.: 359/500. Linear iter.: 4. Min. area: 0.000148976. Error: 2.48261e-11.
Computing volumes of the grid elements.
Min. volume: 0.000148976, max. volume: 36.5959.

# FGMRES residual history
# Residual tolerance target = 1e-10
# Initial residual norm     = 1.07757e-07
     0     1
# FGMRES final (true) residual:
# Iteration = 4: |res|/|res0| = 2.48243e-11.

Computing volumes of the grid elements.
Non-linear iter.: 360/500. Linear iter.: 4. Min. area: 0.000148972. Error: 2.48243e-11.
Computing volumes of the grid elements.
Min. volume: 0.000148972, max. volume: 36.596.

# FGMRES residual history
# Residual tolerance target = 1e-10
# Initial residual norm     = 1.07767e-07
     0     1
# FGMRES final (true) residual:
# Iteration = 4: |res|/|res0| = 2.48224e-11.

Computing volumes of the grid elements.
Non-linear iter.: 361/500. Linear iter.: 4. Min. area: 0.000148968. Error: 2.48224e-11.
Computing volumes of the grid elements.
Min. volume: 0.000148968, max. volume: 36.596.

# FGMRES residual history
# Residual tolerance target = 1e-10
# Initial residual norm     = 1.07777e-07
     0     1
# FGMRES final (true) residual:
# Iteration = 4: |res|/|res0| = 2.48206e-11.

Computing volumes of the grid elements.
Non-linear iter.: 362/500. Linear iter.: 4. Min. area: 0.000148964. Error: 2.48206e-11.
Computing volumes of the grid elements.
Min. volume: 0.000148964, max. volume: 36.5961.

# FGMRES residual history
# Residual tolerance target = 1e-10
# Initial residual norm     = 1.07787e-07
     0     1
# FGMRES final (true) residual:
# Iteration = 4: |res|/|res0| = 2.48187e-11.

Computing volumes of the grid elements.
Non-linear iter.: 363/500. Linear iter.: 4. Min. area: 0.000148961. Error: 2.48187e-11.
Computing volumes of the grid elements.
Min. volume: 0.000148961, max. volume: 36.5962.

# FGMRES residual history
# Residual tolerance target = 1e-10
# Initial residual norm     = 1.07797e-07
     0     1
# FGMRES final (true) residual:
# Iteration = 4: |res|/|res0| = 2.48169e-11.

Computing volumes of the grid elements.
Non-linear iter.: 364/500. Linear iter.: 4. Min. area: 0.000148957. Error: 2.48169e-11.
Computing volumes of the grid elements.
Min. volume: 0.000148957, max. volume: 36.5963.

# FGMRES residual history
# Residual tolerance target = 1e-10
# Initial residual norm     = 1.07807e-07
     0     1
# FGMRES final (true) residual:
# Iteration = 4: |res|/|res0| = 2.48151e-11.

Computing volumes of the grid elements.
Non-linear iter.: 365/500. Linear iter.: 4. Min. area: 0.000148953. Error: 2.48151e-11.
Computing volumes of the grid elements.
Min. volume: 0.000148953, max. volume: 36.5964.

# FGMRES residual history
# Residual tolerance target = 1e-10
# Initial residual norm     = 1.07818e-07
     0     1
# FGMRES final (true) residual:
# Iteration = 4: |res|/|res0| = 2.48132e-11.

Computing volumes of the grid elements.
Non-linear iter.: 366/500. Linear iter.: 4. Min. area: 0.000148949. Error: 2.48132e-11.
Computing volumes of the grid elements.
Min. volume: 0.000148949, max. volume: 36.5965.

# FGMRES residual history
# Residual tolerance target = 1e-10
# Initial residual norm     = 1.07828e-07
     0     1
# FGMRES final (true) residual:
# Iteration = 4: |res|/|res0| = 2.48114e-11.

Computing volumes of the grid elements.
Non-linear iter.: 367/500. Linear iter.: 4. Min. area: 0.000148946. Error: 2.48114e-11.
Computing volumes of the grid elements.
Min. volume: 0.000148946, max. volume: 36.5966.

# FGMRES residual history
# Residual tolerance target = 1e-10
# Initial residual norm     = 1.07838e-07
     0     1
# FGMRES final (true) residual:
# Iteration = 4: |res|/|res0| = 2.48095e-11.

Computing volumes of the grid elements.
Non-linear iter.: 368/500. Linear iter.: 4. Min. area: 0.000148942. Error: 2.48095e-11.
Computing volumes of the grid elements.
Min. volume: 0.000148942, max. volume: 36.5967.

# FGMRES residual history
# Residual tolerance target = 1e-10
# Initial residual norm     = 1.07848e-07
     0     1
# FGMRES final (true) residual:
# Iteration = 4: |res|/|res0| = 2.48077e-11.

Computing volumes of the grid elements.
Non-linear iter.: 369/500. Linear iter.: 4. Min. area: 0.000148938. Error: 2.48077e-11.
Computing volumes of the grid elements.
Min. volume: 0.000148938, max. volume: 36.5968.

# FGMRES residual history
# Residual tolerance target = 1e-10
# Initial residual norm     = 1.07858e-07
     0     1
# FGMRES final (true) residual:
# Iteration = 4: |res|/|res0| = 2.48058e-11.

Computing volumes of the grid elements.
Non-linear iter.: 370/500. Linear iter.: 4. Min. area: 0.000148934. Error: 2.48058e-11.
Computing volumes of the grid elements.
Min. volume: 0.000148934, max. volume: 36.5969.

# FGMRES residual history
# Residual tolerance target = 1e-10
# Initial residual norm     = 1.07869e-07
     0     1
# FGMRES final (true) residual:
# Iteration = 4: |res|/|res0| = 2.4804e-11.

Computing volumes of the grid elements.
Non-linear iter.: 371/500. Linear iter.: 4. Min. area: 0.000148931. Error: 2.4804e-11.
Computing volumes of the grid elements.
Min. volume: 0.000148931, max. volume: 36.5969.

# FGMRES residual history
# Residual tolerance target = 1e-10
# Initial residual norm     = 1.07879e-07
     0     1
# FGMRES final (true) residual:
# Iteration = 4: |res|/|res0| = 2.48021e-11.

Computing volumes of the grid elements.
Non-linear iter.: 372/500. Linear iter.: 4. Min. area: 0.000148927. Error: 2.48021e-11.
Computing volumes of the grid elements.
Min. volume: 0.000148927, max. volume: 36.597.

# FGMRES residual history
# Residual tolerance target = 1e-10
# Initial residual norm     = 1.07889e-07
     0     1
# FGMRES final (true) residual:
# Iteration = 4: |res|/|res0| = 2.48003e-11.

Computing volumes of the grid elements.
Non-linear iter.: 373/500. Linear iter.: 4. Min. area: 0.000148923. Error: 2.48003e-11.
Computing volumes of the grid elements.
Min. volume: 0.000148923, max. volume: 36.5971.

# FGMRES residual history
# Residual tolerance target = 1e-10
# Initial residual norm     = 1.07899e-07
     0     1
# FGMRES final (true) residual:
# Iteration = 4: |res|/|res0| = 2.47984e-11.

Computing volumes of the grid elements.
Non-linear iter.: 374/500. Linear iter.: 4. Min. area: 0.000148919. Error: 2.47984e-11.
Computing volumes of the grid elements.
Min. volume: 0.000148919, max. volume: 36.5972.

# FGMRES residual history
# Residual tolerance target = 1e-10
# Initial residual norm     = 1.07909e-07
     0     1
# FGMRES final (true) residual:
# Iteration = 4: |res|/|res0| = 2.47966e-11.

Computing volumes of the grid elements.
Non-linear iter.: 375/500. Linear iter.: 4. Min. area: 0.000148916. Error: 2.47966e-11.
Computing volumes of the grid elements.
Min. volume: 0.000148916, max. volume: 36.5973.

# FGMRES residual history
# Residual tolerance target = 1e-10
# Initial residual norm     = 1.0792e-07
     0     1
# FGMRES final (true) residual:
# Iteration = 4: |res|/|res0| = 2.47947e-11.

Computing volumes of the grid elements.
Non-linear iter.: 376/500. Linear iter.: 4. Min. area: 0.000148912. Error: 2.47947e-11.
Computing volumes of the grid elements.
Min. volume: 0.000148912, max. volume: 36.5974.

# FGMRES residual history
# Residual tolerance target = 1e-10
# Initial residual norm     = 1.0793e-07
     0     1
# FGMRES final (true) residual:
# Iteration = 4: |res|/|res0| = 2.47929e-11.

Computing volumes of the grid elements.
Non-linear iter.: 377/500. Linear iter.: 4. Min. area: 0.000148908. Error: 2.47929e-11.
Computing volumes of the grid elements.
Min. volume: 0.000148908, max. volume: 36.5975.

# FGMRES residual history
# Residual tolerance target = 1e-10
# Initial residual norm     = 1.0794e-07
     0     1
# FGMRES final (true) residual:
# Iteration = 4: |res|/|res0| = 2.4791e-11.

Computing volumes of the grid elements.
Non-linear iter.: 378/500. Linear iter.: 4. Min. area: 0.000148904. Error: 2.4791e-11.
Computing volumes of the grid elements.
Min. volume: 0.000148904, max. volume: 36.5976.

# FGMRES residual history
# Residual tolerance target = 1e-10
# Initial residual norm     = 1.0795e-07
     0     1
# FGMRES final (true) residual:
# Iteration = 4: |res|/|res0| = 2.47891e-11.

Computing volumes of the grid elements.
Non-linear iter.: 379/500. Linear iter.: 4. Min. area: 0.000148901. Error: 2.47891e-11.
Computing volumes of the grid elements.
Min. volume: 0.000148901, max. volume: 36.5977.

# FGMRES residual history
# Residual tolerance target = 1e-10
# Initial residual norm     = 1.07961e-07
     0     1
# FGMRES final (true) residual:
# Iteration = 4: |res|/|res0| = 2.47873e-11.

Computing volumes of the grid elements.
Non-linear iter.: 380/500. Linear iter.: 4. Min. area: 0.000148897. Error: 2.47873e-11.
Computing volumes of the grid elements.
Min. volume: 0.000148897, max. volume: 36.5977.

# FGMRES residual history
# Residual tolerance target = 1e-10
# Initial residual norm     = 1.07971e-07
     0     1
# FGMRES final (true) residual:
# Iteration = 4: |res|/|res0| = 2.47854e-11.

Computing volumes of the grid elements.
Non-linear iter.: 381/500. Linear iter.: 4. Min. area: 0.000148893. Error: 2.47854e-11.
Computing volumes of the grid elements.
Min. volume: 0.000148893, max. volume: 36.5978.

# FGMRES residual history
# Residual tolerance target = 1e-10
# Initial residual norm     = 1.07981e-07
     0     1
# FGMRES final (true) residual:
# Iteration = 4: |res|/|res0| = 2.47835e-11.

Computing volumes of the grid elements.
Non-linear iter.: 382/500. Linear iter.: 4. Min. area: 0.000148889. Error: 2.47835e-11.
Computing volumes of the grid elements.
Min. volume: 0.000148889, max. volume: 36.5979.

# FGMRES residual history
# Residual tolerance target = 1e-10
# Initial residual norm     = 1.07992e-07
     0     1
# FGMRES final (true) residual:
# Iteration = 4: |res|/|res0| = 2.47817e-11.

Computing volumes of the grid elements.
Non-linear iter.: 383/500. Linear iter.: 4. Min. area: 0.000148886. Error: 2.47817e-11.
Computing volumes of the grid elements.
Min. volume: 0.000148886, max. volume: 36.598.

# FGMRES residual history
# Residual tolerance target = 1e-10
# Initial residual norm     = 1.08002e-07
     0     1
# FGMRES final (true) residual:
# Iteration = 4: |res|/|res0| = 2.47798e-11.

Computing volumes of the grid elements.
Non-linear iter.: 384/500. Linear iter.: 4. Min. area: 0.000148882. Error: 2.47798e-11.
Computing volumes of the grid elements.
Min. volume: 0.000148882, max. volume: 36.5981.

# FGMRES residual history
# Residual tolerance target = 1e-10
# Initial residual norm     = 1.08012e-07
     0     1
# FGMRES final (true) residual:
# Iteration = 4: |res|/|res0| = 2.47779e-11.

Computing volumes of the grid elements.
Non-linear iter.: 385/500. Linear iter.: 4. Min. area: 0.000148878. Error: 2.47779e-11.
Computing volumes of the grid elements.
Min. volume: 0.000148878, max. volume: 36.5982.

# FGMRES residual history
# Residual tolerance target = 1e-10
# Initial residual norm     = 1.08023e-07
     0     1
# FGMRES final (true) residual:
# Iteration = 4: |res|/|res0| = 2.47761e-11.

Computing volumes of the grid elements.
Non-linear iter.: 386/500. Linear iter.: 4. Min. area: 0.000148875. Error: 2.47761e-11.
Computing volumes of the grid elements.
Min. volume: 0.000148875, max. volume: 36.5983.

# FGMRES residual history
# Residual tolerance target = 1e-10
# Initial residual norm     = 1.08033e-07
     0     1
# FGMRES final (true) residual:
# Iteration = 4: |res|/|res0| = 2.47742e-11.

Computing volumes of the grid elements.
Non-linear iter.: 387/500. Linear iter.: 4. Min. area: 0.000148871. Error: 2.47742e-11.
Computing volumes of the grid elements.
Min. volume: 0.000148871, max. volume: 36.5984.

# FGMRES residual history
# Residual tolerance target = 1e-10
# Initial residual norm     = 1.08043e-07
     0     1
# FGMRES final (true) residual:
# Iteration = 4: |res|/|res0| = 2.47723e-11.

Computing volumes of the grid elements.
Non-linear iter.: 388/500. Linear iter.: 4. Min. area: 0.000148867. Error: 2.47723e-11.
Computing volumes of the grid elements.
Min. volume: 0.000148867, max. volume: 36.5985.

# FGMRES residual history
# Residual tolerance target = 1e-10
# Initial residual norm     = 1.08054e-07
     0     1
# FGMRES final (true) residual:
# Iteration = 4: |res|/|res0| = 2.47705e-11.

Computing volumes of the grid elements.
Non-linear iter.: 389/500. Linear iter.: 4. Min. area: 0.000148863. Error: 2.47705e-11.
Computing volumes of the grid elements.
Min. volume: 0.000148863, max. volume: 36.5986.

# FGMRES residual history
# Residual tolerance target = 1e-10
# Initial residual norm     = 1.08064e-07
     0     1
# FGMRES final (true) residual:
# Iteration = 4: |res|/|res0| = 2.47686e-11.

Computing volumes of the grid elements.
Non-linear iter.: 390/500. Linear iter.: 4. Min. area: 0.00014886. Error: 2.47686e-11.
Computing volumes of the grid elements.
Min. volume: 0.00014886, max. volume: 36.5986.

# FGMRES residual history
# Residual tolerance target = 1e-10
# Initial residual norm     = 1.08074e-07
     0     1
# FGMRES final (true) residual:
# Iteration = 4: |res|/|res0| = 2.47667e-11.

Computing volumes of the grid elements.
Non-linear iter.: 391/500. Linear iter.: 4. Min. area: 0.000148856. Error: 2.47667e-11.
Computing volumes of the grid elements.
Min. volume: 0.000148856, max. volume: 36.5987.

# FGMRES residual history
# Residual tolerance target = 1e-10
# Initial residual norm     = 1.08085e-07
     0     1
# FGMRES final (true) residual:
# Iteration = 4: |res|/|res0| = 2.47648e-11.

Computing volumes of the grid elements.
Non-linear iter.: 392/500. Linear iter.: 4. Min. area: 0.000148852. Error: 2.47648e-11.
Computing volumes of the grid elements.
Min. volume: 0.000148852, max. volume: 36.5988.

# FGMRES residual history
# Residual tolerance target = 1e-10
# Initial residual norm     = 1.08095e-07
     0     1
# FGMRES final (true) residual:
# Iteration = 4: |res|/|res0| = 2.47629e-11.

Computing volumes of the grid elements.
Non-linear iter.: 393/500. Linear iter.: 4. Min. area: 0.000148848. Error: 2.47629e-11.
Computing volumes of the grid elements.
Min. volume: 0.000148848, max. volume: 36.5989.

# FGMRES residual history
# Residual tolerance target = 1e-10
# Initial residual norm     = 1.08105e-07
     0     1
# FGMRES final (true) residual:
# Iteration = 4: |res|/|res0| = 2.47611e-11.

Computing volumes of the grid elements.
Non-linear iter.: 394/500. Linear iter.: 4. Min. area: 0.000148845. Error: 2.47611e-11.
Computing volumes of the grid elements.
Min. volume: 0.000148845, max. volume: 36.599.

# FGMRES residual history
# Residual tolerance target = 1e-10
# Initial residual norm     = 1.08116e-07
     0     1
# FGMRES final (true) residual:
# Iteration = 4: |res|/|res0| = 2.47592e-11.

Computing volumes of the grid elements.
Non-linear iter.: 395/500. Linear iter.: 4. Min. area: 0.000148841. Error: 2.47592e-11.
Computing volumes of the grid elements.
Min. volume: 0.000148841, max. volume: 36.5991.

# FGMRES residual history
# Residual tolerance target = 1e-10
# Initial residual norm     = 1.08126e-07
     0     1
# FGMRES final (true) residual:
# Iteration = 4: |res|/|res0| = 2.47573e-11.

Computing volumes of the grid elements.
Non-linear iter.: 396/500. Linear iter.: 4. Min. area: 0.000148837. Error: 2.47573e-11.
Computing volumes of the grid elements.
Min. volume: 0.000148837, max. volume: 36.5992.

# FGMRES residual history
# Residual tolerance target = 1e-10
# Initial residual norm     = 1.08137e-07
     0     1
# FGMRES final (true) residual:
# Iteration = 4: |res|/|res0| = 2.47554e-11.

Computing volumes of the grid elements.
Non-linear iter.: 397/500. Linear iter.: 4. Min. area: 0.000148833. Error: 2.47554e-11.
Computing volumes of the grid elements.
Min. volume: 0.000148833, max. volume: 36.5993.

# FGMRES residual history
# Residual tolerance target = 1e-10
# Initial residual norm     = 1.08147e-07
     0     1
# FGMRES final (true) residual:
# Iteration = 4: |res|/|res0| = 2.47535e-11.

Computing volumes of the grid elements.
Non-linear iter.: 398/500. Linear iter.: 4. Min. area: 0.00014883. Error: 2.47535e-11.
Computing volumes of the grid elements.
Min. volume: 0.00014883, max. volume: 36.5994.

# FGMRES residual history
# Residual tolerance target = 1e-10
# Initial residual norm     = 1.08157e-07
     0     1
# FGMRES final (true) residual:
# Iteration = 4: |res|/|res0| = 2.47516e-11.

Computing volumes of the grid elements.
Non-linear iter.: 399/500. Linear iter.: 4. Min. area: 0.000148826. Error: 2.47516e-11.
Computing volumes of the grid elements.
Min. volume: 0.000148826, max. volume: 36.5995.

# FGMRES residual history
# Residual tolerance target = 1e-10
# Initial residual norm     = 1.08168e-07
     0     1
# FGMRES final (true) residual:
# Iteration = 4: |res|/|res0| = 2.47497e-11.

Computing volumes of the grid elements.
Non-linear iter.: 400/500. Linear iter.: 4. Min. area: 0.000148822. Error: 2.47497e-11.
Computing volumes of the grid elements.
Min. volume: 0.000148822, max. volume: 36.5995.

# FGMRES residual history
# Residual tolerance target = 1e-10
# Initial residual norm     = 1.08178e-07
     0     1
# FGMRES final (true) residual:
# Iteration = 4: |res|/|res0| = 2.47479e-11.

Computing volumes of the grid elements.
Non-linear iter.: 401/500. Linear iter.: 4. Min. area: 0.000148819. Error: 2.47479e-11.
Computing volumes of the grid elements.
Min. volume: 0.000148819, max. volume: 36.5996.

# FGMRES residual history
# Residual tolerance target = 1e-10
# Initial residual norm     = 1.08189e-07
     0     1
# FGMRES final (true) residual:
# Iteration = 4: |res|/|res0| = 2.4746e-11.

Computing volumes of the grid elements.
Non-linear iter.: 402/500. Linear iter.: 4. Min. area: 0.000148815. Error: 2.4746e-11.
Computing volumes of the grid elements.
Min. volume: 0.000148815, max. volume: 36.5997.

# FGMRES residual history
# Residual tolerance target = 1e-10
# Initial residual norm     = 1.08199e-07
     0     1
# FGMRES final (true) residual:
# Iteration = 4: |res|/|res0| = 2.47441e-11.

Computing volumes of the grid elements.
Non-linear iter.: 403/500. Linear iter.: 4. Min. area: 0.000148811. Error: 2.47441e-11.
Computing volumes of the grid elements.
Min. volume: 0.000148811, max. volume: 36.5998.

# FGMRES residual history
# Residual tolerance target = 1e-10
# Initial residual norm     = 1.0821e-07
     0     1
# FGMRES final (true) residual:
# Iteration = 4: |res|/|res0| = 2.47422e-11.

Computing volumes of the grid elements.
Non-linear iter.: 404/500. Linear iter.: 4. Min. area: 0.000148807. Error: 2.47422e-11.
Computing volumes of the grid elements.
Min. volume: 0.000148807, max. volume: 36.5999.

# FGMRES residual history
# Residual tolerance target = 1e-10
# Initial residual norm     = 1.0822e-07
     0     1
# FGMRES final (true) residual:
# Iteration = 4: |res|/|res0| = 2.47403e-11.

Computing volumes of the grid elements.
Non-linear iter.: 405/500. Linear iter.: 4. Min. area: 0.000148804. Error: 2.47403e-11.
Computing volumes of the grid elements.
Min. volume: 0.000148804, max. volume: 36.6.

# FGMRES residual history
# Residual tolerance target = 1e-10
# Initial residual norm     = 1.0823e-07
     0     1
# FGMRES final (true) residual:
# Iteration = 4: |res|/|res0| = 2.47384e-11.

Computing volumes of the grid elements.
Non-linear iter.: 406/500. Linear iter.: 4. Min. area: 0.0001488. Error: 2.47384e-11.
Computing volumes of the grid elements.
Min. volume: 0.0001488, max. volume: 36.6001.

# FGMRES residual history
# Residual tolerance target = 1e-10
# Initial residual norm     = 1.08241e-07
     0     1
# FGMRES final (true) residual:
# Iteration = 4: |res|/|res0| = 2.47365e-11.

Computing volumes of the grid elements.
Non-linear iter.: 407/500. Linear iter.: 4. Min. area: 0.000148796. Error: 2.47365e-11.
Computing volumes of the grid elements.
Min. volume: 0.000148796, max. volume: 36.6002.

# FGMRES residual history
# Residual tolerance target = 1e-10
# Initial residual norm     = 1.08251e-07
     0     1
# FGMRES final (true) residual:
# Iteration = 4: |res|/|res0| = 2.47346e-11.

Computing volumes of the grid elements.
Non-linear iter.: 408/500. Linear iter.: 4. Min. area: 0.000148793. Error: 2.47346e-11.
Computing volumes of the grid elements.
Min. volume: 0.000148793, max. volume: 36.6003.

# FGMRES residual history
# Residual tolerance target = 1e-10
# Initial residual norm     = 1.08262e-07
     0     1
# FGMRES final (true) residual:
# Iteration = 4: |res|/|res0| = 2.47327e-11.

Computing volumes of the grid elements.
Non-linear iter.: 409/500. Linear iter.: 4. Min. area: 0.000148789. Error: 2.47327e-11.
Computing volumes of the grid elements.
Min. volume: 0.000148789, max. volume: 36.6004.

# FGMRES residual history
# Residual tolerance target = 1e-10
# Initial residual norm     = 1.08272e-07
     0     1
# FGMRES final (true) residual:
# Iteration = 4: |res|/|res0| = 2.47308e-11.

Computing volumes of the grid elements.
Non-linear iter.: 410/500. Linear iter.: 4. Min. area: 0.000148785. Error: 2.47308e-11.
Computing volumes of the grid elements.
Min. volume: 0.000148785, max. volume: 36.6004.

# FGMRES residual history
# Residual tolerance target = 1e-10
# Initial residual norm     = 1.08283e-07
     0     1
# FGMRES final (true) residual:
# Iteration = 4: |res|/|res0| = 2.47289e-11.

Computing volumes of the grid elements.
Non-linear iter.: 411/500. Linear iter.: 4. Min. area: 0.000148781. Error: 2.47289e-11.
Computing volumes of the grid elements.
Min. volume: 0.000148781, max. volume: 36.6005.

# FGMRES residual history
# Residual tolerance target = 1e-10
# Initial residual norm     = 1.08293e-07
     0     1
# FGMRES final (true) residual:
# Iteration = 4: |res|/|res0| = 2.4727e-11.

Computing volumes of the grid elements.
Non-linear iter.: 412/500. Linear iter.: 4. Min. area: 0.000148778. Error: 2.4727e-11.
Computing volumes of the grid elements.
Min. volume: 0.000148778, max. volume: 36.6006.

# FGMRES residual history
# Residual tolerance target = 1e-10
# Initial residual norm     = 1.08304e-07
     0     1
# FGMRES final (true) residual:
# Iteration = 4: |res|/|res0| = 2.47251e-11.

Computing volumes of the grid elements.
Non-linear iter.: 413/500. Linear iter.: 4. Min. area: 0.000148774. Error: 2.47251e-11.
Computing volumes of the grid elements.
Min. volume: 0.000148774, max. volume: 36.6007.

# FGMRES residual history
# Residual tolerance target = 1e-10
# Initial residual norm     = 1.08315e-07
     0     1
# FGMRES final (true) residual:
# Iteration = 4: |res|/|res0| = 2.47232e-11.

Computing volumes of the grid elements.
Non-linear iter.: 414/500. Linear iter.: 4. Min. area: 0.00014877. Error: 2.47232e-11.
Computing volumes of the grid elements.
Min. volume: 0.00014877, max. volume: 36.6008.

# FGMRES residual history
# Residual tolerance target = 1e-10
# Initial residual norm     = 1.08325e-07
     0     1
# FGMRES final (true) residual:
# Iteration = 4: |res|/|res0| = 2.47213e-11.

Computing volumes of the grid elements.
Non-linear iter.: 415/500. Linear iter.: 4. Min. area: 0.000148766. Error: 2.47213e-11.
Computing volumes of the grid elements.
Min. volume: 0.000148766, max. volume: 36.6009.

# FGMRES residual history
# Residual tolerance target = 1e-10
# Initial residual norm     = 1.08336e-07
     0     1
# FGMRES final (true) residual:
# Iteration = 4: |res|/|res0| = 2.47194e-11.

Computing volumes of the grid elements.
Non-linear iter.: 416/500. Linear iter.: 4. Min. area: 0.000148763. Error: 2.47194e-11.
Computing volumes of the grid elements.
Min. volume: 0.000148763, max. volume: 36.601.

# FGMRES residual history
# Residual tolerance target = 1e-10
# Initial residual norm     = 1.08346e-07
     0     1
# FGMRES final (true) residual:
# Iteration = 4: |res|/|res0| = 2.47174e-11.

Computing volumes of the grid elements.
Non-linear iter.: 417/500. Linear iter.: 4. Min. area: 0.000148759. Error: 2.47174e-11.
Computing volumes of the grid elements.
Min. volume: 0.000148759, max. volume: 36.6011.

# FGMRES residual history
# Residual tolerance target = 1e-10
# Initial residual norm     = 1.08357e-07
     0     1
# FGMRES final (true) residual:
# Iteration = 4: |res|/|res0| = 2.47155e-11.

Computing volumes of the grid elements.
Non-linear iter.: 418/500. Linear iter.: 4. Min. area: 0.000148755. Error: 2.47155e-11.
Computing volumes of the grid elements.
Min. volume: 0.000148755, max. volume: 36.6012.

# FGMRES residual history
# Residual tolerance target = 1e-10
# Initial residual norm     = 1.08367e-07
     0     1
# FGMRES final (true) residual:
# Iteration = 4: |res|/|res0| = 2.47136e-11.

Computing volumes of the grid elements.
Non-linear iter.: 419/500. Linear iter.: 4. Min. area: 0.000148752. Error: 2.47136e-11.
Computing volumes of the grid elements.
Min. volume: 0.000148752, max. volume: 36.6013.

# FGMRES residual history
# Residual tolerance target = 1e-10
# Initial residual norm     = 1.08378e-07
     0     1
# FGMRES final (true) residual:
# Iteration = 4: |res|/|res0| = 2.47117e-11.

Computing volumes of the grid elements.
Non-linear iter.: 420/500. Linear iter.: 4. Min. area: 0.000148748. Error: 2.47117e-11.
Computing volumes of the grid elements.
Min. volume: 0.000148748, max. volume: 36.6013.

# FGMRES residual history
# Residual tolerance target = 1e-10
# Initial residual norm     = 1.08388e-07
     0     1
# FGMRES final (true) residual:
# Iteration = 4: |res|/|res0| = 2.47098e-11.

Computing volumes of the grid elements.
Non-linear iter.: 421/500. Linear iter.: 4. Min. area: 0.000148744. Error: 2.47098e-11.
Computing volumes of the grid elements.
Min. volume: 0.000148744, max. volume: 36.6014.

# FGMRES residual history
# Residual tolerance target = 1e-10
# Initial residual norm     = 1.08399e-07
     0     1
# FGMRES final (true) residual:
# Iteration = 4: |res|/|res0| = 2.47079e-11.

Computing volumes of the grid elements.
Non-linear iter.: 422/500. Linear iter.: 4. Min. area: 0.00014874. Error: 2.47079e-11.
Computing volumes of the grid elements.
Min. volume: 0.00014874, max. volume: 36.6015.

# FGMRES residual history
# Residual tolerance target = 1e-10
# Initial residual norm     = 1.0841e-07
     0     1
# FGMRES final (true) residual:
# Iteration = 4: |res|/|res0| = 2.4706e-11.

Computing volumes of the grid elements.
Non-linear iter.: 423/500. Linear iter.: 4. Min. area: 0.000148737. Error: 2.4706e-11.
Computing volumes of the grid elements.
Min. volume: 0.000148737, max. volume: 36.6016.

# FGMRES residual history
# Residual tolerance target = 1e-10
# Initial residual norm     = 1.0842e-07
     0     1
# FGMRES final (true) residual:
# Iteration = 4: |res|/|res0| = 2.47041e-11.

Computing volumes of the grid elements.
Non-linear iter.: 424/500. Linear iter.: 4. Min. area: 0.000148733. Error: 2.47041e-11.
Computing volumes of the grid elements.
Min. volume: 0.000148733, max. volume: 36.6017.

# FGMRES residual history
# Residual tolerance target = 1e-10
# Initial residual norm     = 1.08431e-07
     0     1
# FGMRES final (true) residual:
# Iteration = 4: |res|/|res0| = 2.47021e-11.

Computing volumes of the grid elements.
Non-linear iter.: 425/500. Linear iter.: 4. Min. area: 0.000148729. Error: 2.47021e-11.
Computing volumes of the grid elements.
Min. volume: 0.000148729, max. volume: 36.6018.

# FGMRES residual history
# Residual tolerance target = 1e-10
# Initial residual norm     = 1.08441e-07
     0     1
# FGMRES final (true) residual:
# Iteration = 4: |res|/|res0| = 2.47002e-11.

Computing volumes of the grid elements.
Non-linear iter.: 426/500. Linear iter.: 4. Min. area: 0.000148726. Error: 2.47002e-11.
Computing volumes of the grid elements.
Min. volume: 0.000148726, max. volume: 36.6019.

# FGMRES residual history
# Residual tolerance target = 1e-10
# Initial residual norm     = 1.08452e-07
     0     1
# FGMRES final (true) residual:
# Iteration = 4: |res|/|res0| = 2.46983e-11.

Computing volumes of the grid elements.
Non-linear iter.: 427/500. Linear iter.: 4. Min. area: 0.000148722. Error: 2.46983e-11.
Computing volumes of the grid elements.
Min. volume: 0.000148722, max. volume: 36.602.

# FGMRES residual history
# Residual tolerance target = 1e-10
# Initial residual norm     = 1.08463e-07
     0     1
# FGMRES final (true) residual:
# Iteration = 4: |res|/|res0| = 2.46964e-11.

Computing volumes of the grid elements.
Non-linear iter.: 428/500. Linear iter.: 4. Min. area: 0.000148718. Error: 2.46964e-11.
Computing volumes of the grid elements.
Min. volume: 0.000148718, max. volume: 36.6021.

# FGMRES residual history
# Residual tolerance target = 1e-10
# Initial residual norm     = 1.08473e-07
     0     1
# FGMRES final (true) residual:
# Iteration = 4: |res|/|res0| = 2.46944e-11.

Computing volumes of the grid elements.
Non-linear iter.: 429/500. Linear iter.: 4. Min. area: 0.000148714. Error: 2.46944e-11.
Computing volumes of the grid elements.
Min. volume: 0.000148714, max. volume: 36.6022.

# FGMRES residual history
# Residual tolerance target = 1e-10
# Initial residual norm     = 1.08484e-07
     0     1
# FGMRES final (true) residual:
# Iteration = 4: |res|/|res0| = 2.46925e-11.

Computing volumes of the grid elements.
Non-linear iter.: 430/500. Linear iter.: 4. Min. area: 0.000148711. Error: 2.46925e-11.
Computing volumes of the grid elements.
Min. volume: 0.000148711, max. volume: 36.6023.

# FGMRES residual history
# Residual tolerance target = 1e-10
# Initial residual norm     = 1.08495e-07
     0     1
# FGMRES final (true) residual:
# Iteration = 4: |res|/|res0| = 2.46906e-11.

Computing volumes of the grid elements.
Non-linear iter.: 431/500. Linear iter.: 4. Min. area: 0.000148707. Error: 2.46906e-11.
Computing volumes of the grid elements.
Min. volume: 0.000148707, max. volume: 36.6023.

# FGMRES residual history
# Residual tolerance target = 1e-10
# Initial residual norm     = 1.08505e-07
     0     1
# FGMRES final (true) residual:
# Iteration = 4: |res|/|res0| = 2.46887e-11.

Computing volumes of the grid elements.
Non-linear iter.: 432/500. Linear iter.: 4. Min. area: 0.000148703. Error: 2.46887e-11.
Computing volumes of the grid elements.
Min. volume: 0.000148703, max. volume: 36.6024.

# FGMRES residual history
# Residual tolerance target = 1e-10
# Initial residual norm     = 1.08516e-07
     0     1
# FGMRES final (true) residual:
# Iteration = 4: |res|/|res0| = 2.46867e-11.

Computing volumes of the grid elements.
Non-linear iter.: 433/500. Linear iter.: 4. Min. area: 0.0001487. Error: 2.46867e-11.
Computing volumes of the grid elements.
Min. volume: 0.0001487, max. volume: 36.6025.

# FGMRES residual history
# Residual tolerance target = 1e-10
# Initial residual norm     = 1.08527e-07
     0     1
# FGMRES final (true) residual:
# Iteration = 4: |res|/|res0| = 2.46848e-11.

Computing volumes of the grid elements.
Non-linear iter.: 434/500. Linear iter.: 4. Min. area: 0.000148696. Error: 2.46848e-11.
Computing volumes of the grid elements.
Min. volume: 0.000148696, max. volume: 36.6026.

# FGMRES residual history
# Residual tolerance target = 1e-10
# Initial residual norm     = 1.08537e-07
     0     1
# FGMRES final (true) residual:
# Iteration = 4: |res|/|res0| = 2.46829e-11.

Computing volumes of the grid elements.
Non-linear iter.: 435/500. Linear iter.: 4. Min. area: 0.000148692. Error: 2.46829e-11.
Computing volumes of the grid elements.
Min. volume: 0.000148692, max. volume: 36.6027.

# FGMRES residual history
# Residual tolerance target = 1e-10
# Initial residual norm     = 1.08548e-07
     0     1
# FGMRES final (true) residual:
# Iteration = 4: |res|/|res0| = 2.4681e-11.

Computing volumes of the grid elements.
Non-linear iter.: 436/500. Linear iter.: 4. Min. area: 0.000148688. Error: 2.4681e-11.
Computing volumes of the grid elements.
Min. volume: 0.000148688, max. volume: 36.6028.

# FGMRES residual history
# Residual tolerance target = 1e-10
# Initial residual norm     = 1.08559e-07
     0     1
# FGMRES final (true) residual:
# Iteration = 4: |res|/|res0| = 2.4679e-11.

Computing volumes of the grid elements.
Non-linear iter.: 437/500. Linear iter.: 4. Min. area: 0.000148685. Error: 2.4679e-11.
Computing volumes of the grid elements.
Min. volume: 0.000148685, max. volume: 36.6029.

# FGMRES residual history
# Residual tolerance target = 1e-10
# Initial residual norm     = 1.0857e-07
     0     1
# FGMRES final (true) residual:
# Iteration = 4: |res|/|res0| = 2.46771e-11.

Computing volumes of the grid elements.
Non-linear iter.: 438/500. Linear iter.: 4. Min. area: 0.000148681. Error: 2.46771e-11.
Computing volumes of the grid elements.
Min. volume: 0.000148681, max. volume: 36.603.

# FGMRES residual history
# Residual tolerance target = 1e-10
# Initial residual norm     = 1.0858e-07
     0     1
# FGMRES final (true) residual:
# Iteration = 4: |res|/|res0| = 2.46752e-11.

Computing volumes of the grid elements.
Non-linear iter.: 439/500. Linear iter.: 4. Min. area: 0.000148677. Error: 2.46752e-11.
Computing volumes of the grid elements.
Min. volume: 0.000148677, max. volume: 36.6031.

# FGMRES residual history
# Residual tolerance target = 1e-10
# Initial residual norm     = 1.08591e-07
     0     1
# FGMRES final (true) residual:
# Iteration = 4: |res|/|res0| = 2.46732e-11.

Computing volumes of the grid elements.
Non-linear iter.: 440/500. Linear iter.: 4. Min. area: 0.000148674. Error: 2.46732e-11.
Computing volumes of the grid elements.
Min. volume: 0.000148674, max. volume: 36.6032.

# FGMRES residual history
# Residual tolerance target = 1e-10
# Initial residual norm     = 1.08602e-07
     0     1
# FGMRES final (true) residual:
# Iteration = 4: |res|/|res0| = 2.46713e-11.

Computing volumes of the grid elements.
Non-linear iter.: 441/500. Linear iter.: 4. Min. area: 0.00014867. Error: 2.46713e-11.
Computing volumes of the grid elements.
Min. volume: 0.00014867, max. volume: 36.6032.

# FGMRES residual history
# Residual tolerance target = 1e-10
# Initial residual norm     = 1.08613e-07
     0     1
# FGMRES final (true) residual:
# Iteration = 4: |res|/|res0| = 2.46693e-11.

Computing volumes of the grid elements.
Non-linear iter.: 442/500. Linear iter.: 4. Min. area: 0.000148666. Error: 2.46693e-11.
Computing volumes of the grid elements.
Min. volume: 0.000148666, max. volume: 36.6033.

# FGMRES residual history
# Residual tolerance target = 1e-10
# Initial residual norm     = 1.08623e-07
     0     1
# FGMRES final (true) residual:
# Iteration = 4: |res|/|res0| = 2.46674e-11.

Computing volumes of the grid elements.
Non-linear iter.: 443/500. Linear iter.: 4. Min. area: 0.000148663. Error: 2.46674e-11.
Computing volumes of the grid elements.
Min. volume: 0.000148663, max. volume: 36.6034.

# FGMRES residual history
# Residual tolerance target = 1e-10
# Initial residual norm     = 1.08634e-07
     0     1
# FGMRES final (true) residual:
# Iteration = 4: |res|/|res0| = 2.46655e-11.

Computing volumes of the grid elements.
Non-linear iter.: 444/500. Linear iter.: 4. Min. area: 0.000148659. Error: 2.46655e-11.
Computing volumes of the grid elements.
Min. volume: 0.000148659, max. volume: 36.6035.

# FGMRES residual history
# Residual tolerance target = 1e-10
# Initial residual norm     = 1.08645e-07
     0     1
# FGMRES final (true) residual:
# Iteration = 4: |res|/|res0| = 2.46635e-11.

Computing volumes of the grid elements.
Non-linear iter.: 445/500. Linear iter.: 4. Min. area: 0.000148655. Error: 2.46635e-11.
Computing volumes of the grid elements.
Min. volume: 0.000148655, max. volume: 36.6036.

# FGMRES residual history
# Residual tolerance target = 1e-10
# Initial residual norm     = 1.08656e-07
     0     1
# FGMRES final (true) residual:
# Iteration = 4: |res|/|res0| = 2.46616e-11.

Computing volumes of the grid elements.
Non-linear iter.: 446/500. Linear iter.: 4. Min. area: 0.000148651. Error: 2.46616e-11.
Computing volumes of the grid elements.
Min. volume: 0.000148651, max. volume: 36.6037.

# FGMRES residual history
# Residual tolerance target = 1e-10
# Initial residual norm     = 1.08666e-07
     0     1
# FGMRES final (true) residual:
# Iteration = 4: |res|/|res0| = 2.46596e-11.

Computing volumes of the grid elements.
Non-linear iter.: 447/500. Linear iter.: 4. Min. area: 0.000148648. Error: 2.46596e-11.
Computing volumes of the grid elements.
Min. volume: 0.000148648, max. volume: 36.6038.

# FGMRES residual history
# Residual tolerance target = 1e-10
# Initial residual norm     = 1.08677e-07
     0     1
# FGMRES final (true) residual:
# Iteration = 4: |res|/|res0| = 2.46577e-11.

Computing volumes of the grid elements.
Non-linear iter.: 448/500. Linear iter.: 4. Min. area: 0.000148644. Error: 2.46577e-11.
Computing volumes of the grid elements.
Min. volume: 0.000148644, max. volume: 36.6039.

# FGMRES residual history
# Residual tolerance target = 1e-10
# Initial residual norm     = 1.08688e-07
     0     1
# FGMRES final (true) residual:
# Iteration = 4: |res|/|res0| = 2.46558e-11.

Computing volumes of the grid elements.
Non-linear iter.: 449/500. Linear iter.: 4. Min. area: 0.00014864. Error: 2.46558e-11.
Computing volumes of the grid elements.
Min. volume: 0.00014864, max. volume: 36.604.

# FGMRES residual history
# Residual tolerance target = 1e-10
# Initial residual norm     = 1.08699e-07
     0     1
# FGMRES final (true) residual:
# Iteration = 4: |res|/|res0| = 2.46538e-11.

Computing volumes of the grid elements.
Non-linear iter.: 450/500. Linear iter.: 4. Min. area: 0.000148637. Error: 2.46538e-11.
Computing volumes of the grid elements.
Min. volume: 0.000148637, max. volume: 36.6041.

# FGMRES residual history
# Residual tolerance target = 1e-10
# Initial residual norm     = 1.0871e-07
     0     1
# FGMRES final (true) residual:
# Iteration = 4: |res|/|res0| = 2.46519e-11.

Computing volumes of the grid elements.
Non-linear iter.: 451/500. Linear iter.: 4. Min. area: 0.000148633. Error: 2.46519e-11.
Computing volumes of the grid elements.
Min. volume: 0.000148633, max. volume: 36.6042.

# FGMRES residual history
# Residual tolerance target = 1e-10
# Initial residual norm     = 1.0872e-07
     0     1
# FGMRES final (true) residual:
# Iteration = 4: |res|/|res0| = 2.46499e-11.

Computing volumes of the grid elements.
Non-linear iter.: 452/500. Linear iter.: 4. Min. area: 0.000148629. Error: 2.46499e-11.
Computing volumes of the grid elements.
Min. volume: 0.000148629, max. volume: 36.6043.

# FGMRES residual history
# Residual tolerance target = 1e-10
# Initial residual norm     = 1.08731e-07
     0     1
# FGMRES final (true) residual:
# Iteration = 4: |res|/|res0| = 2.4648e-11.

Computing volumes of the grid elements.
Non-linear iter.: 453/500. Linear iter.: 4. Min. area: 0.000148625. Error: 2.4648e-11.
Computing volumes of the grid elements.
Min. volume: 0.000148625, max. volume: 36.6043.

# FGMRES residual history
# Residual tolerance target = 1e-10
# Initial residual norm     = 1.08742e-07
     0     1
# FGMRES final (true) residual:
# Iteration = 4: |res|/|res0| = 2.4646e-11.

Computing volumes of the grid elements.
Non-linear iter.: 454/500. Linear iter.: 4. Min. area: 0.000148622. Error: 2.4646e-11.
Computing volumes of the grid elements.
Min. volume: 0.000148622, max. volume: 36.6044.

# FGMRES residual history
# Residual tolerance target = 1e-10
# Initial residual norm     = 1.08753e-07
     0     1
# FGMRES final (true) residual:
# Iteration = 4: |res|/|res0| = 2.46441e-11.

Computing volumes of the grid elements.
Non-linear iter.: 455/500. Linear iter.: 4. Min. area: 0.000148618. Error: 2.46441e-11.
Computing volumes of the grid elements.
Min. volume: 0.000148618, max. volume: 36.6045.

# FGMRES residual history
# Residual tolerance target = 1e-10
# Initial residual norm     = 1.08764e-07
     0     1
# FGMRES final (true) residual:
# Iteration = 4: |res|/|res0| = 2.46421e-11.

Computing volumes of the grid elements.
Non-linear iter.: 456/500. Linear iter.: 4. Min. area: 0.000148614. Error: 2.46421e-11.
Computing volumes of the grid elements.
Min. volume: 0.000148614, max. volume: 36.6046.

# FGMRES residual history
# Residual tolerance target = 1e-10
# Initial residual norm     = 1.08775e-07
     0     1
# FGMRES final (true) residual:
# Iteration = 4: |res|/|res0| = 2.46402e-11.

Computing volumes of the grid elements.
Non-linear iter.: 457/500. Linear iter.: 4. Min. area: 0.000148611. Error: 2.46402e-11.
Computing volumes of the grid elements.
Min. volume: 0.000148611, max. volume: 36.6047.

# FGMRES residual history
# Residual tolerance target = 1e-10
# Initial residual norm     = 1.08786e-07
     0     1
# FGMRES final (true) residual:
# Iteration = 4: |res|/|res0| = 2.46382e-11.

Computing volumes of the grid elements.
Non-linear iter.: 458/500. Linear iter.: 4. Min. area: 0.000148607. Error: 2.46382e-11.
Computing volumes of the grid elements.
Min. volume: 0.000148607, max. volume: 36.6048.

# FGMRES residual history
# Residual tolerance target = 1e-10
# Initial residual norm     = 1.08796e-07
     0     1
# FGMRES final (true) residual:
# Iteration = 4: |res|/|res0| = 2.46363e-11.

Computing volumes of the grid elements.
Non-linear iter.: 459/500. Linear iter.: 4. Min. area: 0.000148603. Error: 2.46363e-11.
Computing volumes of the grid elements.
Min. volume: 0.000148603, max. volume: 36.6049.

# FGMRES residual history
# Residual tolerance target = 1e-10
# Initial residual norm     = 1.08807e-07
     0     1
# FGMRES final (true) residual:
# Iteration = 4: |res|/|res0| = 2.46343e-11.

Computing volumes of the grid elements.
Non-linear iter.: 460/500. Linear iter.: 4. Min. area: 0.0001486. Error: 2.46343e-11.
Computing volumes of the grid elements.
Min. volume: 0.0001486, max. volume: 36.605.

# FGMRES residual history
# Residual tolerance target = 1e-10
# Initial residual norm     = 1.08818e-07
     0     1
# FGMRES final (true) residual:
# Iteration = 4: |res|/|res0| = 2.46324e-11.

Computing volumes of the grid elements.
Non-linear iter.: 461/500. Linear iter.: 4. Min. area: 0.000148596. Error: 2.46324e-11.
Computing volumes of the grid elements.
Min. volume: 0.000148596, max. volume: 36.6051.

# FGMRES residual history
# Residual tolerance target = 1e-10
# Initial residual norm     = 1.08829e-07
     0     1
# FGMRES final (true) residual:
# Iteration = 4: |res|/|res0| = 2.46304e-11.

Computing volumes of the grid elements.
Non-linear iter.: 462/500. Linear iter.: 4. Min. area: 0.000148592. Error: 2.46304e-11.
Computing volumes of the grid elements.
Min. volume: 0.000148592, max. volume: 36.6052.

# FGMRES residual history
# Residual tolerance target = 1e-10
# Initial residual norm     = 1.0884e-07
     0     1
# FGMRES final (true) residual:
# Iteration = 4: |res|/|res0| = 2.46284e-11.

Computing volumes of the grid elements.
Non-linear iter.: 463/500. Linear iter.: 4. Min. area: 0.000148589. Error: 2.46284e-11.
Computing volumes of the grid elements.
Min. volume: 0.000148589, max. volume: 36.6053.

# FGMRES residual history
# Residual tolerance target = 1e-10
# Initial residual norm     = 1.08851e-07
     0     1
# FGMRES final (true) residual:
# Iteration = 4: |res|/|res0| = 2.46265e-11.

Computing volumes of the grid elements.
Non-linear iter.: 464/500. Linear iter.: 4. Min. area: 0.000148585. Error: 2.46265e-11.
Computing volumes of the grid elements.
Min. volume: 0.000148585, max. volume: 36.6053.

# FGMRES residual history
# Residual tolerance target = 1e-10
# Initial residual norm     = 1.08862e-07
     0     1
# FGMRES final (true) residual:
# Iteration = 4: |res|/|res0| = 2.46245e-11.

Computing volumes of the grid elements.
Non-linear iter.: 465/500. Linear iter.: 4. Min. area: 0.000148581. Error: 2.46245e-11.
Computing volumes of the grid elements.
Min. volume: 0.000148581, max. volume: 36.6054.

# FGMRES residual history
# Residual tolerance target = 1e-10
# Initial residual norm     = 1.08873e-07
     0     1
# FGMRES final (true) residual:
# Iteration = 4: |res|/|res0| = 2.46226e-11.

Computing volumes of the grid elements.
Non-linear iter.: 466/500. Linear iter.: 4. Min. area: 0.000148577. Error: 2.46226e-11.
Computing volumes of the grid elements.
Min. volume: 0.000148577, max. volume: 36.6055.

# FGMRES residual history
# Residual tolerance target = 1e-10
# Initial residual norm     = 1.08884e-07
     0     1
# FGMRES final (true) residual:
# Iteration = 4: |res|/|res0| = 2.46206e-11.

Computing volumes of the grid elements.
Non-linear iter.: 467/500. Linear iter.: 4. Min. area: 0.000148574. Error: 2.46206e-11.
Computing volumes of the grid elements.
Min. volume: 0.000148574, max. volume: 36.6056.

# FGMRES residual history
# Residual tolerance target = 1e-10
# Initial residual norm     = 1.08895e-07
     0     1
# FGMRES final (true) residual:
# Iteration = 4: |res|/|res0| = 2.46186e-11.

Computing volumes of the grid elements.
Non-linear iter.: 468/500. Linear iter.: 4. Min. area: 0.00014857. Error: 2.46186e-11.
Computing volumes of the grid elements.
Min. volume: 0.00014857, max. volume: 36.6057.

# FGMRES residual history
# Residual tolerance target = 1e-10
# Initial residual norm     = 1.08906e-07
     0     1
# FGMRES final (true) residual:
# Iteration = 4: |res|/|res0| = 2.46167e-11.

Computing volumes of the grid elements.
Non-linear iter.: 469/500. Linear iter.: 4. Min. area: 0.000148566. Error: 2.46167e-11.
Computing volumes of the grid elements.
Min. volume: 0.000148566, max. volume: 36.6058.

# FGMRES residual history
# Residual tolerance target = 1e-10
# Initial residual norm     = 1.08917e-07
     0     1
# FGMRES final (true) residual:
# Iteration = 4: |res|/|res0| = 2.46147e-11.

Computing volumes of the grid elements.
Non-linear iter.: 470/500. Linear iter.: 4. Min. area: 0.000148563. Error: 2.46147e-11.
Computing volumes of the grid elements.
Min. volume: 0.000148563, max. volume: 36.6059.

# FGMRES residual history
# Residual tolerance target = 1e-10
# Initial residual norm     = 1.08928e-07
     0     1
# FGMRES final (true) residual:
# Iteration = 4: |res|/|res0| = 2.46128e-11.

Computing volumes of the grid elements.
Non-linear iter.: 471/500. Linear iter.: 4. Min. area: 0.000148559. Error: 2.46128e-11.
Computing volumes of the grid elements.
Min. volume: 0.000148559, max. volume: 36.606.

# FGMRES residual history
# Residual tolerance target = 1e-10
# Initial residual norm     = 1.08939e-07
     0     1
# FGMRES final (true) residual:
# Iteration = 4: |res|/|res0| = 2.46108e-11.

Computing volumes of the grid elements.
Non-linear iter.: 472/500. Linear iter.: 4. Min. area: 0.000148555. Error: 2.46108e-11.
Computing volumes of the grid elements.
Min. volume: 0.000148555, max. volume: 36.6061.

# FGMRES residual history
# Residual tolerance target = 1e-10
# Initial residual norm     = 1.0895e-07
     0     1
# FGMRES final (true) residual:
# Iteration = 4: |res|/|res0| = 2.46088e-11.

Computing volumes of the grid elements.
Non-linear iter.: 473/500. Linear iter.: 4. Min. area: 0.000148552. Error: 2.46088e-11.
Computing volumes of the grid elements.
Min. volume: 0.000148552, max. volume: 36.6062.

# FGMRES residual history
# Residual tolerance target = 1e-10
# Initial residual norm     = 1.08961e-07
     0     1
# FGMRES final (true) residual:
# Iteration = 4: |res|/|res0| = 2.46069e-11.

Computing volumes of the grid elements.
Non-linear iter.: 474/500. Linear iter.: 4. Min. area: 0.000148548. Error: 2.46069e-11.
Computing volumes of the grid elements.
Min. volume: 0.000148548, max. volume: 36.6063.

# FGMRES residual history
# Residual tolerance target = 1e-10
# Initial residual norm     = 1.08972e-07
     0     1
# FGMRES final (true) residual:
# Iteration = 4: |res|/|res0| = 2.46049e-11.

Computing volumes of the grid elements.
Non-linear iter.: 475/500. Linear iter.: 4. Min. area: 0.000148544. Error: 2.46049e-11.
Computing volumes of the grid elements.
Min. volume: 0.000148544, max. volume: 36.6064.

# FGMRES residual history
# Residual tolerance target = 1e-10
# Initial residual norm     = 1.08983e-07
     0     1
# FGMRES final (true) residual:
# Iteration = 4: |res|/|res0| = 2.46029e-11.

Computing volumes of the grid elements.
Non-linear iter.: 476/500. Linear iter.: 4. Min. area: 0.000148541. Error: 2.46029e-11.
Computing volumes of the grid elements.
Min. volume: 0.000148541, max. volume: 36.6064.

# FGMRES residual history
# Residual tolerance target = 1e-10
# Initial residual norm     = 1.08994e-07
     0     1
# FGMRES final (true) residual:
# Iteration = 4: |res|/|res0| = 2.4601e-11.

Computing volumes of the grid elements.
Non-linear iter.: 477/500. Linear iter.: 4. Min. area: 0.000148537. Error: 2.4601e-11.
Computing volumes of the grid elements.
Min. volume: 0.000148537, max. volume: 36.6065.

# FGMRES residual history
# Residual tolerance target = 1e-10
# Initial residual norm     = 1.09005e-07
     0     1
# FGMRES final (true) residual:
# Iteration = 4: |res|/|res0| = 2.4599e-11.

Computing volumes of the grid elements.
Non-linear iter.: 478/500. Linear iter.: 4. Min. area: 0.000148533. Error: 2.4599e-11.
Computing volumes of the grid elements.
Min. volume: 0.000148533, max. volume: 36.6066.

# FGMRES residual history
# Residual tolerance target = 1e-10
# Initial residual norm     = 1.09016e-07
     0     1
# FGMRES final (true) residual:
# Iteration = 4: |res|/|res0| = 2.4597e-11.

Computing volumes of the grid elements.
Non-linear iter.: 479/500. Linear iter.: 4. Min. area: 0.000148529. Error: 2.4597e-11.
Computing volumes of the grid elements.
Min. volume: 0.000148529, max. volume: 36.6067.

# FGMRES residual history
# Residual tolerance target = 1e-10
# Initial residual norm     = 1.09027e-07
     0     1
# FGMRES final (true) residual:
# Iteration = 4: |res|/|res0| = 2.4595e-11.

Computing volumes of the grid elements.
Non-linear iter.: 480/500. Linear iter.: 4. Min. area: 0.000148526. Error: 2.4595e-11.
Computing volumes of the grid elements.
Min. volume: 0.000148526, max. volume: 36.6068.

# FGMRES residual history
# Residual tolerance target = 1e-10
# Initial residual norm     = 1.09038e-07
     0     1
# FGMRES final (true) residual:
# Iteration = 4: |res|/|res0| = 2.45931e-11.

Computing volumes of the grid elements.
Non-linear iter.: 481/500. Linear iter.: 4. Min. area: 0.000148522. Error: 2.45931e-11.
Computing volumes of the grid elements.
Min. volume: 0.000148522, max. volume: 36.6069.

# FGMRES residual history
# Residual tolerance target = 1e-10
# Initial residual norm     = 1.09049e-07
     0     1
# FGMRES final (true) residual:
# Iteration = 4: |res|/|res0| = 2.45911e-11.

Computing volumes of the grid elements.
Non-linear iter.: 482/500. Linear iter.: 4. Min. area: 0.000148518. Error: 2.45911e-11.
Computing volumes of the grid elements.
Min. volume: 0.000148518, max. volume: 36.607.

# FGMRES residual history
# Residual tolerance target = 1e-10
# Initial residual norm     = 1.0906e-07
     0     1
# FGMRES final (true) residual:
# Iteration = 4: |res|/|res0| = 2.45891e-11.

Computing volumes of the grid elements.
Non-linear iter.: 483/500. Linear iter.: 4. Min. area: 0.000148515. Error: 2.45891e-11.
Computing volumes of the grid elements.
Min. volume: 0.000148515, max. volume: 36.6071.

# FGMRES residual history
# Residual tolerance target = 1e-10
# Initial residual norm     = 1.09071e-07
     0     1
# FGMRES final (true) residual:
# Iteration = 4: |res|/|res0| = 2.45871e-11.

Computing volumes of the grid elements.
Non-linear iter.: 484/500. Linear iter.: 4. Min. area: 0.000148511. Error: 2.45871e-11.
Computing volumes of the grid elements.
Min. volume: 0.000148511, max. volume: 36.6072.

# FGMRES residual history
# Residual tolerance target = 1e-10
# Initial residual norm     = 1.09082e-07
     0     1
# FGMRES final (true) residual:
# Iteration = 4: |res|/|res0| = 2.45852e-11.

Computing volumes of the grid elements.
Non-linear iter.: 485/500. Linear iter.: 4. Min. area: 0.000148507. Error: 2.45852e-11.
Computing volumes of the grid elements.
Min. volume: 0.000148507, max. volume: 36.6073.

# FGMRES residual history
# Residual tolerance target = 1e-10
# Initial residual norm     = 1.09093e-07
     0     1
# FGMRES final (true) residual:
# Iteration = 4: |res|/|res0| = 2.45832e-11.

Computing volumes of the grid elements.
Non-linear iter.: 486/500. Linear iter.: 4. Min. area: 0.000148504. Error: 2.45832e-11.
Computing volumes of the grid elements.
Min. volume: 0.000148504, max. volume: 36.6074.

# FGMRES residual history
# Residual tolerance target = 1e-10
# Initial residual norm     = 1.09104e-07
     0     1
# FGMRES final (true) residual:
# Iteration = 4: |res|/|res0| = 2.45812e-11.

Computing volumes of the grid elements.
Non-linear iter.: 487/500. Linear iter.: 4. Min. area: 0.0001485. Error: 2.45812e-11.
Computing volumes of the grid elements.
Min. volume: 0.0001485, max. volume: 36.6075.

# FGMRES residual history
# Residual tolerance target = 1e-10
# Initial residual norm     = 1.09115e-07
     0     1
# FGMRES final (true) residual:
# Iteration = 4: |res|/|res0| = 2.45792e-11.

Computing volumes of the grid elements.
Non-linear iter.: 488/500. Linear iter.: 4. Min. area: 0.000148496. Error: 2.45792e-11.
Computing volumes of the grid elements.
Min. volume: 0.000148496, max. volume: 36.6075.

# FGMRES residual history
# Residual tolerance target = 1e-10
# Initial residual norm     = 1.09127e-07
     0     1
# FGMRES final (true) residual:
# Iteration = 4: |res|/|res0| = 2.45773e-11.

Computing volumes of the grid elements.
Non-linear iter.: 489/500. Linear iter.: 4. Min. area: 0.000148493. Error: 2.45773e-11.
Computing volumes of the grid elements.
Min. volume: 0.000148493, max. volume: 36.6076.

# FGMRES residual history
# Residual tolerance target = 1e-10
# Initial residual norm     = 1.09138e-07
     0     1
# FGMRES final (true) residual:
# Iteration = 4: |res|/|res0| = 2.45753e-11.

Computing volumes of the grid elements.
Non-linear iter.: 490/500. Linear iter.: 4. Min. area: 0.000148489. Error: 2.45753e-11.
Computing volumes of the grid elements.
Min. volume: 0.000148489, max. volume: 36.6077.

# FGMRES residual history
# Residual tolerance target = 1e-10
# Initial residual norm     = 1.09149e-07
     0     1
# FGMRES final (true) residual:
# Iteration = 4: |res|/|res0| = 2.45733e-11.

Computing volumes of the grid elements.
Non-linear iter.: 491/500. Linear iter.: 4. Min. area: 0.000148485. Error: 2.45733e-11.
Computing volumes of the grid elements.
Min. volume: 0.000148485, max. volume: 36.6078.

# FGMRES residual history
# Residual tolerance target = 1e-10
# Initial residual norm     = 1.0916e-07
     0     1
# FGMRES final (true) residual:
# Iteration = 4: |res|/|res0| = 2.45713e-11.

Computing volumes of the grid elements.
Non-linear iter.: 492/500. Linear iter.: 4. Min. area: 0.000148482. Error: 2.45713e-11.
Computing volumes of the grid elements.
Min. volume: 0.000148482, max. volume: 36.6079.

# FGMRES residual history
# Residual tolerance target = 1e-10
# Initial residual norm     = 1.09171e-07
     0     1
# FGMRES final (true) residual:
# Iteration = 4: |res|/|res0| = 2.45693e-11.

Computing volumes of the grid elements.
Non-linear iter.: 493/500. Linear iter.: 4. Min. area: 0.000148478. Error: 2.45693e-11.
Computing volumes of the grid elements.
Min. volume: 0.000148478, max. volume: 36.608.

# FGMRES residual history
# Residual tolerance target = 1e-10
# Initial residual norm     = 1.09182e-07
     0     1
# FGMRES final (true) residual:
# Iteration = 4: |res|/|res0| = 2.45674e-11.

Computing volumes of the grid elements.
Non-linear iter.: 494/500. Linear iter.: 4. Min. area: 0.000148474. Error: 2.45674e-11.
Computing volumes of the grid elements.
Min. volume: 0.000148474, max. volume: 36.6081.

# FGMRES residual history
# Residual tolerance target = 1e-10
# Initial residual norm     = 1.09193e-07
     0     1
# FGMRES final (true) residual:
# Iteration = 4: |res|/|res0| = 2.45654e-11.

Computing volumes of the grid elements.
Non-linear iter.: 495/500. Linear iter.: 4. Min. area: 0.000148471. Error: 2.45654e-11.
Computing volumes of the grid elements.
Min. volume: 0.000148471, max. volume: 36.6082.

# FGMRES residual history
# Residual tolerance target = 1e-10
# Initial residual norm     = 1.09205e-07
     0     1
# FGMRES final (true) residual:
# Iteration = 4: |res|/|res0| = 2.45634e-11.

Computing volumes of the grid elements.
Non-linear iter.: 496/500. Linear iter.: 4. Min. area: 0.000148467. Error: 2.45634e-11.
Computing volumes of the grid elements.
Min. volume: 0.000148467, max. volume: 36.6083.

# FGMRES residual history
# Residual tolerance target = 1e-10
# Initial residual norm     = 1.09216e-07
     0     1
# FGMRES final (true) residual:
# Iteration = 4: |res|/|res0| = 2.45614e-11.

Computing volumes of the grid elements.
Non-linear iter.: 497/500. Linear iter.: 4. Min. area: 0.000148463. Error: 2.45614e-11.
Computing volumes of the grid elements.
Min. volume: 0.000148463, max. volume: 36.6084.

# FGMRES residual history
# Residual tolerance target = 1e-10
# Initial residual norm     = 1.09227e-07
     0     1
# FGMRES final (true) residual:
# Iteration = 4: |res|/|res0| = 2.45594e-11.

Computing volumes of the grid elements.
Non-linear iter.: 498/500. Linear iter.: 4. Min. area: 0.00014846. Error: 2.45594e-11.
Computing volumes of the grid elements.
Min. volume: 0.00014846, max. volume: 36.6085.

# FGMRES residual history
# Residual tolerance target = 1e-10
# Initial residual norm     = 1.09238e-07
     0     1
# FGMRES final (true) residual:
# Iteration = 4: |res|/|res0| = 2.45574e-11.

Computing volumes of the grid elements.
Non-linear iter.: 499/500. Linear iter.: 4. Min. area: 0.000148456. Error: 2.45574e-11.
Computing volumes of the grid elements.
Min. volume: 0.000148456, max. volume: 36.6086.

# FGMRES residual history
# Residual tolerance target = 1e-10
# Initial residual norm     = 1.09249e-07
     0     1
# FGMRES final (true) residual:
# Iteration = 4: |res|/|res0| = 2.45555e-11.

Computing volumes of the grid elements.
Non-linear iter.: 500/500. Linear iter.: 4. Min. area: 0.000148452. Error: 2.45555e-11.

Completed in 0.133934 seconds on 1 core.

----------------------- Write deformed grid files -----------------------
|SU2 mesh                           |mesh_deformed.su2                  |
Adding any FFD information to the SU2 file.

------------------------- Finalize Solver -------------------------
Deleted CNumerics container.
Deleted CSolver container.
Deleted CGeometry container.
Deleted CSurfaceMovement class.
Deleted CVolumetricMovement class.
Deleted CConfig container.
Deleted COutput class.

------------------------- Exit Success (SU2_DEF) ------------------------

