
-------------------------------------------------------------------------
|    ___ _   _ ___                                                      |
|   / __| | | |_  )   Release 8.4.0 "Harrier"                           |
|   \__ \ |_| |/ /                                                      |
|   |___/\___//___|   Suite (Mesh Deformation Code)                     |
|                                                                       |
-------------------------------------------------------------------------
| SU2 Project Website: https://su2code.github.io                        |
|                                                                       |
| The SU2 Project is maintained by the SU2 Foundation                   |
| (http://su2foundation.org)                                            |
-------------------------------------------------------------------------
| Copyright 2012-2026, SU2 Contributors                                 |
|                                                                       |
| SU2 is free software; you can redistribute it and/or                  |
| modify it under the terms of the GNU Lesser General Public            |
| License as published by the Free Software Foundation; either          |
| version 2.1 of the License, or (at your option) any later version.    |
|                                                                       |
| SU2 is distributed in the hope that it will be useful,                |
| but WITHOUT ANY WARRANTY; without even the implied warranty of        |
| MERCHANTABILITY or FITNESS FOR A PARTICULAR PURPOSE. See the GNU      |
| Lesser General Public License for more details.                       |
|                                                                       |
| You should have received a copy of the GNU Lesser General Public      |
| License along with SU2. If not, see <http://www.gnu.org/licenses/>.   |
-------------------------------------------------------------------------

----------------- Physical Case Definition ( Zone 0 ) -------------------
Input mesh file name: mesh_original.su2

---------------- Grid deformation parameters ( Zone 0 )  ----------------
Grid deformation using linear elasticity method.


-------------------- Output Information ( Zone 0 ) ----------------------
Output mesh file name: mesh_deformed.su2. 
Cell stiffness scaled by inverse of the cell volume.

------------- Config File Boundary Information ( Zone 0 ) ---------------
+-----------------------------------------------------------------------+
|                        Marker Type|                        Marker Name|
+-----------------------------------------------------------------------+
|                          Far-field|                           farfield|
+-----------------------------------------------------------------------+
|                     Heat flux wall|                            airfoil|
+-----------------------------------------------------------------------+
Two dimensional problem.
222 grid points.
235 volume elements.
2 surface markers.
50 boundary elements in index 0 (Marker = farfield).
159 boundary elements in index 1 (Marker = airfoil).
235 triangles.

----------------------- Preprocessing computations ----------------------
Setting local point connectivity.
Checking the numerical grid orientation of the interior elements.
All volume elements are correctly oriented.
There has been a re-orientation of 159 LINE surface elements.
Identify edges and vertices.
Setting the bound control volume structure.
Area of the computational grid: 599.937.
  Info: Ignoring the following volume output fields/groups:
  SOLUTION
Volume output fields: COORDINATES
Screen output fields: 
History output group(s): 
Warning: No (valid) fields chosen for convergence monitoring. Convergence monitoring inactive.
Warning: No (valid) fields chosen for time convergence monitoring. Time convergence monitoring inactive.

--------------------- Surface grid deformation (ZONE 0) -----------------
Performing the deformation of the surface grid.
Updating the surface coordinates from the input file.

------------------- Volumetric grid deformation (ZONE 0) ----------------
Performing the deformation of the volumetric grid.
Computing volumes of the grid elements.
Min. volume: 0.000148452, max. volume: 36.6087.

# FGMRES residual history
# Residual tolerance target = 1e-10
# Initial residual norm     = 7.01926e-10
     0     1
# FGMRES final (true) residual:
# Iteration = 4: |res|/|res0| = 3.26654e-12.

Computing volumes of the grid elements.
Non-linear iter.: 1/500. Linear iter.: 4. Min. area: 0.000148452. Error: 3.26654e-12.
Computing volumes of the grid elements.
Min. volume: 0.000148452, max. volume: 36.6087.

# FGMRES residual history
# Residual tolerance target = 1e-10
# Initial residual norm     = 7.01927e-10
     0     1
# FGMRES final (true) residual:
# Iteration = 4: |res|/|res0| = 3.26654e-12.

Computing volumes of the grid elements.
Non-linear iter.: 2/500. Linear iter.: 4. Min. area: 0.000148452. Error: 3.26654e-12.
Computing volumes of the grid elements.
Min. volume: 0.000148452, max. volume: 36.6087.

# FGMRES residual history
# Residual tolerance target = 1e-10
# Initial residual norm     = 7.01928e-10
     0     1
# FGMRES final (true) residual:
# Iteration = 4: |res|/|res0| = 3.26653e-12.

Computing volumes of the grid elements.
Non-linear iter.: 3/500. Linear iter.: 4. Min. area: 0.000148452. Error: 3.26653e-12.
Computing volumes of the grid elements.
Min. volume: 0.000148452, max. volume: 36.6087.

# FGMRES residual history
# Residual tolerance target = 1e-10
# Initial residual norm     = 7.0193e-10
     0     1
# FGMRES final (true) residual:
# Iteration = 4: |res|/|res0| = 3.26653e-12.

Computing volumes of the grid elements.
Non-linear iter.: 4/500. Linear iter.: 4. Min. area: 0.000148452. Error: 3.26653e-12.
Computing volumes of the grid elements.
Min. volume: 0.000148452, max. volume: 36.6087.

# FGMRES residual history
# Residual tolerance target = 1e-10
# Initial residual norm     = 7.01931e-10
     0     1
# FGMRES final (true) residual:
# Iteration = 4: |res|/|res0| = 3.26653e-12.

Computing volumes of the grid elements.
Non-linear iter.: 5/500. Linear iter.: 4. Min. area: 0.000148452. Error: 3.26653e-12.
Computing volumes of the grid elements.
Min. volume: 0.000148452, max. volume: 36.6087.

# FGMRES residual history
# Residual tolerance target = 1e-10
# Initial residual norm     = 7.01932e-10
     0     1
# FGMRES final (true) residual:
# Iteration = 4: |res|/|res0| = 3.26653e-12.

Computing volumes of the grid elements.
Non-linear iter.: 6/500. Linear iter.: 4. Min. area: 0.000148452. Error: 3.26653e-12.
Computing volumes of the grid elements.
Min. volume: 0.000148452, max. volume: 36.6087.

# FGMRES residual history
# Residual tolerance target = 1e-10
# Initial residual norm     = 7.01934e-10
     0     1
# FGMRES final (true) residual:
# Iteration = 4: |res|/|res0| = 3.26653e-12.

Computing volumes of the grid elements.
Non-linear iter.: 7/500. Linear iter.: 4. Min. area: 0.000148452. Error: 3.26653e-12.
Computing volumes of the grid elements.
Min. volume: 0.000148452, max. volume: 36.6087.

# FGMRES residual history
# Residual tolerance target = 1e-10
# Initial residual norm     = 7.01935e-10
     0     1
# FGMRES final (true) residual:
# Iteration = 4: |res|/|res0| = 3.26653e-12.

Computing volumes of the grid elements.
Non-linear iter.: 8/500. Linear iter.: 4. Min. area: 0.000148452. Error: 3.26653e-12.
Computing volumes of the grid elements.
Min. volume: 0.000148452, max. volume: 36.6087.

# FGMRES residual history
# Residual tolerance target = 1e-10
# Initial residual norm     = 7.01936e-10
     0     1
# FGMRES final (true) residual:
# Iteration = 4: |res|/|res0| = 3.26652e-12.

Computing volumes of the grid elements.
Non-linear iter.: 9/500. Linear iter.: 4. Min. area: 0.000148452. Error: 3.26652e-12.
Computing volumes of the grid elements.
Min. volume: 0.000148452, max. volume: 36.6087.

# FGMRES residual history
# Residual tolerance target = 1e-10
# Initial residual norm     = 7.01938e-10
     0     1
# FGMRES final (true) residual:
# Iteration = 4: |res|/|res0| = 3.26652e-12.

Computing volumes of the grid elements.
Non-linear iter.: 10/500. Linear iter.: 4. Min. area: 0.000148452. Error: 3.26652e-12.
Computing volumes of the grid elements.
Min. volume: 0.000148452, max. volume: 36.6087.

# FGMRES residual history
# Residual tolerance target = 1e-10
# Initial residual norm     = 7.01939e-10
     0     1
# FGMRES final (true) residual:
# Iteration = 4: |res|/|res0| = 3.26652e-12.

Computing volumes of the grid elements.
Non-linear iter.: 11/500. Linear iter.: 4. Min. area: 0.000148452. Error: 3.26652e-12.
Computing volumes of the grid elements.
Min. volume: 0.000148452, max. volume: 36.6087.

# FGMRES residual history
# Residual tolerance target = 1e-10
# Initial residual norm     = 7.0194e-10
     0     1
# FGMRES final (true) residual:
# Iteration = 4: |res|/|res0| = 3.26652e-12.

Computing volumes of the grid elements.
Non-linear iter.: 12/500. Linear iter.: 4. Min. area: 0.000148452. Error: 3.26652e-12.
Computing volumes of the grid elements.
Min. volume: 0.000148452, max. volume: 36.6087.

# FGMRES residual history
# Residual tolerance target = 1e-10
# Initial residual norm     = 7.01942e-10
     0     1
# FGMRES final (true) residual:
# Iteration = 4: |res|/|res0| = 3.26652e-12.

Computing volumes of the grid elements.
Non-linear iter.: 13/500. Linear iter.: 4. Min. area: 0.000148452. Error: 3.26652e-12.
Computing volumes of the grid elements.
Min. volume: 0.000148452, max. volume: 36.6087.

# FGMRES residual history
# Residual tolerance target = 1e-10
# Initial residual norm     = 7.01943e-10
     0     1
# FGMRES final (true) residual:
# Iteration = 4: |res|/|res0| = 3.26651e-12.

Computing volumes of the grid elements.
Non-linear iter.: 14/500. Linear iter.: 4. Min. area: 0.000148452. Error: 3.26651e-12.
Computing volumes of the grid elements.
Min. volume: 0.000148452, max. volume: 36.6087.

# FGMRES residual history
# Residual tolerance target = 1e-10
# Initial residual norm     = 7.01944e-10
     0     1
# FGMRES final (true) residual:
# Iteration = 4: |res|/|res0| = 3.26651e-12.

Computing volumes of the grid elements.
Non-linear iter.: 15/500. Linear iter.: 4. Min. area: 0.000148452. Error: 3.26651e-12.
Computing volumes of the grid elements.
Min. volume: 0.000148452, max. volume: 36.6087.

# FGMRES residual history
# Residual tolerance target = 1e-10
# Initial residual norm     = 7.01946e-10
     0     1
# FGMRES final (true) residual:
# Iteration = 4: |res|/|res0| = 3.26651e-12.

Computing volumes of the grid elements.
Non-linear iter.: 16/500. Linear iter.: 4. Min. area: 0.000148452. Error: 3.26651e-12.
Computing volumes of the grid elements.
Min. volume: 0.000148452, max. volume: 36.6087.

# FGMRES residual history
# Residual tolerance target = 1e-10
# Initial residual norm     = 7.01947e-10
     0     1
# FGMRES final (true) residual:
# Iteration = 4: |res|/|res0| = 3.26651e-12.

Computing volumes of the grid elements.
Non-linear iter.: 17/500. Linear iter.: 4. Min. area: 0.000148452. Error: 3.26651e-12.
Computing volumes of the grid elements.
Min. volume: 0.000148452, max. volume: 36.6087.

# FGMRES residual history
# Residual tolerance target = 1e-10
# Initial residual norm     = 7.01948e-10
     0     1
# FGMRES final (true) residual:
# Iteration = 4: |res|/|res0| = 3.26651e-12.

Computing volumes of the grid elements.
Non-linear iter.: 18/500. Linear iter.: 4. Min. area: 0.000148452. Error: 3.26651e-12.
Computing volumes of the grid elements.
Min. volume: 0.000148452, max. volume: 36.6087.

# FGMRES residual history
# Residual tolerance target = 1e-10
# Initial residual norm     = 7.0195e-10
     0     1
# FGMRES final (true) residual:
# Iteration = 4: |res|/|res0| = 3.26651e-12.

Computing volumes of the grid elements.
Non-linear iter.: 19/500. Linear iter.: 4. Min. area: 0.000148452. Error: 3.26651e-12.
Computing volumes of the grid elements.
Min. volume: 0.000148452, max. volume: 36.6087.

# FGMRES residual history
# Residual tolerance target = 1e-10
# Initial residual norm     = 7.01951e-10
     0     1
# FGMRES final (true) residual:
# Iteration = 4: |res|/|res0| = 3.2665e-12.

Computing volumes of the grid elements.
Non-linear iter.: 20/500. Linear iter.: 4. Min. area: 0.000148452. Error: 3.2665e-12.
Computing volumes of the grid elements.
Min. volume: 0.000148452, max. volume: 36.6087.

# FGMRES residual history
# Residual tolerance target = 1e-10
# Initial residual norm     = 7.01952e-10
     0     1
# FGMRES final (true) residual:
# Iteration = 4: |res|/|res0| = 3.2665e-12.

Computing volumes of the grid elements.
Non-linear iter.: 21/500. Linear iter.: 4. Min. area: 0.000148452. Error: 3.2665e-12.
Computing volumes of the grid elements.
Min. volume: 0.000148452, max. volume: 36.6087.

# FGMRES residual history
# Residual tolerance target = 1e-10
# Initial residual norm     = 7.01954e-10
     0     1
# FGMRES final (true) residual:
# Iteration = 4: |res|/|res0| = 3.2665e-12.

Computing volumes of the grid elements.
Non-linear iter.: 22/500. Linear iter.: 4. Min. area: 0.000148452. Error: 3.2665e-12.
Computing volumes of the grid elements.
Min. volume: 0.000148452, max. volume: 36.6087.

# FGMRES residual history
# Residual tolerance target = 1e-10
# Initial residual norm     = 7.01955e-10
     0     1
# FGMRES final (true) residual:
# Iteration = 4: |res|/|res0| = 3.2665e-12.

Computing volumes of the grid elements.
Non-linear iter.: 23/500. Linear iter.: 4. Min. area: 0.000148452. Error: 3.2665e-12.
Computing volumes of the grid elements.
Min. volume: 0.000148452, max. volume: 36.6087.

# FGMRES residual history
# Residual tolerance target = 1e-10
# Initial residual norm     = 7.01956e-10
     0     1
# FGMRES final (true) residual:
# Iteration = 4: |res|/|res0| = 3.2665e-12.

Computing volumes of the grid elements.
Non-linear iter.: 24/500. Linear iter.: 4. Min. area: 0.000148452. Error: 3.2665e-12.
Computing volumes of the grid elements.
Min. volume: 0.000148452, max. volume: 36.6087.

# FGMRES residual history
# Residual tolerance target = 1e-10
# Initial residual norm     = 7.01958e-10
     0     1
# FGMRES final (true) residual:
# Iteration = 4: |res|/|res0| = 3.26649e-12.

Computing volumes of the grid elements.
Non-linear iter.: 25/500. Linear iter.: 4. Min. area: 0.000148452. Error: 3.26649e-12.
Computing volumes of the grid elements.
Min. volume: 0.000148452, max. volume: 36.6087.

# FGMRES residual history
# Residual tolerance target = 1e-10
# Initial residual norm     = 7.01959e-10
     0     1
# FGMRES final (true) residual:
# Iteration = 4: |res|/|res0| = 3.26649e-12.

Computing volumes of the grid elements.
Non-linear iter.: 26/500. Linear iter.: 4. Min. area: 0.000148452. Error: 3.26649e-12.
Computing volumes of the grid elements.
Min. volume: 0.000148452, max. volume: 36.6087.

# FGMRES residual history
# Residual tolerance target = 1e-10
# Initial residual norm     = 7.0196e-10
     0     1
# FGMRES final (true) residual:
# Iteration = 4: |res|/|res0| = 3.26649e-12.

Computing volumes of the grid elements.
Non-linear iter.: 27/500. Linear iter.: 4. Min. area: 0.000148452. Error: 3.26649e-12.
Computing volumes of the grid elements.
Min. volume: 0.000148452, max. volume: 36.6087.

# FGMRES residual history
# Residual tolerance target = 1e-10
# Initial residual norm     = 7.01962e-10
     0     1
# FGMRES final (true) residual:
# Iteration = 4: |res|/|res0| = 3.26649e-12.

Computing volumes of the grid elements.
Non-linear iter.: 28/500. Linear iter.: 4. Min. area: 0.000148452. Error: 3.26649e-12.
Computing volumes of the grid elements.
Min. volume: 0.000148452, max. volume: 36.6087.

# FGMRES residual history
# Residual tolerance target = 1e-10
# Initial residual norm     = 7.01963e-10
     0     1
# FGMRES final (true) residual:
# Iteration = 4: |res|/|res0| = 3.26649e-12.

Computing volumes of the grid elements.
Non-linear iter.: 29/500. Linear iter.: 4. Min. area: 0.000148452. Error: 3.26649e-12.
Computing volumes of the grid elements.
Min. volume: 0.000148452, max. volume: 36.6087.

# FGMRES residual history
# Residual tolerance target = 1e-10
# Initial residual norm     = 7.01964e-10
     0     1
# FGMRES final (true) residual:
# Iteration = 4: |res|/|res0| = 3.26649e-12.

Computing volumes of the grid elements.
Non-linear iter.: 30/500. Linear iter.: 4. Min. area: 0.000148452. Error: 3.26649e-12.
Computing volumes of the grid elements.
Min. volume: 0.000148452, max. volume: 36.6087.

# FGMRES residual history
# Residual tolerance target = 1e-10
# Initial residual norm     = 7.01966e-10
     0     1
# FGMRES final (true) residual:
# Iteration = 4: |res|/|res0| = 3.26648e-12.

Computing volumes of the grid elements.
Non-linear iter.: 31/500. Linear iter.: 4. Min. area: 0.000148452. Error: 3.26648e-12.
Computing volumes of the grid elements.
Min. volume: 0.000148452, max. volume: 36.6087.

# FGMRES residual history
# Residual tolerance target = 1e-10
# Initial residual norm     = 7.01967e-10
     0     1
# FGMRES final (true) residual:
# Iteration = 4: |res|/|res0| = 3.26648e-12.

Computing volumes of the grid elements.
Non-linear iter.: 32/500. Linear iter.: 4. Min. area: 0.000148452. Error: 3.26648e-12.
Computing volumes of the grid elements.
Min. volume: 0.000148452, max. volume: 36.6087.

# FGMRES residual history
# Residual tolerance target = 1e-10
# Initial residual norm     = 7.01968e-10
     0     1
# FGMRES final (true) residual:
# Iteration = 4: |res|/|res0| = 3.26648e-12.

Computing volumes of the grid elements.
Non-linear iter.: 33/500. Linear iter.: 4. Min. area: 0.000148452. Error: 3.26648e-12.
Computing volumes of the grid elements.
Min. volume: 0.000148452, max. volume: 36.6087.

# FGMRES residual history
# Residual tolerance target = 1e-10
# Initial residual norm     = 7.0197e-10
     0     1
# FGMRES final (true) residual:
# Iteration = 4: |res|/|res0| = 3.26648e-12.

Computing volumes of the grid elements.
Non-linear iter.: 34/500. Linear iter.: 4. Min. area: 0.000148452. Error: 3.26648e-12.
Computing volumes of the grid elements.
Min. volume: 0.000148452, max. volume: 36.6087.

# FGMRES residual history
# Residual tolerance target = 1e-10
# Initial residual norm     = 7.01971e-10
     0     1
# FGMRES final (true) residual:
# Iteration = 4: |res|/|res0| = 3.26648e-12.

Computing volumes of the grid elements.
Non-linear iter.: 35/500. Linear iter.: 4. Min. area: 0.000148452. Error: 3.26648e-12.
Computing volumes of the grid elements.
Min. volume: 0.000148452, max. volume: 36.6087.

# FGMRES residual history
# Residual tolerance target = 1e-10
# Initial residual norm     = 7.01972e-10
     0     1
# FGMRES final (true) residual:
# Iteration = 4: |res|/|res0| = 3.26647e-12.

Computing volumes of the grid elements.
Non-linear iter.: 36/500. Linear iter.: 4. Min. area: 0.000148452. Error: 3.26647e-12.
Computing volumes of the grid elements.
Min. volume: 0.000148452, max. volume: 36.6087.

# FGMRES residual history
# Residual tolerance target = 1e-10
# Initial residual norm     = 7.01974e-10
     0     1
# FGMRES final (true) residual:
# Iteration = 4: |res|/|res0| = 3.26647e-12.

Computing volumes of the grid elements.
Non-linear iter.: 37/500. Linear iter.: 4. Min. area: 0.000148452. Error: 3.26647e-12.
Computing volumes of the grid elements.
Min. volume: 0.000148452, max. volume: 36.6087.

# FGMRES residual history
# Residual tolerance target = 1e-10
# Initial residual norm     = 7.01975e-10
     0     1
# FGMRES final (true) residual:
# Iteration = 4: |res|/|res0| = 3.26647e-12.

Computing volumes of the grid elements.
Non-linear iter.: 38/500. Linear iter.: 4. Min. area: 0.000148452. Error: 3.26647e-12.
Computing volumes of the grid elements.
Min. volume: 0.000148452, max. volume: 36.6087.

# FGMRES residual history
# Residual tolerance target = 1e-10
# Initial residual norm     = 7.01976e-10
     0     1
# FGMRES final (true) residual:
# Iteration = 4: |res|/|res0| = 3.26647e-12.

Computing volumes of the grid elements.
Non-linear iter.: 39/500. Linear iter.: 4. Min. area: 0.000148452. Error: 3.26647e-12.
Computing volumes of the grid elements.
Min. volume: 0.000148452, max. volume: 36.6087.

# FGMRES residual history
# Residual tolerance target = 1e-10
# Initial residual norm     = 7.01978e-10
     0     1
# FGMRES final (true) residual:
# Iteration = 4: |res|/|res0| = 3.26647e-12.

Computing volumes of the grid elements.
Non-linear iter.: 40/500. Linear iter.: 4. Min. area: 0.000148452. Error: 3.26647e-12.
Computing volumes of the grid elements.
Min. volume: 0.000148452, max. volume: 36.6087.

# FGMRES residual history
# Residual tolerance target = 1e-10
# Initial residual norm     = 7.01979e-10
     0     1
# FGMRES final (true) residual:
# Iteration = 4: |res|/|res0| = 3.26647e-12.

Computing volumes of the grid elements.
Non-linear iter.: 41/500. Linear iter.: 4. Min. area: 0.000148452. Error: 3.26647e-12.
Computing volumes of the grid elements.
Min. volume: 0.000148452, max. volume: 36.6087.

# FGMRES residual history
# Residual tolerance target = 1e-10
# Initial residual norm     = 7.0198e-10
     0     1
# FGMRES final (true) residual:
# Iteration = 4: |res|/|res0| = 3.26646e-12.

Computing volumes of the grid elements.
Non-linear iter.: 42/500. Linear iter.: 4. Min. area: 0.000148452. Error: 3.26646e-12.
Computing volumes of the grid elements.
Min. volume: 0.000148452, max. volume: 36.6087.

# FGMRES residual history
# Residual tolerance target = 1e-10
# Initial residual norm     = 7.01982e-10
     0     1
# FGMRES final (true) residual:
# Iteration = 4: |res|/|res0| = 3.26646e-12.

Computing volumes of the grid elements.
Non-linear iter.: 43/500. Linear iter.: 4. Min. area: 0.000148452. Error: 3.26646e-12.
Computing volumes of the grid elements.
Min. volume: 0.000148452, max. volume: 36.6087.

# FGMRES residual history
# Residual tolerance target = 1e-10
# Initial residual norm     = 7.01983e-10
     0     1
# FGMRES final (true) residual:
# Iteration = 4: |res|/|res0| = 3.26646e-12.

Computing volumes of the grid elements.
Non-linear iter.: 44/500. Linear iter.: 4. Min. area: 0.000148452. Error: 3.26646e-12.
Computing volumes of the grid elements.
Min. volume: 0.000148452, max. volume: 36.6087.

# FGMRES residual history
# Residual tolerance target = 1e-10
# Initial residual norm     = 7.01984e-10
     0     1
# FGMRES final (true) residual:
# Iteration = 4: |res|/|res0| = 3.26646e-12.

Computing volumes of the grid elements.
Non-linear iter.: 45/500. Linear iter.: 4. Min. area: 0.000148452. Error: 3.26646e-12.
Computing volumes of the grid elements.
Min. volume: 0.000148452, max. volume: 36.6087.

# FGMRES residual history
# Residual tolerance target = 1e-10
# Initial residual norm     = 7.01986e-10
     0     1
# FGMRES final (true) residual:
# Iteration = 4: |res|/|res0| = 3.26646e-12.

Computing volumes of the grid elements.
Non-linear iter.: 46/500. Linear iter.: 4. Min. area: 0.000148452. Error: 3.26646e-12.
Computing volumes of the grid elements.
Min. volume: 0.000148452, max. volume: 36.6087.

# FGMRES residual history
# Residual tolerance target = 1e-10
# Initial residual norm     = 7.01987e-10
     0     1
# FGMRES final (true) residual:
# Iteration = 4: |res|/|res0| = 3.26646e-12.

Computing volumes of the grid elements.
Non-linear iter.: 47/500. Linear iter.: 4. Min. area: 0.000148452. Error: 3.26646e-12.
Computing volumes of the grid elements.
Min. volume: 0.000148452, max. volume: 36.6087.

# FGMRES residual history
# Residual tolerance target = 1e-10
# Initial residual norm     = 7.01988e-10
     0     1
# FGMRES final (true) residual:
# Iteration = 4: |res|/|res0| = 3.26645e-12.

Computing volumes of the grid elements.
Non-linear iter.: 48/500. Linear iter.: 4. Min. area: 0.000148452. Error: 3.26645e-12.
Computing volumes of the grid elements.
Min. volume: 0.000148452, max. volume: 36.6087.

# FGMRES residual history
# Residual tolerance target = 1e-10
# Initial residual norm     = 7.0199e-10
     0     1
# FGMRES final (true) residual:
# Iteration = 4: |res|/|res0| = 3.26645e-12.

Computing volumes of the grid elements.
Non-linear iter.: 49/500. Linear iter.: 4. Min. area: 0.000148452. Error: 3.26645e-12.
Computing volumes of the grid elements.
Min. volume: 0.000148452, max. volume: 36.6087.

# FGMRES residual history
# Residual tolerance target = 1e-10
# Initial residual norm     = 7.01991e-10
     0     1
# FGMRES final (true) residual:
# Iteration = 4: |res|/|res0| = 3.26645e-12.

Computing volumes of the grid elements.
Non-linear iter.: 50/500. Linear iter.: 4. Min. area: 0.000148452. Error: 3.26645e-12.
Computing volumes of the grid elements.
Min. volume: 0.000148452, max. volume: 36.6087.

# FGMRES residual history
# Residual tolerance target = 1e-10
# Initial residual norm     = 7.01992e-10
     0     1
# FGMRES final (true) residual:
# Iteration = 4: |res|/|res0| = 3.26645e-12.

Computing volumes of the grid elements.
Non-linear iter.: 51/500. Linear iter.: 4. Min. area: 0.000148452. Error: 3.26645e-12.
Computing volumes of the grid elements.
Min. volume: 0.000148452, max. volume: 36.6087.

# FGMRES residual history
# Residual tolerance target = 1e-10
# Initial residual norm     = 7.01994e-10
     0     1
# FGMRES final (true) residual:
# Iteration = 4: |res|/|res0| = 3.26645e-12.

Computing volumes of the grid elements.
Non-linear iter.: 52/500. Linear iter.: 4. Min. area: 0.000148452. Error: 3.26645e-12.
Computing volumes of the grid elements.
Min. volume: 0.000148452, max. volume: 36.6087.

# FGMRES residual history
# Residual tolerance target = 1e-10
# Initial residual norm     = 7.01995e-10
     0     1
# FGMRES final (true) residual:
# Iteration = 4: |res|/|res0| = 3.26644e-12.

Computing volumes of the grid elements.
Non-linear iter.: 53/500. Linear iter.: 4. Min. area: 0.000148452. Error: 3.26644e-12.
Computing volumes of the grid elements.
Min. volume: 0.000148452, max. volume: 36.6087.

# FGMRES residual history
# Residual tolerance target = 1e-10
# Initial residual norm     = 7.01996e-10
     0     1
# FGMRES final (true) residual:
# Iteration = 4: |res|/|res0| = 3.26644e-12.

Computing volumes of the grid elements.
Non-linear iter.: 54/500. Linear iter.: 4. Min. area: 0.000148452. Error: 3.26644e-12.
Computing volumes of the grid elements.
Min. volume: 0.000148452, max. volume: 36.6087.

# FGMRES residual history
# Residual tolerance target = 1e-10
# Initial residual norm     = 7.01998e-10
     0     1
# FGMRES final (true) residual:
# Iteration = 4: |res|/|res0| = 3.26644e-12.

Computing volumes of the grid elements.
Non-linear iter.: 55/500. Linear iter.: 4. Min. area: 0.000148452. Error: 3.26644e-12.
Computing volumes of the grid elements.
Min. volume: 0.000148452, max. volume: 36.6087.

# FGMRES residual history
# Residual tolerance target = 1e-10
# Initial residual norm     = 7.01999e-10
     0     1
# FGMRES final (true) residual:
# Iteration = 4: |res|/|res0| = 3.26644e-12.

Computing volumes of the grid elements.
Non-linear iter.: 56/500. Linear iter.: 4. Min. area: 0.000148452. Error: 3.26644e-12.
Computing volumes of the grid elements.
Min. volume: 0.000148452, max. volume: 36.6087.

# FGMRES residual history
# Residual tolerance target = 1e-10
# Initial residual norm     = 7.02001e-10
     0     1
# FGMRES final (true) residual:
# Iteration = 4: |res|/|res0| = 3.26644e-12.

Computing volumes of the grid elements.
Non-linear iter.: 57/500. Linear iter.: 4. Min. area: 0.000148452. Error: 3.26644e-12.
Computing volumes of the grid elements.
Min. volume: 0.000148452, max. volume: 36.6087.

# FGMRES residual history
# Residual tolerance target = 1e-10
# Initial residual norm     = 7.02002e-10
     0     1
# FGMRES final (true) residual:
# Iteration = 4: |res|/|res0| = 3.26644e-12.

Computing volumes of the grid elements.
Non-linear iter.: 58/500. Linear iter.: 4. Min. area: 0.000148452. Error: 3.26644e-12.
Computing volumes of the grid elements.
Min. volume: 0.000148452, max. volume: 36.6087.

# FGMRES residual history
# Residual tolerance target = 1e-10
# Initial residual norm     = 7.02003e-10
     0     1
# FGMRES final (true) residual:
# Iteration = 4: |res|/|res0| = 3.26643e-12.

Computing volumes of the grid elements.
Non-linear iter.: 59/500. Linear iter.: 4. Min. area: 0.000148452. Error: 3.26643e-12.
Computing volumes of the grid elements.
Min. volume: 0.000148452, max. volume: 36.6087.

# FGMRES residual history
# Residual tolerance target = 1e-10
# Initial residual norm     = 7.02005e-10
     0     1
# FGMRES final (true) residual:
# Iteration = 4: |res|/|res0| = 3.26643e-12.

Computing volumes of the grid elements.
Non-linear iter.: 60/500. Linear iter.: 4. Min. area: 0.000148452. Error: 3.26643e-12.
Computing volumes of the grid elements.
Min. volume: 0.000148452, max. volume: 36.6087.

# FGMRES residual history
# Residual tolerance target = 1e-10
# Initial residual norm     = 7.02006e-10
     0     1
# FGMRES final (true) residual:
# Iteration = 4: |res|/|res0| = 3.26643e-12.

Computing volumes of the grid elements.
Non-linear iter.: 61/500. Linear iter.: 4. Min. area: 0.000148452. Error: 3.26643e-12.
Computing volumes of the grid elements.
Min. volume: 0.000148452, max. volume: 36.6087.

# FGMRES residual history
# Residual tolerance target = 1e-10
# Initial residual norm     = 7.02007e-10
     0     1
# FGMRES final (true) residual:
# Iteration = 4: |res|/|res0| = 3.26643e-12.

Computing volumes of the grid elements.
Non-linear iter.: 62/500. Linear iter.: 4. Min. area: 0.000148452. Error: 3.26643e-12.
Computing volumes of the grid elements.
Min. volume: 0.000148452, max. volume: 36.6087.

# FGMRES residual history
# Residual tolerance target = 1e-10
# Initial residual norm     = 7.02009e-10
     0     1
# FGMRES final (true) residual:
# Iteration = 4: |res|/|res0| = 3.26643e-12.

Computing volumes of the grid elements.
Non-linear iter.: 63/500. Linear iter.: 4. Min. area: 0.000148452. Error: 3.26643e-12.
Computing volumes of the grid elements.
Min. volume: 0.000148452, max. volume: 36.6087.

# FGMRES residual history
# Residual tolerance target = 1e-10
# Initial residual norm     = 7.0201e-10
     0     1
# FGMRES final (true) residual:
# Iteration = 4: |res|/|res0| = 3.26642e-12.

Computing volumes of the grid elements.
Non-linear iter.: 64/500. Linear iter.: 4. Min. area: 0.000148452. Error: 3.26642e-12.
Computing volumes of the grid elements.
Min. volume: 0.000148452, max. volume: 36.6087.

# FGMRES residual history
# Residual tolerance target = 1e-10
# Initial residual norm     = 7.02011e-10
     0     1
# FGMRES final (true) residual:
# Iteration = 4: |res|/|res0| = 3.26642e-12.

Computing volumes of the grid elements.
Non-linear iter.: 65/500. Linear iter.: 4. Min. area: 0.000148452. Error: 3.26642e-12.
Computing volumes of the grid elements.
Min. volume: 0.000148452, max. volume: 36.6087.

# FGMRES residual history
# Residual tolerance target = 1e-10
# Initial residual norm     = 7.02013e-10
     0     1
# FGMRES final (true) residual:
# Iteration = 4: |res|/|res0| = 3.26642e-12.

Computing volumes of the grid elements.
Non-linear iter.: 66/500. Linear iter.: 4. Min. area: 0.000148452. Error: 3.26642e-12.
Computing volumes of the grid elements.
Min. volume: 0.000148452, max. volume: 36.6087.

# FGMRES residual history
# Residual tolerance target = 1e-10
# Initial residual norm     = 7.02014e-10
     0     1
# FGMRES final (true) residual:
# Iteration = 4: |res|/|res0| = 3.26642e-12.

Computing volumes of the grid elements.
Non-linear iter.: 67/500. Linear iter.: 4. Min. area: 0.000148452. Error: 3.26642e-12.
Computing volumes of the grid elements.
Min. volume: 0.000148452, max. volume: 36.6087.

# FGMRES residual history
# Residual tolerance target = 1e-10
# Initial residual norm     = 7.02015e-10
     0     1
# FGMRES final (true) residual:
# Iteration = 4: |res|/|res0| = 3.26642e-12.

Computing volumes of the grid elements.
Non-linear iter.: 68/500. Linear iter.: 4. Min. area: 0.000148452. Error: 3.26642e-12.
Computing volumes of the grid elements.
Min. volume: 0.000148452, max. volume: 36.6087.

# FGMRES residual history
# Residual tolerance target = 1e-10
# Initial residual norm     = 7.02017e-10
     0     1
# FGMRES final (true) residual:
# Iteration = 4: |res|/|res0| = 3.26642e-12.

Computing volumes of the grid elements.
Non-linear iter.: 69/500. Linear iter.: 4. Min. area: 0.000148452. Error: 3.26642e-12.
Computing volumes of the grid elements.
Min. volume: 0.000148452, max. volume: 36.6087.

# FGMRES residual history
# Residual tolerance target = 1e-10
# Initial residual norm     = 7.02018e-10
     0     1
# FGMRES final (true) residual:
# Iteration = 4: |res|/|res0| = 3.26641e-12.

Computing volumes of the grid elements.
Non-linear iter.: 70/500. Linear iter.: 4. Min. area: 0.000148452. Error: 3.26641e-12.
Computing volumes of the grid elements.
Min. volume: 0.000148452, max. volume: 36.6087.

# FGMRES residual history
# Residual tolerance target = 1e-10
# Initial residual norm     = 7.02019e-10
     0     1
# FGMRES final (true) residual:
# Iteration = 4: |res|/|res0| = 3.26641e-12.

Computing volumes of the grid elements.
Non-linear iter.: 71/500. Linear iter.: 4. Min. area: 0.000148452. Error: 3.26641e-12.
Computing volumes of the grid elements.
Min. volume: 0.000148452, max. volume: 36.6088.

# FGMRES residual history
# Residual tolerance target = 1e-10
# Initial residual norm     = 7.02021e-10
     0     1
# FGMRES final (true) residual:
# Iteration = 4: |res|/|res0| = 3.26641e-12.

Computing volumes of the grid elements.
Non-linear iter.: 72/500. Linear iter.: 4. Min. area: 0.000148452. Error: 3.26641e-12.
Computing volumes of the grid elements.
Min. volume: 0.000148452, max. volume: 36.6088.

# FGMRES residual history
# Residual tolerance target = 1e-10
# Initial residual norm     = 7.02022e-10
     0     1
# FGMRES final (true) residual:
# Iteration = 4: |res|/|res0| = 3.26641e-12.

Computing volumes of the grid elements.
Non-linear iter.: 73/500. Linear iter.: 4. Min. area: 0.000148452. Error: 3.26641e-12.
Computing volumes of the grid elements.
Min. volume: 0.000148452, max. volume: 36.6088.

# FGMRES residual history
# Residual tolerance target = 1e-10
# Initial residual norm     = 7.02023e-10
     0     1
# FGMRES final (true) residual:
# Iteration = 4: |res|/|res0| = 3.26641e-12.

Computing volumes of the grid elements.
Non-linear iter.: 74/500. Linear iter.: 4. Min. area: 0.000148452. Error: 3.26641e-12.
Computing volumes of the grid elements.
Min. volume: 0.000148452, max. volume: 36.6088.

# FGMRES residual history
# Residual tolerance target = 1e-10
# Initial residual norm     = 7.02025e-10
     0     1
# FGMRES final (true) residual:
# Iteration = 4: |res|/|res0| = 3.2664e-12.

Computing volumes of the grid elements.
Non-linear iter.: 75/500. Linear iter.: 4. Min. area: 0.000148452. Error: 3.2664e-12.
Computing volumes of the grid elements.
Min. volume: 0.000148452, max. volume: 36.6088.

# FGMRES residual history
# Residual tolerance target = 1e-10
# Initial residual norm     = 7.02026e-10
     0     1
# FGMRES final (true) residual:
# Iteration = 4: |res|/|res0| = 3.2664e-12.

Computing volumes of the grid elements.
Non-linear iter.: 76/500. Linear iter.: 4. Min. area: 0.000148452. Error: 3.2664e-12.
Computing volumes of the grid elements.
Min. volume: 0.000148452, max. volume: 36.6088.

# FGMRES residual history
# Residual tolerance target = 1e-10
# Initial residual norm     = 7.02027e-10
     0     1
# FGMRES final (true) residual:
# Iteration = 4: |res|/|res0| = 3.2664e-12.

Computing volumes of the grid elements.
Non-linear iter.: 77/500. Linear iter.: 4. Min. area: 0.000148452. Error: 3.2664e-12.
Computing volumes of the grid elements.
Min. volume: 0.000148452, max. volume: 36.6088.

# FGMRES residual history
# Residual tolerance target = 1e-10
# Initial residual norm     = 7.02029e-10
     0     1
# FGMRES final (true) residual:
# Iteration = 4: |res|/|res0| = 3.2664e-12.

Computing volumes of the grid elements.
Non-linear iter.: 78/500. Linear iter.: 4. Min. area: 0.000148452. Error: 3.2664e-12.
Computing volumes of the grid elements.
Min. volume: 0.000148452, max. volume: 36.6088.

# FGMRES residual history
# Residual tolerance target = 1e-10
# Initial residual norm     = 7.0203e-10
     0     1
# FGMRES final (true) residual:
# Iteration = 4: |res|/|res0| = 3.2664e-12.

Computing volumes of the grid elements.
Non-linear iter.: 79/500. Linear iter.: 4. Min. area: 0.000148452. Error: 3.2664e-12.
Computing volumes of the grid elements.
Min. volume: 0.000148452, max. volume: 36.6088.

# FGMRES residual history
# Residual tolerance target = 1e-10
# Initial residual norm     = 7.02031e-10
     0     1
# FGMRES final (true) residual:
# Iteration = 4: |res|/|res0| = 3.2664e-12.

Computing volumes of the grid elements.
Non-linear iter.: 80/500. Linear iter.: 4. Min. area: 0.000148452. Error: 3.2664e-12.
Computing volumes of the grid elements.
Min. volume: 0.000148452, max. volume: 36.6088.

# FGMRES residual history
# Residual tolerance target = 1e-10
# Initial residual norm     = 7.02033e-10
     0     1
# FGMRES final (true) residual:
# Iteration = 4: |res|/|res0| = 3.26639e-12.

Computing volumes of the grid elements.
Non-linear iter.: 81/500. Linear iter.: 4. Min. area: 0.000148452. Error: 3.26639e-12.
Computing volumes of the grid elements.
Min. volume: 0.000148452, max. volume: 36.6088.

# FGMRES residual history
# Residual tolerance target = 1e-10
# Initial residual norm     = 7.02034e-10
     0     1
# FGMRES final (true) residual:
# Iteration = 4: |res|/|res0| = 3.26639e-12.

Computing volumes of the grid elements.
Non-linear iter.: 82/500. Linear iter.: 4. Min. area: 0.000148452. Error: 3.26639e-12.
Computing volumes of the grid elements.
Min. volume: 0.000148452, max. volume: 36.6088.

# FGMRES residual history
# Residual tolerance target = 1e-10
# Initial residual norm     = 7.02035e-10
     0     1
# FGMRES final (true) residual:
# Iteration = 4: |res|/|res0| = 3.26639e-12.

Computing volumes of the grid elements.
Non-linear iter.: 83/500. Linear iter.: 4. Min. area: 0.000148452. Error: 3.26639e-12.
Computing volumes of the grid elements.
Min. volume: 0.000148452, max. volume: 36.6088.

# FGMRES residual history
# Residual tolerance target = 1e-10
# Initial residual norm     = 7.02037e-10
     0     1
# FGMRES final (true) residual:
# Iteration = 4: |res|/|res0| = 3.26639e-12.

Computing volumes of the grid elements.
Non-linear iter.: 84/500. Linear iter.: 4. Min. area: 0.000148452. Error: 3.26639e-12.
Computing volumes of the grid elements.
Min. volume: 0.000148452, max. volume: 36.6088.

# FGMRES residual history
# Residual tolerance target = 1e-10
# Initial residual norm     = 7.02038e-10
     0     1
# FGMRES final (true) residual:
# Iteration = 4: |res|/|res0| = 3.26639e-12.

Computing volumes of the grid elements.
Non-linear iter.: 85/500. Linear iter.: 4. Min. area: 0.000148452. Error: 3.26639e-12.
Computing volumes of the grid elements.
Min. volume: 0.000148452, max. volume: 36.6088.

# FGMRES residual history
# Residual tolerance target = 1e-10
# Initial residual norm     = 7.02039e-10
     0     1
# FGMRES final (true) residual:
# Iteration = 4: |res|/|res0| = 3.26638e-12.

Computing volumes of the grid elements.
Non-linear iter.: 86/500. Linear iter.: 4. Min. area: 0.000148452. Error: 3.26638e-12.
Computing volumes of the grid elements.
Min. volume: 0.000148452, max. volume: 36.6088.

# FGMRES residual history
# Residual tolerance target = 1e-10
# Initial residual norm     = 7.02041e-10
     0     1
# FGMRES final (true) residual:
# Iteration = 4: |res|/|res0| = 3.26638e-12.

Computing volumes of the grid elements.
Non-linear iter.: 87/500. Linear iter.: 4. Min. area: 0.000148452. Error: 3.26638e-12.
Computing volumes of the grid elements.
Min. volume: 0.000148452, max. volume: 36.6088.

# FGMRES residual history
# Residual tolerance target = 1e-10
# Initial residual norm     = 7.02042e-10
     0     1
# FGMRES final (true) residual:
# Iteration = 4: |res|/|res0| = 3.26638e-12.

Computing volumes of the grid elements.
Non-linear iter.: 88/500. Linear iter.: 4. Min. area: 0.000148452. Error: 3.26638e-12.
Computing volumes of the grid elements.
Min. volume: 0.000148452, max. volume: 36.6088.

# FGMRES residual history
# Residual tolerance target = 1e-10
# Initial residual norm     = 7.02043e-10
     0     1
# FGMRES final (true) residual:
# Iteration = 4: |res|/|res0| = 3.26638e-12.

Computing volumes of the grid elements.
Non-linear iter.: 89/500. Linear iter.: 4. Min. area: 0.000148452. Error: 3.26638e-12.
Computing volumes of the grid elements.
Min. volume: 0.000148452, max. volume: 36.6088.

# FGMRES residual history
# Residual tolerance target = 1e-10
# Initial residual norm     = 7.02045e-10
     0     1
# FGMRES final (true) residual:
# Iteration = 4: |res|/|res0| = 3.26638e-12.

Computing volumes of the grid elements.
Non-linear iter.: 90/500. Linear iter.: 4. Min. area: 0.000148452. Error: 3.26638e-12.
Computing volumes of the grid elements.
Min. volume: 0.000148452, max. volume: 36.6088.

# FGMRES residual history
# Residual tolerance target = 1e-10
# Initial residual norm     = 7.02046e-10
     0     1
# FGMRES final (true) residual:
# Iteration = 4: |res|/|res0| = 3.26638e-12.

Computing volumes of the grid elements.
Non-linear iter.: 91/500. Linear iter.: 4. Min. area: 0.000148452. Error: 3.26638e-12.
Computing volumes of the grid elements.
Min. volume: 0.000148452, max. volume: 36.6088.

# FGMRES residual history
# Residual tolerance target = 1e-10
# Initial residual norm     = 7.02047e-10
     0     1
# FGMRES final (true) residual:
# Iteration = 4: |res|/|res0| = 3.26637e-12.

Computing volumes of the grid elements.
Non-linear iter.: 92/500. Linear iter.: 4. Min. area: 0.000148452. Error: 3.26637e-12.
Computing volumes of the grid elements.
Min. volume: 0.000148452, max. volume: 36.6088.

# FGMRES residual history
# Residual tolerance target = 1e-10
# Initial residual norm     = 7.02049e-10
     0     1
# FGMRES final (true) residual:
# Iteration = 4: |res|/|res0| = 3.26637e-12.

Computing volumes of the grid elements.
Non-linear iter.: 93/500. Linear iter.: 4. Min. area: 0.000148452. Error: 3.26637e-12.
Computing volumes of the grid elements.
Min. volume: 0.000148452, max. volume: 36.6088.

# FGMRES residual history
# Residual tolerance target = 1e-10
# Initial residual norm     = 7.0205e-10
     0     1
# FGMRES final (true) residual:
# Iteration = 4: |res|/|res0| = 3.26637e-12.

Computing volumes of the grid elements.
Non-linear iter.: 94/500. Linear iter.: 4. Min. area: 0.000148452. Error: 3.26637e-12.
Computing volumes of the grid elements.
Min. volume: 0.000148452, max. volume: 36.6088.

# FGMRES residual history
# Residual tolerance target = 1e-10
# Initial residual norm     = 7.02051e-10
     0     1
# FGMRES final (true) residual:
# Iteration = 4: |res|/|res0| = 3.26637e-12.

Computing volumes of the grid elements.
Non-linear iter.: 95/500. Linear iter.: 4. Min. area: 0.000148452. Error: 3.26637e-12.
Computing volumes of the grid elements.
Min. volume: 0.000148452, max. volume: 36.6088.

# FGMRES residual history
# Residual tolerance target = 1e-10
# Initial residual norm     = 7.02053e-10
     0     1
# FGMRES final (true) residual:
# Iteration = 4: |res|/|res0| = 3.26637e-12.

Computing volumes of the grid elements.
Non-linear iter.: 96/500. Linear iter.: 4. Min. area: 0.000148452. Error: 3.26637e-12.
Computing volumes of the grid elements.
Min. volume: 0.000148452, max. volume: 36.6088.

# FGMRES residual history
# Residual tolerance target = 1e-10
# Initial residual norm     = 7.02054e-10
     0     1
# FGMRES final (true) residual:
# Iteration = 4: |res|/|res0| = 3.26636e-12.

Computing volumes of the grid elements.
Non-linear iter.: 97/500. Linear iter.: 4. Min. area: 0.000148452. Error: 3.26636e-12.
Computing volumes of the grid elements.
Min. volume: 0.000148452, max. volume: 36.6088.

# FGMRES residual history
# Residual tolerance target = 1e-10
# Initial residual norm     = 7.02055e-10
     0     1
# FGMRES final (true) residual:
# Iteration = 4: |res|/|res0| = 3.26636e-12.

Computing volumes of the grid elements.
Non-linear iter.: 98/500. Linear iter.: 4. Min. area: 0.000148452. Error: 3.26636e-12.
Computing volumes of the grid elements.
Min. volume: 0.000148452, max. volume: 36.6088.

# FGMRES residual history
# Residual tolerance target = 1e-10
# Initial residual norm     = 7.02057e-10
     0     1
# FGMRES final (true) residual:
# Iteration = 4: |res|/|res0| = 3.26636e-12.

Computing volumes of the grid elements.
Non-linear iter.: 99/500. Linear iter.: 4. Min. area: 0.000148452. Error: 3.26636e-12.
Computing volumes of the grid elements.
Min. volume: 0.000148452, max. volume: 36.6088.

# FGMRES residual history
# Residual tolerance target = 1e-10
# Initial residual norm     = 7.02058e-10
     0     1
# FGMRES final (true) residual:
# Iteration = 4: |res|/|res0| = 3.26636e-12.

Computing volumes of the grid elements.
Non-linear iter.: 100/500. Linear iter.: 4. Min. area: 0.000148452. Error: 3.26636e-12.
Computing volumes of the grid elements.
Min. volume: 0.000148452, max. volume: 36.6088.

# FGMRES residual history
# Residual tolerance target = 1e-10
# Initial residual norm     = 7.02059e-10
     0     1
# FGMRES final (true) residual:
# Iteration = 4: |res|/|res0| = 3.26636e-12.

Computing volumes of the grid elements.
Non-linear iter.: 101/500. Linear iter.: 4. Min. area: 0.000148452. Error: 3.26636e-12.
Computing volumes of the grid elements.
Min. volume: 0.000148452, max. volume: 36.6088.

# FGMRES residual history
# Residual tolerance target = 1e-10
# Initial residual norm     = 7.02061e-10
     0     1
# FGMRES final (true) residual:
# Iteration = 4: |res|/|res0| = 3.26636e-12.

Computing volumes of the grid elements.
Non-linear iter.: 102/500. Linear iter.: 4. Min. area: 0.000148452. Error: 3.26636e-12.
Computing volumes of the grid elements.
Min. volume: 0.000148452, max. volume: 36.6088.

# FGMRES residual history
# Residual tolerance target = 1e-10
# Initial residual norm     = 7.02062e-10
     0     1
# FGMRES final (true) residual:
# Iteration = 4: |res|/|res0| = 3.26635e-12.

Computing volumes of the grid elements.
Non-linear iter.: 103/500. Linear iter.: 4. Min. area: 0.000148452. Error: 3.26635e-12.
Computing volumes of the grid elements.
Min. volume: 0.000148452, max. volume: 36.6088.

# FGMRES residual history
# Residual tolerance target = 1e-10
# Initial residual norm     = 7.02063e-10
     0     1
# FGMRES final (true) residual:
# Iteration = 4: |res|/|res0| = 3.26635e-12.

Computing volumes of the grid elements.
Non-linear iter.: 104/500. Linear iter.: 4. Min. area: 0.000148452. Error: 3.26635e-12.
Computing volumes of the grid elements.
Min. volume: 0.000148452, max. volume: 36.6088.

# FGMRES residual history
# Residual tolerance target = 1e-10
# Initial residual norm     = 7.02065e-10
     0     1
# FGMRES final (true) residual:
# Iteration = 4: |res|/|res0| = 3.26635e-12.

Computing volumes of the grid elements.
Non-linear iter.: 105/500. Linear iter.: 4. Min. area: 0.000148452. Error: 3.26635e-12.
Computing volumes of the grid elements.
Min. volume: 0.000148452, max. volume: 36.6088.

# FGMRES residual history
# Residual tolerance target = 1e-10
# Initial residual norm     = 7.02066e-10
     0     1
# FGMRES final (true) residual:
# Iteration = 4: |res|/|res0| = 3.26635e-12.

Computing volumes of the grid elements.
Non-linear iter.: 106/500. Linear iter.: 4. Min. area: 0.000148452. Error: 3.26635e-12.
Computing volumes of the grid elements.
Min. volume: 0.000148452, max. volume: 36.6088.

# FGMRES residual history
# Residual tolerance target = 1e-10
# Initial residual norm     = 7.02067e-10
     0     1
# FGMRES final (true) residual:
# Iteration = 4: |res|/|res0| = 3.26635e-12.

Computing volumes of the grid elements.
Non-linear iter.: 107/500. Linear iter.: 4. Min. area: 0.000148452. Error: 3.26635e-12.
Computing volumes of the grid elements.
Min. volume: 0.000148452, max. volume: 36.6088.

# FGMRES residual history
# Residual tolerance target = 1e-10
# Initial residual norm     = 7.02069e-10
     0     1
# FGMRES final (true) residual:
# Iteration = 4: |res|/|res0| = 3.26634e-12.

Computing volumes of the grid elements.
Non-linear iter.: 108/500. Linear iter.: 4. Min. area: 0.000148452. Error: 3.26634e-12.
Computing volumes of the grid elements.
Min. volume: 0.000148452, max. volume: 36.6088.

# FGMRES residual history
# Residual tolerance target = 1e-10
# Initial residual norm     = 7.0207e-10
     0     1
# FGMRES final (true) residual:
# Iteration = 4: |res|/|res0| = 3.26634e-12.

Computing volumes of the grid elements.
Non-linear iter.: 109/500. Linear iter.: 4. Min. area: 0.000148452. Error: 3.26634e-12.
Computing volumes of the grid elements.
Min. volume: 0.000148452, max. volume: 36.6088.

# FGMRES residual history
# Residual tolerance target = 1e-10
# Initial residual norm     = 7.02071e-10
     0     1
# FGMRES final (true) residual:
# Iteration = 4: |res|/|res0| = 3.26634e-12.

Computing volumes of the grid elements.
Non-linear iter.: 110/500. Linear iter.: 4. Min. area: 0.000148452. Error: 3.26634e-12.
Computing volumes of the grid elements.
Min. volume: 0.000148452, max. volume: 36.6088.

# FGMRES residual history
# Residual tolerance target = 1e-10
# Initial residual norm     = 7.02073e-10
     0     1
# FGMRES final (true) residual:
# Iteration = 4: |res|/|res0| = 3.26634e-12.

Computing volumes of the grid elements.
Non-linear iter.: 111/500. Linear iter.: 4. Min. area: 0.000148452. Error: 3.26634e-12.
Computing volumes of the grid elements.
Min. volume: 0.000148452, max. volume: 36.6088.

# FGMRES residual history
# Residual tolerance target = 1e-10
# Initial residual norm     = 7.02074e-10
     0     1
# FGMRES final (true) residual:
# Iteration = 4: |res|/|res0| = 3.26634e-12.

Computing volumes of the grid elements.
Non-linear iter.: 112/500. Linear iter.: 4. Min. area: 0.000148452. Error: 3.26634e-12.
Computing volumes of the grid elements.
Min. volume: 0.000148452, max. volume: 36.6088.

# FGMRES residual history
# Residual tolerance target = 1e-10
# Initial residual norm     = 7.02075e-10
     0     1
# FGMRES final (true) residual:
# Iteration = 4: |res|/|res0| = 3.26634e-12.

Computing volumes of the grid elements.
Non-linear iter.: 113/500. Linear iter.: 4. Min. area: 0.000148452. Error: 3.26634e-12.
Computing volumes of the grid elements.
Min. volume: 0.000148452, max. volume: 36.6088.

# FGMRES residual history
# Residual tolerance target = 1e-10
# Initial residual norm     = 7.02077e-10
     0     1
# FGMRES final (true) residual:
# Iteration = 4: |res|/|res0| = 3.26633e-12.

Computing volumes of the grid elements.
Non-linear iter.: 114/500. Linear iter.: 4. Min. area: 0.000148452. Error: 3.26633e-12.
Computing volumes of the grid elements.
Min. volume: 0.000148452, max. volume: 36.6088.

# FGMRES residual history
# Residual tolerance target = 1e-10
# Initial residual norm     = 7.02078e-10
     0     1
# FGMRES final (true) residual:
# Iteration = 4: |res|/|res0| = 3.26633e-12.

Computing volumes of the grid elements.
Non-linear iter.: 115/500. Linear iter.: 4. Min. area: 0.000148452. Error: 3.26633e-12.
Computing volumes of the grid elements.
Min. volume: 0.000148452, max. volume: 36.6088.

# FGMRES residual history
# Residual tolerance target = 1e-10
# Initial residual norm     = 7.02079e-10
     0     1
# FGMRES final (true) residual:
# Iteration = 4: |res|/|res0| = 3.26633e-12.

Computing volumes of the grid elements.
Non-linear iter.: 116/500. Linear iter.: 4. Min. area: 0.000148452. Error: 3.26633e-12.
Computing volumes of the grid elements.
Min. volume: 0.000148452, max. volume: 36.6088.

# FGMRES residual history
# Residual tolerance target = 1e-10
# Initial residual norm     = 7.02081e-10
     0     1
# FGMRES final (true) residual:
# Iteration = 4: |res|/|res0| = 3.26633e-12.

Computing volumes of the grid elements.
Non-linear iter.: 117/500. Linear iter.: 4. Min. area: 0.000148452. Error: 3.26633e-12.
Computing volumes of the grid elements.
Min. volume: 0.000148452, max. volume: 36.6088.

# FGMRES residual history
# Residual tolerance target = 1e-10
# Initial residual norm     = 7.02082e-10
     0     1
# FGMRES final (true) residual:
# Iteration = 4: |res|/|res0| = 3.26633e-12.

Computing volumes of the grid elements.
Non-linear iter.: 118/500. Linear iter.: 4. Min. area: 0.000148452. Error: 3.26633e-12.
Computing volumes of the grid elements.
Min. volume: 0.000148452, max. volume: 36.6088.

# FGMRES residual history
# Residual tolerance target = 1e-10
# Initial residual norm     = 7.02083e-10
     0     1
# FGMRES final (true) residual:
# Iteration = 4: |res|/|res0| = 3.26632e-12.

Computing volumes of the grid elements.
Non-linear iter.: 119/500. Linear iter.: 4. Min. area: 0.000148452. Error: 3.26632e-12.
Computing volumes of the grid elements.
Min. volume: 0.000148452, max. volume: 36.6088.

# FGMRES residual history
# Residual tolerance target = 1e-10
# Initial residual norm     = 7.02085e-10
     0     1
# FGMRES final (true) residual:
# Iteration = 4: |res|/|res0| = 3.26632e-12.

Computing volumes of the grid elements.
Non-linear iter.: 120/500. Linear iter.: 4. Min. area: 0.000148452. Error: 3.26632e-12.
Computing volumes of the grid elements.
Min. volume: 0.000148452, max. volume: 36.6088.

# FGMRES residual history
# Residual tolerance target = 1e-10
# Initial residual norm     = 7.02086e-10
     0     1
# FGMRES final (true) residual:
# Iteration = 4: |res|/|res0| = 3.26632e-12.

Computing volumes of the grid elements.
Non-linear iter.: 121/500. Linear iter.: 4. Min. area: 0.000148452. Error: 3.26632e-12.
Computing volumes of the grid elements.
Min. volume: 0.000148452, max. volume: 36.6088.

# FGMRES residual history
# Residual tolerance target = 1e-10
# Initial residual norm     = 7.02088e-10
     0     1
# FGMRES final (true) residual:
# Iteration = 4: |res|/|res0| = 3.26632e-12.

Computing volumes of the grid elements.
Non-linear iter.: 122/500. Linear iter.: 4. Min. area: 0.000148452. Error: 3.26632e-12.
Computing volumes of the grid elements.
Min. volume: 0.000148452, max. volume: 36.6088.

# FGMRES residual history
# Residual tolerance target = 1e-10
# Initial residual norm     = 7.02089e-10
     0     1
# FGMRES final (true) residual:
# Iteration = 4: |res|/|res0| = 3.26632e-12.

Computing volumes of the grid elements.
Non-linear iter.: 123/500. Linear iter.: 4. Min. area: 0.000148452. Error: 3.26632e-12.
Computing volumes of the grid elements.
Min. volume: 0.000148452, max. volume: 36.6088.

# FGMRES residual history
# Residual tolerance target = 1e-10
# Initial residual norm     = 7.0209e-10
     0     1
# FGMRES final (true) residual:
# Iteration = 4: |res|/|res0| = 3.26632e-12.

Computing volumes of the grid elements.
Non-linear iter.: 124/500. Linear iter.: 4. Min. area: 0.000148452. Error: 3.26632e-12.
Computing volumes of the grid elements.
Min. volume: 0.000148452, max. volume: 36.6088.

# FGMRES residual history
# Residual tolerance target = 1e-10
# Initial residual norm     = 7.02092e-10
     0     1
# FGMRES final (true) residual:
# Iteration = 4: |res|/|res0| = 3.26631e-12.

Computing volumes of the grid elements.
Non-linear iter.: 125/500. Linear iter.: 4. Min. area: 0.000148452. Error: 3.26631e-12.
Computing volumes of the grid elements.
Min. volume: 0.000148452, max. volume: 36.6088.

# FGMRES residual history
# Residual tolerance target = 1e-10
# Initial residual norm     = 7.02093e-10
     0     1
# FGMRES final (true) residual:
# Iteration = 4: |res|/|res0| = 3.26631e-12.

Computing volumes of the grid elements.
Non-linear iter.: 126/500. Linear iter.: 4. Min. area: 0.000148452. Error: 3.26631e-12.
Computing volumes of the grid elements.
Min. volume: 0.000148452, max. volume: 36.6088.

# FGMRES residual history
# Residual tolerance target = 1e-10
# Initial residual norm     = 7.02094e-10
     0     1
# FGMRES final (true) residual:
# Iteration = 4: |res|/|res0| = 3.26631e-12.

Computing volumes of the grid elements.
Non-linear iter.: 127/500. Linear iter.: 4. Min. area: 0.000148452. Error: 3.26631e-12.
Computing volumes of the grid elements.
Min. volume: 0.000148452, max. volume: 36.6088.

# FGMRES residual history
# Residual tolerance target = 1e-10
# Initial residual norm     = 7.02096e-10
     0     1
# FGMRES final (true) residual:
# Iteration = 4: |res|/|res0| = 3.26631e-12.

Computing volumes of the grid elements.
Non-linear iter.: 128/500. Linear iter.: 4. Min. area: 0.000148452. Error: 3.26631e-12.
Computing volumes of the grid elements.
Min. volume: 0.000148452, max. volume: 36.6088.

# FGMRES residual history
# Residual tolerance target = 1e-10
# Initial residual norm     = 7.02097e-10
     0     1
# FGMRES final (true) residual:
# Iteration = 4: |res|/|res0| = 3.26631e-12.

Computing volumes of the grid elements.
Non-linear iter.: 129/500. Linear iter.: 4. Min. area: 0.000148452. Error: 3.26631e-12.
Computing volumes of the grid elements.
Min. volume: 0.000148452, max. volume: 36.6088.

# FGMRES residual history
# Residual tolerance target = 1e-10
# Initial residual norm     = 7.02098e-10
     0     1
# FGMRES final (true) residual:
# Iteration = 4: |res|/|res0| = 3.26631e-12.

Computing volumes of the grid elements.
Non-linear iter.: 130/500. Linear iter.: 4. Min. area: 0.000148452. Error: 3.26631e-12.
Computing volumes of the grid elements.
Min. volume: 0.000148452, max. volume: 36.6088.

# FGMRES residual history
# Residual tolerance target = 1e-10
# Initial residual norm     = 7.021e-10
     0     1
# FGMRES final (true) residual:
# Iteration = 4: |res|/|res0| = 3.2663e-12.

Computing volumes of the grid elements.
Non-linear iter.: 131/500. Linear iter.: 4. Min. area: 0.000148452. Error: 3.2663e-12.
Computing volumes of the grid elements.
Min. volume: 0.000148452, max. volume: 36.6088.

# FGMRES residual history
# Residual tolerance target = 1e-10
# Initial residual norm     = 7.02101e-10
     0     1
# FGMRES final (true) residual:
# Iteration = 4: |res|/|res0| = 3.2663e-12.

Computing volumes of the grid elements.
Non-linear iter.: 132/500. Linear iter.: 4. Min. area: 0.000148452. Error: 3.2663e-12.
Computing volumes of the grid elements.
Min. volume: 0.000148452, max. volume: 36.6088.

# FGMRES residual history
# Residual tolerance target = 1e-10
# Initial residual norm     = 7.02102e-10
     0     1
# FGMRES final (true) residual:
# Iteration = 4: |res|/|res0| = 3.2663e-12.

Computing volumes of the grid elements.
Non-linear iter.: 133/500. Linear iter.: 4. Min. area: 0.000148452. Error: 3.2663e-12.
Computing volumes of the grid elements.
Min. volume: 0.000148452, max. volume: 36.6088.

# FGMRES residual history
# Residual tolerance target = 1e-10
# Initial residual norm     = 7.02104e-10
     0     1
# FGMRES final (true) residual:
# Iteration = 4: |res|/|res0| = 3.2663e-12.

Computing volumes of the grid elements.
Non-linear iter.: 134/500. Linear iter.: 4. Min. area: 0.000148452. Error: 3.2663e-12.
Computing volumes of the grid elements.
Min. volume: 0.000148452, max. volume: 36.6088.

# FGMRES residual history
# Residual tolerance target = 1e-10
# Initial residual norm     = 7.02105e-10
     0     1
# FGMRES final (true) residual:
# Iteration = 4: |res|/|res0| = 3.2663e-12.

Computing volumes of the grid elements.
Non-linear iter.: 135/500. Linear iter.: 4. Min. area: 0.000148452. Error: 3.2663e-12.
Computing volumes of the grid elements.
Min. volume: 0.000148452, max. volume: 36.6088.

# FGMRES residual history
# Residual tolerance target = 1e-10
# Initial residual norm     = 7.02106e-10
     0     1
# FGMRES final (true) residual:
# Iteration = 4: |res|/|res0| = 3.26629e-12.

Computing volumes of the grid elements.
Non-linear iter.: 136/500. Linear iter.: 4. Min. area: 0.000148452. Error: 3.26629e-12.
Computing volumes of the grid elements.
Min. volume: 0.000148452, max. volume: 36.6088.

# FGMRES residual history
# Residual tolerance target = 1e-10
# Initial residual norm     = 7.02108e-10
     0     1
# FGMRES final (true) residual:
# Iteration = 4: |res|/|res0| = 3.26629e-12.

Computing volumes of the grid elements.
Non-linear iter.: 137/500. Linear iter.: 4. Min. area: 0.000148452. Error: 3.26629e-12.
Computing volumes of the grid elements.
Min. volume: 0.000148452, max. volume: 36.6088.

# FGMRES residual history
# Residual tolerance target = 1e-10
# Initial residual norm     = 7.02109e-10
     0     1
# FGMRES final (true) residual:
# Iteration = 4: |res|/|res0| = 3.26629e-12.

Computing volumes of the grid elements.
Non-linear iter.: 138/500. Linear iter.: 4. Min. area: 0.000148452. Error: 3.26629e-12.
Computing volumes of the grid elements.
Min. volume: 0.000148452, max. volume: 36.6088.

# FGMRES residual history
# Residual tolerance target = 1e-10
# Initial residual norm     = 7.0211e-10
     0     1
# FGMRES final (true) residual:
# Iteration = 4: |res|/|res0| = 3.26629e-12.

Computing volumes of the grid elements.
Non-linear iter.: 139/500. Linear iter.: 4. Min. area: 0.000148452. Error: 3.26629e-12.
Computing volumes of the grid elements.
Min. volume: 0.000148452, max. volume: 36.6088.

# FGMRES residual history
# Residual tolerance target = 1e-10
# Initial residual norm     = 7.02112e-10
     0     1
# FGMRES final (true) residual:
# Iteration = 4: |res|/|res0| = 3.26629e-12.

Computing volumes of the grid elements.
Non-linear iter.: 140/500. Linear iter.: 4. Min. area: 0.000148452. Error: 3.26629e-12.
Computing volumes of the grid elements.
Min. volume: 0.000148452, max. volume: 36.6088.

# FGMRES residual history
# Residual tolerance target = 1e-10
# Initial residual norm     = 7.02113e-10
     0     1
# FGMRES final (true) residual:
# Iteration = 4: |res|/|res0| = 3.26629e-12.

Computing volumes of the grid elements.
Non-linear iter.: 141/500. Linear iter.: 4. Min. area: 0.000148452. Error: 3.26629e-12.
Computing volumes of the grid elements.
Min. volume: 0.000148452, max. volume: 36.6088.

# FGMRES residual history
# Residual tolerance target = 1e-10
# Initial residual norm     = 7.02114e-10
     0     1
# FGMRES final (true) residual:
# Iteration = 4: |res|/|res0| = 3.26628e-12.

Computing volumes of the grid elements.
Non-linear iter.: 142/500. Linear iter.: 4. Min. area: 0.000148452. Error: 3.26628e-12.
Computing volumes of the grid elements.
Min. volume: 0.000148452, max. volume: 36.6088.

# FGMRES residual history
# Residual tolerance target = 1e-10
# Initial residual norm     = 7.02116e-10
     0     1
# FGMRES final (true) residual:
# Iteration = 4: |res|/|res0| = 3.26628e-12.

Computing volumes of the grid elements.
Non-linear iter.: 143/500. Linear iter.: 4. Min. area: 0.000148452. Error: 3.26628e-12.
Computing volumes of the grid elements.
Min. volume: 0.000148452, max. volume: 36.6088.

# FGMRES residual history
# Residual tolerance target = 1e-10
# Initial residual norm     = 7.02117e-10
     0     1
# FGMRES final (true) residual:
# Iteration = 4: |res|/|res0| = 3.26628e-12.

Computing volumes of the grid elements.
Non-linear iter.: 144/500. Linear iter.: 4. Min. area: 0.000148452. Error: 3.26628e-12.
Computing volumes of the grid elements.
Min. volume: 0.000148452, max. volume: 36.6089.

# FGMRES residual history
# Residual tolerance target = 1e-10
# Initial residual norm     = 7.02118e-10
     0     1
# FGMRES final (true) residual:
# Iteration = 4: |res|/|res0| = 3.26628e-12.

Computing volumes of the grid elements.
Non-linear iter.: 145/500. Linear iter.: 4. Min. area: 0.000148452. Error: 3.26628e-12.
Computing volumes of the grid elements.
Min. volume: 0.000148452, max. volume: 36.6089.

# FGMRES residual history
# Residual tolerance target = 1e-10
# Initial residual norm     = 7.0212e-10
     0     1
# FGMRES final (true) residual:
# Iteration = 4: |res|/|res0| = 3.26628e-12.

Computing volumes of the grid elements.
Non-linear iter.: 146/500. Linear iter.: 4. Min. area: 0.000148452. Error: 3.26628e-12.
Computing volumes of the grid elements.
Min. volume: 0.000148452, max. volume: 36.6089.

# FGMRES residual history
# Residual tolerance target = 1e-10
# Initial residual norm     = 7.02121e-10
     0     1
# FGMRES final (true) residual:
# Iteration = 4: |res|/|res0| = 3.26627e-12.

Computing volumes of the grid elements.
Non-linear iter.: 147/500. Linear iter.: 4. Min. area: 0.000148452. Error: 3.26627e-12.
Computing volumes of the grid elements.
Min. volume: 0.000148452, max. volume: 36.6089.

# FGMRES residual history
# Residual tolerance target = 1e-10
# Initial residual norm     = 7.02122e-10
     0     1
# FGMRES final (true) residual:
# Iteration = 4: |res|/|res0| = 3.26627e-12.

Computing volumes of the grid elements.
Non-linear iter.: 148/500. Linear iter.: 4. Min. area: 0.000148452. Error: 3.26627e-12.
Computing volumes of the grid elements.
Min. volume: 0.000148452, max. volume: 36.6089.

# FGMRES residual history
# Residual tolerance target = 1e-10
# Initial residual norm     = 7.02124e-10
     0     1
# FGMRES final (true) residual:
# Iteration = 4: |res|/|res0| = 3.26627e-12.

Computing volumes of the grid elements.
Non-linear iter.: 149/500. Linear iter.: 4. Min. area: 0.000148452. Error: 3.26627e-12.
Computing volumes of the grid elements.
Min. volume: 0.000148452, max. volume: 36.6089.

# FGMRES residual history
# Residual tolerance target = 1e-10
# Initial residual norm     = 7.02125e-10
     0     1
# FGMRES final (true) residual:
# Iteration = 4: |res|/|res0| = 3.26627e-12.

Computing volumes of the grid elements.
Non-linear iter.: 150/500. Linear iter.: 4. Min. area: 0.000148452. Error: 3.26627e-12.
Computing volumes of the grid elements.
Min. volume: 0.000148452, max. volume: 36.6089.

# FGMRES residual history
# Residual tolerance target = 1e-10
# Initial residual norm     = 7.02126e-10
     0     1
# FGMRES final (true) residual:
# Iteration = 4: |res|/|res0| = 3.26627e-12.

Computing volumes of the grid elements.
Non-linear iter.: 151/500. Linear iter.: 4. Min. area: 0.000148452. Error: 3.26627e-12.
Computing volumes of the grid elements.
Min. volume: 0.000148452, max. volume: 36.6089.

# FGMRES residual history
# Residual tolerance target = 1e-10
# Initial residual norm     = 7.02128e-10
     0     1
# FGMRES final (true) residual:
# Iteration = 4: |res|/|res0| = 3.26627e-12.

Computing volumes of the grid elements.
Non-linear iter.: 152/500. Linear iter.: 4. Min. area: 0.000148452. Error: 3.26627e-12.
Computing volumes of the grid elements.
Min. volume: 0.000148452, max. volume: 36.6089.

# FGMRES residual history
# Residual tolerance target = 1e-10
# Initial residual norm     = 7.02129e-10
     0     1
# FGMRES final (true) residual:
# Iteration = 4: |res|/|res0| = 3.26626e-12.

Computing volumes of the grid elements.
Non-linear iter.: 153/500. Linear iter.: 4. Min. area: 0.000148452. Error: 3.26626e-12.
Computing volumes of the grid elements.
Min. volume: 0.000148452, max. volume: 36.6089.

# FGMRES residual history
# Residual tolerance target = 1e-10
# Initial residual norm     = 7.0213e-10
     0     1
# FGMRES final (true) residual:
# Iteration = 4: |res|/|res0| = 3.26626e-12.

Computing volumes of the grid elements.
Non-linear iter.: 154/500. Linear iter.: 4. Min. area: 0.000148452. Error: 3.26626e-12.
Computing volumes of the grid elements.
Min. volume: 0.000148452, max. volume: 36.6089.

# FGMRES residual history
# Residual tolerance target = 1e-10
# Initial residual norm     = 7.02132e-10
     0     1
# FGMRES final (true) residual:
# Iteration = 4: |res|/|res0| = 3.26626e-12.

Computing volumes of the grid elements.
Non-linear iter.: 155/500. Linear iter.: 4. Min. area: 0.000148452. Error: 3.26626e-12.
Computing volumes of the grid elements.
Min. volume: 0.000148452, max. volume: 36.6089.

# FGMRES residual history
# Residual tolerance target = 1e-10
# Initial residual norm     = 7.02133e-10
     0     1
# FGMRES final (true) residual:
# Iteration = 4: |res|/|res0| = 3.26626e-12.

Computing volumes of the grid elements.
Non-linear iter.: 156/500. Linear iter.: 4. Min. area: 0.000148452. Error: 3.26626e-12.
Computing volumes of the grid elements.
Min. volume: 0.000148452, max. volume: 36.6089.

# FGMRES residual history
# Residual tolerance target = 1e-10
# Initial residual norm     = 7.02134e-10
     0     1
# FGMRES final (true) residual:
# Iteration = 4: |res|/|res0| = 3.26626e-12.

Computing volumes of the grid elements.
Non-linear iter.: 157/500. Linear iter.: 4. Min. area: 0.000148452. Error: 3.26626e-12.
Computing volumes of the grid elements.
Min. volume: 0.000148452, max. volume: 36.6089.

# FGMRES residual history
# Residual tolerance target = 1e-10
# Initial residual norm     = 7.02136e-10
     0     1
# FGMRES final (true) residual:
# Iteration = 4: |res|/|res0| = 3.26625e-12.

Computing volumes of the grid elements.
Non-linear iter.: 158/500. Linear iter.: 4. Min. area: 0.000148452. Error: 3.26625e-12.
Computing volumes of the grid elements.
Min. volume: 0.000148452, max. volume: 36.6089.

# FGMRES residual history
# Residual tolerance target = 1e-10
# Initial residual norm     = 7.02137e-10
     0     1
# FGMRES final (true) residual:
# Iteration = 4: |res|/|res0| = 3.26625e-12.

Computing volumes of the grid elements.
Non-linear iter.: 159/500. Linear iter.: 4. Min. area: 0.000148452. Error: 3.26625e-12.
Computing volumes of the grid elements.
Min. volume: 0.000148452, max. volume: 36.6089.

# FGMRES residual history
# Residual tolerance target = 1e-10
# Initial residual norm     = 7.02138e-10
     0     1
# FGMRES final (true) residual:
# Iteration = 4: |res|/|res0| = 3.26625e-12.

Computing volumes of the grid elements.
Non-linear iter.: 160/500. Linear iter.: 4. Min. area: 0.000148452. Error: 3.26625e-12.
Computing volumes of the grid elements.
Min. volume: 0.000148452, max. volume: 36.6089.

# FGMRES residual history
# Residual tolerance target = 1e-10
# Initial residual norm     = 7.0214e-10
     0     1
# FGMRES final (true) residual:
# Iteration = 4: |res|/|res0| = 3.26625e-12.

Computing volumes of the grid elements.
Non-linear iter.: 161/500. Linear iter.: 4. Min. area: 0.000148452. Error: 3.26625e-12.
Computing volumes of the grid elements.
Min. volume: 0.000148452, max. volume: 36.6089.

# FGMRES residual history
# Residual tolerance target = 1e-10
# Initial residual norm     = 7.02141e-10
     0     1
# FGMRES final (true) residual:
# Iteration = 4: |res|/|res0| = 3.26625e-12.

Computing volumes of the grid elements.
Non-linear iter.: 162/500. Linear iter.: 4. Min. area: 0.000148452. Error: 3.26625e-12.
Computing volumes of the grid elements.
Min. volume: 0.000148452, max. volume: 36.6089.

# FGMRES residual history
# Residual tolerance target = 1e-10
# Initial residual norm     = 7.02142e-10
     0     1
# FGMRES final (true) residual:
# Iteration = 4: |res|/|res0| = 3.26625e-12.

Computing volumes of the grid elements.
Non-linear iter.: 163/500. Linear iter.: 4. Min. area: 0.000148452. Error: 3.26625e-12.
Computing volumes of the grid elements.
Min. volume: 0.000148452, max. volume: 36.6089.

# FGMRES residual history
# Residual tolerance target = 1e-10
# Initial residual norm     = 7.02144e-10
     0     1
# FGMRES final (true) residual:
# Iteration = 4: |res|/|res0| = 3.26624e-12.

Computing volumes of the grid elements.
Non-linear iter.: 164/500. Linear iter.: 4. Min. area: 0.000148452. Error: 3.26624e-12.
Computing volumes of the grid elements.
Min. volume: 0.000148452, max. volume: 36.6089.

# FGMRES residual history
# Residual tolerance target = 1e-10
# Initial residual norm     = 7.02145e-10
     0     1
# FGMRES final (true) residual:
# Iteration = 4: |res|/|res0| = 3.26624e-12.

Computing volumes of the grid elements.
Non-linear iter.: 165/500. Linear iter.: 4. Min. area: 0.000148452. Error: 3.26624e-12.
Computing volumes of the grid elements.
Min. volume: 0.000148452, max. volume: 36.6089.

# FGMRES residual history
# Residual tolerance target = 1e-10
# Initial residual norm     = 7.02146e-10
     0     1
# FGMRES final (true) residual:
# Iteration = 4: |res|/|res0| = 3.26624e-12.

Computing volumes of the grid elements.
Non-linear iter.: 166/500. Linear iter.: 4. Min. area: 0.000148452. Error: 3.26624e-12.
Computing volumes of the grid elements.
Min. volume: 0.000148452, max. volume: 36.6089.

# FGMRES residual history
# Residual tolerance target = 1e-10
# Initial residual norm     = 7.02148e-10
     0     1
# FGMRES final (true) residual:
# Iteration = 4: |res|/|res0| = 3.26624e-12.

Computing volumes of the grid elements.
Non-linear iter.: 167/500. Linear iter.: 4. Min. area: 0.000148452. Error: 3.26624e-12.
Computing volumes of the grid elements.
Min. volume: 0.000148452, max. volume: 36.6089.

# FGMRES residual history
# Residual tolerance target = 1e-10
# Initial residual norm     = 7.02149e-10
     0     1
# FGMRES final (true) residual:
# Iteration = 4: |res|/|res0| = 3.26624e-12.

Computing volumes of the grid elements.
Non-linear iter.: 168/500. Linear iter.: 4. Min. area: 0.000148452. Error: 3.26624e-12.
Computing volumes of the grid elements.
Min. volume: 0.000148452, max. volume: 36.6089.

# FGMRES residual history
# Residual tolerance target = 1e-10
# Initial residual norm     = 7.0215e-10
     0     1
# FGMRES final (true) residual:
# Iteration = 4: |res|/|res0| = 3.26623e-12.

Computing volumes of the grid elements.
Non-linear iter.: 169/500. Linear iter.: 4. Min. area: 0.000148452. Error: 3.26623e-12.
Computing volumes of the grid elements.
Min. volume: 0.000148452, max. volume: 36.6089.

# FGMRES residual history
# Residual tolerance target = 1e-10
# Initial residual norm     = 7.02152e-10
     0     1
# FGMRES final (true) residual:
# Iteration = 4: |res|/|res0| = 3.26623e-12.

Computing volumes of the grid elements.
Non-linear iter.: 170/500. Linear iter.: 4. Min. area: 0.000148452. Error: 3.26623e-12.
Computing volumes of the grid elements.
Min. volume: 0.000148452, max. volume: 36.6089.

# FGMRES residual history
# Residual tolerance target = 1e-10
# Initial residual norm     = 7.02153e-10
     0     1
# FGMRES final (true) residual:
# Iteration = 4: |res|/|res0| = 3.26623e-12.

Computing volumes of the grid elements.
Non-linear iter.: 171/500. Linear iter.: 4. Min. area: 0.000148452. Error: 3.26623e-12.
Computing volumes of the grid elements.
Min. volume: 0.000148452, max. volume: 36.6089.

# FGMRES residual history
# Residual tolerance target = 1e-10
# Initial residual norm     = 7.02154e-10
     0     1
# FGMRES final (true) residual:
# Iteration = 4: |res|/|res0| = 3.26623e-12.

Computing volumes of the grid elements.
Non-linear iter.: 172/500. Linear iter.: 4. Min. area: 0.000148452. Error: 3.26623e-12.
Computing volumes of the grid elements.
Min. volume: 0.000148452, max. volume: 36.6089.

# FGMRES residual history
# Residual tolerance target = 1e-10
# Initial residual norm     = 7.02156e-10
     0     1
# FGMRES final (true) residual:
# Iteration = 4: |res|/|res0| = 3.26623e-12.

Computing volumes of the grid elements.
Non-linear iter.: 173/500. Linear iter.: 4. Min. area: 0.000148452. Error: 3.26623e-12.
Computing volumes of the grid elements.
Min. volume: 0.000148452, max. volume: 36.6089.

# FGMRES residual history
# Residual tolerance target = 1e-10
# Initial residual norm     = 7.02157e-10
     0     1
# FGMRES final (true) residual:
# Iteration = 4: |res|/|res0| = 3.26623e-12.

Computing volumes of the grid elements.
Non-linear iter.: 174/500. Linear iter.: 4. Min. area: 0.000148452. Error: 3.26623e-12.
Computing volumes of the grid elements.
Min. volume: 0.000148452, max. volume: 36.6089.

# FGMRES residual history
# Residual tolerance target = 1e-10
# Initial residual norm     = 7.02158e-10
     0     1
# FGMRES final (true) residual:
# Iteration = 4: |res|/|res0| = 3.26622e-12.

Computing volumes of the grid elements.
Non-linear iter.: 175/500. Linear iter.: 4. Min. area: 0.000148452. Error: 3.26622e-12.
Computing volumes of the grid elements.
Min. volume: 0.000148452, max. volume: 36.6089.

# FGMRES residual history
# Residual tolerance target = 1e-10
# Initial residual norm     = 7.0216e-10
     0     1
# FGMRES final (true) residual:
# Iteration = 4: |res|/|res0| = 3.26622e-12.

Computing volumes of the grid elements.
Non-linear iter.: 176/500. Linear iter.: 4. Min. area: 0.000148452. Error: 3.26622e-12.
Computing volumes of the grid elements.
Min. volume: 0.000148452, max. volume: 36.6089.

# FGMRES residual history
# Residual tolerance target = 1e-10
# Initial residual norm     = 7.02161e-10
     0     1
# FGMRES final (true) residual:
# Iteration = 4: |res|/|res0| = 3.26622e-12.

Computing volumes of the grid elements.
Non-linear iter.: 177/500. Linear iter.: 4. Min. area: 0.000148452. Error: 3.26622e-12.
Computing volumes of the grid elements.
Min. volume: 0.000148452, max. volume: 36.6089.

# FGMRES residual history
# Residual tolerance target = 1e-10
# Initial residual norm     = 7.02162e-10
     0     1
# FGMRES final (true) residual:
# Iteration = 4: |res|/|res0| = 3.26622e-12.

Computing volumes of the grid elements.
Non-linear iter.: 178/500. Linear iter.: 4. Min. area: 0.000148452. Error: 3.26622e-12.
Computing volumes of the grid elements.
Min. volume: 0.000148452, max. volume: 36.6089.

# FGMRES residual history
# Residual tolerance target = 1e-10
# Initial residual norm     = 7.02164e-10
     0     1
# FGMRES final (true) residual:
# Iteration = 4: |res|/|res0| = 3.26622e-12.

Computing volumes of the grid elements.
Non-linear iter.: 179/500. Linear iter.: 4. Min. area: 0.000148452. Error: 3.26622e-12.
Computing volumes of the grid elements.
Min. volume: 0.000148452, max. volume: 36.6089.

# FGMRES residual history
# Residual tolerance target = 1e-10
# Initial residual norm     = 7.02165e-10
     0     1
# FGMRES final (true) residual:
# Iteration = 4: |res|/|res0| = 3.26621e-12.

Computing volumes of the grid elements.
Non-linear iter.: 180/500. Linear iter.: 4. Min. area: 0.000148452. Error: 3.26621e-12.
Computing volumes of the grid elements.
Min. volume: 0.000148452, max. volume: 36.6089.

# FGMRES residual history
# Residual tolerance target = 1e-10
# Initial residual norm     = 7.02166e-10
     0     1
# FGMRES final (true) residual:
# Iteration = 4: |res|/|res0| = 3.26621e-12.

Computing volumes of the grid elements.
Non-linear iter.: 181/500. Linear iter.: 4. Min. area: 0.000148452. Error: 3.26621e-12.
Computing volumes of the grid elements.
Min. volume: 0.000148452, max. volume: 36.6089.

# FGMRES residual history
# Residual tolerance target = 1e-10
# Initial residual norm     = 7.02168e-10
     0     1
# FGMRES final (true) residual:
# Iteration = 4: |res|/|res0| = 3.26621e-12.

Computing volumes of the grid elements.
Non-linear iter.: 182/500. Linear iter.: 4. Min. area: 0.000148452. Error: 3.26621e-12.
Computing volumes of the grid elements.
Min. volume: 0.000148452, max. volume: 36.6089.

# FGMRES residual history
# Residual tolerance target = 1e-10
# Initial residual norm     = 7.02169e-10
     0     1
# FGMRES final (true) residual:
# Iteration = 4: |res|/|res0| = 3.26621e-12.

Computing volumes of the grid elements.
Non-linear iter.: 183/500. Linear iter.: 4. Min. area: 0.000148452. Error: 3.26621e-12.
Computing volumes of the grid elements.
Min. volume: 0.000148452, max. volume: 36.6089.

# FGMRES residual history
# Residual tolerance target = 1e-10
# Initial residual norm     = 7.0217e-10
     0     1
# FGMRES final (true) residual:
# Iteration = 4: |res|/|res0| = 3.26621e-12.

Computing volumes of the grid elements.
Non-linear iter.: 184/500. Linear iter.: 4. Min. area: 0.000148452. Error: 3.26621e-12.
Computing volumes of the grid elements.
Min. volume: 0.000148452, max. volume: 36.6089.

# FGMRES residual history
# Residual tolerance target = 1e-10
# Initial residual norm     = 7.02172e-10
     0     1
# FGMRES final (true) residual:
# Iteration = 4: |res|/|res0| = 3.26621e-12.

Computing volumes of the grid elements.
Non-linear iter.: 185/500. Linear iter.: 4. Min. area: 0.000148452. Error: 3.26621e-12.
Computing volumes of the grid elements.
Min. volume: 0.000148452, max. volume: 36.6089.

# FGMRES residual history
# Residual tolerance target = 1e-10
# Initial residual norm     = 7.02173e-10
     0     1
# FGMRES final (true) residual:
# Iteration = 4: |res|/|res0| = 3.2662e-12.

Computing volumes of the grid elements.
Non-linear iter.: 186/500. Linear iter.: 4. Min. area: 0.000148452. Error: 3.2662e-12.
Computing volumes of the grid elements.
Min. volume: 0.000148452, max. volume: 36.6089.

# FGMRES residual history
# Residual tolerance target = 1e-10
# Initial residual norm     = 7.02175e-10
     0     1
# FGMRES final (true) residual:
# Iteration = 4: |res|/|res0| = 3.2662e-12.

Computing volumes of the grid elements.
Non-linear iter.: 187/500. Linear iter.: 4. Min. area: 0.000148452. Error: 3.2662e-12.
Computing volumes of the grid elements.
Min. volume: 0.000148452, max. volume: 36.6089.

# FGMRES residual history
# Residual tolerance target = 1e-10
# Initial residual norm     = 7.02176e-10
     0     1
# FGMRES final (true) residual:
# Iteration = 4: |res|/|res0| = 3.2662e-12.

Computing volumes of the grid elements.
Non-linear iter.: 188/500. Linear iter.: 4. Min. area: 0.000148452. Error: 3.2662e-12.
Computing volumes of the grid elements.
Min. volume: 0.000148452, max. volume: 36.6089.

# FGMRES residual history
# Residual tolerance target = 1e-10
# Initial residual norm     = 7.02177e-10
     0     1
# FGMRES final (true) residual:
# Iteration = 4: |res|/|res0| = 3.2662e-12.

Computing volumes of the grid elements.
Non-linear iter.: 189/500. Linear iter.: 4. Min. area: 0.000148452. Error: 3.2662e-12.
Computing volumes of the grid elements.
Min. volume: 0.000148452, max. volume: 36.6089.

# FGMRES residual history
# Residual tolerance target = 1e-10
# Initial residual norm     = 7.02179e-10
     0     1
# FGMRES final (true) residual:
# Iteration = 4: |res|/|res0| = 3.2662e-12.

Computing volumes of the grid elements.
Non-linear iter.: 190/500. Linear iter.: 4. Min. area: 0.000148452. Error: 3.2662e-12.
Computing volumes of the grid elements.
Min. volume: 0.000148452, max. volume: 36.6089.

# FGMRES residual history
# Residual tolerance target = 1e-10
# Initial residual norm     = 7.0218e-10
     0     1
# FGMRES final (true) residual:
# Iteration = 4: |res|/|res0| = 3.26619e-12.

Computing volumes of the grid elements.
Non-linear iter.: 191/500. Linear iter.: 4. Min. area: 0.000148452. Error: 3.26619e-12.
Computing volumes of the grid elements.
Min. volume: 0.000148452, max. volume: 36.6089.

# FGMRES residual history
# Residual tolerance target = 1e-10
# Initial residual norm     = 7.02181e-10
     0     1
# FGMRES final (true) residual:
# Iteration = 4: |res|/|res0| = 3.26619e-12.

Computing volumes of the grid elements.
Non-linear iter.: 192/500. Linear iter.: 4. Min. area: 0.000148452. Error: 3.26619e-12.
Computing volumes of the grid elements.
Min. volume: 0.000148452, max. volume: 36.6089.

# FGMRES residual history
# Residual tolerance target = 1e-10
# Initial residual norm     = 7.02183e-10
     0     1
# FGMRES final (true) residual:
# Iteration = 4: |res|/|res0| = 3.26619e-12.

Computing volumes of the grid elements.
Non-linear iter.: 193/500. Linear iter.: 4. Min. area: 0.000148452. Error: 3.26619e-12.
Computing volumes of the grid elements.
Min. volume: 0.000148452, max. volume: 36.6089.

# FGMRES residual history
# Residual tolerance target = 1e-10
# Initial residual norm     = 7.02184e-10
     0     1
# FGMRES final (true) residual:
# Iteration = 4: |res|/|res0| = 3.26619e-12.

Computing volumes of the grid elements.
Non-linear iter.: 194/500. Linear iter.: 4. Min. area: 0.000148452. Error: 3.26619e-12.
Computing volumes of the grid elements.
Min. volume: 0.000148452, max. volume: 36.6089.

# FGMRES residual history
# Residual tolerance target = 1e-10
# Initial residual norm     = 7.02185e-10
     0     1
# FGMRES final (true) residual:
# Iteration = 4: |res|/|res0| = 3.26619e-12.

Computing volumes of the grid elements.
Non-linear iter.: 195/500. Linear iter.: 4. Min. area: 0.000148452. Error: 3.26619e-12.
Computing volumes of the grid elements.
Min. volume: 0.000148452, max. volume: 36.6089.

# FGMRES residual history
# Residual tolerance target = 1e-10
# Initial residual norm     = 7.02187e-10
     0     1
# FGMRES final (true) residual:
# Iteration = 4: |res|/|res0| = 3.26619e-12.

Computing volumes of the grid elements.
Non-linear iter.: 196/500. Linear iter.: 4. Min. area: 0.000148452. Error: 3.26619e-12.
Computing volumes of the grid elements.
Min. volume: 0.000148452, max. volume: 36.6089.

# FGMRES residual history
# Residual tolerance target = 1e-10
# Initial residual norm     = 7.02188e-10
     0     1
# FGMRES final (true) residual:
# Iteration = 4: |res|/|res0| = 3.26618e-12.

Computing volumes of the grid elements.
Non-linear iter.: 197/500. Linear iter.: 4. Min. area: 0.000148452. Error: 3.26618e-12.
Computing volumes of the grid elements.
Min. volume: 0.000148452, max. volume: 36.6089.

# FGMRES residual history
# Residual tolerance target = 1e-10
# Initial residual norm     = 7.02189e-10
     0     1
# FGMRES final (true) residual:
# Iteration = 4: |res|/|res0| = 3.26618e-12.

Computing volumes of the grid elements.
Non-linear iter.: 198/500. Linear iter.: 4. Min. area: 0.000148452. Error: 3.26618e-12.
Computing volumes of the grid elements.
Min. volume: 0.000148452, max. volume: 36.6089.

# FGMRES residual history
# Residual tolerance target = 1e-10
# Initial residual norm     = 7.02191e-10
     0     1
# FGMRES final (true) residual:
# Iteration = 4: |res|/|res0| = 3.26618e-12.

Computing volumes of the grid elements.
Non-linear iter.: 199/500. Linear iter.: 4. Min. area: 0.000148452. Error: 3.26618e-12.
Computing volumes of the grid elements.
Min. volume: 0.000148452, max. volume: 36.6089.

# FGMRES residual history
# Residual tolerance target = 1e-10
# Initial residual norm     = 7.02192e-10
     0     1
# FGMRES final (true) residual:
# Iteration = 4: |res|/|res0| = 3.26618e-12.

Computing volumes of the grid elements.
Non-linear iter.: 200/500. Linear iter.: 4. Min. area: 0.000148452. Error: 3.26618e-12.
Computing volumes of the grid elements.
Min. volume: 0.000148452, max. volume: 36.6089.

# FGMRES residual history
# Residual tolerance target = 1e-10
# Initial residual norm     = 7.02193e-10
     0     1
# FGMRES final (true) residual:
# Iteration = 4: |res|/|res0| = 3.26618e-12.

Computing volumes of the grid elements.
Non-linear iter.: 201/500. Linear iter.: 4. Min. area: 0.000148452. Error: 3.26618e-12.
Computing volumes of the grid elements.
Min. volume: 0.000148452, max. volume: 36.6089.

# FGMRES residual history
# Residual tolerance target = 1e-10
# Initial residual norm     = 7.02195e-10
     0     1
# FGMRES final (true) residual:
# Iteration = 4: |res|/|res0| = 3.26617e-12.

Computing volumes of the grid elements.
Non-linear iter.: 202/500. Linear iter.: 4. Min. area: 0.000148452. Error: 3.26617e-12.
Computing volumes of the grid elements.
Min. volume: 0.000148452, max. volume: 36.6089.

# FGMRES residual history
# Residual tolerance target = 1e-10
# Initial residual norm     = 7.02196e-10
     0     1
# FGMRES final (true) residual:
# Iteration = 4: |res|/|res0| = 3.26617e-12.

Computing volumes of the grid elements.
Non-linear iter.: 203/500. Linear iter.: 4. Min. area: 0.000148452. Error: 3.26617e-12.
Computing volumes of the grid elements.
Min. volume: 0.000148452, max. volume: 36.6089.

# FGMRES residual history
# Residual tolerance target = 1e-10
# Initial residual norm     = 7.02197e-10
     0     1
# FGMRES final (true) residual:
# Iteration = 4: |res|/|res0| = 3.26617e-12.

Computing volumes of the grid elements.
Non-linear iter.: 204/500. Linear iter.: 4. Min. area: 0.000148452. Error: 3.26617e-12.
Computing volumes of the grid elements.
Min. volume: 0.000148452, max. volume: 36.6089.

# FGMRES residual history
# Residual tolerance target = 1e-10
# Initial residual norm     = 7.02199e-10
     0     1
# FGMRES final (true) residual:
# Iteration = 4: |res|/|res0| = 3.26617e-12.

Computing volumes of the grid elements.
Non-linear iter.: 205/500. Linear iter.: 4. Min. area: 0.000148452. Error: 3.26617e-12.
Computing volumes of the grid elements.
Min. volume: 0.000148452, max. volume: 36.6089.

# FGMRES residual history
# Residual tolerance target = 1e-10
# Initial residual norm     = 7.022e-10
     0     1
# FGMRES final (true) residual:
# Iteration = 4: |res|/|res0| = 3.26617e-12.

Computing volumes of the grid elements.
Non-linear iter.: 206/500. Linear iter.: 4. Min. area: 0.000148452. Error: 3.26617e-12.
Computing volumes of the grid elements.
Min. volume: 0.000148452, max. volume: 36.6089.

# FGMRES residual history
# Residual tolerance target = 1e-10
# Initial residual norm     = 7.02201e-10
     0     1
# FGMRES final (true) residual:
# Iteration = 4: |res|/|res0| = 3.26617e-12.

Computing volumes of the grid elements.
Non-linear iter.: 207/500. Linear iter.: 4. Min. area: 0.000148452. Error: 3.26617e-12.
Computing volumes of the grid elements.
Min. volume: 0.000148452, max. volume: 36.6089.

# FGMRES residual history
# Residual tolerance target = 1e-10
# Initial residual norm     = 7.02203e-10
     0     1
# FGMRES final (true) residual:
# Iteration = 4: |res|/|res0| = 3.26616e-12.

Computing volumes of the grid elements.
Non-linear iter.: 208/500. Linear iter.: 4. Min. area: 0.000148452. Error: 3.26616e-12.
Computing volumes of the grid elements.
Min. volume: 0.000148452, max. volume: 36.6089.

# FGMRES residual history
# Residual tolerance target = 1e-10
# Initial residual norm     = 7.02204e-10
     0     1
# FGMRES final (true) residual:
# Iteration = 4: |res|/|res0| = 3.26616e-12.

Computing volumes of the grid elements.
Non-linear iter.: 209/500. Linear iter.: 4. Min. area: 0.000148452. Error: 3.26616e-12.
Computing volumes of the grid elements.
Min. volume: 0.000148452, max. volume: 36.6089.

# FGMRES residual history
# Residual tolerance target = 1e-10
# Initial residual norm     = 7.02205e-10
     0     1
# FGMRES final (true) residual:
# Iteration = 4: |res|/|res0| = 3.26616e-12.

Computing volumes of the grid elements.
Non-linear iter.: 210/500. Linear iter.: 4. Min. area: 0.000148452. Error: 3.26616e-12.
Computing volumes of the grid elements.
Min. volume: 0.000148452, max. volume: 36.6089.

# FGMRES residual history
# Residual tolerance target = 1e-10
# Initial residual norm     = 7.02207e-10
     0     1
# FGMRES final (true) residual:
# Iteration = 4: |res|/|res0| = 3.26616e-12.

Computing volumes of the grid elements.
Non-linear iter.: 211/500. Linear iter.: 4. Min. area: 0.000148452. Error: 3.26616e-12.
Computing volumes of the grid elements.
Min. volume: 0.000148452, max. volume: 36.6089.

# FGMRES residual history
# Residual tolerance target = 1e-10
# Initial residual norm     = 7.02208e-10
     0     1
# FGMRES final (true) residual:
# Iteration = 4: |res|/|res0| = 3.26616e-12.

Computing volumes of the grid elements.
Non-linear iter.: 212/500. Linear iter.: 4. Min. area: 0.000148452. Error: 3.26616e-12.
Computing volumes of the grid elements.
Min. volume: 0.000148452, max. volume: 36.6089.

# FGMRES residual history
# Residual tolerance target = 1e-10
# Initial residual norm     = 7.02209e-10
     0     1
# FGMRES final (true) residual:
# Iteration = 4: |res|/|res0| = 3.26615e-12.

Computing volumes of the grid elements.
Non-linear iter.: 213/500. Linear iter.: 4. Min. area: 0.000148452. Error: 3.26615e-12.
Computing volumes of the grid elements.
Min. volume: 0.000148452, max. volume: 36.6089.

# FGMRES residual history
# Residual tolerance target = 1e-10
# Initial residual norm     = 7.02211e-10
     0     1
# FGMRES final (true) residual:
# Iteration = 4: |res|/|res0| = 3.26615e-12.

Computing volumes of the grid elements.
Non-linear iter.: 214/500. Linear iter.: 4. Min. area: 0.000148452. Error: 3.26615e-12.
Computing volumes of the grid elements.
Min. volume: 0.000148452, max. volume: 36.6089.

# FGMRES residual history
# Residual tolerance target = 1e-10
# Initial residual norm     = 7.02212e-10
     0     1
# FGMRES final (true) residual:
# Iteration = 4: |res|/|res0| = 3.26615e-12.

Computing volumes of the grid elements.
Non-linear iter.: 215/500. Linear iter.: 4. Min. area: 0.000148452. Error: 3.26615e-12.
Computing volumes of the grid elements.
Min. volume: 0.000148452, max. volume: 36.6089.

# FGMRES residual history
# Residual tolerance target = 1e-10
# Initial residual norm     = 7.02213e-10
     0     1
# FGMRES final (true) residual:
# Iteration = 4: |res|/|res0| = 3.26615e-12.

Computing volumes of the grid elements.
Non-linear iter.: 216/500. Linear iter.: 4. Min. area: 0.000148452. Error: 3.26615e-12.
Computing volumes of the grid elements.
Min. volume: 0.000148452, max. volume: 36.6089.

# FGMRES residual history
# Residual tolerance target = 1e-10
# Initial residual norm     = 7.02215e-10
     0     1
# FGMRES final (true) residual:
# Iteration = 4: |res|/|res0| = 3.26615e-12.

Computing volumes of the grid elements.
Non-linear iter.: 217/500. Linear iter.: 4. Min. area: 0.000148452. Error: 3.26615e-12.
Computing volumes of the grid elements.
Min. volume: 0.000148452, max. volume: 36.609.

# FGMRES residual history
# Residual tolerance target = 1e-10
# Initial residual norm     = 7.02216e-10
     0     1
# FGMRES final (true) residual:
# Iteration = 4: |res|/|res0| = 3.26615e-12.

Computing volumes of the grid elements.
Non-linear iter.: 218/500. Linear iter.: 4. Min. area: 0.000148452. Error: 3.26615e-12.
Computing volumes of the grid elements.
Min. volume: 0.000148452, max. volume: 36.609.

# FGMRES residual history
# Residual tolerance target = 1e-10
# Initial residual norm     = 7.02217e-10
     0     1
# FGMRES final (true) residual:
# Iteration = 4: |res|/|res0| = 3.26614e-12.

Computing volumes of the grid elements.
Non-linear iter.: 219/500. Linear iter.: 4. Min. area: 0.000148452. Error: 3.26614e-12.
Computing volumes of the grid elements.
Min. volume: 0.000148452, max. volume: 36.609.

# FGMRES residual history
# Residual tolerance target = 1e-10
# Initial residual norm     = 7.02219e-10
     0     1
# FGMRES final (true) residual:
# Iteration = 4: |res|/|res0| = 3.26614e-12.

Computing volumes of the grid elements.
Non-linear iter.: 220/500. Linear iter.: 4. Min. area: 0.000148452. Error: 3.26614e-12.
Computing volumes of the grid elements.
Min. volume: 0.000148452, max. volume: 36.609.

# FGMRES residual history
# Residual tolerance target = 1e-10
# Initial residual norm     = 7.0222e-10
     0     1
# FGMRES final (true) residual:
# Iteration = 4: |res|/|res0| = 3.26614e-12.

Computing volumes of the grid elements.
Non-linear iter.: 221/500. Linear iter.: 4. Min. area: 0.000148452. Error: 3.26614e-12.
Computing volumes of the grid elements.
Min. volume: 0.000148452, max. volume: 36.609.

# FGMRES residual history
# Residual tolerance target = 1e-10
# Initial residual norm     = 7.02221e-10
     0     1
# FGMRES final (true) residual:
# Iteration = 4: |res|/|res0| = 3.26614e-12.

Computing volumes of the grid elements.
Non-linear iter.: 222/500. Linear iter.: 4. Min. area: 0.000148452. Error: 3.26614e-12.
Computing volumes of the grid elements.
Min. volume: 0.000148452, max. volume: 36.609.

# FGMRES residual history
# Residual tolerance target = 1e-10
# Initial residual norm     = 7.02223e-10
     0     1
# FGMRES final (true) residual:
# Iteration = 4: |res|/|res0| = 3.26614e-12.

Computing volumes of the grid elements.
Non-linear iter.: 223/500. Linear iter.: 4. Min. area: 0.000148452. Error: 3.26614e-12.
Computing volumes of the grid elements.
Min. volume: 0.000148452, max. volume: 36.609.

# FGMRES residual history
# Residual tolerance target = 1e-10
# Initial residual norm     = 7.02224e-10
     0     1
# FGMRES final (true) residual:
# Iteration = 4: |res|/|res0| = 3.26614e-12.

Computing volumes of the grid elements.
Non-linear iter.: 224/500. Linear iter.: 4. Min. area: 0.000148452. Error: 3.26614e-12.
Computing volumes of the grid elements.
Min. volume: 0.000148452, max. volume: 36.609.

# FGMRES residual history
# Residual tolerance target = 1e-10
# Initial residual norm     = 7.02225e-10
     0     1
# FGMRES final (true) residual:
# Iteration = 4: |res|/|res0| = 3.26613e-12.

Computing volumes of the grid elements.
Non-linear iter.: 225/500. Linear iter.: 4. Min. area: 0.000148452. Error: 3.26613e-12.
Computing volumes of the grid elements.
Min. volume: 0.000148452, max. volume: 36.609.

# FGMRES residual history
# Residual tolerance target = 1e-10
# Initial residual norm     = 7.02227e-10
     0     1
# FGMRES final (true) residual:
# Iteration = 4: |res|/|res0| = 3.26613e-12.

Computing volumes of the grid elements.
Non-linear iter.: 226/500. Linear iter.: 4. Min. area: 0.000148452. Error: 3.26613e-12.
Computing volumes of the grid elements.
Min. volume: 0.000148452, max. volume: 36.609.

# FGMRES residual history
# Residual tolerance target = 1e-10
# Initial residual norm     = 7.02228e-10
     0     1
# FGMRES final (true) residual:
# Iteration = 4: |res|/|res0| = 3.26613e-12.

Computing volumes of the grid elements.
Non-linear iter.: 227/500. Linear iter.: 4. Min. area: 0.000148452. Error: 3.26613e-12.
Computing volumes of the grid elements.
Min. volume: 0.000148452, max. volume: 36.609.

# FGMRES residual history
# Residual tolerance target = 1e-10
# Initial residual norm     = 7.02229e-10
     0     1
# FGMRES final (true) residual:
# Iteration = 4: |res|/|res0| = 3.26613e-12.

Computing volumes of the grid elements.
Non-linear iter.: 228/500. Linear iter.: 4. Min. area: 0.000148452. Error: 3.26613e-12.
Computing volumes of the grid elements.
Min. volume: 0.000148452, max. volume: 36.609.

# FGMRES residual history
# Residual tolerance target = 1e-10
# Initial residual norm     = 7.02231e-10
     0     1
# FGMRES final (true) residual:
# Iteration = 4: |res|/|res0| = 3.26613e-12.

Computing volumes of the grid elements.
Non-linear iter.: 229/500. Linear iter.: 4. Min. area: 0.000148452. Error: 3.26613e-12.
Computing volumes of the grid elements.
Min. volume: 0.000148452, max. volume: 36.609.

# FGMRES residual history
# Residual tolerance target = 1e-10
# Initial residual norm     = 7.02232e-10
     0     1
# FGMRES final (true) residual:
# Iteration = 4: |res|/|res0| = 3.26612e-12.

Computing volumes of the grid elements.
Non-linear iter.: 230/500. Linear iter.: 4. Min. area: 0.000148452. Error: 3.26612e-12.
Computing volumes of the grid elements.
Min. volume: 0.000148452, max. volume: 36.609.

# FGMRES residual history
# Residual tolerance target = 1e-10
# Initial residual norm     = 7.02233e-10
     0     1
# FGMRES final (true) residual:
# Iteration = 4: |res|/|res0| = 3.26612e-12.

Computing volumes of the grid elements.
Non-linear iter.: 231/500. Linear iter.: 4. Min. area: 0.000148452. Error: 3.26612e-12.
Computing volumes of the grid elements.
Min. volume: 0.000148452, max. volume: 36.609.

# FGMRES residual history
# Residual tolerance target = 1e-10
# Initial residual norm     = 7.02235e-10
     0     1
# FGMRES final (true) residual:
# Iteration = 4: |res|/|res0| = 3.26612e-12.

Computing volumes of the grid elements.
Non-linear iter.: 232/500. Linear iter.: 4. Min. area: 0.000148452. Error: 3.26612e-12.
Computing volumes of the grid elements.
Min. volume: 0.000148452, max. volume: 36.609.

# FGMRES residual history
# Residual tolerance target = 1e-10
# Initial residual norm     = 7.02236e-10
     0     1
# FGMRES final (true) residual:
# Iteration = 4: |res|/|res0| = 3.26612e-12.

Computing volumes of the grid elements.
Non-linear iter.: 233/500. Linear iter.: 4. Min. area: 0.000148452. Error: 3.26612e-12.
Computing volumes of the grid elements.
Min. volume: 0.000148452, max. volume: 36.609.

# FGMRES residual history
# Residual tolerance target = 1e-10
# Initial residual norm     = 7.02237e-10
     0     1
# FGMRES final (true) residual:
# Iteration = 4: |res|/|res0| = 3.26612e-12.

Computing volumes of the grid elements.
Non-linear iter.: 234/500. Linear iter.: 4. Min. area: 0.000148452. Error: 3.26612e-12.
Computing volumes of the grid elements.
Min. volume: 0.000148452, max. volume: 36.609.

# FGMRES residual history
# Residual tolerance target = 1e-10
# Initial residual norm     = 7.02239e-10
     0     1
# FGMRES final (true) residual:
# Iteration = 4: |res|/|res0| = 3.26612e-12.

Computing volumes of the grid elements.
Non-linear iter.: 235/500. Linear iter.: 4. Min. area: 0.000148452. Error: 3.26612e-12.
Computing volumes of the grid elements.
Min. volume: 0.000148452, max. volume: 36.609.

# FGMRES residual history
# Residual tolerance target = 1e-10
# Initial residual norm     = 7.0224e-10
     0     1
# FGMRES final (true) residual:
# Iteration = 4: |res|/|res0| = 3.26611e-12.

Computing volumes of the grid elements.
Non-linear iter.: 236/500. Linear iter.: 4. Min. area: 0.000148452. Error: 3.26611e-12.
Computing volumes of the grid elements.
Min. volume: 0.000148452, max. volume: 36.609.

# FGMRES residual history
# Residual tolerance target = 1e-10
# Initial residual norm     = 7.02241e-10
     0     1
# FGMRES final (true) residual:
# Iteration = 4: |res|/|res0| = 3.26611e-12.

Computing volumes of the grid elements.
Non-linear iter.: 237/500. Linear iter.: 4. Min. area: 0.000148452. Error: 3.26611e-12.
Computing volumes of the grid elements.
Min. volume: 0.000148452, max. volume: 36.609.

# FGMRES residual history
# Residual tolerance target = 1e-10
# Initial residual norm     = 7.02243e-10
     0     1
# FGMRES final (true) residual:
# Iteration = 4: |res|/|res0| = 3.26611e-12.

Computing volumes of the grid elements.
Non-linear iter.: 238/500. Linear iter.: 4. Min. area: 0.000148452. Error: 3.26611e-12.
Computing volumes of the grid elements.
Min. volume: 0.000148452, max. volume: 36.609.

# FGMRES residual history
# Residual tolerance target = 1e-10
# Initial residual norm     = 7.02244e-10
     0     1
# FGMRES final (true) residual:
# Iteration = 4: |res|/|res0| = 3.26611e-12.

Computing volumes of the grid elements.
Non-linear iter.: 239/500. Linear iter.: 4. Min. area: 0.000148452. Error: 3.26611e-12.
Computing volumes of the grid elements.
Min. volume: 0.000148452, max. volume: 36.609.

# FGMRES residual history
# Residual tolerance target = 1e-10
# Initial residual norm     = 7.02245e-10
     0     1
# FGMRES final (true) residual:
# Iteration = 4: |res|/|res0| = 3.26611e-12.

Computing volumes of the grid elements.
Non-linear iter.: 240/500. Linear iter.: 4. Min. area: 0.000148452. Error: 3.26611e-12.
Computing volumes of the grid elements.
Min. volume: 0.000148452, max. volume: 36.609.

# FGMRES residual history
# Residual tolerance target = 1e-10
# Initial residual norm     = 7.02247e-10
     0     1
# FGMRES final (true) residual:
# Iteration = 4: |res|/|res0| = 3.2661e-12.

Computing volumes of the grid elements.
Non-linear iter.: 241/500. Linear iter.: 4. Min. area: 0.000148452. Error: 3.2661e-12.
Computing volumes of the grid elements.
Min. volume: 0.000148452, max. volume: 36.609.

# FGMRES residual history
# Residual tolerance target = 1e-10
# Initial residual norm     = 7.02248e-10
     0     1
# FGMRES final (true) residual:
# Iteration = 4: |res|/|res0| = 3.2661e-12.

Computing volumes of the grid elements.
Non-linear iter.: 242/500. Linear iter.: 4. Min. area: 0.000148452. Error: 3.2661e-12.
Computing volumes of the grid elements.
Min. volume: 0.000148452, max. volume: 36.609.

# FGMRES residual history
# Residual tolerance target = 1e-10
# Initial residual norm     = 7.02249e-10
     0     1
# FGMRES final (true) residual:
# Iteration = 4: |res|/|res0| = 3.2661e-12.

Computing volumes of the grid elements.
Non-linear iter.: 243/500. Linear iter.: 4. Min. area: 0.000148452. Error: 3.2661e-12.
Computing volumes of the grid elements.
Min. volume: 0.000148452, max. volume: 36.609.

# FGMRES residual history
# Residual tolerance target = 1e-10
# Initial residual norm     = 7.02251e-10
     0     1
# FGMRES final (true) residual:
# Iteration = 4: |res|/|res0| = 3.2661e-12.

Computing volumes of the grid elements.
Non-linear iter.: 244/500. Linear iter.: 4. Min. area: 0.000148452. Error: 3.2661e-12.
Computing volumes of the grid elements.
Min. volume: 0.000148452, max. volume: 36.609.

# FGMRES residual history
# Residual tolerance target = 1e-10
# Initial residual norm     = 7.02252e-10
     0     1
# FGMRES final (true) residual:
# Iteration = 4: |res|/|res0| = 3.2661e-12.

Computing volumes of the grid elements.
Non-linear iter.: 245/500. Linear iter.: 4. Min. area: 0.000148452. Error: 3.2661e-12.
Computing volumes of the grid elements.
Min. volume: 0.000148452, max. volume: 36.609.

# FGMRES residual history
# Residual tolerance target = 1e-10
# Initial residual norm     = 7.02253e-10
     0     1
# FGMRES final (true) residual:
# Iteration = 4: |res|/|res0| = 3.2661e-12.

Computing volumes of the grid elements.
Non-linear iter.: 246/500. Linear iter.: 4. Min. area: 0.000148452. Error: 3.2661e-12.
Computing volumes of the grid elements.
Min. volume: 0.000148452, max. volume: 36.609.

# FGMRES residual history
# Residual tolerance target = 1e-10
# Initial residual norm     = 7.02255e-10
     0     1
# FGMRES final (true) residual:
# Iteration = 4: |res|/|res0| = 3.26609e-12.

Computing volumes of the grid elements.
Non-linear iter.: 247/500. Linear iter.: 4. Min. area: 0.000148452. Error: 3.26609e-12.
Computing volumes of the grid elements.
Min. volume: 0.000148452, max. volume: 36.609.

# FGMRES residual history
# Residual tolerance target = 1e-10
# Initial residual norm     = 7.02256e-10
     0     1
# FGMRES final (true) residual:
# Iteration = 4: |res|/|res0| = 3.26609e-12.

Computing volumes of the grid elements.
Non-linear iter.: 248/500. Linear iter.: 4. Min. area: 0.000148452. Error: 3.26609e-12.
Computing volumes of the grid elements.
Min. volume: 0.000148452, max. volume: 36.609.

# FGMRES residual history
# Residual tolerance target = 1e-10
# Initial residual norm     = 7.02257e-10
     0     1
# FGMRES final (true) residual:
# Iteration = 4: |res|/|res0| = 3.26609e-12.

Computing volumes of the grid elements.
Non-linear iter.: 249/500. Linear iter.: 4. Min. area: 0.000148452. Error: 3.26609e-12.
Computing volumes of the grid elements.
Min. volume: 0.000148452, max. volume: 36.609.

# FGMRES residual history
# Residual tolerance target = 1e-10
# Initial residual norm     = 7.02259e-10
     0     1
# FGMRES final (true) residual:
# Iteration = 4: |res|/|res0| = 3.26609e-12.

Computing volumes of the grid elements.
Non-linear iter.: 250/500. Linear iter.: 4. Min. area: 0.000148452. Error: 3.26609e-12.
Computing volumes of the grid elements.
Min. volume: 0.000148452, max. volume: 36.609.

# FGMRES residual history
# Residual tolerance target = 1e-10
# Initial residual norm     = 7.0226e-10
     0     1
# FGMRES final (true) residual:
# Iteration = 4: |res|/|res0| = 3.26609e-12.

Computing volumes of the grid elements.
Non-linear iter.: 251/500. Linear iter.: 4. Min. area: 0.000148452. Error: 3.26609e-12.
Computing volumes of the grid elements.
Min. volume: 0.000148452, max. volume: 36.609.

# FGMRES residual history
# Residual tolerance target = 1e-10
# Initial residual norm     = 7.02262e-10
     0     1
# FGMRES final (true) residual:
# Iteration = 4: |res|/|res0| = 3.26608e-12.

Computing volumes of the grid elements.
Non-linear iter.: 252/500. Linear iter.: 4. Min. area: 0.000148452. Error: 3.26608e-12.
Computing volumes of the grid elements.
Min. volume: 0.000148452, max. volume: 36.609.

# FGMRES residual history
# Residual tolerance target = 1e-10
# Initial residual norm     = 7.02263e-10
     0     1
# FGMRES final (true) residual:
# Iteration = 4: |res|/|res0| = 3.26608e-12.

Computing volumes of the grid elements.
Non-linear iter.: 253/500. Linear iter.: 4. Min. area: 0.000148452. Error: 3.26608e-12.
Computing volumes of the grid elements.
Min. volume: 0.000148452, max. volume: 36.609.

# FGMRES residual history
# Residual tolerance target = 1e-10
# Initial residual norm     = 7.02264e-10
     0     1
# FGMRES final (true) residual:
# Iteration = 4: |res|/|res0| = 3.26608e-12.

Computing volumes of the grid elements.
Non-linear iter.: 254/500. Linear iter.: 4. Min. area: 0.000148452. Error: 3.26608e-12.
Computing volumes of the grid elements.
Min. volume: 0.000148452, max. volume: 36.609.

# FGMRES residual history
# Residual tolerance target = 1e-10
# Initial residual norm     = 7.02266e-10
     0     1
# FGMRES final (true) residual:
# Iteration = 4: |res|/|res0| = 3.26608e-12.

Computing volumes of the grid elements.
Non-linear iter.: 255/500. Linear iter.: 4. Min. area: 0.000148452. Error: 3.26608e-12.
Computing volumes of the grid elements.
Min. volume: 0.000148452, max. volume: 36.609.

# FGMRES residual history
# Residual tolerance target = 1e-10
# Initial residual norm     = 7.02267e-10
     0     1
# FGMRES final (true) residual:
# Iteration = 4: |res|/|res0| = 3.26608e-12.

Computing volumes of the grid elements.
Non-linear iter.: 256/500. Linear iter.: 4. Min. area: 0.000148452. Error: 3.26608e-12.
Computing volumes of the grid elements.
Min. volume: 0.000148452, max. volume: 36.609.

# FGMRES residual history
# Residual tolerance target = 1e-10
# Initial residual norm     = 7.02268e-10
     0     1
# FGMRES final (true) residual:
# Iteration = 4: |res|/|res0| = 3.26608e-12.

Computing volumes of the grid elements.
Non-linear iter.: 257/500. Linear iter.: 4. Min. area: 0.000148452. Error: 3.26608e-12.
Computing volumes of the grid elements.
Min. volume: 0.000148452, max. volume: 36.609.

# FGMRES residual history
# Residual tolerance target = 1e-10
# Initial residual norm     = 7.0227e-10
     0     1
# FGMRES final (true) residual:
# Iteration = 4: |res|/|res0| = 3.26607e-12.

Computing volumes of the grid elements.
Non-linear iter.: 258/500. Linear iter.: 4. Min. area: 0.000148452. Error: 3.26607e-12.
Computing volumes of the grid elements.
Min. volume: 0.000148452, max. volume: 36.609.

# FGMRES residual history
# Residual tolerance target = 1e-10
# Initial residual norm     = 7.02271e-10
     0     1
# FGMRES final (true) residual:
# Iteration = 4: |res|/|res0| = 3.26607e-12.

Computing volumes of the grid elements.
Non-linear iter.: 259/500. Linear iter.: 4. Min. area: 0.000148452. Error: 3.26607e-12.
Computing volumes of the grid elements.
Min. volume: 0.000148452, max. volume: 36.609.

# FGMRES residual history
# Residual tolerance target = 1e-10
# Initial residual norm     = 7.02272e-10
     0     1
# FGMRES final (true) residual:
# Iteration = 4: |res|/|res0| = 3.26607e-12.

Computing volumes of the grid elements.
Non-linear iter.: 260/500. Linear iter.: 4. Min. area: 0.000148452. Error: 3.26607e-12.
Computing volumes of the grid elements.
Min. volume: 0.000148452, max. volume: 36.609.

# FGMRES residual history
# Residual tolerance target = 1e-10
# Initial residual norm     = 7.02274e-10
     0     1
# FGMRES final (true) residual:
# Iteration = 4: |res|/|res0| = 3.26607e-12.

Computing volumes of the grid elements.
Non-linear iter.: 261/500. Linear iter.: 4. Min. area: 0.000148452. Error: 3.26607e-12.
Computing volumes of the grid elements.
Min. volume: 0.000148452, max. volume: 36.609.

# FGMRES residual history
# Residual tolerance target = 1e-10
# Initial residual norm     = 7.02275e-10
     0     1
# FGMRES final (true) residual:
# Iteration = 4: |res|/|res0| = 3.26607e-12.

Computing volumes of the grid elements.
Non-linear iter.: 262/500. Linear iter.: 4. Min. area: 0.000148452. Error: 3.26607e-12.
Computing volumes of the grid elements.
Min. volume: 0.000148452, max. volume: 36.609.

# FGMRES residual history
# Residual tolerance target = 1e-10
# Initial residual norm     = 7.02276e-10
     0     1
# FGMRES final (true) residual:
# Iteration = 4: |res|/|res0| = 3.26606e-12.

Computing volumes of the grid elements.
Non-linear iter.: 263/500. Linear iter.: 4. Min. area: 0.000148452. Error: 3.26606e-12.
Computing volumes of the grid elements.
Min. volume: 0.000148452, max. volume: 36.609.

# FGMRES residual history
# Residual tolerance target = 1e-10
# Initial residual norm     = 7.02278e-10
     0     1
# FGMRES final (true) residual:
# Iteration = 4: |res|/|res0| = 3.26606e-12.

Computing volumes of the grid elements.
Non-linear iter.: 264/500. Linear iter.: 4. Min. area: 0.000148452. Error: 3.26606e-12.
Computing volumes of the grid elements.
Min. volume: 0.000148452, max. volume: 36.609.

# FGMRES residual history
# Residual tolerance target = 1e-10
# Initial residual norm     = 7.02279e-10
     0     1
# FGMRES final (true) residual:
# Iteration = 4: |res|/|res0| = 3.26606e-12.

Computing volumes of the grid elements.
Non-linear iter.: 265/500. Linear iter.: 4. Min. area: 0.000148452. Error: 3.26606e-12.
Computing volumes of the grid elements.
Min. volume: 0.000148452, max. volume: 36.609.

# FGMRES residual history
# Residual tolerance target = 1e-10
# Initial residual norm     = 7.0228e-10
     0     1
# FGMRES final (true) residual:
# Iteration = 4: |res|/|res0| = 3.26606e-12.

Computing volumes of the grid elements.
Non-linear iter.: 266/500. Linear iter.: 4. Min. area: 0.000148452. Error: 3.26606e-12.
Computing volumes of the grid elements.
Min. volume: 0.000148452, max. volume: 36.609.

# FGMRES residual history
# Residual tolerance target = 1e-10
# Initial residual norm     = 7.02282e-10
     0     1
# FGMRES final (true) residual:
# Iteration = 4: |res|/|res0| = 3.26606e-12.

Computing volumes of the grid elements.
Non-linear iter.: 267/500. Linear iter.: 4. Min. area: 0.000148452. Error: 3.26606e-12.
Computing volumes of the grid elements.
Min. volume: 0.000148452, max. volume: 36.609.

# FGMRES residual history
# Residual tolerance target = 1e-10
# Initial residual norm     = 7.02283e-10
     0     1
# FGMRES final (true) residual:
# Iteration = 4: |res|/|res0| = 3.26606e-12.

Computing volumes of the grid elements.
Non-linear iter.: 268/500. Linear iter.: 4. Min. area: 0.000148452. Error: 3.26606e-12.
Computing volumes of the grid elements.
Min. volume: 0.000148452, max. volume: 36.609.

# FGMRES residual history
# Residual tolerance target = 1e-10
# Initial residual norm     = 7.02284e-10
     0     1
# FGMRES final (true) residual:
# Iteration = 4: |res|/|res0| = 3.26605e-12.

Computing volumes of the grid elements.
Non-linear iter.: 269/500. Linear iter.: 4. Min. area: 0.000148452. Error: 3.26605e-12.
Computing volumes of the grid elements.
Min. volume: 0.000148452, max. volume: 36.609.

# FGMRES residual history
# Residual tolerance target = 1e-10
# Initial residual norm     = 7.02286e-10
     0     1
# FGMRES final (true) residual:
# Iteration = 4: |res|/|res0| = 3.26605e-12.

Computing volumes of the grid elements.
Non-linear iter.: 270/500. Linear iter.: 4. Min. area: 0.000148452. Error: 3.26605e-12.
Computing volumes of the grid elements.
Min. volume: 0.000148452, max. volume: 36.609.

# FGMRES residual history
# Residual tolerance target = 1e-10
# Initial residual norm     = 7.02287e-10
     0     1
# FGMRES final (true) residual:
# Iteration = 4: |res|/|res0| = 3.26605e-12.

Computing volumes of the grid elements.
Non-linear iter.: 271/500. Linear iter.: 4. Min. area: 0.000148452. Error: 3.26605e-12.
Computing volumes of the grid elements.
Min. volume: 0.000148452, max. volume: 36.609.

# FGMRES residual history
# Residual tolerance target = 1e-10
# Initial residual norm     = 7.02288e-10
     0     1
# FGMRES final (true) residual:
# Iteration = 4: |res|/|res0| = 3.26605e-12.

Computing volumes of the grid elements.
Non-linear iter.: 272/500. Linear iter.: 4. Min. area: 0.000148452. Error: 3.26605e-12.
Computing volumes of the grid elements.
Min. volume: 0.000148452, max. volume: 36.609.

# FGMRES residual history
# Residual tolerance target = 1e-10
# Initial residual norm     = 7.0229e-10
     0     1
# FGMRES final (true) residual:
# Iteration = 4: |res|/|res0| = 3.26605e-12.

Computing volumes of the grid elements.
Non-linear iter.: 273/500. Linear iter.: 4. Min. area: 0.000148452. Error: 3.26605e-12.
Computing volumes of the grid elements.
Min. volume: 0.000148452, max. volume: 36.609.

# FGMRES residual history
# Residual tolerance target = 1e-10
# Initial residual norm     = 7.02291e-10
     0     1
# FGMRES final (true) residual:
# Iteration = 4: |res|/|res0| = 3.26604e-12.

Computing volumes of the grid elements.
Non-linear iter.: 274/500. Linear iter.: 4. Min. area: 0.000148452. Error: 3.26604e-12.
Computing volumes of the grid elements.
Min. volume: 0.000148452, max. volume: 36.609.

# FGMRES residual history
# Residual tolerance target = 1e-10
# Initial residual norm     = 7.02292e-10
     0     1
# FGMRES final (true) residual:
# Iteration = 4: |res|/|res0| = 3.26604e-12.

Computing volumes of the grid elements.
Non-linear iter.: 275/500. Linear iter.: 4. Min. area: 0.000148452. Error: 3.26604e-12.
Computing volumes of the grid elements.
Min. volume: 0.000148452, max. volume: 36.609.

# FGMRES residual history
# Residual tolerance target = 1e-10
# Initial residual norm     = 7.02294e-10
     0     1
# FGMRES final (true) residual:
# Iteration = 4: |res|/|res0| = 3.26604e-12.

Computing volumes of the grid elements.
Non-linear iter.: 276/500. Linear iter.: 4. Min. area: 0.000148452. Error: 3.26604e-12.
Computing volumes of the grid elements.
Min. volume: 0.000148452, max. volume: 36.609.

# FGMRES residual history
# Residual tolerance target = 1e-10
# Initial residual norm     = 7.02295e-10
     0     1
# FGMRES final (true) residual:
# Iteration = 4: |res|/|res0| = 3.26604e-12.

Computing volumes of the grid elements.
Non-linear iter.: 277/500. Linear iter.: 4. Min. area: 0.000148452. Error: 3.26604e-12.
Computing volumes of the grid elements.
Min. volume: 0.000148452, max. volume: 36.609.

# FGMRES residual history
# Residual tolerance target = 1e-10
# Initial residual norm     = 7.02296e-10
     0     1
# FGMRES final (true) residual:
# Iteration = 4: |res|/|res0| = 3.26604e-12.

Computing volumes of the grid elements.
Non-linear iter.: 278/500. Linear iter.: 4. Min. area: 0.000148452. Error: 3.26604e-12.
Computing volumes of the grid elements.
Min. volume: 0.000148452, max. volume: 36.609.

# FGMRES residual history
# Residual tolerance target = 1e-10
# Initial residual norm     = 7.02298e-10
     0     1
# FGMRES final (true) residual:
# Iteration = 4: |res|/|res0| = 3.26604e-12.

Computing volumes of the grid elements.
Non-linear iter.: 279/500. Linear iter.: 4. Min. area: 0.000148452. Error: 3.26604e-12.
Computing volumes of the grid elements.
Min. volume: 0.000148452, max. volume: 36.609.

# FGMRES residual history
# Residual tolerance target = 1e-10
# Initial residual norm     = 7.02299e-10
     0     1
# FGMRES final (true) residual:
# Iteration = 4: |res|/|res0| = 3.26603e-12.

Computing volumes of the grid elements.
Non-linear iter.: 280/500. Linear iter.: 4. Min. area: 0.000148452. Error: 3.26603e-12.
Computing volumes of the grid elements.
Min. volume: 0.000148452, max. volume: 36.609.

# FGMRES residual history
# Residual tolerance target = 1e-10
# Initial residual norm     = 7.023e-10
     0     1
# FGMRES final (true) residual:
# Iteration = 4: |res|/|res0| = 3.26603e-12.

Computing volumes of the grid elements.
Non-linear iter.: 281/500. Linear iter.: 4. Min. area: 0.000148452. Error: 3.26603e-12.
Computing volumes of the grid elements.
Min. volume: 0.000148452, max. volume: 36.609.

# FGMRES residual history
# Residual tolerance target = 1e-10
# Initial residual norm     = 7.02302e-10
     0     1
# FGMRES final (true) residual:
# Iteration = 4: |res|/|res0| = 3.26603e-12.

Computing volumes of the grid elements.
Non-linear iter.: 282/500. Linear iter.: 4. Min. area: 0.000148452. Error: 3.26603e-12.
Computing volumes of the grid elements.
Min. volume: 0.000148452, max. volume: 36.609.

# FGMRES residual history
# Residual tolerance target = 1e-10
# Initial residual norm     = 7.02303e-10
     0     1
# FGMRES final (true) residual:
# Iteration = 4: |res|/|res0| = 3.26603e-12.

Computing volumes of the grid elements.
Non-linear iter.: 283/500. Linear iter.: 4. Min. area: 0.000148452. Error: 3.26603e-12.
Computing volumes of the grid elements.
Min. volume: 0.000148452, max. volume: 36.609.

# FGMRES residual history
# Residual tolerance target = 1e-10
# Initial residual norm     = 7.02304e-10
     0     1
# FGMRES final (true) residual:
# Iteration = 4: |res|/|res0| = 3.26603e-12.

Computing volumes of the grid elements.
Non-linear iter.: 284/500. Linear iter.: 4. Min. area: 0.000148452. Error: 3.26603e-12.
Computing volumes of the grid elements.
Min. volume: 0.000148452, max. volume: 36.609.

# FGMRES residual history
# Residual tolerance target = 1e-10
# Initial residual norm     = 7.02306e-10
     0     1
# FGMRES final (true) residual:
# Iteration = 4: |res|/|res0| = 3.26602e-12.

Computing volumes of the grid elements.
Non-linear iter.: 285/500. Linear iter.: 4. Min. area: 0.000148452. Error: 3.26602e-12.
Computing volumes of the grid elements.
Min. volume: 0.000148452, max. volume: 36.609.

# FGMRES residual history
# Residual tolerance target = 1e-10
# Initial residual norm     = 7.02307e-10
     0     1
# FGMRES final (true) residual:
# Iteration = 4: |res|/|res0| = 3.26602e-12.

Computing volumes of the grid elements.
Non-linear iter.: 286/500. Linear iter.: 4. Min. area: 0.000148452. Error: 3.26602e-12.
Computing volumes of the grid elements.
Min. volume: 0.000148452, max. volume: 36.609.

# FGMRES residual history
# Residual tolerance target = 1e-10
# Initial residual norm     = 7.02308e-10
     0     1
# FGMRES final (true) residual:
# Iteration = 4: |res|/|res0| = 3.26602e-12.

Computing volumes of the grid elements.
Non-linear iter.: 287/500. Linear iter.: 4. Min. area: 0.000148452. Error: 3.26602e-12.
Computing volumes of the grid elements.
Min. volume: 0.000148452, max. volume: 36.609.

# FGMRES residual history
# Residual tolerance target = 1e-10
# Initial residual norm     = 7.0231e-10
     0     1
# FGMRES final (true) residual:
# Iteration = 4: |res|/|res0| = 3.26602e-12.

Computing volumes of the grid elements.
Non-linear iter.: 288/500. Linear iter.: 4. Min. area: 0.000148452. Error: 3.26602e-12.
Computing volumes of the grid elements.
Min. volume: 0.000148452, max. volume: 36.609.

# FGMRES residual history
# Residual tolerance target = 1e-10
# Initial residual norm     = 7.02311e-10
     0     1
# FGMRES final (true) residual:
# Iteration = 4: |res|/|res0| = 3.26602e-12.

Computing volumes of the grid elements.
Non-linear iter.: 289/500. Linear iter.: 4. Min. area: 0.000148452. Error: 3.26602e-12.
Computing volumes of the grid elements.
Min. volume: 0.000148452, max. volume: 36.609.

# FGMRES residual history
# Residual tolerance target = 1e-10
# Initial residual norm     = 7.02312e-10
     0     1
# FGMRES final (true) residual:
# Iteration = 4: |res|/|res0| = 3.26602e-12.

Computing volumes of the grid elements.
Non-linear iter.: 290/500. Linear iter.: 4. Min. area: 0.000148452. Error: 3.26602e-12.
Computing volumes of the grid elements.
Min. volume: 0.000148452, max. volume: 36.6091.

# FGMRES residual history
# Residual tolerance target = 1e-10
# Initial residual norm     = 7.02314e-10
     0     1
# FGMRES final (true) residual:
# Iteration = 4: |res|/|res0| = 3.26601e-12.

Computing volumes of the grid elements.
Non-linear iter.: 291/500. Linear iter.: 4. Min. area: 0.000148452. Error: 3.26601e-12.
Computing volumes of the grid elements.
Min. volume: 0.000148452, max. volume: 36.6091.

# FGMRES residual history
# Residual tolerance target = 1e-10
# Initial residual norm     = 7.02315e-10
     0     1
# FGMRES final (true) residual:
# Iteration = 4: |res|/|res0| = 3.26601e-12.

Computing volumes of the grid elements.
Non-linear iter.: 292/500. Linear iter.: 4. Min. area: 0.000148452. Error: 3.26601e-12.
Computing volumes of the grid elements.
Min. volume: 0.000148452, max. volume: 36.6091.

# FGMRES residual history
# Residual tolerance target = 1e-10
# Initial residual norm     = 7.02316e-10
     0     1
# FGMRES final (true) residual:
# Iteration = 4: |res|/|res0| = 3.26601e-12.

Computing volumes of the grid elements.
Non-linear iter.: 293/500. Linear iter.: 4. Min. area: 0.000148452. Error: 3.26601e-12.
Computing volumes of the grid elements.
Min. volume: 0.000148452, max. volume: 36.6091.

# FGMRES residual history
# Residual tolerance target = 1e-10
# Initial residual norm     = 7.02318e-10
     0     1
# FGMRES final (true) residual:
# Iteration = 4: |res|/|res0| = 3.26601e-12.

Computing volumes of the grid elements.
Non-linear iter.: 294/500. Linear iter.: 4. Min. area: 0.000148452. Error: 3.26601e-12.
Computing volumes of the grid elements.
Min. volume: 0.000148452, max. volume: 36.6091.

# FGMRES residual history
# Residual tolerance target = 1e-10
# Initial residual norm     = 7.02319e-10
     0     1
# FGMRES final (true) residual:
# Iteration = 4: |res|/|res0| = 3.26601e-12.

Computing volumes of the grid elements.
Non-linear iter.: 295/500. Linear iter.: 4. Min. area: 0.000148452. Error: 3.26601e-12.
Computing volumes of the grid elements.
Min. volume: 0.000148452, max. volume: 36.6091.

# FGMRES residual history
# Residual tolerance target = 1e-10
# Initial residual norm     = 7.0232e-10
     0     1
# FGMRES final (true) residual:
# Iteration = 4: |res|/|res0| = 3.266e-12.

Computing volumes of the grid elements.
Non-linear iter.: 296/500. Linear iter.: 4. Min. area: 0.000148452. Error: 3.266e-12.
Computing volumes of the grid elements.
Min. volume: 0.000148452, max. volume: 36.6091.

# FGMRES residual history
# Residual tolerance target = 1e-10
# Initial residual norm     = 7.02322e-10
     0     1
# FGMRES final (true) residual:
# Iteration = 4: |res|/|res0| = 3.266e-12.

Computing volumes of the grid elements.
Non-linear iter.: 297/500. Linear iter.: 4. Min. area: 0.000148452. Error: 3.266e-12.
Computing volumes of the grid elements.
Min. volume: 0.000148452, max. volume: 36.6091.

# FGMRES residual history
# Residual tolerance target = 1e-10
# Initial residual norm     = 7.02323e-10
     0     1
# FGMRES final (true) residual:
# Iteration = 4: |res|/|res0| = 3.266e-12.

Computing volumes of the grid elements.
Non-linear iter.: 298/500. Linear iter.: 4. Min. area: 0.000148452. Error: 3.266e-12.
Computing volumes of the grid elements.
Min. volume: 0.000148452, max. volume: 36.6091.

# FGMRES residual history
# Residual tolerance target = 1e-10
# Initial residual norm     = 7.02324e-10
     0     1
# FGMRES final (true) residual:
# Iteration = 4: |res|/|res0| = 3.266e-12.

Computing volumes of the grid elements.
Non-linear iter.: 299/500. Linear iter.: 4. Min. area: 0.000148452. Error: 3.266e-12.
Computing volumes of the grid elements.
Min. volume: 0.000148452, max. volume: 36.6091.

# FGMRES residual history
# Residual tolerance target = 1e-10
# Initial residual norm     = 7.02326e-10
     0     1
# FGMRES final (true) residual:
# Iteration = 4: |res|/|res0| = 3.266e-12.

Computing volumes of the grid elements.
Non-linear iter.: 300/500. Linear iter.: 4. Min. area: 0.000148452. Error: 3.266e-12.
Computing volumes of the grid elements.
Min. volume: 0.000148452, max. volume: 36.6091.

# FGMRES residual history
# Residual tolerance target = 1e-10
# Initial residual norm     = 7.02327e-10
     0     1
# FGMRES final (true) residual:
# Iteration = 4: |res|/|res0| = 3.266e-12.

Computing volumes of the grid elements.
Non-linear iter.: 301/500. Linear iter.: 4. Min. area: 0.000148452. Error: 3.266e-12.
Computing volumes of the grid elements.
Min. volume: 0.000148452, max. volume: 36.6091.

# FGMRES residual history
# Residual tolerance target = 1e-10
# Initial residual norm     = 7.02328e-10
     0     1
# FGMRES final (true) residual:
# Iteration = 4: |res|/|res0| = 3.26599e-12.

Computing volumes of the grid elements.
Non-linear iter.: 302/500. Linear iter.: 4. Min. area: 0.000148452. Error: 3.26599e-12.
Computing volumes of the grid elements.
Min. volume: 0.000148452, max. volume: 36.6091.

# FGMRES residual history
# Residual tolerance target = 1e-10
# Initial residual norm     = 7.0233e-10
     0     1
# FGMRES final (true) residual:
# Iteration = 4: |res|/|res0| = 3.26599e-12.

Computing volumes of the grid elements.
Non-linear iter.: 303/500. Linear iter.: 4. Min. area: 0.000148452. Error: 3.26599e-12.
Computing volumes of the grid elements.
Min. volume: 0.000148452, max. volume: 36.6091.

# FGMRES residual history
# Residual tolerance target = 1e-10
# Initial residual norm     = 7.02331e-10
     0     1
# FGMRES final (true) residual:
# Iteration = 4: |res|/|res0| = 3.26599e-12.

Computing volumes of the grid elements.
Non-linear iter.: 304/500. Linear iter.: 4. Min. area: 0.000148452. Error: 3.26599e-12.
Computing volumes of the grid elements.
Min. volume: 0.000148452, max. volume: 36.6091.

# FGMRES residual history
# Residual tolerance target = 1e-10
# Initial residual norm     = 7.02332e-10
     0     1
# FGMRES final (true) residual:
# Iteration = 4: |res|/|res0| = 3.26599e-12.

Computing volumes of the grid elements.
Non-linear iter.: 305/500. Linear iter.: 4. Min. area: 0.000148452. Error: 3.26599e-12.
Computing volumes of the grid elements.
Min. volume: 0.000148452, max. volume: 36.6091.

# FGMRES residual history
# Residual tolerance target = 1e-10
# Initial residual norm     = 7.02334e-10
     0     1
# FGMRES final (true) residual:
# Iteration = 4: |res|/|res0| = 3.26599e-12.

Computing volumes of the grid elements.
Non-linear iter.: 306/500. Linear iter.: 4. Min. area: 0.000148452. Error: 3.26599e-12.
Computing volumes of the grid elements.
Min. volume: 0.000148452, max. volume: 36.6091.

# FGMRES residual history
# Residual tolerance target = 1e-10
# Initial residual norm     = 7.02335e-10
     0     1
# FGMRES final (true) residual:
# Iteration = 4: |res|/|res0| = 3.26599e-12.

Computing volumes of the grid elements.
Non-linear iter.: 307/500. Linear iter.: 4. Min. area: 0.000148452. Error: 3.26599e-12.
Computing volumes of the grid elements.
Min. volume: 0.000148452, max. volume: 36.6091.

# FGMRES residual history
# Residual tolerance target = 1e-10
# Initial residual norm     = 7.02336e-10
     0     1
# FGMRES final (true) residual:
# Iteration = 4: |res|/|res0| = 3.26598e-12.

Computing volumes of the grid elements.
Non-linear iter.: 308/500. Linear iter.: 4. Min. area: 0.000148452. Error: 3.26598e-12.
Computing volumes of the grid elements.
Min. volume: 0.000148452, max. volume: 36.6091.

# FGMRES residual history
# Residual tolerance target = 1e-10
# Initial residual norm     = 7.02338e-10
     0     1
# FGMRES final (true) residual:
# Iteration = 4: |res|/|res0| = 3.26598e-12.

Computing volumes of the grid elements.
Non-linear iter.: 309/500. Linear iter.: 4. Min. area: 0.000148452. Error: 3.26598e-12.
Computing volumes of the grid elements.
Min. volume: 0.000148452, max. volume: 36.6091.

# FGMRES residual history
# Residual tolerance target = 1e-10
# Initial residual norm     = 7.02339e-10
     0     1
# FGMRES final (true) residual:
# Iteration = 4: |res|/|res0| = 3.26598e-12.

Computing volumes of the grid elements.
Non-linear iter.: 310/500. Linear iter.: 4. Min. area: 0.000148452. Error: 3.26598e-12.
Computing volumes of the grid elements.
Min. volume: 0.000148452, max. volume: 36.6091.

# FGMRES residual history
# Residual tolerance target = 1e-10
# Initial residual norm     = 7.0234e-10
     0     1
# FGMRES final (true) residual:
# Iteration = 4: |res|/|res0| = 3.26598e-12.

Computing volumes of the grid elements.
Non-linear iter.: 311/500. Linear iter.: 4. Min. area: 0.000148452. Error: 3.26598e-12.
Computing volumes of the grid elements.
Min. volume: 0.000148452, max. volume: 36.6091.

# FGMRES residual history
# Residual tolerance target = 1e-10
# Initial residual norm     = 7.02342e-10
     0     1
# FGMRES final (true) residual:
# Iteration = 4: |res|/|res0| = 3.26598e-12.

Computing volumes of the grid elements.
Non-linear iter.: 312/500. Linear iter.: 4. Min. area: 0.000148452. Error: 3.26598e-12.
Computing volumes of the grid elements.
Min. volume: 0.000148452, max. volume: 36.6091.

# FGMRES residual history
# Residual tolerance target = 1e-10
# Initial residual norm     = 7.02343e-10
     0     1
# FGMRES final (true) residual:
# Iteration = 4: |res|/|res0| = 3.26597e-12.

Computing volumes of the grid elements.
Non-linear iter.: 313/500. Linear iter.: 4. Min. area: 0.000148452. Error: 3.26597e-12.
Computing volumes of the grid elements.
Min. volume: 0.000148452, max. volume: 36.6091.

# FGMRES residual history
# Residual tolerance target = 1e-10
# Initial residual norm     = 7.02345e-10
     0     1
# FGMRES final (true) residual:
# Iteration = 4: |res|/|res0| = 3.26597e-12.

Computing volumes of the grid elements.
Non-linear iter.: 314/500. Linear iter.: 4. Min. area: 0.000148452. Error: 3.26597e-12.
Computing volumes of the grid elements.
Min. volume: 0.000148452, max. volume: 36.6091.

# FGMRES residual history
# Residual tolerance target = 1e-10
# Initial residual norm     = 7.02346e-10
     0     1
# FGMRES final (true) residual:
# Iteration = 4: |res|/|res0| = 3.26597e-12.

Computing volumes of the grid elements.
Non-linear iter.: 315/500. Linear iter.: 4. Min. area: 0.000148452. Error: 3.26597e-12.
Computing volumes of the grid elements.
Min. volume: 0.000148452, max. volume: 36.6091.

# FGMRES residual history
# Residual tolerance target = 1e-10
# Initial residual norm     = 7.02347e-10
     0     1
# FGMRES final (true) residual:
# Iteration = 4: |res|/|res0| = 3.26597e-12.

Computing volumes of the grid elements.
Non-linear iter.: 316/500. Linear iter.: 4. Min. area: 0.000148452. Error: 3.26597e-12.
Computing volumes of the grid elements.
Min. volume: 0.000148452, max. volume: 36.6091.

# FGMRES residual history
# Residual tolerance target = 1e-10
# Initial residual norm     = 7.02349e-10
     0     1
# FGMRES final (true) residual:
# Iteration = 4: |res|/|res0| = 3.26597e-12.

Computing volumes of the grid elements.
Non-linear iter.: 317/500. Linear iter.: 4. Min. area: 0.000148452. Error: 3.26597e-12.
Computing volumes of the grid elements.
Min. volume: 0.000148452, max. volume: 36.6091.

# FGMRES residual history
# Residual tolerance target = 1e-10
# Initial residual norm     = 7.0235e-10
     0     1
# FGMRES final (true) residual:
# Iteration = 4: |res|/|res0| = 3.26597e-12.

Computing volumes of the grid elements.
Non-linear iter.: 318/500. Linear iter.: 4. Min. area: 0.000148452. Error: 3.26597e-12.
Computing volumes of the grid elements.
Min. volume: 0.000148452, max. volume: 36.6091.

# FGMRES residual history
# Residual tolerance target = 1e-10
# Initial residual norm     = 7.02351e-10
     0     1
# FGMRES final (true) residual:
# Iteration = 4: |res|/|res0| = 3.26596e-12.

Computing volumes of the grid elements.
Non-linear iter.: 319/500. Linear iter.: 4. Min. area: 0.000148452. Error: 3.26596e-12.
Computing volumes of the grid elements.
Min. volume: 0.000148452, max. volume: 36.6091.

# FGMRES residual history
# Residual tolerance target = 1e-10
# Initial residual norm     = 7.02353e-10
     0     1
# FGMRES final (true) residual:
# Iteration = 4: |res|/|res0| = 3.26596e-12.

Computing volumes of the grid elements.
Non-linear iter.: 320/500. Linear iter.: 4. Min. area: 0.000148452. Error: 3.26596e-12.
Computing volumes of the grid elements.
Min. volume: 0.000148452, max. volume: 36.6091.

# FGMRES residual history
# Residual tolerance target = 1e-10
# Initial residual norm     = 7.02354e-10
     0     1
# FGMRES final (true) residual:
# Iteration = 4: |res|/|res0| = 3.26596e-12.

Computing volumes of the grid elements.
Non-linear iter.: 321/500. Linear iter.: 4. Min. area: 0.000148452. Error: 3.26596e-12.
Computing volumes of the grid elements.
Min. volume: 0.000148452, max. volume: 36.6091.

# FGMRES residual history
# Residual tolerance target = 1e-10
# Initial residual norm     = 7.02355e-10
     0     1
# FGMRES final (true) residual:
# Iteration = 4: |res|/|res0| = 3.26596e-12.

Computing volumes of the grid elements.
Non-linear iter.: 322/500. Linear iter.: 4. Min. area: 0.000148452. Error: 3.26596e-12.
Computing volumes of the grid elements.
Min. volume: 0.000148452, max. volume: 36.6091.

# FGMRES residual history
# Residual tolerance target = 1e-10
# Initial residual norm     = 7.02357e-10
     0     1
# FGMRES final (true) residual:
# Iteration = 4: |res|/|res0| = 3.26596e-12.

Computing volumes of the grid elements.
Non-linear iter.: 323/500. Linear iter.: 4. Min. area: 0.000148452. Error: 3.26596e-12.
Computing volumes of the grid elements.
Min. volume: 0.000148452, max. volume: 36.6091.

# FGMRES residual history
# Residual tolerance target = 1e-10
# Initial residual norm     = 7.02358e-10
     0     1
# FGMRES final (true) residual:
# Iteration = 4: |res|/|res0| = 3.26595e-12.

Computing volumes of the grid elements.
Non-linear iter.: 324/500. Linear iter.: 4. Min. area: 0.000148452. Error: 3.26595e-12.
Computing volumes of the grid elements.
Min. volume: 0.000148452, max. volume: 36.6091.

# FGMRES residual history
# Residual tolerance target = 1e-10
# Initial residual norm     = 7.02359e-10
     0     1
# FGMRES final (true) residual:
# Iteration = 4: |res|/|res0| = 3.26595e-12.

Computing volumes of the grid elements.
Non-linear iter.: 325/500. Linear iter.: 4. Min. area: 0.000148452. Error: 3.26595e-12.
Computing volumes of the grid elements.
Min. volume: 0.000148452, max. volume: 36.6091.

# FGMRES residual history
# Residual tolerance target = 1e-10
# Initial residual norm     = 7.02361e-10
     0     1
# FGMRES final (true) residual:
# Iteration = 4: |res|/|res0| = 3.26595e-12.

Computing volumes of the grid elements.
Non-linear iter.: 326/500. Linear iter.: 4. Min. area: 0.000148452. Error: 3.26595e-12.
Computing volumes of the grid elements.
Min. volume: 0.000148452, max. volume: 36.6091.

# FGMRES residual history
# Residual tolerance target = 1e-10
# Initial residual norm     = 7.02362e-10
     0     1
# FGMRES final (true) residual:
# Iteration = 4: |res|/|res0| = 3.26595e-12.

Computing volumes of the grid elements.
Non-linear iter.: 327/500. Linear iter.: 4. Min. area: 0.000148452. Error: 3.26595e-12.
Computing volumes of the grid elements.
Min. volume: 0.000148452, max. volume: 36.6091.

# FGMRES residual history
# Residual tolerance target = 1e-10
# Initial residual norm     = 7.02363e-10
     0     1
# FGMRES final (true) residual:
# Iteration = 4: |res|/|res0| = 3.26595e-12.

Computing volumes of the grid elements.
Non-linear iter.: 328/500. Linear iter.: 4. Min. area: 0.000148452. Error: 3.26595e-12.
Computing volumes of the grid elements.
Min. volume: 0.000148452, max. volume: 36.6091.

# FGMRES residual history
# Residual tolerance target = 1e-10
# Initial residual norm     = 7.02365e-10
     0     1
# FGMRES final (true) residual:
# Iteration = 4: |res|/|res0| = 3.26595e-12.

Computing volumes of the grid elements.
Non-linear iter.: 329/500. Linear iter.: 4. Min. area: 0.000148452. Error: 3.26595e-12.
Computing volumes of the grid elements.
Min. volume: 0.000148452, max. volume: 36.6091.

# FGMRES residual history
# Residual tolerance target = 1e-10
# Initial residual norm     = 7.02366e-10
     0     1
# FGMRES final (true) residual:
# Iteration = 4: |res|/|res0| = 3.26594e-12.

Computing volumes of the grid elements.
Non-linear iter.: 330/500. Linear iter.: 4. Min. area: 0.000148452. Error: 3.26594e-12.
Computing volumes of the grid elements.
Min. volume: 0.000148452, max. volume: 36.6091.

# FGMRES residual history
# Residual tolerance target = 1e-10
# Initial residual norm     = 7.02367e-10
     0     1
# FGMRES final (true) residual:
# Iteration = 4: |res|/|res0| = 3.26594e-12.

Computing volumes of the grid elements.
Non-linear iter.: 331/500. Linear iter.: 4. Min. area: 0.000148452. Error: 3.26594e-12.
Computing volumes of the grid elements.
Min. volume: 0.000148452, max. volume: 36.6091.

# FGMRES residual history
# Residual tolerance target = 1e-10
# Initial residual norm     = 7.02369e-10
     0     1
# FGMRES final (true) residual:
# Iteration = 4: |res|/|res0| = 3.26594e-12.

Computing volumes of the grid elements.
Non-linear iter.: 332/500. Linear iter.: 4. Min. area: 0.000148452. Error: 3.26594e-12.
Computing volumes of the grid elements.
Min. volume: 0.000148452, max. volume: 36.6091.

# FGMRES residual history
# Residual tolerance target = 1e-10
# Initial residual norm     = 7.0237e-10
     0     1
# FGMRES final (true) residual:
# Iteration = 4: |res|/|res0| = 3.26594e-12.

Computing volumes of the grid elements.
Non-linear iter.: 333/500. Linear iter.: 4. Min. area: 0.000148452. Error: 3.26594e-12.
Computing volumes of the grid elements.
Min. volume: 0.000148452, max. volume: 36.6091.

# FGMRES residual history
# Residual tolerance target = 1e-10
# Initial residual norm     = 7.02371e-10
     0     1
# FGMRES final (true) residual:
# Iteration = 4: |res|/|res0| = 3.26594e-12.

Computing volumes of the grid elements.
Non-linear iter.: 334/500. Linear iter.: 4. Min. area: 0.000148452. Error: 3.26594e-12.
Computing volumes of the grid elements.
Min. volume: 0.000148452, max. volume: 36.6091.

# FGMRES residual history
# Residual tolerance target = 1e-10
# Initial residual norm     = 7.02373e-10
     0     1
# FGMRES final (true) residual:
# Iteration = 4: |res|/|res0| = 3.26593e-12.

Computing volumes of the grid elements.
Non-linear iter.: 335/500. Linear iter.: 4. Min. area: 0.000148452. Error: 3.26593e-12.
Computing volumes of the grid elements.
Min. volume: 0.000148452, max. volume: 36.6091.

# FGMRES residual history
# Residual tolerance target = 1e-10
# Initial residual norm     = 7.02374e-10
     0     1
# FGMRES final (true) residual:
# Iteration = 4: |res|/|res0| = 3.26593e-12.

Computing volumes of the grid elements.
Non-linear iter.: 336/500. Linear iter.: 4. Min. area: 0.000148452. Error: 3.26593e-12.
Computing volumes of the grid elements.
Min. volume: 0.000148452, max. volume: 36.6091.

# FGMRES residual history
# Residual tolerance target = 1e-10
# Initial residual norm     = 7.02375e-10
     0     1
# FGMRES final (true) residual:
# Iteration = 4: |res|/|res0| = 3.26593e-12.

Computing volumes of the grid elements.
Non-linear iter.: 337/500. Linear iter.: 4. Min. area: 0.000148452. Error: 3.26593e-12.
Computing volumes of the grid elements.
Min. volume: 0.000148452, max. volume: 36.6091.

# FGMRES residual history
# Residual tolerance target = 1e-10
# Initial residual norm     = 7.02377e-10
     0     1
# FGMRES final (true) residual:
# Iteration = 4: |res|/|res0| = 3.26593e-12.

Computing volumes of the grid elements.
Non-linear iter.: 338/500. Linear iter.: 4. Min. area: 0.000148452. Error: 3.26593e-12.
Computing volumes of the grid elements.
Min. volume: 0.000148452, max. volume: 36.6091.

# FGMRES residual history
# Residual tolerance target = 1e-10
# Initial residual norm     = 7.02378e-10
     0     1
# FGMRES final (true) residual:
# Iteration = 4: |res|/|res0| = 3.26593e-12.

Computing volumes of the grid elements.
Non-linear iter.: 339/500. Linear iter.: 4. Min. area: 0.000148452. Error: 3.26593e-12.
Computing volumes of the grid elements.
Min. volume: 0.000148452, max. volume: 36.6091.

# FGMRES residual history
# Residual tolerance target = 1e-10
# Initial residual norm     = 7.02379e-10
     0     1
# FGMRES final (true) residual:
# Iteration = 4: |res|/|res0| = 3.26593e-12.

Computing volumes of the grid elements.
Non-linear iter.: 340/500. Linear iter.: 4. Min. area: 0.000148452. Error: 3.26593e-12.
Computing volumes of the grid elements.
Min. volume: 0.000148452, max. volume: 36.6091.

# FGMRES residual history
# Residual tolerance target = 1e-10
# Initial residual norm     = 7.02381e-10
     0     1
# FGMRES final (true) residual:
# Iteration = 4: |res|/|res0| = 3.26592e-12.

Computing volumes of the grid elements.
Non-linear iter.: 341/500. Linear iter.: 4. Min. area: 0.000148452. Error: 3.26592e-12.
Computing volumes of the grid elements.
Min. volume: 0.000148452, max. volume: 36.6091.

# FGMRES residual history
# Residual tolerance target = 1e-10
# Initial residual norm     = 7.02382e-10
     0     1
# FGMRES final (true) residual:
# Iteration = 4: |res|/|res0| = 3.26592e-12.

Computing volumes of the grid elements.
Non-linear iter.: 342/500. Linear iter.: 4. Min. area: 0.000148452. Error: 3.26592e-12.
Computing volumes of the grid elements.
Min. volume: 0.000148452, max. volume: 36.6091.

# FGMRES residual history
# Residual tolerance target = 1e-10
# Initial residual norm     = 7.02383e-10
     0     1
# FGMRES final (true) residual:
# Iteration = 4: |res|/|res0| = 3.26592e-12.

Computing volumes of the grid elements.
Non-linear iter.: 343/500. Linear iter.: 4. Min. area: 0.000148452. Error: 3.26592e-12.
Computing volumes of the grid elements.
Min. volume: 0.000148452, max. volume: 36.6091.

# FGMRES residual history
# Residual tolerance target = 1e-10
# Initial residual norm     = 7.02385e-10
     0     1
# FGMRES final (true) residual:
# Iteration = 4: |res|/|res0| = 3.26592e-12.

Computing volumes of the grid elements.
Non-linear iter.: 344/500. Linear iter.: 4. Min. area: 0.000148452. Error: 3.26592e-12.
Computing volumes of the grid elements.
Min. volume: 0.000148452, max. volume: 36.6091.

# FGMRES residual history
# Residual tolerance target = 1e-10
# Initial residual norm     = 7.02386e-10
     0     1
# FGMRES final (true) residual:
# Iteration = 4: |res|/|res0| = 3.26592e-12.

Computing volumes of the grid elements.
Non-linear iter.: 345/500. Linear iter.: 4. Min. area: 0.000148452. Error: 3.26592e-12.
Computing volumes of the grid elements.
Min. volume: 0.000148452, max. volume: 36.6091.

# FGMRES residual history
# Residual tolerance target = 1e-10
# Initial residual norm     = 7.02387e-10
     0     1
# FGMRES final (true) residual:
# Iteration = 4: |res|/|res0| = 3.26591e-12.

Computing volumes of the grid elements.
Non-linear iter.: 346/500. Linear iter.: 4. Min. area: 0.000148452. Error: 3.26591e-12.
Computing volumes of the grid elements.
Min. volume: 0.000148452, max. volume: 36.6091.

# FGMRES residual history
# Residual tolerance target = 1e-10
# Initial residual norm     = 7.02389e-10
     0     1
# FGMRES final (true) residual:
# Iteration = 4: |res|/|res0| = 3.26591e-12.

Computing volumes of the grid elements.
Non-linear iter.: 347/500. Linear iter.: 4. Min. area: 0.000148452. Error: 3.26591e-12.
Computing volumes of the grid elements.
Min. volume: 0.000148452, max. volume: 36.6091.

# FGMRES residual history
# Residual tolerance target = 1e-10
# Initial residual norm     = 7.0239e-10
     0     1
# FGMRES final (true) residual:
# Iteration = 4: |res|/|res0| = 3.26591e-12.

Computing volumes of the grid elements.
Non-linear iter.: 348/500. Linear iter.: 4. Min. area: 0.000148452. Error: 3.26591e-12.
Computing volumes of the grid elements.
Min. volume: 0.000148452, max. volume: 36.6091.

# FGMRES residual history
# Residual tolerance target = 1e-10
# Initial residual norm     = 7.02391e-10
     0     1
# FGMRES final (true) residual:
# Iteration = 4: |res|/|res0| = 3.26591e-12.

Computing volumes of the grid elements.
Non-linear iter.: 349/500. Linear iter.: 4. Min. area: 0.000148452. Error: 3.26591e-12.
Computing volumes of the grid elements.
Min. volume: 0.000148452, max. volume: 36.6091.

# FGMRES residual history
# Residual tolerance target = 1e-10
# Initial residual norm     = 7.02393e-10
     0     1
# FGMRES final (true) residual:
# Iteration = 4: |res|/|res0| = 3.26591e-12.

Computing volumes of the grid elements.
Non-linear iter.: 350/500. Linear iter.: 4. Min. area: 0.000148452. Error: 3.26591e-12.
Computing volumes of the grid elements.
Min. volume: 0.000148452, max. volume: 36.6091.

# FGMRES residual history
# Residual tolerance target = 1e-10
# Initial residual norm     = 7.02394e-10
     0     1
# FGMRES final (true) residual:
# Iteration = 4: |res|/|res0| = 3.26591e-12.

Computing volumes of the grid elements.
Non-linear iter.: 351/500. Linear iter.: 4. Min. area: 0.000148452. Error: 3.26591e-12.
Computing volumes of the grid elements.
Min. volume: 0.000148452, max. volume: 36.6091.

# FGMRES residual history
# Residual tolerance target = 1e-10
# Initial residual norm     = 7.02395e-10
     0     1
# FGMRES final (true) residual:
# Iteration = 4: |res|/|res0| = 3.2659e-12.

Computing volumes of the grid elements.
Non-linear iter.: 352/500. Linear iter.: 4. Min. area: 0.000148452. Error: 3.2659e-12.
Computing volumes of the grid elements.
Min. volume: 0.000148452, max. volume: 36.6091.

# FGMRES residual history
# Residual tolerance target = 1e-10
# Initial residual norm     = 7.02397e-10
     0     1
# FGMRES final (true) residual:
# Iteration = 4: |res|/|res0| = 3.2659e-12.

Computing volumes of the grid elements.
Non-linear iter.: 353/500. Linear iter.: 4. Min. area: 0.000148452. Error: 3.2659e-12.
Computing volumes of the grid elements.
Min. volume: 0.000148452, max. volume: 36.6091.

# FGMRES residual history
# Residual tolerance target = 1e-10
# Initial residual norm     = 7.02398e-10
     0     1
# FGMRES final (true) residual:
# Iteration = 4: |res|/|res0| = 3.2659e-12.

Computing volumes of the grid elements.
Non-linear iter.: 354/500. Linear iter.: 4. Min. area: 0.000148452. Error: 3.2659e-12.
Computing volumes of the grid elements.
Min. volume: 0.000148452, max. volume: 36.6091.

# FGMRES residual history
# Residual tolerance target = 1e-10
# Initial residual norm     = 7.02399e-10
     0     1
# FGMRES final (true) residual:
# Iteration = 4: |res|/|res0| = 3.2659e-12.

Computing volumes of the grid elements.
Non-linear iter.: 355/500. Linear iter.: 4. Min. area: 0.000148452. Error: 3.2659e-12.
Computing volumes of the grid elements.
Min. volume: 0.000148452, max. volume: 36.6091.

# FGMRES residual history
# Residual tolerance target = 1e-10
# Initial residual norm     = 7.02401e-10
     0     1
# FGMRES final (true) residual:
# Iteration = 4: |res|/|res0| = 3.2659e-12.

Computing volumes of the grid elements.
Non-linear iter.: 356/500. Linear iter.: 4. Min. area: 0.000148452. Error: 3.2659e-12.
Computing volumes of the grid elements.
Min. volume: 0.000148452, max. volume: 36.6091.

# FGMRES residual history
# Residual tolerance target = 1e-10
# Initial residual norm     = 7.02402e-10
     0     1
# FGMRES final (true) residual:
# Iteration = 4: |res|/|res0| = 3.26589e-12.

Computing volumes of the grid elements.
Non-linear iter.: 357/500. Linear iter.: 4. Min. area: 0.000148452. Error: 3.26589e-12.
Computing volumes of the grid elements.
Min. volume: 0.000148452, max. volume: 36.6091.

# FGMRES residual history
# Residual tolerance target = 1e-10
# Initial residual norm     = 7.02403e-10
     0     1
# FGMRES final (true) residual:
# Iteration = 4: |res|/|res0| = 3.26589e-12.

Computing volumes of the grid elements.
Non-linear iter.: 358/500. Linear iter.: 4. Min. area: 0.000148452. Error: 3.26589e-12.
Computing volumes of the grid elements.
Min. volume: 0.000148452, max. volume: 36.6091.

# FGMRES residual history
# Residual tolerance target = 1e-10
# Initial residual norm     = 7.02405e-10
     0     1
# FGMRES final (true) residual:
# Iteration = 4: |res|/|res0| = 3.26589e-12.

Computing volumes of the grid elements.
Non-linear iter.: 359/500. Linear iter.: 4. Min. area: 0.000148452. Error: 3.26589e-12.
Computing volumes of the grid elements.
Min. volume: 0.000148452, max. volume: 36.6091.

# FGMRES residual history
# Residual tolerance target = 1e-10
# Initial residual norm     = 7.02406e-10
     0     1
# FGMRES final (true) residual:
# Iteration = 4: |res|/|res0| = 3.26589e-12.

Computing volumes of the grid elements.
Non-linear iter.: 360/500. Linear iter.: 4. Min. area: 0.000148452. Error: 3.26589e-12.
Computing volumes of the grid elements.
Min. volume: 0.000148452, max. volume: 36.6091.

# FGMRES residual history
# Residual tolerance target = 1e-10
# Initial residual norm     = 7.02407e-10
     0     1
# FGMRES final (true) residual:
# Iteration = 4: |res|/|res0| = 3.26589e-12.

Computing volumes of the grid elements.
Non-linear iter.: 361/500. Linear iter.: 4. Min. area: 0.000148452. Error: 3.26589e-12.
Computing volumes of the grid elements.
Min. volume: 0.000148452, max. volume: 36.6091.

# FGMRES residual history
# Residual tolerance target = 1e-10
# Initial residual norm     = 7.02409e-10
     0     1
# FGMRES final (true) residual:
# Iteration = 4: |res|/|res0| = 3.26589e-12.

Computing volumes of the grid elements.
Non-linear iter.: 362/500. Linear iter.: 4. Min. area: 0.000148452. Error: 3.26589e-12.
Computing volumes of the grid elements.
Min. volume: 0.000148452, max. volume: 36.6091.

# FGMRES residual history
# Residual tolerance target = 1e-10
# Initial residual norm     = 7.0241e-10
     0     1
# FGMRES final (true) residual:
# Iteration = 4: |res|/|res0| = 3.26588e-12.

Computing volumes of the grid elements.
Non-linear iter.: 363/500. Linear iter.: 4. Min. area: 0.000148452. Error: 3.26588e-12.
Computing volumes of the grid elements.
Min. volume: 0.000148452, max. volume: 36.6092.

# FGMRES residual history
# Residual tolerance target = 1e-10
# Initial residual norm     = 7.02411e-10
     0     1
# FGMRES final (true) residual:
# Iteration = 4: |res|/|res0| = 3.26588e-12.

Computing volumes of the grid elements.
Non-linear iter.: 364/500. Linear iter.: 4. Min. area: 0.000148452. Error: 3.26588e-12.
Computing volumes of the grid elements.
Min. volume: 0.000148452, max. volume: 36.6092.

# FGMRES residual history
# Residual tolerance target = 1e-10
# Initial residual norm     = 7.02413e-10
     0     1
# FGMRES final (true) residual:
# Iteration = 4: |res|/|res0| = 3.26588e-12.

Computing volumes of the grid elements.
Non-linear iter.: 365/500. Linear iter.: 4. Min. area: 0.000148452. Error: 3.26588e-12.
Computing volumes of the grid elements.
Min. volume: 0.000148452, max. volume: 36.6092.

# FGMRES residual history
# Residual tolerance target = 1e-10
# Initial residual norm     = 7.02414e-10
     0     1
# FGMRES final (true) residual:
# Iteration = 4: |res|/|res0| = 3.26588e-12.

Computing volumes of the grid elements.
Non-linear iter.: 366/500. Linear iter.: 4. Min. area: 0.000148452. Error: 3.26588e-12.
Computing volumes of the grid elements.
Min. volume: 0.000148452, max. volume: 36.6092.

# FGMRES residual history
# Residual tolerance target = 1e-10
# Initial residual norm     = 7.02415e-10
     0     1
# FGMRES final (true) residual:
# Iteration = 4: |res|/|res0| = 3.26588e-12.

Computing volumes of the grid elements.
Non-linear iter.: 367/500. Linear iter.: 4. Min. area: 0.000148452. Error: 3.26588e-12.
Computing volumes of the grid elements.
Min. volume: 0.000148452, max. volume: 36.6092.

# FGMRES residual history
# Residual tolerance target = 1e-10
# Initial residual norm     = 7.02417e-10
     0     1
# FGMRES final (true) residual:
# Iteration = 4: |res|/|res0| = 3.26587e-12.

Computing volumes of the grid elements.
Non-linear iter.: 368/500. Linear iter.: 4. Min. area: 0.000148452. Error: 3.26587e-12.
Computing volumes of the grid elements.
Min. volume: 0.000148452, max. volume: 36.6092.

# FGMRES residual history
# Residual tolerance target = 1e-10
# Initial residual norm     = 7.02418e-10
     0     1
# FGMRES final (true) residual:
# Iteration = 4: |res|/|res0| = 3.26587e-12.

Computing volumes of the grid elements.
Non-linear iter.: 369/500. Linear iter.: 4. Min. area: 0.000148452. Error: 3.26587e-12.
Computing volumes of the grid elements.
Min. volume: 0.000148452, max. volume: 36.6092.

# FGMRES residual history
# Residual tolerance target = 1e-10
# Initial residual norm     = 7.02419e-10
     0     1
# FGMRES final (true) residual:
# Iteration = 4: |res|/|res0| = 3.26587e-12.

Computing volumes of the grid elements.
Non-linear iter.: 370/500. Linear iter.: 4. Min. area: 0.000148452. Error: 3.26587e-12.
Computing volumes of the grid elements.
Min. volume: 0.000148452, max. volume: 36.6092.

# FGMRES residual history
# Residual tolerance target = 1e-10
# Initial residual norm     = 7.02421e-10
     0     1
# FGMRES final (true) residual:
# Iteration = 4: |res|/|res0| = 3.26587e-12.

Computing volumes of the grid elements.
Non-linear iter.: 371/500. Linear iter.: 4. Min. area: 0.000148452. Error: 3.26587e-12.
Computing volumes of the grid elements.
Min. volume: 0.000148452, max. volume: 36.6092.

# FGMRES residual history
# Residual tolerance target = 1e-10
# Initial residual norm     = 7.02422e-10
     0     1
# FGMRES final (true) residual:
# Iteration = 4: |res|/|res0| = 3.26587e-12.

Computing volumes of the grid elements.
Non-linear iter.: 372/500. Linear iter.: 4. Min. area: 0.000148452. Error: 3.26587e-12.
Computing volumes of the grid elements.
Min. volume: 0.000148452, max. volume: 36.6092.

# FGMRES residual history
# Residual tolerance target = 1e-10
# Initial residual norm     = 7.02423e-10
     0     1
# FGMRES final (true) residual:
# Iteration = 4: |res|/|res0| = 3.26587e-12.

Computing volumes of the grid elements.
Non-linear iter.: 373/500. Linear iter.: 4. Min. area: 0.000148452. Error: 3.26587e-12.
Computing volumes of the grid elements.
Min. volume: 0.000148452, max. volume: 36.6092.

# FGMRES residual history
# Residual tolerance target = 1e-10
# Initial residual norm     = 7.02425e-10
     0     1
# FGMRES final (true) residual:
# Iteration = 4: |res|/|res0| = 3.26586e-12.

Computing volumes of the grid elements.
Non-linear iter.: 374/500. Linear iter.: 4. Min. area: 0.000148452. Error: 3.26586e-12.
Computing volumes of the grid elements.
Min. volume: 0.000148452, max. volume: 36.6092.

# FGMRES residual history
# Residual tolerance target = 1e-10
# Initial residual norm     = 7.02426e-10
     0     1
# FGMRES final (true) residual:
# Iteration = 4: |res|/|res0| = 3.26586e-12.

Computing volumes of the grid elements.
Non-linear iter.: 375/500. Linear iter.: 4. Min. area: 0.000148452. Error: 3.26586e-12.
Computing volumes of the grid elements.
Min. volume: 0.000148452, max. volume: 36.6092.

# FGMRES residual history
# Residual tolerance target = 1e-10
# Initial residual norm     = 7.02428e-10
     0     1
# FGMRES final (true) residual:
# Iteration = 4: |res|/|res0| = 3.26586e-12.

Computing volumes of the grid elements.
Non-linear iter.: 376/500. Linear iter.: 4. Min. area: 0.000148452. Error: 3.26586e-12.
Computing volumes of the grid elements.
Min. volume: 0.000148452, max. volume: 36.6092.

# FGMRES residual history
# Residual tolerance target = 1e-10
# Initial residual norm     = 7.02429e-10
     0     1
# FGMRES final (true) residual:
# Iteration = 4: |res|/|res0| = 3.26586e-12.

Computing volumes of the grid elements.
Non-linear iter.: 377/500. Linear iter.: 4. Min. area: 0.000148452. Error: 3.26586e-12.
Computing volumes of the grid elements.
Min. volume: 0.000148452, max. volume: 36.6092.

# FGMRES residual history
# Residual tolerance target = 1e-10
# Initial residual norm     = 7.0243e-10
     0     1
# FGMRES final (true) residual:
# Iteration = 4: |res|/|res0| = 3.26586e-12.

Computing volumes of the grid elements.
Non-linear iter.: 378/500. Linear iter.: 4. Min. area: 0.000148452. Error: 3.26586e-12.
Computing volumes of the grid elements.
Min. volume: 0.000148452, max. volume: 36.6092.

# FGMRES residual history
# Residual tolerance target = 1e-10
# Initial residual norm     = 7.02432e-10
     0     1
# FGMRES final (true) residual:
# Iteration = 4: |res|/|res0| = 3.26585e-12.

Computing volumes of the grid elements.
Non-linear iter.: 379/500. Linear iter.: 4. Min. area: 0.000148452. Error: 3.26585e-12.
Computing volumes of the grid elements.
Min. volume: 0.000148452, max. volume: 36.6092.

# FGMRES residual history
# Residual tolerance target = 1e-10
# Initial residual norm     = 7.02433e-10
     0     1
# FGMRES final (true) residual:
# Iteration = 4: |res|/|res0| = 3.26585e-12.

Computing volumes of the grid elements.
Non-linear iter.: 380/500. Linear iter.: 4. Min. area: 0.000148452. Error: 3.26585e-12.
Computing volumes of the grid elements.
Min. volume: 0.000148452, max. volume: 36.6092.

# FGMRES residual history
# Residual tolerance target = 1e-10
# Initial residual norm     = 7.02434e-10
     0     1
# FGMRES final (true) residual:
# Iteration = 4: |res|/|res0| = 3.26585e-12.

Computing volumes of the grid elements.
Non-linear iter.: 381/500. Linear iter.: 4. Min. area: 0.000148452. Error: 3.26585e-12.
Computing volumes of the grid elements.
Min. volume: 0.000148452, max. volume: 36.6092.

# FGMRES residual history
# Residual tolerance target = 1e-10
# Initial residual norm     = 7.02436e-10
     0     1
# FGMRES final (true) residual:
# Iteration = 4: |res|/|res0| = 3.26585e-12.

Computing volumes of the grid elements.
Non-linear iter.: 382/500. Linear iter.: 4. Min. area: 0.000148452. Error: 3.26585e-12.
Computing volumes of the grid elements.
Min. volume: 0.000148452, max. volume: 36.6092.

# FGMRES residual history
# Residual tolerance target = 1e-10
# Initial residual norm     = 7.02437e-10
     0     1
# FGMRES final (true) residual:
# Iteration = 4: |res|/|res0| = 3.26585e-12.

Computing volumes of the grid elements.
Non-linear iter.: 383/500. Linear iter.: 4. Min. area: 0.000148452. Error: 3.26585e-12.
Computing volumes of the grid elements.
Min. volume: 0.000148452, max. volume: 36.6092.

# FGMRES residual history
# Residual tolerance target = 1e-10
# Initial residual norm     = 7.02438e-10
     0     1
# FGMRES final (true) residual:
# Iteration = 4: |res|/|res0| = 3.26585e-12.

Computing volumes of the grid elements.
Non-linear iter.: 384/500. Linear iter.: 4. Min. area: 0.000148452. Error: 3.26585e-12.
Computing volumes of the grid elements.
Min. volume: 0.000148452, max. volume: 36.6092.

# FGMRES residual history
# Residual tolerance target = 1e-10
# Initial residual norm     = 7.0244e-10
     0     1
# FGMRES final (true) residual:
# Iteration = 4: |res|/|res0| = 3.26584e-12.

Computing volumes of the grid elements.
Non-linear iter.: 385/500. Linear iter.: 4. Min. area: 0.000148452. Error: 3.26584e-12.
Computing volumes of the grid elements.
Min. volume: 0.000148452, max. volume: 36.6092.

# FGMRES residual history
# Residual tolerance target = 1e-10
# Initial residual norm     = 7.02441e-10
     0     1
# FGMRES final (true) residual:
# Iteration = 4: |res|/|res0| = 3.26584e-12.

Computing volumes of the grid elements.
Non-linear iter.: 386/500. Linear iter.: 4. Min. area: 0.000148452. Error: 3.26584e-12.
Computing volumes of the grid elements.
Min. volume: 0.000148452, max. volume: 36.6092.

# FGMRES residual history
# Residual tolerance target = 1e-10
# Initial residual norm     = 7.02442e-10
     0     1
# FGMRES final (true) residual:
# Iteration = 4: |res|/|res0| = 3.26584e-12.

Computing volumes of the grid elements.
Non-linear iter.: 387/500. Linear iter.: 4. Min. area: 0.000148452. Error: 3.26584e-12.
Computing volumes of the grid elements.
Min. volume: 0.000148452, max. volume: 36.6092.

# FGMRES residual history
# Residual tolerance target = 1e-10
# Initial residual norm     = 7.02444e-10
     0     1
# FGMRES final (true) residual:
# Iteration = 4: |res|/|res0| = 3.26584e-12.

Computing volumes of the grid elements.
Non-linear iter.: 388/500. Linear iter.: 4. Min. area: 0.000148452. Error: 3.26584e-12.
Computing volumes of the grid elements.
Min. volume: 0.000148452, max. volume: 36.6092.

# FGMRES residual history
# Residual tolerance target = 1e-10
# Initial residual norm     = 7.02445e-10
     0     1
# FGMRES final (true) residual:
# Iteration = 4: |res|/|res0| = 3.26584e-12.

Computing volumes of the grid elements.
Non-linear iter.: 389/500. Linear iter.: 4. Min. area: 0.000148452. Error: 3.26584e-12.
Computing volumes of the grid elements.
Min. volume: 0.000148452, max. volume: 36.6092.

# FGMRES residual history
# Residual tolerance target = 1e-10
# Initial residual norm     = 7.02446e-10
     0     1
# FGMRES final (true) residual:
# Iteration = 4: |res|/|res0| = 3.26583e-12.

Computing volumes of the grid elements.
Non-linear iter.: 390/500. Linear iter.: 4. Min. area: 0.000148452. Error: 3.26583e-12.
Computing volumes of the grid elements.
Min. volume: 0.000148452, max. volume: 36.6092.

# FGMRES residual history
# Residual tolerance target = 1e-10
# Initial residual norm     = 7.02448e-10
     0     1
# FGMRES final (true) residual:
# Iteration = 4: |res|/|res0| = 3.26583e-12.

Computing volumes of the grid elements.
Non-linear iter.: 391/500. Linear iter.: 4. Min. area: 0.000148452. Error: 3.26583e-12.
Computing volumes of the grid elements.
Min. volume: 0.000148452, max. volume: 36.6092.

# FGMRES residual history
# Residual tolerance target = 1e-10
# Initial residual norm     = 7.02449e-10
     0     1
# FGMRES final (true) residual:
# Iteration = 4: |res|/|res0| = 3.26583e-12.

Computing volumes of the grid elements.
Non-linear iter.: 392/500. Linear iter.: 4. Min. area: 0.000148452. Error: 3.26583e-12.
Computing volumes of the grid elements.
Min. volume: 0.000148452, max. volume: 36.6092.

# FGMRES residual history
# Residual tolerance target = 1e-10
# Initial residual norm     = 7.0245e-10
     0     1
# FGMRES final (true) residual:
# Iteration = 4: |res|/|res0| = 3.26583e-12.

Computing volumes of the grid elements.
Non-linear iter.: 393/500. Linear iter.: 4. Min. area: 0.000148452. Error: 3.26583e-12.
Computing volumes of the grid elements.
Min. volume: 0.000148452, max. volume: 36.6092.

# FGMRES residual history
# Residual tolerance target = 1e-10
# Initial residual norm     = 7.02452e-10
     0     1
# FGMRES final (true) residual:
# Iteration = 4: |res|/|res0| = 3.26583e-12.

Computing volumes of the grid elements.
Non-linear iter.: 394/500. Linear iter.: 4. Min. area: 0.000148452. Error: 3.26583e-12.
Computing volumes of the grid elements.
Min. volume: 0.000148452, max. volume: 36.6092.

# FGMRES residual history
# Residual tolerance target = 1e-10
# Initial residual norm     = 7.02453e-10
     0     1
# FGMRES final (true) residual:
# Iteration = 4: |res|/|res0| = 3.26583e-12.

Computing volumes of the grid elements.
Non-linear iter.: 395/500. Linear iter.: 4. Min. area: 0.000148452. Error: 3.26583e-12.
Computing volumes of the grid elements.
Min. volume: 0.000148452, max. volume: 36.6092.

# FGMRES residual history
# Residual tolerance target = 1e-10
# Initial residual norm     = 7.02454e-10
     0     1
# FGMRES final (true) residual:
# Iteration = 4: |res|/|res0| = 3.26582e-12.

Computing volumes of the grid elements.
Non-linear iter.: 396/500. Linear iter.: 4. Min. area: 0.000148452. Error: 3.26582e-12.
Computing volumes of the grid elements.
Min. volume: 0.000148452, max. volume: 36.6092.

# FGMRES residual history
# Residual tolerance target = 1e-10
# Initial residual norm     = 7.02456e-10
     0     1
# FGMRES final (true) residual:
# Iteration = 4: |res|/|res0| = 3.26582e-12.

Computing volumes of the grid elements.
Non-linear iter.: 397/500. Linear iter.: 4. Min. area: 0.000148452. Error: 3.26582e-12.
Computing volumes of the grid elements.
Min. volume: 0.000148452, max. volume: 36.6092.

# FGMRES residual history
# Residual tolerance target = 1e-10
# Initial residual norm     = 7.02457e-10
     0     1
# FGMRES final (true) residual:
# Iteration = 4: |res|/|res0| = 3.26582e-12.

Computing volumes of the grid elements.
Non-linear iter.: 398/500. Linear iter.: 4. Min. area: 0.000148452. Error: 3.26582e-12.
Computing volumes of the grid elements.
Min. volume: 0.000148452, max. volume: 36.6092.

# FGMRES residual history
# Residual tolerance target = 1e-10
# Initial residual norm     = 7.02458e-10
     0     1
# FGMRES final (true) residual:
# Iteration = 4: |res|/|res0| = 3.26582e-12.

Computing volumes of the grid elements.
Non-linear iter.: 399/500. Linear iter.: 4. Min. area: 0.000148452. Error: 3.26582e-12.
Computing volumes of the grid elements.
Min. volume: 0.000148452, max. volume: 36.6092.

# FGMRES residual history
# Residual tolerance target = 1e-10
# Initial residual norm     = 7.0246e-10
     0     1
# FGMRES final (true) residual:
# Iteration = 4: |res|/|res0| = 3.26582e-12.

Computing volumes of the grid elements.
Non-linear iter.: 400/500. Linear iter.: 4. Min. area: 0.000148452. Error: 3.26582e-12.
Computing volumes of the grid elements.
Min. volume: 0.000148452, max. volume: 36.6092.

# FGMRES residual history
# Residual tolerance target = 1e-10
# Initial residual norm     = 7.02461e-10
     0     1
# FGMRES final (true) residual:
# Iteration = 4: |res|/|res0| = 3.26582e-12.

Computing volumes of the grid elements.
Non-linear iter.: 401/500. Linear iter.: 4. Min. area: 0.000148452. Error: 3.26582e-12.
Computing volumes of the grid elements.
Min. volume: 0.000148452, max. volume: 36.6092.

# FGMRES residual history
# Residual tolerance target = 1e-10
# Initial residual norm     = 7.02462e-10
     0     1
# FGMRES final (true) residual:
# Iteration = 4: |res|/|res0| = 3.26581e-12.

Computing volumes of the grid elements.
Non-linear iter.: 402/500. Linear iter.: 4. Min. area: 0.000148452. Error: 3.26581e-12.
Computing volumes of the grid elements.
Min. volume: 0.000148452, max. volume: 36.6092.

# FGMRES residual history
# Residual tolerance target = 1e-10
# Initial residual norm     = 7.02464e-10
     0     1
# FGMRES final (true) residual:
# Iteration = 4: |res|/|res0| = 3.26581e-12.

Computing volumes of the grid elements.
Non-linear iter.: 403/500. Linear iter.: 4. Min. area: 0.000148452. Error: 3.26581e-12.
Computing volumes of the grid elements.
Min. volume: 0.000148452, max. volume: 36.6092.

# FGMRES residual history
# Residual tolerance target = 1e-10
# Initial residual norm     = 7.02465e-10
     0     1
# FGMRES final (true) residual:
# Iteration = 4: |res|/|res0| = 3.26581e-12.

Computing volumes of the grid elements.
Non-linear iter.: 404/500. Linear iter.: 4. Min. area: 0.000148452. Error: 3.26581e-12.
Computing volumes of the grid elements.
Min. volume: 0.000148452, max. volume: 36.6092.

# FGMRES residual history
# Residual tolerance target = 1e-10
# Initial residual norm     = 7.02466e-10
     0     1
# FGMRES final (true) residual:
# Iteration = 4: |res|/|res0| = 3.26581e-12.

Computing volumes of the grid elements.
Non-linear iter.: 405/500. Linear iter.: 4. Min. area: 0.000148452. Error: 3.26581e-12.
Computing volumes of the grid elements.
Min. volume: 0.000148452, max. volume: 36.6092.

# FGMRES residual history
# Residual tolerance target = 1e-10
# Initial residual norm     = 7.02468e-10
     0     1
# FGMRES final (true) residual:
# Iteration = 4: |res|/|res0| = 3.26581e-12.

Computing volumes of the grid elements.
Non-linear iter.: 406/500. Linear iter.: 4. Min. area: 0.000148452. Error: 3.26581e-12.
Computing volumes of the grid elements.
Min. volume: 0.000148452, max. volume: 36.6092.

# FGMRES residual history
# Residual tolerance target = 1e-10
# Initial residual norm     = 7.02469e-10
     0     1
# FGMRES final (true) residual:
# Iteration = 4: |res|/|res0| = 3.2658e-12.

Computing volumes of the grid elements.
Non-linear iter.: 407/500. Linear iter.: 4. Min. area: 0.000148452. Error: 3.2658e-12.
Computing volumes of the grid elements.
Min. volume: 0.000148452, max. volume: 36.6092.

# FGMRES residual history
# Residual tolerance target = 1e-10
# Initial residual norm     = 7.0247e-10
     0     1
# FGMRES final (true) residual:
# Iteration = 4: |res|/|res0| = 3.2658e-12.

Computing volumes of the grid elements.
Non-linear iter.: 408/500. Linear iter.: 4. Min. area: 0.000148452. Error: 3.2658e-12.
Computing volumes of the grid elements.
Min. volume: 0.000148452, max. volume: 36.6092.

# FGMRES residual history
# Residual tolerance target = 1e-10
# Initial residual norm     = 7.02472e-10
     0     1
# FGMRES final (true) residual:
# Iteration = 4: |res|/|res0| = 3.2658e-12.

Computing volumes of the grid elements.
Non-linear iter.: 409/500. Linear iter.: 4. Min. area: 0.000148452. Error: 3.2658e-12.
Computing volumes of the grid elements.
Min. volume: 0.000148452, max. volume: 36.6092.

# FGMRES residual history
# Residual tolerance target = 1e-10
# Initial residual norm     = 7.02473e-10
     0     1
# FGMRES final (true) residual:
# Iteration = 4: |res|/|res0| = 3.2658e-12.

Computing volumes of the grid elements.
Non-linear iter.: 410/500. Linear iter.: 4. Min. area: 0.000148452. Error: 3.2658e-12.
Computing volumes of the grid elements.
Min. volume: 0.000148452, max. volume: 36.6092.

# FGMRES residual history
# Residual tolerance target = 1e-10
# Initial residual norm     = 7.02474e-10
     0     1
# FGMRES final (true) residual:
# Iteration = 4: |res|/|res0| = 3.2658e-12.

Computing volumes of the grid elements.
Non-linear iter.: 411/500. Linear iter.: 4. Min. area: 0.000148452. Error: 3.2658e-12.
Computing volumes of the grid elements.
Min. volume: 0.000148452, max. volume: 36.6092.

# FGMRES residual history
# Residual tolerance target = 1e-10
# Initial residual norm     = 7.02476e-10
     0     1
# FGMRES final (true) residual:
# Iteration = 4: |res|/|res0| = 3.2658e-12.

Computing volumes of the grid elements.
Non-linear iter.: 412/500. Linear iter.: 4. Min. area: 0.000148452. Error: 3.2658e-12.
Computing volumes of the grid elements.
Min. volume: 0.000148452, max. volume: 36.6092.

# FGMRES residual history
# Residual tolerance target = 1e-10
# Initial residual norm     = 7.02477e-10
     0     1
# FGMRES final (true) residual:
# Iteration = 4: |res|/|res0| = 3.26579e-12.

Computing volumes of the grid elements.
Non-linear iter.: 413/500. Linear iter.: 4. Min. area: 0.000148452. Error: 3.26579e-12.
Computing volumes of the grid elements.
Min. volume: 0.000148452, max. volume: 36.6092.

# FGMRES residual history
# Residual tolerance target = 1e-10
# Initial residual norm     = 7.02478e-10
     0     1
# FGMRES final (true) residual:
# Iteration = 4: |res|/|res0| = 3.26579e-12.

Computing volumes of the grid elements.
Non-linear iter.: 414/500. Linear iter.: 4. Min. area: 0.000148452. Error: 3.26579e-12.
Computing volumes of the grid elements.
Min. volume: 0.000148452, max. volume: 36.6092.

# FGMRES residual history
# Residual tolerance target = 1e-10
# Initial residual norm     = 7.0248e-10
     0     1
# FGMRES final (true) residual:
# Iteration = 4: |res|/|res0| = 3.26579e-12.

Computing volumes of the grid elements.
Non-linear iter.: 415/500. Linear iter.: 4. Min. area: 0.000148452. Error: 3.26579e-12.
Computing volumes of the grid elements.
Min. volume: 0.000148452, max. volume: 36.6092.

# FGMRES residual history
# Residual tolerance target = 1e-10
# Initial residual norm     = 7.02481e-10
     0     1
# FGMRES final (true) residual:
# Iteration = 4: |res|/|res0| = 3.26579e-12.

Computing volumes of the grid elements.
Non-linear iter.: 416/500. Linear iter.: 4. Min. area: 0.000148452. Error: 3.26579e-12.
Computing volumes of the grid elements.
Min. volume: 0.000148452, max. volume: 36.6092.

# FGMRES residual history
# Residual tolerance target = 1e-10
# Initial residual norm     = 7.02482e-10
     0     1
# FGMRES final (true) residual:
# Iteration = 4: |res|/|res0| = 3.26579e-12.

Computing volumes of the grid elements.
Non-linear iter.: 417/500. Linear iter.: 4. Min. area: 0.000148452. Error: 3.26579e-12.
Computing volumes of the grid elements.
Min. volume: 0.000148452, max. volume: 36.6092.

# FGMRES residual history
# Residual tolerance target = 1e-10
# Initial residual norm     = 7.02484e-10
     0     1
# FGMRES final (true) residual:
# Iteration = 4: |res|/|res0| = 3.26578e-12.

Computing volumes of the grid elements.
Non-linear iter.: 418/500. Linear iter.: 4. Min. area: 0.000148452. Error: 3.26578e-12.
Computing volumes of the grid elements.
Min. volume: 0.000148452, max. volume: 36.6092.

# FGMRES residual history
# Residual tolerance target = 1e-10
# Initial residual norm     = 7.02485e-10
     0     1
# FGMRES final (true) residual:
# Iteration = 4: |res|/|res0| = 3.26578e-12.

Computing volumes of the grid elements.
Non-linear iter.: 419/500. Linear iter.: 4. Min. area: 0.000148452. Error: 3.26578e-12.
Computing volumes of the grid elements.
Min. volume: 0.000148452, max. volume: 36.6092.

# FGMRES residual history
# Residual tolerance target = 1e-10
# Initial residual norm     = 7.02486e-10
     0     1
# FGMRES final (true) residual:
# Iteration = 4: |res|/|res0| = 3.26578e-12.

Computing volumes of the grid elements.
Non-linear iter.: 420/500. Linear iter.: 4. Min. area: 0.000148452. Error: 3.26578e-12.
Computing volumes of the grid elements.
Min. volume: 0.000148452, max. volume: 36.6092.

# FGMRES residual history
# Residual tolerance target = 1e-10
# Initial residual norm     = 7.02488e-10
     0     1
# FGMRES final (true) residual:
# Iteration = 4: |res|/|res0| = 3.26578e-12.

Computing volumes of the grid elements.
Non-linear iter.: 421/500. Linear iter.: 4. Min. area: 0.000148452. Error: 3.26578e-12.
Computing volumes of the grid elements.
Min. volume: 0.000148452, max. volume: 36.6092.

# FGMRES residual history
# Residual tolerance target = 1e-10
# Initial residual norm     = 7.02489e-10
     0     1
# FGMRES final (true) residual:
# Iteration = 4: |res|/|res0| = 3.26578e-12.

Computing volumes of the grid elements.
Non-linear iter.: 422/500. Linear iter.: 4. Min. area: 0.000148452. Error: 3.26578e-12.
Computing volumes of the grid elements.
Min. volume: 0.000148452, max. volume: 36.6092.

# FGMRES residual history
# Residual tolerance target = 1e-10
# Initial residual norm     = 7.0249e-10
     0     1
# FGMRES final (true) residual:
# Iteration = 4: |res|/|res0| = 3.26578e-12.

Computing volumes of the grid elements.
Non-linear iter.: 423/500. Linear iter.: 4. Min. area: 0.000148452. Error: 3.26578e-12.
Computing volumes of the grid elements.
Min. volume: 0.000148452, max. volume: 36.6092.

# FGMRES residual history
# Residual tolerance target = 1e-10
# Initial residual norm     = 7.02492e-10
     0     1
# FGMRES final (true) residual:
# Iteration = 4: |res|/|res0| = 3.26577e-12.

Computing volumes of the grid elements.
Non-linear iter.: 424/500. Linear iter.: 4. Min. area: 0.000148452. Error: 3.26577e-12.
Computing volumes of the grid elements.
Min. volume: 0.000148452, max. volume: 36.6092.

# FGMRES residual history
# Residual tolerance target = 1e-10
# Initial residual norm     = 7.02493e-10
     0     1
# FGMRES final (true) residual:
# Iteration = 4: |res|/|res0| = 3.26577e-12.

Computing volumes of the grid elements.
Non-linear iter.: 425/500. Linear iter.: 4. Min. area: 0.000148452. Error: 3.26577e-12.
Computing volumes of the grid elements.
Min. volume: 0.000148452, max. volume: 36.6092.

# FGMRES residual history
# Residual tolerance target = 1e-10
# Initial residual norm     = 7.02494e-10
     0     1
# FGMRES final (true) residual:
# Iteration = 4: |res|/|res0| = 3.26577e-12.

Computing volumes of the grid elements.
Non-linear iter.: 426/500. Linear iter.: 4. Min. area: 0.000148452. Error: 3.26577e-12.
Computing volumes of the grid elements.
Min. volume: 0.000148452, max. volume: 36.6092.

# FGMRES residual history
# Residual tolerance target = 1e-10
# Initial residual norm     = 7.02496e-10
     0     1
# FGMRES final (true) residual:
# Iteration = 4: |res|/|res0| = 3.26577e-12.

Computing volumes of the grid elements.
Non-linear iter.: 427/500. Linear iter.: 4. Min. area: 0.000148452. Error: 3.26577e-12.
Computing volumes of the grid elements.
Min. volume: 0.000148452, max. volume: 36.6092.

# FGMRES residual history
# Residual tolerance target = 1e-10
# Initial residual norm     = 7.02497e-10
     0     1
# FGMRES final (true) residual:
# Iteration = 4: |res|/|res0| = 3.26577e-12.

Computing volumes of the grid elements.
Non-linear iter.: 428/500. Linear iter.: 4. Min. area: 0.000148452. Error: 3.26577e-12.
Computing volumes of the grid elements.
Min. volume: 0.000148452, max. volume: 36.6092.

# FGMRES residual history
# Residual tolerance target = 1e-10
# Initial residual norm     = 7.02498e-10
     0     1
# FGMRES final (true) residual:
# Iteration = 4: |res|/|res0| = 3.26576e-12.

Computing volumes of the grid elements.
Non-linear iter.: 429/500. Linear iter.: 4. Min. area: 0.000148452. Error: 3.26576e-12.
Computing volumes of the grid elements.
Min. volume: 0.000148452, max. volume: 36.6092.

# FGMRES residual history
# Residual tolerance target = 1e-10
# Initial residual norm     = 7.025e-10
     0     1
# FGMRES final (true) residual:
# Iteration = 4: |res|/|res0| = 3.26576e-12.

Computing volumes of the grid elements.
Non-linear iter.: 430/500. Linear iter.: 4. Min. area: 0.000148452. Error: 3.26576e-12.
Computing volumes of the grid elements.
Min. volume: 0.000148452, max. volume: 36.6092.

# FGMRES residual history
# Residual tolerance target = 1e-10
# Initial residual norm     = 7.02501e-10
     0     1
# FGMRES final (true) residual:
# Iteration = 4: |res|/|res0| = 3.26576e-12.

Computing volumes of the grid elements.
Non-linear iter.: 431/500. Linear iter.: 4. Min. area: 0.000148452. Error: 3.26576e-12.
Computing volumes of the grid elements.
Min. volume: 0.000148452, max. volume: 36.6092.

# FGMRES residual history
# Residual tolerance target = 1e-10
# Initial residual norm     = 7.02502e-10
     0     1
# FGMRES final (true) residual:
# Iteration = 4: |res|/|res0| = 3.26576e-12.

Computing volumes of the grid elements.
Non-linear iter.: 432/500. Linear iter.: 4. Min. area: 0.000148452. Error: 3.26576e-12.
Computing volumes of the grid elements.
Min. volume: 0.000148452, max. volume: 36.6092.

# FGMRES residual history
# Residual tolerance target = 1e-10
# Initial residual norm     = 7.02504e-10
     0     1
# FGMRES final (true) residual:
# Iteration = 4: |res|/|res0| = 3.26576e-12.

Computing volumes of the grid elements.
Non-linear iter.: 433/500. Linear iter.: 4. Min. area: 0.000148452. Error: 3.26576e-12.
Computing volumes of the grid elements.
Min. volume: 0.000148452, max. volume: 36.6092.

# FGMRES residual history
# Residual tolerance target = 1e-10
# Initial residual norm     = 7.02505e-10
     0     1
# FGMRES final (true) residual:
# Iteration = 4: |res|/|res0| = 3.26576e-12.

Computing volumes of the grid elements.
Non-linear iter.: 434/500. Linear iter.: 4. Min. area: 0.000148452. Error: 3.26576e-12.
Computing volumes of the grid elements.
Min. volume: 0.000148452, max. volume: 36.6092.

# FGMRES residual history
# Residual tolerance target = 1e-10
# Initial residual norm     = 7.02506e-10
     0     1
# FGMRES final (true) residual:
# Iteration = 4: |res|/|res0| = 3.26575e-12.

Computing volumes of the grid elements.
Non-linear iter.: 435/500. Linear iter.: 4. Min. area: 0.000148452. Error: 3.26575e-12.
Computing volumes of the grid elements.
Min. volume: 0.000148452, max. volume: 36.6093.

# FGMRES residual history
# Residual tolerance target = 1e-10
# Initial residual norm     = 7.02508e-10
     0     1
# FGMRES final (true) residual:
# Iteration = 4: |res|/|res0| = 3.26575e-12.

Computing volumes of the grid elements.
Non-linear iter.: 436/500. Linear iter.: 4. Min. area: 0.000148452. Error: 3.26575e-12.
Computing volumes of the grid elements.
Min. volume: 0.000148452, max. volume: 36.6093.

# FGMRES residual history
# Residual tolerance target = 1e-10
# Initial residual norm     = 7.02509e-10
     0     1
# FGMRES final (true) residual:
# Iteration = 4: |res|/|res0| = 3.26575e-12.

Computing volumes of the grid elements.
Non-linear iter.: 437/500. Linear iter.: 4. Min. area: 0.000148452. Error: 3.26575e-12.
Computing volumes of the grid elements.
Min. volume: 0.000148452, max. volume: 36.6093.

# FGMRES residual history
# Residual tolerance target = 1e-10
# Initial residual norm     = 7.02511e-10
     0     1
# FGMRES final (true) residual:
# Iteration = 4: |res|/|res0| = 3.26575e-12.

Computing volumes of the grid elements.
Non-linear iter.: 438/500. Linear iter.: 4. Min. area: 0.000148452. Error: 3.26575e-12.
Computing volumes of the grid elements.
Min. volume: 0.000148452, max. volume: 36.6093.

# FGMRES residual history
# Residual tolerance target = 1e-10
# Initial residual norm     = 7.02512e-10
     0     1
# FGMRES final (true) residual:
# Iteration = 4: |res|/|res0| = 3.26575e-12.

Computing volumes of the grid elements.
Non-linear iter.: 439/500. Linear iter.: 4. Min. area: 0.000148452. Error: 3.26575e-12.
Computing volumes of the grid elements.
Min. volume: 0.000148452, max. volume: 36.6093.

# FGMRES residual history
# Residual tolerance target = 1e-10
# Initial residual norm     = 7.02513e-10
     0     1
# FGMRES final (true) residual:
# Iteration = 4: |res|/|res0| = 3.26574e-12.

Computing volumes of the grid elements.
Non-linear iter.: 440/500. Linear iter.: 4. Min. area: 0.000148452. Error: 3.26574e-12.
Computing volumes of the grid elements.
Min. volume: 0.000148452, max. volume: 36.6093.

# FGMRES residual history
# Residual tolerance target = 1e-10
# Initial residual norm     = 7.02515e-10
     0     1
# FGMRES final (true) residual:
# Iteration = 4: |res|/|res0| = 3.26574e-12.

Computing volumes of the grid elements.
Non-linear iter.: 441/500. Linear iter.: 4. Min. area: 0.000148452. Error: 3.26574e-12.
Computing volumes of the grid elements.
Min. volume: 0.000148452, max. volume: 36.6093.

# FGMRES residual history
# Residual tolerance target = 1e-10
# Initial residual norm     = 7.02516e-10
     0     1
# FGMRES final (true) residual:
# Iteration = 4: |res|/|res0| = 3.26574e-12.

Computing volumes of the grid elements.
Non-linear iter.: 442/500. Linear iter.: 4. Min. area: 0.000148452. Error: 3.26574e-12.
Computing volumes of the grid elements.
Min. volume: 0.000148452, max. volume: 36.6093.

# FGMRES residual history
# Residual tolerance target = 1e-10
# Initial residual norm     = 7.02517e-10
     0     1
# FGMRES final (true) residual:
# Iteration = 4: |res|/|res0| = 3.26574e-12.

Computing volumes of the grid elements.
Non-linear iter.: 443/500. Linear iter.: 4. Min. area: 0.000148452. Error: 3.26574e-12.
Computing volumes of the grid elements.
Min. volume: 0.000148452, max. volume: 36.6093.

# FGMRES residual history
# Residual tolerance target = 1e-10
# Initial residual norm     = 7.02519e-10
     0     1
# FGMRES final (true) residual:
# Iteration = 4: |res|/|res0| = 3.26574e-12.

Computing volumes of the grid elements.
Non-linear iter.: 444/500. Linear iter.: 4. Min. area: 0.000148452. Error: 3.26574e-12.
Computing volumes of the grid elements.
Min. volume: 0.000148452, max. volume: 36.6093.

# FGMRES residual history
# Residual tolerance target = 1e-10
# Initial residual norm     = 7.0252e-10
     0     1
# FGMRES final (true) residual:
# Iteration = 4: |res|/|res0| = 3.26574e-12.

Computing volumes of the grid elements.
Non-linear iter.: 445/500. Linear iter.: 4. Min. area: 0.000148452. Error: 3.26574e-12.
Computing volumes of the grid elements.
Min. volume: 0.000148452, max. volume: 36.6093.

# FGMRES residual history
# Residual tolerance target = 1e-10
# Initial residual norm     = 7.02521e-10
     0     1
# FGMRES final (true) residual:
# Iteration = 4: |res|/|res0| = 3.26573e-12.

Computing volumes of the grid elements.
Non-linear iter.: 446/500. Linear iter.: 4. Min. area: 0.000148452. Error: 3.26573e-12.
Computing volumes of the grid elements.
Min. volume: 0.000148452, max. volume: 36.6093.

# FGMRES residual history
# Residual tolerance target = 1e-10
# Initial residual norm     = 7.02523e-10
     0     1
# FGMRES final (true) residual:
# Iteration = 4: |res|/|res0| = 3.26573e-12.

Computing volumes of the grid elements.
Non-linear iter.: 447/500. Linear iter.: 4. Min. area: 0.000148452. Error: 3.26573e-12.
Computing volumes of the grid elements.
Min. volume: 0.000148452, max. volume: 36.6093.

# FGMRES residual history
# Residual tolerance target = 1e-10
# Initial residual norm     = 7.02524e-10
     0     1
# FGMRES final (true) residual:
# Iteration = 4: |res|/|res0| = 3.26573e-12.

Computing volumes of the grid elements.
Non-linear iter.: 448/500. Linear iter.: 4. Min. area: 0.000148452. Error: 3.26573e-12.
Computing volumes of the grid elements.
Min. volume: 0.000148452, max. volume: 36.6093.

# FGMRES residual history
# Residual tolerance target = 1e-10
# Initial residual norm     = 7.02525e-10
     0     1
# FGMRES final (true) residual:
# Iteration = 4: |res|/|res0| = 3.26573e-12.

Computing volumes of the grid elements.
Non-linear iter.: 449/500. Linear iter.: 4. Min. area: 0.000148452. Error: 3.26573e-12.
Computing volumes of the grid elements.
Min. volume: 0.000148452, max. volume: 36.6093.

# FGMRES residual history
# Residual tolerance target = 1e-10
# Initial residual norm     = 7.02527e-10
     0     1
# FGMRES final (true) residual:
# Iteration = 4: |res|/|res0| = 3.26573e-12.

Computing volumes of the grid elements.
Non-linear iter.: 450/500. Linear iter.: 4. Min. area: 0.000148452. Error: 3.26573e-12.
Computing volumes of the grid elements.
Min. volume: 0.000148452, max. volume: 36.6093.

# FGMRES residual history
# Residual tolerance target = 1e-10
# Initial residual norm     = 7.02528e-10
     0     1
# FGMRES final (true) residual:
# Iteration = 4: |res|/|res0| = 3.26572e-12.

Computing volumes of the grid elements.
Non-linear iter.: 451/500. Linear iter.: 4. Min. area: 0.000148452. Error: 3.26572e-12.
Computing volumes of the grid elements.
Min. volume: 0.000148452, max. volume: 36.6093.

# FGMRES residual history
# Residual tolerance target = 1e-10
# Initial residual norm     = 7.02529e-10
     0     1
# FGMRES final (true) residual:
# Iteration = 4: |res|/|res0| = 3.26572e-12.

Computing volumes of the grid elements.
Non-linear iter.: 452/500. Linear iter.: 4. Min. area: 0.000148452. Error: 3.26572e-12.
Computing volumes of the grid elements.
Min. volume: 0.000148452, max. volume: 36.6093.

# FGMRES residual history
# Residual tolerance target = 1e-10
# Initial residual norm     = 7.02531e-10
     0     1
# FGMRES final (true) residual:
# Iteration = 4: |res|/|res0| = 3.26572e-12.

Computing volumes of the grid elements.
Non-linear iter.: 453/500. Linear iter.: 4. Min. area: 0.000148452. Error: 3.26572e-12.
Computing volumes of the grid elements.
Min. volume: 0.000148452, max. volume: 36.6093.

# FGMRES residual history
# Residual tolerance target = 1e-10
# Initial residual norm     = 7.02532e-10
     0     1
# FGMRES final (true) residual:
# Iteration = 4: |res|/|res0| = 3.26572e-12.

Computing volumes of the grid elements.
Non-linear iter.: 454/500. Linear iter.: 4. Min. area: 0.000148452. Error: 3.26572e-12.
Computing volumes of the grid elements.
Min. volume: 0.000148452, max. volume: 36.6093.

# FGMRES residual history
# Residual tolerance target = 1e-10
# Initial residual norm     = 7.02533e-10
     0     1
# FGMRES final (true) residual:
# Iteration = 4: |res|/|res0| = 3.26572e-12.

Computing volumes of the grid elements.
Non-linear iter.: 455/500. Linear iter.: 4. Min. area: 0.000148452. Error: 3.26572e-12.
Computing volumes of the grid elements.
Min. volume: 0.000148452, max. volume: 36.6093.

# FGMRES residual history
# Residual tolerance target = 1e-10
# Initial residual norm     = 7.02535e-10
     0     1
# FGMRES final (true) residual:
# Iteration = 4: |res|/|res0| = 3.26572e-12.

Computing volumes of the grid elements.
Non-linear iter.: 456/500. Linear iter.: 4. Min. area: 0.000148452. Error: 3.26572e-12.
Computing volumes of the grid elements.
Min. volume: 0.000148452, max. volume: 36.6093.

# FGMRES residual history
# Residual tolerance target = 1e-10
# Initial residual norm     = 7.02536e-10
     0     1
# FGMRES final (true) residual:
# Iteration = 4: |res|/|res0| = 3.26571e-12.

Computing volumes of the grid elements.
Non-linear iter.: 457/500. Linear iter.: 4. Min. area: 0.000148452. Error: 3.26571e-12.
Computing volumes of the grid elements.
Min. volume: 0.000148452, max. volume: 36.6093.

# FGMRES residual history
# Residual tolerance target = 1e-10
# Initial residual norm     = 7.02537e-10
     0     1
# FGMRES final (true) residual:
# Iteration = 4: |res|/|res0| = 3.26571e-12.

Computing volumes of the grid elements.
Non-linear iter.: 458/500. Linear iter.: 4. Min. area: 0.000148452. Error: 3.26571e-12.
Computing volumes of the grid elements.
Min. volume: 0.000148452, max. volume: 36.6093.

# FGMRES residual history
# Residual tolerance target = 1e-10
# Initial residual norm     = 7.02539e-10
     0     1
# FGMRES final (true) residual:
# Iteration = 4: |res|/|res0| = 3.26571e-12.

Computing volumes of the grid elements.
Non-linear iter.: 459/500. Linear iter.: 4. Min. area: 0.000148452. Error: 3.26571e-12.
Computing volumes of the grid elements.
Min. volume: 0.000148452, max. volume: 36.6093.

# FGMRES residual history
# Residual tolerance target = 1e-10
# Initial residual norm     = 7.0254e-10
     0     1
# FGMRES final (true) residual:
# Iteration = 4: |res|/|res0| = 3.26571e-12.

Computing volumes of the grid elements.
Non-linear iter.: 460/500. Linear iter.: 4. Min. area: 0.000148452. Error: 3.26571e-12.
Computing volumes of the grid elements.
Min. volume: 0.000148452, max. volume: 36.6093.

# FGMRES residual history
# Residual tolerance target = 1e-10
# Initial residual norm     = 7.02541e-10
     0     1
# FGMRES final (true) residual:
# Iteration = 4: |res|/|res0| = 3.26571e-12.

Computing volumes of the grid elements.
Non-linear iter.: 461/500. Linear iter.: 4. Min. area: 0.000148452. Error: 3.26571e-12.
Computing volumes of the grid elements.
Min. volume: 0.000148452, max. volume: 36.6093.

# FGMRES residual history
# Residual tolerance target = 1e-10
# Initial residual norm     = 7.02543e-10
     0     1
# FGMRES final (true) residual:
# Iteration = 4: |res|/|res0| = 3.2657e-12.

Computing volumes of the grid elements.
Non-linear iter.: 462/500. Linear iter.: 4. Min. area: 0.000148452. Error: 3.2657e-12.
Computing volumes of the grid elements.
Min. volume: 0.000148452, max. volume: 36.6093.

# FGMRES residual history
# Residual tolerance target = 1e-10
# Initial residual norm     = 7.02544e-10
     0     1
# FGMRES final (true) residual:
# Iteration = 4: |res|/|res0| = 3.2657e-12.

Computing volumes of the grid elements.
Non-linear iter.: 463/500. Linear iter.: 4. Min. area: 0.000148452. Error: 3.2657e-12.
Computing volumes of the grid elements.
Min. volume: 0.000148452, max. volume: 36.6093.

# FGMRES residual history
# Residual tolerance target = 1e-10
# Initial residual norm     = 7.02545e-10
     0     1
# FGMRES final (true) residual:
# Iteration = 4: |res|/|res0| = 3.2657e-12.

Computing volumes of the grid elements.
Non-linear iter.: 464/500. Linear iter.: 4. Min. area: 0.000148452. Error: 3.2657e-12.
Computing volumes of the grid elements.
Min. volume: 0.000148452, max. volume: 36.6093.

# FGMRES residual history
# Residual tolerance target = 1e-10
# Initial residual norm     = 7.02547e-10
     0     1
# FGMRES final (true) residual:
# Iteration = 4: |res|/|res0| = 3.2657e-12.

Computing volumes of the grid elements.
Non-linear iter.: 465/500. Linear iter.: 4. Min. area: 0.000148452. Error: 3.2657e-12.
Computing volumes of the grid elements.
Min. volume: 0.000148452, max. volume: 36.6093.

# FGMRES residual history
# Residual tolerance target = 1e-10
# Initial residual norm     = 7.02548e-10
     0     1
# FGMRES final (true) residual:
# Iteration = 4: |res|/|res0| = 3.2657e-12.

Computing volumes of the grid elements.
Non-linear iter.: 466/500. Linear iter.: 4. Min. area: 0.000148452. Error: 3.2657e-12.
Computing volumes of the grid elements.
Min. volume: 0.000148452, max. volume: 36.6093.

# FGMRES residual history
# Residual tolerance target = 1e-10
# Initial residual norm     = 7.02549e-10
     0     1
# FGMRES final (true) residual:
# Iteration = 4: |res|/|res0| = 3.2657e-12.

Computing volumes of the grid elements.
Non-linear iter.: 467/500. Linear iter.: 4. Min. area: 0.000148452. Error: 3.2657e-12.
Computing volumes of the grid elements.
Min. volume: 0.000148452, max. volume: 36.6093.

# FGMRES residual history
# Residual tolerance target = 1e-10
# Initial residual norm     = 7.02551e-10
     0     1
# FGMRES final (true) residual:
# Iteration = 4: |res|/|res0| = 3.26569e-12.

Computing volumes of the grid elements.
Non-linear iter.: 468/500. Linear iter.: 4. Min. area: 0.000148452. Error: 3.26569e-12.
Computing volumes of the grid elements.
Min. volume: 0.000148452, max. volume: 36.6093.

# FGMRES residual history
# Residual tolerance target = 1e-10
# Initial residual norm     = 7.02552e-10
     0     1
# FGMRES final (true) residual:
# Iteration = 4: |res|/|res0| = 3.26569e-12.

Computing volumes of the grid elements.
Non-linear iter.: 469/500. Linear iter.: 4. Min. area: 0.000148452. Error: 3.26569e-12.
Computing volumes of the grid elements.
Min. volume: 0.000148452, max. volume: 36.6093.

# FGMRES residual history
# Residual tolerance target = 1e-10
# Initial residual norm     = 7.02553e-10
     0     1
# FGMRES final (true) residual:
# Iteration = 4: |res|/|res0| = 3.26569e-12.

Computing volumes of the grid elements.
Non-linear iter.: 470/500. Linear iter.: 4. Min. area: 0.000148452. Error: 3.26569e-12.
Computing volumes of the grid elements.
Min. volume: 0.000148452, max. volume: 36.6093.

# FGMRES residual history
# Residual tolerance target = 1e-10
# Initial residual norm     = 7.02555e-10
     0     1
# FGMRES final (true) residual:
# Iteration = 4: |res|/|res0| = 3.26569e-12.

Computing volumes of the grid elements.
Non-linear iter.: 471/500. Linear iter.: 4. Min. area: 0.000148452. Error: 3.26569e-12.
Computing volumes of the grid elements.
Min. volume: 0.000148452, max. volume: 36.6093.

# FGMRES residual history
# Residual tolerance target = 1e-10
# Initial residual norm     = 7.02556e-10
     0     1
# FGMRES final (true) residual:
# Iteration = 4: |res|/|res0| = 3.26569e-12.

Computing volumes of the grid elements.
Non-linear iter.: 472/500. Linear iter.: 4. Min. area: 0.000148452. Error: 3.26569e-12.
Computing volumes of the grid elements.
Min. volume: 0.000148452, max. volume: 36.6093.

# FGMRES residual history
# Residual tolerance target = 1e-10
# Initial residual norm     = 7.02557e-10
     0     1
# FGMRES final (true) residual:
# Iteration = 4: |res|/|res0| = 3.26568e-12.

Computing volumes of the grid elements.
Non-linear iter.: 473/500. Linear iter.: 4. Min. area: 0.000148452. Error: 3.26568e-12.
Computing volumes of the grid elements.
Min. volume: 0.000148452, max. volume: 36.6093.

# FGMRES residual history
# Residual tolerance target = 1e-10
# Initial residual norm     = 7.02559e-10
     0     1
# FGMRES final (true) residual:
# Iteration = 4: |res|/|res0| = 3.26568e-12.

Computing volumes of the grid elements.
Non-linear iter.: 474/500. Linear iter.: 4. Min. area: 0.000148452. Error: 3.26568e-12.
Computing volumes of the grid elements.
Min. volume: 0.000148452, max. volume: 36.6093.

# FGMRES residual history
# Residual tolerance target = 1e-10
# Initial residual norm     = 7.0256e-10
     0     1
# FGMRES final (true) residual:
# Iteration = 4: |res|/|res0| = 3.26568e-12.

Computing volumes of the grid elements.
Non-linear iter.: 475/500. Linear iter.: 4. Min. area: 0.000148452. Error: 3.26568e-12.
Computing volumes of the grid elements.
Min. volume: 0.000148452, max. volume: 36.6093.

# FGMRES residual history
# Residual tolerance target = 1e-10
# Initial residual norm     = 7.02561e-10
     0     1
# FGMRES final (true) residual:
# Iteration = 4: |res|/|res0| = 3.26568e-12.

Computing volumes of the grid elements.
Non-linear iter.: 476/500. Linear iter.: 4. Min. area: 0.000148452. Error: 3.26568e-12.
Computing volumes of the grid elements.
Min. volume: 0.000148452, max. volume: 36.6093.

# FGMRES residual history
# Residual tolerance target = 1e-10
# Initial residual norm     = 7.02563e-10
     0     1
# FGMRES final (true) residual:
# Iteration = 4: |res|/|res0| = 3.26568e-12.

Computing volumes of the grid elements.
Non-linear iter.: 477/500. Linear iter.: 4. Min. area: 0.000148452. Error: 3.26568e-12.
Computing volumes of the grid elements.
Min. volume: 0.000148452, max. volume: 36.6093.

# FGMRES residual history
# Residual tolerance target = 1e-10
# Initial residual norm     = 7.02564e-10
     0     1
# FGMRES final (true) residual:
# Iteration = 4: |res|/|res0| = 3.26568e-12.

Computing volumes of the grid elements.
Non-linear iter.: 478/500. Linear iter.: 4. Min. area: 0.000148452. Error: 3.26568e-12.
Computing volumes of the grid elements.
Min. volume: 0.000148452, max. volume: 36.6093.

# FGMRES residual history
# Residual tolerance target = 1e-10
# Initial residual norm     = 7.02565e-10
     0     1
# FGMRES final (true) residual:
# Iteration = 4: |res|/|res0| = 3.26567e-12.

Computing volumes of the grid elements.
Non-linear iter.: 479/500. Linear iter.: 4. Min. area: 0.000148452. Error: 3.26567e-12.
Computing volumes of the grid elements.
Min. volume: 0.000148452, max. volume: 36.6093.

# FGMRES residual history
# Residual tolerance target = 1e-10
# Initial residual norm     = 7.02567e-10
     0     1
# FGMRES final (true) residual:
# Iteration = 4: |res|/|res0| = 3.26567e-12.

Computing volumes of the grid elements.
Non-linear iter.: 480/500. Linear iter.: 4. Min. area: 0.000148452. Error: 3.26567e-12.
Computing volumes of the grid elements.
Min. volume: 0.000148452, max. volume: 36.6093.

# FGMRES residual history
# Residual tolerance target = 1e-10
# Initial residual norm     = 7.02568e-10
     0     1
# FGMRES final (true) residual:
# Iteration = 4: |res|/|res0| = 3.26567e-12.

Computing volumes of the grid elements.
Non-linear iter.: 481/500. Linear iter.: 4. Min. area: 0.000148452. Error: 3.26567e-12.
Computing volumes of the grid elements.
Min. volume: 0.000148452, max. volume: 36.6093.

# FGMRES residual history
# Residual tolerance target = 1e-10
# Initial residual norm     = 7.02569e-10
     0     1
# FGMRES final (true) residual:
# Iteration = 4: |res|/|res0| = 3.26567e-12.

Computing volumes of the grid elements.
Non-linear iter.: 482/500. Linear iter.: 4. Min. area: 0.000148452. Error: 3.26567e-12.
Computing volumes of the grid elements.
Min. volume: 0.000148452, max. volume: 36.6093.

# FGMRES residual history
# Residual tolerance target = 1e-10
# Initial residual norm     = 7.02571e-10
     0     1
# FGMRES final (true) residual:
# Iteration = 4: |res|/|res0| = 3.26567e-12.

Computing volumes of the grid elements.
Non-linear iter.: 483/500. Linear iter.: 4. Min. area: 0.000148452. Error: 3.26567e-12.
Computing volumes of the grid elements.
Min. volume: 0.000148452, max. volume: 36.6093.

# FGMRES residual history
# Residual tolerance target = 1e-10
# Initial residual norm     = 7.02572e-10
     0     1
# FGMRES final (true) residual:
# Iteration = 4: |res|/|res0| = 3.26567e-12.

Computing volumes of the grid elements.
Non-linear iter.: 484/500. Linear iter.: 4. Min. area: 0.000148452. Error: 3.26567e-12.
Computing volumes of the grid elements.
Min. volume: 0.000148452, max. volume: 36.6093.

# FGMRES residual history
# Residual tolerance target = 1e-10
# Initial residual norm     = 7.02573e-10
     0     1
# FGMRES final (true) residual:
# Iteration = 4: |res|/|res0| = 3.26566e-12.

Computing volumes of the grid elements.
Non-linear iter.: 485/500. Linear iter.: 4. Min. area: 0.000148452. Error: 3.26566e-12.
Computing volumes of the grid elements.
Min. volume: 0.000148452, max. volume: 36.6093.

# FGMRES residual history
# Residual tolerance target = 1e-10
# Initial residual norm     = 7.02575e-10
     0     1
# FGMRES final (true) residual:
# Iteration = 4: |res|/|res0| = 3.26566e-12.

Computing volumes of the grid elements.
Non-linear iter.: 486/500. Linear iter.: 4. Min. area: 0.000148452. Error: 3.26566e-12.
Computing volumes of the grid elements.
Min. volume: 0.000148452, max. volume: 36.6093.

# FGMRES residual history
# Residual tolerance target = 1e-10
# Initial residual norm     = 7.02576e-10
     0     1
# FGMRES final (true) residual:
# Iteration = 4: |res|/|res0| = 3.26566e-12.

Computing volumes of the grid elements.
Non-linear iter.: 487/500. Linear iter.: 4. Min. area: 0.000148452. Error: 3.26566e-12.
Computing volumes of the grid elements.
Min. volume: 0.000148452, max. volume: 36.6093.

# FGMRES residual history
# Residual tolerance target = 1e-10
# Initial residual norm     = 7.02577e-10
     0     1
# FGMRES final (true) residual:
# Iteration = 4: |res|/|res0| = 3.26566e-12.

Computing volumes of the grid elements.
Non-linear iter.: 488/500. Linear iter.: 4. Min. area: 0.000148452. Error: 3.26566e-12.
Computing volumes of the grid elements.
Min. volume: 0.000148452, max. volume: 36.6093.

# FGMRES residual history
# Residual tolerance target = 1e-10
# Initial residual norm     = 7.02579e-10
     0     1
# FGMRES final (true) residual:
# Iteration = 4: |res|/|res0| = 3.26566e-12.

Computing volumes of the grid elements.
Non-linear iter.: 489/500. Linear iter.: 4. Min. area: 0.000148452. Error: 3.26566e-12.
Computing volumes of the grid elements.
Min. volume: 0.000148452, max. volume: 36.6093.

# FGMRES residual history
# Residual tolerance target = 1e-10
# Initial residual norm     = 7.0258e-10
     0     1
# FGMRES final (true) residual:
# Iteration = 4: |res|/|res0| = 3.26565e-12.

Computing volumes of the grid elements.
Non-linear iter.: 490/500. Linear iter.: 4. Min. area: 0.000148452. Error: 3.26565e-12.
Computing volumes of the grid elements.
Min. volume: 0.000148452, max. volume: 36.6093.

# FGMRES residual history
# Residual tolerance target = 1e-10
# Initial residual norm     = 7.02581e-10
     0     1
# FGMRES final (true) residual:
# Iteration = 4: |res|/|res0| = 3.26565e-12.

Computing volumes of the grid elements.
Non-linear iter.: 491/500. Linear iter.: 4. Min. area: 0.000148452. Error: 3.26565e-12.
Computing volumes of the grid elements.
Min. volume: 0.000148452, max. volume: 36.6093.

# FGMRES residual history
# Residual tolerance target = 1e-10
# Initial residual norm     = 7.02583e-10
     0     1
# FGMRES final (true) residual:
# Iteration = 4: |res|/|res0| = 3.26565e-12.

Computing volumes of the grid elements.
Non-linear iter.: 492/500. Linear iter.: 4. Min. area: 0.000148452. Error: 3.26565e-12.
Computing volumes of the grid elements.
Min. volume: 0.000148452, max. volume: 36.6093.

# FGMRES residual history
# Residual tolerance target = 1e-10
# Initial residual norm     = 7.02584e-10
     0     1
# FGMRES final (true) residual:
# Iteration = 4: |res|/|res0| = 3.26565e-12.

Computing volumes of the grid elements.
Non-linear iter.: 493/500. Linear iter.: 4. Min. area: 0.000148452. Error: 3.26565e-12.
Computing volumes of the grid elements.
Min. volume: 0.000148452, max. volume: 36.6093.

# FGMRES residual history
# Residual tolerance target = 1e-10
# Initial residual norm     = 7.02585e-10
     0     1
# FGMRES final (true) residual:
# Iteration = 4: |res|/|res0| = 3.26565e-12.

Computing volumes of the grid elements.
Non-linear iter.: 494/500. Linear iter.: 4. Min. area: 0.000148452. Error: 3.26565e-12.
Computing volumes of the grid elements.
Min. volume: 0.000148452, max. volume: 36.6093.

# FGMRES residual history
# Residual tolerance target = 1e-10
# Initial residual norm     = 7.02587e-10
     0     1
# FGMRES final (true) residual:
# Iteration = 4: |res|/|res0| = 3.26565e-12.

Computing volumes of the grid elements.
Non-linear iter.: 495/500. Linear iter.: 4. Min. area: 0.000148452. Error: 3.26565e-12.
Computing volumes of the grid elements.
Min. volume: 0.000148452, max. volume: 36.6093.

# FGMRES residual history
# Residual tolerance target = 1e-10
# Initial residual norm     = 7.02588e-10
     0     1
# FGMRES final (true) residual:
# Iteration = 4: |res|/|res0| = 3.26564e-12.

Computing volumes of the grid elements.
Non-linear iter.: 496/500. Linear iter.: 4. Min. area: 0.000148452. Error: 3.26564e-12.
Computing volumes of the grid elements.
Min. volume: 0.000148452, max. volume: 36.6093.

# FGMRES residual history
# Residual tolerance target = 1e-10
# Initial residual norm     = 7.0259e-10
     0     1
# FGMRES final (true) residual:
# Iteration = 4: |res|/|res0| = 3.26564e-12.

Computing volumes of the grid elements.
Non-linear iter.: 497/500. Linear iter.: 4. Min. area: 0.000148452. Error: 3.26564e-12.
Computing volumes of the grid elements.
Min. volume: 0.000148452, max. volume: 36.6093.

# FGMRES residual history
# Residual tolerance target = 1e-10
# Initial residual norm     = 7.02591e-10
     0     1
# FGMRES final (true) residual:
# Iteration = 4: |res|/|res0| = 3.26564e-12.

Computing volumes of the grid elements.
Non-linear iter.: 498/500. Linear iter.: 4. Min. area: 0.000148452. Error: 3.26564e-12.
Computing volumes of the grid elements.
Min. volume: 0.000148452, max. volume: 36.6093.

# FGMRES residual history
# Residual tolerance target = 1e-10
# Initial residual norm     = 7.02592e-10
     0     1
# FGMRES final (true) residual:
# Iteration = 4: |res|/|res0| = 3.26564e-12.

Computing volumes of the grid elements.
Non-linear iter.: 499/500. Linear iter.: 4. Min. area: 0.000148452. Error: 3.26564e-12.
Computing volumes of the grid elements.
Min. volume: 0.000148452, max. volume: 36.6093.

# FGMRES residual history
# Residual tolerance target = 1e-10
# Initial residual norm     = 7.02594e-10
     0     1
# FGMRES final (true) residual:
# Iteration = 4: |res|/|res0| = 3.26564e-12.

Computing volumes of the grid elements.
Non-linear iter.: 500/500. Linear iter.: 4. Min. area: 0.000148452. Error: 3.26564e-12.

Completed in 0.123452 seconds on 1 core.

----------------------- Write deformed grid files -----------------------
|SU2 mesh                           |mesh_deformed.su2                  |
Adding any FFD information to the SU2 file.

------------------------- Finalize Solver -------------------------
Deleted CNumerics container.
Deleted CSolver container.
Deleted CGeometry container.
Deleted CSurfaceMovement class.
Deleted CVolumetricMovement class.
Deleted CConfig container.
Deleted COutput class.

------------------------- Exit Success (SU2_DEF) ------------------------

