
-------------------------------------------------------------------------
|    ___ _   _ ___                                                      |
|   / __| | | |_  )   Release 8.4.0 "Harrier"                           |
|   \__ \ |_| |/ /                                                      |
|   |___/\___//___|   Suite (Mesh Deformation Code)                     |
|                                                                       |
-------------------------------------------------------------------------
| SU2 Project Website: https://su2code.github.io                        |
|                                                                       |
| The SU2 Project is maintained by the SU2 Foundation                   |
| (http://su2foundation.org)                                            |
-------------------------------------------------------------------------
| Copyright 2012-2026, SU2 Contributors                                 |
|                                                                       |
| SU2 is free software; you can redistribute it and/or                  |
| modify it under the terms of the GNU Lesser General Public            |
| License as published by the Free Software Foundation; either          |
| version 2.1 of the License, or (at your option) any later version.    |
|                                                                       |
| SU2 is distributed in the hope that it will be useful,                |
| but WITHOUT ANY WARRANTY; without even the implied warranty of        |
| MERCHANTABILITY or FITNESS FOR A PARTICULAR PURPOSE. See the GNU      |
| Lesser General Public License for more details.                       |
|                                                                       |
| You should have received a copy of the GNU Lesser General Public      |
| License along with SU2. If not, see <http://www.gnu.org/licenses/>.   |
-------------------------------------------------------------------------

----------------- Physical Case Definition ( Zone 0 ) -------------------
Input mesh file name: mesh_original.su2

---------------- Grid deformation parameters ( Zone 0 )  ----------------
Grid deformation using linear elasticity method.


-------------------- Output Information ( Zone 0 ) ----------------------
Output mesh file name: mesh_deformed.su2. 
Cell stiffness scaled by inverse of the cell volume.

------------- Config File Boundary Information ( Zone 0 ) ---------------
+-----------------------------------------------------------------------+
|                        Marker Type|                        Marker Name|
+-----------------------------------------------------------------------+
|                          Far-field|                           farfield|
+-----------------------------------------------------------------------+
|                     Heat flux wall|                            airfoil|
+-----------------------------------------------------------------------+
Two dimensional problem.
222 grid points.
235 volume elements.
2 surface markers.
50 boundary elements in index 0 (Marker = farfield).
159 boundary elements in index 1 (Marker = airfoil).
235 triangles.

----------------------- Preprocessing computations ----------------------
Setting local point connectivity.
Checking the numerical grid orientation of the interior elements.
All volume elements are correctly oriented.
There has been a re-orientation of 159 LINE surface elements.
Identify edges and vertices.
Setting the bound control volume structure.
Area of the computational grid: 599.957.
  Info: Ignoring the following volume output fields/groups:
  SOLUTION
Volume output fields: COORDINATES
Screen output fields: 
History output group(s): 
Warning: No (valid) fields chosen for convergence monitoring. Convergence monitoring inactive.
Warning: No (valid) fields chosen for time convergence monitoring. Time convergence monitoring inactive.

--------------------- Surface grid deformation (ZONE 0) -----------------
Performing the deformation of the surface grid.
Updating the surface coordinates from the input file.

------------------- Volumetric grid deformation (ZONE 0) ----------------
Performing the deformation of the volumetric grid.
Computing volumes of the grid elements.
Min. volume: 0.000148456, max. volume: 36.5029.

# FGMRES residual history
# Residual tolerance target = 1e-10
# Initial residual norm     = 3.38798e-07
     0     1
# FGMRES final (true) residual:
# Iteration = 4: |res|/|res0| = 7.90995e-12.

Computing volumes of the grid elements.
Non-linear iter.: 1/500. Linear iter.: 4. Min. area: 0.000148452. Error: 7.90995e-12.
Computing volumes of the grid elements.
Min. volume: 0.000148452, max. volume: 36.5022.

# FGMRES residual history
# Residual tolerance target = 1e-10
# Initial residual norm     = 3.37159e-07
     0     1
# FGMRES final (true) residual:
# Iteration = 4: |res|/|res0| = 7.94801e-12.

Computing volumes of the grid elements.
Non-linear iter.: 2/500. Linear iter.: 4. Min. area: 0.000148448. Error: 7.94801e-12.
Computing volumes of the grid elements.
Min. volume: 0.000148448, max. volume: 36.5015.

# FGMRES residual history
# Residual tolerance target = 1e-10
# Initial residual norm     = 3.35527e-07
     0     1
# FGMRES final (true) residual:
# Iteration = 4: |res|/|res0| = 7.98631e-12.

Computing volumes of the grid elements.
Non-linear iter.: 3/500. Linear iter.: 4. Min. area: 0.000148445. Error: 7.98631e-12.
Computing volumes of the grid elements.
Min. volume: 0.000148445, max. volume: 36.5008.

# FGMRES residual history
# Residual tolerance target = 1e-10
# Initial residual norm     = 3.33903e-07
     0     1
# FGMRES final (true) residual:
# Iteration = 4: |res|/|res0| = 8.02484e-12.

Computing volumes of the grid elements.
Non-linear iter.: 4/500. Linear iter.: 4. Min. area: 0.000148441. Error: 8.02484e-12.
Computing volumes of the grid elements.
Min. volume: 0.000148441, max. volume: 36.5.

# FGMRES residual history
# Residual tolerance target = 1e-10
# Initial residual norm     = 3.32286e-07
     0     1
# FGMRES final (true) residual:
# Iteration = 4: |res|/|res0| = 8.0636e-12.

Computing volumes of the grid elements.
Non-linear iter.: 5/500. Linear iter.: 4. Min. area: 0.000148437. Error: 8.0636e-12.
Computing volumes of the grid elements.
Min. volume: 0.000148437, max. volume: 36.4993.

# FGMRES residual history
# Residual tolerance target = 1e-10
# Initial residual norm     = 3.30677e-07
     0     1
# FGMRES final (true) residual:
# Iteration = 4: |res|/|res0| = 8.10259e-12.

Computing volumes of the grid elements.
Non-linear iter.: 6/500. Linear iter.: 4. Min. area: 0.000148434. Error: 8.10259e-12.
Computing volumes of the grid elements.
Min. volume: 0.000148434, max. volume: 36.4986.

# FGMRES residual history
# Residual tolerance target = 1e-10
# Initial residual norm     = 3.29075e-07
     0     1
# FGMRES final (true) residual:
# Iteration = 4: |res|/|res0| = 8.14182e-12.

Computing volumes of the grid elements.
Non-linear iter.: 7/500. Linear iter.: 4. Min. area: 0.00014843. Error: 8.14182e-12.
Computing volumes of the grid elements.
Min. volume: 0.00014843, max. volume: 36.4979.

# FGMRES residual history
# Residual tolerance target = 1e-10
# Initial residual norm     = 3.2748e-07
     0     1
# FGMRES final (true) residual:
# Iteration = 4: |res|/|res0| = 8.18129e-12.

Computing volumes of the grid elements.
Non-linear iter.: 8/500. Linear iter.: 4. Min. area: 0.000148426. Error: 8.18129e-12.
Computing volumes of the grid elements.
Min. volume: 0.000148426, max. volume: 36.4972.

# FGMRES residual history
# Residual tolerance target = 1e-10
# Initial residual norm     = 3.25893e-07
     0     1
# FGMRES final (true) residual:
# Iteration = 4: |res|/|res0| = 8.221e-12.

Computing volumes of the grid elements.
Non-linear iter.: 9/500. Linear iter.: 4. Min. area: 0.000148422. Error: 8.221e-12.
Computing volumes of the grid elements.
Min. volume: 0.000148422, max. volume: 36.4966.

# FGMRES residual history
# Residual tolerance target = 1e-10
# Initial residual norm     = 3.24313e-07
     0     1
# FGMRES final (true) residual:
# Iteration = 4: |res|/|res0| = 8.26095e-12.

Computing volumes of the grid elements.
Non-linear iter.: 10/500. Linear iter.: 4. Min. area: 0.000148419. Error: 8.26095e-12.
Computing volumes of the grid elements.
Min. volume: 0.000148419, max. volume: 36.4959.

# FGMRES residual history
# Residual tolerance target = 1e-10
# Initial residual norm     = 3.2274e-07
     0     1
# FGMRES final (true) residual:
# Iteration = 4: |res|/|res0| = 8.30114e-12.

Computing volumes of the grid elements.
Non-linear iter.: 11/500. Linear iter.: 4. Min. area: 0.000148415. Error: 8.30114e-12.
Computing volumes of the grid elements.
Min. volume: 0.000148415, max. volume: 36.4952.

# FGMRES residual history
# Residual tolerance target = 1e-10
# Initial residual norm     = 3.21175e-07
     0     1
# FGMRES final (true) residual:
# Iteration = 4: |res|/|res0| = 8.34157e-12.

Computing volumes of the grid elements.
Non-linear iter.: 12/500. Linear iter.: 4. Min. area: 0.000148411. Error: 8.34157e-12.
Computing volumes of the grid elements.
Min. volume: 0.000148411, max. volume: 36.4945.

# FGMRES residual history
# Residual tolerance target = 1e-10
# Initial residual norm     = 3.19616e-07
     0     1
# FGMRES final (true) residual:
# Iteration = 4: |res|/|res0| = 8.38225e-12.

Computing volumes of the grid elements.
Non-linear iter.: 13/500. Linear iter.: 4. Min. area: 0.000148408. Error: 8.38225e-12.
Computing volumes of the grid elements.
Min. volume: 0.000148408, max. volume: 36.4938.

# FGMRES residual history
# Residual tolerance target = 1e-10
# Initial residual norm     = 3.18065e-07
     0     1
# FGMRES final (true) residual:
# Iteration = 4: |res|/|res0| = 8.42318e-12.

Computing volumes of the grid elements.
Non-linear iter.: 14/500. Linear iter.: 4. Min. area: 0.000148404. Error: 8.42318e-12.
Computing volumes of the grid elements.
Min. volume: 0.000148404, max. volume: 36.4931.

# FGMRES residual history
# Residual tolerance target = 1e-10
# Initial residual norm     = 3.16521e-07
     0     1
# FGMRES final (true) residual:
# Iteration = 4: |res|/|res0| = 8.46435e-12.

Computing volumes of the grid elements.
Non-linear iter.: 15/500. Linear iter.: 4. Min. area: 0.0001484. Error: 8.46435e-12.
Computing volumes of the grid elements.
Min. volume: 0.0001484, max. volume: 36.4924.

# FGMRES residual history
# Residual tolerance target = 1e-10
# Initial residual norm     = 3.14984e-07
     0     1
# FGMRES final (true) residual:
# Iteration = 4: |res|/|res0| = 8.50577e-12.

Computing volumes of the grid elements.
Non-linear iter.: 16/500. Linear iter.: 4. Min. area: 0.000148397. Error: 8.50577e-12.
Computing volumes of the grid elements.
Min. volume: 0.000148397, max. volume: 36.4918.

# FGMRES residual history
# Residual tolerance target = 1e-10
# Initial residual norm     = 3.13454e-07
     0     1
# FGMRES final (true) residual:
# Iteration = 4: |res|/|res0| = 8.54744e-12.

Computing volumes of the grid elements.
Non-linear iter.: 17/500. Linear iter.: 4. Min. area: 0.000148393. Error: 8.54744e-12.
Computing volumes of the grid elements.
Min. volume: 0.000148393, max. volume: 36.4911.

# FGMRES residual history
# Residual tolerance target = 1e-10
# Initial residual norm     = 3.11931e-07
     0     1
# FGMRES final (true) residual:
# Iteration = 4: |res|/|res0| = 8.58937e-12.

Computing volumes of the grid elements.
Non-linear iter.: 18/500. Linear iter.: 4. Min. area: 0.000148389. Error: 8.58937e-12.
Computing volumes of the grid elements.
Min. volume: 0.000148389, max. volume: 36.4904.

# FGMRES residual history
# Residual tolerance target = 1e-10
# Initial residual norm     = 3.10414e-07
     0     1
# FGMRES final (true) residual:
# Iteration = 4: |res|/|res0| = 8.63155e-12.

Computing volumes of the grid elements.
Non-linear iter.: 19/500. Linear iter.: 4. Min. area: 0.000148385. Error: 8.63155e-12.
Computing volumes of the grid elements.
Min. volume: 0.000148385, max. volume: 36.4898.

# FGMRES residual history
# Residual tolerance target = 1e-10
# Initial residual norm     = 3.08905e-07
     0     1
# FGMRES final (true) residual:
# Iteration = 4: |res|/|res0| = 8.67398e-12.

Computing volumes of the grid elements.
Non-linear iter.: 20/500. Linear iter.: 4. Min. area: 0.000148382. Error: 8.67398e-12.
Computing volumes of the grid elements.
Min. volume: 0.000148382, max. volume: 36.4891.

# FGMRES residual history
# Residual tolerance target = 1e-10
# Initial residual norm     = 3.07403e-07
     0     1
# FGMRES final (true) residual:
# Iteration = 4: |res|/|res0| = 8.71668e-12.

Computing volumes of the grid elements.
Non-linear iter.: 21/500. Linear iter.: 4. Min. area: 0.000148378. Error: 8.71668e-12.
Computing volumes of the grid elements.
Min. volume: 0.000148378, max. volume: 36.4884.

# FGMRES residual history
# Residual tolerance target = 1e-10
# Initial residual norm     = 3.05907e-07
     0     1
# FGMRES final (true) residual:
# Iteration = 4: |res|/|res0| = 8.75963e-12.

Computing volumes of the grid elements.
Non-linear iter.: 22/500. Linear iter.: 4. Min. area: 0.000148374. Error: 8.75963e-12.
Computing volumes of the grid elements.
Min. volume: 0.000148374, max. volume: 36.4878.

# FGMRES residual history
# Residual tolerance target = 1e-10
# Initial residual norm     = 3.04419e-07
     0     1
# FGMRES final (true) residual:
# Iteration = 4: |res|/|res0| = 8.80284e-12.

Computing volumes of the grid elements.
Non-linear iter.: 23/500. Linear iter.: 4. Min. area: 0.000148371. Error: 8.80284e-12.
Computing volumes of the grid elements.
Min. volume: 0.000148371, max. volume: 36.4871.

# FGMRES residual history
# Residual tolerance target = 1e-10
# Initial residual norm     = 3.02937e-07
     0     1
# FGMRES final (true) residual:
# Iteration = 4: |res|/|res0| = 8.84632e-12.

Computing volumes of the grid elements.
Non-linear iter.: 24/500. Linear iter.: 4. Min. area: 0.000148367. Error: 8.84632e-12.
Computing volumes of the grid elements.
Min. volume: 0.000148367, max. volume: 36.4865.

# FGMRES residual history
# Residual tolerance target = 1e-10
# Initial residual norm     = 3.01461e-07
     0     1
# FGMRES final (true) residual:
# Iteration = 4: |res|/|res0| = 8.89006e-12.

Computing volumes of the grid elements.
Non-linear iter.: 25/500. Linear iter.: 4. Min. area: 0.000148363. Error: 8.89006e-12.
Computing volumes of the grid elements.
Min. volume: 0.000148363, max. volume: 36.4858.

# FGMRES residual history
# Residual tolerance target = 1e-10
# Initial residual norm     = 2.99993e-07
     0     1
# FGMRES final (true) residual:
# Iteration = 4: |res|/|res0| = 8.93406e-12.

Computing volumes of the grid elements.
Non-linear iter.: 26/500. Linear iter.: 4. Min. area: 0.000148359. Error: 8.93406e-12.
Computing volumes of the grid elements.
Min. volume: 0.000148359, max. volume: 36.4852.

# FGMRES residual history
# Residual tolerance target = 1e-10
# Initial residual norm     = 2.98531e-07
     0     1
# FGMRES final (true) residual:
# Iteration = 4: |res|/|res0| = 8.97833e-12.

Computing volumes of the grid elements.
Non-linear iter.: 27/500. Linear iter.: 4. Min. area: 0.000148356. Error: 8.97833e-12.
Computing volumes of the grid elements.
Min. volume: 0.000148356, max. volume: 36.4845.

# FGMRES residual history
# Residual tolerance target = 1e-10
# Initial residual norm     = 2.97076e-07
     0     1
# FGMRES final (true) residual:
# Iteration = 4: |res|/|res0| = 9.02287e-12.

Computing volumes of the grid elements.
Non-linear iter.: 28/500. Linear iter.: 4. Min. area: 0.000148352. Error: 9.02287e-12.
Computing volumes of the grid elements.
Min. volume: 0.000148352, max. volume: 36.4839.

# FGMRES residual history
# Residual tolerance target = 1e-10
# Initial residual norm     = 2.95627e-07
     0     1
# FGMRES final (true) residual:
# Iteration = 4: |res|/|res0| = 9.06768e-12.

Computing volumes of the grid elements.
Non-linear iter.: 29/500. Linear iter.: 4. Min. area: 0.000148348. Error: 9.06768e-12.
Computing volumes of the grid elements.
Min. volume: 0.000148348, max. volume: 36.4832.

# FGMRES residual history
# Residual tolerance target = 1e-10
# Initial residual norm     = 2.94185e-07
     0     1
# FGMRES final (true) residual:
# Iteration = 4: |res|/|res0| = 9.11277e-12.

Computing volumes of the grid elements.
Non-linear iter.: 30/500. Linear iter.: 4. Min. area: 0.000148345. Error: 9.11277e-12.
Computing volumes of the grid elements.
Min. volume: 0.000148345, max. volume: 36.4826.

# FGMRES residual history
# Residual tolerance target = 1e-10
# Initial residual norm     = 2.92749e-07
     0     1
# FGMRES final (true) residual:
# Iteration = 4: |res|/|res0| = 9.15813e-12.

Computing volumes of the grid elements.
Non-linear iter.: 31/500. Linear iter.: 4. Min. area: 0.000148341. Error: 9.15813e-12.
Computing volumes of the grid elements.
Min. volume: 0.000148341, max. volume: 36.482.

# FGMRES residual history
# Residual tolerance target = 1e-10
# Initial residual norm     = 2.9132e-07
     0     1
# FGMRES final (true) residual:
# Iteration = 4: |res|/|res0| = 9.20376e-12.

Computing volumes of the grid elements.
Non-linear iter.: 32/500. Linear iter.: 4. Min. area: 0.000148337. Error: 9.20376e-12.
Computing volumes of the grid elements.
Min. volume: 0.000148337, max. volume: 36.4813.

# FGMRES residual history
# Residual tolerance target = 1e-10
# Initial residual norm     = 2.89897e-07
     0     1
# FGMRES final (true) residual:
# Iteration = 4: |res|/|res0| = 9.24967e-12.

Computing volumes of the grid elements.
Non-linear iter.: 33/500. Linear iter.: 4. Min. area: 0.000148334. Error: 9.24967e-12.
Computing volumes of the grid elements.
Min. volume: 0.000148334, max. volume: 36.4807.

# FGMRES residual history
# Residual tolerance target = 1e-10
# Initial residual norm     = 2.88481e-07
     0     1
# FGMRES final (true) residual:
# Iteration = 4: |res|/|res0| = 9.29586e-12.

Computing volumes of the grid elements.
Non-linear iter.: 34/500. Linear iter.: 4. Min. area: 0.00014833. Error: 9.29586e-12.
Computing volumes of the grid elements.
Min. volume: 0.00014833, max. volume: 36.4801.

# FGMRES residual history
# Residual tolerance target = 1e-10
# Initial residual norm     = 2.87071e-07
     0     1
# FGMRES final (true) residual:
# Iteration = 4: |res|/|res0| = 9.34234e-12.

Computing volumes of the grid elements.
Non-linear iter.: 35/500. Linear iter.: 4. Min. area: 0.000148326. Error: 9.34234e-12.
Computing volumes of the grid elements.
Min. volume: 0.000148326, max. volume: 36.4794.

# FGMRES residual history
# Residual tolerance target = 1e-10
# Initial residual norm     = 2.85668e-07
     0     1
# FGMRES final (true) residual:
# Iteration = 4: |res|/|res0| = 9.38909e-12.

Computing volumes of the grid elements.
Non-linear iter.: 36/500. Linear iter.: 4. Min. area: 0.000148322. Error: 9.38909e-12.
Computing volumes of the grid elements.
Min. volume: 0.000148322, max. volume: 36.4788.

# FGMRES residual history
# Residual tolerance target = 1e-10
# Initial residual norm     = 2.8427e-07
     0     1
# FGMRES final (true) residual:
# Iteration = 4: |res|/|res0| = 9.43613e-12.

Computing volumes of the grid elements.
Non-linear iter.: 37/500. Linear iter.: 4. Min. area: 0.000148319. Error: 9.43613e-12.
Computing volumes of the grid elements.
Min. volume: 0.000148319, max. volume: 36.4782.

# FGMRES residual history
# Residual tolerance target = 1e-10
# Initial residual norm     = 2.82879e-07
     0     1
# FGMRES final (true) residual:
# Iteration = 4: |res|/|res0| = 9.48346e-12.

Computing volumes of the grid elements.
Non-linear iter.: 38/500. Linear iter.: 4. Min. area: 0.000148315. Error: 9.48346e-12.
Computing volumes of the grid elements.
Min. volume: 0.000148315, max. volume: 36.4776.

# FGMRES residual history
# Residual tolerance target = 1e-10
# Initial residual norm     = 2.81495e-07
     0     1
# FGMRES final (true) residual:
# Iteration = 4: |res|/|res0| = 9.53108e-12.

Computing volumes of the grid elements.
Non-linear iter.: 39/500. Linear iter.: 4. Min. area: 0.000148311. Error: 9.53108e-12.
Computing volumes of the grid elements.
Min. volume: 0.000148311, max. volume: 36.477.

# FGMRES residual history
# Residual tolerance target = 1e-10
# Initial residual norm     = 2.80116e-07
     0     1
# FGMRES final (true) residual:
# Iteration = 4: |res|/|res0| = 9.57899e-12.

Computing volumes of the grid elements.
Non-linear iter.: 40/500. Linear iter.: 4. Min. area: 0.000148308. Error: 9.57899e-12.
Computing volumes of the grid elements.
Min. volume: 0.000148308, max. volume: 36.4763.

# FGMRES residual history
# Residual tolerance target = 1e-10
# Initial residual norm     = 2.78744e-07
     0     1
# FGMRES final (true) residual:
# Iteration = 4: |res|/|res0| = 9.62719e-12.

Computing volumes of the grid elements.
Non-linear iter.: 41/500. Linear iter.: 4. Min. area: 0.000148304. Error: 9.62719e-12.
Computing volumes of the grid elements.
Min. volume: 0.000148304, max. volume: 36.4757.

# FGMRES residual history
# Residual tolerance target = 1e-10
# Initial residual norm     = 2.77377e-07
     0     1
# FGMRES final (true) residual:
# Iteration = 4: |res|/|res0| = 9.67568e-12.

Computing volumes of the grid elements.
Non-linear iter.: 42/500. Linear iter.: 4. Min. area: 0.0001483. Error: 9.67568e-12.
Computing volumes of the grid elements.
Min. volume: 0.0001483, max. volume: 36.4751.

# FGMRES residual history
# Residual tolerance target = 1e-10
# Initial residual norm     = 2.76017e-07
     0     1
# FGMRES final (true) residual:
# Iteration = 4: |res|/|res0| = 9.72448e-12.

Computing volumes of the grid elements.
Non-linear iter.: 43/500. Linear iter.: 4. Min. area: 0.000148297. Error: 9.72448e-12.
Computing volumes of the grid elements.
Min. volume: 0.000148297, max. volume: 36.4745.

# FGMRES residual history
# Residual tolerance target = 1e-10
# Initial residual norm     = 2.74663e-07
     0     1
# FGMRES final (true) residual:
# Iteration = 4: |res|/|res0| = 9.77357e-12.

Computing volumes of the grid elements.
Non-linear iter.: 44/500. Linear iter.: 4. Min. area: 0.000148293. Error: 9.77357e-12.
Computing volumes of the grid elements.
Min. volume: 0.000148293, max. volume: 36.4739.

# FGMRES residual history
# Residual tolerance target = 1e-10
# Initial residual norm     = 2.73315e-07
     0     1
# FGMRES final (true) residual:
# Iteration = 4: |res|/|res0| = 9.82296e-12.

Computing volumes of the grid elements.
Non-linear iter.: 45/500. Linear iter.: 4. Min. area: 0.000148289. Error: 9.82296e-12.
Computing volumes of the grid elements.
Min. volume: 0.000148289, max. volume: 36.4733.

# FGMRES residual history
# Residual tolerance target = 1e-10
# Initial residual norm     = 2.71973e-07
     0     1
# FGMRES final (true) residual:
# Iteration = 4: |res|/|res0| = 9.87265e-12.

Computing volumes of the grid elements.
Non-linear iter.: 46/500. Linear iter.: 4. Min. area: 0.000148286. Error: 9.87265e-12.
Computing volumes of the grid elements.
Min. volume: 0.000148286, max. volume: 36.4727.

# FGMRES residual history
# Residual tolerance target = 1e-10
# Initial residual norm     = 2.70637e-07
     0     1
# FGMRES final (true) residual:
# Iteration = 4: |res|/|res0| = 9.92265e-12.

Computing volumes of the grid elements.
Non-linear iter.: 47/500. Linear iter.: 4. Min. area: 0.000148282. Error: 9.92265e-12.
Computing volumes of the grid elements.
Min. volume: 0.000148282, max. volume: 36.4721.

# FGMRES residual history
# Residual tolerance target = 1e-10
# Initial residual norm     = 2.69307e-07
     0     1
# FGMRES final (true) residual:
# Iteration = 4: |res|/|res0| = 9.97295e-12.

Computing volumes of the grid elements.
Non-linear iter.: 48/500. Linear iter.: 4. Min. area: 0.000148278. Error: 9.97295e-12.
Computing volumes of the grid elements.
Min. volume: 0.000148278, max. volume: 36.4715.

# FGMRES residual history
# Residual tolerance target = 1e-10
# Initial residual norm     = 2.67983e-07
     0     1
# FGMRES final (true) residual:
# Iteration = 4: |res|/|res0| = 1.00236e-11.

Computing volumes of the grid elements.
Non-linear iter.: 49/500. Linear iter.: 4. Min. area: 0.000148275. Error: 1.00236e-11.
Computing volumes of the grid elements.
Min. volume: 0.000148275, max. volume: 36.4709.

# FGMRES residual history
# Residual tolerance target = 1e-10
# Initial residual norm     = 2.66664e-07
     0     1
# FGMRES final (true) residual:
# Iteration = 4: |res|/|res0| = 1.00745e-11.

Computing volumes of the grid elements.
Non-linear iter.: 50/500. Linear iter.: 4. Min. area: 0.000148271. Error: 1.00745e-11.
Computing volumes of the grid elements.
Min. volume: 0.000148271, max. volume: 36.4703.

# FGMRES residual history
# Residual tolerance target = 1e-10
# Initial residual norm     = 2.65352e-07
     0     1
# FGMRES final (true) residual:
# Iteration = 4: |res|/|res0| = 1.01257e-11.

Computing volumes of the grid elements.
Non-linear iter.: 51/500. Linear iter.: 4. Min. area: 0.000148267. Error: 1.01257e-11.
Computing volumes of the grid elements.
Min. volume: 0.000148267, max. volume: 36.4698.

# FGMRES residual history
# Residual tolerance target = 1e-10
# Initial residual norm     = 2.64045e-07
     0     1
# FGMRES final (true) residual:
# Iteration = 4: |res|/|res0| = 1.01773e-11.

Computing volumes of the grid elements.
Non-linear iter.: 52/500. Linear iter.: 4. Min. area: 0.000148263. Error: 1.01773e-11.
Computing volumes of the grid elements.
Min. volume: 0.000148263, max. volume: 36.4692.

# FGMRES residual history
# Residual tolerance target = 1e-10
# Initial residual norm     = 2.62744e-07
     0     1
# FGMRES final (true) residual:
# Iteration = 4: |res|/|res0| = 1.02291e-11.

Computing volumes of the grid elements.
Non-linear iter.: 53/500. Linear iter.: 4. Min. area: 0.00014826. Error: 1.02291e-11.
Computing volumes of the grid elements.
Min. volume: 0.00014826, max. volume: 36.4686.

# FGMRES residual history
# Residual tolerance target = 1e-10
# Initial residual norm     = 2.61449e-07
     0     1
# FGMRES final (true) residual:
# Iteration = 4: |res|/|res0| = 1.02813e-11.

Computing volumes of the grid elements.
Non-linear iter.: 54/500. Linear iter.: 4. Min. area: 0.000148256. Error: 1.02813e-11.
Computing volumes of the grid elements.
Min. volume: 0.000148256, max. volume: 36.468.

# FGMRES residual history
# Residual tolerance target = 1e-10
# Initial residual norm     = 2.6016e-07
     0     1
# FGMRES final (true) residual:
# Iteration = 4: |res|/|res0| = 1.03338e-11.

Computing volumes of the grid elements.
Non-linear iter.: 55/500. Linear iter.: 4. Min. area: 0.000148252. Error: 1.03338e-11.
Computing volumes of the grid elements.
Min. volume: 0.000148252, max. volume: 36.4674.

# FGMRES residual history
# Residual tolerance target = 1e-10
# Initial residual norm     = 2.58876e-07
     0     1
# FGMRES final (true) residual:
# Iteration = 4: |res|/|res0| = 1.03867e-11.

Computing volumes of the grid elements.
Non-linear iter.: 56/500. Linear iter.: 4. Min. area: 0.000148249. Error: 1.03867e-11.
Computing volumes of the grid elements.
Min. volume: 0.000148249, max. volume: 36.4668.

# FGMRES residual history
# Residual tolerance target = 1e-10
# Initial residual norm     = 2.57598e-07
     0     1
# FGMRES final (true) residual:
# Iteration = 4: |res|/|res0| = 1.04398e-11.

Computing volumes of the grid elements.
Non-linear iter.: 57/500. Linear iter.: 4. Min. area: 0.000148245. Error: 1.04398e-11.
Computing volumes of the grid elements.
Min. volume: 0.000148245, max. volume: 36.4663.

# FGMRES residual history
# Residual tolerance target = 1e-10
# Initial residual norm     = 2.56325e-07
     0     1
# FGMRES final (true) residual:
# Iteration = 4: |res|/|res0| = 1.04933e-11.

Computing volumes of the grid elements.
Non-linear iter.: 58/500. Linear iter.: 4. Min. area: 0.000148241. Error: 1.04933e-11.
Computing volumes of the grid elements.
Min. volume: 0.000148241, max. volume: 36.4657.

# FGMRES residual history
# Residual tolerance target = 1e-10
# Initial residual norm     = 2.55058e-07
     0     1
# FGMRES final (true) residual:
# Iteration = 4: |res|/|res0| = 1.05471e-11.

Computing volumes of the grid elements.
Non-linear iter.: 59/500. Linear iter.: 4. Min. area: 0.000148238. Error: 1.05471e-11.
Computing volumes of the grid elements.
Min. volume: 0.000148238, max. volume: 36.4651.

# FGMRES residual history
# Residual tolerance target = 1e-10
# Initial residual norm     = 2.53797e-07
     0     1
# FGMRES final (true) residual:
# Iteration = 4: |res|/|res0| = 1.06013e-11.

Computing volumes of the grid elements.
Non-linear iter.: 60/500. Linear iter.: 4. Min. area: 0.000148234. Error: 1.06013e-11.
Computing volumes of the grid elements.
Min. volume: 0.000148234, max. volume: 36.4646.

# FGMRES residual history
# Residual tolerance target = 1e-10
# Initial residual norm     = 2.52541e-07
     0     1
# FGMRES final (true) residual:
# Iteration = 4: |res|/|res0| = 1.06558e-11.

Computing volumes of the grid elements.
Non-linear iter.: 61/500. Linear iter.: 4. Min. area: 0.00014823. Error: 1.06558e-11.
Computing volumes of the grid elements.
Min. volume: 0.00014823, max. volume: 36.464.

# FGMRES residual history
# Residual tolerance target = 1e-10
# Initial residual norm     = 2.51291e-07
     0     1
# FGMRES final (true) residual:
# Iteration = 4: |res|/|res0| = 1.07106e-11.

Computing volumes of the grid elements.
Non-linear iter.: 62/500. Linear iter.: 4. Min. area: 0.000148227. Error: 1.07106e-11.
Computing volumes of the grid elements.
Min. volume: 0.000148227, max. volume: 36.4634.

# FGMRES residual history
# Residual tolerance target = 1e-10
# Initial residual norm     = 2.50046e-07
     0     1
# FGMRES final (true) residual:
# Iteration = 4: |res|/|res0| = 1.07657e-11.

Computing volumes of the grid elements.
Non-linear iter.: 63/500. Linear iter.: 4. Min. area: 0.000148223. Error: 1.07657e-11.
Computing volumes of the grid elements.
Min. volume: 0.000148223, max. volume: 36.4629.

# FGMRES residual history
# Residual tolerance target = 1e-10
# Initial residual norm     = 2.48806e-07
     0     1
# FGMRES final (true) residual:
# Iteration = 4: |res|/|res0| = 1.08212e-11.

Computing volumes of the grid elements.
Non-linear iter.: 64/500. Linear iter.: 4. Min. area: 0.000148219. Error: 1.08212e-11.
Computing volumes of the grid elements.
Min. volume: 0.000148219, max. volume: 36.4623.

# FGMRES residual history
# Residual tolerance target = 1e-10
# Initial residual norm     = 2.47572e-07
     0     1
# FGMRES final (true) residual:
# Iteration = 4: |res|/|res0| = 1.08771e-11.

Computing volumes of the grid elements.
Non-linear iter.: 65/500. Linear iter.: 4. Min. area: 0.000148216. Error: 1.08771e-11.
Computing volumes of the grid elements.
Min. volume: 0.000148216, max. volume: 36.4618.

# FGMRES residual history
# Residual tolerance target = 1e-10
# Initial residual norm     = 2.46344e-07
     0     1
# FGMRES final (true) residual:
# Iteration = 4: |res|/|res0| = 1.09332e-11.

Computing volumes of the grid elements.
Non-linear iter.: 66/500. Linear iter.: 4. Min. area: 0.000148212. Error: 1.09332e-11.
Computing volumes of the grid elements.
Min. volume: 0.000148212, max. volume: 36.4612.

# FGMRES residual history
# Residual tolerance target = 1e-10
# Initial residual norm     = 2.4512e-07
     0     1
# FGMRES final (true) residual:
# Iteration = 4: |res|/|res0| = 1.09898e-11.

Computing volumes of the grid elements.
Non-linear iter.: 67/500. Linear iter.: 4. Min. area: 0.000148208. Error: 1.09898e-11.
Computing volumes of the grid elements.
Min. volume: 0.000148208, max. volume: 36.4607.

# FGMRES residual history
# Residual tolerance target = 1e-10
# Initial residual norm     = 2.43902e-07
     0     1
# FGMRES final (true) residual:
# Iteration = 4: |res|/|res0| = 1.10467e-11.

Computing volumes of the grid elements.
Non-linear iter.: 68/500. Linear iter.: 4. Min. area: 0.000148205. Error: 1.10467e-11.
Computing volumes of the grid elements.
Min. volume: 0.000148205, max. volume: 36.4601.

# FGMRES residual history
# Residual tolerance target = 1e-10
# Initial residual norm     = 2.42689e-07
     0     1
# FGMRES final (true) residual:
# Iteration = 4: |res|/|res0| = 1.11039e-11.

Computing volumes of the grid elements.
Non-linear iter.: 69/500. Linear iter.: 4. Min. area: 0.000148201. Error: 1.11039e-11.
Computing volumes of the grid elements.
Min. volume: 0.000148201, max. volume: 36.4596.

# FGMRES residual history
# Residual tolerance target = 1e-10
# Initial residual norm     = 2.41482e-07
     0     1
# FGMRES final (true) residual:
# Iteration = 4: |res|/|res0| = 1.11615e-11.

Computing volumes of the grid elements.
Non-linear iter.: 70/500. Linear iter.: 4. Min. area: 0.000148197. Error: 1.11615e-11.
Computing volumes of the grid elements.
Min. volume: 0.000148197, max. volume: 36.459.

# FGMRES residual history
# Residual tolerance target = 1e-10
# Initial residual norm     = 2.40279e-07
     0     1
# FGMRES final (true) residual:
# Iteration = 4: |res|/|res0| = 1.12194e-11.

Computing volumes of the grid elements.
Non-linear iter.: 71/500. Linear iter.: 4. Min. area: 0.000148194. Error: 1.12194e-11.
Computing volumes of the grid elements.
Min. volume: 0.000148194, max. volume: 36.4585.

# FGMRES residual history
# Residual tolerance target = 1e-10
# Initial residual norm     = 2.39082e-07
     0     1
# FGMRES final (true) residual:
# Iteration = 4: |res|/|res0| = 1.12777e-11.

Computing volumes of the grid elements.
Non-linear iter.: 72/500. Linear iter.: 4. Min. area: 0.00014819. Error: 1.12777e-11.
Computing volumes of the grid elements.
Min. volume: 0.00014819, max. volume: 36.458.

# FGMRES residual history
# Residual tolerance target = 1e-10
# Initial residual norm     = 2.3789e-07
     0     1
# FGMRES final (true) residual:
# Iteration = 4: |res|/|res0| = 1.13364e-11.

Computing volumes of the grid elements.
Non-linear iter.: 73/500. Linear iter.: 4. Min. area: 0.000148186. Error: 1.13364e-11.
Computing volumes of the grid elements.
Min. volume: 0.000148186, max. volume: 36.4574.

# FGMRES residual history
# Residual tolerance target = 1e-10
# Initial residual norm     = 2.36703e-07
     0     1
# FGMRES final (true) residual:
# Iteration = 4: |res|/|res0| = 1.13954e-11.

Computing volumes of the grid elements.
Non-linear iter.: 74/500. Linear iter.: 4. Min. area: 0.000148183. Error: 1.13954e-11.
Computing volumes of the grid elements.
Min. volume: 0.000148183, max. volume: 36.4569.

# FGMRES residual history
# Residual tolerance target = 1e-10
# Initial residual norm     = 2.35522e-07
     0     1
# FGMRES final (true) residual:
# Iteration = 4: |res|/|res0| = 1.14548e-11.

Computing volumes of the grid elements.
Non-linear iter.: 75/500. Linear iter.: 4. Min. area: 0.000148179. Error: 1.14548e-11.
Computing volumes of the grid elements.
Min. volume: 0.000148179, max. volume: 36.4564.

# FGMRES residual history
# Residual tolerance target = 1e-10
# Initial residual norm     = 2.34345e-07
     0     1
# FGMRES final (true) residual:
# Iteration = 4: |res|/|res0| = 1.15146e-11.

Computing volumes of the grid elements.
Non-linear iter.: 76/500. Linear iter.: 4. Min. area: 0.000148175. Error: 1.15146e-11.
Computing volumes of the grid elements.
Min. volume: 0.000148175, max. volume: 36.4558.

# FGMRES residual history
# Residual tolerance target = 1e-10
# Initial residual norm     = 2.33173e-07
     0     1
# FGMRES final (true) residual:
# Iteration = 4: |res|/|res0| = 1.15747e-11.

Computing volumes of the grid elements.
Non-linear iter.: 77/500. Linear iter.: 4. Min. area: 0.000148172. Error: 1.15747e-11.
Computing volumes of the grid elements.
Min. volume: 0.000148172, max. volume: 36.4553.

# FGMRES residual history
# Residual tolerance target = 1e-10
# Initial residual norm     = 2.32007e-07
     0     1
# FGMRES final (true) residual:
# Iteration = 4: |res|/|res0| = 1.16352e-11.

Computing volumes of the grid elements.
Non-linear iter.: 78/500. Linear iter.: 4. Min. area: 0.000148168. Error: 1.16352e-11.
Computing volumes of the grid elements.
Min. volume: 0.000148168, max. volume: 36.4548.

# FGMRES residual history
# Residual tolerance target = 1e-10
# Initial residual norm     = 2.30845e-07
     0     1
# FGMRES final (true) residual:
# Iteration = 4: |res|/|res0| = 1.16961e-11.

Computing volumes of the grid elements.
Non-linear iter.: 79/500. Linear iter.: 4. Min. area: 0.000148164. Error: 1.16961e-11.
Computing volumes of the grid elements.
Min. volume: 0.000148164, max. volume: 36.4542.

# FGMRES residual history
# Residual tolerance target = 1e-10
# Initial residual norm     = 2.29688e-07
     0     1
# FGMRES final (true) residual:
# Iteration = 4: |res|/|res0| = 1.17573e-11.

Computing volumes of the grid elements.
Non-linear iter.: 80/500. Linear iter.: 4. Min. area: 0.000148161. Error: 1.17573e-11.
Computing volumes of the grid elements.
Min. volume: 0.000148161, max. volume: 36.4537.

# FGMRES residual history
# Residual tolerance target = 1e-10
# Initial residual norm     = 2.28537e-07
     0     1
# FGMRES final (true) residual:
# Iteration = 4: |res|/|res0| = 1.1819e-11.

Computing volumes of the grid elements.
Non-linear iter.: 81/500. Linear iter.: 4. Min. area: 0.000148157. Error: 1.1819e-11.
Computing volumes of the grid elements.
Min. volume: 0.000148157, max. volume: 36.4532.

# FGMRES residual history
# Residual tolerance target = 1e-10
# Initial residual norm     = 2.2739e-07
     0     1
# FGMRES final (true) residual:
# Iteration = 4: |res|/|res0| = 1.1881e-11.

Computing volumes of the grid elements.
Non-linear iter.: 82/500. Linear iter.: 4. Min. area: 0.000148153. Error: 1.1881e-11.
Computing volumes of the grid elements.
Min. volume: 0.000148153, max. volume: 36.4527.

# FGMRES residual history
# Residual tolerance target = 1e-10
# Initial residual norm     = 2.26248e-07
     0     1
# FGMRES final (true) residual:
# Iteration = 4: |res|/|res0| = 1.19434e-11.

Computing volumes of the grid elements.
Non-linear iter.: 83/500. Linear iter.: 4. Min. area: 0.00014815. Error: 1.19434e-11.
Computing volumes of the grid elements.
Min. volume: 0.00014815, max. volume: 36.4522.

# FGMRES residual history
# Residual tolerance target = 1e-10
# Initial residual norm     = 2.25111e-07
     0     1
# FGMRES final (true) residual:
# Iteration = 4: |res|/|res0| = 1.20062e-11.

Computing volumes of the grid elements.
Non-linear iter.: 84/500. Linear iter.: 4. Min. area: 0.000148146. Error: 1.20062e-11.
Computing volumes of the grid elements.
Min. volume: 0.000148146, max. volume: 36.4517.

# FGMRES residual history
# Residual tolerance target = 1e-10
# Initial residual norm     = 2.23978e-07
     0     1
# FGMRES final (true) residual:
# Iteration = 4: |res|/|res0| = 1.20694e-11.

Computing volumes of the grid elements.
Non-linear iter.: 85/500. Linear iter.: 4. Min. area: 0.000148142. Error: 1.20694e-11.
Computing volumes of the grid elements.
Min. volume: 0.000148142, max. volume: 36.4512.

# FGMRES residual history
# Residual tolerance target = 1e-10
# Initial residual norm     = 2.22851e-07
     0     1
# FGMRES final (true) residual:
# Iteration = 4: |res|/|res0| = 1.21329e-11.

Computing volumes of the grid elements.
Non-linear iter.: 86/500. Linear iter.: 4. Min. area: 0.000148139. Error: 1.21329e-11.
Computing volumes of the grid elements.
Min. volume: 0.000148139, max. volume: 36.4506.

# FGMRES residual history
# Residual tolerance target = 1e-10
# Initial residual norm     = 2.21728e-07
     0     1
# FGMRES final (true) residual:
# Iteration = 4: |res|/|res0| = 1.21969e-11.

Computing volumes of the grid elements.
Non-linear iter.: 87/500. Linear iter.: 4. Min. area: 0.000148135. Error: 1.21969e-11.
Computing volumes of the grid elements.
Min. volume: 0.000148135, max. volume: 36.4501.

# FGMRES residual history
# Residual tolerance target = 1e-10
# Initial residual norm     = 2.2061e-07
     0     1
# FGMRES final (true) residual:
# Iteration = 4: |res|/|res0| = 1.22612e-11.

Computing volumes of the grid elements.
Non-linear iter.: 88/500. Linear iter.: 4. Min. area: 0.000148131. Error: 1.22612e-11.
Computing volumes of the grid elements.
Min. volume: 0.000148131, max. volume: 36.4496.

# FGMRES residual history
# Residual tolerance target = 1e-10
# Initial residual norm     = 2.19497e-07
     0     1
# FGMRES final (true) residual:
# Iteration = 4: |res|/|res0| = 1.2326e-11.

Computing volumes of the grid elements.
Non-linear iter.: 89/500. Linear iter.: 4. Min. area: 0.000148128. Error: 1.2326e-11.
Computing volumes of the grid elements.
Min. volume: 0.000148128, max. volume: 36.4491.

# FGMRES residual history
# Residual tolerance target = 1e-10
# Initial residual norm     = 2.18388e-07
     0     1
# FGMRES final (true) residual:
# Iteration = 4: |res|/|res0| = 1.23911e-11.

Computing volumes of the grid elements.
Non-linear iter.: 90/500. Linear iter.: 4. Min. area: 0.000148124. Error: 1.23911e-11.
Computing volumes of the grid elements.
Min. volume: 0.000148124, max. volume: 36.4486.

# FGMRES residual history
# Residual tolerance target = 1e-10
# Initial residual norm     = 2.17284e-07
     0     1
# FGMRES final (true) residual:
# Iteration = 4: |res|/|res0| = 1.24567e-11.

Computing volumes of the grid elements.
Non-linear iter.: 91/500. Linear iter.: 4. Min. area: 0.00014812. Error: 1.24567e-11.
Computing volumes of the grid elements.
Min. volume: 0.00014812, max. volume: 36.4481.

# FGMRES residual history
# Residual tolerance target = 1e-10
# Initial residual norm     = 2.16185e-07
     0     1
# FGMRES final (true) residual:
# Iteration = 4: |res|/|res0| = 1.25227e-11.

Computing volumes of the grid elements.
Non-linear iter.: 92/500. Linear iter.: 4. Min. area: 0.000148117. Error: 1.25227e-11.
Computing volumes of the grid elements.
Min. volume: 0.000148117, max. volume: 36.4476.

# FGMRES residual history
# Residual tolerance target = 1e-10
# Initial residual norm     = 2.1509e-07
     0     1
# FGMRES final (true) residual:
# Iteration = 4: |res|/|res0| = 1.2589e-11.

Computing volumes of the grid elements.
Non-linear iter.: 93/500. Linear iter.: 4. Min. area: 0.000148113. Error: 1.2589e-11.
Computing volumes of the grid elements.
Min. volume: 0.000148113, max. volume: 36.4471.

# FGMRES residual history
# Residual tolerance target = 1e-10
# Initial residual norm     = 2.14e-07
     0     1
# FGMRES final (true) residual:
# Iteration = 4: |res|/|res0| = 1.26558e-11.

Computing volumes of the grid elements.
Non-linear iter.: 94/500. Linear iter.: 4. Min. area: 0.000148109. Error: 1.26558e-11.
Computing volumes of the grid elements.
Min. volume: 0.000148109, max. volume: 36.4467.

# FGMRES residual history
# Residual tolerance target = 1e-10
# Initial residual norm     = 2.12914e-07
     0     1
# FGMRES final (true) residual:
# Iteration = 4: |res|/|res0| = 1.2723e-11.

Computing volumes of the grid elements.
Non-linear iter.: 95/500. Linear iter.: 4. Min. area: 0.000148106. Error: 1.2723e-11.
Computing volumes of the grid elements.
Min. volume: 0.000148106, max. volume: 36.4462.

# FGMRES residual history
# Residual tolerance target = 1e-10
# Initial residual norm     = 2.11833e-07
     0     1
# FGMRES final (true) residual:
# Iteration = 4: |res|/|res0| = 1.27906e-11.

Computing volumes of the grid elements.
Non-linear iter.: 96/500. Linear iter.: 4. Min. area: 0.000148102. Error: 1.27906e-11.
Computing volumes of the grid elements.
Min. volume: 0.000148102, max. volume: 36.4457.

# FGMRES residual history
# Residual tolerance target = 1e-10
# Initial residual norm     = 2.10756e-07
     0     1
# FGMRES final (true) residual:
# Iteration = 4: |res|/|res0| = 1.28586e-11.

Computing volumes of the grid elements.
Non-linear iter.: 97/500. Linear iter.: 4. Min. area: 0.000148098. Error: 1.28586e-11.
Computing volumes of the grid elements.
Min. volume: 0.000148098, max. volume: 36.4452.

# FGMRES residual history
# Residual tolerance target = 1e-10
# Initial residual norm     = 2.09684e-07
     0     1
# FGMRES final (true) residual:
# Iteration = 4: |res|/|res0| = 1.2927e-11.

Computing volumes of the grid elements.
Non-linear iter.: 98/500. Linear iter.: 4. Min. area: 0.000148095. Error: 1.2927e-11.
Computing volumes of the grid elements.
Min. volume: 0.000148095, max. volume: 36.4447.

# FGMRES residual history
# Residual tolerance target = 1e-10
# Initial residual norm     = 2.08616e-07
     0     1
# FGMRES final (true) residual:
# Iteration = 4: |res|/|res0| = 1.29958e-11.

Computing volumes of the grid elements.
Non-linear iter.: 99/500. Linear iter.: 4. Min. area: 0.000148091. Error: 1.29958e-11.
Computing volumes of the grid elements.
Min. volume: 0.000148091, max. volume: 36.4442.

# FGMRES residual history
# Residual tolerance target = 1e-10
# Initial residual norm     = 2.07553e-07
     0     1
# FGMRES final (true) residual:
# Iteration = 4: |res|/|res0| = 1.30651e-11.

Computing volumes of the grid elements.
Non-linear iter.: 100/500. Linear iter.: 4. Min. area: 0.000148087. Error: 1.30651e-11.
Computing volumes of the grid elements.
Min. volume: 0.000148087, max. volume: 36.4438.

# FGMRES residual history
# Residual tolerance target = 1e-10
# Initial residual norm     = 2.06494e-07
     0     1
# FGMRES final (true) residual:
# Iteration = 4: |res|/|res0| = 1.31347e-11.

Computing volumes of the grid elements.
Non-linear iter.: 101/500. Linear iter.: 4. Min. area: 0.000148084. Error: 1.31347e-11.
Computing volumes of the grid elements.
Min. volume: 0.000148084, max. volume: 36.4433.

# FGMRES residual history
# Residual tolerance target = 1e-10
# Initial residual norm     = 2.05439e-07
     0     1
# FGMRES final (true) residual:
# Iteration = 4: |res|/|res0| = 1.32048e-11.

Computing volumes of the grid elements.
Non-linear iter.: 102/500. Linear iter.: 4. Min. area: 0.00014808. Error: 1.32048e-11.
Computing volumes of the grid elements.
Min. volume: 0.00014808, max. volume: 36.4428.

# FGMRES residual history
# Residual tolerance target = 1e-10
# Initial residual norm     = 2.04389e-07
     0     1
# FGMRES final (true) residual:
# Iteration = 4: |res|/|res0| = 1.32753e-11.

Computing volumes of the grid elements.
Non-linear iter.: 103/500. Linear iter.: 4. Min. area: 0.000148076. Error: 1.32753e-11.
Computing volumes of the grid elements.
Min. volume: 0.000148076, max. volume: 36.4423.

# FGMRES residual history
# Residual tolerance target = 1e-10
# Initial residual norm     = 2.03343e-07
     0     1
# FGMRES final (true) residual:
# Iteration = 4: |res|/|res0| = 1.33463e-11.

Computing volumes of the grid elements.
Non-linear iter.: 104/500. Linear iter.: 4. Min. area: 0.000148073. Error: 1.33463e-11.
Computing volumes of the grid elements.
Min. volume: 0.000148073, max. volume: 36.4419.

# FGMRES residual history
# Residual tolerance target = 1e-10
# Initial residual norm     = 2.02302e-07
     0     1
# FGMRES final (true) residual:
# Iteration = 4: |res|/|res0| = 1.34177e-11.

Computing volumes of the grid elements.
Non-linear iter.: 105/500. Linear iter.: 4. Min. area: 0.000148069. Error: 1.34177e-11.
Computing volumes of the grid elements.
Min. volume: 0.000148069, max. volume: 36.4414.

# FGMRES residual history
# Residual tolerance target = 1e-10
# Initial residual norm     = 2.01264e-07
     0     1
# FGMRES final (true) residual:
# Iteration = 4: |res|/|res0| = 1.34895e-11.

Computing volumes of the grid elements.
Non-linear iter.: 106/500. Linear iter.: 4. Min. area: 0.000148065. Error: 1.34895e-11.
Computing volumes of the grid elements.
Min. volume: 0.000148065, max. volume: 36.4409.

# FGMRES residual history
# Residual tolerance target = 1e-10
# Initial residual norm     = 2.00231e-07
     0     1
# FGMRES final (true) residual:
# Iteration = 4: |res|/|res0| = 1.35617e-11.

Computing volumes of the grid elements.
Non-linear iter.: 107/500. Linear iter.: 4. Min. area: 0.000148062. Error: 1.35617e-11.
Computing volumes of the grid elements.
Min. volume: 0.000148062, max. volume: 36.4405.

# FGMRES residual history
# Residual tolerance target = 1e-10
# Initial residual norm     = 1.99202e-07
     0     1
# FGMRES final (true) residual:
# Iteration = 4: |res|/|res0| = 1.36343e-11.

Computing volumes of the grid elements.
Non-linear iter.: 108/500. Linear iter.: 4. Min. area: 0.000148058. Error: 1.36343e-11.
Computing volumes of the grid elements.
Min. volume: 0.000148058, max. volume: 36.44.

# FGMRES residual history
# Residual tolerance target = 1e-10
# Initial residual norm     = 1.98178e-07
     0     1
# FGMRES final (true) residual:
# Iteration = 4: |res|/|res0| = 1.37074e-11.

Computing volumes of the grid elements.
Non-linear iter.: 109/500. Linear iter.: 4. Min. area: 0.000148054. Error: 1.37074e-11.
Computing volumes of the grid elements.
Min. volume: 0.000148054, max. volume: 36.4395.

# FGMRES residual history
# Residual tolerance target = 1e-10
# Initial residual norm     = 1.97157e-07
     0     1
# FGMRES final (true) residual:
# Iteration = 4: |res|/|res0| = 1.37809e-11.

Computing volumes of the grid elements.
Non-linear iter.: 110/500. Linear iter.: 4. Min. area: 0.000148051. Error: 1.37809e-11.
Computing volumes of the grid elements.
Min. volume: 0.000148051, max. volume: 36.4391.

# FGMRES residual history
# Residual tolerance target = 1e-10
# Initial residual norm     = 1.96141e-07
     0     1
# FGMRES final (true) residual:
# Iteration = 4: |res|/|res0| = 1.38549e-11.

Computing volumes of the grid elements.
Non-linear iter.: 111/500. Linear iter.: 4. Min. area: 0.000148047. Error: 1.38549e-11.
Computing volumes of the grid elements.
Min. volume: 0.000148047, max. volume: 36.4386.

# FGMRES residual history
# Residual tolerance target = 1e-10
# Initial residual norm     = 1.95128e-07
     0     1
# FGMRES final (true) residual:
# Iteration = 4: |res|/|res0| = 1.39292e-11.

Computing volumes of the grid elements.
Non-linear iter.: 112/500. Linear iter.: 4. Min. area: 0.000148043. Error: 1.39292e-11.
Computing volumes of the grid elements.
Min. volume: 0.000148043, max. volume: 36.4382.

# FGMRES residual history
# Residual tolerance target = 1e-10
# Initial residual norm     = 1.9412e-07
     0     1
# FGMRES final (true) residual:
# Iteration = 4: |res|/|res0| = 1.40041e-11.

Computing volumes of the grid elements.
Non-linear iter.: 113/500. Linear iter.: 4. Min. area: 0.00014804. Error: 1.40041e-11.
Computing volumes of the grid elements.
Min. volume: 0.00014804, max. volume: 36.4377.

# FGMRES residual history
# Residual tolerance target = 1e-10
# Initial residual norm     = 1.93116e-07
     0     1
# FGMRES final (true) residual:
# Iteration = 4: |res|/|res0| = 1.40793e-11.

Computing volumes of the grid elements.
Non-linear iter.: 114/500. Linear iter.: 4. Min. area: 0.000148036. Error: 1.40793e-11.
Computing volumes of the grid elements.
Min. volume: 0.000148036, max. volume: 36.4373.

# FGMRES residual history
# Residual tolerance target = 1e-10
# Initial residual norm     = 1.92116e-07
     0     1
# FGMRES final (true) residual:
# Iteration = 4: |res|/|res0| = 1.4155e-11.

Computing volumes of the grid elements.
Non-linear iter.: 115/500. Linear iter.: 4. Min. area: 0.000148033. Error: 1.4155e-11.
Computing volumes of the grid elements.
Min. volume: 0.000148033, max. volume: 36.4368.

# FGMRES residual history
# Residual tolerance target = 1e-10
# Initial residual norm     = 1.9112e-07
     0     1
# FGMRES final (true) residual:
# Iteration = 4: |res|/|res0| = 1.42311e-11.

Computing volumes of the grid elements.
Non-linear iter.: 116/500. Linear iter.: 4. Min. area: 0.000148029. Error: 1.42311e-11.
Computing volumes of the grid elements.
Min. volume: 0.000148029, max. volume: 36.4364.

# FGMRES residual history
# Residual tolerance target = 1e-10
# Initial residual norm     = 1.90128e-07
     0     1
# FGMRES final (true) residual:
# Iteration = 4: |res|/|res0| = 1.43076e-11.

Computing volumes of the grid elements.
Non-linear iter.: 117/500. Linear iter.: 4. Min. area: 0.000148025. Error: 1.43076e-11.
Computing volumes of the grid elements.
Min. volume: 0.000148025, max. volume: 36.4359.

# FGMRES residual history
# Residual tolerance target = 1e-10
# Initial residual norm     = 1.8914e-07
     0     1
# FGMRES final (true) residual:
# Iteration = 4: |res|/|res0| = 1.43846e-11.

Computing volumes of the grid elements.
Non-linear iter.: 118/500. Linear iter.: 4. Min. area: 0.000148022. Error: 1.43846e-11.
Computing volumes of the grid elements.
Min. volume: 0.000148022, max. volume: 36.4355.

# FGMRES residual history
# Residual tolerance target = 1e-10
# Initial residual norm     = 1.88156e-07
     0     1
# FGMRES final (true) residual:
# Iteration = 4: |res|/|res0| = 1.4462e-11.

Computing volumes of the grid elements.
Non-linear iter.: 119/500. Linear iter.: 4. Min. area: 0.000148018. Error: 1.4462e-11.
Computing volumes of the grid elements.
Min. volume: 0.000148018, max. volume: 36.435.

# FGMRES residual history
# Residual tolerance target = 1e-10
# Initial residual norm     = 1.87176e-07
     0     1
# FGMRES final (true) residual:
# Iteration = 4: |res|/|res0| = 1.45398e-11.

Computing volumes of the grid elements.
Non-linear iter.: 120/500. Linear iter.: 4. Min. area: 0.000148014. Error: 1.45398e-11.
Computing volumes of the grid elements.
Min. volume: 0.000148014, max. volume: 36.4346.

# FGMRES residual history
# Residual tolerance target = 1e-10
# Initial residual norm     = 1.862e-07
     0     1
# FGMRES final (true) residual:
# Iteration = 4: |res|/|res0| = 1.46181e-11.

Computing volumes of the grid elements.
Non-linear iter.: 121/500. Linear iter.: 4. Min. area: 0.000148011. Error: 1.46181e-11.
Computing volumes of the grid elements.
Min. volume: 0.000148011, max. volume: 36.4342.

# FGMRES residual history
# Residual tolerance target = 1e-10
# Initial residual norm     = 1.85228e-07
     0     1
# FGMRES final (true) residual:
# Iteration = 4: |res|/|res0| = 1.46968e-11.

Computing volumes of the grid elements.
Non-linear iter.: 122/500. Linear iter.: 4. Min. area: 0.000148007. Error: 1.46968e-11.
Computing volumes of the grid elements.
Min. volume: 0.000148007, max. volume: 36.4337.

# FGMRES residual history
# Residual tolerance target = 1e-10
# Initial residual norm     = 1.84259e-07
     0     1
# FGMRES final (true) residual:
# Iteration = 4: |res|/|res0| = 1.47759e-11.

Computing volumes of the grid elements.
Non-linear iter.: 123/500. Linear iter.: 4. Min. area: 0.000148003. Error: 1.47759e-11.
Computing volumes of the grid elements.
Min. volume: 0.000148003, max. volume: 36.4333.

# FGMRES residual history
# Residual tolerance target = 1e-10
# Initial residual norm     = 1.83295e-07
     0     1
# FGMRES final (true) residual:
# Iteration = 4: |res|/|res0| = 1.48554e-11.

Computing volumes of the grid elements.
Non-linear iter.: 124/500. Linear iter.: 4. Min. area: 0.000148. Error: 1.48554e-11.
Computing volumes of the grid elements.
Min. volume: 0.000148, max. volume: 36.4329.

# FGMRES residual history
# Residual tolerance target = 1e-10
# Initial residual norm     = 1.82334e-07
     0     1
# FGMRES final (true) residual:
# Iteration = 4: |res|/|res0| = 1.49354e-11.

Computing volumes of the grid elements.
Non-linear iter.: 125/500. Linear iter.: 4. Min. area: 0.000147996. Error: 1.49354e-11.
Computing volumes of the grid elements.
Min. volume: 0.000147996, max. volume: 36.4324.

# FGMRES residual history
# Residual tolerance target = 1e-10
# Initial residual norm     = 1.81377e-07
     0     1
# FGMRES final (true) residual:
# Iteration = 4: |res|/|res0| = 1.50158e-11.

Computing volumes of the grid elements.
Non-linear iter.: 126/500. Linear iter.: 4. Min. area: 0.000147992. Error: 1.50158e-11.
Computing volumes of the grid elements.
Min. volume: 0.000147992, max. volume: 36.432.

# FGMRES residual history
# Residual tolerance target = 1e-10
# Initial residual norm     = 1.80424e-07
     0     1
# FGMRES final (true) residual:
# Iteration = 4: |res|/|res0| = 1.50966e-11.

Computing volumes of the grid elements.
Non-linear iter.: 127/500. Linear iter.: 4. Min. area: 0.000147989. Error: 1.50966e-11.
Computing volumes of the grid elements.
Min. volume: 0.000147989, max. volume: 36.4316.

# FGMRES residual history
# Residual tolerance target = 1e-10
# Initial residual norm     = 1.79474e-07
     0     1
# FGMRES final (true) residual:
# Iteration = 4: |res|/|res0| = 1.51778e-11.

Computing volumes of the grid elements.
Non-linear iter.: 128/500. Linear iter.: 4. Min. area: 0.000147985. Error: 1.51778e-11.
Computing volumes of the grid elements.
Min. volume: 0.000147985, max. volume: 36.4312.

# FGMRES residual history
# Residual tolerance target = 1e-10
# Initial residual norm     = 1.78529e-07
     0     1
# FGMRES final (true) residual:
# Iteration = 4: |res|/|res0| = 1.52594e-11.

Computing volumes of the grid elements.
Non-linear iter.: 129/500. Linear iter.: 4. Min. area: 0.000147982. Error: 1.52594e-11.
Computing volumes of the grid elements.
Min. volume: 0.000147982, max. volume: 36.4308.

# FGMRES residual history
# Residual tolerance target = 1e-10
# Initial residual norm     = 1.77587e-07
     0     1
# FGMRES final (true) residual:
# Iteration = 4: |res|/|res0| = 1.53414e-11.

Computing volumes of the grid elements.
Non-linear iter.: 130/500. Linear iter.: 4. Min. area: 0.000147978. Error: 1.53414e-11.
Computing volumes of the grid elements.
Min. volume: 0.000147978, max. volume: 36.4303.

# FGMRES residual history
# Residual tolerance target = 1e-10
# Initial residual norm     = 1.76649e-07
     0     1
# FGMRES final (true) residual:
# Iteration = 4: |res|/|res0| = 1.54239e-11.

Computing volumes of the grid elements.
Non-linear iter.: 131/500. Linear iter.: 4. Min. area: 0.000147974. Error: 1.54239e-11.
Computing volumes of the grid elements.
Min. volume: 0.000147974, max. volume: 36.4299.

# FGMRES residual history
# Residual tolerance target = 1e-10
# Initial residual norm     = 1.75714e-07
     0     1
# FGMRES final (true) residual:
# Iteration = 4: |res|/|res0| = 1.55067e-11.

Computing volumes of the grid elements.
Non-linear iter.: 132/500. Linear iter.: 4. Min. area: 0.000147971. Error: 1.55067e-11.
Computing volumes of the grid elements.
Min. volume: 0.000147971, max. volume: 36.4295.

# FGMRES residual history
# Residual tolerance target = 1e-10
# Initial residual norm     = 1.74783e-07
     0     1
# FGMRES final (true) residual:
# Iteration = 4: |res|/|res0| = 1.55899e-11.

Computing volumes of the grid elements.
Non-linear iter.: 133/500. Linear iter.: 4. Min. area: 0.000147967. Error: 1.55899e-11.
Computing volumes of the grid elements.
Min. volume: 0.000147967, max. volume: 36.4291.

# FGMRES residual history
# Residual tolerance target = 1e-10
# Initial residual norm     = 1.73856e-07
     0     1
# FGMRES final (true) residual:
# Iteration = 4: |res|/|res0| = 1.56735e-11.

Computing volumes of the grid elements.
Non-linear iter.: 134/500. Linear iter.: 4. Min. area: 0.000147963. Error: 1.56735e-11.
Computing volumes of the grid elements.
Min. volume: 0.000147963, max. volume: 36.4287.

# FGMRES residual history
# Residual tolerance target = 1e-10
# Initial residual norm     = 1.72932e-07
     0     1
# FGMRES final (true) residual:
# Iteration = 4: |res|/|res0| = 1.57575e-11.

Computing volumes of the grid elements.
Non-linear iter.: 135/500. Linear iter.: 4. Min. area: 0.00014796. Error: 1.57575e-11.
Computing volumes of the grid elements.
Min. volume: 0.00014796, max. volume: 36.4283.

# FGMRES residual history
# Residual tolerance target = 1e-10
# Initial residual norm     = 1.72012e-07
     0     1
# FGMRES final (true) residual:
# Iteration = 4: |res|/|res0| = 1.58419e-11.

Computing volumes of the grid elements.
Non-linear iter.: 136/500. Linear iter.: 4. Min. area: 0.000147956. Error: 1.58419e-11.
Computing volumes of the grid elements.
Min. volume: 0.000147956, max. volume: 36.4279.

# FGMRES residual history
# Residual tolerance target = 1e-10
# Initial residual norm     = 1.71096e-07
     0     1
# FGMRES final (true) residual:
# Iteration = 4: |res|/|res0| = 1.59266e-11.

Computing volumes of the grid elements.
Non-linear iter.: 137/500. Linear iter.: 4. Min. area: 0.000147952. Error: 1.59266e-11.
Computing volumes of the grid elements.
Min. volume: 0.000147952, max. volume: 36.4275.

# FGMRES residual history
# Residual tolerance target = 1e-10
# Initial residual norm     = 1.70183e-07
     0     1
# FGMRES final (true) residual:
# Iteration = 4: |res|/|res0| = 1.60117e-11.

Computing volumes of the grid elements.
Non-linear iter.: 138/500. Linear iter.: 4. Min. area: 0.000147949. Error: 1.60117e-11.
Computing volumes of the grid elements.
Min. volume: 0.000147949, max. volume: 36.4271.

# FGMRES residual history
# Residual tolerance target = 1e-10
# Initial residual norm     = 1.69274e-07
     0     1
# FGMRES final (true) residual:
# Iteration = 4: |res|/|res0| = 1.60971e-11.

Computing volumes of the grid elements.
Non-linear iter.: 139/500. Linear iter.: 4. Min. area: 0.000147945. Error: 1.60971e-11.
Computing volumes of the grid elements.
Min. volume: 0.000147945, max. volume: 36.4267.

# FGMRES residual history
# Residual tolerance target = 1e-10
# Initial residual norm     = 1.68368e-07
     0     1
# FGMRES final (true) residual:
# Iteration = 4: |res|/|res0| = 1.61829e-11.

Computing volumes of the grid elements.
Non-linear iter.: 140/500. Linear iter.: 4. Min. area: 0.000147942. Error: 1.61829e-11.
Computing volumes of the grid elements.
Min. volume: 0.000147942, max. volume: 36.4263.

# FGMRES residual history
# Residual tolerance target = 1e-10
# Initial residual norm     = 1.67466e-07
     0     1
# FGMRES final (true) residual:
# Iteration = 4: |res|/|res0| = 1.6269e-11.

Computing volumes of the grid elements.
Non-linear iter.: 141/500. Linear iter.: 4. Min. area: 0.000147938. Error: 1.6269e-11.
Computing volumes of the grid elements.
Min. volume: 0.000147938, max. volume: 36.4259.

# FGMRES residual history
# Residual tolerance target = 1e-10
# Initial residual norm     = 1.66567e-07
     0     1
# FGMRES final (true) residual:
# Iteration = 4: |res|/|res0| = 1.63554e-11.

Computing volumes of the grid elements.
Non-linear iter.: 142/500. Linear iter.: 4. Min. area: 0.000147934. Error: 1.63554e-11.
Computing volumes of the grid elements.
Min. volume: 0.000147934, max. volume: 36.4255.

# FGMRES residual history
# Residual tolerance target = 1e-10
# Initial residual norm     = 1.65672e-07
     0     1
# FGMRES final (true) residual:
# Iteration = 4: |res|/|res0| = 1.64421e-11.

Computing volumes of the grid elements.
Non-linear iter.: 143/500. Linear iter.: 4. Min. area: 0.000147931. Error: 1.64421e-11.
Computing volumes of the grid elements.
Min. volume: 0.000147931, max. volume: 36.4251.

# FGMRES residual history
# Residual tolerance target = 1e-10
# Initial residual norm     = 1.6478e-07
     0     1
# FGMRES final (true) residual:
# Iteration = 4: |res|/|res0| = 1.65292e-11.

Computing volumes of the grid elements.
Non-linear iter.: 144/500. Linear iter.: 4. Min. area: 0.000147927. Error: 1.65292e-11.
Computing volumes of the grid elements.
Min. volume: 0.000147927, max. volume: 36.4247.

# FGMRES residual history
# Residual tolerance target = 1e-10
# Initial residual norm     = 1.63891e-07
     0     1
# FGMRES final (true) residual:
# Iteration = 4: |res|/|res0| = 1.66165e-11.

Computing volumes of the grid elements.
Non-linear iter.: 145/500. Linear iter.: 4. Min. area: 0.000147923. Error: 1.66165e-11.
Computing volumes of the grid elements.
Min. volume: 0.000147923, max. volume: 36.4243.

# FGMRES residual history
# Residual tolerance target = 1e-10
# Initial residual norm     = 1.63006e-07
     0     1
# FGMRES final (true) residual:
# Iteration = 4: |res|/|res0| = 1.67041e-11.

Computing volumes of the grid elements.
Non-linear iter.: 146/500. Linear iter.: 4. Min. area: 0.00014792. Error: 1.67041e-11.
Computing volumes of the grid elements.
Min. volume: 0.00014792, max. volume: 36.4239.

# FGMRES residual history
# Residual tolerance target = 1e-10
# Initial residual norm     = 1.62125e-07
     0     1
# FGMRES final (true) residual:
# Iteration = 4: |res|/|res0| = 1.67919e-11.

Computing volumes of the grid elements.
Non-linear iter.: 147/500. Linear iter.: 4. Min. area: 0.000147916. Error: 1.67919e-11.
Computing volumes of the grid elements.
Min. volume: 0.000147916, max. volume: 36.4235.

# FGMRES residual history
# Residual tolerance target = 1e-10
# Initial residual norm     = 1.61246e-07
     0     1
# FGMRES final (true) residual:
# Iteration = 4: |res|/|res0| = 1.688e-11.

Computing volumes of the grid elements.
Non-linear iter.: 148/500. Linear iter.: 4. Min. area: 0.000147913. Error: 1.688e-11.
Computing volumes of the grid elements.
Min. volume: 0.000147913, max. volume: 36.4231.

# FGMRES residual history
# Residual tolerance target = 1e-10
# Initial residual norm     = 1.60371e-07
     0     1
# FGMRES final (true) residual:
# Iteration = 4: |res|/|res0| = 1.69683e-11.

Computing volumes of the grid elements.
Non-linear iter.: 149/500. Linear iter.: 4. Min. area: 0.000147909. Error: 1.69683e-11.
Computing volumes of the grid elements.
Min. volume: 0.000147909, max. volume: 36.4227.

# FGMRES residual history
# Residual tolerance target = 1e-10
# Initial residual norm     = 1.595e-07
     0     1
# FGMRES final (true) residual:
# Iteration = 4: |res|/|res0| = 1.70568e-11.

Computing volumes of the grid elements.
Non-linear iter.: 150/500. Linear iter.: 4. Min. area: 0.000147905. Error: 1.70568e-11.
Computing volumes of the grid elements.
Min. volume: 0.000147905, max. volume: 36.4224.

# FGMRES residual history
# Residual tolerance target = 1e-10
# Initial residual norm     = 1.58632e-07
     0     1
# FGMRES final (true) residual:
# Iteration = 4: |res|/|res0| = 1.71455e-11.

Computing volumes of the grid elements.
Non-linear iter.: 151/500. Linear iter.: 4. Min. area: 0.000147902. Error: 1.71455e-11.
Computing volumes of the grid elements.
Min. volume: 0.000147902, max. volume: 36.422.

# FGMRES residual history
# Residual tolerance target = 1e-10
# Initial residual norm     = 1.57767e-07
     0     1
# FGMRES final (true) residual:
# Iteration = 4: |res|/|res0| = 1.72344e-11.

Computing volumes of the grid elements.
Non-linear iter.: 152/500. Linear iter.: 4. Min. area: 0.000147898. Error: 1.72344e-11.
Computing volumes of the grid elements.
Min. volume: 0.000147898, max. volume: 36.4216.

# FGMRES residual history
# Residual tolerance target = 1e-10
# Initial residual norm     = 1.56905e-07
     0     1
# FGMRES final (true) residual:
# Iteration = 4: |res|/|res0| = 1.73234e-11.

Computing volumes of the grid elements.
Non-linear iter.: 153/500. Linear iter.: 4. Min. area: 0.000147894. Error: 1.73234e-11.
Computing volumes of the grid elements.
Min. volume: 0.000147894, max. volume: 36.4212.

# FGMRES residual history
# Residual tolerance target = 1e-10
# Initial residual norm     = 1.56047e-07
     0     1
# FGMRES final (true) residual:
# Iteration = 4: |res|/|res0| = 1.74125e-11.

Computing volumes of the grid elements.
Non-linear iter.: 154/500. Linear iter.: 4. Min. area: 0.000147891. Error: 1.74125e-11.
Computing volumes of the grid elements.
Min. volume: 0.000147891, max. volume: 36.4209.

# FGMRES residual history
# Residual tolerance target = 1e-10
# Initial residual norm     = 1.55192e-07
     0     1
# FGMRES final (true) residual:
# Iteration = 4: |res|/|res0| = 1.75018e-11.

Computing volumes of the grid elements.
Non-linear iter.: 155/500. Linear iter.: 4. Min. area: 0.000147887. Error: 1.75018e-11.
Computing volumes of the grid elements.
Min. volume: 0.000147887, max. volume: 36.4205.

# FGMRES residual history
# Residual tolerance target = 1e-10
# Initial residual norm     = 1.5434e-07
     0     1
# FGMRES final (true) residual:
# Iteration = 4: |res|/|res0| = 1.75911e-11.

Computing volumes of the grid elements.
Non-linear iter.: 156/500. Linear iter.: 4. Min. area: 0.000147884. Error: 1.75911e-11.
Computing volumes of the grid elements.
Min. volume: 0.000147884, max. volume: 36.4201.

# FGMRES residual history
# Residual tolerance target = 1e-10
# Initial residual norm     = 1.53491e-07
     0     1
# FGMRES final (true) residual:
# Iteration = 4: |res|/|res0| = 1.76805e-11.

Computing volumes of the grid elements.
Non-linear iter.: 157/500. Linear iter.: 4. Min. area: 0.00014788. Error: 1.76805e-11.
Computing volumes of the grid elements.
Min. volume: 0.00014788, max. volume: 36.4197.

# FGMRES residual history
# Residual tolerance target = 1e-10
# Initial residual norm     = 1.52646e-07
     0     1
# FGMRES final (true) residual:
# Iteration = 4: |res|/|res0| = 1.77698e-11.

Computing volumes of the grid elements.
Non-linear iter.: 158/500. Linear iter.: 4. Min. area: 0.000147876. Error: 1.77698e-11.
Computing volumes of the grid elements.
Min. volume: 0.000147876, max. volume: 36.4194.

# FGMRES residual history
# Residual tolerance target = 1e-10
# Initial residual norm     = 1.51804e-07
     0     1
# FGMRES final (true) residual:
# Iteration = 4: |res|/|res0| = 1.78592e-11.

Computing volumes of the grid elements.
Non-linear iter.: 159/500. Linear iter.: 4. Min. area: 0.000147873. Error: 1.78592e-11.
Computing volumes of the grid elements.
Min. volume: 0.000147873, max. volume: 36.419.

# FGMRES residual history
# Residual tolerance target = 1e-10
# Initial residual norm     = 1.50965e-07
     0     1
# FGMRES final (true) residual:
# Iteration = 4: |res|/|res0| = 1.79486e-11.

Computing volumes of the grid elements.
Non-linear iter.: 160/500. Linear iter.: 4. Min. area: 0.000147869. Error: 1.79486e-11.
Computing volumes of the grid elements.
Min. volume: 0.000147869, max. volume: 36.4186.

# FGMRES residual history
# Residual tolerance target = 1e-10
# Initial residual norm     = 1.50129e-07
     0     1
# FGMRES final (true) residual:
# Iteration = 4: |res|/|res0| = 1.80378e-11.

Computing volumes of the grid elements.
Non-linear iter.: 161/500. Linear iter.: 4. Min. area: 0.000147865. Error: 1.80378e-11.
Computing volumes of the grid elements.
Min. volume: 0.000147865, max. volume: 36.4183.

# FGMRES residual history
# Residual tolerance target = 1e-10
# Initial residual norm     = 1.49296e-07
     0     1
# FGMRES final (true) residual:
# Iteration = 4: |res|/|res0| = 1.8127e-11.

Computing volumes of the grid elements.
Non-linear iter.: 162/500. Linear iter.: 4. Min. area: 0.000147862. Error: 1.8127e-11.
Computing volumes of the grid elements.
Min. volume: 0.000147862, max. volume: 36.4179.

# FGMRES residual history
# Residual tolerance target = 1e-10
# Initial residual norm     = 1.48466e-07
     0     1
# FGMRES final (true) residual:
# Iteration = 4: |res|/|res0| = 1.8216e-11.

Computing volumes of the grid elements.
Non-linear iter.: 163/500. Linear iter.: 4. Min. area: 0.000147858. Error: 1.8216e-11.
Computing volumes of the grid elements.
Min. volume: 0.000147858, max. volume: 36.4176.

# FGMRES residual history
# Residual tolerance target = 1e-10
# Initial residual norm     = 1.4764e-07
     0     1
# FGMRES final (true) residual:
# Iteration = 4: |res|/|res0| = 1.83048e-11.

Computing volumes of the grid elements.
Non-linear iter.: 164/500. Linear iter.: 4. Min. area: 0.000147855. Error: 1.83048e-11.
Computing volumes of the grid elements.
Min. volume: 0.000147855, max. volume: 36.4172.

# FGMRES residual history
# Residual tolerance target = 1e-10
# Initial residual norm     = 1.46817e-07
     0     1
# FGMRES final (true) residual:
# Iteration = 4: |res|/|res0| = 1.83934e-11.

Computing volumes of the grid elements.
Non-linear iter.: 165/500. Linear iter.: 4. Min. area: 0.000147851. Error: 1.83934e-11.
Computing volumes of the grid elements.
Min. volume: 0.000147851, max. volume: 36.4169.

# FGMRES residual history
# Residual tolerance target = 1e-10
# Initial residual norm     = 1.45996e-07
     0     1
# FGMRES final (true) residual:
# Iteration = 4: |res|/|res0| = 1.84817e-11.

Computing volumes of the grid elements.
Non-linear iter.: 166/500. Linear iter.: 4. Min. area: 0.000147847. Error: 1.84817e-11.
Computing volumes of the grid elements.
Min. volume: 0.000147847, max. volume: 36.4165.

# FGMRES residual history
# Residual tolerance target = 1e-10
# Initial residual norm     = 1.45179e-07
     0     1
# FGMRES final (true) residual:
# Iteration = 4: |res|/|res0| = 1.85697e-11.

Computing volumes of the grid elements.
Non-linear iter.: 167/500. Linear iter.: 4. Min. area: 0.000147844. Error: 1.85697e-11.
Computing volumes of the grid elements.
Min. volume: 0.000147844, max. volume: 36.4162.

# FGMRES residual history
# Residual tolerance target = 1e-10
# Initial residual norm     = 1.44365e-07
     0     1
# FGMRES final (true) residual:
# Iteration = 4: |res|/|res0| = 1.86573e-11.

Computing volumes of the grid elements.
Non-linear iter.: 168/500. Linear iter.: 4. Min. area: 0.00014784. Error: 1.86573e-11.
Computing volumes of the grid elements.
Min. volume: 0.00014784, max. volume: 36.4158.

# FGMRES residual history
# Residual tolerance target = 1e-10
# Initial residual norm     = 1.43554e-07
     0     1
# FGMRES final (true) residual:
# Iteration = 4: |res|/|res0| = 1.87445e-11.

Computing volumes of the grid elements.
Non-linear iter.: 169/500. Linear iter.: 4. Min. area: 0.000147837. Error: 1.87445e-11.
Computing volumes of the grid elements.
Min. volume: 0.000147837, max. volume: 36.4155.

# FGMRES residual history
# Residual tolerance target = 1e-10
# Initial residual norm     = 1.42746e-07
     0     1
# FGMRES final (true) residual:
# Iteration = 4: |res|/|res0| = 1.88313e-11.

Computing volumes of the grid elements.
Non-linear iter.: 170/500. Linear iter.: 4. Min. area: 0.000147833. Error: 1.88313e-11.
Computing volumes of the grid elements.
Min. volume: 0.000147833, max. volume: 36.4151.

# FGMRES residual history
# Residual tolerance target = 1e-10
# Initial residual norm     = 1.41941e-07
     0     1
# FGMRES final (true) residual:
# Iteration = 4: |res|/|res0| = 1.89175e-11.

Computing volumes of the grid elements.
Non-linear iter.: 171/500. Linear iter.: 4. Min. area: 0.000147829. Error: 1.89175e-11.
Computing volumes of the grid elements.
Min. volume: 0.000147829, max. volume: 36.4148.

# FGMRES residual history
# Residual tolerance target = 1e-10
# Initial residual norm     = 1.41139e-07
     0     1
# FGMRES final (true) residual:
# Iteration = 4: |res|/|res0| = 1.90031e-11.

Computing volumes of the grid elements.
Non-linear iter.: 172/500. Linear iter.: 4. Min. area: 0.000147826. Error: 1.90031e-11.
Computing volumes of the grid elements.
Min. volume: 0.000147826, max. volume: 36.4144.

# FGMRES residual history
# Residual tolerance target = 1e-10
# Initial residual norm     = 1.4034e-07
     0     1
# FGMRES final (true) residual:
# Iteration = 4: |res|/|res0| = 1.90881e-11.

Computing volumes of the grid elements.
Non-linear iter.: 173/500. Linear iter.: 4. Min. area: 0.000147822. Error: 1.90881e-11.
Computing volumes of the grid elements.
Min. volume: 0.000147822, max. volume: 36.4141.

# FGMRES residual history
# Residual tolerance target = 1e-10
# Initial residual norm     = 1.39544e-07
     0     1
# FGMRES final (true) residual:
# Iteration = 4: |res|/|res0| = 1.91724e-11.

Computing volumes of the grid elements.
Non-linear iter.: 174/500. Linear iter.: 4. Min. area: 0.000147818. Error: 1.91724e-11.
Computing volumes of the grid elements.
Min. volume: 0.000147818, max. volume: 36.4137.

# FGMRES residual history
# Residual tolerance target = 1e-10
# Initial residual norm     = 1.38751e-07
     0     1
# FGMRES final (true) residual:
# Iteration = 4: |res|/|res0| = 1.92559e-11.

Computing volumes of the grid elements.
Non-linear iter.: 175/500. Linear iter.: 4. Min. area: 0.000147815. Error: 1.92559e-11.
Computing volumes of the grid elements.
Min. volume: 0.000147815, max. volume: 36.4134.

# FGMRES residual history
# Residual tolerance target = 1e-10
# Initial residual norm     = 1.37961e-07
     0     1
# FGMRES final (true) residual:
# Iteration = 4: |res|/|res0| = 1.93385e-11.

Computing volumes of the grid elements.
Non-linear iter.: 176/500. Linear iter.: 4. Min. area: 0.000147811. Error: 1.93385e-11.
Computing volumes of the grid elements.
Min. volume: 0.000147811, max. volume: 36.4131.

# FGMRES residual history
# Residual tolerance target = 1e-10
# Initial residual norm     = 1.37174e-07
     0     1
# FGMRES final (true) residual:
# Iteration = 4: |res|/|res0| = 1.94202e-11.

Computing volumes of the grid elements.
Non-linear iter.: 177/500. Linear iter.: 4. Min. area: 0.000147808. Error: 1.94202e-11.
Computing volumes of the grid elements.
Min. volume: 0.000147808, max. volume: 36.4127.

# FGMRES residual history
# Residual tolerance target = 1e-10
# Initial residual norm     = 1.3639e-07
     0     1
# FGMRES final (true) residual:
# Iteration = 4: |res|/|res0| = 1.95009e-11.

Computing volumes of the grid elements.
Non-linear iter.: 178/500. Linear iter.: 4. Min. area: 0.000147804. Error: 1.95009e-11.
Computing volumes of the grid elements.
Min. volume: 0.000147804, max. volume: 36.4124.

# FGMRES residual history
# Residual tolerance target = 1e-10
# Initial residual norm     = 1.35608e-07
     0     1
# FGMRES final (true) residual:
# Iteration = 4: |res|/|res0| = 1.95804e-11.

Computing volumes of the grid elements.
Non-linear iter.: 179/500. Linear iter.: 4. Min. area: 0.0001478. Error: 1.95804e-11.
Computing volumes of the grid elements.
Min. volume: 0.0001478, max. volume: 36.4121.

# FGMRES residual history
# Residual tolerance target = 1e-10
# Initial residual norm     = 1.3483e-07
     0     1
# FGMRES final (true) residual:
# Iteration = 4: |res|/|res0| = 1.96589e-11.

Computing volumes of the grid elements.
Non-linear iter.: 180/500. Linear iter.: 4. Min. area: 0.000147797. Error: 1.96589e-11.
Computing volumes of the grid elements.
Min. volume: 0.000147797, max. volume: 36.4118.

# FGMRES residual history
# Residual tolerance target = 1e-10
# Initial residual norm     = 1.34055e-07
     0     1
# FGMRES final (true) residual:
# Iteration = 4: |res|/|res0| = 1.9736e-11.

Computing volumes of the grid elements.
Non-linear iter.: 181/500. Linear iter.: 4. Min. area: 0.000147793. Error: 1.9736e-11.
Computing volumes of the grid elements.
Min. volume: 0.000147793, max. volume: 36.4114.

# FGMRES residual history
# Residual tolerance target = 1e-10
# Initial residual norm     = 1.33282e-07
     0     1
# FGMRES final (true) residual:
# Iteration = 4: |res|/|res0| = 1.98118e-11.

Computing volumes of the grid elements.
Non-linear iter.: 182/500. Linear iter.: 4. Min. area: 0.00014779. Error: 1.98118e-11.
Computing volumes of the grid elements.
Min. volume: 0.00014779, max. volume: 36.4111.

# FGMRES residual history
# Residual tolerance target = 1e-10
# Initial residual norm     = 1.32513e-07
     0     1
# FGMRES final (true) residual:
# Iteration = 4: |res|/|res0| = 1.98861e-11.

Computing volumes of the grid elements.
Non-linear iter.: 183/500. Linear iter.: 4. Min. area: 0.000147786. Error: 1.98861e-11.
Computing volumes of the grid elements.
Min. volume: 0.000147786, max. volume: 36.4108.

# FGMRES residual history
# Residual tolerance target = 1e-10
# Initial residual norm     = 1.31746e-07
     0     1
# FGMRES final (true) residual:
# Iteration = 4: |res|/|res0| = 1.99588e-11.

Computing volumes of the grid elements.
Non-linear iter.: 184/500. Linear iter.: 4. Min. area: 0.000147782. Error: 1.99588e-11.
Computing volumes of the grid elements.
Min. volume: 0.000147782, max. volume: 36.4105.

# FGMRES residual history
# Residual tolerance target = 1e-10
# Initial residual norm     = 1.30982e-07
     0     1
# FGMRES final (true) residual:
# Iteration = 4: |res|/|res0| = 2.00299e-11.

Computing volumes of the grid elements.
Non-linear iter.: 185/500. Linear iter.: 4. Min. area: 0.000147779. Error: 2.00299e-11.
Computing volumes of the grid elements.
Min. volume: 0.000147779, max. volume: 36.4101.

# FGMRES residual history
# Residual tolerance target = 1e-10
# Initial residual norm     = 1.30221e-07
     0     1
# FGMRES final (true) residual:
# Iteration = 4: |res|/|res0| = 2.00991e-11.

Computing volumes of the grid elements.
Non-linear iter.: 186/500. Linear iter.: 4. Min. area: 0.000147775. Error: 2.00991e-11.
Computing volumes of the grid elements.
Min. volume: 0.000147775, max. volume: 36.4098.

# FGMRES residual history
# Residual tolerance target = 1e-10
# Initial residual norm     = 1.29463e-07
     0     1
# FGMRES final (true) residual:
# Iteration = 4: |res|/|res0| = 2.01665e-11.

Computing volumes of the grid elements.
Non-linear iter.: 187/500. Linear iter.: 4. Min. area: 0.000147772. Error: 2.01665e-11.
Computing volumes of the grid elements.
Min. volume: 0.000147772, max. volume: 36.4095.

# FGMRES residual history
# Residual tolerance target = 1e-10
# Initial residual norm     = 1.28708e-07
     0     1
# FGMRES final (true) residual:
# Iteration = 4: |res|/|res0| = 2.02318e-11.

Computing volumes of the grid elements.
Non-linear iter.: 188/500. Linear iter.: 4. Min. area: 0.000147768. Error: 2.02318e-11.
Computing volumes of the grid elements.
Min. volume: 0.000147768, max. volume: 36.4092.

# FGMRES residual history
# Residual tolerance target = 1e-10
# Initial residual norm     = 1.27955e-07
     0     1
# FGMRES final (true) residual:
# Iteration = 4: |res|/|res0| = 2.0295e-11.

Computing volumes of the grid elements.
Non-linear iter.: 189/500. Linear iter.: 4. Min. area: 0.000147764. Error: 2.0295e-11.
Computing volumes of the grid elements.
Min. volume: 0.000147764, max. volume: 36.4089.

# FGMRES residual history
# Residual tolerance target = 1e-10
# Initial residual norm     = 1.27206e-07
     0     1
# FGMRES final (true) residual:
# Iteration = 4: |res|/|res0| = 2.03559e-11.

Computing volumes of the grid elements.
Non-linear iter.: 190/500. Linear iter.: 4. Min. area: 0.000147761. Error: 2.03559e-11.
Computing volumes of the grid elements.
Min. volume: 0.000147761, max. volume: 36.4086.

# FGMRES residual history
# Residual tolerance target = 1e-10
# Initial residual norm     = 1.26459e-07
     0     1
# FGMRES final (true) residual:
# Iteration = 4: |res|/|res0| = 2.04144e-11.

Computing volumes of the grid elements.
Non-linear iter.: 191/500. Linear iter.: 4. Min. area: 0.000147757. Error: 2.04144e-11.
Computing volumes of the grid elements.
Min. volume: 0.000147757, max. volume: 36.4083.

# FGMRES residual history
# Residual tolerance target = 1e-10
# Initial residual norm     = 1.25715e-07
     0     1
# FGMRES final (true) residual:
# Iteration = 4: |res|/|res0| = 2.04703e-11.

Computing volumes of the grid elements.
Non-linear iter.: 192/500. Linear iter.: 4. Min. area: 0.000147754. Error: 2.04703e-11.
Computing volumes of the grid elements.
Min. volume: 0.000147754, max. volume: 36.4079.

# FGMRES residual history
# Residual tolerance target = 1e-10
# Initial residual norm     = 1.24974e-07
     0     1
# FGMRES final (true) residual:
# Iteration = 4: |res|/|res0| = 2.05235e-11.

Computing volumes of the grid elements.
Non-linear iter.: 193/500. Linear iter.: 4. Min. area: 0.00014775. Error: 2.05235e-11.
Computing volumes of the grid elements.
Min. volume: 0.00014775, max. volume: 36.4076.

# FGMRES residual history
# Residual tolerance target = 1e-10
# Initial residual norm     = 1.24236e-07
     0     1
# FGMRES final (true) residual:
# Iteration = 4: |res|/|res0| = 2.05738e-11.

Computing volumes of the grid elements.
Non-linear iter.: 194/500. Linear iter.: 4. Min. area: 0.000147746. Error: 2.05738e-11.
Computing volumes of the grid elements.
Min. volume: 0.000147746, max. volume: 36.4073.

# FGMRES residual history
# Residual tolerance target = 1e-10
# Initial residual norm     = 1.235e-07
     0     1
# FGMRES final (true) residual:
# Iteration = 4: |res|/|res0| = 2.06211e-11.

Computing volumes of the grid elements.
Non-linear iter.: 195/500. Linear iter.: 4. Min. area: 0.000147743. Error: 2.06211e-11.
Computing volumes of the grid elements.
Min. volume: 0.000147743, max. volume: 36.407.

# FGMRES residual history
# Residual tolerance target = 1e-10
# Initial residual norm     = 1.22768e-07
     0     1
# FGMRES final (true) residual:
# Iteration = 4: |res|/|res0| = 2.06652e-11.

Computing volumes of the grid elements.
Non-linear iter.: 196/500. Linear iter.: 4. Min. area: 0.000147739. Error: 2.06652e-11.
Computing volumes of the grid elements.
Min. volume: 0.000147739, max. volume: 36.4067.

# FGMRES residual history
# Residual tolerance target = 1e-10
# Initial residual norm     = 1.22038e-07
     0     1
# FGMRES final (true) residual:
# Iteration = 4: |res|/|res0| = 2.0706e-11.

Computing volumes of the grid elements.
Non-linear iter.: 197/500. Linear iter.: 4. Min. area: 0.000147736. Error: 2.0706e-11.
Computing volumes of the grid elements.
Min. volume: 0.000147736, max. volume: 36.4064.

# FGMRES residual history
# Residual tolerance target = 1e-10
# Initial residual norm     = 1.2131e-07
     0     1
# FGMRES final (true) residual:
# Iteration = 4: |res|/|res0| = 2.07432e-11.

Computing volumes of the grid elements.
Non-linear iter.: 198/500. Linear iter.: 4. Min. area: 0.000147732. Error: 2.07432e-11.
Computing volumes of the grid elements.
Min. volume: 0.000147732, max. volume: 36.4061.

# FGMRES residual history
# Residual tolerance target = 1e-10
# Initial residual norm     = 1.20586e-07
     0     1
# FGMRES final (true) residual:
# Iteration = 4: |res|/|res0| = 2.07768e-11.

Computing volumes of the grid elements.
Non-linear iter.: 199/500. Linear iter.: 4. Min. area: 0.000147728. Error: 2.07768e-11.
Computing volumes of the grid elements.
Min. volume: 0.000147728, max. volume: 36.4058.

# FGMRES residual history
# Residual tolerance target = 1e-10
# Initial residual norm     = 1.19864e-07
     0     1
# FGMRES final (true) residual:
# Iteration = 4: |res|/|res0| = 2.08064e-11.

Computing volumes of the grid elements.
Non-linear iter.: 200/500. Linear iter.: 4. Min. area: 0.000147725. Error: 2.08064e-11.
Computing volumes of the grid elements.
Min. volume: 0.000147725, max. volume: 36.4055.

# FGMRES residual history
# Residual tolerance target = 1e-10
# Initial residual norm     = 1.19146e-07
     0     1
# FGMRES final (true) residual:
# Iteration = 4: |res|/|res0| = 2.0832e-11.

Computing volumes of the grid elements.
Non-linear iter.: 201/500. Linear iter.: 4. Min. area: 0.000147721. Error: 2.0832e-11.
Computing volumes of the grid elements.
Min. volume: 0.000147721, max. volume: 36.4053.

# FGMRES residual history
# Residual tolerance target = 1e-10
# Initial residual norm     = 1.1843e-07
     0     1
# FGMRES final (true) residual:
# Iteration = 4: |res|/|res0| = 2.08533e-11.

Computing volumes of the grid elements.
Non-linear iter.: 202/500. Linear iter.: 4. Min. area: 0.000147718. Error: 2.08533e-11.
Computing volumes of the grid elements.
Min. volume: 0.000147718, max. volume: 36.405.

# FGMRES residual history
# Residual tolerance target = 1e-10
# Initial residual norm     = 1.17716e-07
     0     1
# FGMRES final (true) residual:
# Iteration = 4: |res|/|res0| = 2.08702e-11.

Computing volumes of the grid elements.
Non-linear iter.: 203/500. Linear iter.: 4. Min. area: 0.000147714. Error: 2.08702e-11.
Computing volumes of the grid elements.
Min. volume: 0.000147714, max. volume: 36.4047.

# FGMRES residual history
# Residual tolerance target = 1e-10
# Initial residual norm     = 1.17006e-07
     0     1
# FGMRES final (true) residual:
# Iteration = 4: |res|/|res0| = 2.08825e-11.

Computing volumes of the grid elements.
Non-linear iter.: 204/500. Linear iter.: 4. Min. area: 0.00014771. Error: 2.08825e-11.
Computing volumes of the grid elements.
Min. volume: 0.00014771, max. volume: 36.4044.

# FGMRES residual history
# Residual tolerance target = 1e-10
# Initial residual norm     = 1.16298e-07
     0     1
# FGMRES final (true) residual:
# Iteration = 4: |res|/|res0| = 2.08898e-11.

Computing volumes of the grid elements.
Non-linear iter.: 205/500. Linear iter.: 4. Min. area: 0.000147707. Error: 2.08898e-11.
Computing volumes of the grid elements.
Min. volume: 0.000147707, max. volume: 36.4041.

# FGMRES residual history
# Residual tolerance target = 1e-10
# Initial residual norm     = 1.15593e-07
     0     1
# FGMRES final (true) residual:
# Iteration = 4: |res|/|res0| = 2.08921e-11.

Computing volumes of the grid elements.
Non-linear iter.: 206/500. Linear iter.: 4. Min. area: 0.000147703. Error: 2.08921e-11.
Computing volumes of the grid elements.
Min. volume: 0.000147703, max. volume: 36.4038.

# FGMRES residual history
# Residual tolerance target = 1e-10
# Initial residual norm     = 1.14891e-07
     0     1
# FGMRES final (true) residual:
# Iteration = 4: |res|/|res0| = 2.08892e-11.

Computing volumes of the grid elements.
Non-linear iter.: 207/500. Linear iter.: 4. Min. area: 0.0001477. Error: 2.08892e-11.
Computing volumes of the grid elements.
Min. volume: 0.0001477, max. volume: 36.4035.

# FGMRES residual history
# Residual tolerance target = 1e-10
# Initial residual norm     = 1.14191e-07
     0     1
# FGMRES final (true) residual:
# Iteration = 4: |res|/|res0| = 2.08807e-11.

Computing volumes of the grid elements.
Non-linear iter.: 208/500. Linear iter.: 4. Min. area: 0.000147696. Error: 2.08807e-11.
Computing volumes of the grid elements.
Min. volume: 0.000147696, max. volume: 36.4033.

# FGMRES residual history
# Residual tolerance target = 1e-10
# Initial residual norm     = 1.13494e-07
     0     1
# FGMRES final (true) residual:
# Iteration = 4: |res|/|res0| = 2.08666e-11.

Computing volumes of the grid elements.
Non-linear iter.: 209/500. Linear iter.: 4. Min. area: 0.000147692. Error: 2.08666e-11.
Computing volumes of the grid elements.
Min. volume: 0.000147692, max. volume: 36.403.

# FGMRES residual history
# Residual tolerance target = 1e-10
# Initial residual norm     = 1.128e-07
     0     1
# FGMRES final (true) residual:
# Iteration = 4: |res|/|res0| = 2.08466e-11.

Computing volumes of the grid elements.
Non-linear iter.: 210/500. Linear iter.: 4. Min. area: 0.000147689. Error: 2.08466e-11.
Computing volumes of the grid elements.
Min. volume: 0.000147689, max. volume: 36.4027.

# FGMRES residual history
# Residual tolerance target = 1e-10
# Initial residual norm     = 1.12109e-07
     0     1
# FGMRES final (true) residual:
# Iteration = 4: |res|/|res0| = 2.08204e-11.

Computing volumes of the grid elements.
Non-linear iter.: 211/500. Linear iter.: 4. Min. area: 0.000147685. Error: 2.08204e-11.
Computing volumes of the grid elements.
Min. volume: 0.000147685, max. volume: 36.4024.

# FGMRES residual history
# Residual tolerance target = 1e-10
# Initial residual norm     = 1.11421e-07
     0     1
# FGMRES final (true) residual:
# Iteration = 4: |res|/|res0| = 2.0788e-11.

Computing volumes of the grid elements.
Non-linear iter.: 212/500. Linear iter.: 4. Min. area: 0.000147682. Error: 2.0788e-11.
Computing volumes of the grid elements.
Min. volume: 0.000147682, max. volume: 36.4021.

# FGMRES residual history
# Residual tolerance target = 1e-10
# Initial residual norm     = 1.10735e-07
     0     1
# FGMRES final (true) residual:
# Iteration = 4: |res|/|res0| = 2.07489e-11.

Computing volumes of the grid elements.
Non-linear iter.: 213/500. Linear iter.: 4. Min. area: 0.000147678. Error: 2.07489e-11.
Computing volumes of the grid elements.
Min. volume: 0.000147678, max. volume: 36.4019.

# FGMRES residual history
# Residual tolerance target = 1e-10
# Initial residual norm     = 1.10052e-07
     0     1
# FGMRES final (true) residual:
# Iteration = 4: |res|/|res0| = 2.07032e-11.

Computing volumes of the grid elements.
Non-linear iter.: 214/500. Linear iter.: 4. Min. area: 0.000147674. Error: 2.07032e-11.
Computing volumes of the grid elements.
Min. volume: 0.000147674, max. volume: 36.4016.

# FGMRES residual history
# Residual tolerance target = 1e-10
# Initial residual norm     = 1.09372e-07
     0     1
# FGMRES final (true) residual:
# Iteration = 4: |res|/|res0| = 2.06505e-11.

Computing volumes of the grid elements.
Non-linear iter.: 215/500. Linear iter.: 4. Min. area: 0.000147671. Error: 2.06505e-11.
Computing volumes of the grid elements.
Min. volume: 0.000147671, max. volume: 36.4013.

# FGMRES residual history
# Residual tolerance target = 1e-10
# Initial residual norm     = 1.08694e-07
     0     1
# FGMRES final (true) residual:
# Iteration = 4: |res|/|res0| = 2.05906e-11.

Computing volumes of the grid elements.
Non-linear iter.: 216/500. Linear iter.: 4. Min. area: 0.000147667. Error: 2.05906e-11.
Computing volumes of the grid elements.
Min. volume: 0.000147667, max. volume: 36.4011.

# FGMRES residual history
# Residual tolerance target = 1e-10
# Initial residual norm     = 1.08019e-07
     0     1
# FGMRES final (true) residual:
# Iteration = 4: |res|/|res0| = 2.05233e-11.

Computing volumes of the grid elements.
Non-linear iter.: 217/500. Linear iter.: 4. Min. area: 0.000147664. Error: 2.05233e-11.
Computing volumes of the grid elements.
Min. volume: 0.000147664, max. volume: 36.4008.

# FGMRES residual history
# Residual tolerance target = 1e-10
# Initial residual norm     = 1.07347e-07
     0     1
# FGMRES final (true) residual:
# Iteration = 4: |res|/|res0| = 2.04485e-11.

Computing volumes of the grid elements.
Non-linear iter.: 218/500. Linear iter.: 4. Min. area: 0.00014766. Error: 2.04485e-11.
Computing volumes of the grid elements.
Min. volume: 0.00014766, max. volume: 36.4005.

# FGMRES residual history
# Residual tolerance target = 1e-10
# Initial residual norm     = 1.06678e-07
     0     1
# FGMRES final (true) residual:
# Iteration = 4: |res|/|res0| = 2.03659e-11.

Computing volumes of the grid elements.
Non-linear iter.: 219/500. Linear iter.: 4. Min. area: 0.000147657. Error: 2.03659e-11.
Computing volumes of the grid elements.
Min. volume: 0.000147657, max. volume: 36.4003.

# FGMRES residual history
# Residual tolerance target = 1e-10
# Initial residual norm     = 1.06012e-07
     0     1
# FGMRES final (true) residual:
# Iteration = 4: |res|/|res0| = 2.02755e-11.

Computing volumes of the grid elements.
Non-linear iter.: 220/500. Linear iter.: 4. Min. area: 0.000147653. Error: 2.02755e-11.
Computing volumes of the grid elements.
Min. volume: 0.000147653, max. volume: 36.4.

# FGMRES residual history
# Residual tolerance target = 1e-10
# Initial residual norm     = 1.05348e-07
     0     1
# FGMRES final (true) residual:
# Iteration = 4: |res|/|res0| = 2.01769e-11.

Computing volumes of the grid elements.
Non-linear iter.: 221/500. Linear iter.: 4. Min. area: 0.000147649. Error: 2.01769e-11.
Computing volumes of the grid elements.
Min. volume: 0.000147649, max. volume: 36.3997.

# FGMRES residual history
# Residual tolerance target = 1e-10
# Initial residual norm     = 1.04688e-07
     0     1
# FGMRES final (true) residual:
# Iteration = 4: |res|/|res0| = 2.00701e-11.

Computing volumes of the grid elements.
Non-linear iter.: 222/500. Linear iter.: 4. Min. area: 0.000147646. Error: 2.00701e-11.
Computing volumes of the grid elements.
Min. volume: 0.000147646, max. volume: 36.3995.

# FGMRES residual history
# Residual tolerance target = 1e-10
# Initial residual norm     = 1.0403e-07
     0     1
# FGMRES final (true) residual:
# Iteration = 4: |res|/|res0| = 1.99548e-11.

Computing volumes of the grid elements.
Non-linear iter.: 223/500. Linear iter.: 4. Min. area: 0.000147642. Error: 1.99548e-11.
Computing volumes of the grid elements.
Min. volume: 0.000147642, max. volume: 36.3992.

# FGMRES residual history
# Residual tolerance target = 1e-10
# Initial residual norm     = 1.03374e-07
     0     1
# FGMRES final (true) residual:
# Iteration = 4: |res|/|res0| = 1.98311e-11.

Computing volumes of the grid elements.
Non-linear iter.: 224/500. Linear iter.: 4. Min. area: 0.000147639. Error: 1.98311e-11.
Computing volumes of the grid elements.
Min. volume: 0.000147639, max. volume: 36.399.

# FGMRES residual history
# Residual tolerance target = 1e-10
# Initial residual norm     = 1.02722e-07
     0     1
# FGMRES final (true) residual:
# Iteration = 4: |res|/|res0| = 1.96986e-11.

Computing volumes of the grid elements.
Non-linear iter.: 225/500. Linear iter.: 4. Min. area: 0.000147635. Error: 1.96986e-11.
Computing volumes of the grid elements.
Min. volume: 0.000147635, max. volume: 36.3987.

# FGMRES residual history
# Residual tolerance target = 1e-10
# Initial residual norm     = 1.02072e-07
     0     1
# FGMRES final (true) residual:
# Iteration = 4: |res|/|res0| = 1.95574e-11.

Computing volumes of the grid elements.
Non-linear iter.: 226/500. Linear iter.: 4. Min. area: 0.000147631. Error: 1.95574e-11.
Computing volumes of the grid elements.
Min. volume: 0.000147631, max. volume: 36.3985.

# FGMRES residual history
# Residual tolerance target = 1e-10
# Initial residual norm     = 1.01426e-07
     0     1
# FGMRES final (true) residual:
# Iteration = 4: |res|/|res0| = 1.94073e-11.

Computing volumes of the grid elements.
Non-linear iter.: 227/500. Linear iter.: 4. Min. area: 0.000147628. Error: 1.94073e-11.
Computing volumes of the grid elements.
Min. volume: 0.000147628, max. volume: 36.3982.

# FGMRES residual history
# Residual tolerance target = 1e-10
# Initial residual norm     = 1.00782e-07
     0     1
# FGMRES final (true) residual:
# Iteration = 4: |res|/|res0| = 1.92483e-11.

Computing volumes of the grid elements.
Non-linear iter.: 228/500. Linear iter.: 4. Min. area: 0.000147624. Error: 1.92483e-11.
Computing volumes of the grid elements.
Min. volume: 0.000147624, max. volume: 36.398.

# FGMRES residual history
# Residual tolerance target = 1e-10
# Initial residual norm     = 1.00141e-07
     0     1
# FGMRES final (true) residual:
# Iteration = 4: |res|/|res0| = 1.90802e-11.

Computing volumes of the grid elements.
Non-linear iter.: 229/500. Linear iter.: 4. Min. area: 0.000147621. Error: 1.90802e-11.
Computing volumes of the grid elements.
Min. volume: 0.000147621, max. volume: 36.3977.

# FGMRES residual history
# Residual tolerance target = 1e-10
# Initial residual norm     = 9.95025e-08
     0     1
# FGMRES final (true) residual:
# Iteration = 4: |res|/|res0| = 1.89031e-11.

Computing volumes of the grid elements.
Non-linear iter.: 230/500. Linear iter.: 4. Min. area: 0.000147617. Error: 1.89031e-11.
Computing volumes of the grid elements.
Min. volume: 0.000147617, max. volume: 36.3975.

# FGMRES residual history
# Residual tolerance target = 1e-10
# Initial residual norm     = 9.88672e-08
     0     1
# FGMRES final (true) residual:
# Iteration = 4: |res|/|res0| = 1.87169e-11.

Computing volumes of the grid elements.
Non-linear iter.: 231/500. Linear iter.: 4. Min. area: 0.000147614. Error: 1.87169e-11.
Computing volumes of the grid elements.
Min. volume: 0.000147614, max. volume: 36.3972.

# FGMRES residual history
# Residual tolerance target = 1e-10
# Initial residual norm     = 9.82347e-08
     0     1
# FGMRES final (true) residual:
# Iteration = 4: |res|/|res0| = 1.85217e-11.

Computing volumes of the grid elements.
Non-linear iter.: 232/500. Linear iter.: 4. Min. area: 0.00014761. Error: 1.85217e-11.
Computing volumes of the grid elements.
Min. volume: 0.00014761, max. volume: 36.397.

# FGMRES residual history
# Residual tolerance target = 1e-10
# Initial residual norm     = 9.76052e-08
     0     1
# FGMRES final (true) residual:
# Iteration = 4: |res|/|res0| = 1.83174e-11.

Computing volumes of the grid elements.
Non-linear iter.: 233/500. Linear iter.: 4. Min. area: 0.000147606. Error: 1.83174e-11.
Computing volumes of the grid elements.
Min. volume: 0.000147606, max. volume: 36.3968.

# FGMRES residual history
# Residual tolerance target = 1e-10
# Initial residual norm     = 9.69786e-08
     0     1
# FGMRES final (true) residual:
# Iteration = 4: |res|/|res0| = 1.81041e-11.

Computing volumes of the grid elements.
Non-linear iter.: 234/500. Linear iter.: 4. Min. area: 0.000147603. Error: 1.81041e-11.
Computing volumes of the grid elements.
Min. volume: 0.000147603, max. volume: 36.3965.

# FGMRES residual history
# Residual tolerance target = 1e-10
# Initial residual norm     = 9.63549e-08
     0     1
# FGMRES final (true) residual:
# Iteration = 4: |res|/|res0| = 1.78819e-11.

Computing volumes of the grid elements.
Non-linear iter.: 235/500. Linear iter.: 4. Min. area: 0.000147599. Error: 1.78819e-11.
Computing volumes of the grid elements.
Min. volume: 0.000147599, max. volume: 36.3963.

# FGMRES residual history
# Residual tolerance target = 1e-10
# Initial residual norm     = 9.57341e-08
     0     1
# FGMRES final (true) residual:
# Iteration = 4: |res|/|res0| = 1.76508e-11.

Computing volumes of the grid elements.
Non-linear iter.: 236/500. Linear iter.: 4. Min. area: 0.000147596. Error: 1.76508e-11.
Computing volumes of the grid elements.
Min. volume: 0.000147596, max. volume: 36.396.

# FGMRES residual history
# Residual tolerance target = 1e-10
# Initial residual norm     = 9.51164e-08
     0     1
# FGMRES final (true) residual:
# Iteration = 4: |res|/|res0| = 1.74109e-11.

Computing volumes of the grid elements.
Non-linear iter.: 237/500. Linear iter.: 4. Min. area: 0.000147592. Error: 1.74109e-11.
Computing volumes of the grid elements.
Min. volume: 0.000147592, max. volume: 36.3958.

# FGMRES residual history
# Residual tolerance target = 1e-10
# Initial residual norm     = 9.45015e-08
     0     1
# FGMRES final (true) residual:
# Iteration = 4: |res|/|res0| = 1.71625e-11.

Computing volumes of the grid elements.
Non-linear iter.: 238/500. Linear iter.: 4. Min. area: 0.000147589. Error: 1.71625e-11.
Computing volumes of the grid elements.
Min. volume: 0.000147589, max. volume: 36.3956.

# FGMRES residual history
# Residual tolerance target = 1e-10
# Initial residual norm     = 9.38897e-08
     0     1
# FGMRES final (true) residual:
# Iteration = 4: |res|/|res0| = 1.69055e-11.

Computing volumes of the grid elements.
Non-linear iter.: 239/500. Linear iter.: 4. Min. area: 0.000147585. Error: 1.69055e-11.
Computing volumes of the grid elements.
Min. volume: 0.000147585, max. volume: 36.3953.

# FGMRES residual history
# Residual tolerance target = 1e-10
# Initial residual norm     = 9.32809e-08
     0     1
# FGMRES final (true) residual:
# Iteration = 4: |res|/|res0| = 1.66404e-11.

Computing volumes of the grid elements.
Non-linear iter.: 240/500. Linear iter.: 4. Min. area: 0.000147581. Error: 1.66404e-11.
Computing volumes of the grid elements.
Min. volume: 0.000147581, max. volume: 36.3951.

# FGMRES residual history
# Residual tolerance target = 1e-10
# Initial residual norm     = 9.26751e-08
     0     1
# FGMRES final (true) residual:
# Iteration = 4: |res|/|res0| = 1.63671e-11.

Computing volumes of the grid elements.
Non-linear iter.: 241/500. Linear iter.: 4. Min. area: 0.000147578. Error: 1.63671e-11.
Computing volumes of the grid elements.
Min. volume: 0.000147578, max. volume: 36.3949.

# FGMRES residual history
# Residual tolerance target = 1e-10
# Initial residual norm     = 9.20724e-08
     0     1
# FGMRES final (true) residual:
# Iteration = 4: |res|/|res0| = 1.60861e-11.

Computing volumes of the grid elements.
Non-linear iter.: 242/500. Linear iter.: 4. Min. area: 0.000147574. Error: 1.60861e-11.
Computing volumes of the grid elements.
Min. volume: 0.000147574, max. volume: 36.3947.

# FGMRES residual history
# Residual tolerance target = 1e-10
# Initial residual norm     = 9.14728e-08
     0     1
# FGMRES final (true) residual:
# Iteration = 4: |res|/|res0| = 1.57974e-11.

Computing volumes of the grid elements.
Non-linear iter.: 243/500. Linear iter.: 4. Min. area: 0.000147571. Error: 1.57974e-11.
Computing volumes of the grid elements.
Min. volume: 0.000147571, max. volume: 36.3944.

# FGMRES residual history
# Residual tolerance target = 1e-10
# Initial residual norm     = 9.08762e-08
     0     1
# FGMRES final (true) residual:
# Iteration = 4: |res|/|res0| = 1.55015e-11.

Computing volumes of the grid elements.
Non-linear iter.: 244/500. Linear iter.: 4. Min. area: 0.000147567. Error: 1.55015e-11.
Computing volumes of the grid elements.
Min. volume: 0.000147567, max. volume: 36.3942.

# FGMRES residual history
# Residual tolerance target = 1e-10
# Initial residual norm     = 9.02828e-08
     0     1
# FGMRES final (true) residual:
# Iteration = 4: |res|/|res0| = 1.51985e-11.

Computing volumes of the grid elements.
Non-linear iter.: 245/500. Linear iter.: 4. Min. area: 0.000147564. Error: 1.51985e-11.
Computing volumes of the grid elements.
Min. volume: 0.000147564, max. volume: 36.394.

# FGMRES residual history
# Residual tolerance target = 1e-10
# Initial residual norm     = 8.96925e-08
     0     1
# FGMRES final (true) residual:
# Iteration = 4: |res|/|res0| = 1.48889e-11.

Computing volumes of the grid elements.
Non-linear iter.: 246/500. Linear iter.: 4. Min. area: 0.00014756. Error: 1.48889e-11.
Computing volumes of the grid elements.
Min. volume: 0.00014756, max. volume: 36.3938.

# FGMRES residual history
# Residual tolerance target = 1e-10
# Initial residual norm     = 8.91054e-08
     0     1
# FGMRES final (true) residual:
# Iteration = 4: |res|/|res0| = 1.45729e-11.

Computing volumes of the grid elements.
Non-linear iter.: 247/500. Linear iter.: 4. Min. area: 0.000147556. Error: 1.45729e-11.
Computing volumes of the grid elements.
Min. volume: 0.000147556, max. volume: 36.3935.

# FGMRES residual history
# Residual tolerance target = 1e-10
# Initial residual norm     = 8.85215e-08
     0     1
# FGMRES final (true) residual:
# Iteration = 4: |res|/|res0| = 1.42509e-11.

Computing volumes of the grid elements.
Non-linear iter.: 248/500. Linear iter.: 4. Min. area: 0.000147553. Error: 1.42509e-11.
Computing volumes of the grid elements.
Min. volume: 0.000147553, max. volume: 36.3933.

# FGMRES residual history
# Residual tolerance target = 1e-10
# Initial residual norm     = 8.79408e-08
     0     1
# FGMRES final (true) residual:
# Iteration = 4: |res|/|res0| = 1.39234e-11.

Computing volumes of the grid elements.
Non-linear iter.: 249/500. Linear iter.: 4. Min. area: 0.000147549. Error: 1.39234e-11.
Computing volumes of the grid elements.
Min. volume: 0.000147549, max. volume: 36.3931.

# FGMRES residual history
# Residual tolerance target = 1e-10
# Initial residual norm     = 8.73633e-08
     0     1
# FGMRES final (true) residual:
# Iteration = 4: |res|/|res0| = 1.35907e-11.

Computing volumes of the grid elements.
Non-linear iter.: 250/500. Linear iter.: 4. Min. area: 0.000147546. Error: 1.35907e-11.
Computing volumes of the grid elements.
Min. volume: 0.000147546, max. volume: 36.3929.

# FGMRES residual history
# Residual tolerance target = 1e-10
# Initial residual norm     = 8.67891e-08
     0     1
# FGMRES final (true) residual:
# Iteration = 4: |res|/|res0| = 1.32533e-11.

Computing volumes of the grid elements.
Non-linear iter.: 251/500. Linear iter.: 4. Min. area: 0.000147542. Error: 1.32533e-11.
Computing volumes of the grid elements.
Min. volume: 0.000147542, max. volume: 36.3927.

# FGMRES residual history
# Residual tolerance target = 1e-10
# Initial residual norm     = 8.62183e-08
     0     1
# FGMRES final (true) residual:
# Iteration = 4: |res|/|res0| = 1.29115e-11.

Computing volumes of the grid elements.
Non-linear iter.: 252/500. Linear iter.: 4. Min. area: 0.000147539. Error: 1.29115e-11.
Computing volumes of the grid elements.
Min. volume: 0.000147539, max. volume: 36.3925.

# FGMRES residual history
# Residual tolerance target = 1e-10
# Initial residual norm     = 8.56508e-08
     0     1
# FGMRES final (true) residual:
# Iteration = 4: |res|/|res0| = 1.2566e-11.

Computing volumes of the grid elements.
Non-linear iter.: 253/500. Linear iter.: 4. Min. area: 0.000147535. Error: 1.2566e-11.
Computing volumes of the grid elements.
Min. volume: 0.000147535, max. volume: 36.3923.

# FGMRES residual history
# Residual tolerance target = 1e-10
# Initial residual norm     = 8.50866e-08
     0     1
# FGMRES final (true) residual:
# Iteration = 4: |res|/|res0| = 1.22171e-11.

Computing volumes of the grid elements.
Non-linear iter.: 254/500. Linear iter.: 4. Min. area: 0.000147531. Error: 1.22171e-11.
Computing volumes of the grid elements.
Min. volume: 0.000147531, max. volume: 36.3921.

# FGMRES residual history
# Residual tolerance target = 1e-10
# Initial residual norm     = 8.45259e-08
     0     1
# FGMRES final (true) residual:
# Iteration = 4: |res|/|res0| = 1.18655e-11.

Computing volumes of the grid elements.
Non-linear iter.: 255/500. Linear iter.: 4. Min. area: 0.000147528. Error: 1.18655e-11.
Computing volumes of the grid elements.
Min. volume: 0.000147528, max. volume: 36.3919.

# FGMRES residual history
# Residual tolerance target = 1e-10
# Initial residual norm     = 8.39686e-08
     0     1
# FGMRES final (true) residual:
# Iteration = 4: |res|/|res0| = 1.15115e-11.

Computing volumes of the grid elements.
Non-linear iter.: 256/500. Linear iter.: 4. Min. area: 0.000147524. Error: 1.15115e-11.
Computing volumes of the grid elements.
Min. volume: 0.000147524, max. volume: 36.3917.

# FGMRES residual history
# Residual tolerance target = 1e-10
# Initial residual norm     = 8.34148e-08
     0     1
# FGMRES final (true) residual:
# Iteration = 4: |res|/|res0| = 1.1156e-11.

Computing volumes of the grid elements.
Non-linear iter.: 257/500. Linear iter.: 4. Min. area: 0.000147521. Error: 1.1156e-11.
Computing volumes of the grid elements.
Min. volume: 0.000147521, max. volume: 36.3914.

# FGMRES residual history
# Residual tolerance target = 1e-10
# Initial residual norm     = 8.28645e-08
     0     1
# FGMRES final (true) residual:
# Iteration = 4: |res|/|res0| = 1.07993e-11.

Computing volumes of the grid elements.
Non-linear iter.: 258/500. Linear iter.: 4. Min. area: 0.000147517. Error: 1.07993e-11.
Computing volumes of the grid elements.
Min. volume: 0.000147517, max. volume: 36.3912.

# FGMRES residual history
# Residual tolerance target = 1e-10
# Initial residual norm     = 8.23178e-08
     0     1
# FGMRES final (true) residual:
# Iteration = 4: |res|/|res0| = 1.04423e-11.

Computing volumes of the grid elements.
Non-linear iter.: 259/500. Linear iter.: 4. Min. area: 0.000147514. Error: 1.04423e-11.
Computing volumes of the grid elements.
Min. volume: 0.000147514, max. volume: 36.391.

# FGMRES residual history
# Residual tolerance target = 1e-10
# Initial residual norm     = 8.17747e-08
     0     1
# FGMRES final (true) residual:
# Iteration = 4: |res|/|res0| = 1.00855e-11.

Computing volumes of the grid elements.
Non-linear iter.: 260/500. Linear iter.: 4. Min. area: 0.00014751. Error: 1.00855e-11.
Computing volumes of the grid elements.
Min. volume: 0.00014751, max. volume: 36.3908.

# FGMRES residual history
# Residual tolerance target = 1e-10
# Initial residual norm     = 8.12352e-08
     0     1
# FGMRES final (true) residual:
# Iteration = 4: |res|/|res0| = 9.72973e-12.

Computing volumes of the grid elements.
Non-linear iter.: 261/500. Linear iter.: 4. Min. area: 0.000147506. Error: 9.72973e-12.
Computing volumes of the grid elements.
Min. volume: 0.000147506, max. volume: 36.3907.

# FGMRES residual history
# Residual tolerance target = 1e-10
# Initial residual norm     = 8.06993e-08
     0     1
# FGMRES final (true) residual:
# Iteration = 4: |res|/|res0| = 9.37573e-12.

Computing volumes of the grid elements.
Non-linear iter.: 262/500. Linear iter.: 4. Min. area: 0.000147503. Error: 9.37573e-12.
Computing volumes of the grid elements.
Min. volume: 0.000147503, max. volume: 36.3905.

# FGMRES residual history
# Residual tolerance target = 1e-10
# Initial residual norm     = 8.01672e-08
     0     1
# FGMRES final (true) residual:
# Iteration = 4: |res|/|res0| = 9.02436e-12.

Computing volumes of the grid elements.
Non-linear iter.: 263/500. Linear iter.: 4. Min. area: 0.000147499. Error: 9.02436e-12.
Computing volumes of the grid elements.
Min. volume: 0.000147499, max. volume: 36.3903.

# FGMRES residual history
# Residual tolerance target = 1e-10
# Initial residual norm     = 7.96389e-08
     0     1
# FGMRES final (true) residual:
# Iteration = 4: |res|/|res0| = 8.67651e-12.

Computing volumes of the grid elements.
Non-linear iter.: 264/500. Linear iter.: 4. Min. area: 0.000147496. Error: 8.67651e-12.
Computing volumes of the grid elements.
Min. volume: 0.000147496, max. volume: 36.3901.

# FGMRES residual history
# Residual tolerance target = 1e-10
# Initial residual norm     = 7.91144e-08
     0     1
# FGMRES final (true) residual:
# Iteration = 4: |res|/|res0| = 8.3332e-12.

Computing volumes of the grid elements.
Non-linear iter.: 265/500. Linear iter.: 4. Min. area: 0.000147492. Error: 8.3332e-12.
Computing volumes of the grid elements.
Min. volume: 0.000147492, max. volume: 36.3899.

# FGMRES residual history
# Residual tolerance target = 1e-10
# Initial residual norm     = 7.85937e-08
     0     1
# FGMRES final (true) residual:
# Iteration = 4: |res|/|res0| = 7.99552e-12.

Computing volumes of the grid elements.
Non-linear iter.: 266/500. Linear iter.: 4. Min. area: 0.000147489. Error: 7.99552e-12.
Computing volumes of the grid elements.
Min. volume: 0.000147489, max. volume: 36.3897.

# FGMRES residual history
# Residual tolerance target = 1e-10
# Initial residual norm     = 7.8077e-08
     0     1
# FGMRES final (true) residual:
# Iteration = 4: |res|/|res0| = 7.66465e-12.

Computing volumes of the grid elements.
Non-linear iter.: 267/500. Linear iter.: 4. Min. area: 0.000147485. Error: 7.66465e-12.
Computing volumes of the grid elements.
Min. volume: 0.000147485, max. volume: 36.3895.

# FGMRES residual history
# Residual tolerance target = 1e-10
# Initial residual norm     = 7.75642e-08
     0     1
# FGMRES final (true) residual:
# Iteration = 4: |res|/|res0| = 7.34194e-12.

Computing volumes of the grid elements.
Non-linear iter.: 268/500. Linear iter.: 4. Min. area: 0.000147482. Error: 7.34194e-12.
Computing volumes of the grid elements.
Min. volume: 0.000147482, max. volume: 36.3893.

# FGMRES residual history
# Residual tolerance target = 1e-10
# Initial residual norm     = 7.70555e-08
     0     1
# FGMRES final (true) residual:
# Iteration = 4: |res|/|res0| = 7.02886e-12.

Computing volumes of the grid elements.
Non-linear iter.: 269/500. Linear iter.: 4. Min. area: 0.000147478. Error: 7.02886e-12.
Computing volumes of the grid elements.
Min. volume: 0.000147478, max. volume: 36.3891.

# FGMRES residual history
# Residual tolerance target = 1e-10
# Initial residual norm     = 7.65508e-08
     0     1
# FGMRES final (true) residual:
# Iteration = 4: |res|/|res0| = 6.72705e-12.

Computing volumes of the grid elements.
Non-linear iter.: 270/500. Linear iter.: 4. Min. area: 0.000147474. Error: 6.72705e-12.
Computing volumes of the grid elements.
Min. volume: 0.000147474, max. volume: 36.3889.

# FGMRES residual history
# Residual tolerance target = 1e-10
# Initial residual norm     = 7.60502e-08
     0     1
# FGMRES final (true) residual:
# Iteration = 4: |res|/|res0| = 6.43833e-12.

Computing volumes of the grid elements.
Non-linear iter.: 271/500. Linear iter.: 4. Min. area: 0.000147471. Error: 6.43833e-12.
Computing volumes of the grid elements.
Min. volume: 0.000147471, max. volume: 36.3888.

# FGMRES residual history
# Residual tolerance target = 1e-10
# Initial residual norm     = 7.55538e-08
     0     1
# FGMRES final (true) residual:
# Iteration = 4: |res|/|res0| = 6.16469e-12.

Computing volumes of the grid elements.
Non-linear iter.: 272/500. Linear iter.: 4. Min. area: 0.000147467. Error: 6.16469e-12.
Computing volumes of the grid elements.
Min. volume: 0.000147467, max. volume: 36.3886.

# FGMRES residual history
# Residual tolerance target = 1e-10
# Initial residual norm     = 7.50617e-08
     0     1
# FGMRES final (true) residual:
# Iteration = 4: |res|/|res0| = 5.90835e-12.

Computing volumes of the grid elements.
Non-linear iter.: 273/500. Linear iter.: 4. Min. area: 0.000147464. Error: 5.90835e-12.
Computing volumes of the grid elements.
Min. volume: 0.000147464, max. volume: 36.3884.

# FGMRES residual history
# Residual tolerance target = 1e-10
# Initial residual norm     = 7.45738e-08
     0     1
# FGMRES final (true) residual:
# Iteration = 4: |res|/|res0| = 5.67167e-12.

Computing volumes of the grid elements.
Non-linear iter.: 274/500. Linear iter.: 4. Min. area: 0.00014746. Error: 5.67167e-12.
Computing volumes of the grid elements.
Min. volume: 0.00014746, max. volume: 36.3882.

# FGMRES residual history
# Residual tolerance target = 1e-10
# Initial residual norm     = 7.40903e-08
     0     1
# FGMRES final (true) residual:
# Iteration = 4: |res|/|res0| = 5.45717e-12.

Computing volumes of the grid elements.
Non-linear iter.: 275/500. Linear iter.: 4. Min. area: 0.000147457. Error: 5.45717e-12.
Computing volumes of the grid elements.
Min. volume: 0.000147457, max. volume: 36.3881.

# FGMRES residual history
# Residual tolerance target = 1e-10
# Initial residual norm     = 7.36113e-08
     0     1
# FGMRES final (true) residual:
# Iteration = 4: |res|/|res0| = 5.26744e-12.

Computing volumes of the grid elements.
Non-linear iter.: 276/500. Linear iter.: 4. Min. area: 0.000147453. Error: 5.26744e-12.
Computing volumes of the grid elements.
Min. volume: 0.000147453, max. volume: 36.3879.

# FGMRES residual history
# Residual tolerance target = 1e-10
# Initial residual norm     = 7.31367e-08
     0     1
# FGMRES final (true) residual:
# Iteration = 4: |res|/|res0| = 5.10507e-12.

Computing volumes of the grid elements.
Non-linear iter.: 277/500. Linear iter.: 4. Min. area: 0.00014745. Error: 5.10507e-12.
Computing volumes of the grid elements.
Min. volume: 0.00014745, max. volume: 36.3877.

# FGMRES residual history
# Residual tolerance target = 1e-10
# Initial residual norm     = 7.26667e-08
     0     1
# FGMRES final (true) residual:
# Iteration = 4: |res|/|res0| = 4.97247e-12.

Computing volumes of the grid elements.
Non-linear iter.: 278/500. Linear iter.: 4. Min. area: 0.000147446. Error: 4.97247e-12.
Computing volumes of the grid elements.
Min. volume: 0.000147446, max. volume: 36.3875.

# FGMRES residual history
# Residual tolerance target = 1e-10
# Initial residual norm     = 7.22013e-08
     0     1
# FGMRES final (true) residual:
# Iteration = 4: |res|/|res0| = 4.87173e-12.

Computing volumes of the grid elements.
Non-linear iter.: 279/500. Linear iter.: 4. Min. area: 0.000147442. Error: 4.87173e-12.
Computing volumes of the grid elements.
Min. volume: 0.000147442, max. volume: 36.3874.

# FGMRES residual history
# Residual tolerance target = 1e-10
# Initial residual norm     = 7.17405e-08
     0     1
# FGMRES final (true) residual:
# Iteration = 4: |res|/|res0| = 4.80448e-12.

Computing volumes of the grid elements.
Non-linear iter.: 280/500. Linear iter.: 4. Min. area: 0.000147439. Error: 4.80448e-12.
Computing volumes of the grid elements.
Min. volume: 0.000147439, max. volume: 36.3872.

# FGMRES residual history
# Residual tolerance target = 1e-10
# Initial residual norm     = 7.12846e-08
     0     1
# FGMRES final (true) residual:
# Iteration = 4: |res|/|res0| = 4.77166e-12.

Computing volumes of the grid elements.
Non-linear iter.: 281/500. Linear iter.: 4. Min. area: 0.000147435. Error: 4.77166e-12.
Computing volumes of the grid elements.
Min. volume: 0.000147435, max. volume: 36.387.

# FGMRES residual history
# Residual tolerance target = 1e-10
# Initial residual norm     = 7.08335e-08
     0     1
# FGMRES final (true) residual:
# Iteration = 4: |res|/|res0| = 4.77348e-12.

Computing volumes of the grid elements.
Non-linear iter.: 282/500. Linear iter.: 4. Min. area: 0.000147432. Error: 4.77348e-12.
Computing volumes of the grid elements.
Min. volume: 0.000147432, max. volume: 36.3869.

# FGMRES residual history
# Residual tolerance target = 1e-10
# Initial residual norm     = 7.03873e-08
     0     1
# FGMRES final (true) residual:
# Iteration = 4: |res|/|res0| = 4.80935e-12.

Computing volumes of the grid elements.
Non-linear iter.: 283/500. Linear iter.: 4. Min. area: 0.000147428. Error: 4.80935e-12.
Computing volumes of the grid elements.
Min. volume: 0.000147428, max. volume: 36.3867.

# FGMRES residual history
# Residual tolerance target = 1e-10
# Initial residual norm     = 6.9946e-08
     0     1
# FGMRES final (true) residual:
# Iteration = 4: |res|/|res0| = 4.87792e-12.

Computing volumes of the grid elements.
Non-linear iter.: 284/500. Linear iter.: 4. Min. area: 0.000147425. Error: 4.87792e-12.
Computing volumes of the grid elements.
Min. volume: 0.000147425, max. volume: 36.3866.

# FGMRES residual history
# Residual tolerance target = 1e-10
# Initial residual norm     = 6.95099e-08
     0     1
# FGMRES final (true) residual:
# Iteration = 4: |res|/|res0| = 4.97722e-12.

Computing volumes of the grid elements.
Non-linear iter.: 285/500. Linear iter.: 4. Min. area: 0.000147421. Error: 4.97722e-12.
Computing volumes of the grid elements.
Min. volume: 0.000147421, max. volume: 36.3864.

# FGMRES residual history
# Residual tolerance target = 1e-10
# Initial residual norm     = 6.90789e-08
     0     1
# FGMRES final (true) residual:
# Iteration = 4: |res|/|res0| = 5.10483e-12.

Computing volumes of the grid elements.
Non-linear iter.: 286/500. Linear iter.: 4. Min. area: 0.000147418. Error: 5.10483e-12.
Computing volumes of the grid elements.
Min. volume: 0.000147418, max. volume: 36.3862.

# FGMRES residual history
# Residual tolerance target = 1e-10
# Initial residual norm     = 6.86531e-08
     0     1
# FGMRES final (true) residual:
# Iteration = 4: |res|/|res0| = 5.25802e-12.

Computing volumes of the grid elements.
Non-linear iter.: 287/500. Linear iter.: 4. Min. area: 0.000147414. Error: 5.25802e-12.
Computing volumes of the grid elements.
Min. volume: 0.000147414, max. volume: 36.3861.

# FGMRES residual history
# Residual tolerance target = 1e-10
# Initial residual norm     = 6.82326e-08
     0     1
# FGMRES final (true) residual:
# Iteration = 4: |res|/|res0| = 5.43397e-12.

Computing volumes of the grid elements.
Non-linear iter.: 288/500. Linear iter.: 4. Min. area: 0.00014741. Error: 5.43397e-12.
Computing volumes of the grid elements.
Min. volume: 0.00014741, max. volume: 36.3859.

# FGMRES residual history
# Residual tolerance target = 1e-10
# Initial residual norm     = 6.78175e-08
     0     1
# FGMRES final (true) residual:
# Iteration = 4: |res|/|res0| = 5.62988e-12.

Computing volumes of the grid elements.
Non-linear iter.: 289/500. Linear iter.: 4. Min. area: 0.000147407. Error: 5.62988e-12.
Computing volumes of the grid elements.
Min. volume: 0.000147407, max. volume: 36.3858.

# FGMRES residual history
# Residual tolerance target = 1e-10
# Initial residual norm     = 6.74078e-08
     0     1
# FGMRES final (true) residual:
# Iteration = 4: |res|/|res0| = 5.84308e-12.

Computing volumes of the grid elements.
Non-linear iter.: 290/500. Linear iter.: 4. Min. area: 0.000147403. Error: 5.84308e-12.
Computing volumes of the grid elements.
Min. volume: 0.000147403, max. volume: 36.3856.

# FGMRES residual history
# Residual tolerance target = 1e-10
# Initial residual norm     = 6.70038e-08
     0     1
# FGMRES final (true) residual:
# Iteration = 4: |res|/|res0| = 6.07109e-12.

Computing volumes of the grid elements.
Non-linear iter.: 291/500. Linear iter.: 4. Min. area: 0.0001474. Error: 6.07109e-12.
Computing volumes of the grid elements.
Min. volume: 0.0001474, max. volume: 36.3855.

# FGMRES residual history
# Residual tolerance target = 1e-10
# Initial residual norm     = 6.66053e-08
     0     1
# FGMRES final (true) residual:
# Iteration = 4: |res|/|res0| = 6.31166e-12.

Computing volumes of the grid elements.
Non-linear iter.: 292/500. Linear iter.: 4. Min. area: 0.000147396. Error: 6.31166e-12.
Computing volumes of the grid elements.
Min. volume: 0.000147396, max. volume: 36.3853.

# FGMRES residual history
# Residual tolerance target = 1e-10
# Initial residual norm     = 6.62127e-08
     0     1
# FGMRES final (true) residual:
# Iteration = 4: |res|/|res0| = 6.56276e-12.

Computing volumes of the grid elements.
Non-linear iter.: 293/500. Linear iter.: 4. Min. area: 0.000147393. Error: 6.56276e-12.
Computing volumes of the grid elements.
Min. volume: 0.000147393, max. volume: 36.3852.

# FGMRES residual history
# Residual tolerance target = 1e-10
# Initial residual norm     = 6.58258e-08
     0     1
# FGMRES final (true) residual:
# Iteration = 4: |res|/|res0| = 6.8226e-12.

Computing volumes of the grid elements.
Non-linear iter.: 294/500. Linear iter.: 4. Min. area: 0.000147389. Error: 6.8226e-12.
Computing volumes of the grid elements.
Min. volume: 0.000147389, max. volume: 36.385.

# FGMRES residual history
# Residual tolerance target = 1e-10
# Initial residual norm     = 6.54449e-08
     0     1
# FGMRES final (true) residual:
# Iteration = 4: |res|/|res0| = 7.08959e-12.

Computing volumes of the grid elements.
Non-linear iter.: 295/500. Linear iter.: 4. Min. area: 0.000147386. Error: 7.08959e-12.
Computing volumes of the grid elements.
Min. volume: 0.000147386, max. volume: 36.3849.

# FGMRES residual history
# Residual tolerance target = 1e-10
# Initial residual norm     = 6.507e-08
     0     1
# FGMRES final (true) residual:
# Iteration = 4: |res|/|res0| = 7.36236e-12.

Computing volumes of the grid elements.
Non-linear iter.: 296/500. Linear iter.: 4. Min. area: 0.000147382. Error: 7.36236e-12.
Computing volumes of the grid elements.
Min. volume: 0.000147382, max. volume: 36.3847.

# FGMRES residual history
# Residual tolerance target = 1e-10
# Initial residual norm     = 6.47012e-08
     0     1
# FGMRES final (true) residual:
# Iteration = 4: |res|/|res0| = 7.63968e-12.

Computing volumes of the grid elements.
Non-linear iter.: 297/500. Linear iter.: 4. Min. area: 0.000147379. Error: 7.63968e-12.
Computing volumes of the grid elements.
Min. volume: 0.000147379, max. volume: 36.3846.

# FGMRES residual history
# Residual tolerance target = 1e-10
# Initial residual norm     = 6.43386e-08
     0     1
# FGMRES final (true) residual:
# Iteration = 4: |res|/|res0| = 7.92049e-12.

Computing volumes of the grid elements.
Non-linear iter.: 298/500. Linear iter.: 4. Min. area: 0.000147375. Error: 7.92049e-12.
Computing volumes of the grid elements.
Min. volume: 0.000147375, max. volume: 36.3845.

# FGMRES residual history
# Residual tolerance target = 1e-10
# Initial residual norm     = 6.39823e-08
     0     1
# FGMRES final (true) residual:
# Iteration = 4: |res|/|res0| = 8.20387e-12.

Computing volumes of the grid elements.
Non-linear iter.: 299/500. Linear iter.: 4. Min. area: 0.000147372. Error: 8.20387e-12.
Computing volumes of the grid elements.
Min. volume: 0.000147372, max. volume: 36.3843.

# FGMRES residual history
# Residual tolerance target = 1e-10
# Initial residual norm     = 6.36325e-08
     0     1
# FGMRES final (true) residual:
# Iteration = 4: |res|/|res0| = 8.489e-12.

Computing volumes of the grid elements.
Non-linear iter.: 300/500. Linear iter.: 4. Min. area: 0.000147368. Error: 8.489e-12.
Computing volumes of the grid elements.
Min. volume: 0.000147368, max. volume: 36.3842.

# FGMRES residual history
# Residual tolerance target = 1e-10
# Initial residual norm     = 6.32891e-08
     0     1
# FGMRES final (true) residual:
# Iteration = 4: |res|/|res0| = 8.77517e-12.

Computing volumes of the grid elements.
Non-linear iter.: 301/500. Linear iter.: 4. Min. area: 0.000147364. Error: 8.77517e-12.
Computing volumes of the grid elements.
Min. volume: 0.000147364, max. volume: 36.384.

# FGMRES residual history
# Residual tolerance target = 1e-10
# Initial residual norm     = 6.29524e-08
     0     1
# FGMRES final (true) residual:
# Iteration = 4: |res|/|res0| = 9.06176e-12.

Computing volumes of the grid elements.
Non-linear iter.: 302/500. Linear iter.: 4. Min. area: 0.000147361. Error: 9.06176e-12.
Computing volumes of the grid elements.
Min. volume: 0.000147361, max. volume: 36.3839.

# FGMRES residual history
# Residual tolerance target = 1e-10
# Initial residual norm     = 6.26224e-08
     0     1
# FGMRES final (true) residual:
# Iteration = 4: |res|/|res0| = 9.3482e-12.

Computing volumes of the grid elements.
Non-linear iter.: 303/500. Linear iter.: 4. Min. area: 0.000147357. Error: 9.3482e-12.
Computing volumes of the grid elements.
Min. volume: 0.000147357, max. volume: 36.3838.

# FGMRES residual history
# Residual tolerance target = 1e-10
# Initial residual norm     = 6.22992e-08
     0     1
# FGMRES final (true) residual:
# Iteration = 4: |res|/|res0| = 9.634e-12.

Computing volumes of the grid elements.
Non-linear iter.: 304/500. Linear iter.: 4. Min. area: 0.000147354. Error: 9.634e-12.
Computing volumes of the grid elements.
Min. volume: 0.000147354, max. volume: 36.3836.

# FGMRES residual history
# Residual tolerance target = 1e-10
# Initial residual norm     = 6.19829e-08
     0     1
# FGMRES final (true) residual:
# Iteration = 4: |res|/|res0| = 9.91874e-12.

Computing volumes of the grid elements.
Non-linear iter.: 305/500. Linear iter.: 4. Min. area: 0.00014735. Error: 9.91874e-12.
Computing volumes of the grid elements.
Min. volume: 0.00014735, max. volume: 36.3835.

# FGMRES residual history
# Residual tolerance target = 1e-10
# Initial residual norm     = 6.16737e-08
     0     1
# FGMRES final (true) residual:
# Iteration = 4: |res|/|res0| = 1.0202e-11.

Computing volumes of the grid elements.
Non-linear iter.: 306/500. Linear iter.: 4. Min. area: 0.000147347. Error: 1.0202e-11.
Computing volumes of the grid elements.
Min. volume: 0.000147347, max. volume: 36.3834.

# FGMRES residual history
# Residual tolerance target = 1e-10
# Initial residual norm     = 6.13716e-08
     0     1
# FGMRES final (true) residual:
# Iteration = 4: |res|/|res0| = 1.04835e-11.

Computing volumes of the grid elements.
Non-linear iter.: 307/500. Linear iter.: 4. Min. area: 0.000147343. Error: 1.04835e-11.
Computing volumes of the grid elements.
Min. volume: 0.000147343, max. volume: 36.3833.

# FGMRES residual history
# Residual tolerance target = 1e-10
# Initial residual norm     = 6.10767e-08
     0     1
# FGMRES final (true) residual:
# Iteration = 4: |res|/|res0| = 1.07629e-11.

Computing volumes of the grid elements.
Non-linear iter.: 308/500. Linear iter.: 4. Min. area: 0.00014734. Error: 1.07629e-11.
Computing volumes of the grid elements.
Min. volume: 0.00014734, max. volume: 36.3831.

# FGMRES residual history
# Residual tolerance target = 1e-10
# Initial residual norm     = 6.07892e-08
     0     1
# FGMRES final (true) residual:
# Iteration = 4: |res|/|res0| = 1.10399e-11.

Computing volumes of the grid elements.
Non-linear iter.: 309/500. Linear iter.: 4. Min. area: 0.000147336. Error: 1.10399e-11.
Computing volumes of the grid elements.
Min. volume: 0.000147336, max. volume: 36.383.

# FGMRES residual history
# Residual tolerance target = 1e-10
# Initial residual norm     = 6.05091e-08
     0     1
# FGMRES final (true) residual:
# Iteration = 4: |res|/|res0| = 1.13142e-11.

Computing volumes of the grid elements.
Non-linear iter.: 310/500. Linear iter.: 4. Min. area: 0.000147333. Error: 1.13142e-11.
Computing volumes of the grid elements.
Min. volume: 0.000147333, max. volume: 36.3829.

# FGMRES residual history
# Residual tolerance target = 1e-10
# Initial residual norm     = 6.02366e-08
     0     1
# FGMRES final (true) residual:
# Iteration = 4: |res|/|res0| = 1.15858e-11.

Computing volumes of the grid elements.
Non-linear iter.: 311/500. Linear iter.: 4. Min. area: 0.000147329. Error: 1.15858e-11.
Computing volumes of the grid elements.
Min. volume: 0.000147329, max. volume: 36.3828.

# FGMRES residual history
# Residual tolerance target = 1e-10
# Initial residual norm     = 5.99718e-08
     0     1
# FGMRES final (true) residual:
# Iteration = 4: |res|/|res0| = 1.18543e-11.

Computing volumes of the grid elements.
Non-linear iter.: 312/500. Linear iter.: 4. Min. area: 0.000147326. Error: 1.18543e-11.
Computing volumes of the grid elements.
Min. volume: 0.000147326, max. volume: 36.3827.

# FGMRES residual history
# Residual tolerance target = 1e-10
# Initial residual norm     = 5.97147e-08
     0     1
# FGMRES final (true) residual:
# Iteration = 4: |res|/|res0| = 1.21196e-11.

Computing volumes of the grid elements.
Non-linear iter.: 313/500. Linear iter.: 4. Min. area: 0.000147322. Error: 1.21196e-11.
Computing volumes of the grid elements.
Min. volume: 0.000147322, max. volume: 36.3825.

# FGMRES residual history
# Residual tolerance target = 1e-10
# Initial residual norm     = 5.94655e-08
     0     1
# FGMRES final (true) residual:
# Iteration = 4: |res|/|res0| = 1.23816e-11.

Computing volumes of the grid elements.
Non-linear iter.: 314/500. Linear iter.: 4. Min. area: 0.000147318. Error: 1.23816e-11.
Computing volumes of the grid elements.
Min. volume: 0.000147318, max. volume: 36.3824.

# FGMRES residual history
# Residual tolerance target = 1e-10
# Initial residual norm     = 5.92244e-08
     0     1
# FGMRES final (true) residual:
# Iteration = 4: |res|/|res0| = 1.26401e-11.

Computing volumes of the grid elements.
Non-linear iter.: 315/500. Linear iter.: 4. Min. area: 0.000147315. Error: 1.26401e-11.
Computing volumes of the grid elements.
Min. volume: 0.000147315, max. volume: 36.3823.

# FGMRES residual history
# Residual tolerance target = 1e-10
# Initial residual norm     = 5.89913e-08
     0     1
# FGMRES final (true) residual:
# Iteration = 4: |res|/|res0| = 1.2895e-11.

Computing volumes of the grid elements.
Non-linear iter.: 316/500. Linear iter.: 4. Min. area: 0.000147311. Error: 1.2895e-11.
Computing volumes of the grid elements.
Min. volume: 0.000147311, max. volume: 36.3822.

# FGMRES residual history
# Residual tolerance target = 1e-10
# Initial residual norm     = 5.87664e-08
     0     1
# FGMRES final (true) residual:
# Iteration = 4: |res|/|res0| = 1.31462e-11.

Computing volumes of the grid elements.
Non-linear iter.: 317/500. Linear iter.: 4. Min. area: 0.000147308. Error: 1.31462e-11.
Computing volumes of the grid elements.
Min. volume: 0.000147308, max. volume: 36.3821.

# FGMRES residual history
# Residual tolerance target = 1e-10
# Initial residual norm     = 5.85498e-08
     0     1
# FGMRES final (true) residual:
# Iteration = 4: |res|/|res0| = 1.33938e-11.

Computing volumes of the grid elements.
Non-linear iter.: 318/500. Linear iter.: 4. Min. area: 0.000147304. Error: 1.33938e-11.
Computing volumes of the grid elements.
Min. volume: 0.000147304, max. volume: 36.382.

# FGMRES residual history
# Residual tolerance target = 1e-10
# Initial residual norm     = 5.83416e-08
     0     1
# FGMRES final (true) residual:
# Iteration = 4: |res|/|res0| = 1.36376e-11.

Computing volumes of the grid elements.
Non-linear iter.: 319/500. Linear iter.: 4. Min. area: 0.000147301. Error: 1.36376e-11.
Computing volumes of the grid elements.
Min. volume: 0.000147301, max. volume: 36.3819.

# FGMRES residual history
# Residual tolerance target = 1e-10
# Initial residual norm     = 5.8142e-08
     0     1
# FGMRES final (true) residual:
# Iteration = 4: |res|/|res0| = 1.38776e-11.

Computing volumes of the grid elements.
Non-linear iter.: 320/500. Linear iter.: 4. Min. area: 0.000147297. Error: 1.38776e-11.
Computing volumes of the grid elements.
Min. volume: 0.000147297, max. volume: 36.3818.

# FGMRES residual history
# Residual tolerance target = 1e-10
# Initial residual norm     = 5.79509e-08
     0     1
# FGMRES final (true) residual:
# Iteration = 4: |res|/|res0| = 1.41138e-11.

Computing volumes of the grid elements.
Non-linear iter.: 321/500. Linear iter.: 4. Min. area: 0.000147294. Error: 1.41138e-11.
Computing volumes of the grid elements.
Min. volume: 0.000147294, max. volume: 36.3817.

# FGMRES residual history
# Residual tolerance target = 1e-10
# Initial residual norm     = 5.77686e-08
     0     1
# FGMRES final (true) residual:
# Iteration = 4: |res|/|res0| = 1.43462e-11.

Computing volumes of the grid elements.
Non-linear iter.: 322/500. Linear iter.: 4. Min. area: 0.00014729. Error: 1.43462e-11.
Computing volumes of the grid elements.
Min. volume: 0.00014729, max. volume: 36.3816.

# FGMRES residual history
# Residual tolerance target = 1e-10
# Initial residual norm     = 5.7595e-08
     0     1
# FGMRES final (true) residual:
# Iteration = 4: |res|/|res0| = 1.45749e-11.

Computing volumes of the grid elements.
Non-linear iter.: 323/500. Linear iter.: 4. Min. area: 0.000147287. Error: 1.45749e-11.
Computing volumes of the grid elements.
Min. volume: 0.000147287, max. volume: 36.3815.

# FGMRES residual history
# Residual tolerance target = 1e-10
# Initial residual norm     = 5.74304e-08
     0     1
# FGMRES final (true) residual:
# Iteration = 4: |res|/|res0| = 1.48e-11.

Computing volumes of the grid elements.
Non-linear iter.: 324/500. Linear iter.: 4. Min. area: 0.000147283. Error: 1.48e-11.
Computing volumes of the grid elements.
Min. volume: 0.000147283, max. volume: 36.3814.

# FGMRES residual history
# Residual tolerance target = 1e-10
# Initial residual norm     = 5.72748e-08
     0     1
# FGMRES final (true) residual:
# Iteration = 4: |res|/|res0| = 1.50215e-11.

Computing volumes of the grid elements.
Non-linear iter.: 325/500. Linear iter.: 4. Min. area: 0.00014728. Error: 1.50215e-11.
Computing volumes of the grid elements.
Min. volume: 0.00014728, max. volume: 36.3813.

# FGMRES residual history
# Residual tolerance target = 1e-10
# Initial residual norm     = 5.71283e-08
     0     1
# FGMRES final (true) residual:
# Iteration = 4: |res|/|res0| = 1.52395e-11.

Computing volumes of the grid elements.
Non-linear iter.: 326/500. Linear iter.: 4. Min. area: 0.000147276. Error: 1.52395e-11.
Computing volumes of the grid elements.
Min. volume: 0.000147276, max. volume: 36.3812.

# FGMRES residual history
# Residual tolerance target = 1e-10
# Initial residual norm     = 5.69909e-08
     0     1
# FGMRES final (true) residual:
# Iteration = 4: |res|/|res0| = 1.54541e-11.

Computing volumes of the grid elements.
Non-linear iter.: 327/500. Linear iter.: 4. Min. area: 0.000147273. Error: 1.54541e-11.
Computing volumes of the grid elements.
Min. volume: 0.000147273, max. volume: 36.3811.

# FGMRES residual history
# Residual tolerance target = 1e-10
# Initial residual norm     = 5.68628e-08
     0     1
# FGMRES final (true) residual:
# Iteration = 4: |res|/|res0| = 1.56656e-11.

Computing volumes of the grid elements.
Non-linear iter.: 328/500. Linear iter.: 4. Min. area: 0.000147269. Error: 1.56656e-11.
Computing volumes of the grid elements.
Min. volume: 0.000147269, max. volume: 36.381.

# FGMRES residual history
# Residual tolerance target = 1e-10
# Initial residual norm     = 5.67441e-08
     0     1
# FGMRES final (true) residual:
# Iteration = 4: |res|/|res0| = 1.58742e-11.

Computing volumes of the grid elements.
Non-linear iter.: 329/500. Linear iter.: 4. Min. area: 0.000147266. Error: 1.58742e-11.
Computing volumes of the grid elements.
Min. volume: 0.000147266, max. volume: 36.3809.

# FGMRES residual history
# Residual tolerance target = 1e-10
# Initial residual norm     = 5.66348e-08
     0     1
# FGMRES final (true) residual:
# Iteration = 4: |res|/|res0| = 1.60799e-11.

Computing volumes of the grid elements.
Non-linear iter.: 330/500. Linear iter.: 4. Min. area: 0.000147262. Error: 1.60799e-11.
Computing volumes of the grid elements.
Min. volume: 0.000147262, max. volume: 36.3808.

# FGMRES residual history
# Residual tolerance target = 1e-10
# Initial residual norm     = 5.6535e-08
     0     1
# FGMRES final (true) residual:
# Iteration = 4: |res|/|res0| = 1.62831e-11.

Computing volumes of the grid elements.
Non-linear iter.: 331/500. Linear iter.: 4. Min. area: 0.000147259. Error: 1.62831e-11.
Computing volumes of the grid elements.
Min. volume: 0.000147259, max. volume: 36.3807.

# FGMRES residual history
# Residual tolerance target = 1e-10
# Initial residual norm     = 5.64448e-08
     0     1
# FGMRES final (true) residual:
# Iteration = 4: |res|/|res0| = 1.64841e-11.

Computing volumes of the grid elements.
Non-linear iter.: 332/500. Linear iter.: 4. Min. area: 0.000147255. Error: 1.64841e-11.
Computing volumes of the grid elements.
Min. volume: 0.000147255, max. volume: 36.3806.

# FGMRES residual history
# Residual tolerance target = 1e-10
# Initial residual norm     = 5.63643e-08
     0     1
# FGMRES final (true) residual:
# Iteration = 4: |res|/|res0| = 1.66831e-11.

Computing volumes of the grid elements.
Non-linear iter.: 333/500. Linear iter.: 4. Min. area: 0.000147252. Error: 1.66831e-11.
Computing volumes of the grid elements.
Min. volume: 0.000147252, max. volume: 36.3805.

# FGMRES residual history
# Residual tolerance target = 1e-10
# Initial residual norm     = 5.62935e-08
     0     1
# FGMRES final (true) residual:
# Iteration = 4: |res|/|res0| = 1.68804e-11.

Computing volumes of the grid elements.
Non-linear iter.: 334/500. Linear iter.: 4. Min. area: 0.000147248. Error: 1.68804e-11.
Computing volumes of the grid elements.
Min. volume: 0.000147248, max. volume: 36.3805.

# FGMRES residual history
# Residual tolerance target = 1e-10
# Initial residual norm     = 5.62324e-08
     0     1
# FGMRES final (true) residual:
# Iteration = 4: |res|/|res0| = 1.70764e-11.

Computing volumes of the grid elements.
Non-linear iter.: 335/500. Linear iter.: 4. Min. area: 0.000147244. Error: 1.70764e-11.
Computing volumes of the grid elements.
Min. volume: 0.000147244, max. volume: 36.3804.

# FGMRES residual history
# Residual tolerance target = 1e-10
# Initial residual norm     = 5.61813e-08
     0     1
# FGMRES final (true) residual:
# Iteration = 4: |res|/|res0| = 1.72715e-11.

Computing volumes of the grid elements.
Non-linear iter.: 336/500. Linear iter.: 4. Min. area: 0.000147241. Error: 1.72715e-11.
Computing volumes of the grid elements.
Min. volume: 0.000147241, max. volume: 36.3803.

# FGMRES residual history
# Residual tolerance target = 1e-10
# Initial residual norm     = 5.614e-08
     0     1
# FGMRES final (true) residual:
# Iteration = 4: |res|/|res0| = 1.74659e-11.

Computing volumes of the grid elements.
Non-linear iter.: 337/500. Linear iter.: 4. Min. area: 0.000147237. Error: 1.74659e-11.
Computing volumes of the grid elements.
Min. volume: 0.000147237, max. volume: 36.3802.

# FGMRES residual history
# Residual tolerance target = 1e-10
# Initial residual norm     = 5.61087e-08
     0     1
# FGMRES final (true) residual:
# Iteration = 4: |res|/|res0| = 1.76602e-11.

Computing volumes of the grid elements.
Non-linear iter.: 338/500. Linear iter.: 4. Min. area: 0.000147234. Error: 1.76602e-11.
Computing volumes of the grid elements.
Min. volume: 0.000147234, max. volume: 36.3801.

# FGMRES residual history
# Residual tolerance target = 1e-10
# Initial residual norm     = 5.60874e-08
     0     1
# FGMRES final (true) residual:
# Iteration = 4: |res|/|res0| = 1.78546e-11.

Computing volumes of the grid elements.
Non-linear iter.: 339/500. Linear iter.: 4. Min. area: 0.00014723. Error: 1.78546e-11.
Computing volumes of the grid elements.
Min. volume: 0.00014723, max. volume: 36.3801.

# FGMRES residual history
# Residual tolerance target = 1e-10
# Initial residual norm     = 5.60762e-08
     0     1
# FGMRES final (true) residual:
# Iteration = 4: |res|/|res0| = 1.80497e-11.

Computing volumes of the grid elements.
Non-linear iter.: 340/500. Linear iter.: 4. Min. area: 0.000147227. Error: 1.80497e-11.
Computing volumes of the grid elements.
Min. volume: 0.000147227, max. volume: 36.38.

# FGMRES residual history
# Residual tolerance target = 1e-10
# Initial residual norm     = 5.60751e-08
     0     1
# FGMRES final (true) residual:
# Iteration = 4: |res|/|res0| = 1.82459e-11.

Computing volumes of the grid elements.
Non-linear iter.: 341/500. Linear iter.: 4. Min. area: 0.000147223. Error: 1.82459e-11.
Computing volumes of the grid elements.
Min. volume: 0.000147223, max. volume: 36.3799.

# FGMRES residual history
# Residual tolerance target = 1e-10
# Initial residual norm     = 5.60841e-08
     0     1
# FGMRES final (true) residual:
# Iteration = 4: |res|/|res0| = 1.84434e-11.

Computing volumes of the grid elements.
Non-linear iter.: 342/500. Linear iter.: 4. Min. area: 0.00014722. Error: 1.84434e-11.
Computing volumes of the grid elements.
Min. volume: 0.00014722, max. volume: 36.3798.

# FGMRES residual history
# Residual tolerance target = 1e-10
# Initial residual norm     = 5.61033e-08
     0     1
# FGMRES final (true) residual:
# Iteration = 4: |res|/|res0| = 1.86428e-11.

Computing volumes of the grid elements.
Non-linear iter.: 343/500. Linear iter.: 4. Min. area: 0.000147216. Error: 1.86428e-11.
Computing volumes of the grid elements.
Min. volume: 0.000147216, max. volume: 36.3798.

# FGMRES residual history
# Residual tolerance target = 1e-10
# Initial residual norm     = 5.61326e-08
     0     1
# FGMRES final (true) residual:
# Iteration = 4: |res|/|res0| = 1.88444e-11.

Computing volumes of the grid elements.
Non-linear iter.: 344/500. Linear iter.: 4. Min. area: 0.000147213. Error: 1.88444e-11.
Computing volumes of the grid elements.
Min. volume: 0.000147213, max. volume: 36.3797.

# FGMRES residual history
# Residual tolerance target = 1e-10
# Initial residual norm     = 5.61722e-08
     0     1
# FGMRES final (true) residual:
# Iteration = 4: |res|/|res0| = 1.90486e-11.

Computing volumes of the grid elements.
Non-linear iter.: 345/500. Linear iter.: 4. Min. area: 0.000147209. Error: 1.90486e-11.
Computing volumes of the grid elements.
Min. volume: 0.000147209, max. volume: 36.3796.

# FGMRES residual history
# Residual tolerance target = 1e-10
# Initial residual norm     = 5.62221e-08
     0     1
# FGMRES final (true) residual:
# Iteration = 4: |res|/|res0| = 1.92556e-11.

Computing volumes of the grid elements.
Non-linear iter.: 346/500. Linear iter.: 4. Min. area: 0.000147206. Error: 1.92556e-11.
Computing volumes of the grid elements.
Min. volume: 0.000147206, max. volume: 36.3796.

# FGMRES residual history
# Residual tolerance target = 1e-10
# Initial residual norm     = 5.62822e-08
     0     1
# FGMRES final (true) residual:
# Iteration = 4: |res|/|res0| = 1.94658e-11.

Computing volumes of the grid elements.
Non-linear iter.: 347/500. Linear iter.: 4. Min. area: 0.000147202. Error: 1.94658e-11.
Computing volumes of the grid elements.
Min. volume: 0.000147202, max. volume: 36.3795.

# FGMRES residual history
# Residual tolerance target = 1e-10
# Initial residual norm     = 5.63525e-08
     0     1
# FGMRES final (true) residual:
# Iteration = 4: |res|/|res0| = 1.96793e-11.

Computing volumes of the grid elements.
Non-linear iter.: 348/500. Linear iter.: 4. Min. area: 0.000147199. Error: 1.96793e-11.
Computing volumes of the grid elements.
Min. volume: 0.000147199, max. volume: 36.3795.

# FGMRES residual history
# Residual tolerance target = 1e-10
# Initial residual norm     = 5.64331e-08
     0     1
# FGMRES final (true) residual:
# Iteration = 4: |res|/|res0| = 1.98964e-11.

Computing volumes of the grid elements.
Non-linear iter.: 349/500. Linear iter.: 4. Min. area: 0.000147195. Error: 1.98964e-11.
Computing volumes of the grid elements.
Min. volume: 0.000147195, max. volume: 36.3794.

# FGMRES residual history
# Residual tolerance target = 1e-10
# Initial residual norm     = 5.6524e-08
     0     1
# FGMRES final (true) residual:
# Iteration = 4: |res|/|res0| = 2.01171e-11.

Computing volumes of the grid elements.
Non-linear iter.: 350/500. Linear iter.: 4. Min. area: 0.000147192. Error: 2.01171e-11.
Computing volumes of the grid elements.
Min. volume: 0.000147192, max. volume: 36.3793.

# FGMRES residual history
# Residual tolerance target = 1e-10
# Initial residual norm     = 5.66251e-08
     0     1
# FGMRES final (true) residual:
# Iteration = 4: |res|/|res0| = 2.03414e-11.

Computing volumes of the grid elements.
Non-linear iter.: 351/500. Linear iter.: 4. Min. area: 0.000147188. Error: 2.03414e-11.
Computing volumes of the grid elements.
Min. volume: 0.000147188, max. volume: 36.3793.

# FGMRES residual history
# Residual tolerance target = 1e-10
# Initial residual norm     = 5.67365e-08
     0     1
# FGMRES final (true) residual:
# Iteration = 4: |res|/|res0| = 2.05692e-11.

Computing volumes of the grid elements.
Non-linear iter.: 352/500. Linear iter.: 4. Min. area: 0.000147185. Error: 2.05692e-11.
Computing volumes of the grid elements.
Min. volume: 0.000147185, max. volume: 36.3792.

# FGMRES residual history
# Residual tolerance target = 1e-10
# Initial residual norm     = 5.68582e-08
     0     1
# FGMRES final (true) residual:
# Iteration = 4: |res|/|res0| = 2.08004e-11.

Computing volumes of the grid elements.
Non-linear iter.: 353/500. Linear iter.: 4. Min. area: 0.000147181. Error: 2.08004e-11.
Computing volumes of the grid elements.
Min. volume: 0.000147181, max. volume: 36.3792.

# FGMRES residual history
# Residual tolerance target = 1e-10
# Initial residual norm     = 5.69901e-08
     0     1
# FGMRES final (true) residual:
# Iteration = 4: |res|/|res0| = 2.10348e-11.

Computing volumes of the grid elements.
Non-linear iter.: 354/500. Linear iter.: 4. Min. area: 0.000147178. Error: 2.10348e-11.
Computing volumes of the grid elements.
Min. volume: 0.000147178, max. volume: 36.3791.

# FGMRES residual history
# Residual tolerance target = 1e-10
# Initial residual norm     = 5.71322e-08
     0     1
# FGMRES final (true) residual:
# Iteration = 4: |res|/|res0| = 2.1272e-11.

Computing volumes of the grid elements.
Non-linear iter.: 355/500. Linear iter.: 4. Min. area: 0.000147174. Error: 2.1272e-11.
Computing volumes of the grid elements.
Min. volume: 0.000147174, max. volume: 36.3791.

# FGMRES residual history
# Residual tolerance target = 1e-10
# Initial residual norm     = 5.72844e-08
     0     1
# FGMRES final (true) residual:
# Iteration = 4: |res|/|res0| = 2.15116e-11.

Computing volumes of the grid elements.
Non-linear iter.: 356/500. Linear iter.: 4. Min. area: 0.000147171. Error: 2.15116e-11.
Computing volumes of the grid elements.
Min. volume: 0.000147171, max. volume: 36.379.

# FGMRES residual history
# Residual tolerance target = 1e-10
# Initial residual norm     = 5.74469e-08
     0     1
# FGMRES final (true) residual:
# Iteration = 4: |res|/|res0| = 2.1753e-11.

Computing volumes of the grid elements.
Non-linear iter.: 357/500. Linear iter.: 4. Min. area: 0.000147167. Error: 2.1753e-11.
Computing volumes of the grid elements.
Min. volume: 0.000147167, max. volume: 36.379.

# FGMRES residual history
# Residual tolerance target = 1e-10
# Initial residual norm     = 5.76194e-08
     0     1
# FGMRES final (true) residual:
# Iteration = 4: |res|/|res0| = 2.19957e-11.

Computing volumes of the grid elements.
Non-linear iter.: 358/500. Linear iter.: 4. Min. area: 0.000147164. Error: 2.19957e-11.
Computing volumes of the grid elements.
Min. volume: 0.000147164, max. volume: 36.3789.

# FGMRES residual history
# Residual tolerance target = 1e-10
# Initial residual norm     = 5.78021e-08
     0     1
# FGMRES final (true) residual:
# Iteration = 4: |res|/|res0| = 2.22389e-11.

Computing volumes of the grid elements.
Non-linear iter.: 359/500. Linear iter.: 4. Min. area: 0.00014716. Error: 2.22389e-11.
Computing volumes of the grid elements.
Min. volume: 0.00014716, max. volume: 36.3789.

# FGMRES residual history
# Residual tolerance target = 1e-10
# Initial residual norm     = 5.79948e-08
     0     1
# FGMRES final (true) residual:
# Iteration = 4: |res|/|res0| = 2.2482e-11.

Computing volumes of the grid elements.
Non-linear iter.: 360/500. Linear iter.: 4. Min. area: 0.000147157. Error: 2.2482e-11.
Computing volumes of the grid elements.
Min. volume: 0.000147157, max. volume: 36.3788.

# FGMRES residual history
# Residual tolerance target = 1e-10
# Initial residual norm     = 5.81975e-08
     0     1
# FGMRES final (true) residual:
# Iteration = 4: |res|/|res0| = 2.2724e-11.

Computing volumes of the grid elements.
Non-linear iter.: 361/500. Linear iter.: 4. Min. area: 0.000147153. Error: 2.2724e-11.
Computing volumes of the grid elements.
Min. volume: 0.000147153, max. volume: 36.3788.

# FGMRES residual history
# Residual tolerance target = 1e-10
# Initial residual norm     = 5.84101e-08
     0     1
# FGMRES final (true) residual:
# Iteration = 4: |res|/|res0| = 2.29642e-11.

Computing volumes of the grid elements.
Non-linear iter.: 362/500. Linear iter.: 4. Min. area: 0.00014715. Error: 2.29642e-11.
Computing volumes of the grid elements.
Min. volume: 0.00014715, max. volume: 36.3788.

# FGMRES residual history
# Residual tolerance target = 1e-10
# Initial residual norm     = 5.86327e-08
     0     1
# FGMRES final (true) residual:
# Iteration = 4: |res|/|res0| = 2.32017e-11.

Computing volumes of the grid elements.
Non-linear iter.: 363/500. Linear iter.: 4. Min. area: 0.000147146. Error: 2.32017e-11.
Computing volumes of the grid elements.
Min. volume: 0.000147146, max. volume: 36.3787.

# FGMRES residual history
# Residual tolerance target = 1e-10
# Initial residual norm     = 5.88651e-08
     0     1
# FGMRES final (true) residual:
# Iteration = 4: |res|/|res0| = 2.34355e-11.

Computing volumes of the grid elements.
Non-linear iter.: 364/500. Linear iter.: 4. Min. area: 0.000147143. Error: 2.34355e-11.
Computing volumes of the grid elements.
Min. volume: 0.000147143, max. volume: 36.3787.

# FGMRES residual history
# Residual tolerance target = 1e-10
# Initial residual norm     = 5.91074e-08
     0     1
# FGMRES final (true) residual:
# Iteration = 4: |res|/|res0| = 2.36648e-11.

Computing volumes of the grid elements.
Non-linear iter.: 365/500. Linear iter.: 4. Min. area: 0.000147139. Error: 2.36648e-11.
Computing volumes of the grid elements.
Min. volume: 0.000147139, max. volume: 36.3787.

# FGMRES residual history
# Residual tolerance target = 1e-10
# Initial residual norm     = 5.93593e-08
     0     1
# FGMRES final (true) residual:
# Iteration = 4: |res|/|res0| = 2.38886e-11.

Computing volumes of the grid elements.
Non-linear iter.: 366/500. Linear iter.: 4. Min. area: 0.000147136. Error: 2.38886e-11.
Computing volumes of the grid elements.
Min. volume: 0.000147136, max. volume: 36.3786.

# FGMRES residual history
# Residual tolerance target = 1e-10
# Initial residual norm     = 5.9621e-08
     0     1
# FGMRES final (true) residual:
# Iteration = 4: |res|/|res0| = 2.4106e-11.

Computing volumes of the grid elements.
Non-linear iter.: 367/500. Linear iter.: 4. Min. area: 0.000147132. Error: 2.4106e-11.
Computing volumes of the grid elements.
Min. volume: 0.000147132, max. volume: 36.3786.

# FGMRES residual history
# Residual tolerance target = 1e-10
# Initial residual norm     = 5.98923e-08
     0     1
# FGMRES final (true) residual:
# Iteration = 4: |res|/|res0| = 2.43163e-11.

Computing volumes of the grid elements.
Non-linear iter.: 368/500. Linear iter.: 4. Min. area: 0.000147129. Error: 2.43163e-11.
Computing volumes of the grid elements.
Min. volume: 0.000147129, max. volume: 36.3786.

# FGMRES residual history
# Residual tolerance target = 1e-10
# Initial residual norm     = 6.01732e-08
     0     1
# FGMRES final (true) residual:
# Iteration = 4: |res|/|res0| = 2.45186e-11.

Computing volumes of the grid elements.
Non-linear iter.: 369/500. Linear iter.: 4. Min. area: 0.000147125. Error: 2.45186e-11.
Computing volumes of the grid elements.
Min. volume: 0.000147125, max. volume: 36.3785.

# FGMRES residual history
# Residual tolerance target = 1e-10
# Initial residual norm     = 6.04635e-08
     0     1
# FGMRES final (true) residual:
# Iteration = 4: |res|/|res0| = 2.47121e-11.

Computing volumes of the grid elements.
Non-linear iter.: 370/500. Linear iter.: 4. Min. area: 0.000147122. Error: 2.47121e-11.
Computing volumes of the grid elements.
Min. volume: 0.000147122, max. volume: 36.3785.

# FGMRES residual history
# Residual tolerance target = 1e-10
# Initial residual norm     = 6.07633e-08
     0     1
# FGMRES final (true) residual:
# Iteration = 4: |res|/|res0| = 2.48962e-11.

Computing volumes of the grid elements.
Non-linear iter.: 371/500. Linear iter.: 4. Min. area: 0.000147118. Error: 2.48962e-11.
Computing volumes of the grid elements.
Min. volume: 0.000147118, max. volume: 36.3785.

# FGMRES residual history
# Residual tolerance target = 1e-10
# Initial residual norm     = 6.10724e-08
     0     1
# FGMRES final (true) residual:
# Iteration = 4: |res|/|res0| = 2.50704e-11.

Computing volumes of the grid elements.
Non-linear iter.: 372/500. Linear iter.: 4. Min. area: 0.000147115. Error: 2.50704e-11.
Computing volumes of the grid elements.
Min. volume: 0.000147115, max. volume: 36.3785.

# FGMRES residual history
# Residual tolerance target = 1e-10
# Initial residual norm     = 6.13908e-08
     0     1
# FGMRES final (true) residual:
# Iteration = 4: |res|/|res0| = 2.52341e-11.

Computing volumes of the grid elements.
Non-linear iter.: 373/500. Linear iter.: 4. Min. area: 0.000147111. Error: 2.52341e-11.
Computing volumes of the grid elements.
Min. volume: 0.000147111, max. volume: 36.3785.

# FGMRES residual history
# Residual tolerance target = 1e-10
# Initial residual norm     = 6.17184e-08
     0     1
# FGMRES final (true) residual:
# Iteration = 4: |res|/|res0| = 2.53868e-11.

Computing volumes of the grid elements.
Non-linear iter.: 374/500. Linear iter.: 4. Min. area: 0.000147108. Error: 2.53868e-11.
Computing volumes of the grid elements.
Min. volume: 0.000147108, max. volume: 36.3784.

# FGMRES residual history
# Residual tolerance target = 1e-10
# Initial residual norm     = 6.20552e-08
     0     1
# FGMRES final (true) residual:
# Iteration = 4: |res|/|res0| = 2.55282e-11.

Computing volumes of the grid elements.
Non-linear iter.: 375/500. Linear iter.: 4. Min. area: 0.000147104. Error: 2.55282e-11.
Computing volumes of the grid elements.
Min. volume: 0.000147104, max. volume: 36.3784.

# FGMRES residual history
# Residual tolerance target = 1e-10
# Initial residual norm     = 6.2401e-08
     0     1
# FGMRES final (true) residual:
# Iteration = 4: |res|/|res0| = 2.5658e-11.

Computing volumes of the grid elements.
Non-linear iter.: 376/500. Linear iter.: 4. Min. area: 0.000147101. Error: 2.5658e-11.
Computing volumes of the grid elements.
Min. volume: 0.000147101, max. volume: 36.3784.

# FGMRES residual history
# Residual tolerance target = 1e-10
# Initial residual norm     = 6.27557e-08
     0     1
# FGMRES final (true) residual:
# Iteration = 4: |res|/|res0| = 2.57761e-11.

Computing volumes of the grid elements.
Non-linear iter.: 377/500. Linear iter.: 4. Min. area: 0.000147097. Error: 2.57761e-11.
Computing volumes of the grid elements.
Min. volume: 0.000147097, max. volume: 36.3784.

# FGMRES residual history
# Residual tolerance target = 1e-10
# Initial residual norm     = 6.31194e-08
     0     1
# FGMRES final (true) residual:
# Iteration = 4: |res|/|res0| = 2.58824e-11.

Computing volumes of the grid elements.
Non-linear iter.: 378/500. Linear iter.: 4. Min. area: 0.000147094. Error: 2.58824e-11.
Computing volumes of the grid elements.
Min. volume: 0.000147094, max. volume: 36.3784.

# FGMRES residual history
# Residual tolerance target = 1e-10
# Initial residual norm     = 6.34919e-08
     0     1
# FGMRES final (true) residual:
# Iteration = 4: |res|/|res0| = 2.59768e-11.

Computing volumes of the grid elements.
Non-linear iter.: 379/500. Linear iter.: 4. Min. area: 0.00014709. Error: 2.59768e-11.
Computing volumes of the grid elements.
Min. volume: 0.00014709, max. volume: 36.3784.

# FGMRES residual history
# Residual tolerance target = 1e-10
# Initial residual norm     = 6.38732e-08
     0     1
# FGMRES final (true) residual:
# Iteration = 4: |res|/|res0| = 2.60593e-11.

Computing volumes of the grid elements.
Non-linear iter.: 380/500. Linear iter.: 4. Min. area: 0.000147087. Error: 2.60593e-11.
Computing volumes of the grid elements.
Min. volume: 0.000147087, max. volume: 36.3784.

# FGMRES residual history
# Residual tolerance target = 1e-10
# Initial residual norm     = 6.42631e-08
     0     1
# FGMRES final (true) residual:
# Iteration = 4: |res|/|res0| = 2.61301e-11.

Computing volumes of the grid elements.
Non-linear iter.: 381/500. Linear iter.: 4. Min. area: 0.000147083. Error: 2.61301e-11.
Computing volumes of the grid elements.
Min. volume: 0.000147083, max. volume: 36.3783.

# FGMRES residual history
# Residual tolerance target = 1e-10
# Initial residual norm     = 6.46616e-08
     0     1
# FGMRES final (true) residual:
# Iteration = 4: |res|/|res0| = 2.61894e-11.

Computing volumes of the grid elements.
Non-linear iter.: 382/500. Linear iter.: 4. Min. area: 0.00014708. Error: 2.61894e-11.
Computing volumes of the grid elements.
Min. volume: 0.00014708, max. volume: 36.3783.

# FGMRES residual history
# Residual tolerance target = 1e-10
# Initial residual norm     = 6.50687e-08
     0     1
# FGMRES final (true) residual:
# Iteration = 4: |res|/|res0| = 2.62372e-11.

Computing volumes of the grid elements.
Non-linear iter.: 383/500. Linear iter.: 4. Min. area: 0.000147076. Error: 2.62372e-11.
Computing volumes of the grid elements.
Min. volume: 0.000147076, max. volume: 36.3783.

# FGMRES residual history
# Residual tolerance target = 1e-10
# Initial residual norm     = 6.54841e-08
     0     1
# FGMRES final (true) residual:
# Iteration = 4: |res|/|res0| = 2.6274e-11.

Computing volumes of the grid elements.
Non-linear iter.: 384/500. Linear iter.: 4. Min. area: 0.000147073. Error: 2.6274e-11.
Computing volumes of the grid elements.
Min. volume: 0.000147073, max. volume: 36.3783.

# FGMRES residual history
# Residual tolerance target = 1e-10
# Initial residual norm     = 6.59079e-08
     0     1
# FGMRES final (true) residual:
# Iteration = 4: |res|/|res0| = 2.62999e-11.

Computing volumes of the grid elements.
Non-linear iter.: 385/500. Linear iter.: 4. Min. area: 0.000147069. Error: 2.62999e-11.
Computing volumes of the grid elements.
Min. volume: 0.000147069, max. volume: 36.3783.

# FGMRES residual history
# Residual tolerance target = 1e-10
# Initial residual norm     = 6.634e-08
     0     1
# FGMRES final (true) residual:
# Iteration = 4: |res|/|res0| = 2.63154e-11.

Computing volumes of the grid elements.
Non-linear iter.: 386/500. Linear iter.: 4. Min. area: 0.000147066. Error: 2.63154e-11.
Computing volumes of the grid elements.
Min. volume: 0.000147066, max. volume: 36.3783.

# FGMRES residual history
# Residual tolerance target = 1e-10
# Initial residual norm     = 6.67803e-08
     0     1
# FGMRES final (true) residual:
# Iteration = 4: |res|/|res0| = 2.63207e-11.

Computing volumes of the grid elements.
Non-linear iter.: 387/500. Linear iter.: 4. Min. area: 0.000147062. Error: 2.63207e-11.
Computing volumes of the grid elements.
Min. volume: 0.000147062, max. volume: 36.3783.

# FGMRES residual history
# Residual tolerance target = 1e-10
# Initial residual norm     = 6.72287e-08
     0     1
# FGMRES final (true) residual:
# Iteration = 4: |res|/|res0| = 2.63162e-11.

Computing volumes of the grid elements.
Non-linear iter.: 388/500. Linear iter.: 4. Min. area: 0.000147059. Error: 2.63162e-11.
Computing volumes of the grid elements.
Min. volume: 0.000147059, max. volume: 36.3783.

# FGMRES residual history
# Residual tolerance target = 1e-10
# Initial residual norm     = 6.76851e-08
     0     1
# FGMRES final (true) residual:
# Iteration = 4: |res|/|res0| = 2.63024e-11.

Computing volumes of the grid elements.
Non-linear iter.: 389/500. Linear iter.: 4. Min. area: 0.000147055. Error: 2.63024e-11.
Computing volumes of the grid elements.
Min. volume: 0.000147055, max. volume: 36.3784.

# FGMRES residual history
# Residual tolerance target = 1e-10
# Initial residual norm     = 6.81495e-08
     0     1
# FGMRES final (true) residual:
# Iteration = 4: |res|/|res0| = 2.62796e-11.

Computing volumes of the grid elements.
Non-linear iter.: 390/500. Linear iter.: 4. Min. area: 0.000147052. Error: 2.62796e-11.
Computing volumes of the grid elements.
Min. volume: 0.000147052, max. volume: 36.3784.

# FGMRES residual history
# Residual tolerance target = 1e-10
# Initial residual norm     = 6.86218e-08
     0     1
# FGMRES final (true) residual:
# Iteration = 4: |res|/|res0| = 2.62483e-11.

Computing volumes of the grid elements.
Non-linear iter.: 391/500. Linear iter.: 4. Min. area: 0.000147048. Error: 2.62483e-11.
Computing volumes of the grid elements.
Min. volume: 0.000147048, max. volume: 36.3784.

# FGMRES residual history
# Residual tolerance target = 1e-10
# Initial residual norm     = 6.91019e-08
     0     1
# FGMRES final (true) residual:
# Iteration = 4: |res|/|res0| = 2.62088e-11.

Computing volumes of the grid elements.
Non-linear iter.: 392/500. Linear iter.: 4. Min. area: 0.000147045. Error: 2.62088e-11.
Computing volumes of the grid elements.
Min. volume: 0.000147045, max. volume: 36.3784.

# FGMRES residual history
# Residual tolerance target = 1e-10
# Initial residual norm     = 6.95897e-08
     0     1
# FGMRES final (true) residual:
# Iteration = 4: |res|/|res0| = 2.61615e-11.

Computing volumes of the grid elements.
Non-linear iter.: 393/500. Linear iter.: 4. Min. area: 0.000147041. Error: 2.61615e-11.
Computing volumes of the grid elements.
Min. volume: 0.000147041, max. volume: 36.3784.

# FGMRES residual history
# Residual tolerance target = 1e-10
# Initial residual norm     = 7.00852e-08
     0     1
# FGMRES final (true) residual:
# Iteration = 4: |res|/|res0| = 2.6107e-11.

Computing volumes of the grid elements.
Non-linear iter.: 394/500. Linear iter.: 4. Min. area: 0.000147038. Error: 2.6107e-11.
Computing volumes of the grid elements.
Min. volume: 0.000147038, max. volume: 36.3784.

# FGMRES residual history
# Residual tolerance target = 1e-10
# Initial residual norm     = 7.05883e-08
     0     1
# FGMRES final (true) residual:
# Iteration = 4: |res|/|res0| = 2.60455e-11.

Computing volumes of the grid elements.
Non-linear iter.: 395/500. Linear iter.: 4. Min. area: 0.000147034. Error: 2.60455e-11.
Computing volumes of the grid elements.
Min. volume: 0.000147034, max. volume: 36.3784.

# FGMRES residual history
# Residual tolerance target = 1e-10
# Initial residual norm     = 7.10989e-08
     0     1
# FGMRES final (true) residual:
# Iteration = 4: |res|/|res0| = 2.59775e-11.

Computing volumes of the grid elements.
Non-linear iter.: 396/500. Linear iter.: 4. Min. area: 0.000147031. Error: 2.59775e-11.
Computing volumes of the grid elements.
Min. volume: 0.000147031, max. volume: 36.3784.

# FGMRES residual history
# Residual tolerance target = 1e-10
# Initial residual norm     = 7.1617e-08
     0     1
# FGMRES final (true) residual:
# Iteration = 4: |res|/|res0| = 2.59034e-11.

Computing volumes of the grid elements.
Non-linear iter.: 397/500. Linear iter.: 4. Min. area: 0.000147027. Error: 2.59034e-11.
Computing volumes of the grid elements.
Min. volume: 0.000147027, max. volume: 36.3785.

# FGMRES residual history
# Residual tolerance target = 1e-10
# Initial residual norm     = 7.21424e-08
     0     1
# FGMRES final (true) residual:
# Iteration = 4: |res|/|res0| = 2.58235e-11.

Computing volumes of the grid elements.
Non-linear iter.: 398/500. Linear iter.: 4. Min. area: 0.000147024. Error: 2.58235e-11.
Computing volumes of the grid elements.
Min. volume: 0.000147024, max. volume: 36.3785.

# FGMRES residual history
# Residual tolerance target = 1e-10
# Initial residual norm     = 7.26751e-08
     0     1
# FGMRES final (true) residual:
# Iteration = 4: |res|/|res0| = 2.57382e-11.

Computing volumes of the grid elements.
Non-linear iter.: 399/500. Linear iter.: 4. Min. area: 0.00014702. Error: 2.57382e-11.
Computing volumes of the grid elements.
Min. volume: 0.00014702, max. volume: 36.3785.

# FGMRES residual history
# Residual tolerance target = 1e-10
# Initial residual norm     = 7.32151e-08
     0     1
# FGMRES final (true) residual:
# Iteration = 4: |res|/|res0| = 2.56478e-11.

Computing volumes of the grid elements.
Non-linear iter.: 400/500. Linear iter.: 4. Min. area: 0.000147017. Error: 2.56478e-11.
Computing volumes of the grid elements.
Min. volume: 0.000147017, max. volume: 36.3785.

# FGMRES residual history
# Residual tolerance target = 1e-10
# Initial residual norm     = 7.37623e-08
     0     1
# FGMRES final (true) residual:
# Iteration = 4: |res|/|res0| = 2.55528e-11.

Computing volumes of the grid elements.
Non-linear iter.: 401/500. Linear iter.: 4. Min. area: 0.000147013. Error: 2.55528e-11.
Computing volumes of the grid elements.
Min. volume: 0.000147013, max. volume: 36.3786.

# FGMRES residual history
# Residual tolerance target = 1e-10
# Initial residual norm     = 7.43166e-08
     0     1
# FGMRES final (true) residual:
# Iteration = 4: |res|/|res0| = 2.54533e-11.

Computing volumes of the grid elements.
Non-linear iter.: 402/500. Linear iter.: 4. Min. area: 0.00014701. Error: 2.54533e-11.
Computing volumes of the grid elements.
Min. volume: 0.00014701, max. volume: 36.3786.

# FGMRES residual history
# Residual tolerance target = 1e-10
# Initial residual norm     = 7.4878e-08
     0     1
# FGMRES final (true) residual:
# Iteration = 4: |res|/|res0| = 2.53498e-11.

Computing volumes of the grid elements.
Non-linear iter.: 403/500. Linear iter.: 4. Min. area: 0.000147006. Error: 2.53498e-11.
Computing volumes of the grid elements.
Min. volume: 0.000147006, max. volume: 36.3786.

# FGMRES residual history
# Residual tolerance target = 1e-10
# Initial residual norm     = 7.54463e-08
     0     1
# FGMRES final (true) residual:
# Iteration = 4: |res|/|res0| = 2.52426e-11.

Computing volumes of the grid elements.
Non-linear iter.: 404/500. Linear iter.: 4. Min. area: 0.000147003. Error: 2.52426e-11.
Computing volumes of the grid elements.
Min. volume: 0.000147003, max. volume: 36.3787.

# FGMRES residual history
# Residual tolerance target = 1e-10
# Initial residual norm     = 7.60216e-08
     0     1
# FGMRES final (true) residual:
# Iteration = 4: |res|/|res0| = 2.51318e-11.

Computing volumes of the grid elements.
Non-linear iter.: 405/500. Linear iter.: 4. Min. area: 0.000147. Error: 2.51318e-11.
Computing volumes of the grid elements.
Min. volume: 0.000147, max. volume: 36.3787.

# FGMRES residual history
# Residual tolerance target = 1e-10
# Initial residual norm     = 7.66037e-08
     0     1
# FGMRES final (true) residual:
# Iteration = 4: |res|/|res0| = 2.50178e-11.

Computing volumes of the grid elements.
Non-linear iter.: 406/500. Linear iter.: 4. Min. area: 0.000146996. Error: 2.50178e-11.
Computing volumes of the grid elements.
Min. volume: 0.000146996, max. volume: 36.3787.

# FGMRES residual history
# Residual tolerance target = 1e-10
# Initial residual norm     = 7.71927e-08
     0     1
# FGMRES final (true) residual:
# Iteration = 4: |res|/|res0| = 2.49009e-11.

Computing volumes of the grid elements.
Non-linear iter.: 407/500. Linear iter.: 4. Min. area: 0.000146993. Error: 2.49009e-11.
Computing volumes of the grid elements.
Min. volume: 0.000146993, max. volume: 36.3788.

# FGMRES residual history
# Residual tolerance target = 1e-10
# Initial residual norm     = 7.77884e-08
     0     1
# FGMRES final (true) residual:
# Iteration = 4: |res|/|res0| = 2.47812e-11.

Computing volumes of the grid elements.
Non-linear iter.: 408/500. Linear iter.: 4. Min. area: 0.000146989. Error: 2.47812e-11.
Computing volumes of the grid elements.
Min. volume: 0.000146989, max. volume: 36.3788.

# FGMRES residual history
# Residual tolerance target = 1e-10
# Initial residual norm     = 7.83908e-08
     0     1
# FGMRES final (true) residual:
# Iteration = 4: |res|/|res0| = 2.46591e-11.

Computing volumes of the grid elements.
Non-linear iter.: 409/500. Linear iter.: 4. Min. area: 0.000146986. Error: 2.46591e-11.
Computing volumes of the grid elements.
Min. volume: 0.000146986, max. volume: 36.3788.

# FGMRES residual history
# Residual tolerance target = 1e-10
# Initial residual norm     = 7.89999e-08
     0     1
# FGMRES final (true) residual:
# Iteration = 4: |res|/|res0| = 2.45347e-11.

Computing volumes of the grid elements.
Non-linear iter.: 410/500. Linear iter.: 4. Min. area: 0.000146982. Error: 2.45347e-11.
Computing volumes of the grid elements.
Min. volume: 0.000146982, max. volume: 36.3789.

# FGMRES residual history
# Residual tolerance target = 1e-10
# Initial residual norm     = 7.96156e-08
     0     1
# FGMRES final (true) residual:
# Iteration = 4: |res|/|res0| = 2.44082e-11.

Computing volumes of the grid elements.
Non-linear iter.: 411/500. Linear iter.: 4. Min. area: 0.000146979. Error: 2.44082e-11.
Computing volumes of the grid elements.
Min. volume: 0.000146979, max. volume: 36.3789.

# FGMRES residual history
# Residual tolerance target = 1e-10
# Initial residual norm     = 8.02379e-08
     0     1
# FGMRES final (true) residual:
# Iteration = 4: |res|/|res0| = 2.42799e-11.

Computing volumes of the grid elements.
Non-linear iter.: 412/500. Linear iter.: 4. Min. area: 0.000146975. Error: 2.42799e-11.
Computing volumes of the grid elements.
Min. volume: 0.000146975, max. volume: 36.379.

# FGMRES residual history
# Residual tolerance target = 1e-10
# Initial residual norm     = 8.08666e-08
     0     1
# FGMRES final (true) residual:
# Iteration = 4: |res|/|res0| = 2.41499e-11.

Computing volumes of the grid elements.
Non-linear iter.: 413/500. Linear iter.: 4. Min. area: 0.000146972. Error: 2.41499e-11.
Computing volumes of the grid elements.
Min. volume: 0.000146972, max. volume: 36.379.

# FGMRES residual history
# Residual tolerance target = 1e-10
# Initial residual norm     = 8.15018e-08
     0     1
# FGMRES final (true) residual:
# Iteration = 4: |res|/|res0| = 2.40184e-11.

Computing volumes of the grid elements.
Non-linear iter.: 414/500. Linear iter.: 4. Min. area: 0.000146968. Error: 2.40184e-11.
Computing volumes of the grid elements.
Min. volume: 0.000146968, max. volume: 36.3791.

# FGMRES residual history
# Residual tolerance target = 1e-10
# Initial residual norm     = 8.21435e-08
     0     1
# FGMRES final (true) residual:
# Iteration = 4: |res|/|res0| = 2.38856e-11.

Computing volumes of the grid elements.
Non-linear iter.: 415/500. Linear iter.: 4. Min. area: 0.000146965. Error: 2.38856e-11.
Computing volumes of the grid elements.
Min. volume: 0.000146965, max. volume: 36.3791.

# FGMRES residual history
# Residual tolerance target = 1e-10
# Initial residual norm     = 8.27914e-08
     0     1
# FGMRES final (true) residual:
# Iteration = 4: |res|/|res0| = 2.37515e-11.

Computing volumes of the grid elements.
Non-linear iter.: 416/500. Linear iter.: 4. Min. area: 0.000146961. Error: 2.37515e-11.
Computing volumes of the grid elements.
Min. volume: 0.000146961, max. volume: 36.3792.

# FGMRES residual history
# Residual tolerance target = 1e-10
# Initial residual norm     = 8.34458e-08
     0     1
# FGMRES final (true) residual:
# Iteration = 4: |res|/|res0| = 2.36165e-11.

Computing volumes of the grid elements.
Non-linear iter.: 417/500. Linear iter.: 4. Min. area: 0.000146958. Error: 2.36165e-11.
Computing volumes of the grid elements.
Min. volume: 0.000146958, max. volume: 36.3792.

# FGMRES residual history
# Residual tolerance target = 1e-10
# Initial residual norm     = 8.41064e-08
     0     1
# FGMRES final (true) residual:
# Iteration = 4: |res|/|res0| = 2.34805e-11.

Computing volumes of the grid elements.
Non-linear iter.: 418/500. Linear iter.: 4. Min. area: 0.000146954. Error: 2.34805e-11.
Computing volumes of the grid elements.
Min. volume: 0.000146954, max. volume: 36.3793.

# FGMRES residual history
# Residual tolerance target = 1e-10
# Initial residual norm     = 8.47732e-08
     0     1
# FGMRES final (true) residual:
# Iteration = 4: |res|/|res0| = 2.33438e-11.

Computing volumes of the grid elements.
Non-linear iter.: 419/500. Linear iter.: 4. Min. area: 0.000146951. Error: 2.33438e-11.
Computing volumes of the grid elements.
Min. volume: 0.000146951, max. volume: 36.3794.

# FGMRES residual history
# Residual tolerance target = 1e-10
# Initial residual norm     = 8.54463e-08
     0     1
# FGMRES final (true) residual:
# Iteration = 4: |res|/|res0| = 2.32064e-11.

Computing volumes of the grid elements.
Non-linear iter.: 420/500. Linear iter.: 4. Min. area: 0.000146947. Error: 2.32064e-11.
Computing volumes of the grid elements.
Min. volume: 0.000146947, max. volume: 36.3794.

# FGMRES residual history
# Residual tolerance target = 1e-10
# Initial residual norm     = 8.61255e-08
     0     1
# FGMRES final (true) residual:
# Iteration = 4: |res|/|res0| = 2.30684e-11.

Computing volumes of the grid elements.
Non-linear iter.: 421/500. Linear iter.: 4. Min. area: 0.000146944. Error: 2.30684e-11.
Computing volumes of the grid elements.
Min. volume: 0.000146944, max. volume: 36.3795.

# FGMRES residual history
# Residual tolerance target = 1e-10
# Initial residual norm     = 8.68109e-08
     0     1
# FGMRES final (true) residual:
# Iteration = 4: |res|/|res0| = 2.29301e-11.

Computing volumes of the grid elements.
Non-linear iter.: 422/500. Linear iter.: 4. Min. area: 0.00014694. Error: 2.29301e-11.
Computing volumes of the grid elements.
Min. volume: 0.00014694, max. volume: 36.3796.

# FGMRES residual history
# Residual tolerance target = 1e-10
# Initial residual norm     = 8.75024e-08
     0     1
# FGMRES final (true) residual:
# Iteration = 4: |res|/|res0| = 2.27913e-11.

Computing volumes of the grid elements.
Non-linear iter.: 423/500. Linear iter.: 4. Min. area: 0.000146937. Error: 2.27913e-11.
Computing volumes of the grid elements.
Min. volume: 0.000146937, max. volume: 36.3796.

# FGMRES residual history
# Residual tolerance target = 1e-10
# Initial residual norm     = 8.81999e-08
     0     1
# FGMRES final (true) residual:
# Iteration = 4: |res|/|res0| = 2.26524e-11.

Computing volumes of the grid elements.
Non-linear iter.: 424/500. Linear iter.: 4. Min. area: 0.000146934. Error: 2.26524e-11.
Computing volumes of the grid elements.
Min. volume: 0.000146934, max. volume: 36.3797.

# FGMRES residual history
# Residual tolerance target = 1e-10
# Initial residual norm     = 8.89035e-08
     0     1
# FGMRES final (true) residual:
# Iteration = 4: |res|/|res0| = 2.25133e-11.

Computing volumes of the grid elements.
Non-linear iter.: 425/500. Linear iter.: 4. Min. area: 0.00014693. Error: 2.25133e-11.
Computing volumes of the grid elements.
Min. volume: 0.00014693, max. volume: 36.3798.

# FGMRES residual history
# Residual tolerance target = 1e-10
# Initial residual norm     = 8.96131e-08
     0     1
# FGMRES final (true) residual:
# Iteration = 4: |res|/|res0| = 2.23741e-11.

Computing volumes of the grid elements.
Non-linear iter.: 426/500. Linear iter.: 4. Min. area: 0.000146927. Error: 2.23741e-11.
Computing volumes of the grid elements.
Min. volume: 0.000146927, max. volume: 36.3798.

# FGMRES residual history
# Residual tolerance target = 1e-10
# Initial residual norm     = 9.03287e-08
     0     1
# FGMRES final (true) residual:
# Iteration = 4: |res|/|res0| = 2.22349e-11.

Computing volumes of the grid elements.
Non-linear iter.: 427/500. Linear iter.: 4. Min. area: 0.000146923. Error: 2.22349e-11.
Computing volumes of the grid elements.
Min. volume: 0.000146923, max. volume: 36.3799.

# FGMRES residual history
# Residual tolerance target = 1e-10
# Initial residual norm     = 9.10502e-08
     0     1
# FGMRES final (true) residual:
# Iteration = 4: |res|/|res0| = 2.20958e-11.

Computing volumes of the grid elements.
Non-linear iter.: 428/500. Linear iter.: 4. Min. area: 0.00014692. Error: 2.20958e-11.
Computing volumes of the grid elements.
Min. volume: 0.00014692, max. volume: 36.38.

# FGMRES residual history
# Residual tolerance target = 1e-10
# Initial residual norm     = 9.17777e-08
     0     1
# FGMRES final (true) residual:
# Iteration = 4: |res|/|res0| = 2.19568e-11.

Computing volumes of the grid elements.
Non-linear iter.: 429/500. Linear iter.: 4. Min. area: 0.000146916. Error: 2.19568e-11.
Computing volumes of the grid elements.
Min. volume: 0.000146916, max. volume: 36.3801.

# FGMRES residual history
# Residual tolerance target = 1e-10
# Initial residual norm     = 9.25111e-08
     0     1
# FGMRES final (true) residual:
# Iteration = 4: |res|/|res0| = 2.1818e-11.

Computing volumes of the grid elements.
Non-linear iter.: 430/500. Linear iter.: 4. Min. area: 0.000146913. Error: 2.1818e-11.
Computing volumes of the grid elements.
Min. volume: 0.000146913, max. volume: 36.3801.

# FGMRES residual history
# Residual tolerance target = 1e-10
# Initial residual norm     = 9.32504e-08
     0     1
# FGMRES final (true) residual:
# Iteration = 4: |res|/|res0| = 2.16795e-11.

Computing volumes of the grid elements.
Non-linear iter.: 431/500. Linear iter.: 4. Min. area: 0.000146909. Error: 2.16795e-11.
Computing volumes of the grid elements.
Min. volume: 0.000146909, max. volume: 36.3802.

# FGMRES residual history
# Residual tolerance target = 1e-10
# Initial residual norm     = 9.39955e-08
     0     1
# FGMRES final (true) residual:
# Iteration = 4: |res|/|res0| = 2.15413e-11.

Computing volumes of the grid elements.
Non-linear iter.: 432/500. Linear iter.: 4. Min. area: 0.000146906. Error: 2.15413e-11.
Computing volumes of the grid elements.
Min. volume: 0.000146906, max. volume: 36.3803.

# FGMRES residual history
# Residual tolerance target = 1e-10
# Initial residual norm     = 9.47465e-08
     0     1
# FGMRES final (true) residual:
# Iteration = 4: |res|/|res0| = 2.14034e-11.

Computing volumes of the grid elements.
Non-linear iter.: 433/500. Linear iter.: 4. Min. area: 0.000146902. Error: 2.14034e-11.
Computing volumes of the grid elements.
Min. volume: 0.000146902, max. volume: 36.3804.

# FGMRES residual history
# Residual tolerance target = 1e-10
# Initial residual norm     = 9.55032e-08
     0     1
# FGMRES final (true) residual:
# Iteration = 4: |res|/|res0| = 2.1266e-11.

Computing volumes of the grid elements.
Non-linear iter.: 434/500. Linear iter.: 4. Min. area: 0.000146899. Error: 2.1266e-11.
Computing volumes of the grid elements.
Min. volume: 0.000146899, max. volume: 36.3805.

# FGMRES residual history
# Residual tolerance target = 1e-10
# Initial residual norm     = 9.62658e-08
     0     1
# FGMRES final (true) residual:
# Iteration = 4: |res|/|res0| = 2.1129e-11.

Computing volumes of the grid elements.
Non-linear iter.: 435/500. Linear iter.: 4. Min. area: 0.000146895. Error: 2.1129e-11.
Computing volumes of the grid elements.
Min. volume: 0.000146895, max. volume: 36.3806.

# FGMRES residual history
# Residual tolerance target = 1e-10
# Initial residual norm     = 9.70342e-08
     0     1
# FGMRES final (true) residual:
# Iteration = 4: |res|/|res0| = 2.09925e-11.

Computing volumes of the grid elements.
Non-linear iter.: 436/500. Linear iter.: 4. Min. area: 0.000146892. Error: 2.09925e-11.
Computing volumes of the grid elements.
Min. volume: 0.000146892, max. volume: 36.3807.

# FGMRES residual history
# Residual tolerance target = 1e-10
# Initial residual norm     = 9.78084e-08
     0     1
# FGMRES final (true) residual:
# Iteration = 4: |res|/|res0| = 2.08565e-11.

Computing volumes of the grid elements.
Non-linear iter.: 437/500. Linear iter.: 4. Min. area: 0.000146888. Error: 2.08565e-11.
Computing volumes of the grid elements.
Min. volume: 0.000146888, max. volume: 36.3808.

# FGMRES residual history
# Residual tolerance target = 1e-10
# Initial residual norm     = 9.85883e-08
     0     1
# FGMRES final (true) residual:
# Iteration = 4: |res|/|res0| = 2.0721e-11.

Computing volumes of the grid elements.
Non-linear iter.: 438/500. Linear iter.: 4. Min. area: 0.000146885. Error: 2.0721e-11.
Computing volumes of the grid elements.
Min. volume: 0.000146885, max. volume: 36.3809.

# FGMRES residual history
# Residual tolerance target = 1e-10
# Initial residual norm     = 9.9374e-08
     0     1
# FGMRES final (true) residual:
# Iteration = 4: |res|/|res0| = 2.05862e-11.

Computing volumes of the grid elements.
Non-linear iter.: 439/500. Linear iter.: 4. Min. area: 0.000146882. Error: 2.05862e-11.
Computing volumes of the grid elements.
Min. volume: 0.000146882, max. volume: 36.381.

# FGMRES residual history
# Residual tolerance target = 1e-10
# Initial residual norm     = 1.00165e-07
     0     1
# FGMRES final (true) residual:
# Iteration = 4: |res|/|res0| = 2.04519e-11.

Computing volumes of the grid elements.
Non-linear iter.: 440/500. Linear iter.: 4. Min. area: 0.000146878. Error: 2.04519e-11.
Computing volumes of the grid elements.
Min. volume: 0.000146878, max. volume: 36.3811.

# FGMRES residual history
# Residual tolerance target = 1e-10
# Initial residual norm     = 1.00962e-07
     0     1
# FGMRES final (true) residual:
# Iteration = 4: |res|/|res0| = 2.03183e-11.

Computing volumes of the grid elements.
Non-linear iter.: 441/500. Linear iter.: 4. Min. area: 0.000146875. Error: 2.03183e-11.
Computing volumes of the grid elements.
Min. volume: 0.000146875, max. volume: 36.3812.

# FGMRES residual history
# Residual tolerance target = 1e-10
# Initial residual norm     = 1.01765e-07
     0     1
# FGMRES final (true) residual:
# Iteration = 4: |res|/|res0| = 2.01854e-11.

Computing volumes of the grid elements.
Non-linear iter.: 442/500. Linear iter.: 4. Min. area: 0.000146871. Error: 2.01854e-11.
Computing volumes of the grid elements.
Min. volume: 0.000146871, max. volume: 36.3813.

# FGMRES residual history
# Residual tolerance target = 1e-10
# Initial residual norm     = 1.02574e-07
     0     1
# FGMRES final (true) residual:
# Iteration = 4: |res|/|res0| = 2.00532e-11.

Computing volumes of the grid elements.
Non-linear iter.: 443/500. Linear iter.: 4. Min. area: 0.000146868. Error: 2.00532e-11.
Computing volumes of the grid elements.
Min. volume: 0.000146868, max. volume: 36.3814.

# FGMRES residual history
# Residual tolerance target = 1e-10
# Initial residual norm     = 1.03388e-07
     0     1
# FGMRES final (true) residual:
# Iteration = 4: |res|/|res0| = 1.99217e-11.

Computing volumes of the grid elements.
Non-linear iter.: 444/500. Linear iter.: 4. Min. area: 0.000146864. Error: 1.99217e-11.
Computing volumes of the grid elements.
Min. volume: 0.000146864, max. volume: 36.3815.

# FGMRES residual history
# Residual tolerance target = 1e-10
# Initial residual norm     = 1.04208e-07
     0     1
# FGMRES final (true) residual:
# Iteration = 4: |res|/|res0| = 1.97909e-11.

Computing volumes of the grid elements.
Non-linear iter.: 445/500. Linear iter.: 4. Min. area: 0.000146861. Error: 1.97909e-11.
Computing volumes of the grid elements.
Min. volume: 0.000146861, max. volume: 36.3816.

# FGMRES residual history
# Residual tolerance target = 1e-10
# Initial residual norm     = 1.05034e-07
     0     1
# FGMRES final (true) residual:
# Iteration = 4: |res|/|res0| = 1.96608e-11.

Computing volumes of the grid elements.
Non-linear iter.: 446/500. Linear iter.: 4. Min. area: 0.000146857. Error: 1.96608e-11.
Computing volumes of the grid elements.
Min. volume: 0.000146857, max. volume: 36.3817.

# FGMRES residual history
# Residual tolerance target = 1e-10
# Initial residual norm     = 1.05865e-07
     0     1
# FGMRES final (true) residual:
# Iteration = 4: |res|/|res0| = 1.95316e-11.

Computing volumes of the grid elements.
Non-linear iter.: 447/500. Linear iter.: 4. Min. area: 0.000146854. Error: 1.95316e-11.
Computing volumes of the grid elements.
Min. volume: 0.000146854, max. volume: 36.3818.

# FGMRES residual history
# Residual tolerance target = 1e-10
# Initial residual norm     = 1.06702e-07
     0     1
# FGMRES final (true) residual:
# Iteration = 4: |res|/|res0| = 1.94031e-11.

Computing volumes of the grid elements.
Non-linear iter.: 448/500. Linear iter.: 4. Min. area: 0.00014685. Error: 1.94031e-11.
Computing volumes of the grid elements.
Min. volume: 0.00014685, max. volume: 36.3819.

# FGMRES residual history
# Residual tolerance target = 1e-10
# Initial residual norm     = 1.07545e-07
     0     1
# FGMRES final (true) residual:
# Iteration = 4: |res|/|res0| = 1.92754e-11.

Computing volumes of the grid elements.
Non-linear iter.: 449/500. Linear iter.: 4. Min. area: 0.000146847. Error: 1.92754e-11.
Computing volumes of the grid elements.
Min. volume: 0.000146847, max. volume: 36.382.

# FGMRES residual history
# Residual tolerance target = 1e-10
# Initial residual norm     = 1.08393e-07
     0     1
# FGMRES final (true) residual:
# Iteration = 4: |res|/|res0| = 1.91484e-11.

Computing volumes of the grid elements.
Non-linear iter.: 450/500. Linear iter.: 4. Min. area: 0.000146844. Error: 1.91484e-11.
Computing volumes of the grid elements.
Min. volume: 0.000146844, max. volume: 36.3822.

# FGMRES residual history
# Residual tolerance target = 1e-10
# Initial residual norm     = 1.09247e-07
     0     1
# FGMRES final (true) residual:
# Iteration = 4: |res|/|res0| = 1.90224e-11.

Computing volumes of the grid elements.
Non-linear iter.: 451/500. Linear iter.: 4. Min. area: 0.00014684. Error: 1.90224e-11.
Computing volumes of the grid elements.
Min. volume: 0.00014684, max. volume: 36.3823.

# FGMRES residual history
# Residual tolerance target = 1e-10
# Initial residual norm     = 1.10107e-07
     0     1
# FGMRES final (true) residual:
# Iteration = 4: |res|/|res0| = 1.88971e-11.

Computing volumes of the grid elements.
Non-linear iter.: 452/500. Linear iter.: 4. Min. area: 0.000146837. Error: 1.88971e-11.
Computing volumes of the grid elements.
Min. volume: 0.000146837, max. volume: 36.3824.

# FGMRES residual history
# Residual tolerance target = 1e-10
# Initial residual norm     = 1.10972e-07
     0     1
# FGMRES final (true) residual:
# Iteration = 4: |res|/|res0| = 1.87726e-11.

Computing volumes of the grid elements.
Non-linear iter.: 453/500. Linear iter.: 4. Min. area: 0.000146833. Error: 1.87726e-11.
Computing volumes of the grid elements.
Min. volume: 0.000146833, max. volume: 36.3825.

# FGMRES residual history
# Residual tolerance target = 1e-10
# Initial residual norm     = 1.11843e-07
     0     1
# FGMRES final (true) residual:
# Iteration = 4: |res|/|res0| = 1.8649e-11.

Computing volumes of the grid elements.
Non-linear iter.: 454/500. Linear iter.: 4. Min. area: 0.00014683. Error: 1.8649e-11.
Computing volumes of the grid elements.
Min. volume: 0.00014683, max. volume: 36.3827.

# FGMRES residual history
# Residual tolerance target = 1e-10
# Initial residual norm     = 1.1272e-07
     0     1
# FGMRES final (true) residual:
# Iteration = 4: |res|/|res0| = 1.85263e-11.

Computing volumes of the grid elements.
Non-linear iter.: 455/500. Linear iter.: 4. Min. area: 0.000146826. Error: 1.85263e-11.
Computing volumes of the grid elements.
Min. volume: 0.000146826, max. volume: 36.3828.

# FGMRES residual history
# Residual tolerance target = 1e-10
# Initial residual norm     = 1.13602e-07
     0     1
# FGMRES final (true) residual:
# Iteration = 4: |res|/|res0| = 1.84044e-11.

Computing volumes of the grid elements.
Non-linear iter.: 456/500. Linear iter.: 4. Min. area: 0.000146823. Error: 1.84044e-11.
Computing volumes of the grid elements.
Min. volume: 0.000146823, max. volume: 36.3829.

# FGMRES residual history
# Residual tolerance target = 1e-10
# Initial residual norm     = 1.1449e-07
     0     1
# FGMRES final (true) residual:
# Iteration = 4: |res|/|res0| = 1.82833e-11.

Computing volumes of the grid elements.
Non-linear iter.: 457/500. Linear iter.: 4. Min. area: 0.000146819. Error: 1.82833e-11.
Computing volumes of the grid elements.
Min. volume: 0.000146819, max. volume: 36.3831.

# FGMRES residual history
# Residual tolerance target = 1e-10
# Initial residual norm     = 1.15384e-07
     0     1
# FGMRES final (true) residual:
# Iteration = 4: |res|/|res0| = 1.81631e-11.

Computing volumes of the grid elements.
Non-linear iter.: 458/500. Linear iter.: 4. Min. area: 0.000146816. Error: 1.81631e-11.
Computing volumes of the grid elements.
Min. volume: 0.000146816, max. volume: 36.3832.

# FGMRES residual history
# Residual tolerance target = 1e-10
# Initial residual norm     = 1.16284e-07
     0     1
# FGMRES final (true) residual:
# Iteration = 4: |res|/|res0| = 1.80437e-11.

Computing volumes of the grid elements.
Non-linear iter.: 459/500. Linear iter.: 4. Min. area: 0.000146813. Error: 1.80437e-11.
Computing volumes of the grid elements.
Min. volume: 0.000146813, max. volume: 36.3833.

# FGMRES residual history
# Residual tolerance target = 1e-10
# Initial residual norm     = 1.17189e-07
     0     1
# FGMRES final (true) residual:
# Iteration = 4: |res|/|res0| = 1.79252e-11.

Computing volumes of the grid elements.
Non-linear iter.: 460/500. Linear iter.: 4. Min. area: 0.000146809. Error: 1.79252e-11.
Computing volumes of the grid elements.
Min. volume: 0.000146809, max. volume: 36.3835.

# FGMRES residual history
# Residual tolerance target = 1e-10
# Initial residual norm     = 1.181e-07
     0     1
# FGMRES final (true) residual:
# Iteration = 4: |res|/|res0| = 1.78076e-11.

Computing volumes of the grid elements.
Non-linear iter.: 461/500. Linear iter.: 4. Min. area: 0.000146806. Error: 1.78076e-11.
Computing volumes of the grid elements.
Min. volume: 0.000146806, max. volume: 36.3836.

# FGMRES residual history
# Residual tolerance target = 1e-10
# Initial residual norm     = 1.19017e-07
     0     1
# FGMRES final (true) residual:
# Iteration = 4: |res|/|res0| = 1.76908e-11.

Computing volumes of the grid elements.
Non-linear iter.: 462/500. Linear iter.: 4. Min. area: 0.000146802. Error: 1.76908e-11.
Computing volumes of the grid elements.
Min. volume: 0.000146802, max. volume: 36.3838.

# FGMRES residual history
# Residual tolerance target = 1e-10
# Initial residual norm     = 1.19939e-07
     0     1
# FGMRES final (true) residual:
# Iteration = 4: |res|/|res0| = 1.75749e-11.

Computing volumes of the grid elements.
Non-linear iter.: 463/500. Linear iter.: 4. Min. area: 0.000146799. Error: 1.75749e-11.
Computing volumes of the grid elements.
Min. volume: 0.000146799, max. volume: 36.3839.

# FGMRES residual history
# Residual tolerance target = 1e-10
# Initial residual norm     = 1.20868e-07
     0     1
# FGMRES final (true) residual:
# Iteration = 4: |res|/|res0| = 1.74599e-11.

Computing volumes of the grid elements.
Non-linear iter.: 464/500. Linear iter.: 4. Min. area: 0.000146795. Error: 1.74599e-11.
Computing volumes of the grid elements.
Min. volume: 0.000146795, max. volume: 36.3841.

# FGMRES residual history
# Residual tolerance target = 1e-10
# Initial residual norm     = 1.21802e-07
     0     1
# FGMRES final (true) residual:
# Iteration = 4: |res|/|res0| = 1.73457e-11.

Computing volumes of the grid elements.
Non-linear iter.: 465/500. Linear iter.: 4. Min. area: 0.000146792. Error: 1.73457e-11.
Computing volumes of the grid elements.
Min. volume: 0.000146792, max. volume: 36.3842.

# FGMRES residual history
# Residual tolerance target = 1e-10
# Initial residual norm     = 1.22741e-07
     0     1
# FGMRES final (true) residual:
# Iteration = 4: |res|/|res0| = 1.72324e-11.

Computing volumes of the grid elements.
Non-linear iter.: 466/500. Linear iter.: 4. Min. area: 0.000146788. Error: 1.72324e-11.
Computing volumes of the grid elements.
Min. volume: 0.000146788, max. volume: 36.3844.

# FGMRES residual history
# Residual tolerance target = 1e-10
# Initial residual norm     = 1.23687e-07
     0     1
# FGMRES final (true) residual:
# Iteration = 4: |res|/|res0| = 1.712e-11.

Computing volumes of the grid elements.
Non-linear iter.: 467/500. Linear iter.: 4. Min. area: 0.000146785. Error: 1.712e-11.
Computing volumes of the grid elements.
Min. volume: 0.000146785, max. volume: 36.3845.

# FGMRES residual history
# Residual tolerance target = 1e-10
# Initial residual norm     = 1.24638e-07
     0     1
# FGMRES final (true) residual:
# Iteration = 4: |res|/|res0| = 1.70084e-11.

Computing volumes of the grid elements.
Non-linear iter.: 468/500. Linear iter.: 4. Min. area: 0.000146782. Error: 1.70084e-11.
Computing volumes of the grid elements.
Min. volume: 0.000146782, max. volume: 36.3847.

# FGMRES residual history
# Residual tolerance target = 1e-10
# Initial residual norm     = 1.25596e-07
     0     1
# FGMRES final (true) residual:
# Iteration = 4: |res|/|res0| = 1.68976e-11.

Computing volumes of the grid elements.
Non-linear iter.: 469/500. Linear iter.: 4. Min. area: 0.000146778. Error: 1.68976e-11.
Computing volumes of the grid elements.
Min. volume: 0.000146778, max. volume: 36.3848.

# FGMRES residual history
# Residual tolerance target = 1e-10
# Initial residual norm     = 1.26559e-07
     0     1
# FGMRES final (true) residual:
# Iteration = 4: |res|/|res0| = 1.67878e-11.

Computing volumes of the grid elements.
Non-linear iter.: 470/500. Linear iter.: 4. Min. area: 0.000146775. Error: 1.67878e-11.
Computing volumes of the grid elements.
Min. volume: 0.000146775, max. volume: 36.385.

# FGMRES residual history
# Residual tolerance target = 1e-10
# Initial residual norm     = 1.27528e-07
     0     1
# FGMRES final (true) residual:
# Iteration = 4: |res|/|res0| = 1.66787e-11.

Computing volumes of the grid elements.
Non-linear iter.: 471/500. Linear iter.: 4. Min. area: 0.000146771. Error: 1.66787e-11.
Computing volumes of the grid elements.
Min. volume: 0.000146771, max. volume: 36.3852.

# FGMRES residual history
# Residual tolerance target = 1e-10
# Initial residual norm     = 1.28502e-07
     0     1
# FGMRES final (true) residual:
# Iteration = 4: |res|/|res0| = 1.65705e-11.

Computing volumes of the grid elements.
Non-linear iter.: 472/500. Linear iter.: 4. Min. area: 0.000146768. Error: 1.65705e-11.
Computing volumes of the grid elements.
Min. volume: 0.000146768, max. volume: 36.3853.

# FGMRES residual history
# Residual tolerance target = 1e-10
# Initial residual norm     = 1.29483e-07
     0     1
# FGMRES final (true) residual:
# Iteration = 4: |res|/|res0| = 1.64632e-11.

Computing volumes of the grid elements.
Non-linear iter.: 473/500. Linear iter.: 4. Min. area: 0.000146764. Error: 1.64632e-11.
Computing volumes of the grid elements.
Min. volume: 0.000146764, max. volume: 36.3855.

# FGMRES residual history
# Residual tolerance target = 1e-10
# Initial residual norm     = 1.3047e-07
     0     1
# FGMRES final (true) residual:
# Iteration = 4: |res|/|res0| = 1.63567e-11.

Computing volumes of the grid elements.
Non-linear iter.: 474/500. Linear iter.: 4. Min. area: 0.000146761. Error: 1.63567e-11.
Computing volumes of the grid elements.
Min. volume: 0.000146761, max. volume: 36.3857.

# FGMRES residual history
# Residual tolerance target = 1e-10
# Initial residual norm     = 1.31462e-07
     0     1
# FGMRES final (true) residual:
# Iteration = 4: |res|/|res0| = 1.6251e-11.

Computing volumes of the grid elements.
Non-linear iter.: 475/500. Linear iter.: 4. Min. area: 0.000146757. Error: 1.6251e-11.
Computing volumes of the grid elements.
Min. volume: 0.000146757, max. volume: 36.3858.

# FGMRES residual history
# Residual tolerance target = 1e-10
# Initial residual norm     = 1.32461e-07
     0     1
# FGMRES final (true) residual:
# Iteration = 4: |res|/|res0| = 1.61462e-11.

Computing volumes of the grid elements.
Non-linear iter.: 476/500. Linear iter.: 4. Min. area: 0.000146754. Error: 1.61462e-11.
Computing volumes of the grid elements.
Min. volume: 0.000146754, max. volume: 36.386.

# FGMRES residual history
# Residual tolerance target = 1e-10
# Initial residual norm     = 1.33465e-07
     0     1
# FGMRES final (true) residual:
# Iteration = 4: |res|/|res0| = 1.60422e-11.

Computing volumes of the grid elements.
Non-linear iter.: 477/500. Linear iter.: 4. Min. area: 0.000146751. Error: 1.60422e-11.
Computing volumes of the grid elements.
Min. volume: 0.000146751, max. volume: 36.3862.

# FGMRES residual history
# Residual tolerance target = 1e-10
# Initial residual norm     = 1.34476e-07
     0     1
# FGMRES final (true) residual:
# Iteration = 4: |res|/|res0| = 1.5939e-11.

Computing volumes of the grid elements.
Non-linear iter.: 478/500. Linear iter.: 4. Min. area: 0.000146747. Error: 1.5939e-11.
Computing volumes of the grid elements.
Min. volume: 0.000146747, max. volume: 36.3864.

# FGMRES residual history
# Residual tolerance target = 1e-10
# Initial residual norm     = 1.35492e-07
     0     1
# FGMRES final (true) residual:
# Iteration = 4: |res|/|res0| = 1.58366e-11.

Computing volumes of the grid elements.
Non-linear iter.: 479/500. Linear iter.: 4. Min. area: 0.000146744. Error: 1.58366e-11.
Computing volumes of the grid elements.
Min. volume: 0.000146744, max. volume: 36.3865.

# FGMRES residual history
# Residual tolerance target = 1e-10
# Initial residual norm     = 1.36515e-07
     0     1
# FGMRES final (true) residual:
# Iteration = 4: |res|/|res0| = 1.57351e-11.

Computing volumes of the grid elements.
Non-linear iter.: 480/500. Linear iter.: 4. Min. area: 0.00014674. Error: 1.57351e-11.
Computing volumes of the grid elements.
Min. volume: 0.00014674, max. volume: 36.3867.

# FGMRES residual history
# Residual tolerance target = 1e-10
# Initial residual norm     = 1.37543e-07
     0     1
# FGMRES final (true) residual:
# Iteration = 4: |res|/|res0| = 1.56343e-11.

Computing volumes of the grid elements.
Non-linear iter.: 481/500. Linear iter.: 4. Min. area: 0.000146737. Error: 1.56343e-11.
Computing volumes of the grid elements.
Min. volume: 0.000146737, max. volume: 36.3869.

# FGMRES residual history
# Residual tolerance target = 1e-10
# Initial residual norm     = 1.38578e-07
     0     1
# FGMRES final (true) residual:
# Iteration = 4: |res|/|res0| = 1.55344e-11.

Computing volumes of the grid elements.
Non-linear iter.: 482/500. Linear iter.: 4. Min. area: 0.000146733. Error: 1.55344e-11.
Computing volumes of the grid elements.
Min. volume: 0.000146733, max. volume: 36.3871.

# FGMRES residual history
# Residual tolerance target = 1e-10
# Initial residual norm     = 1.39619e-07
     0     1
# FGMRES final (true) residual:
# Iteration = 4: |res|/|res0| = 1.54353e-11.

Computing volumes of the grid elements.
Non-linear iter.: 483/500. Linear iter.: 4. Min. area: 0.00014673. Error: 1.54353e-11.
Computing volumes of the grid elements.
Min. volume: 0.00014673, max. volume: 36.3873.

# FGMRES residual history
# Residual tolerance target = 1e-10
# Initial residual norm     = 1.40666e-07
     0     1
# FGMRES final (true) residual:
# Iteration = 4: |res|/|res0| = 1.53369e-11.

Computing volumes of the grid elements.
Non-linear iter.: 484/500. Linear iter.: 4. Min. area: 0.000146727. Error: 1.53369e-11.
Computing volumes of the grid elements.
Min. volume: 0.000146727, max. volume: 36.3875.

# FGMRES residual history
# Residual tolerance target = 1e-10
# Initial residual norm     = 1.41719e-07
     0     1
# FGMRES final (true) residual:
# Iteration = 4: |res|/|res0| = 1.52393e-11.

Computing volumes of the grid elements.
Non-linear iter.: 485/500. Linear iter.: 4. Min. area: 0.000146723. Error: 1.52393e-11.
Computing volumes of the grid elements.
Min. volume: 0.000146723, max. volume: 36.3877.

# FGMRES residual history
# Residual tolerance target = 1e-10
# Initial residual norm     = 1.42779e-07
     0     1
# FGMRES final (true) residual:
# Iteration = 4: |res|/|res0| = 1.51426e-11.

Computing volumes of the grid elements.
Non-linear iter.: 486/500. Linear iter.: 4. Min. area: 0.00014672. Error: 1.51426e-11.
Computing volumes of the grid elements.
Min. volume: 0.00014672, max. volume: 36.3879.

# FGMRES residual history
# Residual tolerance target = 1e-10
# Initial residual norm     = 1.43844e-07
     0     1
# FGMRES final (true) residual:
# Iteration = 4: |res|/|res0| = 1.50466e-11.

Computing volumes of the grid elements.
Non-linear iter.: 487/500. Linear iter.: 4. Min. area: 0.000146716. Error: 1.50466e-11.
Computing volumes of the grid elements.
Min. volume: 0.000146716, max. volume: 36.3881.

# FGMRES residual history
# Residual tolerance target = 1e-10
# Initial residual norm     = 1.44916e-07
     0     1
# FGMRES final (true) residual:
# Iteration = 4: |res|/|res0| = 1.49513e-11.

Computing volumes of the grid elements.
Non-linear iter.: 488/500. Linear iter.: 4. Min. area: 0.000146713. Error: 1.49513e-11.
Computing volumes of the grid elements.
Min. volume: 0.000146713, max. volume: 36.3883.

# FGMRES residual history
# Residual tolerance target = 1e-10
# Initial residual norm     = 1.45994e-07
     0     1
# FGMRES final (true) residual:
# Iteration = 4: |res|/|res0| = 1.48569e-11.

Computing volumes of the grid elements.
Non-linear iter.: 489/500. Linear iter.: 4. Min. area: 0.000146709. Error: 1.48569e-11.
Computing volumes of the grid elements.
Min. volume: 0.000146709, max. volume: 36.3885.

# FGMRES residual history
# Residual tolerance target = 1e-10
# Initial residual norm     = 1.47079e-07
     0     1
# FGMRES final (true) residual:
# Iteration = 4: |res|/|res0| = 1.47632e-11.

Computing volumes of the grid elements.
Non-linear iter.: 490/500. Linear iter.: 4. Min. area: 0.000146706. Error: 1.47632e-11.
Computing volumes of the grid elements.
Min. volume: 0.000146706, max. volume: 36.3887.

# FGMRES residual history
# Residual tolerance target = 1e-10
# Initial residual norm     = 1.48169e-07
     0     1
# FGMRES final (true) residual:
# Iteration = 4: |res|/|res0| = 1.46702e-11.

Computing volumes of the grid elements.
Non-linear iter.: 491/500. Linear iter.: 4. Min. area: 0.000146703. Error: 1.46702e-11.
Computing volumes of the grid elements.
Min. volume: 0.000146703, max. volume: 36.3889.

# FGMRES residual history
# Residual tolerance target = 1e-10
# Initial residual norm     = 1.49267e-07
     0     1
# FGMRES final (true) residual:
# Iteration = 4: |res|/|res0| = 1.4578e-11.

Computing volumes of the grid elements.
Non-linear iter.: 492/500. Linear iter.: 4. Min. area: 0.000146699. Error: 1.4578e-11.
Computing volumes of the grid elements.
Min. volume: 0.000146699, max. volume: 36.3891.

# FGMRES residual history
# Residual tolerance target = 1e-10
# Initial residual norm     = 1.5037e-07
     0     1
# FGMRES final (true) residual:
# Iteration = 4: |res|/|res0| = 1.44865e-11.

Computing volumes of the grid elements.
Non-linear iter.: 493/500. Linear iter.: 4. Min. area: 0.000146696. Error: 1.44865e-11.
Computing volumes of the grid elements.
Min. volume: 0.000146696, max. volume: 36.3893.

# FGMRES residual history
# Residual tolerance target = 1e-10
# Initial residual norm     = 1.5148e-07
     0     1
# FGMRES final (true) residual:
# Iteration = 4: |res|/|res0| = 1.43958e-11.

Computing volumes of the grid elements.
Non-linear iter.: 494/500. Linear iter.: 4. Min. area: 0.000146692. Error: 1.43958e-11.
Computing volumes of the grid elements.
Min. volume: 0.000146692, max. volume: 36.3895.

# FGMRES residual history
# Residual tolerance target = 1e-10
# Initial residual norm     = 1.52597e-07
     0     1
# FGMRES final (true) residual:
# Iteration = 4: |res|/|res0| = 1.43058e-11.

Computing volumes of the grid elements.
Non-linear iter.: 495/500. Linear iter.: 4. Min. area: 0.000146689. Error: 1.43058e-11.
Computing volumes of the grid elements.
Min. volume: 0.000146689, max. volume: 36.3898.

# FGMRES residual history
# Residual tolerance target = 1e-10
# Initial residual norm     = 1.5372e-07
     0     1
# FGMRES final (true) residual:
# Iteration = 4: |res|/|res0| = 1.42165e-11.

Computing volumes of the grid elements.
Non-linear iter.: 496/500. Linear iter.: 4. Min. area: 0.000146685. Error: 1.42165e-11.
Computing volumes of the grid elements.
Min. volume: 0.000146685, max. volume: 36.39.

# FGMRES residual history
# Residual tolerance target = 1e-10
# Initial residual norm     = 1.54849e-07
     0     1
# FGMRES final (true) residual:
# Iteration = 4: |res|/|res0| = 1.4128e-11.

Computing volumes of the grid elements.
Non-linear iter.: 497/500. Linear iter.: 4. Min. area: 0.000146682. Error: 1.4128e-11.
Computing volumes of the grid elements.
Min. volume: 0.000146682, max. volume: 36.3902.

# FGMRES residual history
# Residual tolerance target = 1e-10
# Initial residual norm     = 1.55985e-07
     0     1
# FGMRES final (true) residual:
# Iteration = 4: |res|/|res0| = 1.40401e-11.

Computing volumes of the grid elements.
Non-linear iter.: 498/500. Linear iter.: 4. Min. area: 0.000146679. Error: 1.40401e-11.
Computing volumes of the grid elements.
Min. volume: 0.000146679, max. volume: 36.3904.

# FGMRES residual history
# Residual tolerance target = 1e-10
# Initial residual norm     = 1.57128e-07
     0     1
# FGMRES final (true) residual:
# Iteration = 4: |res|/|res0| = 1.3953e-11.

Computing volumes of the grid elements.
Non-linear iter.: 499/500. Linear iter.: 4. Min. area: 0.000146675. Error: 1.3953e-11.
Computing volumes of the grid elements.
Min. volume: 0.000146675, max. volume: 36.3907.

# FGMRES residual history
# Residual tolerance target = 1e-10
# Initial residual norm     = 1.58278e-07
     0     1
# FGMRES final (true) residual:
# Iteration = 4: |res|/|res0| = 1.38665e-11.

Computing volumes of the grid elements.
Non-linear iter.: 500/500. Linear iter.: 4. Min. area: 0.000146672. Error: 1.38665e-11.

Completed in 0.095317 seconds on 1 core.

----------------------- Write deformed grid files -----------------------
|SU2 mesh                           |mesh_deformed.su2                  |
Adding any FFD information to the SU2 file.

------------------------- Finalize Solver -------------------------
Deleted CNumerics container.
Deleted CSolver container.
Deleted CGeometry container.
Deleted CSurfaceMovement class.
Deleted CVolumetricMovement class.
Deleted CConfig container.
Deleted COutput class.

------------------------- Exit Success (SU2_DEF) ------------------------

