
-------------------------------------------------------------------------
|    ___ _   _ ___                                                      |
|   / __| | | |_  )   Release 8.4.0 "Harrier"                           |
|   \__ \ |_| |/ /                                                      |
|   |___/\___//___|   Suite (Mesh Deformation Code)                     |
|                                                                       |
-------------------------------------------------------------------------
| SU2 Project Website: https://su2code.github.io                        |
|                                                                       |
| The SU2 Project is maintained by the SU2 Foundation                   |
| (http://su2foundation.org)                                            |
-------------------------------------------------------------------------
| Copyright 2012-2026, SU2 Contributors                                 |
|                                                                       |
| SU2 is free software; you can redistribute it and/or                  |
| modify it under the terms of the GNU Lesser General Public            |
| License as published by the Free Software Foundation; either          |
| version 2.1 of the License, or (at your option) any later version.    |
|                                                                       |
| SU2 is distributed in the hope that it will be useful,                |
| but WITHOUT ANY WARRANTY; without even the implied warranty of        |
| MERCHANTABILITY or FITNESS FOR A PARTICULAR PURPOSE. See the GNU      |
| Lesser General Public License for more details.                       |
|                                                                       |
| You should have received a copy of the GNU Lesser General Public      |
| License along with SU2. If not, see <http://www.gnu.org/licenses/>.   |
-------------------------------------------------------------------------

----------------- Physical Case Definition ( Zone 0 ) -------------------
Input mesh file name: mesh_original.su2

---------------- Grid deformation parameters ( Zone 0 )  ----------------
Grid deformation using linear elasticity method.


-------------------- Output Information ( Zone 0 ) ----------------------
Output mesh file name: mesh_deformed.su2. 
Cell stiffness scaled by inverse of the cell volume.

------------- Config File Boundary Information ( Zone 0 ) ---------------
+-----------------------------------------------------------------------+
|                        Marker Type|                        Marker Name|
+-----------------------------------------------------------------------+
|                          Far-field|                           farfield|
+-----------------------------------------------------------------------+
|                     Heat flux wall|                            airfoil|
+-----------------------------------------------------------------------+
Two dimensional problem.
222 grid points.
235 volume elements.
2 surface markers.
50 boundary elements in index 0 (Marker = farfield).
159 boundary elements in index 1 (Marker = airfoil).
235 triangles.

----------------------- Preprocessing computations ----------------------
Setting local point connectivity.
Checking the numerical grid orientation of the interior elements.
All volume elements are correctly oriented.
There has been a re-orientation of 159 LINE surface elements.
Identify edges and vertices.
Setting the bound control volume structure.
Area of the computational grid: 599.973.
  Info: Ignoring the following volume output fields/groups:
  SOLUTION
Volume output fields: COORDINATES
Screen output fields: 
History output group(s): 
Warning: No (valid) fields chosen for convergence monitoring. Convergence monitoring inactive.
Warning: No (valid) fields chosen for time convergence monitoring. Time convergence monitoring inactive.

--------------------- Surface grid deformation (ZONE 0) -----------------
Performing the deformation of the surface grid.
Updating the surface coordinates from the input file.

------------------- Volumetric grid deformation (ZONE 0) ----------------
Performing the deformation of the volumetric grid.
Computing volumes of the grid elements.
Min. volume: 0.00014665, max. volume: 36.9262.

# FGMRES residual history
# Residual tolerance target = 1e-10
# Initial residual norm     = 4.64239e-06
     0     1
# FGMRES final (true) residual:
# Iteration = 4: |res|/|res0| = 1.25728e-12.

Computing volumes of the grid elements.
Non-linear iter.: 1/500. Linear iter.: 4. Min. area: 0.000146646. Error: 1.25728e-12.
Computing volumes of the grid elements.
Min. volume: 0.000146646, max. volume: 36.922.

# FGMRES residual history
# Residual tolerance target = 1e-10
# Initial residual norm     = 4.60211e-06
     0     1
# FGMRES final (true) residual:
# Iteration = 4: |res|/|res0| = 1.26506e-12.

Computing volumes of the grid elements.
Non-linear iter.: 2/500. Linear iter.: 4. Min. area: 0.000146643. Error: 1.26506e-12.
Computing volumes of the grid elements.
Min. volume: 0.000146643, max. volume: 36.9177.

# FGMRES residual history
# Residual tolerance target = 1e-10
# Initial residual norm     = 4.56194e-06
     0     1
# FGMRES final (true) residual:
# Iteration = 4: |res|/|res0| = 1.27291e-12.

Computing volumes of the grid elements.
Non-linear iter.: 3/500. Linear iter.: 4. Min. area: 0.000146639. Error: 1.27291e-12.
Computing volumes of the grid elements.
Min. volume: 0.000146639, max. volume: 36.9135.

# FGMRES residual history
# Residual tolerance target = 1e-10
# Initial residual norm     = 4.52188e-06
     0     1
# FGMRES final (true) residual:
# Iteration = 4: |res|/|res0| = 1.28085e-12.

Computing volumes of the grid elements.
Non-linear iter.: 4/500. Linear iter.: 4. Min. area: 0.000146636. Error: 1.28085e-12.
Computing volumes of the grid elements.
Min. volume: 0.000146636, max. volume: 36.9093.

# FGMRES residual history
# Residual tolerance target = 1e-10
# Initial residual norm     = 4.48194e-06
     0     1
# FGMRES final (true) residual:
# Iteration = 4: |res|/|res0| = 1.28886e-12.

Computing volumes of the grid elements.
Non-linear iter.: 5/500. Linear iter.: 4. Min. area: 0.000146632. Error: 1.28886e-12.
Computing volumes of the grid elements.
Min. volume: 0.000146632, max. volume: 36.9052.

# FGMRES residual history
# Residual tolerance target = 1e-10
# Initial residual norm     = 4.44211e-06
     0     1
# FGMRES final (true) residual:
# Iteration = 4: |res|/|res0| = 1.29695e-12.

Computing volumes of the grid elements.
Non-linear iter.: 6/500. Linear iter.: 4. Min. area: 0.000146628. Error: 1.29695e-12.
Computing volumes of the grid elements.
Min. volume: 0.000146628, max. volume: 36.901.

# FGMRES residual history
# Residual tolerance target = 1e-10
# Initial residual norm     = 4.40241e-06
     0     1
# FGMRES final (true) residual:
# Iteration = 4: |res|/|res0| = 1.30512e-12.

Computing volumes of the grid elements.
Non-linear iter.: 7/500. Linear iter.: 4. Min. area: 0.000146625. Error: 1.30512e-12.
Computing volumes of the grid elements.
Min. volume: 0.000146625, max. volume: 36.8968.

# FGMRES residual history
# Residual tolerance target = 1e-10
# Initial residual norm     = 4.36283e-06
     0     1
# FGMRES final (true) residual:
# Iteration = 4: |res|/|res0| = 1.31336e-12.

Computing volumes of the grid elements.
Non-linear iter.: 8/500. Linear iter.: 4. Min. area: 0.000146621. Error: 1.31336e-12.
Computing volumes of the grid elements.
Min. volume: 0.000146621, max. volume: 36.8927.

# FGMRES residual history
# Residual tolerance target = 1e-10
# Initial residual norm     = 4.32338e-06
     0     1
# FGMRES final (true) residual:
# Iteration = 4: |res|/|res0| = 1.32169e-12.

Computing volumes of the grid elements.
Non-linear iter.: 9/500. Linear iter.: 4. Min. area: 0.000146617. Error: 1.32169e-12.
Computing volumes of the grid elements.
Min. volume: 0.000146617, max. volume: 36.8885.

# FGMRES residual history
# Residual tolerance target = 1e-10
# Initial residual norm     = 4.28405e-06
     0     1
# FGMRES final (true) residual:
# Iteration = 4: |res|/|res0| = 1.3301e-12.

Computing volumes of the grid elements.
Non-linear iter.: 10/500. Linear iter.: 4. Min. area: 0.000146614. Error: 1.3301e-12.
Computing volumes of the grid elements.
Min. volume: 0.000146614, max. volume: 36.8844.

# FGMRES residual history
# Residual tolerance target = 1e-10
# Initial residual norm     = 4.24486e-06
     0     1
# FGMRES final (true) residual:
# Iteration = 4: |res|/|res0| = 1.3386e-12.

Computing volumes of the grid elements.
Non-linear iter.: 11/500. Linear iter.: 4. Min. area: 0.00014661. Error: 1.3386e-12.
Computing volumes of the grid elements.
Min. volume: 0.00014661, max. volume: 36.8802.

# FGMRES residual history
# Residual tolerance target = 1e-10
# Initial residual norm     = 4.2058e-06
     0     1
# FGMRES final (true) residual:
# Iteration = 4: |res|/|res0| = 1.34717e-12.

Computing volumes of the grid elements.
Non-linear iter.: 12/500. Linear iter.: 4. Min. area: 0.000146606. Error: 1.34717e-12.
Computing volumes of the grid elements.
Min. volume: 0.000146606, max. volume: 36.8761.

# FGMRES residual history
# Residual tolerance target = 1e-10
# Initial residual norm     = 4.16688e-06
     0     1
# FGMRES final (true) residual:
# Iteration = 4: |res|/|res0| = 1.35583e-12.

Computing volumes of the grid elements.
Non-linear iter.: 13/500. Linear iter.: 4. Min. area: 0.000146603. Error: 1.35583e-12.
Computing volumes of the grid elements.
Min. volume: 0.000146603, max. volume: 36.872.

# FGMRES residual history
# Residual tolerance target = 1e-10
# Initial residual norm     = 4.1281e-06
     0     1
# FGMRES final (true) residual:
# Iteration = 4: |res|/|res0| = 1.36457e-12.

Computing volumes of the grid elements.
Non-linear iter.: 14/500. Linear iter.: 4. Min. area: 0.000146599. Error: 1.36457e-12.
Computing volumes of the grid elements.
Min. volume: 0.000146599, max. volume: 36.8679.

# FGMRES residual history
# Residual tolerance target = 1e-10
# Initial residual norm     = 4.08946e-06
     0     1
# FGMRES final (true) residual:
# Iteration = 4: |res|/|res0| = 1.3734e-12.

Computing volumes of the grid elements.
Non-linear iter.: 15/500. Linear iter.: 4. Min. area: 0.000146595. Error: 1.3734e-12.
Computing volumes of the grid elements.
Min. volume: 0.000146595, max. volume: 36.8639.

# FGMRES residual history
# Residual tolerance target = 1e-10
# Initial residual norm     = 4.05096e-06
     0     1
# FGMRES final (true) residual:
# Iteration = 4: |res|/|res0| = 1.38231e-12.

Computing volumes of the grid elements.
Non-linear iter.: 16/500. Linear iter.: 4. Min. area: 0.000146592. Error: 1.38231e-12.
Computing volumes of the grid elements.
Min. volume: 0.000146592, max. volume: 36.8598.

# FGMRES residual history
# Residual tolerance target = 1e-10
# Initial residual norm     = 4.01261e-06
     0     1
# FGMRES final (true) residual:
# Iteration = 4: |res|/|res0| = 1.39131e-12.

Computing volumes of the grid elements.
Non-linear iter.: 17/500. Linear iter.: 4. Min. area: 0.000146588. Error: 1.39131e-12.
Computing volumes of the grid elements.
Min. volume: 0.000146588, max. volume: 36.8557.

# FGMRES residual history
# Residual tolerance target = 1e-10
# Initial residual norm     = 3.97442e-06
     0     1
# FGMRES final (true) residual:
# Iteration = 4: |res|/|res0| = 1.40039e-12.

Computing volumes of the grid elements.
Non-linear iter.: 18/500. Linear iter.: 4. Min. area: 0.000146584. Error: 1.40039e-12.
Computing volumes of the grid elements.
Min. volume: 0.000146584, max. volume: 36.8517.

# FGMRES residual history
# Residual tolerance target = 1e-10
# Initial residual norm     = 3.93637e-06
     0     1
# FGMRES final (true) residual:
# Iteration = 4: |res|/|res0| = 1.40957e-12.

Computing volumes of the grid elements.
Non-linear iter.: 19/500. Linear iter.: 4. Min. area: 0.000146581. Error: 1.40957e-12.
Computing volumes of the grid elements.
Min. volume: 0.000146581, max. volume: 36.8477.

# FGMRES residual history
# Residual tolerance target = 1e-10
# Initial residual norm     = 3.89848e-06
     0     1
# FGMRES final (true) residual:
# Iteration = 4: |res|/|res0| = 1.41883e-12.

Computing volumes of the grid elements.
Non-linear iter.: 20/500. Linear iter.: 4. Min. area: 0.000146577. Error: 1.41883e-12.
Computing volumes of the grid elements.
Min. volume: 0.000146577, max. volume: 36.8437.

# FGMRES residual history
# Residual tolerance target = 1e-10
# Initial residual norm     = 3.86074e-06
     0     1
# FGMRES final (true) residual:
# Iteration = 4: |res|/|res0| = 1.42818e-12.

Computing volumes of the grid elements.
Non-linear iter.: 21/500. Linear iter.: 4. Min. area: 0.000146573. Error: 1.42818e-12.
Computing volumes of the grid elements.
Min. volume: 0.000146573, max. volume: 36.8397.

# FGMRES residual history
# Residual tolerance target = 1e-10
# Initial residual norm     = 3.82317e-06
     0     1
# FGMRES final (true) residual:
# Iteration = 4: |res|/|res0| = 1.43763e-12.

Computing volumes of the grid elements.
Non-linear iter.: 22/500. Linear iter.: 4. Min. area: 0.00014657. Error: 1.43763e-12.
Computing volumes of the grid elements.
Min. volume: 0.00014657, max. volume: 36.8357.

# FGMRES residual history
# Residual tolerance target = 1e-10
# Initial residual norm     = 3.78575e-06
     0     1
# FGMRES final (true) residual:
# Iteration = 4: |res|/|res0| = 1.44716e-12.

Computing volumes of the grid elements.
Non-linear iter.: 23/500. Linear iter.: 4. Min. area: 0.000146566. Error: 1.44716e-12.
Computing volumes of the grid elements.
Min. volume: 0.000146566, max. volume: 36.8317.

# FGMRES residual history
# Residual tolerance target = 1e-10
# Initial residual norm     = 3.7485e-06
     0     1
# FGMRES final (true) residual:
# Iteration = 4: |res|/|res0| = 1.45679e-12.

Computing volumes of the grid elements.
Non-linear iter.: 24/500. Linear iter.: 4. Min. area: 0.000146563. Error: 1.45679e-12.
Computing volumes of the grid elements.
Min. volume: 0.000146563, max. volume: 36.8277.

# FGMRES residual history
# Residual tolerance target = 1e-10
# Initial residual norm     = 3.71142e-06
     0     1
# FGMRES final (true) residual:
# Iteration = 4: |res|/|res0| = 1.46651e-12.

Computing volumes of the grid elements.
Non-linear iter.: 25/500. Linear iter.: 4. Min. area: 0.000146559. Error: 1.46651e-12.
Computing volumes of the grid elements.
Min. volume: 0.000146559, max. volume: 36.8238.

# FGMRES residual history
# Residual tolerance target = 1e-10
# Initial residual norm     = 3.6745e-06
     0     1
# FGMRES final (true) residual:
# Iteration = 4: |res|/|res0| = 1.47633e-12.

Computing volumes of the grid elements.
Non-linear iter.: 26/500. Linear iter.: 4. Min. area: 0.000146555. Error: 1.47633e-12.
Computing volumes of the grid elements.
Min. volume: 0.000146555, max. volume: 36.8199.

# FGMRES residual history
# Residual tolerance target = 1e-10
# Initial residual norm     = 3.63776e-06
     0     1
# FGMRES final (true) residual:
# Iteration = 4: |res|/|res0| = 1.48624e-12.

Computing volumes of the grid elements.
Non-linear iter.: 27/500. Linear iter.: 4. Min. area: 0.000146552. Error: 1.48624e-12.
Computing volumes of the grid elements.
Min. volume: 0.000146552, max. volume: 36.816.

# FGMRES residual history
# Residual tolerance target = 1e-10
# Initial residual norm     = 3.60119e-06
     0     1
# FGMRES final (true) residual:
# Iteration = 4: |res|/|res0| = 1.49625e-12.

Computing volumes of the grid elements.
Non-linear iter.: 28/500. Linear iter.: 4. Min. area: 0.000146548. Error: 1.49625e-12.
Computing volumes of the grid elements.
Min. volume: 0.000146548, max. volume: 36.8121.

# FGMRES residual history
# Residual tolerance target = 1e-10
# Initial residual norm     = 3.56479e-06
     0     1
# FGMRES final (true) residual:
# Iteration = 4: |res|/|res0| = 1.50635e-12.

Computing volumes of the grid elements.
Non-linear iter.: 29/500. Linear iter.: 4. Min. area: 0.000146544. Error: 1.50635e-12.
Computing volumes of the grid elements.
Min. volume: 0.000146544, max. volume: 36.8082.

# FGMRES residual history
# Residual tolerance target = 1e-10
# Initial residual norm     = 3.52857e-06
     0     1
# FGMRES final (true) residual:
# Iteration = 4: |res|/|res0| = 1.51656e-12.

Computing volumes of the grid elements.
Non-linear iter.: 30/500. Linear iter.: 4. Min. area: 0.000146541. Error: 1.51656e-12.
Computing volumes of the grid elements.
Min. volume: 0.000146541, max. volume: 36.8043.

# FGMRES residual history
# Residual tolerance target = 1e-10
# Initial residual norm     = 3.49253e-06
     0     1
# FGMRES final (true) residual:
# Iteration = 4: |res|/|res0| = 1.52687e-12.

Computing volumes of the grid elements.
Non-linear iter.: 31/500. Linear iter.: 4. Min. area: 0.000146537. Error: 1.52687e-12.
Computing volumes of the grid elements.
Min. volume: 0.000146537, max. volume: 36.8004.

# FGMRES residual history
# Residual tolerance target = 1e-10
# Initial residual norm     = 3.45667e-06
     0     1
# FGMRES final (true) residual:
# Iteration = 4: |res|/|res0| = 1.53727e-12.

Computing volumes of the grid elements.
Non-linear iter.: 32/500. Linear iter.: 4. Min. area: 0.000146533. Error: 1.53727e-12.
Computing volumes of the grid elements.
Min. volume: 0.000146533, max. volume: 36.7966.

# FGMRES residual history
# Residual tolerance target = 1e-10
# Initial residual norm     = 3.42099e-06
     0     1
# FGMRES final (true) residual:
# Iteration = 4: |res|/|res0| = 1.54778e-12.

Computing volumes of the grid elements.
Non-linear iter.: 33/500. Linear iter.: 4. Min. area: 0.00014653. Error: 1.54778e-12.
Computing volumes of the grid elements.
Min. volume: 0.00014653, max. volume: 36.7928.

# FGMRES residual history
# Residual tolerance target = 1e-10
# Initial residual norm     = 3.3855e-06
     0     1
# FGMRES final (true) residual:
# Iteration = 4: |res|/|res0| = 1.5584e-12.

Computing volumes of the grid elements.
Non-linear iter.: 34/500. Linear iter.: 4. Min. area: 0.000146526. Error: 1.5584e-12.
Computing volumes of the grid elements.
Min. volume: 0.000146526, max. volume: 36.789.

# FGMRES residual history
# Residual tolerance target = 1e-10
# Initial residual norm     = 3.3502e-06
     0     1
# FGMRES final (true) residual:
# Iteration = 4: |res|/|res0| = 1.56912e-12.

Computing volumes of the grid elements.
Non-linear iter.: 35/500. Linear iter.: 4. Min. area: 0.000146523. Error: 1.56912e-12.
Computing volumes of the grid elements.
Min. volume: 0.000146523, max. volume: 36.7852.

# FGMRES residual history
# Residual tolerance target = 1e-10
# Initial residual norm     = 3.31508e-06
     0     1
# FGMRES final (true) residual:
# Iteration = 4: |res|/|res0| = 1.57995e-12.

Computing volumes of the grid elements.
Non-linear iter.: 36/500. Linear iter.: 4. Min. area: 0.000146519. Error: 1.57995e-12.
Computing volumes of the grid elements.
Min. volume: 0.000146519, max. volume: 36.7814.

# FGMRES residual history
# Residual tolerance target = 1e-10
# Initial residual norm     = 3.28016e-06
     0     1
# FGMRES final (true) residual:
# Iteration = 4: |res|/|res0| = 1.59089e-12.

Computing volumes of the grid elements.
Non-linear iter.: 37/500. Linear iter.: 4. Min. area: 0.000146515. Error: 1.59089e-12.
Computing volumes of the grid elements.
Min. volume: 0.000146515, max. volume: 36.7776.

# FGMRES residual history
# Residual tolerance target = 1e-10
# Initial residual norm     = 3.24543e-06
     0     1
# FGMRES final (true) residual:
# Iteration = 4: |res|/|res0| = 1.60194e-12.

Computing volumes of the grid elements.
Non-linear iter.: 38/500. Linear iter.: 4. Min. area: 0.000146512. Error: 1.60194e-12.
Computing volumes of the grid elements.
Min. volume: 0.000146512, max. volume: 36.7739.

# FGMRES residual history
# Residual tolerance target = 1e-10
# Initial residual norm     = 3.21089e-06
     0     1
# FGMRES final (true) residual:
# Iteration = 4: |res|/|res0| = 1.61311e-12.

Computing volumes of the grid elements.
Non-linear iter.: 39/500. Linear iter.: 4. Min. area: 0.000146508. Error: 1.61311e-12.
Computing volumes of the grid elements.
Min. volume: 0.000146508, max. volume: 36.7702.

# FGMRES residual history
# Residual tolerance target = 1e-10
# Initial residual norm     = 3.17655e-06
     0     1
# FGMRES final (true) residual:
# Iteration = 4: |res|/|res0| = 1.62438e-12.

Computing volumes of the grid elements.
Non-linear iter.: 40/500. Linear iter.: 4. Min. area: 0.000146505. Error: 1.62438e-12.
Computing volumes of the grid elements.
Min. volume: 0.000146505, max. volume: 36.7665.

# FGMRES residual history
# Residual tolerance target = 1e-10
# Initial residual norm     = 3.14241e-06
     0     1
# FGMRES final (true) residual:
# Iteration = 4: |res|/|res0| = 1.63578e-12.

Computing volumes of the grid elements.
Non-linear iter.: 41/500. Linear iter.: 4. Min. area: 0.000146501. Error: 1.63578e-12.
Computing volumes of the grid elements.
Min. volume: 0.000146501, max. volume: 36.7628.

# FGMRES residual history
# Residual tolerance target = 1e-10
# Initial residual norm     = 3.10847e-06
     0     1
# FGMRES final (true) residual:
# Iteration = 4: |res|/|res0| = 1.64729e-12.

Computing volumes of the grid elements.
Non-linear iter.: 42/500. Linear iter.: 4. Min. area: 0.000146497. Error: 1.64729e-12.
Computing volumes of the grid elements.
Min. volume: 0.000146497, max. volume: 36.7591.

# FGMRES residual history
# Residual tolerance target = 1e-10
# Initial residual norm     = 3.07473e-06
     0     1
# FGMRES final (true) residual:
# Iteration = 4: |res|/|res0| = 1.65892e-12.

Computing volumes of the grid elements.
Non-linear iter.: 43/500. Linear iter.: 4. Min. area: 0.000146494. Error: 1.65892e-12.
Computing volumes of the grid elements.
Min. volume: 0.000146494, max. volume: 36.7554.

# FGMRES residual history
# Residual tolerance target = 1e-10
# Initial residual norm     = 3.04119e-06
     0     1
# FGMRES final (true) residual:
# Iteration = 4: |res|/|res0| = 1.67068e-12.

Computing volumes of the grid elements.
Non-linear iter.: 44/500. Linear iter.: 4. Min. area: 0.00014649. Error: 1.67068e-12.
Computing volumes of the grid elements.
Min. volume: 0.00014649, max. volume: 36.7518.

# FGMRES residual history
# Residual tolerance target = 1e-10
# Initial residual norm     = 3.00785e-06
     0     1
# FGMRES final (true) residual:
# Iteration = 4: |res|/|res0| = 1.68256e-12.

Computing volumes of the grid elements.
Non-linear iter.: 45/500. Linear iter.: 4. Min. area: 0.000146486. Error: 1.68256e-12.
Computing volumes of the grid elements.
Min. volume: 0.000146486, max. volume: 36.7482.

# FGMRES residual history
# Residual tolerance target = 1e-10
# Initial residual norm     = 2.97472e-06
     0     1
# FGMRES final (true) residual:
# Iteration = 4: |res|/|res0| = 1.69456e-12.

Computing volumes of the grid elements.
Non-linear iter.: 46/500. Linear iter.: 4. Min. area: 0.000146483. Error: 1.69456e-12.
Computing volumes of the grid elements.
Min. volume: 0.000146483, max. volume: 36.7446.

# FGMRES residual history
# Residual tolerance target = 1e-10
# Initial residual norm     = 2.9418e-06
     0     1
# FGMRES final (true) residual:
# Iteration = 4: |res|/|res0| = 1.7067e-12.

Computing volumes of the grid elements.
Non-linear iter.: 47/500. Linear iter.: 4. Min. area: 0.000146479. Error: 1.7067e-12.
Computing volumes of the grid elements.
Min. volume: 0.000146479, max. volume: 36.741.

# FGMRES residual history
# Residual tolerance target = 1e-10
# Initial residual norm     = 2.90909e-06
     0     1
# FGMRES final (true) residual:
# Iteration = 4: |res|/|res0| = 1.71897e-12.

Computing volumes of the grid elements.
Non-linear iter.: 48/500. Linear iter.: 4. Min. area: 0.000146476. Error: 1.71897e-12.
Computing volumes of the grid elements.
Min. volume: 0.000146476, max. volume: 36.7374.

# FGMRES residual history
# Residual tolerance target = 1e-10
# Initial residual norm     = 2.87658e-06
     0     1
# FGMRES final (true) residual:
# Iteration = 4: |res|/|res0| = 1.73137e-12.

Computing volumes of the grid elements.
Non-linear iter.: 49/500. Linear iter.: 4. Min. area: 0.000146472. Error: 1.73137e-12.
Computing volumes of the grid elements.
Min. volume: 0.000146472, max. volume: 36.7339.

# FGMRES residual history
# Residual tolerance target = 1e-10
# Initial residual norm     = 2.84429e-06
     0     1
# FGMRES final (true) residual:
# Iteration = 4: |res|/|res0| = 1.74391e-12.

Computing volumes of the grid elements.
Non-linear iter.: 50/500. Linear iter.: 4. Min. area: 0.000146468. Error: 1.74391e-12.
Computing volumes of the grid elements.
Min. volume: 0.000146468, max. volume: 36.7304.

# FGMRES residual history
# Residual tolerance target = 1e-10
# Initial residual norm     = 2.8122e-06
     0     1
# FGMRES final (true) residual:
# Iteration = 4: |res|/|res0| = 1.75659e-12.

Computing volumes of the grid elements.
Non-linear iter.: 51/500. Linear iter.: 4. Min. area: 0.000146465. Error: 1.75659e-12.
Computing volumes of the grid elements.
Min. volume: 0.000146465, max. volume: 36.7269.

# FGMRES residual history
# Residual tolerance target = 1e-10
# Initial residual norm     = 2.78034e-06
     0     1
# FGMRES final (true) residual:
# Iteration = 4: |res|/|res0| = 1.76941e-12.

Computing volumes of the grid elements.
Non-linear iter.: 52/500. Linear iter.: 4. Min. area: 0.000146461. Error: 1.76941e-12.
Computing volumes of the grid elements.
Min. volume: 0.000146461, max. volume: 36.7234.

# FGMRES residual history
# Residual tolerance target = 1e-10
# Initial residual norm     = 2.74868e-06
     0     1
# FGMRES final (true) residual:
# Iteration = 4: |res|/|res0| = 1.78238e-12.

Computing volumes of the grid elements.
Non-linear iter.: 53/500. Linear iter.: 4. Min. area: 0.000146458. Error: 1.78238e-12.
Computing volumes of the grid elements.
Min. volume: 0.000146458, max. volume: 36.7199.

# FGMRES residual history
# Residual tolerance target = 1e-10
# Initial residual norm     = 2.71724e-06
     0     1
# FGMRES final (true) residual:
# Iteration = 4: |res|/|res0| = 1.7955e-12.

Computing volumes of the grid elements.
Non-linear iter.: 54/500. Linear iter.: 4. Min. area: 0.000146454. Error: 1.7955e-12.
Computing volumes of the grid elements.
Min. volume: 0.000146454, max. volume: 36.7164.

# FGMRES residual history
# Residual tolerance target = 1e-10
# Initial residual norm     = 2.68602e-06
     0     1
# FGMRES final (true) residual:
# Iteration = 4: |res|/|res0| = 1.80877e-12.

Computing volumes of the grid elements.
Non-linear iter.: 55/500. Linear iter.: 4. Min. area: 0.00014645. Error: 1.80877e-12.
Computing volumes of the grid elements.
Min. volume: 0.00014645, max. volume: 36.713.

# FGMRES residual history
# Residual tolerance target = 1e-10
# Initial residual norm     = 2.65501e-06
     0     1
# FGMRES final (true) residual:
# Iteration = 4: |res|/|res0| = 1.8222e-12.

Computing volumes of the grid elements.
Non-linear iter.: 56/500. Linear iter.: 4. Min. area: 0.000146447. Error: 1.8222e-12.
Computing volumes of the grid elements.
Min. volume: 0.000146447, max. volume: 36.7096.

# FGMRES residual history
# Residual tolerance target = 1e-10
# Initial residual norm     = 2.62422e-06
     0     1
# FGMRES final (true) residual:
# Iteration = 4: |res|/|res0| = 1.83579e-12.

Computing volumes of the grid elements.
Non-linear iter.: 57/500. Linear iter.: 4. Min. area: 0.000146443. Error: 1.83579e-12.
Computing volumes of the grid elements.
Min. volume: 0.000146443, max. volume: 36.7062.

# FGMRES residual history
# Residual tolerance target = 1e-10
# Initial residual norm     = 2.59365e-06
     0     1
# FGMRES final (true) residual:
# Iteration = 4: |res|/|res0| = 1.84954e-12.

Computing volumes of the grid elements.
Non-linear iter.: 58/500. Linear iter.: 4. Min. area: 0.00014644. Error: 1.84954e-12.
Computing volumes of the grid elements.
Min. volume: 0.00014644, max. volume: 36.7029.

# FGMRES residual history
# Residual tolerance target = 1e-10
# Initial residual norm     = 2.5633e-06
     0     1
# FGMRES final (true) residual:
# Iteration = 4: |res|/|res0| = 1.86346e-12.

Computing volumes of the grid elements.
Non-linear iter.: 59/500. Linear iter.: 4. Min. area: 0.000146436. Error: 1.86346e-12.
Computing volumes of the grid elements.
Min. volume: 0.000146436, max. volume: 36.6995.

# FGMRES residual history
# Residual tolerance target = 1e-10
# Initial residual norm     = 2.53316e-06
     0     1
# FGMRES final (true) residual:
# Iteration = 4: |res|/|res0| = 1.87755e-12.

Computing volumes of the grid elements.
Non-linear iter.: 60/500. Linear iter.: 4. Min. area: 0.000146433. Error: 1.87755e-12.
Computing volumes of the grid elements.
Min. volume: 0.000146433, max. volume: 36.6962.

# FGMRES residual history
# Residual tolerance target = 1e-10
# Initial residual norm     = 2.50325e-06
     0     1
# FGMRES final (true) residual:
# Iteration = 4: |res|/|res0| = 1.89182e-12.

Computing volumes of the grid elements.
Non-linear iter.: 61/500. Linear iter.: 4. Min. area: 0.000146429. Error: 1.89182e-12.
Computing volumes of the grid elements.
Min. volume: 0.000146429, max. volume: 36.6929.

# FGMRES residual history
# Residual tolerance target = 1e-10
# Initial residual norm     = 2.47356e-06
     0     1
# FGMRES final (true) residual:
# Iteration = 4: |res|/|res0| = 1.90626e-12.

Computing volumes of the grid elements.
Non-linear iter.: 62/500. Linear iter.: 4. Min. area: 0.000146425. Error: 1.90626e-12.
Computing volumes of the grid elements.
Min. volume: 0.000146425, max. volume: 36.6896.

# FGMRES residual history
# Residual tolerance target = 1e-10
# Initial residual norm     = 2.4441e-06
     0     1
# FGMRES final (true) residual:
# Iteration = 4: |res|/|res0| = 1.9209e-12.

Computing volumes of the grid elements.
Non-linear iter.: 63/500. Linear iter.: 4. Min. area: 0.000146422. Error: 1.9209e-12.
Computing volumes of the grid elements.
Min. volume: 0.000146422, max. volume: 36.6863.

# FGMRES residual history
# Residual tolerance target = 1e-10
# Initial residual norm     = 2.41485e-06
     0     1
# FGMRES final (true) residual:
# Iteration = 4: |res|/|res0| = 1.93572e-12.

Computing volumes of the grid elements.
Non-linear iter.: 64/500. Linear iter.: 4. Min. area: 0.000146418. Error: 1.93572e-12.
Computing volumes of the grid elements.
Min. volume: 0.000146418, max. volume: 36.6831.

# FGMRES residual history
# Residual tolerance target = 1e-10
# Initial residual norm     = 2.38583e-06
     0     1
# FGMRES final (true) residual:
# Iteration = 4: |res|/|res0| = 1.95074e-12.

Computing volumes of the grid elements.
Non-linear iter.: 65/500. Linear iter.: 4. Min. area: 0.000146415. Error: 1.95074e-12.
Computing volumes of the grid elements.
Min. volume: 0.000146415, max. volume: 36.6799.

# FGMRES residual history
# Residual tolerance target = 1e-10
# Initial residual norm     = 2.35703e-06
     0     1
# FGMRES final (true) residual:
# Iteration = 4: |res|/|res0| = 1.96595e-12.

Computing volumes of the grid elements.
Non-linear iter.: 66/500. Linear iter.: 4. Min. area: 0.000146411. Error: 1.96595e-12.
Computing volumes of the grid elements.
Min. volume: 0.000146411, max. volume: 36.6767.

# FGMRES residual history
# Residual tolerance target = 1e-10
# Initial residual norm     = 2.32845e-06
     0     1
# FGMRES final (true) residual:
# Iteration = 4: |res|/|res0| = 1.98137e-12.

Computing volumes of the grid elements.
Non-linear iter.: 67/500. Linear iter.: 4. Min. area: 0.000146407. Error: 1.98137e-12.
Computing volumes of the grid elements.
Min. volume: 0.000146407, max. volume: 36.6735.

# FGMRES residual history
# Residual tolerance target = 1e-10
# Initial residual norm     = 2.3001e-06
     0     1
# FGMRES final (true) residual:
# Iteration = 4: |res|/|res0| = 1.99701e-12.

Computing volumes of the grid elements.
Non-linear iter.: 68/500. Linear iter.: 4. Min. area: 0.000146404. Error: 1.99701e-12.
Computing volumes of the grid elements.
Min. volume: 0.000146404, max. volume: 36.6703.

# FGMRES residual history
# Residual tolerance target = 1e-10
# Initial residual norm     = 2.27197e-06
     0     1
# FGMRES final (true) residual:
# Iteration = 4: |res|/|res0| = 2.01286e-12.

Computing volumes of the grid elements.
Non-linear iter.: 69/500. Linear iter.: 4. Min. area: 0.0001464. Error: 2.01286e-12.
Computing volumes of the grid elements.
Min. volume: 0.0001464, max. volume: 36.6672.

# FGMRES residual history
# Residual tolerance target = 1e-10
# Initial residual norm     = 2.24406e-06
     0     1
# FGMRES final (true) residual:
# Iteration = 4: |res|/|res0| = 2.02893e-12.

Computing volumes of the grid elements.
Non-linear iter.: 70/500. Linear iter.: 4. Min. area: 0.000146397. Error: 2.02893e-12.
Computing volumes of the grid elements.
Min. volume: 0.000146397, max. volume: 36.6641.

# FGMRES residual history
# Residual tolerance target = 1e-10
# Initial residual norm     = 2.21638e-06
     0     1
# FGMRES final (true) residual:
# Iteration = 4: |res|/|res0| = 2.04523e-12.

Computing volumes of the grid elements.
Non-linear iter.: 71/500. Linear iter.: 4. Min. area: 0.000146393. Error: 2.04523e-12.
Computing volumes of the grid elements.
Min. volume: 0.000146393, max. volume: 36.661.

# FGMRES residual history
# Residual tolerance target = 1e-10
# Initial residual norm     = 2.18892e-06
     0     1
# FGMRES final (true) residual:
# Iteration = 4: |res|/|res0| = 2.06177e-12.

Computing volumes of the grid elements.
Non-linear iter.: 72/500. Linear iter.: 4. Min. area: 0.00014639. Error: 2.06177e-12.
Computing volumes of the grid elements.
Min. volume: 0.00014639, max. volume: 36.6579.

# FGMRES residual history
# Residual tolerance target = 1e-10
# Initial residual norm     = 2.16168e-06
     0     1
# FGMRES final (true) residual:
# Iteration = 4: |res|/|res0| = 2.07855e-12.

Computing volumes of the grid elements.
Non-linear iter.: 73/500. Linear iter.: 4. Min. area: 0.000146386. Error: 2.07855e-12.
Computing volumes of the grid elements.
Min. volume: 0.000146386, max. volume: 36.6549.

# FGMRES residual history
# Residual tolerance target = 1e-10
# Initial residual norm     = 2.13467e-06
     0     1
# FGMRES final (true) residual:
# Iteration = 4: |res|/|res0| = 2.09558e-12.

Computing volumes of the grid elements.
Non-linear iter.: 74/500. Linear iter.: 4. Min. area: 0.000146383. Error: 2.09558e-12.
Computing volumes of the grid elements.
Min. volume: 0.000146383, max. volume: 36.6519.

# FGMRES residual history
# Residual tolerance target = 1e-10
# Initial residual norm     = 2.10789e-06
     0     1
# FGMRES final (true) residual:
# Iteration = 4: |res|/|res0| = 2.11286e-12.

Computing volumes of the grid elements.
Non-linear iter.: 75/500. Linear iter.: 4. Min. area: 0.000146379. Error: 2.11286e-12.
Computing volumes of the grid elements.
Min. volume: 0.000146379, max. volume: 36.6489.

# FGMRES residual history
# Residual tolerance target = 1e-10
# Initial residual norm     = 2.08132e-06
     0     1
# FGMRES final (true) residual:
# Iteration = 4: |res|/|res0| = 2.13041e-12.

Computing volumes of the grid elements.
Non-linear iter.: 76/500. Linear iter.: 4. Min. area: 0.000146375. Error: 2.13041e-12.
Computing volumes of the grid elements.
Min. volume: 0.000146375, max. volume: 36.6459.

# FGMRES residual history
# Residual tolerance target = 1e-10
# Initial residual norm     = 2.05498e-06
     0     1
# FGMRES final (true) residual:
# Iteration = 4: |res|/|res0| = 2.14823e-12.

Computing volumes of the grid elements.
Non-linear iter.: 77/500. Linear iter.: 4. Min. area: 0.000146372. Error: 2.14823e-12.
Computing volumes of the grid elements.
Min. volume: 0.000146372, max. volume: 36.6429.

# FGMRES residual history
# Residual tolerance target = 1e-10
# Initial residual norm     = 2.02887e-06
     0     1
# FGMRES final (true) residual:
# Iteration = 4: |res|/|res0| = 2.16633e-12.

Computing volumes of the grid elements.
Non-linear iter.: 78/500. Linear iter.: 4. Min. area: 0.000146368. Error: 2.16633e-12.
Computing volumes of the grid elements.
Min. volume: 0.000146368, max. volume: 36.64.

# FGMRES residual history
# Residual tolerance target = 1e-10
# Initial residual norm     = 2.00297e-06
     0     1
# FGMRES final (true) residual:
# Iteration = 4: |res|/|res0| = 2.18471e-12.

Computing volumes of the grid elements.
Non-linear iter.: 79/500. Linear iter.: 4. Min. area: 0.000146365. Error: 2.18471e-12.
Computing volumes of the grid elements.
Min. volume: 0.000146365, max. volume: 36.6371.

# FGMRES residual history
# Residual tolerance target = 1e-10
# Initial residual norm     = 1.9773e-06
     0     1
# FGMRES final (true) residual:
# Iteration = 4: |res|/|res0| = 2.20339e-12.

Computing volumes of the grid elements.
Non-linear iter.: 80/500. Linear iter.: 4. Min. area: 0.000146361. Error: 2.20339e-12.
Computing volumes of the grid elements.
Min. volume: 0.000146361, max. volume: 36.6342.

# FGMRES residual history
# Residual tolerance target = 1e-10
# Initial residual norm     = 1.95185e-06
     0     1
# FGMRES final (true) residual:
# Iteration = 4: |res|/|res0| = 2.22238e-12.

Computing volumes of the grid elements.
Non-linear iter.: 81/500. Linear iter.: 4. Min. area: 0.000146358. Error: 2.22238e-12.
Computing volumes of the grid elements.
Min. volume: 0.000146358, max. volume: 36.6313.

# FGMRES residual history
# Residual tolerance target = 1e-10
# Initial residual norm     = 1.92662e-06
     0     1
# FGMRES final (true) residual:
# Iteration = 4: |res|/|res0| = 2.24168e-12.

Computing volumes of the grid elements.
Non-linear iter.: 82/500. Linear iter.: 4. Min. area: 0.000146354. Error: 2.24168e-12.
Computing volumes of the grid elements.
Min. volume: 0.000146354, max. volume: 36.6285.

# FGMRES residual history
# Residual tolerance target = 1e-10
# Initial residual norm     = 1.90161e-06
     0     1
# FGMRES final (true) residual:
# Iteration = 4: |res|/|res0| = 2.2613e-12.

Computing volumes of the grid elements.
Non-linear iter.: 83/500. Linear iter.: 4. Min. area: 0.000146351. Error: 2.2613e-12.
Computing volumes of the grid elements.
Min. volume: 0.000146351, max. volume: 36.6257.

# FGMRES residual history
# Residual tolerance target = 1e-10
# Initial residual norm     = 1.87682e-06
     0     1
# FGMRES final (true) residual:
# Iteration = 4: |res|/|res0| = 2.28126e-12.

Computing volumes of the grid elements.
Non-linear iter.: 84/500. Linear iter.: 4. Min. area: 0.000146347. Error: 2.28126e-12.
Computing volumes of the grid elements.
Min. volume: 0.000146347, max. volume: 36.6229.

# FGMRES residual history
# Residual tolerance target = 1e-10
# Initial residual norm     = 1.85225e-06
     0     1
# FGMRES final (true) residual:
# Iteration = 4: |res|/|res0| = 2.30156e-12.

Computing volumes of the grid elements.
Non-linear iter.: 85/500. Linear iter.: 4. Min. area: 0.000146343. Error: 2.30156e-12.
Computing volumes of the grid elements.
Min. volume: 0.000146343, max. volume: 36.6201.

# FGMRES residual history
# Residual tolerance target = 1e-10
# Initial residual norm     = 1.8279e-06
     0     1
# FGMRES final (true) residual:
# Iteration = 4: |res|/|res0| = 2.32221e-12.

Computing volumes of the grid elements.
Non-linear iter.: 86/500. Linear iter.: 4. Min. area: 0.00014634. Error: 2.32221e-12.
Computing volumes of the grid elements.
Min. volume: 0.00014634, max. volume: 36.6174.

# FGMRES residual history
# Residual tolerance target = 1e-10
# Initial residual norm     = 1.80377e-06
     0     1
# FGMRES final (true) residual:
# Iteration = 4: |res|/|res0| = 2.34323e-12.

Computing volumes of the grid elements.
Non-linear iter.: 87/500. Linear iter.: 4. Min. area: 0.000146336. Error: 2.34323e-12.
Computing volumes of the grid elements.
Min. volume: 0.000146336, max. volume: 36.6146.

# FGMRES residual history
# Residual tolerance target = 1e-10
# Initial residual norm     = 1.77986e-06
     0     1
# FGMRES final (true) residual:
# Iteration = 4: |res|/|res0| = 2.36462e-12.

Computing volumes of the grid elements.
Non-linear iter.: 88/500. Linear iter.: 4. Min. area: 0.000146333. Error: 2.36462e-12.
Computing volumes of the grid elements.
Min. volume: 0.000146333, max. volume: 36.6119.

# FGMRES residual history
# Residual tolerance target = 1e-10
# Initial residual norm     = 1.75616e-06
     0     1
# FGMRES final (true) residual:
# Iteration = 4: |res|/|res0| = 2.3864e-12.

Computing volumes of the grid elements.
Non-linear iter.: 89/500. Linear iter.: 4. Min. area: 0.000146329. Error: 2.3864e-12.
Computing volumes of the grid elements.
Min. volume: 0.000146329, max. volume: 36.6093.

# FGMRES residual history
# Residual tolerance target = 1e-10
# Initial residual norm     = 1.73268e-06
     0     1
# FGMRES final (true) residual:
# Iteration = 4: |res|/|res0| = 2.40858e-12.

Computing volumes of the grid elements.
Non-linear iter.: 90/500. Linear iter.: 4. Min. area: 0.000146326. Error: 2.40858e-12.
Computing volumes of the grid elements.
Min. volume: 0.000146326, max. volume: 36.6066.

# FGMRES residual history
# Residual tolerance target = 1e-10
# Initial residual norm     = 1.70941e-06
     0     1
# FGMRES final (true) residual:
# Iteration = 4: |res|/|res0| = 2.43117e-12.

Computing volumes of the grid elements.
Non-linear iter.: 91/500. Linear iter.: 4. Min. area: 0.000146322. Error: 2.43117e-12.
Computing volumes of the grid elements.
Min. volume: 0.000146322, max. volume: 36.604.

# FGMRES residual history
# Residual tolerance target = 1e-10
# Initial residual norm     = 1.68635e-06
     0     1
# FGMRES final (true) residual:
# Iteration = 4: |res|/|res0| = 2.45419e-12.

Computing volumes of the grid elements.
Non-linear iter.: 92/500. Linear iter.: 4. Min. area: 0.000146319. Error: 2.45419e-12.
Computing volumes of the grid elements.
Min. volume: 0.000146319, max. volume: 36.6014.

# FGMRES residual history
# Residual tolerance target = 1e-10
# Initial residual norm     = 1.66351e-06
     0     1
# FGMRES final (true) residual:
# Iteration = 4: |res|/|res0| = 2.47764e-12.

Computing volumes of the grid elements.
Non-linear iter.: 93/500. Linear iter.: 4. Min. area: 0.000146315. Error: 2.47764e-12.
Computing volumes of the grid elements.
Min. volume: 0.000146315, max. volume: 36.5988.

# FGMRES residual history
# Residual tolerance target = 1e-10
# Initial residual norm     = 1.64088e-06
     0     1
# FGMRES final (true) residual:
# Iteration = 4: |res|/|res0| = 2.50154e-12.

Computing volumes of the grid elements.
Non-linear iter.: 94/500. Linear iter.: 4. Min. area: 0.000146312. Error: 2.50154e-12.
Computing volumes of the grid elements.
Min. volume: 0.000146312, max. volume: 36.5962.

# FGMRES residual history
# Residual tolerance target = 1e-10
# Initial residual norm     = 1.61847e-06
     0     1
# FGMRES final (true) residual:
# Iteration = 4: |res|/|res0| = 2.5259e-12.

Computing volumes of the grid elements.
Non-linear iter.: 95/500. Linear iter.: 4. Min. area: 0.000146308. Error: 2.5259e-12.
Computing volumes of the grid elements.
Min. volume: 0.000146308, max. volume: 36.5937.

# FGMRES residual history
# Residual tolerance target = 1e-10
# Initial residual norm     = 1.59626e-06
     0     1
# FGMRES final (true) residual:
# Iteration = 4: |res|/|res0| = 2.55075e-12.

Computing volumes of the grid elements.
Non-linear iter.: 96/500. Linear iter.: 4. Min. area: 0.000146305. Error: 2.55075e-12.
Computing volumes of the grid elements.
Min. volume: 0.000146305, max. volume: 36.5912.

# FGMRES residual history
# Residual tolerance target = 1e-10
# Initial residual norm     = 1.57426e-06
     0     1
# FGMRES final (true) residual:
# Iteration = 4: |res|/|res0| = 2.57609e-12.

Computing volumes of the grid elements.
Non-linear iter.: 97/500. Linear iter.: 4. Min. area: 0.000146301. Error: 2.57609e-12.
Computing volumes of the grid elements.
Min. volume: 0.000146301, max. volume: 36.5887.

# FGMRES residual history
# Residual tolerance target = 1e-10
# Initial residual norm     = 1.55246e-06
     0     1
# FGMRES final (true) residual:
# Iteration = 4: |res|/|res0| = 2.60193e-12.

Computing volumes of the grid elements.
Non-linear iter.: 98/500. Linear iter.: 4. Min. area: 0.000146297. Error: 2.60193e-12.
Computing volumes of the grid elements.
Min. volume: 0.000146297, max. volume: 36.5863.

# FGMRES residual history
# Residual tolerance target = 1e-10
# Initial residual norm     = 1.53087e-06
     0     1
# FGMRES final (true) residual:
# Iteration = 4: |res|/|res0| = 2.62831e-12.

Computing volumes of the grid elements.
Non-linear iter.: 99/500. Linear iter.: 4. Min. area: 0.000146294. Error: 2.62831e-12.
Computing volumes of the grid elements.
Min. volume: 0.000146294, max. volume: 36.5838.

# FGMRES residual history
# Residual tolerance target = 1e-10
# Initial residual norm     = 1.50949e-06
     0     1
# FGMRES final (true) residual:
# Iteration = 4: |res|/|res0| = 2.65522e-12.

Computing volumes of the grid elements.
Non-linear iter.: 100/500. Linear iter.: 4. Min. area: 0.00014629. Error: 2.65522e-12.
Computing volumes of the grid elements.
Min. volume: 0.00014629, max. volume: 36.5814.

# FGMRES residual history
# Residual tolerance target = 1e-10
# Initial residual norm     = 1.48831e-06
     0     1
# FGMRES final (true) residual:
# Iteration = 4: |res|/|res0| = 2.68269e-12.

Computing volumes of the grid elements.
Non-linear iter.: 101/500. Linear iter.: 4. Min. area: 0.000146287. Error: 2.68269e-12.
Computing volumes of the grid elements.
Min. volume: 0.000146287, max. volume: 36.579.

# FGMRES residual history
# Residual tolerance target = 1e-10
# Initial residual norm     = 1.46734e-06
     0     1
# FGMRES final (true) residual:
# Iteration = 4: |res|/|res0| = 2.71074e-12.

Computing volumes of the grid elements.
Non-linear iter.: 102/500. Linear iter.: 4. Min. area: 0.000146283. Error: 2.71074e-12.
Computing volumes of the grid elements.
Min. volume: 0.000146283, max. volume: 36.5766.

# FGMRES residual history
# Residual tolerance target = 1e-10
# Initial residual norm     = 1.44656e-06
     0     1
# FGMRES final (true) residual:
# Iteration = 4: |res|/|res0| = 2.73938e-12.

Computing volumes of the grid elements.
Non-linear iter.: 103/500. Linear iter.: 4. Min. area: 0.00014628. Error: 2.73938e-12.
Computing volumes of the grid elements.
Min. volume: 0.00014628, max. volume: 36.5743.

# FGMRES residual history
# Residual tolerance target = 1e-10
# Initial residual norm     = 1.42598e-06
     0     1
# FGMRES final (true) residual:
# Iteration = 4: |res|/|res0| = 2.76863e-12.

Computing volumes of the grid elements.
Non-linear iter.: 104/500. Linear iter.: 4. Min. area: 0.000146276. Error: 2.76863e-12.
Computing volumes of the grid elements.
Min. volume: 0.000146276, max. volume: 36.572.

# FGMRES residual history
# Residual tolerance target = 1e-10
# Initial residual norm     = 1.4056e-06
     0     1
# FGMRES final (true) residual:
# Iteration = 4: |res|/|res0| = 2.79852e-12.

Computing volumes of the grid elements.
Non-linear iter.: 105/500. Linear iter.: 4. Min. area: 0.000146273. Error: 2.79852e-12.
Computing volumes of the grid elements.
Min. volume: 0.000146273, max. volume: 36.5697.

# FGMRES residual history
# Residual tolerance target = 1e-10
# Initial residual norm     = 1.38542e-06
     0     1
# FGMRES final (true) residual:
# Iteration = 4: |res|/|res0| = 2.82906e-12.

Computing volumes of the grid elements.
Non-linear iter.: 106/500. Linear iter.: 4. Min. area: 0.000146269. Error: 2.82906e-12.
Computing volumes of the grid elements.
Min. volume: 0.000146269, max. volume: 36.5674.

# FGMRES residual history
# Residual tolerance target = 1e-10
# Initial residual norm     = 1.36544e-06
     0     1
# FGMRES final (true) residual:
# Iteration = 4: |res|/|res0| = 2.86027e-12.

Computing volumes of the grid elements.
Non-linear iter.: 107/500. Linear iter.: 4. Min. area: 0.000146266. Error: 2.86027e-12.
Computing volumes of the grid elements.
Min. volume: 0.000146266, max. volume: 36.5652.

# FGMRES residual history
# Residual tolerance target = 1e-10
# Initial residual norm     = 1.34564e-06
     0     1
# FGMRES final (true) residual:
# Iteration = 4: |res|/|res0| = 2.89217e-12.

Computing volumes of the grid elements.
Non-linear iter.: 108/500. Linear iter.: 4. Min. area: 0.000146262. Error: 2.89217e-12.
Computing volumes of the grid elements.
Min. volume: 0.000146262, max. volume: 36.563.

# FGMRES residual history
# Residual tolerance target = 1e-10
# Initial residual norm     = 1.32604e-06
     0     1
# FGMRES final (true) residual:
# Iteration = 4: |res|/|res0| = 2.92479e-12.

Computing volumes of the grid elements.
Non-linear iter.: 109/500. Linear iter.: 4. Min. area: 0.000146259. Error: 2.92479e-12.
Computing volumes of the grid elements.
Min. volume: 0.000146259, max. volume: 36.5608.

# FGMRES residual history
# Residual tolerance target = 1e-10
# Initial residual norm     = 1.30663e-06
     0     1
# FGMRES final (true) residual:
# Iteration = 4: |res|/|res0| = 2.95815e-12.

Computing volumes of the grid elements.
Non-linear iter.: 110/500. Linear iter.: 4. Min. area: 0.000146255. Error: 2.95815e-12.
Computing volumes of the grid elements.
Min. volume: 0.000146255, max. volume: 36.5586.

# FGMRES residual history
# Residual tolerance target = 1e-10
# Initial residual norm     = 1.28741e-06
     0     1
# FGMRES final (true) residual:
# Iteration = 4: |res|/|res0| = 2.99227e-12.

Computing volumes of the grid elements.
Non-linear iter.: 111/500. Linear iter.: 4. Min. area: 0.000146252. Error: 2.99227e-12.
Computing volumes of the grid elements.
Min. volume: 0.000146252, max. volume: 36.5564.

# FGMRES residual history
# Residual tolerance target = 1e-10
# Initial residual norm     = 1.26838e-06
     0     1
# FGMRES final (true) residual:
# Iteration = 4: |res|/|res0| = 3.02717e-12.

Computing volumes of the grid elements.
Non-linear iter.: 112/500. Linear iter.: 4. Min. area: 0.000146248. Error: 3.02717e-12.
Computing volumes of the grid elements.
Min. volume: 0.000146248, max. volume: 36.5543.

# FGMRES residual history
# Residual tolerance target = 1e-10
# Initial residual norm     = 1.24953e-06
     0     1
# FGMRES final (true) residual:
# Iteration = 4: |res|/|res0| = 3.06289e-12.

Computing volumes of the grid elements.
Non-linear iter.: 113/500. Linear iter.: 4. Min. area: 0.000146245. Error: 3.06289e-12.
Computing volumes of the grid elements.
Min. volume: 0.000146245, max. volume: 36.5522.

# FGMRES residual history
# Residual tolerance target = 1e-10
# Initial residual norm     = 1.23087e-06
     0     1
# FGMRES final (true) residual:
# Iteration = 4: |res|/|res0| = 3.09945e-12.

Computing volumes of the grid elements.
Non-linear iter.: 114/500. Linear iter.: 4. Min. area: 0.000146241. Error: 3.09945e-12.
Computing volumes of the grid elements.
Min. volume: 0.000146241, max. volume: 36.5501.

# FGMRES residual history
# Residual tolerance target = 1e-10
# Initial residual norm     = 1.21239e-06
     0     1
# FGMRES final (true) residual:
# Iteration = 4: |res|/|res0| = 3.13687e-12.

Computing volumes of the grid elements.
Non-linear iter.: 115/500. Linear iter.: 4. Min. area: 0.000146238. Error: 3.13687e-12.
Computing volumes of the grid elements.
Min. volume: 0.000146238, max. volume: 36.5481.

# FGMRES residual history
# Residual tolerance target = 1e-10
# Initial residual norm     = 1.19409e-06
     0     1
# FGMRES final (true) residual:
# Iteration = 4: |res|/|res0| = 3.17518e-12.

Computing volumes of the grid elements.
Non-linear iter.: 116/500. Linear iter.: 4. Min. area: 0.000146234. Error: 3.17518e-12.
Computing volumes of the grid elements.
Min. volume: 0.000146234, max. volume: 36.546.

# FGMRES residual history
# Residual tolerance target = 1e-10
# Initial residual norm     = 1.17597e-06
     0     1
# FGMRES final (true) residual:
# Iteration = 4: |res|/|res0| = 3.21442e-12.

Computing volumes of the grid elements.
Non-linear iter.: 117/500. Linear iter.: 4. Min. area: 0.000146231. Error: 3.21442e-12.
Computing volumes of the grid elements.
Min. volume: 0.000146231, max. volume: 36.544.

# FGMRES residual history
# Residual tolerance target = 1e-10
# Initial residual norm     = 1.15803e-06
     0     1
# FGMRES final (true) residual:
# Iteration = 4: |res|/|res0| = 3.25461e-12.

Computing volumes of the grid elements.
Non-linear iter.: 118/500. Linear iter.: 4. Min. area: 0.000146227. Error: 3.25461e-12.
Computing volumes of the grid elements.
Min. volume: 0.000146227, max. volume: 36.542.

# FGMRES residual history
# Residual tolerance target = 1e-10
# Initial residual norm     = 1.14026e-06
     0     1
# FGMRES final (true) residual:
# Iteration = 4: |res|/|res0| = 3.29578e-12.

Computing volumes of the grid elements.
Non-linear iter.: 119/500. Linear iter.: 4. Min. area: 0.000146224. Error: 3.29578e-12.
Computing volumes of the grid elements.
Min. volume: 0.000146224, max. volume: 36.5401.

# FGMRES residual history
# Residual tolerance target = 1e-10
# Initial residual norm     = 1.12267e-06
     0     1
# FGMRES final (true) residual:
# Iteration = 4: |res|/|res0| = 3.33797e-12.

Computing volumes of the grid elements.
Non-linear iter.: 120/500. Linear iter.: 4. Min. area: 0.00014622. Error: 3.33797e-12.
Computing volumes of the grid elements.
Min. volume: 0.00014622, max. volume: 36.5381.

# FGMRES residual history
# Residual tolerance target = 1e-10
# Initial residual norm     = 1.10525e-06
     0     1
# FGMRES final (true) residual:
# Iteration = 4: |res|/|res0| = 3.38121e-12.

Computing volumes of the grid elements.
Non-linear iter.: 121/500. Linear iter.: 4. Min. area: 0.000146217. Error: 3.38121e-12.
Computing volumes of the grid elements.
Min. volume: 0.000146217, max. volume: 36.5362.

# FGMRES residual history
# Residual tolerance target = 1e-10
# Initial residual norm     = 1.088e-06
     0     1
# FGMRES final (true) residual:
# Iteration = 4: |res|/|res0| = 3.42554e-12.

Computing volumes of the grid elements.
Non-linear iter.: 122/500. Linear iter.: 4. Min. area: 0.000146213. Error: 3.42554e-12.
Computing volumes of the grid elements.
Min. volume: 0.000146213, max. volume: 36.5343.

# FGMRES residual history
# Residual tolerance target = 1e-10
# Initial residual norm     = 1.07092e-06
     0     1
# FGMRES final (true) residual:
# Iteration = 4: |res|/|res0| = 3.47099e-12.

Computing volumes of the grid elements.
Non-linear iter.: 123/500. Linear iter.: 4. Min. area: 0.00014621. Error: 3.47099e-12.
Computing volumes of the grid elements.
Min. volume: 0.00014621, max. volume: 36.5325.

# FGMRES residual history
# Residual tolerance target = 1e-10
# Initial residual norm     = 1.05401e-06
     0     1
# FGMRES final (true) residual:
# Iteration = 4: |res|/|res0| = 3.5176e-12.

Computing volumes of the grid elements.
Non-linear iter.: 124/500. Linear iter.: 4. Min. area: 0.000146206. Error: 3.5176e-12.
Computing volumes of the grid elements.
Min. volume: 0.000146206, max. volume: 36.5306.

# FGMRES residual history
# Residual tolerance target = 1e-10
# Initial residual norm     = 1.03726e-06
     0     1
# FGMRES final (true) residual:
# Iteration = 4: |res|/|res0| = 3.56541e-12.

Computing volumes of the grid elements.
Non-linear iter.: 125/500. Linear iter.: 4. Min. area: 0.000146203. Error: 3.56541e-12.
Computing volumes of the grid elements.
Min. volume: 0.000146203, max. volume: 36.5288.

# FGMRES residual history
# Residual tolerance target = 1e-10
# Initial residual norm     = 1.02068e-06
     0     1
# FGMRES final (true) residual:
# Iteration = 4: |res|/|res0| = 3.61446e-12.

Computing volumes of the grid elements.
Non-linear iter.: 126/500. Linear iter.: 4. Min. area: 0.0001462. Error: 3.61446e-12.
Computing volumes of the grid elements.
Min. volume: 0.0001462, max. volume: 36.527.

# FGMRES residual history
# Residual tolerance target = 1e-10
# Initial residual norm     = 1.00426e-06
     0     1
# FGMRES final (true) residual:
# Iteration = 4: |res|/|res0| = 3.66479e-12.

Computing volumes of the grid elements.
Non-linear iter.: 127/500. Linear iter.: 4. Min. area: 0.000146196. Error: 3.66479e-12.
Computing volumes of the grid elements.
Min. volume: 0.000146196, max. volume: 36.5252.

# FGMRES residual history
# Residual tolerance target = 1e-10
# Initial residual norm     = 9.87996e-07
     0     1
# FGMRES final (true) residual:
# Iteration = 4: |res|/|res0| = 3.71645e-12.

Computing volumes of the grid elements.
Non-linear iter.: 128/500. Linear iter.: 4. Min. area: 0.000146193. Error: 3.71645e-12.
Computing volumes of the grid elements.
Min. volume: 0.000146193, max. volume: 36.5235.

# FGMRES residual history
# Residual tolerance target = 1e-10
# Initial residual norm     = 9.71893e-07
     0     1
# FGMRES final (true) residual:
# Iteration = 4: |res|/|res0| = 3.76949e-12.

Computing volumes of the grid elements.
Non-linear iter.: 129/500. Linear iter.: 4. Min. area: 0.000146189. Error: 3.76949e-12.
Computing volumes of the grid elements.
Min. volume: 0.000146189, max. volume: 36.5218.

# FGMRES residual history
# Residual tolerance target = 1e-10
# Initial residual norm     = 9.55947e-07
     0     1
# FGMRES final (true) residual:
# Iteration = 4: |res|/|res0| = 3.82395e-12.

Computing volumes of the grid elements.
Non-linear iter.: 130/500. Linear iter.: 4. Min. area: 0.000146186. Error: 3.82395e-12.
Computing volumes of the grid elements.
Min. volume: 0.000146186, max. volume: 36.5201.

# FGMRES residual history
# Residual tolerance target = 1e-10
# Initial residual norm     = 9.40156e-07
     0     1
# FGMRES final (true) residual:
# Iteration = 4: |res|/|res0| = 3.87988e-12.

Computing volumes of the grid elements.
Non-linear iter.: 131/500. Linear iter.: 4. Min. area: 0.000146182. Error: 3.87988e-12.
Computing volumes of the grid elements.
Min. volume: 0.000146182, max. volume: 36.5184.

# FGMRES residual history
# Residual tolerance target = 1e-10
# Initial residual norm     = 9.24518e-07
     0     1
# FGMRES final (true) residual:
# Iteration = 4: |res|/|res0| = 3.93735e-12.

Computing volumes of the grid elements.
Non-linear iter.: 132/500. Linear iter.: 4. Min. area: 0.000146179. Error: 3.93735e-12.
Computing volumes of the grid elements.
Min. volume: 0.000146179, max. volume: 36.5167.

# FGMRES residual history
# Residual tolerance target = 1e-10
# Initial residual norm     = 9.09031e-07
     0     1
# FGMRES final (true) residual:
# Iteration = 4: |res|/|res0| = 3.99639e-12.

Computing volumes of the grid elements.
Non-linear iter.: 133/500. Linear iter.: 4. Min. area: 0.000146175. Error: 3.99639e-12.
Computing volumes of the grid elements.
Min. volume: 0.000146175, max. volume: 36.5151.

# FGMRES residual history
# Residual tolerance target = 1e-10
# Initial residual norm     = 8.93693e-07
     0     1
# FGMRES final (true) residual:
# Iteration = 4: |res|/|res0| = 4.05708e-12.

Computing volumes of the grid elements.
Non-linear iter.: 134/500. Linear iter.: 4. Min. area: 0.000146172. Error: 4.05708e-12.
Computing volumes of the grid elements.
Min. volume: 0.000146172, max. volume: 36.5135.

# FGMRES residual history
# Residual tolerance target = 1e-10
# Initial residual norm     = 8.78502e-07
     0     1
# FGMRES final (true) residual:
# Iteration = 4: |res|/|res0| = 4.11947e-12.

Computing volumes of the grid elements.
Non-linear iter.: 135/500. Linear iter.: 4. Min. area: 0.000146168. Error: 4.11947e-12.
Computing volumes of the grid elements.
Min. volume: 0.000146168, max. volume: 36.5119.

# FGMRES residual history
# Residual tolerance target = 1e-10
# Initial residual norm     = 8.63458e-07
     0     1
# FGMRES final (true) residual:
# Iteration = 4: |res|/|res0| = 4.18362e-12.

Computing volumes of the grid elements.
Non-linear iter.: 136/500. Linear iter.: 4. Min. area: 0.000146165. Error: 4.18362e-12.
Computing volumes of the grid elements.
Min. volume: 0.000146165, max. volume: 36.5103.

# FGMRES residual history
# Residual tolerance target = 1e-10
# Initial residual norm     = 8.48557e-07
     0     1
# FGMRES final (true) residual:
# Iteration = 4: |res|/|res0| = 4.24961e-12.

Computing volumes of the grid elements.
Non-linear iter.: 137/500. Linear iter.: 4. Min. area: 0.000146161. Error: 4.24961e-12.
Computing volumes of the grid elements.
Min. volume: 0.000146161, max. volume: 36.5088.

# FGMRES residual history
# Residual tolerance target = 1e-10
# Initial residual norm     = 8.33798e-07
     0     1
# FGMRES final (true) residual:
# Iteration = 4: |res|/|res0| = 4.31749e-12.

Computing volumes of the grid elements.
Non-linear iter.: 138/500. Linear iter.: 4. Min. area: 0.000146158. Error: 4.31749e-12.
Computing volumes of the grid elements.
Min. volume: 0.000146158, max. volume: 36.5073.

# FGMRES residual history
# Residual tolerance target = 1e-10
# Initial residual norm     = 8.1918e-07
     0     1
# FGMRES final (true) residual:
# Iteration = 4: |res|/|res0| = 4.38736e-12.

Computing volumes of the grid elements.
Non-linear iter.: 139/500. Linear iter.: 4. Min. area: 0.000146154. Error: 4.38736e-12.
Computing volumes of the grid elements.
Min. volume: 0.000146154, max. volume: 36.5058.

# FGMRES residual history
# Residual tolerance target = 1e-10
# Initial residual norm     = 8.047e-07
     0     1
# FGMRES final (true) residual:
# Iteration = 4: |res|/|res0| = 4.45927e-12.

Computing volumes of the grid elements.
Non-linear iter.: 140/500. Linear iter.: 4. Min. area: 0.000146151. Error: 4.45927e-12.
Computing volumes of the grid elements.
Min. volume: 0.000146151, max. volume: 36.5043.

# FGMRES residual history
# Residual tolerance target = 1e-10
# Initial residual norm     = 7.90357e-07
     0     1
# FGMRES final (true) residual:
# Iteration = 4: |res|/|res0| = 4.53333e-12.

Computing volumes of the grid elements.
Non-linear iter.: 141/500. Linear iter.: 4. Min. area: 0.000146148. Error: 4.53333e-12.
Computing volumes of the grid elements.
Min. volume: 0.000146148, max. volume: 36.5028.

# FGMRES residual history
# Residual tolerance target = 1e-10
# Initial residual norm     = 7.76148e-07
     0     1
# FGMRES final (true) residual:
# Iteration = 4: |res|/|res0| = 4.60959e-12.

Computing volumes of the grid elements.
Non-linear iter.: 142/500. Linear iter.: 4. Min. area: 0.000146144. Error: 4.60959e-12.
Computing volumes of the grid elements.
Min. volume: 0.000146144, max. volume: 36.5014.

# FGMRES residual history
# Residual tolerance target = 1e-10
# Initial residual norm     = 7.62073e-07
     0     1
# FGMRES final (true) residual:
# Iteration = 4: |res|/|res0| = 4.68817e-12.

Computing volumes of the grid elements.
Non-linear iter.: 143/500. Linear iter.: 4. Min. area: 0.000146141. Error: 4.68817e-12.
Computing volumes of the grid elements.
Min. volume: 0.000146141, max. volume: 36.5.

# FGMRES residual history
# Residual tolerance target = 1e-10
# Initial residual norm     = 7.48129e-07
     0     1
# FGMRES final (true) residual:
# Iteration = 4: |res|/|res0| = 4.76916e-12.

Computing volumes of the grid elements.
Non-linear iter.: 144/500. Linear iter.: 4. Min. area: 0.000146137. Error: 4.76916e-12.
Computing volumes of the grid elements.
Min. volume: 0.000146137, max. volume: 36.4986.

# FGMRES residual history
# Residual tolerance target = 1e-10
# Initial residual norm     = 7.34314e-07
     0     1
# FGMRES final (true) residual:
# Iteration = 4: |res|/|res0| = 4.85264e-12.

Computing volumes of the grid elements.
Non-linear iter.: 145/500. Linear iter.: 4. Min. area: 0.000146134. Error: 4.85264e-12.
Computing volumes of the grid elements.
Min. volume: 0.000146134, max. volume: 36.4972.

# FGMRES residual history
# Residual tolerance target = 1e-10
# Initial residual norm     = 7.20628e-07
     0     1
# FGMRES final (true) residual:
# Iteration = 4: |res|/|res0| = 4.93874e-12.

Computing volumes of the grid elements.
Non-linear iter.: 146/500. Linear iter.: 4. Min. area: 0.00014613. Error: 4.93874e-12.
Computing volumes of the grid elements.
Min. volume: 0.00014613, max. volume: 36.4959.

# FGMRES residual history
# Residual tolerance target = 1e-10
# Initial residual norm     = 7.07067e-07
     0     1
# FGMRES final (true) residual:
# Iteration = 4: |res|/|res0| = 5.02756e-12.

Computing volumes of the grid elements.
Non-linear iter.: 147/500. Linear iter.: 4. Min. area: 0.000146127. Error: 5.02756e-12.
Computing volumes of the grid elements.
Min. volume: 0.000146127, max. volume: 36.4946.

# FGMRES residual history
# Residual tolerance target = 1e-10
# Initial residual norm     = 6.93631e-07
     0     1
# FGMRES final (true) residual:
# Iteration = 4: |res|/|res0| = 5.11921e-12.

Computing volumes of the grid elements.
Non-linear iter.: 148/500. Linear iter.: 4. Min. area: 0.000146123. Error: 5.11921e-12.
Computing volumes of the grid elements.
Min. volume: 0.000146123, max. volume: 36.4933.

# FGMRES residual history
# Residual tolerance target = 1e-10
# Initial residual norm     = 6.80317e-07
     0     1
# FGMRES final (true) residual:
# Iteration = 4: |res|/|res0| = 5.21383e-12.

Computing volumes of the grid elements.
Non-linear iter.: 149/500. Linear iter.: 4. Min. area: 0.00014612. Error: 5.21383e-12.
Computing volumes of the grid elements.
Min. volume: 0.00014612, max. volume: 36.492.

# FGMRES residual history
# Residual tolerance target = 1e-10
# Initial residual norm     = 6.67124e-07
     0     1
# FGMRES final (true) residual:
# Iteration = 4: |res|/|res0| = 5.31154e-12.

Computing volumes of the grid elements.
Non-linear iter.: 150/500. Linear iter.: 4. Min. area: 0.000146117. Error: 5.31154e-12.
Computing volumes of the grid elements.
Min. volume: 0.000146117, max. volume: 36.4907.

# FGMRES residual history
# Residual tolerance target = 1e-10
# Initial residual norm     = 6.5405e-07
     0     1
# FGMRES final (true) residual:
# Iteration = 4: |res|/|res0| = 5.41248e-12.

Computing volumes of the grid elements.
Non-linear iter.: 151/500. Linear iter.: 4. Min. area: 0.000146113. Error: 5.41248e-12.
Computing volumes of the grid elements.
Min. volume: 0.000146113, max. volume: 36.4895.

# FGMRES residual history
# Residual tolerance target = 1e-10
# Initial residual norm     = 6.41094e-07
     0     1
# FGMRES final (true) residual:
# Iteration = 4: |res|/|res0| = 5.51681e-12.

Computing volumes of the grid elements.
Non-linear iter.: 152/500. Linear iter.: 4. Min. area: 0.00014611. Error: 5.51681e-12.
Computing volumes of the grid elements.
Min. volume: 0.00014611, max. volume: 36.4883.

# FGMRES residual history
# Residual tolerance target = 1e-10
# Initial residual norm     = 6.28253e-07
     0     1
# FGMRES final (true) residual:
# Iteration = 4: |res|/|res0| = 5.62468e-12.

Computing volumes of the grid elements.
Non-linear iter.: 153/500. Linear iter.: 4. Min. area: 0.000146106. Error: 5.62468e-12.
Computing volumes of the grid elements.
Min. volume: 0.000146106, max. volume: 36.4871.

# FGMRES residual history
# Residual tolerance target = 1e-10
# Initial residual norm     = 6.15526e-07
     0     1
# FGMRES final (true) residual:
# Iteration = 4: |res|/|res0| = 5.73625e-12.

Computing volumes of the grid elements.
Non-linear iter.: 154/500. Linear iter.: 4. Min. area: 0.000146103. Error: 5.73625e-12.
Computing volumes of the grid elements.
Min. volume: 0.000146103, max. volume: 36.4859.

# FGMRES residual history
# Residual tolerance target = 1e-10
# Initial residual norm     = 6.02912e-07
     0     1
# FGMRES final (true) residual:
# Iteration = 4: |res|/|res0| = 5.85171e-12.

Computing volumes of the grid elements.
Non-linear iter.: 155/500. Linear iter.: 4. Min. area: 0.000146099. Error: 5.85171e-12.
Computing volumes of the grid elements.
Min. volume: 0.000146099, max. volume: 36.4848.

# FGMRES residual history
# Residual tolerance target = 1e-10
# Initial residual norm     = 5.90409e-07
     0     1
# FGMRES final (true) residual:
# Iteration = 4: |res|/|res0| = 5.97124e-12.

Computing volumes of the grid elements.
Non-linear iter.: 156/500. Linear iter.: 4. Min. area: 0.000146096. Error: 5.97124e-12.
Computing volumes of the grid elements.
Min. volume: 0.000146096, max. volume: 36.4836.

# FGMRES residual history
# Residual tolerance target = 1e-10
# Initial residual norm     = 5.78015e-07
     0     1
# FGMRES final (true) residual:
# Iteration = 4: |res|/|res0| = 6.09505e-12.

Computing volumes of the grid elements.
Non-linear iter.: 157/500. Linear iter.: 4. Min. area: 0.000146093. Error: 6.09505e-12.
Computing volumes of the grid elements.
Min. volume: 0.000146093, max. volume: 36.4825.

# FGMRES residual history
# Residual tolerance target = 1e-10
# Initial residual norm     = 5.65729e-07
     0     1
# FGMRES final (true) residual:
# Iteration = 4: |res|/|res0| = 6.22335e-12.

Computing volumes of the grid elements.
Non-linear iter.: 158/500. Linear iter.: 4. Min. area: 0.000146089. Error: 6.22335e-12.
Computing volumes of the grid elements.
Min. volume: 0.000146089, max. volume: 36.4814.

# FGMRES residual history
# Residual tolerance target = 1e-10
# Initial residual norm     = 5.53548e-07
     0     1
# FGMRES final (true) residual:
# Iteration = 4: |res|/|res0| = 6.35637e-12.

Computing volumes of the grid elements.
Non-linear iter.: 159/500. Linear iter.: 4. Min. area: 0.000146086. Error: 6.35637e-12.
Computing volumes of the grid elements.
Min. volume: 0.000146086, max. volume: 36.4804.

# FGMRES residual history
# Residual tolerance target = 1e-10
# Initial residual norm     = 5.41473e-07
     0     1
# FGMRES final (true) residual:
# Iteration = 4: |res|/|res0| = 6.49436e-12.

Computing volumes of the grid elements.
Non-linear iter.: 160/500. Linear iter.: 4. Min. area: 0.000146082. Error: 6.49436e-12.
Computing volumes of the grid elements.
Min. volume: 0.000146082, max. volume: 36.4793.

# FGMRES residual history
# Residual tolerance target = 1e-10
# Initial residual norm     = 5.295e-07
     0     1
# FGMRES final (true) residual:
# Iteration = 4: |res|/|res0| = 6.63757e-12.

Computing volumes of the grid elements.
Non-linear iter.: 161/500. Linear iter.: 4. Min. area: 0.000146079. Error: 6.63757e-12.
Computing volumes of the grid elements.
Min. volume: 0.000146079, max. volume: 36.4783.

# FGMRES residual history
# Residual tolerance target = 1e-10
# Initial residual norm     = 5.17629e-07
     0     1
# FGMRES final (true) residual:
# Iteration = 4: |res|/|res0| = 6.7863e-12.

Computing volumes of the grid elements.
Non-linear iter.: 162/500. Linear iter.: 4. Min. area: 0.000146075. Error: 6.7863e-12.
Computing volumes of the grid elements.
Min. volume: 0.000146075, max. volume: 36.4773.

# FGMRES residual history
# Residual tolerance target = 1e-10
# Initial residual norm     = 5.05858e-07
     0     1
# FGMRES final (true) residual:
# Iteration = 4: |res|/|res0| = 6.94084e-12.

Computing volumes of the grid elements.
Non-linear iter.: 163/500. Linear iter.: 4. Min. area: 0.000146072. Error: 6.94084e-12.
Computing volumes of the grid elements.
Min. volume: 0.000146072, max. volume: 36.4763.

# FGMRES residual history
# Residual tolerance target = 1e-10
# Initial residual norm     = 4.94186e-07
     0     1
# FGMRES final (true) residual:
# Iteration = 4: |res|/|res0| = 7.10152e-12.

Computing volumes of the grid elements.
Non-linear iter.: 164/500. Linear iter.: 4. Min. area: 0.000146069. Error: 7.10152e-12.
Computing volumes of the grid elements.
Min. volume: 0.000146069, max. volume: 36.4754.

# FGMRES residual history
# Residual tolerance target = 1e-10
# Initial residual norm     = 4.82611e-07
     0     1
# FGMRES final (true) residual:
# Iteration = 4: |res|/|res0| = 7.26868e-12.

Computing volumes of the grid elements.
Non-linear iter.: 165/500. Linear iter.: 4. Min. area: 0.000146065. Error: 7.26868e-12.
Computing volumes of the grid elements.
Min. volume: 0.000146065, max. volume: 36.4744.

# FGMRES residual history
# Residual tolerance target = 1e-10
# Initial residual norm     = 4.71133e-07
     0     1
# FGMRES final (true) residual:
# Iteration = 4: |res|/|res0| = 7.4427e-12.

Computing volumes of the grid elements.
Non-linear iter.: 166/500. Linear iter.: 4. Min. area: 0.000146062. Error: 7.4427e-12.
Computing volumes of the grid elements.
Min. volume: 0.000146062, max. volume: 36.4735.

# FGMRES residual history
# Residual tolerance target = 1e-10
# Initial residual norm     = 4.59749e-07
     0     1
# FGMRES final (true) residual:
# Iteration = 4: |res|/|res0| = 7.62398e-12.

Computing volumes of the grid elements.
Non-linear iter.: 167/500. Linear iter.: 4. Min. area: 0.000146058. Error: 7.62398e-12.
Computing volumes of the grid elements.
Min. volume: 0.000146058, max. volume: 36.4726.

# FGMRES residual history
# Residual tolerance target = 1e-10
# Initial residual norm     = 4.48458e-07
     0     1
# FGMRES final (true) residual:
# Iteration = 4: |res|/|res0| = 7.81296e-12.

Computing volumes of the grid elements.
Non-linear iter.: 168/500. Linear iter.: 4. Min. area: 0.000146055. Error: 7.81296e-12.
Computing volumes of the grid elements.
Min. volume: 0.000146055, max. volume: 36.4717.

# FGMRES residual history
# Residual tolerance target = 1e-10
# Initial residual norm     = 4.3726e-07
     0     1
# FGMRES final (true) residual:
# Iteration = 4: |res|/|res0| = 8.0101e-12.

Computing volumes of the grid elements.
Non-linear iter.: 169/500. Linear iter.: 4. Min. area: 0.000146052. Error: 8.0101e-12.
Computing volumes of the grid elements.
Min. volume: 0.000146052, max. volume: 36.4709.

# FGMRES residual history
# Residual tolerance target = 1e-10
# Initial residual norm     = 4.26152e-07
     0     1
# FGMRES final (true) residual:
# Iteration = 4: |res|/|res0| = 8.21592e-12.

Computing volumes of the grid elements.
Non-linear iter.: 170/500. Linear iter.: 4. Min. area: 0.000146048. Error: 8.21592e-12.
Computing volumes of the grid elements.
Min. volume: 0.000146048, max. volume: 36.47.

# FGMRES residual history
# Residual tolerance target = 1e-10
# Initial residual norm     = 4.15135e-07
     0     1
# FGMRES final (true) residual:
# Iteration = 4: |res|/|res0| = 8.43096e-12.

Computing volumes of the grid elements.
Non-linear iter.: 171/500. Linear iter.: 4. Min. area: 0.000146045. Error: 8.43096e-12.
Computing volumes of the grid elements.
Min. volume: 0.000146045, max. volume: 36.4692.

# FGMRES residual history
# Residual tolerance target = 1e-10
# Initial residual norm     = 4.04207e-07
     0     1
# FGMRES final (true) residual:
# Iteration = 4: |res|/|res0| = 8.65582e-12.

Computing volumes of the grid elements.
Non-linear iter.: 172/500. Linear iter.: 4. Min. area: 0.000146041. Error: 8.65582e-12.
Computing volumes of the grid elements.
Min. volume: 0.000146041, max. volume: 36.4684.

# FGMRES residual history
# Residual tolerance target = 1e-10
# Initial residual norm     = 3.93367e-07
     0     1
# FGMRES final (true) residual:
# Iteration = 4: |res|/|res0| = 8.89114e-12.

Computing volumes of the grid elements.
Non-linear iter.: 173/500. Linear iter.: 4. Min. area: 0.000146038. Error: 8.89114e-12.
Computing volumes of the grid elements.
Min. volume: 0.000146038, max. volume: 36.4676.

# FGMRES residual history
# Residual tolerance target = 1e-10
# Initial residual norm     = 3.82615e-07
     0     1
# FGMRES final (true) residual:
# Iteration = 4: |res|/|res0| = 9.13761e-12.

Computing volumes of the grid elements.
Non-linear iter.: 174/500. Linear iter.: 4. Min. area: 0.000146035. Error: 9.13761e-12.
Computing volumes of the grid elements.
Min. volume: 0.000146035, max. volume: 36.4669.

# FGMRES residual history
# Residual tolerance target = 1e-10
# Initial residual norm     = 3.71948e-07
     0     1
# FGMRES final (true) residual:
# Iteration = 4: |res|/|res0| = 9.39601e-12.

Computing volumes of the grid elements.
Non-linear iter.: 175/500. Linear iter.: 4. Min. area: 0.000146031. Error: 9.39601e-12.
Computing volumes of the grid elements.
Min. volume: 0.000146031, max. volume: 36.4661.

# FGMRES residual history
# Residual tolerance target = 1e-10
# Initial residual norm     = 3.61368e-07
     0     1
# FGMRES final (true) residual:
# Iteration = 4: |res|/|res0| = 9.66715e-12.

Computing volumes of the grid elements.
Non-linear iter.: 176/500. Linear iter.: 4. Min. area: 0.000146028. Error: 9.66715e-12.
Computing volumes of the grid elements.
Min. volume: 0.000146028, max. volume: 36.4654.

# FGMRES residual history
# Residual tolerance target = 1e-10
# Initial residual norm     = 3.50873e-07
     0     1
# FGMRES final (true) residual:
# Iteration = 4: |res|/|res0| = 9.95193e-12.

Computing volumes of the grid elements.
Non-linear iter.: 177/500. Linear iter.: 4. Min. area: 0.000146024. Error: 9.95193e-12.
Computing volumes of the grid elements.
Min. volume: 0.000146024, max. volume: 36.4647.

# FGMRES residual history
# Residual tolerance target = 1e-10
# Initial residual norm     = 3.40462e-07
     0     1
# FGMRES final (true) residual:
# Iteration = 4: |res|/|res0| = 1.02513e-11.

Computing volumes of the grid elements.
Non-linear iter.: 178/500. Linear iter.: 4. Min. area: 0.000146021. Error: 1.02513e-11.
Computing volumes of the grid elements.
Min. volume: 0.000146021, max. volume: 36.464.

# FGMRES residual history
# Residual tolerance target = 1e-10
# Initial residual norm     = 3.30137e-07
     0     1
# FGMRES final (true) residual:
# Iteration = 4: |res|/|res0| = 1.05664e-11.

Computing volumes of the grid elements.
Non-linear iter.: 179/500. Linear iter.: 4. Min. area: 0.000146018. Error: 1.05664e-11.
Computing volumes of the grid elements.
Min. volume: 0.000146018, max. volume: 36.4634.

# FGMRES residual history
# Residual tolerance target = 1e-10
# Initial residual norm     = 3.19895e-07
     0     1
# FGMRES final (true) residual:
# Iteration = 4: |res|/|res0| = 1.08984e-11.

Computing volumes of the grid elements.
Non-linear iter.: 180/500. Linear iter.: 4. Min. area: 0.000146014. Error: 1.08984e-11.
Computing volumes of the grid elements.
Min. volume: 0.000146014, max. volume: 36.4627.

# FGMRES residual history
# Residual tolerance target = 1e-10
# Initial residual norm     = 3.09738e-07
     0     1
# FGMRES final (true) residual:
# Iteration = 4: |res|/|res0| = 1.12485e-11.

Computing volumes of the grid elements.
Non-linear iter.: 181/500. Linear iter.: 4. Min. area: 0.000146011. Error: 1.12485e-11.
Computing volumes of the grid elements.
Min. volume: 0.000146011, max. volume: 36.4621.

# FGMRES residual history
# Residual tolerance target = 1e-10
# Initial residual norm     = 2.99666e-07
     0     1
# FGMRES final (true) residual:
# Iteration = 4: |res|/|res0| = 1.16181e-11.

Computing volumes of the grid elements.
Non-linear iter.: 182/500. Linear iter.: 4. Min. area: 0.000146007. Error: 1.16181e-11.
Computing volumes of the grid elements.
Min. volume: 0.000146007, max. volume: 36.4615.

# FGMRES residual history
# Residual tolerance target = 1e-10
# Initial residual norm     = 2.8968e-07
     0     1
# FGMRES final (true) residual:
# Iteration = 4: |res|/|res0| = 1.20087e-11.

Computing volumes of the grid elements.
Non-linear iter.: 183/500. Linear iter.: 4. Min. area: 0.000146004. Error: 1.20087e-11.
Computing volumes of the grid elements.
Min. volume: 0.000146004, max. volume: 36.4609.

# FGMRES residual history
# Residual tolerance target = 1e-10
# Initial residual norm     = 2.79779e-07
     0     1
# FGMRES final (true) residual:
# Iteration = 4: |res|/|res0| = 1.2422e-11.

Computing volumes of the grid elements.
Non-linear iter.: 184/500. Linear iter.: 4. Min. area: 0.000146001. Error: 1.2422e-11.
Computing volumes of the grid elements.
Min. volume: 0.000146001, max. volume: 36.4604.

# FGMRES residual history
# Residual tolerance target = 1e-10
# Initial residual norm     = 2.69966e-07
     0     1
# FGMRES final (true) residual:
# Iteration = 4: |res|/|res0| = 1.28597e-11.

Computing volumes of the grid elements.
Non-linear iter.: 185/500. Linear iter.: 4. Min. area: 0.000145997. Error: 1.28597e-11.
Computing volumes of the grid elements.
Min. volume: 0.000145997, max. volume: 36.4598.

# FGMRES residual history
# Residual tolerance target = 1e-10
# Initial residual norm     = 2.60241e-07
     0     1
# FGMRES final (true) residual:
# Iteration = 4: |res|/|res0| = 1.33239e-11.

Computing volumes of the grid elements.
Non-linear iter.: 186/500. Linear iter.: 4. Min. area: 0.000145994. Error: 1.33239e-11.
Computing volumes of the grid elements.
Min. volume: 0.000145994, max. volume: 36.4593.

# FGMRES residual history
# Residual tolerance target = 1e-10
# Initial residual norm     = 2.50607e-07
     0     1
# FGMRES final (true) residual:
# Iteration = 4: |res|/|res0| = 1.38166e-11.

Computing volumes of the grid elements.
Non-linear iter.: 187/500. Linear iter.: 4. Min. area: 0.000145991. Error: 1.38166e-11.
Computing volumes of the grid elements.
Min. volume: 0.000145991, max. volume: 36.4588.

# FGMRES residual history
# Residual tolerance target = 1e-10
# Initial residual norm     = 2.41067e-07
     0     1
# FGMRES final (true) residual:
# Iteration = 4: |res|/|res0| = 1.43401e-11.

Computing volumes of the grid elements.
Non-linear iter.: 188/500. Linear iter.: 4. Min. area: 0.000145987. Error: 1.43401e-11.
Computing volumes of the grid elements.
Min. volume: 0.000145987, max. volume: 36.4583.

# FGMRES residual history
# Residual tolerance target = 1e-10
# Initial residual norm     = 2.31622e-07
     0     1
# FGMRES final (true) residual:
# Iteration = 4: |res|/|res0| = 1.48969e-11.

Computing volumes of the grid elements.
Non-linear iter.: 189/500. Linear iter.: 4. Min. area: 0.000145984. Error: 1.48969e-11.
Computing volumes of the grid elements.
Min. volume: 0.000145984, max. volume: 36.4578.

# FGMRES residual history
# Residual tolerance target = 1e-10
# Initial residual norm     = 2.22278e-07
     0     1
# FGMRES final (true) residual:
# Iteration = 4: |res|/|res0| = 1.54894e-11.

Computing volumes of the grid elements.
Non-linear iter.: 190/500. Linear iter.: 4. Min. area: 0.00014598. Error: 1.54894e-11.
Computing volumes of the grid elements.
Min. volume: 0.00014598, max. volume: 36.4574.

# FGMRES residual history
# Residual tolerance target = 1e-10
# Initial residual norm     = 2.13038e-07
     0     1
# FGMRES final (true) residual:
# Iteration = 4: |res|/|res0| = 1.61204e-11.

Computing volumes of the grid elements.
Non-linear iter.: 191/500. Linear iter.: 4. Min. area: 0.000145977. Error: 1.61204e-11.
Computing volumes of the grid elements.
Min. volume: 0.000145977, max. volume: 36.4569.

# FGMRES residual history
# Residual tolerance target = 1e-10
# Initial residual norm     = 2.03909e-07
     0     1
# FGMRES final (true) residual:
# Iteration = 4: |res|/|res0| = 1.67926e-11.

Computing volumes of the grid elements.
Non-linear iter.: 192/500. Linear iter.: 4. Min. area: 0.000145974. Error: 1.67926e-11.
Computing volumes of the grid elements.
Min. volume: 0.000145974, max. volume: 36.4565.

# FGMRES residual history
# Residual tolerance target = 1e-10
# Initial residual norm     = 1.94897e-07
     0     1
# FGMRES final (true) residual:
# Iteration = 4: |res|/|res0| = 1.75087e-11.

Computing volumes of the grid elements.
Non-linear iter.: 193/500. Linear iter.: 4. Min. area: 0.00014597. Error: 1.75087e-11.
Computing volumes of the grid elements.
Min. volume: 0.00014597, max. volume: 36.4561.

# FGMRES residual history
# Residual tolerance target = 1e-10
# Initial residual norm     = 1.86011e-07
     0     1
# FGMRES final (true) residual:
# Iteration = 4: |res|/|res0| = 1.82711e-11.

Computing volumes of the grid elements.
Non-linear iter.: 194/500. Linear iter.: 4. Min. area: 0.000145967. Error: 1.82711e-11.
Computing volumes of the grid elements.
Min. volume: 0.000145967, max. volume: 36.4558.

# FGMRES residual history
# Residual tolerance target = 1e-10
# Initial residual norm     = 1.77261e-07
     0     1
# FGMRES final (true) residual:
# Iteration = 4: |res|/|res0| = 1.9082e-11.

Computing volumes of the grid elements.
Non-linear iter.: 195/500. Linear iter.: 4. Min. area: 0.000145964. Error: 1.9082e-11.
Computing volumes of the grid elements.
Min. volume: 0.000145964, max. volume: 36.4554.

# FGMRES residual history
# Residual tolerance target = 1e-10
# Initial residual norm     = 1.68659e-07
     0     1
# FGMRES final (true) residual:
# Iteration = 4: |res|/|res0| = 1.99426e-11.

Computing volumes of the grid elements.
Non-linear iter.: 196/500. Linear iter.: 4. Min. area: 0.00014596. Error: 1.99426e-11.
Computing volumes of the grid elements.
Min. volume: 0.00014596, max. volume: 36.4551.

# FGMRES residual history
# Residual tolerance target = 1e-10
# Initial residual norm     = 1.6022e-07
     0     1
# FGMRES final (true) residual:
# Iteration = 4: |res|/|res0| = 2.08527e-11.

Computing volumes of the grid elements.
Non-linear iter.: 197/500. Linear iter.: 4. Min. area: 0.000145957. Error: 2.08527e-11.
Computing volumes of the grid elements.
Min. volume: 0.000145957, max. volume: 36.4548.

# FGMRES residual history
# Residual tolerance target = 1e-10
# Initial residual norm     = 1.51963e-07
     0     1
# FGMRES final (true) residual:
# Iteration = 4: |res|/|res0| = 2.18102e-11.

Computing volumes of the grid elements.
Non-linear iter.: 198/500. Linear iter.: 4. Min. area: 0.000145953. Error: 2.18102e-11.
Computing volumes of the grid elements.
Min. volume: 0.000145953, max. volume: 36.4545.

# FGMRES residual history
# Residual tolerance target = 1e-10
# Initial residual norm     = 1.43909e-07
     0     1
# FGMRES final (true) residual:
# Iteration = 4: |res|/|res0| = 2.28095e-11.

Computing volumes of the grid elements.
Non-linear iter.: 199/500. Linear iter.: 4. Min. area: 0.00014595. Error: 2.28095e-11.
Computing volumes of the grid elements.
Min. volume: 0.00014595, max. volume: 36.4542.

# FGMRES residual history
# Residual tolerance target = 1e-10
# Initial residual norm     = 1.36087e-07
     0     1
# FGMRES final (true) residual:
# Iteration = 4: |res|/|res0| = 2.38404e-11.

Computing volumes of the grid elements.
Non-linear iter.: 200/500. Linear iter.: 4. Min. area: 0.000145947. Error: 2.38404e-11.
Computing volumes of the grid elements.
Min. volume: 0.000145947, max. volume: 36.4539.

# FGMRES residual history
# Residual tolerance target = 1e-10
# Initial residual norm     = 1.28528e-07
     0     1
# FGMRES final (true) residual:
# Iteration = 4: |res|/|res0| = 2.48854e-11.

Computing volumes of the grid elements.
Non-linear iter.: 201/500. Linear iter.: 4. Min. area: 0.000145943. Error: 2.48854e-11.
Computing volumes of the grid elements.
Min. volume: 0.000145943, max. volume: 36.4537.

# FGMRES residual history
# Residual tolerance target = 1e-10
# Initial residual norm     = 1.21273e-07
     0     1
# FGMRES final (true) residual:
# Iteration = 4: |res|/|res0| = 2.5917e-11.

Computing volumes of the grid elements.
Non-linear iter.: 202/500. Linear iter.: 4. Min. area: 0.00014594. Error: 2.5917e-11.
Computing volumes of the grid elements.
Min. volume: 0.00014594, max. volume: 36.4534.

# FGMRES residual history
# Residual tolerance target = 1e-10
# Initial residual norm     = 1.14372e-07
     0     1
# FGMRES final (true) residual:
# Iteration = 4: |res|/|res0| = 2.68948e-11.

Computing volumes of the grid elements.
Non-linear iter.: 203/500. Linear iter.: 4. Min. area: 0.000145937. Error: 2.68948e-11.
Computing volumes of the grid elements.
Min. volume: 0.000145937, max. volume: 36.4532.

# FGMRES residual history
# Residual tolerance target = 1e-10
# Initial residual norm     = 1.07881e-07
     0     1
# FGMRES final (true) residual:
# Iteration = 4: |res|/|res0| = 2.77623e-11.

Computing volumes of the grid elements.
Non-linear iter.: 204/500. Linear iter.: 4. Min. area: 0.000145933. Error: 2.77623e-11.
Computing volumes of the grid elements.
Min. volume: 0.000145933, max. volume: 36.453.

# FGMRES residual history
# Residual tolerance target = 1e-10
# Initial residual norm     = 1.01871e-07
     0     1
# FGMRES final (true) residual:
# Iteration = 4: |res|/|res0| = 2.8447e-11.

Computing volumes of the grid elements.
Non-linear iter.: 205/500. Linear iter.: 4. Min. area: 0.00014593. Error: 2.8447e-11.
Computing volumes of the grid elements.
Min. volume: 0.00014593, max. volume: 36.4529.

# FGMRES residual history
# Residual tolerance target = 1e-10
# Initial residual norm     = 9.64221e-08
     0     1
# FGMRES final (true) residual:
# Iteration = 4: |res|/|res0| = 2.88693e-11.

Computing volumes of the grid elements.
Non-linear iter.: 206/500. Linear iter.: 4. Min. area: 0.000145927. Error: 2.88693e-11.
Computing volumes of the grid elements.
Min. volume: 0.000145927, max. volume: 36.4527.

# FGMRES residual history
# Residual tolerance target = 1e-10
# Initial residual norm     = 9.16254e-08
     0     1
# FGMRES final (true) residual:
# Iteration = 4: |res|/|res0| = 2.8967e-11.

Computing volumes of the grid elements.
Non-linear iter.: 207/500. Linear iter.: 4. Min. area: 0.000145923. Error: 2.8967e-11.
Computing volumes of the grid elements.
Min. volume: 0.000145923, max. volume: 36.4526.

# FGMRES residual history
# Residual tolerance target = 1e-10
# Initial residual norm     = 8.75793e-08
     0     1
# FGMRES final (true) residual:
# Iteration = 4: |res|/|res0| = 2.87512e-11.

Computing volumes of the grid elements.
Non-linear iter.: 208/500. Linear iter.: 4. Min. area: 0.00014592. Error: 2.87512e-11.
Computing volumes of the grid elements.
Min. volume: 0.00014592, max. volume: 36.4525.

# FGMRES residual history
# Residual tolerance target = 1e-10
# Initial residual norm     = 8.43831e-08
     0     1
# FGMRES final (true) residual:
# Iteration = 4: |res|/|res0| = 2.83866e-11.

Computing volumes of the grid elements.
Non-linear iter.: 209/500. Linear iter.: 4. Min. area: 0.000145917. Error: 2.83866e-11.
Computing volumes of the grid elements.
Min. volume: 0.000145917, max. volume: 36.4524.

# FGMRES residual history
# Residual tolerance target = 1e-10
# Initial residual norm     = 8.2128e-08
     0     1
# FGMRES final (true) residual:
# Iteration = 4: |res|/|res0| = 2.82387e-11.

Computing volumes of the grid elements.
Non-linear iter.: 210/500. Linear iter.: 4. Min. area: 0.000145913. Error: 2.82387e-11.
Computing volumes of the grid elements.
Min. volume: 0.000145913, max. volume: 36.4523.

# FGMRES residual history
# Residual tolerance target = 1e-10
# Initial residual norm     = 8.08849e-08
     0     1
# FGMRES final (true) residual:
# Iteration = 4: |res|/|res0| = 2.87426e-11.

Computing volumes of the grid elements.
Non-linear iter.: 211/500. Linear iter.: 4. Min. area: 0.00014591. Error: 2.87426e-11.
Computing volumes of the grid elements.
Min. volume: 0.00014591, max. volume: 36.4522.

# FGMRES residual history
# Residual tolerance target = 1e-10
# Initial residual norm     = 8.06938e-08
     0     1
# FGMRES final (true) residual:
# Iteration = 4: |res|/|res0| = 3.00552e-11.

Computing volumes of the grid elements.
Non-linear iter.: 212/500. Linear iter.: 4. Min. area: 0.000145907. Error: 3.00552e-11.
Computing volumes of the grid elements.
Min. volume: 0.000145907, max. volume: 36.4522.

# FGMRES residual history
# Residual tolerance target = 1e-10
# Initial residual norm     = 8.15554e-08
     0     1
# FGMRES final (true) residual:
# Iteration = 4: |res|/|res0| = 3.18437e-11.

Computing volumes of the grid elements.
Non-linear iter.: 213/500. Linear iter.: 4. Min. area: 0.000145903. Error: 3.18437e-11.
Computing volumes of the grid elements.
Min. volume: 0.000145903, max. volume: 36.4521.

# FGMRES residual history
# Residual tolerance target = 1e-10
# Initial residual norm     = 8.34318e-08
     0     1
# FGMRES final (true) residual:
# Iteration = 4: |res|/|res0| = 3.3526e-11.

Computing volumes of the grid elements.
Non-linear iter.: 214/500. Linear iter.: 4. Min. area: 0.0001459. Error: 3.3526e-11.
Computing volumes of the grid elements.
Min. volume: 0.0001459, max. volume: 36.4521.

# FGMRES residual history
# Residual tolerance target = 1e-10
# Initial residual norm     = 8.62518e-08
     0     1
# FGMRES final (true) residual:
# Iteration = 4: |res|/|res0| = 3.46487e-11.

Computing volumes of the grid elements.
Non-linear iter.: 215/500. Linear iter.: 4. Min. area: 0.000145897. Error: 3.46487e-11.
Computing volumes of the grid elements.
Min. volume: 0.000145897, max. volume: 36.4522.

# FGMRES residual history
# Residual tolerance target = 1e-10
# Initial residual norm     = 8.99226e-08
     0     1
# FGMRES final (true) residual:
# Iteration = 4: |res|/|res0| = 3.50177e-11.

Computing volumes of the grid elements.
Non-linear iter.: 216/500. Linear iter.: 4. Min. area: 0.000145893. Error: 3.50177e-11.
Computing volumes of the grid elements.
Min. volume: 0.000145893, max. volume: 36.4522.

# FGMRES residual history
# Residual tolerance target = 1e-10
# Initial residual norm     = 9.43416e-08
     0     1
# FGMRES final (true) residual:
# Iteration = 4: |res|/|res0| = 3.45426e-11.

Computing volumes of the grid elements.
Non-linear iter.: 217/500. Linear iter.: 4. Min. area: 0.00014589. Error: 3.45426e-11.
Computing volumes of the grid elements.
Min. volume: 0.00014589, max. volume: 36.4522.

# FGMRES residual history
# Residual tolerance target = 1e-10
# Initial residual norm     = 9.94063e-08
     0     1
# FGMRES final (true) residual:
# Iteration = 4: |res|/|res0| = 3.18508e-11.

Computing volumes of the grid elements.
Non-linear iter.: 218/500. Linear iter.: 4. Min. area: 0.000145887. Error: 3.18508e-11.
Computing volumes of the grid elements.
Min. volume: 0.000145887, max. volume: 36.4523.

# FGMRES residual history
# Residual tolerance target = 1e-10
# Initial residual norm     = 1.05021e-07
     0     1
# FGMRES final (true) residual:
# Iteration = 4: |res|/|res0| = 3.1095e-11.

Computing volumes of the grid elements.
Non-linear iter.: 219/500. Linear iter.: 4. Min. area: 0.000145883. Error: 3.1095e-11.
Computing volumes of the grid elements.
Min. volume: 0.000145883, max. volume: 36.4524.

# FGMRES residual history
# Residual tolerance target = 1e-10
# Initial residual norm     = 1.11102e-07
     0     1
# FGMRES final (true) residual:
# Iteration = 4: |res|/|res0| = 3.2309e-11.

Computing volumes of the grid elements.
Non-linear iter.: 220/500. Linear iter.: 4. Min. area: 0.00014588. Error: 3.2309e-11.
Computing volumes of the grid elements.
Min. volume: 0.00014588, max. volume: 36.4525.

# FGMRES residual history
# Residual tolerance target = 1e-10
# Initial residual norm     = 1.17574e-07
     0     1
# FGMRES final (true) residual:
# Iteration = 4: |res|/|res0| = 3.10968e-11.

Computing volumes of the grid elements.
Non-linear iter.: 221/500. Linear iter.: 4. Min. area: 0.000145877. Error: 3.10968e-11.
Computing volumes of the grid elements.
Min. volume: 0.000145877, max. volume: 36.4526.

# FGMRES residual history
# Residual tolerance target = 1e-10
# Initial residual norm     = 1.24377e-07
     0     1
# FGMRES final (true) residual:
# Iteration = 4: |res|/|res0| = 2.97604e-11.

Computing volumes of the grid elements.
Non-linear iter.: 222/500. Linear iter.: 4. Min. area: 0.000145873. Error: 2.97604e-11.
Computing volumes of the grid elements.
Min. volume: 0.000145873, max. volume: 36.4527.

# FGMRES residual history
# Residual tolerance target = 1e-10
# Initial residual norm     = 1.31459e-07
     0     1
# FGMRES final (true) residual:
# Iteration = 4: |res|/|res0| = 2.84295e-11.

Computing volumes of the grid elements.
Non-linear iter.: 223/500. Linear iter.: 4. Min. area: 0.00014587. Error: 2.84295e-11.
Computing volumes of the grid elements.
Min. volume: 0.00014587, max. volume: 36.4529.

# FGMRES residual history
# Residual tolerance target = 1e-10
# Initial residual norm     = 1.38777e-07
     0     1
# FGMRES final (true) residual:
# Iteration = 4: |res|/|res0| = 2.7142e-11.

Computing volumes of the grid elements.
Non-linear iter.: 224/500. Linear iter.: 4. Min. area: 0.000145867. Error: 2.7142e-11.
Computing volumes of the grid elements.
Min. volume: 0.000145867, max. volume: 36.453.

# FGMRES residual history
# Residual tolerance target = 1e-10
# Initial residual norm     = 1.46297e-07
     0     1
# FGMRES final (true) residual:
# Iteration = 4: |res|/|res0| = 2.59154e-11.

Computing volumes of the grid elements.
Non-linear iter.: 225/500. Linear iter.: 4. Min. area: 0.000145863. Error: 2.59154e-11.
Computing volumes of the grid elements.
Min. volume: 0.000145863, max. volume: 36.4532.

# FGMRES residual history
# Residual tolerance target = 1e-10
# Initial residual norm     = 1.53989e-07
     0     1
# FGMRES final (true) residual:
# Iteration = 4: |res|/|res0| = 2.47577e-11.

Computing volumes of the grid elements.
Non-linear iter.: 226/500. Linear iter.: 4. Min. area: 0.00014586. Error: 2.47577e-11.
Computing volumes of the grid elements.
Min. volume: 0.00014586, max. volume: 36.4534.

# FGMRES residual history
# Residual tolerance target = 1e-10
# Initial residual norm     = 1.6183e-07
     0     1
# FGMRES final (true) residual:
# Iteration = 4: |res|/|res0| = 2.36711e-11.

Computing volumes of the grid elements.
Non-linear iter.: 227/500. Linear iter.: 4. Min. area: 0.000145857. Error: 2.36711e-11.
Computing volumes of the grid elements.
Min. volume: 0.000145857, max. volume: 36.4537.

# FGMRES residual history
# Residual tolerance target = 1e-10
# Initial residual norm     = 1.698e-07
     0     1
# FGMRES final (true) residual:
# Iteration = 4: |res|/|res0| = 2.2655e-11.

Computing volumes of the grid elements.
Non-linear iter.: 228/500. Linear iter.: 4. Min. area: 0.000145853. Error: 2.2655e-11.
Computing volumes of the grid elements.
Min. volume: 0.000145853, max. volume: 36.4539.

# FGMRES residual history
# Residual tolerance target = 1e-10
# Initial residual norm     = 1.77885e-07
     0     1
# FGMRES final (true) residual:
# Iteration = 4: |res|/|res0| = 2.17066e-11.

Computing volumes of the grid elements.
Non-linear iter.: 229/500. Linear iter.: 4. Min. area: 0.00014585. Error: 2.17066e-11.
Computing volumes of the grid elements.
Min. volume: 0.00014585, max. volume: 36.4542.

# FGMRES residual history
# Residual tolerance target = 1e-10
# Initial residual norm     = 1.86069e-07
     0     1
# FGMRES final (true) residual:
# Iteration = 4: |res|/|res0| = 2.08224e-11.

Computing volumes of the grid elements.
Non-linear iter.: 230/500. Linear iter.: 4. Min. area: 0.000145847. Error: 2.08224e-11.
Computing volumes of the grid elements.
Min. volume: 0.000145847, max. volume: 36.4544.

# FGMRES residual history
# Residual tolerance target = 1e-10
# Initial residual norm     = 1.94344e-07
     0     1
# FGMRES final (true) residual:
# Iteration = 4: |res|/|res0| = 1.9998e-11.

Computing volumes of the grid elements.
Non-linear iter.: 231/500. Linear iter.: 4. Min. area: 0.000145843. Error: 1.9998e-11.
Computing volumes of the grid elements.
Min. volume: 0.000145843, max. volume: 36.4547.

# FGMRES residual history
# Residual tolerance target = 1e-10
# Initial residual norm     = 2.02699e-07
     0     1
# FGMRES final (true) residual:
# Iteration = 4: |res|/|res0| = 1.92292e-11.

Computing volumes of the grid elements.
Non-linear iter.: 232/500. Linear iter.: 4. Min. area: 0.00014584. Error: 1.92292e-11.
Computing volumes of the grid elements.
Min. volume: 0.00014584, max. volume: 36.4551.

# FGMRES residual history
# Residual tolerance target = 1e-10
# Initial residual norm     = 2.11127e-07
     0     1
# FGMRES final (true) residual:
# Iteration = 4: |res|/|res0| = 1.85117e-11.

Computing volumes of the grid elements.
Non-linear iter.: 233/500. Linear iter.: 4. Min. area: 0.000145837. Error: 1.85117e-11.
Computing volumes of the grid elements.
Min. volume: 0.000145837, max. volume: 36.4554.

# FGMRES residual history
# Residual tolerance target = 1e-10
# Initial residual norm     = 2.19622e-07
     0     1
# FGMRES final (true) residual:
# Iteration = 4: |res|/|res0| = 1.78415e-11.

Computing volumes of the grid elements.
Non-linear iter.: 234/500. Linear iter.: 4. Min. area: 0.000145833. Error: 1.78415e-11.
Computing volumes of the grid elements.
Min. volume: 0.000145833, max. volume: 36.4557.

# FGMRES residual history
# Residual tolerance target = 1e-10
# Initial residual norm     = 2.28178e-07
     0     1
# FGMRES final (true) residual:
# Iteration = 4: |res|/|res0| = 1.72147e-11.

Computing volumes of the grid elements.
Non-linear iter.: 235/500. Linear iter.: 4. Min. area: 0.00014583. Error: 1.72147e-11.
Computing volumes of the grid elements.
Min. volume: 0.00014583, max. volume: 36.4561.

# FGMRES residual history
# Residual tolerance target = 1e-10
# Initial residual norm     = 2.36793e-07
     0     1
# FGMRES final (true) residual:
# Iteration = 4: |res|/|res0| = 1.66278e-11.

Computing volumes of the grid elements.
Non-linear iter.: 236/500. Linear iter.: 4. Min. area: 0.000145827. Error: 1.66278e-11.
Computing volumes of the grid elements.
Min. volume: 0.000145827, max. volume: 36.4565.

# FGMRES residual history
# Residual tolerance target = 1e-10
# Initial residual norm     = 2.45461e-07
     0     1
# FGMRES final (true) residual:
# Iteration = 4: |res|/|res0| = 1.60774e-11.

Computing volumes of the grid elements.
Non-linear iter.: 237/500. Linear iter.: 4. Min. area: 0.000145823. Error: 1.60774e-11.
Computing volumes of the grid elements.
Min. volume: 0.000145823, max. volume: 36.4569.

# FGMRES residual history
# Residual tolerance target = 1e-10
# Initial residual norm     = 2.54181e-07
     0     1
# FGMRES final (true) residual:
# Iteration = 4: |res|/|res0| = 1.55607e-11.

Computing volumes of the grid elements.
Non-linear iter.: 238/500. Linear iter.: 4. Min. area: 0.00014582. Error: 1.55607e-11.
Computing volumes of the grid elements.
Min. volume: 0.00014582, max. volume: 36.4573.

# FGMRES residual history
# Residual tolerance target = 1e-10
# Initial residual norm     = 2.6295e-07
     0     1
# FGMRES final (true) residual:
# Iteration = 4: |res|/|res0| = 1.50748e-11.

Computing volumes of the grid elements.
Non-linear iter.: 239/500. Linear iter.: 4. Min. area: 0.000145817. Error: 1.50748e-11.
Computing volumes of the grid elements.
Min. volume: 0.000145817, max. volume: 36.4577.

# FGMRES residual history
# Residual tolerance target = 1e-10
# Initial residual norm     = 2.71766e-07
     0     1
# FGMRES final (true) residual:
# Iteration = 4: |res|/|res0| = 1.46174e-11.

Computing volumes of the grid elements.
Non-linear iter.: 240/500. Linear iter.: 4. Min. area: 0.000145814. Error: 1.46174e-11.
Computing volumes of the grid elements.
Min. volume: 0.000145814, max. volume: 36.4582.

# FGMRES residual history
# Residual tolerance target = 1e-10
# Initial residual norm     = 2.80627e-07
     0     1
# FGMRES final (true) residual:
# Iteration = 4: |res|/|res0| = 1.4186e-11.

Computing volumes of the grid elements.
Non-linear iter.: 241/500. Linear iter.: 4. Min. area: 0.00014581. Error: 1.4186e-11.
Computing volumes of the grid elements.
Min. volume: 0.00014581, max. volume: 36.4587.

# FGMRES residual history
# Residual tolerance target = 1e-10
# Initial residual norm     = 2.89533e-07
     0     1
# FGMRES final (true) residual:
# Iteration = 4: |res|/|res0| = 1.37787e-11.

Computing volumes of the grid elements.
Non-linear iter.: 242/500. Linear iter.: 4. Min. area: 0.000145807. Error: 1.37787e-11.
Computing volumes of the grid elements.
Min. volume: 0.000145807, max. volume: 36.4592.

# FGMRES residual history
# Residual tolerance target = 1e-10
# Initial residual norm     = 2.98483e-07
     0     1
# FGMRES final (true) residual:
# Iteration = 4: |res|/|res0| = 1.33937e-11.

Computing volumes of the grid elements.
Non-linear iter.: 243/500. Linear iter.: 4. Min. area: 0.000145804. Error: 1.33937e-11.
Computing volumes of the grid elements.
Min. volume: 0.000145804, max. volume: 36.4597.

# FGMRES residual history
# Residual tolerance target = 1e-10
# Initial residual norm     = 3.07476e-07
     0     1
# FGMRES final (true) residual:
# Iteration = 4: |res|/|res0| = 1.30292e-11.

Computing volumes of the grid elements.
Non-linear iter.: 244/500. Linear iter.: 4. Min. area: 0.0001458. Error: 1.30292e-11.
Computing volumes of the grid elements.
Min. volume: 0.0001458, max. volume: 36.4602.

# FGMRES residual history
# Residual tolerance target = 1e-10
# Initial residual norm     = 3.16511e-07
     0     1
# FGMRES final (true) residual:
# Iteration = 4: |res|/|res0| = 1.26837e-11.

Computing volumes of the grid elements.
Non-linear iter.: 245/500. Linear iter.: 4. Min. area: 0.000145797. Error: 1.26837e-11.
Computing volumes of the grid elements.
Min. volume: 0.000145797, max. volume: 36.4608.

# FGMRES residual history
# Residual tolerance target = 1e-10
# Initial residual norm     = 3.25588e-07
     0     1
# FGMRES final (true) residual:
# Iteration = 4: |res|/|res0| = 1.23558e-11.

Computing volumes of the grid elements.
Non-linear iter.: 246/500. Linear iter.: 4. Min. area: 0.000145794. Error: 1.23558e-11.
Computing volumes of the grid elements.
Min. volume: 0.000145794, max. volume: 36.4613.

# FGMRES residual history
# Residual tolerance target = 1e-10
# Initial residual norm     = 3.34708e-07
     0     1
# FGMRES final (true) residual:
# Iteration = 4: |res|/|res0| = 1.20442e-11.

Computing volumes of the grid elements.
Non-linear iter.: 247/500. Linear iter.: 4. Min. area: 0.000145791. Error: 1.20442e-11.
Computing volumes of the grid elements.
Min. volume: 0.000145791, max. volume: 36.4619.

# FGMRES residual history
# Residual tolerance target = 1e-10
# Initial residual norm     = 3.4387e-07
     0     1
# FGMRES final (true) residual:
# Iteration = 4: |res|/|res0| = 1.17478e-11.

Computing volumes of the grid elements.
Non-linear iter.: 248/500. Linear iter.: 4. Min. area: 0.000145787. Error: 1.17478e-11.
Computing volumes of the grid elements.
Min. volume: 0.000145787, max. volume: 36.4625.

# FGMRES residual history
# Residual tolerance target = 1e-10
# Initial residual norm     = 3.53075e-07
     0     1
# FGMRES final (true) residual:
# Iteration = 4: |res|/|res0| = 1.14656e-11.

Computing volumes of the grid elements.
Non-linear iter.: 249/500. Linear iter.: 4. Min. area: 0.000145784. Error: 1.14656e-11.
Computing volumes of the grid elements.
Min. volume: 0.000145784, max. volume: 36.4631.

# FGMRES residual history
# Residual tolerance target = 1e-10
# Initial residual norm     = 3.62322e-07
     0     1
# FGMRES final (true) residual:
# Iteration = 4: |res|/|res0| = 1.11964e-11.

Computing volumes of the grid elements.
Non-linear iter.: 250/500. Linear iter.: 4. Min. area: 0.000145781. Error: 1.11964e-11.
Computing volumes of the grid elements.
Min. volume: 0.000145781, max. volume: 36.4638.

# FGMRES residual history
# Residual tolerance target = 1e-10
# Initial residual norm     = 3.71613e-07
     0     1
# FGMRES final (true) residual:
# Iteration = 4: |res|/|res0| = 1.09396e-11.

Computing volumes of the grid elements.
Non-linear iter.: 251/500. Linear iter.: 4. Min. area: 0.000145777. Error: 1.09396e-11.
Computing volumes of the grid elements.
Min. volume: 0.000145777, max. volume: 36.4644.

# FGMRES residual history
# Residual tolerance target = 1e-10
# Initial residual norm     = 3.80947e-07
     0     1
# FGMRES final (true) residual:
# Iteration = 4: |res|/|res0| = 1.06942e-11.

Computing volumes of the grid elements.
Non-linear iter.: 252/500. Linear iter.: 4. Min. area: 0.000145774. Error: 1.06942e-11.
Computing volumes of the grid elements.
Min. volume: 0.000145774, max. volume: 36.4651.

# FGMRES residual history
# Residual tolerance target = 1e-10
# Initial residual norm     = 3.90326e-07
     0     1
# FGMRES final (true) residual:
# Iteration = 4: |res|/|res0| = 1.04596e-11.

Computing volumes of the grid elements.
Non-linear iter.: 253/500. Linear iter.: 4. Min. area: 0.000145771. Error: 1.04596e-11.
Computing volumes of the grid elements.
Min. volume: 0.000145771, max. volume: 36.4658.

# FGMRES residual history
# Residual tolerance target = 1e-10
# Initial residual norm     = 3.99749e-07
     0     1
# FGMRES final (true) residual:
# Iteration = 4: |res|/|res0| = 1.02349e-11.

Computing volumes of the grid elements.
Non-linear iter.: 254/500. Linear iter.: 4. Min. area: 0.000145768. Error: 1.02349e-11.
Computing volumes of the grid elements.
Min. volume: 0.000145768, max. volume: 36.4665.

# FGMRES residual history
# Residual tolerance target = 1e-10
# Initial residual norm     = 4.09219e-07
     0     1
# FGMRES final (true) residual:
# Iteration = 4: |res|/|res0| = 1.00197e-11.

Computing volumes of the grid elements.
Non-linear iter.: 255/500. Linear iter.: 4. Min. area: 0.000145764. Error: 1.00197e-11.
Computing volumes of the grid elements.
Min. volume: 0.000145764, max. volume: 36.4672.

# FGMRES residual history
# Residual tolerance target = 1e-10
# Initial residual norm     = 4.18734e-07
     0     1
# FGMRES final (true) residual:
# Iteration = 4: |res|/|res0| = 9.81338e-12.

Computing volumes of the grid elements.
Non-linear iter.: 256/500. Linear iter.: 4. Min. area: 0.000145761. Error: 9.81338e-12.
Computing volumes of the grid elements.
Min. volume: 0.000145761, max. volume: 36.468.

# FGMRES residual history
# Residual tolerance target = 1e-10
# Initial residual norm     = 4.28297e-07
     0     1
# FGMRES final (true) residual:
# Iteration = 4: |res|/|res0| = 9.61533e-12.

Computing volumes of the grid elements.
Non-linear iter.: 257/500. Linear iter.: 4. Min. area: 0.000145758. Error: 9.61533e-12.
Computing volumes of the grid elements.
Min. volume: 0.000145758, max. volume: 36.4687.

# FGMRES residual history
# Residual tolerance target = 1e-10
# Initial residual norm     = 4.37907e-07
     0     1
# FGMRES final (true) residual:
# Iteration = 4: |res|/|res0| = 9.42509e-12.

Computing volumes of the grid elements.
Non-linear iter.: 258/500. Linear iter.: 4. Min. area: 0.000145754. Error: 9.42509e-12.
Computing volumes of the grid elements.
Min. volume: 0.000145754, max. volume: 36.4695.

# FGMRES residual history
# Residual tolerance target = 1e-10
# Initial residual norm     = 4.47567e-07
     0     1
# FGMRES final (true) residual:
# Iteration = 4: |res|/|res0| = 9.24221e-12.

Computing volumes of the grid elements.
Non-linear iter.: 259/500. Linear iter.: 4. Min. area: 0.000145751. Error: 9.24221e-12.
Computing volumes of the grid elements.
Min. volume: 0.000145751, max. volume: 36.4703.

# FGMRES residual history
# Residual tolerance target = 1e-10
# Initial residual norm     = 4.57277e-07
     0     1
# FGMRES final (true) residual:
# Iteration = 4: |res|/|res0| = 9.06628e-12.

Computing volumes of the grid elements.
Non-linear iter.: 260/500. Linear iter.: 4. Min. area: 0.000145748. Error: 9.06628e-12.
Computing volumes of the grid elements.
Min. volume: 0.000145748, max. volume: 36.4711.

# FGMRES residual history
# Residual tolerance target = 1e-10
# Initial residual norm     = 4.67037e-07
     0     1
# FGMRES final (true) residual:
# Iteration = 4: |res|/|res0| = 8.8969e-12.

Computing volumes of the grid elements.
Non-linear iter.: 261/500. Linear iter.: 4. Min. area: 0.000145745. Error: 8.8969e-12.
Computing volumes of the grid elements.
Min. volume: 0.000145745, max. volume: 36.472.

# FGMRES residual history
# Residual tolerance target = 1e-10
# Initial residual norm     = 4.76849e-07
     0     1
# FGMRES final (true) residual:
# Iteration = 4: |res|/|res0| = 8.73372e-12.

Computing volumes of the grid elements.
Non-linear iter.: 262/500. Linear iter.: 4. Min. area: 0.000145741. Error: 8.73372e-12.
Computing volumes of the grid elements.
Min. volume: 0.000145741, max. volume: 36.4728.

# FGMRES residual history
# Residual tolerance target = 1e-10
# Initial residual norm     = 4.86714e-07
     0     1
# FGMRES final (true) residual:
# Iteration = 4: |res|/|res0| = 8.57639e-12.

Computing volumes of the grid elements.
Non-linear iter.: 263/500. Linear iter.: 4. Min. area: 0.000145738. Error: 8.57639e-12.
Computing volumes of the grid elements.
Min. volume: 0.000145738, max. volume: 36.4737.

# FGMRES residual history
# Residual tolerance target = 1e-10
# Initial residual norm     = 4.96633e-07
     0     1
# FGMRES final (true) residual:
# Iteration = 4: |res|/|res0| = 8.42461e-12.

Computing volumes of the grid elements.
Non-linear iter.: 264/500. Linear iter.: 4. Min. area: 0.000145735. Error: 8.42461e-12.
Computing volumes of the grid elements.
Min. volume: 0.000145735, max. volume: 36.4746.

# FGMRES residual history
# Residual tolerance target = 1e-10
# Initial residual norm     = 5.06606e-07
     0     1
# FGMRES final (true) residual:
# Iteration = 4: |res|/|res0| = 8.27809e-12.

Computing volumes of the grid elements.
Non-linear iter.: 265/500. Linear iter.: 4. Min. area: 0.000145732. Error: 8.27809e-12.
Computing volumes of the grid elements.
Min. volume: 0.000145732, max. volume: 36.4755.

# FGMRES residual history
# Residual tolerance target = 1e-10
# Initial residual norm     = 5.16636e-07
     0     1
# FGMRES final (true) residual:
# Iteration = 4: |res|/|res0| = 8.13655e-12.

Computing volumes of the grid elements.
Non-linear iter.: 266/500. Linear iter.: 4. Min. area: 0.000145728. Error: 8.13655e-12.
Computing volumes of the grid elements.
Min. volume: 0.000145728, max. volume: 36.4764.

# FGMRES residual history
# Residual tolerance target = 1e-10
# Initial residual norm     = 5.26723e-07
     0     1
# FGMRES final (true) residual:
# Iteration = 4: |res|/|res0| = 7.99975e-12.

Computing volumes of the grid elements.
Non-linear iter.: 267/500. Linear iter.: 4. Min. area: 0.000145725. Error: 7.99975e-12.
Computing volumes of the grid elements.
Min. volume: 0.000145725, max. volume: 36.4774.

# FGMRES residual history
# Residual tolerance target = 1e-10
# Initial residual norm     = 5.36869e-07
     0     1
# FGMRES final (true) residual:
# Iteration = 4: |res|/|res0| = 7.86745e-12.

Computing volumes of the grid elements.
Non-linear iter.: 268/500. Linear iter.: 4. Min. area: 0.000145722. Error: 7.86745e-12.
Computing volumes of the grid elements.
Min. volume: 0.000145722, max. volume: 36.4783.

# FGMRES residual history
# Residual tolerance target = 1e-10
# Initial residual norm     = 5.47074e-07
     0     1
# FGMRES final (true) residual:
# Iteration = 4: |res|/|res0| = 7.73942e-12.

Computing volumes of the grid elements.
Non-linear iter.: 269/500. Linear iter.: 4. Min. area: 0.000145719. Error: 7.73942e-12.
Computing volumes of the grid elements.
Min. volume: 0.000145719, max. volume: 36.4793.

# FGMRES residual history
# Residual tolerance target = 1e-10
# Initial residual norm     = 5.57339e-07
     0     1
# FGMRES final (true) residual:
# Iteration = 4: |res|/|res0| = 7.61547e-12.

Computing volumes of the grid elements.
Non-linear iter.: 270/500. Linear iter.: 4. Min. area: 0.000145715. Error: 7.61547e-12.
Computing volumes of the grid elements.
Min. volume: 0.000145715, max. volume: 36.4803.

# FGMRES residual history
# Residual tolerance target = 1e-10
# Initial residual norm     = 5.67667e-07
     0     1
# FGMRES final (true) residual:
# Iteration = 4: |res|/|res0| = 7.4954e-12.

Computing volumes of the grid elements.
Non-linear iter.: 271/500. Linear iter.: 4. Min. area: 0.000145712. Error: 7.4954e-12.
Computing volumes of the grid elements.
Min. volume: 0.000145712, max. volume: 36.4813.

# FGMRES residual history
# Residual tolerance target = 1e-10
# Initial residual norm     = 5.78058e-07
     0     1
# FGMRES final (true) residual:
# Iteration = 4: |res|/|res0| = 7.37903e-12.

Computing volumes of the grid elements.
Non-linear iter.: 272/500. Linear iter.: 4. Min. area: 0.000145709. Error: 7.37903e-12.
Computing volumes of the grid elements.
Min. volume: 0.000145709, max. volume: 36.4824.

# FGMRES residual history
# Residual tolerance target = 1e-10
# Initial residual norm     = 5.88513e-07
     0     1
# FGMRES final (true) residual:
# Iteration = 4: |res|/|res0| = 7.26618e-12.

Computing volumes of the grid elements.
Non-linear iter.: 273/500. Linear iter.: 4. Min. area: 0.000145706. Error: 7.26618e-12.
Computing volumes of the grid elements.
Min. volume: 0.000145706, max. volume: 36.4834.

# FGMRES residual history
# Residual tolerance target = 1e-10
# Initial residual norm     = 5.99033e-07
     0     1
# FGMRES final (true) residual:
# Iteration = 4: |res|/|res0| = 7.15671e-12.

Computing volumes of the grid elements.
Non-linear iter.: 274/500. Linear iter.: 4. Min. area: 0.000145702. Error: 7.15671e-12.
Computing volumes of the grid elements.
Min. volume: 0.000145702, max. volume: 36.4845.

# FGMRES residual history
# Residual tolerance target = 1e-10
# Initial residual norm     = 6.09621e-07
     0     1
# FGMRES final (true) residual:
# Iteration = 4: |res|/|res0| = 7.05046e-12.

Computing volumes of the grid elements.
Non-linear iter.: 275/500. Linear iter.: 4. Min. area: 0.000145699. Error: 7.05046e-12.
Computing volumes of the grid elements.
Min. volume: 0.000145699, max. volume: 36.4856.

# FGMRES residual history
# Residual tolerance target = 1e-10
# Initial residual norm     = 6.20276e-07
     0     1
# FGMRES final (true) residual:
# Iteration = 4: |res|/|res0| = 6.94729e-12.

Computing volumes of the grid elements.
Non-linear iter.: 276/500. Linear iter.: 4. Min. area: 0.000145696. Error: 6.94729e-12.
Computing volumes of the grid elements.
Min. volume: 0.000145696, max. volume: 36.4867.

# FGMRES residual history
# Residual tolerance target = 1e-10
# Initial residual norm     = 6.31002e-07
     0     1
# FGMRES final (true) residual:
# Iteration = 4: |res|/|res0| = 6.84706e-12.

Computing volumes of the grid elements.
Non-linear iter.: 277/500. Linear iter.: 4. Min. area: 0.000145693. Error: 6.84706e-12.
Computing volumes of the grid elements.
Min. volume: 0.000145693, max. volume: 36.4879.

# FGMRES residual history
# Residual tolerance target = 1e-10
# Initial residual norm     = 6.41797e-07
     0     1
# FGMRES final (true) residual:
# Iteration = 4: |res|/|res0| = 6.74966e-12.

Computing volumes of the grid elements.
Non-linear iter.: 278/500. Linear iter.: 4. Min. area: 0.000145689. Error: 6.74966e-12.
Computing volumes of the grid elements.
Min. volume: 0.000145689, max. volume: 36.489.

# FGMRES residual history
# Residual tolerance target = 1e-10
# Initial residual norm     = 6.52665e-07
     0     1
# FGMRES final (true) residual:
# Iteration = 4: |res|/|res0| = 6.65496e-12.

Computing volumes of the grid elements.
Non-linear iter.: 279/500. Linear iter.: 4. Min. area: 0.000145686. Error: 6.65496e-12.
Computing volumes of the grid elements.
Min. volume: 0.000145686, max. volume: 36.4902.

# FGMRES residual history
# Residual tolerance target = 1e-10
# Initial residual norm     = 6.63607e-07
     0     1
# FGMRES final (true) residual:
# Iteration = 4: |res|/|res0| = 6.56285e-12.

Computing volumes of the grid elements.
Non-linear iter.: 280/500. Linear iter.: 4. Min. area: 0.000145683. Error: 6.56285e-12.
Computing volumes of the grid elements.
Min. volume: 0.000145683, max. volume: 36.4914.

# FGMRES residual history
# Residual tolerance target = 1e-10
# Initial residual norm     = 6.74623e-07
     0     1
# FGMRES final (true) residual:
# Iteration = 4: |res|/|res0| = 6.47323e-12.

Computing volumes of the grid elements.
Non-linear iter.: 281/500. Linear iter.: 4. Min. area: 0.00014568. Error: 6.47323e-12.
Computing volumes of the grid elements.
Min. volume: 0.00014568, max. volume: 36.4926.

# FGMRES residual history
# Residual tolerance target = 1e-10
# Initial residual norm     = 6.85715e-07
     0     1
# FGMRES final (true) residual:
# Iteration = 4: |res|/|res0| = 6.386e-12.

Computing volumes of the grid elements.
Non-linear iter.: 282/500. Linear iter.: 4. Min. area: 0.000145676. Error: 6.386e-12.
Computing volumes of the grid elements.
Min. volume: 0.000145676, max. volume: 36.4938.

# FGMRES residual history
# Residual tolerance target = 1e-10
# Initial residual norm     = 6.96885e-07
     0     1
# FGMRES final (true) residual:
# Iteration = 4: |res|/|res0| = 6.30106e-12.

Computing volumes of the grid elements.
Non-linear iter.: 283/500. Linear iter.: 4. Min. area: 0.000145673. Error: 6.30106e-12.
Computing volumes of the grid elements.
Min. volume: 0.000145673, max. volume: 36.4951.

# FGMRES residual history
# Residual tolerance target = 1e-10
# Initial residual norm     = 7.08133e-07
     0     1
# FGMRES final (true) residual:
# Iteration = 4: |res|/|res0| = 6.21833e-12.

Computing volumes of the grid elements.
Non-linear iter.: 284/500. Linear iter.: 4. Min. area: 0.00014567. Error: 6.21833e-12.
Computing volumes of the grid elements.
Min. volume: 0.00014567, max. volume: 36.4964.

# FGMRES residual history
# Residual tolerance target = 1e-10
# Initial residual norm     = 7.19462e-07
     0     1
# FGMRES final (true) residual:
# Iteration = 4: |res|/|res0| = 6.13771e-12.

Computing volumes of the grid elements.
Non-linear iter.: 285/500. Linear iter.: 4. Min. area: 0.000145667. Error: 6.13771e-12.
Computing volumes of the grid elements.
Min. volume: 0.000145667, max. volume: 36.4977.

# FGMRES residual history
# Residual tolerance target = 1e-10
# Initial residual norm     = 7.30872e-07
     0     1
# FGMRES final (true) residual:
# Iteration = 4: |res|/|res0| = 6.05914e-12.

Computing volumes of the grid elements.
Non-linear iter.: 286/500. Linear iter.: 4. Min. area: 0.000145663. Error: 6.05914e-12.
Computing volumes of the grid elements.
Min. volume: 0.000145663, max. volume: 36.499.

# FGMRES residual history
# Residual tolerance target = 1e-10
# Initial residual norm     = 7.42365e-07
     0     1
# FGMRES final (true) residual:
# Iteration = 4: |res|/|res0| = 5.98254e-12.

Computing volumes of the grid elements.
Non-linear iter.: 287/500. Linear iter.: 4. Min. area: 0.00014566. Error: 5.98254e-12.
Computing volumes of the grid elements.
Min. volume: 0.00014566, max. volume: 36.5003.

# FGMRES residual history
# Residual tolerance target = 1e-10
# Initial residual norm     = 7.53943e-07
     0     1
# FGMRES final (true) residual:
# Iteration = 4: |res|/|res0| = 5.90783e-12.

Computing volumes of the grid elements.
Non-linear iter.: 288/500. Linear iter.: 4. Min. area: 0.000145657. Error: 5.90783e-12.
Computing volumes of the grid elements.
Min. volume: 0.000145657, max. volume: 36.5016.

# FGMRES residual history
# Residual tolerance target = 1e-10
# Initial residual norm     = 7.65606e-07
     0     1
# FGMRES final (true) residual:
# Iteration = 4: |res|/|res0| = 5.83494e-12.

Computing volumes of the grid elements.
Non-linear iter.: 289/500. Linear iter.: 4. Min. area: 0.000145654. Error: 5.83494e-12.
Computing volumes of the grid elements.
Min. volume: 0.000145654, max. volume: 36.503.

# FGMRES residual history
# Residual tolerance target = 1e-10
# Initial residual norm     = 7.77357e-07
     0     1
# FGMRES final (true) residual:
# Iteration = 4: |res|/|res0| = 5.76381e-12.

Computing volumes of the grid elements.
Non-linear iter.: 290/500. Linear iter.: 4. Min. area: 0.000145651. Error: 5.76381e-12.
Computing volumes of the grid elements.
Min. volume: 0.000145651, max. volume: 36.5044.

# FGMRES residual history
# Residual tolerance target = 1e-10
# Initial residual norm     = 7.89196e-07
     0     1
# FGMRES final (true) residual:
# Iteration = 4: |res|/|res0| = 5.69438e-12.

Computing volumes of the grid elements.
Non-linear iter.: 291/500. Linear iter.: 4. Min. area: 0.000145647. Error: 5.69438e-12.
Computing volumes of the grid elements.
Min. volume: 0.000145647, max. volume: 36.5058.

# FGMRES residual history
# Residual tolerance target = 1e-10
# Initial residual norm     = 8.01125e-07
     0     1
# FGMRES final (true) residual:
# Iteration = 4: |res|/|res0| = 5.62659e-12.

Computing volumes of the grid elements.
Non-linear iter.: 292/500. Linear iter.: 4. Min. area: 0.000145644. Error: 5.62659e-12.
Computing volumes of the grid elements.
Min. volume: 0.000145644, max. volume: 36.5072.

# FGMRES residual history
# Residual tolerance target = 1e-10
# Initial residual norm     = 8.13147e-07
     0     1
# FGMRES final (true) residual:
# Iteration = 4: |res|/|res0| = 5.56039e-12.

Computing volumes of the grid elements.
Non-linear iter.: 293/500. Linear iter.: 4. Min. area: 0.000145641. Error: 5.56039e-12.
Computing volumes of the grid elements.
Min. volume: 0.000145641, max. volume: 36.5087.

# FGMRES residual history
# Residual tolerance target = 1e-10
# Initial residual norm     = 8.25261e-07
     0     1
# FGMRES final (true) residual:
# Iteration = 4: |res|/|res0| = 5.49571e-12.

Computing volumes of the grid elements.
Non-linear iter.: 294/500. Linear iter.: 4. Min. area: 0.000145638. Error: 5.49571e-12.
Computing volumes of the grid elements.
Min. volume: 0.000145638, max. volume: 36.5102.

# FGMRES residual history
# Residual tolerance target = 1e-10
# Initial residual norm     = 8.37469e-07
     0     1
# FGMRES final (true) residual:
# Iteration = 4: |res|/|res0| = 5.43252e-12.

Computing volumes of the grid elements.
Non-linear iter.: 295/500. Linear iter.: 4. Min. area: 0.000145634. Error: 5.43252e-12.
Computing volumes of the grid elements.
Min. volume: 0.000145634, max. volume: 36.5116.

# FGMRES residual history
# Residual tolerance target = 1e-10
# Initial residual norm     = 8.49774e-07
     0     1
# FGMRES final (true) residual:
# Iteration = 4: |res|/|res0| = 5.37075e-12.

Computing volumes of the grid elements.
Non-linear iter.: 296/500. Linear iter.: 4. Min. area: 0.000145631. Error: 5.37075e-12.
Computing volumes of the grid elements.
Min. volume: 0.000145631, max. volume: 36.5131.

# FGMRES residual history
# Residual tolerance target = 1e-10
# Initial residual norm     = 8.62176e-07
     0     1
# FGMRES final (true) residual:
# Iteration = 4: |res|/|res0| = 5.31037e-12.

Computing volumes of the grid elements.
Non-linear iter.: 297/500. Linear iter.: 4. Min. area: 0.000145628. Error: 5.31037e-12.
Computing volumes of the grid elements.
Min. volume: 0.000145628, max. volume: 36.5147.

# FGMRES residual history
# Residual tolerance target = 1e-10
# Initial residual norm     = 8.74677e-07
     0     1
# FGMRES final (true) residual:
# Iteration = 4: |res|/|res0| = 5.25133e-12.

Computing volumes of the grid elements.
Non-linear iter.: 298/500. Linear iter.: 4. Min. area: 0.000145625. Error: 5.25133e-12.
Computing volumes of the grid elements.
Min. volume: 0.000145625, max. volume: 36.5162.

# FGMRES residual history
# Residual tolerance target = 1e-10
# Initial residual norm     = 8.87278e-07
     0     1
# FGMRES final (true) residual:
# Iteration = 4: |res|/|res0| = 5.19359e-12.

Computing volumes of the grid elements.
Non-linear iter.: 299/500. Linear iter.: 4. Min. area: 0.000145622. Error: 5.19359e-12.
Computing volumes of the grid elements.
Min. volume: 0.000145622, max. volume: 36.5178.

# FGMRES residual history
# Residual tolerance target = 1e-10
# Initial residual norm     = 8.99982e-07
     0     1
# FGMRES final (true) residual:
# Iteration = 4: |res|/|res0| = 5.13711e-12.

Computing volumes of the grid elements.
Non-linear iter.: 300/500. Linear iter.: 4. Min. area: 0.000145618. Error: 5.13711e-12.
Computing volumes of the grid elements.
Min. volume: 0.000145618, max. volume: 36.5194.

# FGMRES residual history
# Residual tolerance target = 1e-10
# Initial residual norm     = 9.12789e-07
     0     1
# FGMRES final (true) residual:
# Iteration = 4: |res|/|res0| = 5.08185e-12.

Computing volumes of the grid elements.
Non-linear iter.: 301/500. Linear iter.: 4. Min. area: 0.000145615. Error: 5.08185e-12.
Computing volumes of the grid elements.
Min. volume: 0.000145615, max. volume: 36.521.

# FGMRES residual history
# Residual tolerance target = 1e-10
# Initial residual norm     = 9.25701e-07
     0     1
# FGMRES final (true) residual:
# Iteration = 4: |res|/|res0| = 5.02777e-12.

Computing volumes of the grid elements.
Non-linear iter.: 302/500. Linear iter.: 4. Min. area: 0.000145612. Error: 5.02777e-12.
Computing volumes of the grid elements.
Min. volume: 0.000145612, max. volume: 36.5226.

# FGMRES residual history
# Residual tolerance target = 1e-10
# Initial residual norm     = 9.38719e-07
     0     1
# FGMRES final (true) residual:
# Iteration = 4: |res|/|res0| = 4.97483e-12.

Computing volumes of the grid elements.
Non-linear iter.: 303/500. Linear iter.: 4. Min. area: 0.000145609. Error: 4.97483e-12.
Computing volumes of the grid elements.
Min. volume: 0.000145609, max. volume: 36.5243.

# FGMRES residual history
# Residual tolerance target = 1e-10
# Initial residual norm     = 9.51845e-07
     0     1
# FGMRES final (true) residual:
# Iteration = 4: |res|/|res0| = 4.92301e-12.

Computing volumes of the grid elements.
Non-linear iter.: 304/500. Linear iter.: 4. Min. area: 0.000145606. Error: 4.92301e-12.
Computing volumes of the grid elements.
Min. volume: 0.000145606, max. volume: 36.5259.

# FGMRES residual history
# Residual tolerance target = 1e-10
# Initial residual norm     = 9.65081e-07
     0     1
# FGMRES final (true) residual:
# Iteration = 4: |res|/|res0| = 4.87227e-12.

Computing volumes of the grid elements.
Non-linear iter.: 305/500. Linear iter.: 4. Min. area: 0.000145602. Error: 4.87227e-12.
Computing volumes of the grid elements.
Min. volume: 0.000145602, max. volume: 36.5276.

# FGMRES residual history
# Residual tolerance target = 1e-10
# Initial residual norm     = 9.78428e-07
     0     1
# FGMRES final (true) residual:
# Iteration = 4: |res|/|res0| = 4.82258e-12.

Computing volumes of the grid elements.
Non-linear iter.: 306/500. Linear iter.: 4. Min. area: 0.000145599. Error: 4.82258e-12.
Computing volumes of the grid elements.
Min. volume: 0.000145599, max. volume: 36.5293.

# FGMRES residual history
# Residual tolerance target = 1e-10
# Initial residual norm     = 9.91888e-07
     0     1
# FGMRES final (true) residual:
# Iteration = 4: |res|/|res0| = 4.77391e-12.

Computing volumes of the grid elements.
Non-linear iter.: 307/500. Linear iter.: 4. Min. area: 0.000145596. Error: 4.77391e-12.
Computing volumes of the grid elements.
Min. volume: 0.000145596, max. volume: 36.5311.

# FGMRES residual history
# Residual tolerance target = 1e-10
# Initial residual norm     = 1.00546e-06
     0     1
# FGMRES final (true) residual:
# Iteration = 4: |res|/|res0| = 4.72623e-12.

Computing volumes of the grid elements.
Non-linear iter.: 308/500. Linear iter.: 4. Min. area: 0.000145593. Error: 4.72623e-12.
Computing volumes of the grid elements.
Min. volume: 0.000145593, max. volume: 36.5328.

# FGMRES residual history
# Residual tolerance target = 1e-10
# Initial residual norm     = 1.01915e-06
     0     1
# FGMRES final (true) residual:
# Iteration = 4: |res|/|res0| = 4.67952e-12.

Computing volumes of the grid elements.
Non-linear iter.: 309/500. Linear iter.: 4. Min. area: 0.00014559. Error: 4.67952e-12.
Computing volumes of the grid elements.
Min. volume: 0.00014559, max. volume: 36.5346.

# FGMRES residual history
# Residual tolerance target = 1e-10
# Initial residual norm     = 1.03296e-06
     0     1
# FGMRES final (true) residual:
# Iteration = 4: |res|/|res0| = 4.63374e-12.

Computing volumes of the grid elements.
Non-linear iter.: 310/500. Linear iter.: 4. Min. area: 0.000145586. Error: 4.63374e-12.
Computing volumes of the grid elements.
Min. volume: 0.000145586, max. volume: 36.5364.

# FGMRES residual history
# Residual tolerance target = 1e-10
# Initial residual norm     = 1.04688e-06
     0     1
# FGMRES final (true) residual:
# Iteration = 4: |res|/|res0| = 4.58887e-12.

Computing volumes of the grid elements.
Non-linear iter.: 311/500. Linear iter.: 4. Min. area: 0.000145583. Error: 4.58887e-12.
Computing volumes of the grid elements.
Min. volume: 0.000145583, max. volume: 36.5382.

# FGMRES residual history
# Residual tolerance target = 1e-10
# Initial residual norm     = 1.06093e-06
     0     1
# FGMRES final (true) residual:
# Iteration = 4: |res|/|res0| = 4.54489e-12.

Computing volumes of the grid elements.
Non-linear iter.: 312/500. Linear iter.: 4. Min. area: 0.00014558. Error: 4.54489e-12.
Computing volumes of the grid elements.
Min. volume: 0.00014558, max. volume: 36.5401.

# FGMRES residual history
# Residual tolerance target = 1e-10
# Initial residual norm     = 1.0751e-06
     0     1
# FGMRES final (true) residual:
# Iteration = 4: |res|/|res0| = 4.50177e-12.

Computing volumes of the grid elements.
Non-linear iter.: 313/500. Linear iter.: 4. Min. area: 0.000145577. Error: 4.50177e-12.
Computing volumes of the grid elements.
Min. volume: 0.000145577, max. volume: 36.5419.

# FGMRES residual history
# Residual tolerance target = 1e-10
# Initial residual norm     = 1.08939e-06
     0     1
# FGMRES final (true) residual:
# Iteration = 4: |res|/|res0| = 4.45949e-12.

Computing volumes of the grid elements.
Non-linear iter.: 314/500. Linear iter.: 4. Min. area: 0.000145574. Error: 4.45949e-12.
Computing volumes of the grid elements.
Min. volume: 0.000145574, max. volume: 36.5438.

# FGMRES residual history
# Residual tolerance target = 1e-10
# Initial residual norm     = 1.10381e-06
     0     1
# FGMRES final (true) residual:
# Iteration = 4: |res|/|res0| = 4.41804e-12.

Computing volumes of the grid elements.
Non-linear iter.: 315/500. Linear iter.: 4. Min. area: 0.000145571. Error: 4.41804e-12.
Computing volumes of the grid elements.
Min. volume: 0.000145571, max. volume: 36.5457.

# FGMRES residual history
# Residual tolerance target = 1e-10
# Initial residual norm     = 1.11835e-06
     0     1
# FGMRES final (true) residual:
# Iteration = 4: |res|/|res0| = 4.37737e-12.

Computing volumes of the grid elements.
Non-linear iter.: 316/500. Linear iter.: 4. Min. area: 0.000145567. Error: 4.37737e-12.
Computing volumes of the grid elements.
Min. volume: 0.000145567, max. volume: 36.5476.

# FGMRES residual history
# Residual tolerance target = 1e-10
# Initial residual norm     = 1.13302e-06
     0     1
# FGMRES final (true) residual:
# Iteration = 4: |res|/|res0| = 4.33749e-12.

Computing volumes of the grid elements.
Non-linear iter.: 317/500. Linear iter.: 4. Min. area: 0.000145564. Error: 4.33749e-12.
Computing volumes of the grid elements.
Min. volume: 0.000145564, max. volume: 36.5496.

# FGMRES residual history
# Residual tolerance target = 1e-10
# Initial residual norm     = 1.14782e-06
     0     1
# FGMRES final (true) residual:
# Iteration = 4: |res|/|res0| = 4.29836e-12.

Computing volumes of the grid elements.
Non-linear iter.: 318/500. Linear iter.: 4. Min. area: 0.000145561. Error: 4.29836e-12.
Computing volumes of the grid elements.
Min. volume: 0.000145561, max. volume: 36.5515.

# FGMRES residual history
# Residual tolerance target = 1e-10
# Initial residual norm     = 1.16276e-06
     0     1
# FGMRES final (true) residual:
# Iteration = 4: |res|/|res0| = 4.25997e-12.

Computing volumes of the grid elements.
Non-linear iter.: 319/500. Linear iter.: 4. Min. area: 0.000145558. Error: 4.25997e-12.
Computing volumes of the grid elements.
Min. volume: 0.000145558, max. volume: 36.5535.

# FGMRES residual history
# Residual tolerance target = 1e-10
# Initial residual norm     = 1.17782e-06
     0     1
# FGMRES final (true) residual:
# Iteration = 4: |res|/|res0| = 4.22231e-12.

Computing volumes of the grid elements.
Non-linear iter.: 320/500. Linear iter.: 4. Min. area: 0.000145555. Error: 4.22231e-12.
Computing volumes of the grid elements.
Min. volume: 0.000145555, max. volume: 36.5555.

# FGMRES residual history
# Residual tolerance target = 1e-10
# Initial residual norm     = 1.19302e-06
     0     1
# FGMRES final (true) residual:
# Iteration = 4: |res|/|res0| = 4.18534e-12.

Computing volumes of the grid elements.
Non-linear iter.: 321/500. Linear iter.: 4. Min. area: 0.000145551. Error: 4.18534e-12.
Computing volumes of the grid elements.
Min. volume: 0.000145551, max. volume: 36.5575.

# FGMRES residual history
# Residual tolerance target = 1e-10
# Initial residual norm     = 1.20836e-06
     0     1
# FGMRES final (true) residual:
# Iteration = 4: |res|/|res0| = 4.14906e-12.

Computing volumes of the grid elements.
Non-linear iter.: 322/500. Linear iter.: 4. Min. area: 0.000145548. Error: 4.14906e-12.
Computing volumes of the grid elements.
Min. volume: 0.000145548, max. volume: 36.5596.

# FGMRES residual history
# Residual tolerance target = 1e-10
# Initial residual norm     = 1.22383e-06
     0     1
# FGMRES final (true) residual:
# Iteration = 4: |res|/|res0| = 4.11345e-12.

Computing volumes of the grid elements.
Non-linear iter.: 323/500. Linear iter.: 4. Min. area: 0.000145545. Error: 4.11345e-12.
Computing volumes of the grid elements.
Min. volume: 0.000145545, max. volume: 36.5617.

# FGMRES residual history
# Residual tolerance target = 1e-10
# Initial residual norm     = 1.23945e-06
     0     1
# FGMRES final (true) residual:
# Iteration = 4: |res|/|res0| = 4.07849e-12.

Computing volumes of the grid elements.
Non-linear iter.: 324/500. Linear iter.: 4. Min. area: 0.000145542. Error: 4.07849e-12.
Computing volumes of the grid elements.
Min. volume: 0.000145542, max. volume: 36.5638.

# FGMRES residual history
# Residual tolerance target = 1e-10
# Initial residual norm     = 1.2552e-06
     0     1
# FGMRES final (true) residual:
# Iteration = 4: |res|/|res0| = 4.04417e-12.

Computing volumes of the grid elements.
Non-linear iter.: 325/500. Linear iter.: 4. Min. area: 0.000145539. Error: 4.04417e-12.
Computing volumes of the grid elements.
Min. volume: 0.000145539, max. volume: 36.5659.

# FGMRES residual history
# Residual tolerance target = 1e-10
# Initial residual norm     = 1.2711e-06
     0     1
# FGMRES final (true) residual:
# Iteration = 4: |res|/|res0| = 4.01047e-12.

Computing volumes of the grid elements.
Non-linear iter.: 326/500. Linear iter.: 4. Min. area: 0.000145536. Error: 4.01047e-12.
Computing volumes of the grid elements.
Min. volume: 0.000145536, max. volume: 36.568.

# FGMRES residual history
# Residual tolerance target = 1e-10
# Initial residual norm     = 1.28714e-06
     0     1
# FGMRES final (true) residual:
# Iteration = 4: |res|/|res0| = 3.97737e-12.

Computing volumes of the grid elements.
Non-linear iter.: 327/500. Linear iter.: 4. Min. area: 0.000145533. Error: 3.97737e-12.
Computing volumes of the grid elements.
Min. volume: 0.000145533, max. volume: 36.5702.

# FGMRES residual history
# Residual tolerance target = 1e-10
# Initial residual norm     = 1.30333e-06
     0     1
# FGMRES final (true) residual:
# Iteration = 4: |res|/|res0| = 3.94487e-12.

Computing volumes of the grid elements.
Non-linear iter.: 328/500. Linear iter.: 4. Min. area: 0.000145529. Error: 3.94487e-12.
Computing volumes of the grid elements.
Min. volume: 0.000145529, max. volume: 36.5723.

# FGMRES residual history
# Residual tolerance target = 1e-10
# Initial residual norm     = 1.31966e-06
     0     1
# FGMRES final (true) residual:
# Iteration = 4: |res|/|res0| = 3.91295e-12.

Computing volumes of the grid elements.
Non-linear iter.: 329/500. Linear iter.: 4. Min. area: 0.000145526. Error: 3.91295e-12.
Computing volumes of the grid elements.
Min. volume: 0.000145526, max. volume: 36.5745.

# FGMRES residual history
# Residual tolerance target = 1e-10
# Initial residual norm     = 1.33614e-06
     0     1
# FGMRES final (true) residual:
# Iteration = 4: |res|/|res0| = 3.8816e-12.

Computing volumes of the grid elements.
Non-linear iter.: 330/500. Linear iter.: 4. Min. area: 0.000145523. Error: 3.8816e-12.
Computing volumes of the grid elements.
Min. volume: 0.000145523, max. volume: 36.5768.

# FGMRES residual history
# Residual tolerance target = 1e-10
# Initial residual norm     = 1.35278e-06
     0     1
# FGMRES final (true) residual:
# Iteration = 4: |res|/|res0| = 3.8508e-12.

Computing volumes of the grid elements.
Non-linear iter.: 331/500. Linear iter.: 4. Min. area: 0.00014552. Error: 3.8508e-12.
Computing volumes of the grid elements.
Min. volume: 0.00014552, max. volume: 36.579.

# FGMRES residual history
# Residual tolerance target = 1e-10
# Initial residual norm     = 1.36956e-06
     0     1
# FGMRES final (true) residual:
# Iteration = 4: |res|/|res0| = 3.82054e-12.

Computing volumes of the grid elements.
Non-linear iter.: 332/500. Linear iter.: 4. Min. area: 0.000145517. Error: 3.82054e-12.
Computing volumes of the grid elements.
Min. volume: 0.000145517, max. volume: 36.5813.

# FGMRES residual history
# Residual tolerance target = 1e-10
# Initial residual norm     = 1.3865e-06
     0     1
# FGMRES final (true) residual:
# Iteration = 4: |res|/|res0| = 3.7908e-12.

Computing volumes of the grid elements.
Non-linear iter.: 333/500. Linear iter.: 4. Min. area: 0.000145514. Error: 3.7908e-12.
Computing volumes of the grid elements.
Min. volume: 0.000145514, max. volume: 36.5836.

# FGMRES residual history
# Residual tolerance target = 1e-10
# Initial residual norm     = 1.40359e-06
     0     1
# FGMRES final (true) residual:
# Iteration = 4: |res|/|res0| = 3.76159e-12.

Computing volumes of the grid elements.
Non-linear iter.: 334/500. Linear iter.: 4. Min. area: 0.00014551. Error: 3.76159e-12.
Computing volumes of the grid elements.
Min. volume: 0.00014551, max. volume: 36.5859.

# FGMRES residual history
# Residual tolerance target = 1e-10
# Initial residual norm     = 1.42084e-06
     0     1
# FGMRES final (true) residual:
# Iteration = 4: |res|/|res0| = 3.73288e-12.

Computing volumes of the grid elements.
Non-linear iter.: 335/500. Linear iter.: 4. Min. area: 0.000145507. Error: 3.73288e-12.
Computing volumes of the grid elements.
Min. volume: 0.000145507, max. volume: 36.5882.

# FGMRES residual history
# Residual tolerance target = 1e-10
# Initial residual norm     = 1.43825e-06
     0     1
# FGMRES final (true) residual:
# Iteration = 4: |res|/|res0| = 3.70466e-12.

Computing volumes of the grid elements.
Non-linear iter.: 336/500. Linear iter.: 4. Min. area: 0.000145504. Error: 3.70466e-12.
Computing volumes of the grid elements.
Min. volume: 0.000145504, max. volume: 36.5906.

# FGMRES residual history
# Residual tolerance target = 1e-10
# Initial residual norm     = 1.45581e-06
     0     1
# FGMRES final (true) residual:
# Iteration = 4: |res|/|res0| = 3.67693e-12.

Computing volumes of the grid elements.
Non-linear iter.: 337/500. Linear iter.: 4. Min. area: 0.000145501. Error: 3.67693e-12.
Computing volumes of the grid elements.
Min. volume: 0.000145501, max. volume: 36.5929.

# FGMRES residual history
# Residual tolerance target = 1e-10
# Initial residual norm     = 1.47354e-06
     0     1
# FGMRES final (true) residual:
# Iteration = 4: |res|/|res0| = 3.64967e-12.

Computing volumes of the grid elements.
Non-linear iter.: 338/500. Linear iter.: 4. Min. area: 0.000145498. Error: 3.64967e-12.
Computing volumes of the grid elements.
Min. volume: 0.000145498, max. volume: 36.5953.

# FGMRES residual history
# Residual tolerance target = 1e-10
# Initial residual norm     = 1.49143e-06
     0     1
# FGMRES final (true) residual:
# Iteration = 4: |res|/|res0| = 3.62287e-12.

Computing volumes of the grid elements.
Non-linear iter.: 339/500. Linear iter.: 4. Min. area: 0.000145495. Error: 3.62287e-12.
Computing volumes of the grid elements.
Min. volume: 0.000145495, max. volume: 36.5977.

# FGMRES residual history
# Residual tolerance target = 1e-10
# Initial residual norm     = 1.50948e-06
     0     1
# FGMRES final (true) residual:
# Iteration = 4: |res|/|res0| = 3.59652e-12.

Computing volumes of the grid elements.
Non-linear iter.: 340/500. Linear iter.: 4. Min. area: 0.000145492. Error: 3.59652e-12.
Computing volumes of the grid elements.
Min. volume: 0.000145492, max. volume: 36.6002.

# FGMRES residual history
# Residual tolerance target = 1e-10
# Initial residual norm     = 1.5277e-06
     0     1
# FGMRES final (true) residual:
# Iteration = 4: |res|/|res0| = 3.57061e-12.

Computing volumes of the grid elements.
Non-linear iter.: 341/500. Linear iter.: 4. Min. area: 0.000145489. Error: 3.57061e-12.
Computing volumes of the grid elements.
Min. volume: 0.000145489, max. volume: 36.6026.

# FGMRES residual history
# Residual tolerance target = 1e-10
# Initial residual norm     = 1.54609e-06
     0     1
# FGMRES final (true) residual:
# Iteration = 4: |res|/|res0| = 3.54514e-12.

Computing volumes of the grid elements.
Non-linear iter.: 342/500. Linear iter.: 4. Min. area: 0.000145485. Error: 3.54514e-12.
Computing volumes of the grid elements.
Min. volume: 0.000145485, max. volume: 36.6051.

# FGMRES residual history
# Residual tolerance target = 1e-10
# Initial residual norm     = 1.56464e-06
     0     1
# FGMRES final (true) residual:
# Iteration = 4: |res|/|res0| = 3.52009e-12.

Computing volumes of the grid elements.
Non-linear iter.: 343/500. Linear iter.: 4. Min. area: 0.000145482. Error: 3.52009e-12.
Computing volumes of the grid elements.
Min. volume: 0.000145482, max. volume: 36.6076.

# FGMRES residual history
# Residual tolerance target = 1e-10
# Initial residual norm     = 1.58337e-06
     0     1
# FGMRES final (true) residual:
# Iteration = 4: |res|/|res0| = 3.49545e-12.

Computing volumes of the grid elements.
Non-linear iter.: 344/500. Linear iter.: 4. Min. area: 0.000145479. Error: 3.49545e-12.
Computing volumes of the grid elements.
Min. volume: 0.000145479, max. volume: 36.6102.

# FGMRES residual history
# Residual tolerance target = 1e-10
# Initial residual norm     = 1.60226e-06
     0     1
# FGMRES final (true) residual:
# Iteration = 4: |res|/|res0| = 3.47122e-12.

Computing volumes of the grid elements.
Non-linear iter.: 345/500. Linear iter.: 4. Min. area: 0.000145476. Error: 3.47122e-12.
Computing volumes of the grid elements.
Min. volume: 0.000145476, max. volume: 36.6127.

# FGMRES residual history
# Residual tolerance target = 1e-10
# Initial residual norm     = 1.62133e-06
     0     1
# FGMRES final (true) residual:
# Iteration = 4: |res|/|res0| = 3.44738e-12.

Computing volumes of the grid elements.
Non-linear iter.: 346/500. Linear iter.: 4. Min. area: 0.000145473. Error: 3.44738e-12.
Computing volumes of the grid elements.
Min. volume: 0.000145473, max. volume: 36.6153.

# FGMRES residual history
# Residual tolerance target = 1e-10
# Initial residual norm     = 1.64057e-06
     0     1
# FGMRES final (true) residual:
# Iteration = 4: |res|/|res0| = 3.42393e-12.

Computing volumes of the grid elements.
Non-linear iter.: 347/500. Linear iter.: 4. Min. area: 0.00014547. Error: 3.42393e-12.
Computing volumes of the grid elements.
Min. volume: 0.00014547, max. volume: 36.6179.

# FGMRES residual history
# Residual tolerance target = 1e-10
# Initial residual norm     = 1.65998e-06
     0     1
# FGMRES final (true) residual:
# Iteration = 4: |res|/|res0| = 3.40086e-12.

Computing volumes of the grid elements.
Non-linear iter.: 348/500. Linear iter.: 4. Min. area: 0.000145467. Error: 3.40086e-12.
Computing volumes of the grid elements.
Min. volume: 0.000145467, max. volume: 36.6205.

# FGMRES residual history
# Residual tolerance target = 1e-10
# Initial residual norm     = 1.67958e-06
     0     1
# FGMRES final (true) residual:
# Iteration = 4: |res|/|res0| = 3.37816e-12.

Computing volumes of the grid elements.
Non-linear iter.: 349/500. Linear iter.: 4. Min. area: 0.000145464. Error: 3.37816e-12.
Computing volumes of the grid elements.
Min. volume: 0.000145464, max. volume: 36.6231.

# FGMRES residual history
# Residual tolerance target = 1e-10
# Initial residual norm     = 1.69935e-06
     0     1
# FGMRES final (true) residual:
# Iteration = 4: |res|/|res0| = 3.35582e-12.

Computing volumes of the grid elements.
Non-linear iter.: 350/500. Linear iter.: 4. Min. area: 0.00014546. Error: 3.35582e-12.
Computing volumes of the grid elements.
Min. volume: 0.00014546, max. volume: 36.6258.

# FGMRES residual history
# Residual tolerance target = 1e-10
# Initial residual norm     = 1.7193e-06
     0     1
# FGMRES final (true) residual:
# Iteration = 4: |res|/|res0| = 3.33384e-12.

Computing volumes of the grid elements.
Non-linear iter.: 351/500. Linear iter.: 4. Min. area: 0.000145457. Error: 3.33384e-12.
Computing volumes of the grid elements.
Min. volume: 0.000145457, max. volume: 36.6285.

# FGMRES residual history
# Residual tolerance target = 1e-10
# Initial residual norm     = 1.73943e-06
     0     1
# FGMRES final (true) residual:
# Iteration = 4: |res|/|res0| = 3.31221e-12.

Computing volumes of the grid elements.
Non-linear iter.: 352/500. Linear iter.: 4. Min. area: 0.000145454. Error: 3.31221e-12.
Computing volumes of the grid elements.
Min. volume: 0.000145454, max. volume: 36.6312.

# FGMRES residual history
# Residual tolerance target = 1e-10
# Initial residual norm     = 1.75974e-06
     0     1
# FGMRES final (true) residual:
# Iteration = 4: |res|/|res0| = 3.29091e-12.

Computing volumes of the grid elements.
Non-linear iter.: 353/500. Linear iter.: 4. Min. area: 0.000145451. Error: 3.29091e-12.
Computing volumes of the grid elements.
Min. volume: 0.000145451, max. volume: 36.6339.

# FGMRES residual history
# Residual tolerance target = 1e-10
# Initial residual norm     = 1.78024e-06
     0     1
# FGMRES final (true) residual:
# Iteration = 4: |res|/|res0| = 3.26995e-12.

Computing volumes of the grid elements.
Non-linear iter.: 354/500. Linear iter.: 4. Min. area: 0.000145448. Error: 3.26995e-12.
Computing volumes of the grid elements.
Min. volume: 0.000145448, max. volume: 36.6367.

# FGMRES residual history
# Residual tolerance target = 1e-10
# Initial residual norm     = 1.80092e-06
     0     1
# FGMRES final (true) residual:
# Iteration = 4: |res|/|res0| = 3.24932e-12.

Computing volumes of the grid elements.
Non-linear iter.: 355/500. Linear iter.: 4. Min. area: 0.000145445. Error: 3.24932e-12.
Computing volumes of the grid elements.
Min. volume: 0.000145445, max. volume: 36.6394.

# FGMRES residual history
# Residual tolerance target = 1e-10
# Initial residual norm     = 1.82178e-06
     0     1
# FGMRES final (true) residual:
# Iteration = 4: |res|/|res0| = 3.229e-12.

Computing volumes of the grid elements.
Non-linear iter.: 356/500. Linear iter.: 4. Min. area: 0.000145442. Error: 3.229e-12.
Computing volumes of the grid elements.
Min. volume: 0.000145442, max. volume: 36.6422.

# FGMRES residual history
# Residual tolerance target = 1e-10
# Initial residual norm     = 1.84284e-06
     0     1
# FGMRES final (true) residual:
# Iteration = 4: |res|/|res0| = 3.20899e-12.

Computing volumes of the grid elements.
Non-linear iter.: 357/500. Linear iter.: 4. Min. area: 0.000145439. Error: 3.20899e-12.
Computing volumes of the grid elements.
Min. volume: 0.000145439, max. volume: 36.6451.

# FGMRES residual history
# Residual tolerance target = 1e-10
# Initial residual norm     = 1.86408e-06
     0     1
# FGMRES final (true) residual:
# Iteration = 4: |res|/|res0| = 3.18929e-12.

Computing volumes of the grid elements.
Non-linear iter.: 358/500. Linear iter.: 4. Min. area: 0.000145436. Error: 3.18929e-12.
Computing volumes of the grid elements.
Min. volume: 0.000145436, max. volume: 36.6479.

# FGMRES residual history
# Residual tolerance target = 1e-10
# Initial residual norm     = 1.88551e-06
     0     1
# FGMRES final (true) residual:
# Iteration = 4: |res|/|res0| = 3.16989e-12.

Computing volumes of the grid elements.
Non-linear iter.: 359/500. Linear iter.: 4. Min. area: 0.000145432. Error: 3.16989e-12.
Computing volumes of the grid elements.
Min. volume: 0.000145432, max. volume: 36.6507.

# FGMRES residual history
# Residual tolerance target = 1e-10
# Initial residual norm     = 1.90713e-06
     0     1
# FGMRES final (true) residual:
# Iteration = 4: |res|/|res0| = 3.15079e-12.

Computing volumes of the grid elements.
Non-linear iter.: 360/500. Linear iter.: 4. Min. area: 0.000145429. Error: 3.15079e-12.
Computing volumes of the grid elements.
Min. volume: 0.000145429, max. volume: 36.6536.

# FGMRES residual history
# Residual tolerance target = 1e-10
# Initial residual norm     = 1.92894e-06
     0     1
# FGMRES final (true) residual:
# Iteration = 4: |res|/|res0| = 3.13196e-12.

Computing volumes of the grid elements.
Non-linear iter.: 361/500. Linear iter.: 4. Min. area: 0.000145426. Error: 3.13196e-12.
Computing volumes of the grid elements.
Min. volume: 0.000145426, max. volume: 36.6565.

# FGMRES residual history
# Residual tolerance target = 1e-10
# Initial residual norm     = 1.95094e-06
     0     1
# FGMRES final (true) residual:
# Iteration = 4: |res|/|res0| = 3.11342e-12.

Computing volumes of the grid elements.
Non-linear iter.: 362/500. Linear iter.: 4. Min. area: 0.000145423. Error: 3.11342e-12.
Computing volumes of the grid elements.
Min. volume: 0.000145423, max. volume: 36.6595.

# FGMRES residual history
# Residual tolerance target = 1e-10
# Initial residual norm     = 1.97314e-06
     0     1
# FGMRES final (true) residual:
# Iteration = 4: |res|/|res0| = 3.09515e-12.

Computing volumes of the grid elements.
Non-linear iter.: 363/500. Linear iter.: 4. Min. area: 0.00014542. Error: 3.09515e-12.
Computing volumes of the grid elements.
Min. volume: 0.00014542, max. volume: 36.6624.

# FGMRES residual history
# Residual tolerance target = 1e-10
# Initial residual norm     = 1.99553e-06
     0     1
# FGMRES final (true) residual:
# Iteration = 4: |res|/|res0| = 3.07715e-12.

Computing volumes of the grid elements.
Non-linear iter.: 364/500. Linear iter.: 4. Min. area: 0.000145417. Error: 3.07715e-12.
Computing volumes of the grid elements.
Min. volume: 0.000145417, max. volume: 36.6654.

# FGMRES residual history
# Residual tolerance target = 1e-10
# Initial residual norm     = 2.01812e-06
     0     1
# FGMRES final (true) residual:
# Iteration = 4: |res|/|res0| = 3.05941e-12.

Computing volumes of the grid elements.
Non-linear iter.: 365/500. Linear iter.: 4. Min. area: 0.000145414. Error: 3.05941e-12.
Computing volumes of the grid elements.
Min. volume: 0.000145414, max. volume: 36.6684.

# FGMRES residual history
# Residual tolerance target = 1e-10
# Initial residual norm     = 2.04091e-06
     0     1
# FGMRES final (true) residual:
# Iteration = 4: |res|/|res0| = 3.04193e-12.

Computing volumes of the grid elements.
Non-linear iter.: 366/500. Linear iter.: 4. Min. area: 0.000145411. Error: 3.04193e-12.
Computing volumes of the grid elements.
Min. volume: 0.000145411, max. volume: 36.6714.

# FGMRES residual history
# Residual tolerance target = 1e-10
# Initial residual norm     = 2.06389e-06
     0     1
# FGMRES final (true) residual:
# Iteration = 4: |res|/|res0| = 3.0247e-12.

Computing volumes of the grid elements.
Non-linear iter.: 367/500. Linear iter.: 4. Min. area: 0.000145408. Error: 3.0247e-12.
Computing volumes of the grid elements.
Min. volume: 0.000145408, max. volume: 36.6744.

# FGMRES residual history
# Residual tolerance target = 1e-10
# Initial residual norm     = 2.08707e-06
     0     1
# FGMRES final (true) residual:
# Iteration = 4: |res|/|res0| = 3.00771e-12.

Computing volumes of the grid elements.
Non-linear iter.: 368/500. Linear iter.: 4. Min. area: 0.000145405. Error: 3.00771e-12.
Computing volumes of the grid elements.
Min. volume: 0.000145405, max. volume: 36.6775.

# FGMRES residual history
# Residual tolerance target = 1e-10
# Initial residual norm     = 2.11045e-06
     0     1
# FGMRES final (true) residual:
# Iteration = 4: |res|/|res0| = 2.99097e-12.

Computing volumes of the grid elements.
Non-linear iter.: 369/500. Linear iter.: 4. Min. area: 0.000145402. Error: 2.99097e-12.
Computing volumes of the grid elements.
Min. volume: 0.000145402, max. volume: 36.6805.

# FGMRES residual history
# Residual tolerance target = 1e-10
# Initial residual norm     = 2.13402e-06
     0     1
# FGMRES final (true) residual:
# Iteration = 4: |res|/|res0| = 2.97446e-12.

Computing volumes of the grid elements.
Non-linear iter.: 370/500. Linear iter.: 4. Min. area: 0.000145399. Error: 2.97446e-12.
Computing volumes of the grid elements.
Min. volume: 0.000145399, max. volume: 36.6836.

# FGMRES residual history
# Residual tolerance target = 1e-10
# Initial residual norm     = 2.1578e-06
     0     1
# FGMRES final (true) residual:
# Iteration = 4: |res|/|res0| = 2.95818e-12.

Computing volumes of the grid elements.
Non-linear iter.: 371/500. Linear iter.: 4. Min. area: 0.000145395. Error: 2.95818e-12.
Computing volumes of the grid elements.
Min. volume: 0.000145395, max. volume: 36.6868.

# FGMRES residual history
# Residual tolerance target = 1e-10
# Initial residual norm     = 2.18179e-06
     0     1
# FGMRES final (true) residual:
# Iteration = 4: |res|/|res0| = 2.94212e-12.

Computing volumes of the grid elements.
Non-linear iter.: 372/500. Linear iter.: 4. Min. area: 0.000145392. Error: 2.94212e-12.
Computing volumes of the grid elements.
Min. volume: 0.000145392, max. volume: 36.6899.

# FGMRES residual history
# Residual tolerance target = 1e-10
# Initial residual norm     = 2.20597e-06
     0     1
# FGMRES final (true) residual:
# Iteration = 4: |res|/|res0| = 2.92629e-12.

Computing volumes of the grid elements.
Non-linear iter.: 373/500. Linear iter.: 4. Min. area: 0.000145389. Error: 2.92629e-12.
Computing volumes of the grid elements.
Min. volume: 0.000145389, max. volume: 36.6931.

# FGMRES residual history
# Residual tolerance target = 1e-10
# Initial residual norm     = 2.23036e-06
     0     1
# FGMRES final (true) residual:
# Iteration = 4: |res|/|res0| = 2.91067e-12.

Computing volumes of the grid elements.
Non-linear iter.: 374/500. Linear iter.: 4. Min. area: 0.000145386. Error: 2.91067e-12.
Computing volumes of the grid elements.
Min. volume: 0.000145386, max. volume: 36.6962.

# FGMRES residual history
# Residual tolerance target = 1e-10
# Initial residual norm     = 2.25495e-06
     0     1
# FGMRES final (true) residual:
# Iteration = 4: |res|/|res0| = 2.89526e-12.

Computing volumes of the grid elements.
Non-linear iter.: 375/500. Linear iter.: 4. Min. area: 0.000145383. Error: 2.89526e-12.
Computing volumes of the grid elements.
Min. volume: 0.000145383, max. volume: 36.6994.

# FGMRES residual history
# Residual tolerance target = 1e-10
# Initial residual norm     = 2.27974e-06
     0     1
# FGMRES final (true) residual:
# Iteration = 4: |res|/|res0| = 2.88006e-12.

Computing volumes of the grid elements.
Non-linear iter.: 376/500. Linear iter.: 4. Min. area: 0.00014538. Error: 2.88006e-12.
Computing volumes of the grid elements.
Min. volume: 0.00014538, max. volume: 36.7027.

# FGMRES residual history
# Residual tolerance target = 1e-10
# Initial residual norm     = 2.30474e-06
     0     1
# FGMRES final (true) residual:
# Iteration = 4: |res|/|res0| = 2.86506e-12.

Computing volumes of the grid elements.
Non-linear iter.: 377/500. Linear iter.: 4. Min. area: 0.000145377. Error: 2.86506e-12.
Computing volumes of the grid elements.
Min. volume: 0.000145377, max. volume: 36.7059.

# FGMRES residual history
# Residual tolerance target = 1e-10
# Initial residual norm     = 2.32995e-06
     0     1
# FGMRES final (true) residual:
# Iteration = 4: |res|/|res0| = 2.85025e-12.

Computing volumes of the grid elements.
Non-linear iter.: 378/500. Linear iter.: 4. Min. area: 0.000145374. Error: 2.85025e-12.
Computing volumes of the grid elements.
Min. volume: 0.000145374, max. volume: 36.7092.

# FGMRES residual history
# Residual tolerance target = 1e-10
# Initial residual norm     = 2.35536e-06
     0     1
# FGMRES final (true) residual:
# Iteration = 4: |res|/|res0| = 2.83564e-12.

Computing volumes of the grid elements.
Non-linear iter.: 379/500. Linear iter.: 4. Min. area: 0.000145371. Error: 2.83564e-12.
Computing volumes of the grid elements.
Min. volume: 0.000145371, max. volume: 36.7125.

# FGMRES residual history
# Residual tolerance target = 1e-10
# Initial residual norm     = 2.38097e-06
     0     1
# FGMRES final (true) residual:
# Iteration = 4: |res|/|res0| = 2.82122e-12.

Computing volumes of the grid elements.
Non-linear iter.: 380/500. Linear iter.: 4. Min. area: 0.000145368. Error: 2.82122e-12.
Computing volumes of the grid elements.
Min. volume: 0.000145368, max. volume: 36.7158.

# FGMRES residual history
# Residual tolerance target = 1e-10
# Initial residual norm     = 2.4068e-06
     0     1
# FGMRES final (true) residual:
# Iteration = 4: |res|/|res0| = 2.80699e-12.

Computing volumes of the grid elements.
Non-linear iter.: 381/500. Linear iter.: 4. Min. area: 0.000145365. Error: 2.80699e-12.
Computing volumes of the grid elements.
Min. volume: 0.000145365, max. volume: 36.7191.

# FGMRES residual history
# Residual tolerance target = 1e-10
# Initial residual norm     = 2.43283e-06
     0     1
# FGMRES final (true) residual:
# Iteration = 4: |res|/|res0| = 2.79293e-12.

Computing volumes of the grid elements.
Non-linear iter.: 382/500. Linear iter.: 4. Min. area: 0.000145362. Error: 2.79293e-12.
Computing volumes of the grid elements.
Min. volume: 0.000145362, max. volume: 36.7225.

# FGMRES residual history
# Residual tolerance target = 1e-10
# Initial residual norm     = 2.45907e-06
     0     1
# FGMRES final (true) residual:
# Iteration = 4: |res|/|res0| = 2.77906e-12.

Computing volumes of the grid elements.
Non-linear iter.: 383/500. Linear iter.: 4. Min. area: 0.000145359. Error: 2.77906e-12.
Computing volumes of the grid elements.
Min. volume: 0.000145359, max. volume: 36.7258.

# FGMRES residual history
# Residual tolerance target = 1e-10
# Initial residual norm     = 2.48552e-06
     0     1
# FGMRES final (true) residual:
# Iteration = 4: |res|/|res0| = 2.76535e-12.

Computing volumes of the grid elements.
Non-linear iter.: 384/500. Linear iter.: 4. Min. area: 0.000145356. Error: 2.76535e-12.
Computing volumes of the grid elements.
Min. volume: 0.000145356, max. volume: 36.7292.

# FGMRES residual history
# Residual tolerance target = 1e-10
# Initial residual norm     = 2.51217e-06
     0     1
# FGMRES final (true) residual:
# Iteration = 4: |res|/|res0| = 2.75182e-12.

Computing volumes of the grid elements.
Non-linear iter.: 385/500. Linear iter.: 4. Min. area: 0.000145353. Error: 2.75182e-12.
Computing volumes of the grid elements.
Min. volume: 0.000145353, max. volume: 36.7326.

# FGMRES residual history
# Residual tolerance target = 1e-10
# Initial residual norm     = 2.53904e-06
     0     1
# FGMRES final (true) residual:
# Iteration = 4: |res|/|res0| = 2.73845e-12.

Computing volumes of the grid elements.
Non-linear iter.: 386/500. Linear iter.: 4. Min. area: 0.00014535. Error: 2.73845e-12.
Computing volumes of the grid elements.
Min. volume: 0.00014535, max. volume: 36.7361.

# FGMRES residual history
# Residual tolerance target = 1e-10
# Initial residual norm     = 2.56611e-06
     0     1
# FGMRES final (true) residual:
# Iteration = 4: |res|/|res0| = 2.72525e-12.

Computing volumes of the grid elements.
Non-linear iter.: 387/500. Linear iter.: 4. Min. area: 0.000145347. Error: 2.72525e-12.
Computing volumes of the grid elements.
Min. volume: 0.000145347, max. volume: 36.7395.

# FGMRES residual history
# Residual tolerance target = 1e-10
# Initial residual norm     = 2.59339e-06
     0     1
# FGMRES final (true) residual:
# Iteration = 4: |res|/|res0| = 2.7122e-12.

Computing volumes of the grid elements.
Non-linear iter.: 388/500. Linear iter.: 4. Min. area: 0.000145344. Error: 2.7122e-12.
Computing volumes of the grid elements.
Min. volume: 0.000145344, max. volume: 36.743.

# FGMRES residual history
# Residual tolerance target = 1e-10
# Initial residual norm     = 2.62088e-06
     0     1
# FGMRES final (true) residual:
# Iteration = 4: |res|/|res0| = 2.69931e-12.

Computing volumes of the grid elements.
Non-linear iter.: 389/500. Linear iter.: 4. Min. area: 0.00014534. Error: 2.69931e-12.
Computing volumes of the grid elements.
Min. volume: 0.00014534, max. volume: 36.7465.

# FGMRES residual history
# Residual tolerance target = 1e-10
# Initial residual norm     = 2.64858e-06
     0     1
# FGMRES final (true) residual:
# Iteration = 4: |res|/|res0| = 2.68657e-12.

Computing volumes of the grid elements.
Non-linear iter.: 390/500. Linear iter.: 4. Min. area: 0.000145337. Error: 2.68657e-12.
Computing volumes of the grid elements.
Min. volume: 0.000145337, max. volume: 36.75.

# FGMRES residual history
# Residual tolerance target = 1e-10
# Initial residual norm     = 2.67648e-06
     0     1
# FGMRES final (true) residual:
# Iteration = 4: |res|/|res0| = 2.67398e-12.

Computing volumes of the grid elements.
Non-linear iter.: 391/500. Linear iter.: 4. Min. area: 0.000145334. Error: 2.67398e-12.
Computing volumes of the grid elements.
Min. volume: 0.000145334, max. volume: 36.7535.

# FGMRES residual history
# Residual tolerance target = 1e-10
# Initial residual norm     = 2.7046e-06
     0     1
# FGMRES final (true) residual:
# Iteration = 4: |res|/|res0| = 2.66154e-12.

Computing volumes of the grid elements.
Non-linear iter.: 392/500. Linear iter.: 4. Min. area: 0.000145331. Error: 2.66154e-12.
Computing volumes of the grid elements.
Min. volume: 0.000145331, max. volume: 36.7571.

# FGMRES residual history
# Residual tolerance target = 1e-10
# Initial residual norm     = 2.73292e-06
     0     1
# FGMRES final (true) residual:
# Iteration = 4: |res|/|res0| = 2.64924e-12.

Computing volumes of the grid elements.
Non-linear iter.: 393/500. Linear iter.: 4. Min. area: 0.000145328. Error: 2.64924e-12.
Computing volumes of the grid elements.
Min. volume: 0.000145328, max. volume: 36.7606.

# FGMRES residual history
# Residual tolerance target = 1e-10
# Initial residual norm     = 2.76146e-06
     0     1
# FGMRES final (true) residual:
# Iteration = 4: |res|/|res0| = 2.63708e-12.

Computing volumes of the grid elements.
Non-linear iter.: 394/500. Linear iter.: 4. Min. area: 0.000145325. Error: 2.63708e-12.
Computing volumes of the grid elements.
Min. volume: 0.000145325, max. volume: 36.7642.

# FGMRES residual history
# Residual tolerance target = 1e-10
# Initial residual norm     = 2.7902e-06
     0     1
# FGMRES final (true) residual:
# Iteration = 4: |res|/|res0| = 2.62506e-12.

Computing volumes of the grid elements.
Non-linear iter.: 395/500. Linear iter.: 4. Min. area: 0.000145322. Error: 2.62506e-12.
Computing volumes of the grid elements.
Min. volume: 0.000145322, max. volume: 36.7678.

# FGMRES residual history
# Residual tolerance target = 1e-10
# Initial residual norm     = 2.81915e-06
     0     1
# FGMRES final (true) residual:
# Iteration = 4: |res|/|res0| = 2.61317e-12.

Computing volumes of the grid elements.
Non-linear iter.: 396/500. Linear iter.: 4. Min. area: 0.000145319. Error: 2.61317e-12.
Computing volumes of the grid elements.
Min. volume: 0.000145319, max. volume: 36.7714.

# FGMRES residual history
# Residual tolerance target = 1e-10
# Initial residual norm     = 2.84831e-06
     0     1
# FGMRES final (true) residual:
# Iteration = 4: |res|/|res0| = 2.60142e-12.

Computing volumes of the grid elements.
Non-linear iter.: 397/500. Linear iter.: 4. Min. area: 0.000145316. Error: 2.60142e-12.
Computing volumes of the grid elements.
Min. volume: 0.000145316, max. volume: 36.7751.

# FGMRES residual history
# Residual tolerance target = 1e-10
# Initial residual norm     = 2.87767e-06
     0     1
# FGMRES final (true) residual:
# Iteration = 4: |res|/|res0| = 2.58979e-12.

Computing volumes of the grid elements.
Non-linear iter.: 398/500. Linear iter.: 4. Min. area: 0.000145313. Error: 2.58979e-12.
Computing volumes of the grid elements.
Min. volume: 0.000145313, max. volume: 36.7788.

# FGMRES residual history
# Residual tolerance target = 1e-10
# Initial residual norm     = 2.90724e-06
     0     1
# FGMRES final (true) residual:
# Iteration = 4: |res|/|res0| = 2.5783e-12.

Computing volumes of the grid elements.
Non-linear iter.: 399/500. Linear iter.: 4. Min. area: 0.00014531. Error: 2.5783e-12.
Computing volumes of the grid elements.
Min. volume: 0.00014531, max. volume: 36.7824.

# FGMRES residual history
# Residual tolerance target = 1e-10
# Initial residual norm     = 2.93702e-06
     0     1
# FGMRES final (true) residual:
# Iteration = 4: |res|/|res0| = 2.56692e-12.

Computing volumes of the grid elements.
Non-linear iter.: 400/500. Linear iter.: 4. Min. area: 0.000145307. Error: 2.56692e-12.
Computing volumes of the grid elements.
Min. volume: 0.000145307, max. volume: 36.7861.

# FGMRES residual history
# Residual tolerance target = 1e-10
# Initial residual norm     = 2.96701e-06
     0     1
# FGMRES final (true) residual:
# Iteration = 4: |res|/|res0| = 2.55567e-12.

Computing volumes of the grid elements.
Non-linear iter.: 401/500. Linear iter.: 4. Min. area: 0.000145304. Error: 2.55567e-12.
Computing volumes of the grid elements.
Min. volume: 0.000145304, max. volume: 36.7899.

# FGMRES residual history
# Residual tolerance target = 1e-10
# Initial residual norm     = 2.9972e-06
     0     1
# FGMRES final (true) residual:
# Iteration = 4: |res|/|res0| = 2.54454e-12.

Computing volumes of the grid elements.
Non-linear iter.: 402/500. Linear iter.: 4. Min. area: 0.000145301. Error: 2.54454e-12.
Computing volumes of the grid elements.
Min. volume: 0.000145301, max. volume: 36.7936.

# FGMRES residual history
# Residual tolerance target = 1e-10
# Initial residual norm     = 3.0276e-06
     0     1
# FGMRES final (true) residual:
# Iteration = 4: |res|/|res0| = 2.53352e-12.

Computing volumes of the grid elements.
Non-linear iter.: 403/500. Linear iter.: 4. Min. area: 0.000145298. Error: 2.53352e-12.
Computing volumes of the grid elements.
Min. volume: 0.000145298, max. volume: 36.7973.

# FGMRES residual history
# Residual tolerance target = 1e-10
# Initial residual norm     = 3.0582e-06
     0     1
# FGMRES final (true) residual:
# Iteration = 4: |res|/|res0| = 2.52262e-12.

Computing volumes of the grid elements.
Non-linear iter.: 404/500. Linear iter.: 4. Min. area: 0.000145295. Error: 2.52262e-12.
Computing volumes of the grid elements.
Min. volume: 0.000145295, max. volume: 36.8011.

# FGMRES residual history
# Residual tolerance target = 1e-10
# Initial residual norm     = 3.089e-06
     0     1
# FGMRES final (true) residual:
# Iteration = 4: |res|/|res0| = 2.51183e-12.

Computing volumes of the grid elements.
Non-linear iter.: 405/500. Linear iter.: 4. Min. area: 0.000145292. Error: 2.51183e-12.
Computing volumes of the grid elements.
Min. volume: 0.000145292, max. volume: 36.8049.

# FGMRES residual history
# Residual tolerance target = 1e-10
# Initial residual norm     = 3.12001e-06
     0     1
# FGMRES final (true) residual:
# Iteration = 4: |res|/|res0| = 2.50116e-12.

Computing volumes of the grid elements.
Non-linear iter.: 406/500. Linear iter.: 4. Min. area: 0.000145289. Error: 2.50116e-12.
Computing volumes of the grid elements.
Min. volume: 0.000145289, max. volume: 36.8087.

# FGMRES residual history
# Residual tolerance target = 1e-10
# Initial residual norm     = 3.15122e-06
     0     1
# FGMRES final (true) residual:
# Iteration = 4: |res|/|res0| = 2.49059e-12.

Computing volumes of the grid elements.
Non-linear iter.: 407/500. Linear iter.: 4. Min. area: 0.000145286. Error: 2.49059e-12.
Computing volumes of the grid elements.
Min. volume: 0.000145286, max. volume: 36.8125.

# FGMRES residual history
# Residual tolerance target = 1e-10
# Initial residual norm     = 3.18263e-06
     0     1
# FGMRES final (true) residual:
# Iteration = 4: |res|/|res0| = 2.48013e-12.

Computing volumes of the grid elements.
Non-linear iter.: 408/500. Linear iter.: 4. Min. area: 0.000145283. Error: 2.48013e-12.
Computing volumes of the grid elements.
Min. volume: 0.000145283, max. volume: 36.8164.

# FGMRES residual history
# Residual tolerance target = 1e-10
# Initial residual norm     = 3.21424e-06
     0     1
# FGMRES final (true) residual:
# Iteration = 4: |res|/|res0| = 2.46977e-12.

Computing volumes of the grid elements.
Non-linear iter.: 409/500. Linear iter.: 4. Min. area: 0.00014528. Error: 2.46977e-12.
Computing volumes of the grid elements.
Min. volume: 0.00014528, max. volume: 36.8202.

# FGMRES residual history
# Residual tolerance target = 1e-10
# Initial residual norm     = 3.24606e-06
     0     1
# FGMRES final (true) residual:
# Iteration = 4: |res|/|res0| = 2.45952e-12.

Computing volumes of the grid elements.
Non-linear iter.: 410/500. Linear iter.: 4. Min. area: 0.000145277. Error: 2.45952e-12.
Computing volumes of the grid elements.
Min. volume: 0.000145277, max. volume: 36.8241.

# FGMRES residual history
# Residual tolerance target = 1e-10
# Initial residual norm     = 3.27807e-06
     0     1
# FGMRES final (true) residual:
# Iteration = 4: |res|/|res0| = 2.44937e-12.

Computing volumes of the grid elements.
Non-linear iter.: 411/500. Linear iter.: 4. Min. area: 0.000145274. Error: 2.44937e-12.
Computing volumes of the grid elements.
Min. volume: 0.000145274, max. volume: 36.828.

# FGMRES residual history
# Residual tolerance target = 1e-10
# Initial residual norm     = 3.31028e-06
     0     1
# FGMRES final (true) residual:
# Iteration = 4: |res|/|res0| = 2.43932e-12.

Computing volumes of the grid elements.
Non-linear iter.: 412/500. Linear iter.: 4. Min. area: 0.000145271. Error: 2.43932e-12.
Computing volumes of the grid elements.
Min. volume: 0.000145271, max. volume: 36.8319.

# FGMRES residual history
# Residual tolerance target = 1e-10
# Initial residual norm     = 3.34269e-06
     0     1
# FGMRES final (true) residual:
# Iteration = 4: |res|/|res0| = 2.42936e-12.

Computing volumes of the grid elements.
Non-linear iter.: 413/500. Linear iter.: 4. Min. area: 0.000145268. Error: 2.42936e-12.
Computing volumes of the grid elements.
Min. volume: 0.000145268, max. volume: 36.8358.

# FGMRES residual history
# Residual tolerance target = 1e-10
# Initial residual norm     = 3.37529e-06
     0     1
# FGMRES final (true) residual:
# Iteration = 4: |res|/|res0| = 2.4195e-12.

Computing volumes of the grid elements.
Non-linear iter.: 414/500. Linear iter.: 4. Min. area: 0.000145265. Error: 2.4195e-12.
Computing volumes of the grid elements.
Min. volume: 0.000145265, max. volume: 36.8398.

# FGMRES residual history
# Residual tolerance target = 1e-10
# Initial residual norm     = 3.40809e-06
     0     1
# FGMRES final (true) residual:
# Iteration = 4: |res|/|res0| = 2.40974e-12.

Computing volumes of the grid elements.
Non-linear iter.: 415/500. Linear iter.: 4. Min. area: 0.000145262. Error: 2.40974e-12.
Computing volumes of the grid elements.
Min. volume: 0.000145262, max. volume: 36.8437.

# FGMRES residual history
# Residual tolerance target = 1e-10
# Initial residual norm     = 3.44108e-06
     0     1
# FGMRES final (true) residual:
# Iteration = 4: |res|/|res0| = 2.40007e-12.

Computing volumes of the grid elements.
Non-linear iter.: 416/500. Linear iter.: 4. Min. area: 0.000145259. Error: 2.40007e-12.
Computing volumes of the grid elements.
Min. volume: 0.000145259, max. volume: 36.8477.

# FGMRES residual history
# Residual tolerance target = 1e-10
# Initial residual norm     = 3.47426e-06
     0     1
# FGMRES final (true) residual:
# Iteration = 4: |res|/|res0| = 2.3905e-12.

Computing volumes of the grid elements.
Non-linear iter.: 417/500. Linear iter.: 4. Min. area: 0.000145256. Error: 2.3905e-12.
Computing volumes of the grid elements.
Min. volume: 0.000145256, max. volume: 36.8517.

# FGMRES residual history
# Residual tolerance target = 1e-10
# Initial residual norm     = 3.50764e-06
     0     1
# FGMRES final (true) residual:
# Iteration = 4: |res|/|res0| = 2.38101e-12.

Computing volumes of the grid elements.
Non-linear iter.: 418/500. Linear iter.: 4. Min. area: 0.000145253. Error: 2.38101e-12.
Computing volumes of the grid elements.
Min. volume: 0.000145253, max. volume: 36.8557.

# FGMRES residual history
# Residual tolerance target = 1e-10
# Initial residual norm     = 3.5412e-06
     0     1
# FGMRES final (true) residual:
# Iteration = 4: |res|/|res0| = 2.37161e-12.

Computing volumes of the grid elements.
Non-linear iter.: 419/500. Linear iter.: 4. Min. area: 0.00014525. Error: 2.37161e-12.
Computing volumes of the grid elements.
Min. volume: 0.00014525, max. volume: 36.8597.

# FGMRES residual history
# Residual tolerance target = 1e-10
# Initial residual norm     = 3.57495e-06
     0     1
# FGMRES final (true) residual:
# Iteration = 4: |res|/|res0| = 2.36231e-12.

Computing volumes of the grid elements.
Non-linear iter.: 420/500. Linear iter.: 4. Min. area: 0.000145247. Error: 2.36231e-12.
Computing volumes of the grid elements.
Min. volume: 0.000145247, max. volume: 36.8638.

# FGMRES residual history
# Residual tolerance target = 1e-10
# Initial residual norm     = 3.60889e-06
     0     1
# FGMRES final (true) residual:
# Iteration = 4: |res|/|res0| = 2.35308e-12.

Computing volumes of the grid elements.
Non-linear iter.: 421/500. Linear iter.: 4. Min. area: 0.000145244. Error: 2.35308e-12.
Computing volumes of the grid elements.
Min. volume: 0.000145244, max. volume: 36.8678.

# FGMRES residual history
# Residual tolerance target = 1e-10
# Initial residual norm     = 3.64302e-06
     0     1
# FGMRES final (true) residual:
# Iteration = 4: |res|/|res0| = 2.34395e-12.

Computing volumes of the grid elements.
Non-linear iter.: 422/500. Linear iter.: 4. Min. area: 0.000145241. Error: 2.34395e-12.
Computing volumes of the grid elements.
Min. volume: 0.000145241, max. volume: 36.8719.

# FGMRES residual history
# Residual tolerance target = 1e-10
# Initial residual norm     = 3.67733e-06
     0     1
# FGMRES final (true) residual:
# Iteration = 4: |res|/|res0| = 2.33489e-12.

Computing volumes of the grid elements.
Non-linear iter.: 423/500. Linear iter.: 4. Min. area: 0.000145238. Error: 2.33489e-12.
Computing volumes of the grid elements.
Min. volume: 0.000145238, max. volume: 36.876.

# FGMRES residual history
# Residual tolerance target = 1e-10
# Initial residual norm     = 3.71182e-06
     0     1
# FGMRES final (true) residual:
# Iteration = 4: |res|/|res0| = 2.32593e-12.

Computing volumes of the grid elements.
Non-linear iter.: 424/500. Linear iter.: 4. Min. area: 0.000145235. Error: 2.32593e-12.
Computing volumes of the grid elements.
Min. volume: 0.000145235, max. volume: 36.88.

# FGMRES residual history
# Residual tolerance target = 1e-10
# Initial residual norm     = 3.7465e-06
     0     1
# FGMRES final (true) residual:
# Iteration = 4: |res|/|res0| = 2.31704e-12.

Computing volumes of the grid elements.
Non-linear iter.: 425/500. Linear iter.: 4. Min. area: 0.000145232. Error: 2.31704e-12.
Computing volumes of the grid elements.
Min. volume: 0.000145232, max. volume: 36.8842.

# FGMRES residual history
# Residual tolerance target = 1e-10
# Initial residual norm     = 3.78135e-06
     0     1
# FGMRES final (true) residual:
# Iteration = 4: |res|/|res0| = 2.30823e-12.

Computing volumes of the grid elements.
Non-linear iter.: 426/500. Linear iter.: 4. Min. area: 0.000145229. Error: 2.30823e-12.
Computing volumes of the grid elements.
Min. volume: 0.000145229, max. volume: 36.8883.

# FGMRES residual history
# Residual tolerance target = 1e-10
# Initial residual norm     = 3.81638e-06
     0     1
# FGMRES final (true) residual:
# Iteration = 4: |res|/|res0| = 2.29951e-12.

Computing volumes of the grid elements.
Non-linear iter.: 427/500. Linear iter.: 4. Min. area: 0.000145226. Error: 2.29951e-12.
Computing volumes of the grid elements.
Min. volume: 0.000145226, max. volume: 36.8924.

# FGMRES residual history
# Residual tolerance target = 1e-10
# Initial residual norm     = 3.85159e-06
     0     1
# FGMRES final (true) residual:
# Iteration = 4: |res|/|res0| = 2.29086e-12.

Computing volumes of the grid elements.
Non-linear iter.: 428/500. Linear iter.: 4. Min. area: 0.000145223. Error: 2.29086e-12.
Computing volumes of the grid elements.
Min. volume: 0.000145223, max. volume: 36.8966.

# FGMRES residual history
# Residual tolerance target = 1e-10
# Initial residual norm     = 3.88697e-06
     0     1
# FGMRES final (true) residual:
# Iteration = 4: |res|/|res0| = 2.28229e-12.

Computing volumes of the grid elements.
Non-linear iter.: 429/500. Linear iter.: 4. Min. area: 0.00014522. Error: 2.28229e-12.
Computing volumes of the grid elements.
Min. volume: 0.00014522, max. volume: 36.9007.

# FGMRES residual history
# Residual tolerance target = 1e-10
# Initial residual norm     = 3.92252e-06
     0     1
# FGMRES final (true) residual:
# Iteration = 4: |res|/|res0| = 2.2738e-12.

Computing volumes of the grid elements.
Non-linear iter.: 430/500. Linear iter.: 4. Min. area: 0.000145218. Error: 2.2738e-12.
Computing volumes of the grid elements.
Min. volume: 0.000145218, max. volume: 36.9049.

# FGMRES residual history
# Residual tolerance target = 1e-10
# Initial residual norm     = 3.95824e-06
     0     1
# FGMRES final (true) residual:
# Iteration = 4: |res|/|res0| = 2.26539e-12.

Computing volumes of the grid elements.
Non-linear iter.: 431/500. Linear iter.: 4. Min. area: 0.000145215. Error: 2.26539e-12.
Computing volumes of the grid elements.
Min. volume: 0.000145215, max. volume: 36.9091.

# FGMRES residual history
# Residual tolerance target = 1e-10
# Initial residual norm     = 3.99414e-06
     0     1
# FGMRES final (true) residual:
# Iteration = 4: |res|/|res0| = 2.25705e-12.

Computing volumes of the grid elements.
Non-linear iter.: 432/500. Linear iter.: 4. Min. area: 0.000145212. Error: 2.25705e-12.
Computing volumes of the grid elements.
Min. volume: 0.000145212, max. volume: 36.9133.

# FGMRES residual history
# Residual tolerance target = 1e-10
# Initial residual norm     = 4.0302e-06
     0     1
# FGMRES final (true) residual:
# Iteration = 4: |res|/|res0| = 2.24879e-12.

Computing volumes of the grid elements.
Non-linear iter.: 433/500. Linear iter.: 4. Min. area: 0.000145209. Error: 2.24879e-12.
Computing volumes of the grid elements.
Min. volume: 0.000145209, max. volume: 36.9175.

# FGMRES residual history
# Residual tolerance target = 1e-10
# Initial residual norm     = 4.06642e-06
     0     1
# FGMRES final (true) residual:
# Iteration = 4: |res|/|res0| = 2.2406e-12.

Computing volumes of the grid elements.
Non-linear iter.: 434/500. Linear iter.: 4. Min. area: 0.000145206. Error: 2.2406e-12.
Computing volumes of the grid elements.
Min. volume: 0.000145206, max. volume: 36.9217.

# FGMRES residual history
# Residual tolerance target = 1e-10
# Initial residual norm     = 4.10281e-06
     0     1
# FGMRES final (true) residual:
# Iteration = 4: |res|/|res0| = 2.23248e-12.

Computing volumes of the grid elements.
Non-linear iter.: 435/500. Linear iter.: 4. Min. area: 0.000145203. Error: 2.23248e-12.
Computing volumes of the grid elements.
Min. volume: 0.000145203, max. volume: 36.926.

# FGMRES residual history
# Residual tolerance target = 1e-10
# Initial residual norm     = 4.13936e-06
     0     1
# FGMRES final (true) residual:
# Iteration = 4: |res|/|res0| = 2.22444e-12.

Computing volumes of the grid elements.
Non-linear iter.: 436/500. Linear iter.: 4. Min. area: 0.0001452. Error: 2.22444e-12.
Computing volumes of the grid elements.
Min. volume: 0.0001452, max. volume: 36.9302.

# FGMRES residual history
# Residual tolerance target = 1e-10
# Initial residual norm     = 4.17607e-06
     0     1
# FGMRES final (true) residual:
# Iteration = 4: |res|/|res0| = 2.21646e-12.

Computing volumes of the grid elements.
Non-linear iter.: 437/500. Linear iter.: 4. Min. area: 0.000145197. Error: 2.21646e-12.
Computing volumes of the grid elements.
Min. volume: 0.000145197, max. volume: 36.9345.

# FGMRES residual history
# Residual tolerance target = 1e-10
# Initial residual norm     = 4.21294e-06
     0     1
# FGMRES final (true) residual:
# Iteration = 4: |res|/|res0| = 2.20856e-12.

Computing volumes of the grid elements.
Non-linear iter.: 438/500. Linear iter.: 4. Min. area: 0.000145194. Error: 2.20856e-12.
Computing volumes of the grid elements.
Min. volume: 0.000145194, max. volume: 36.9388.

# FGMRES residual history
# Residual tolerance target = 1e-10
# Initial residual norm     = 4.24996e-06
     0     1
# FGMRES final (true) residual:
# Iteration = 4: |res|/|res0| = 2.20073e-12.

Computing volumes of the grid elements.
Non-linear iter.: 439/500. Linear iter.: 4. Min. area: 0.000145191. Error: 2.20073e-12.
Computing volumes of the grid elements.
Min. volume: 0.000145191, max. volume: 36.943.

# FGMRES residual history
# Residual tolerance target = 1e-10
# Initial residual norm     = 4.28713e-06
     0     1
# FGMRES final (true) residual:
# Iteration = 4: |res|/|res0| = 2.19298e-12.

Computing volumes of the grid elements.
Non-linear iter.: 440/500. Linear iter.: 4. Min. area: 0.000145188. Error: 2.19298e-12.
Computing volumes of the grid elements.
Min. volume: 0.000145188, max. volume: 36.9473.

# FGMRES residual history
# Residual tolerance target = 1e-10
# Initial residual norm     = 4.32446e-06
     0     1
# FGMRES final (true) residual:
# Iteration = 4: |res|/|res0| = 2.18529e-12.

Computing volumes of the grid elements.
Non-linear iter.: 441/500. Linear iter.: 4. Min. area: 0.000145185. Error: 2.18529e-12.
Computing volumes of the grid elements.
Min. volume: 0.000145185, max. volume: 36.9517.

# FGMRES residual history
# Residual tolerance target = 1e-10
# Initial residual norm     = 4.36193e-06
     0     1
# FGMRES final (true) residual:
# Iteration = 4: |res|/|res0| = 2.17766e-12.

Computing volumes of the grid elements.
Non-linear iter.: 442/500. Linear iter.: 4. Min. area: 0.000145182. Error: 2.17766e-12.
Computing volumes of the grid elements.
Min. volume: 0.000145182, max. volume: 36.956.

# FGMRES residual history
# Residual tolerance target = 1e-10
# Initial residual norm     = 4.39955e-06
     0     1
# FGMRES final (true) residual:
# Iteration = 4: |res|/|res0| = 2.17011e-12.

Computing volumes of the grid elements.
Non-linear iter.: 443/500. Linear iter.: 4. Min. area: 0.000145179. Error: 2.17011e-12.
Computing volumes of the grid elements.
Min. volume: 0.000145179, max. volume: 36.9603.

# FGMRES residual history
# Residual tolerance target = 1e-10
# Initial residual norm     = 4.43731e-06
     0     1
# FGMRES final (true) residual:
# Iteration = 4: |res|/|res0| = 2.16263e-12.

Computing volumes of the grid elements.
Non-linear iter.: 444/500. Linear iter.: 4. Min. area: 0.000145176. Error: 2.16263e-12.
Computing volumes of the grid elements.
Min. volume: 0.000145176, max. volume: 36.9646.

# FGMRES residual history
# Residual tolerance target = 1e-10
# Initial residual norm     = 4.47522e-06
     0     1
# FGMRES final (true) residual:
# Iteration = 4: |res|/|res0| = 2.15521e-12.

Computing volumes of the grid elements.
Non-linear iter.: 445/500. Linear iter.: 4. Min. area: 0.000145173. Error: 2.15521e-12.
Computing volumes of the grid elements.
Min. volume: 0.000145173, max. volume: 36.969.

# FGMRES residual history
# Residual tolerance target = 1e-10
# Initial residual norm     = 4.51326e-06
     0     1
# FGMRES final (true) residual:
# Iteration = 4: |res|/|res0| = 2.14786e-12.

Computing volumes of the grid elements.
Non-linear iter.: 446/500. Linear iter.: 4. Min. area: 0.00014517. Error: 2.14786e-12.
Computing volumes of the grid elements.
Min. volume: 0.00014517, max. volume: 36.9734.

# FGMRES residual history
# Residual tolerance target = 1e-10
# Initial residual norm     = 4.55145e-06
     0     1
# FGMRES final (true) residual:
# Iteration = 4: |res|/|res0| = 2.14057e-12.

Computing volumes of the grid elements.
Non-linear iter.: 447/500. Linear iter.: 4. Min. area: 0.000145167. Error: 2.14057e-12.
Computing volumes of the grid elements.
Min. volume: 0.000145167, max. volume: 36.9777.

# FGMRES residual history
# Residual tolerance target = 1e-10
# Initial residual norm     = 4.58976e-06
     0     1
# FGMRES final (true) residual:
# Iteration = 4: |res|/|res0| = 2.13336e-12.

Computing volumes of the grid elements.
Non-linear iter.: 448/500. Linear iter.: 4. Min. area: 0.000145165. Error: 2.13336e-12.
Computing volumes of the grid elements.
Min. volume: 0.000145165, max. volume: 36.9821.

# FGMRES residual history
# Residual tolerance target = 1e-10
# Initial residual norm     = 4.62821e-06
     0     1
# FGMRES final (true) residual:
# Iteration = 4: |res|/|res0| = 2.1262e-12.

Computing volumes of the grid elements.
Non-linear iter.: 449/500. Linear iter.: 4. Min. area: 0.000145162. Error: 2.1262e-12.
Computing volumes of the grid elements.
Min. volume: 0.000145162, max. volume: 36.9865.

# FGMRES residual history
# Residual tolerance target = 1e-10
# Initial residual norm     = 4.66679e-06
     0     1
# FGMRES final (true) residual:
# Iteration = 4: |res|/|res0| = 2.11912e-12.

Computing volumes of the grid elements.
Non-linear iter.: 450/500. Linear iter.: 4. Min. area: 0.000145159. Error: 2.11912e-12.
Computing volumes of the grid elements.
Min. volume: 0.000145159, max. volume: 36.9909.

# FGMRES residual history
# Residual tolerance target = 1e-10
# Initial residual norm     = 4.7055e-06
     0     1
# FGMRES final (true) residual:
# Iteration = 4: |res|/|res0| = 2.11209e-12.

Computing volumes of the grid elements.
Non-linear iter.: 451/500. Linear iter.: 4. Min. area: 0.000145156. Error: 2.11209e-12.
Computing volumes of the grid elements.
Min. volume: 0.000145156, max. volume: 36.9953.

# FGMRES residual history
# Residual tolerance target = 1e-10
# Initial residual norm     = 4.74434e-06
     0     1
# FGMRES final (true) residual:
# Iteration = 4: |res|/|res0| = 2.10513e-12.

Computing volumes of the grid elements.
Non-linear iter.: 452/500. Linear iter.: 4. Min. area: 0.000145153. Error: 2.10513e-12.
Computing volumes of the grid elements.
Min. volume: 0.000145153, max. volume: 36.9997.

# FGMRES residual history
# Residual tolerance target = 1e-10
# Initial residual norm     = 4.78329e-06
     0     1
# FGMRES final (true) residual:
# Iteration = 4: |res|/|res0| = 2.09824e-12.

Computing volumes of the grid elements.
Non-linear iter.: 453/500. Linear iter.: 4. Min. area: 0.00014515. Error: 2.09824e-12.
Computing volumes of the grid elements.
Min. volume: 0.00014515, max. volume: 37.0042.

# FGMRES residual history
# Residual tolerance target = 1e-10
# Initial residual norm     = 4.82237e-06
     0     1
# FGMRES final (true) residual:
# Iteration = 4: |res|/|res0| = 2.09141e-12.

Computing volumes of the grid elements.
Non-linear iter.: 454/500. Linear iter.: 4. Min. area: 0.000145147. Error: 2.09141e-12.
Computing volumes of the grid elements.
Min. volume: 0.000145147, max. volume: 37.0086.

# FGMRES residual history
# Residual tolerance target = 1e-10
# Initial residual norm     = 4.86156e-06
     0     1
# FGMRES final (true) residual:
# Iteration = 4: |res|/|res0| = 2.08464e-12.

Computing volumes of the grid elements.
Non-linear iter.: 455/500. Linear iter.: 4. Min. area: 0.000145144. Error: 2.08464e-12.
Computing volumes of the grid elements.
Min. volume: 0.000145144, max. volume: 37.013.

# FGMRES residual history
# Residual tolerance target = 1e-10
# Initial residual norm     = 4.90088e-06
     0     1
# FGMRES final (true) residual:
# Iteration = 4: |res|/|res0| = 2.07793e-12.

Computing volumes of the grid elements.
Non-linear iter.: 456/500. Linear iter.: 4. Min. area: 0.000145141. Error: 2.07793e-12.
Computing volumes of the grid elements.
Min. volume: 0.000145141, max. volume: 37.0175.

# FGMRES residual history
# Residual tolerance target = 1e-10
# Initial residual norm     = 4.9403e-06
     0     1
# FGMRES final (true) residual:
# Iteration = 4: |res|/|res0| = 2.07129e-12.

Computing volumes of the grid elements.
Non-linear iter.: 457/500. Linear iter.: 4. Min. area: 0.000145138. Error: 2.07129e-12.
Computing volumes of the grid elements.
Min. volume: 0.000145138, max. volume: 37.022.

# FGMRES residual history
# Residual tolerance target = 1e-10
# Initial residual norm     = 4.97983e-06
     0     1
# FGMRES final (true) residual:
# Iteration = 4: |res|/|res0| = 2.06471e-12.

Computing volumes of the grid elements.
Non-linear iter.: 458/500. Linear iter.: 4. Min. area: 0.000145135. Error: 2.06471e-12.
Computing volumes of the grid elements.
Min. volume: 0.000145135, max. volume: 37.0264.

# FGMRES residual history
# Residual tolerance target = 1e-10
# Initial residual norm     = 5.01948e-06
     0     1
# FGMRES final (true) residual:
# Iteration = 4: |res|/|res0| = 2.05819e-12.

Computing volumes of the grid elements.
Non-linear iter.: 459/500. Linear iter.: 4. Min. area: 0.000145132. Error: 2.05819e-12.
Computing volumes of the grid elements.
Min. volume: 0.000145132, max. volume: 37.0309.

# FGMRES residual history
# Residual tolerance target = 1e-10
# Initial residual norm     = 5.05922e-06
     0     1
# FGMRES final (true) residual:
# Iteration = 4: |res|/|res0| = 2.05173e-12.

Computing volumes of the grid elements.
Non-linear iter.: 460/500. Linear iter.: 4. Min. area: 0.000145129. Error: 2.05173e-12.
Computing volumes of the grid elements.
Min. volume: 0.000145129, max. volume: 37.0354.

# FGMRES residual history
# Residual tolerance target = 1e-10
# Initial residual norm     = 5.09907e-06
     0     1
# FGMRES final (true) residual:
# Iteration = 4: |res|/|res0| = 2.04534e-12.

Computing volumes of the grid elements.
Non-linear iter.: 461/500. Linear iter.: 4. Min. area: 0.000145127. Error: 2.04534e-12.
Computing volumes of the grid elements.
Min. volume: 0.000145127, max. volume: 37.0399.

# FGMRES residual history
# Residual tolerance target = 1e-10
# Initial residual norm     = 5.13903e-06
     0     1
# FGMRES final (true) residual:
# Iteration = 4: |res|/|res0| = 2.039e-12.

Computing volumes of the grid elements.
Non-linear iter.: 462/500. Linear iter.: 4. Min. area: 0.000145124. Error: 2.039e-12.
Computing volumes of the grid elements.
Min. volume: 0.000145124, max. volume: 37.0444.

# FGMRES residual history
# Residual tolerance target = 1e-10
# Initial residual norm     = 5.17907e-06
     0     1
# FGMRES final (true) residual:
# Iteration = 4: |res|/|res0| = 2.03273e-12.

Computing volumes of the grid elements.
Non-linear iter.: 463/500. Linear iter.: 4. Min. area: 0.000145121. Error: 2.03273e-12.
Computing volumes of the grid elements.
Min. volume: 0.000145121, max. volume: 37.0489.

# FGMRES residual history
# Residual tolerance target = 1e-10
# Initial residual norm     = 5.21922e-06
     0     1
# FGMRES final (true) residual:
# Iteration = 4: |res|/|res0| = 2.02651e-12.

Computing volumes of the grid elements.
Non-linear iter.: 464/500. Linear iter.: 4. Min. area: 0.000145118. Error: 2.02651e-12.
Computing volumes of the grid elements.
Min. volume: 0.000145118, max. volume: 37.0534.

# FGMRES residual history
# Residual tolerance target = 1e-10
# Initial residual norm     = 5.25945e-06
     0     1
# FGMRES final (true) residual:
# Iteration = 4: |res|/|res0| = 2.02035e-12.

Computing volumes of the grid elements.
Non-linear iter.: 465/500. Linear iter.: 4. Min. area: 0.000145115. Error: 2.02035e-12.
Computing volumes of the grid elements.
Min. volume: 0.000145115, max. volume: 37.0579.

# FGMRES residual history
# Residual tolerance target = 1e-10
# Initial residual norm     = 5.29978e-06
     0     1
# FGMRES final (true) residual:
# Iteration = 4: |res|/|res0| = 2.01426e-12.

Computing volumes of the grid elements.
Non-linear iter.: 466/500. Linear iter.: 4. Min. area: 0.000145112. Error: 2.01426e-12.
Computing volumes of the grid elements.
Min. volume: 0.000145112, max. volume: 37.0624.

# FGMRES residual history
# Residual tolerance target = 1e-10
# Initial residual norm     = 5.34019e-06
     0     1
# FGMRES final (true) residual:
# Iteration = 4: |res|/|res0| = 2.00822e-12.

Computing volumes of the grid elements.
Non-linear iter.: 467/500. Linear iter.: 4. Min. area: 0.000145109. Error: 2.00822e-12.
Computing volumes of the grid elements.
Min. volume: 0.000145109, max. volume: 37.067.

# FGMRES residual history
# Residual tolerance target = 1e-10
# Initial residual norm     = 5.38069e-06
     0     1
# FGMRES final (true) residual:
# Iteration = 4: |res|/|res0| = 2.00225e-12.

Computing volumes of the grid elements.
Non-linear iter.: 468/500. Linear iter.: 4. Min. area: 0.000145106. Error: 2.00225e-12.
Computing volumes of the grid elements.
Min. volume: 0.000145106, max. volume: 37.0715.

# FGMRES residual history
# Residual tolerance target = 1e-10
# Initial residual norm     = 5.42127e-06
     0     1
# FGMRES final (true) residual:
# Iteration = 4: |res|/|res0| = 1.99633e-12.

Computing volumes of the grid elements.
Non-linear iter.: 469/500. Linear iter.: 4. Min. area: 0.000145103. Error: 1.99633e-12.
Computing volumes of the grid elements.
Min. volume: 0.000145103, max. volume: 37.076.

# FGMRES residual history
# Residual tolerance target = 1e-10
# Initial residual norm     = 5.46193e-06
     0     1
# FGMRES final (true) residual:
# Iteration = 4: |res|/|res0| = 1.99047e-12.

Computing volumes of the grid elements.
Non-linear iter.: 470/500. Linear iter.: 4. Min. area: 0.0001451. Error: 1.99047e-12.
Computing volumes of the grid elements.
Min. volume: 0.0001451, max. volume: 37.0806.

# FGMRES residual history
# Residual tolerance target = 1e-10
# Initial residual norm     = 5.50267e-06
     0     1
# FGMRES final (true) residual:
# Iteration = 4: |res|/|res0| = 1.98467e-12.

Computing volumes of the grid elements.
Non-linear iter.: 471/500. Linear iter.: 4. Min. area: 0.000145098. Error: 1.98467e-12.
Computing volumes of the grid elements.
Min. volume: 0.000145098, max. volume: 37.0851.

# FGMRES residual history
# Residual tolerance target = 1e-10
# Initial residual norm     = 5.54348e-06
     0     1
# FGMRES final (true) residual:
# Iteration = 4: |res|/|res0| = 1.97892e-12.

Computing volumes of the grid elements.
Non-linear iter.: 472/500. Linear iter.: 4. Min. area: 0.000145095. Error: 1.97892e-12.
Computing volumes of the grid elements.
Min. volume: 0.000145095, max. volume: 37.0897.

# FGMRES residual history
# Residual tolerance target = 1e-10
# Initial residual norm     = 5.58436e-06
     0     1
# FGMRES final (true) residual:
# Iteration = 4: |res|/|res0| = 1.97324e-12.

Computing volumes of the grid elements.
Non-linear iter.: 473/500. Linear iter.: 4. Min. area: 0.000145092. Error: 1.97324e-12.
Computing volumes of the grid elements.
Min. volume: 0.000145092, max. volume: 37.0943.

# FGMRES residual history
# Residual tolerance target = 1e-10
# Initial residual norm     = 5.62531e-06
     0     1
# FGMRES final (true) residual:
# Iteration = 4: |res|/|res0| = 1.96761e-12.

Computing volumes of the grid elements.
Non-linear iter.: 474/500. Linear iter.: 4. Min. area: 0.000145089. Error: 1.96761e-12.
Computing volumes of the grid elements.
Min. volume: 0.000145089, max. volume: 37.0988.

# FGMRES residual history
# Residual tolerance target = 1e-10
# Initial residual norm     = 5.66632e-06
     0     1
# FGMRES final (true) residual:
# Iteration = 4: |res|/|res0| = 1.96204e-12.

Computing volumes of the grid elements.
Non-linear iter.: 475/500. Linear iter.: 4. Min. area: 0.000145086. Error: 1.96204e-12.
Computing volumes of the grid elements.
Min. volume: 0.000145086, max. volume: 37.1034.

# FGMRES residual history
# Residual tolerance target = 1e-10
# Initial residual norm     = 5.7074e-06
     0     1
# FGMRES final (true) residual:
# Iteration = 4: |res|/|res0| = 1.95652e-12.

Computing volumes of the grid elements.
Non-linear iter.: 476/500. Linear iter.: 4. Min. area: 0.000145083. Error: 1.95652e-12.
Computing volumes of the grid elements.
Min. volume: 0.000145083, max. volume: 37.108.

# FGMRES residual history
# Residual tolerance target = 1e-10
# Initial residual norm     = 5.74854e-06
     0     1
# FGMRES final (true) residual:
# Iteration = 4: |res|/|res0| = 1.95107e-12.

Computing volumes of the grid elements.
Non-linear iter.: 477/500. Linear iter.: 4. Min. area: 0.00014508. Error: 1.95107e-12.
Computing volumes of the grid elements.
Min. volume: 0.00014508, max. volume: 37.1126.

# FGMRES residual history
# Residual tolerance target = 1e-10
# Initial residual norm     = 5.78974e-06
     0     1
# FGMRES final (true) residual:
# Iteration = 4: |res|/|res0| = 1.94567e-12.

Computing volumes of the grid elements.
Non-linear iter.: 478/500. Linear iter.: 4. Min. area: 0.000145077. Error: 1.94567e-12.
Computing volumes of the grid elements.
Min. volume: 0.000145077, max. volume: 37.1172.

# FGMRES residual history
# Residual tolerance target = 1e-10
# Initial residual norm     = 5.831e-06
     0     1
# FGMRES final (true) residual:
# Iteration = 4: |res|/|res0| = 1.94032e-12.

Computing volumes of the grid elements.
Non-linear iter.: 479/500. Linear iter.: 4. Min. area: 0.000145074. Error: 1.94032e-12.
Computing volumes of the grid elements.
Min. volume: 0.000145074, max. volume: 37.1217.

# FGMRES residual history
# Residual tolerance target = 1e-10
# Initial residual norm     = 5.8723e-06
     0     1
# FGMRES final (true) residual:
# Iteration = 4: |res|/|res0| = 1.93503e-12.

Computing volumes of the grid elements.
Non-linear iter.: 480/500. Linear iter.: 4. Min. area: 0.000145072. Error: 1.93503e-12.
Computing volumes of the grid elements.
Min. volume: 0.000145072, max. volume: 37.1263.

# FGMRES residual history
# Residual tolerance target = 1e-10
# Initial residual norm     = 5.91366e-06
     0     1
# FGMRES final (true) residual:
# Iteration = 4: |res|/|res0| = 1.9298e-12.

Computing volumes of the grid elements.
Non-linear iter.: 481/500. Linear iter.: 4. Min. area: 0.000145069. Error: 1.9298e-12.
Computing volumes of the grid elements.
Min. volume: 0.000145069, max. volume: 37.1309.

# FGMRES residual history
# Residual tolerance target = 1e-10
# Initial residual norm     = 5.95507e-06
     0     1
# FGMRES final (true) residual:
# Iteration = 4: |res|/|res0| = 1.92462e-12.

Computing volumes of the grid elements.
Non-linear iter.: 482/500. Linear iter.: 4. Min. area: 0.000145066. Error: 1.92462e-12.
Computing volumes of the grid elements.
Min. volume: 0.000145066, max. volume: 37.1355.

# FGMRES residual history
# Residual tolerance target = 1e-10
# Initial residual norm     = 5.99652e-06
     0     1
# FGMRES final (true) residual:
# Iteration = 4: |res|/|res0| = 1.9195e-12.

Computing volumes of the grid elements.
Non-linear iter.: 483/500. Linear iter.: 4. Min. area: 0.000145063. Error: 1.9195e-12.
Computing volumes of the grid elements.
Min. volume: 0.000145063, max. volume: 37.1401.

# FGMRES residual history
# Residual tolerance target = 1e-10
# Initial residual norm     = 6.03801e-06
     0     1
# FGMRES final (true) residual:
# Iteration = 4: |res|/|res0| = 1.91443e-12.

Computing volumes of the grid elements.
Non-linear iter.: 484/500. Linear iter.: 4. Min. area: 0.00014506. Error: 1.91443e-12.
Computing volumes of the grid elements.
Min. volume: 0.00014506, max. volume: 37.1448.

# FGMRES residual history
# Residual tolerance target = 1e-10
# Initial residual norm     = 6.07954e-06
     0     1
# FGMRES final (true) residual:
# Iteration = 4: |res|/|res0| = 1.90942e-12.

Computing volumes of the grid elements.
Non-linear iter.: 485/500. Linear iter.: 4. Min. area: 0.000145057. Error: 1.90942e-12.
Computing volumes of the grid elements.
Min. volume: 0.000145057, max. volume: 37.1494.

# FGMRES residual history
# Residual tolerance target = 1e-10
# Initial residual norm     = 6.12111e-06
     0     1
# FGMRES final (true) residual:
# Iteration = 4: |res|/|res0| = 1.90446e-12.

Computing volumes of the grid elements.
Non-linear iter.: 486/500. Linear iter.: 4. Min. area: 0.000145054. Error: 1.90446e-12.
Computing volumes of the grid elements.
Min. volume: 0.000145054, max. volume: 37.154.

# FGMRES residual history
# Residual tolerance target = 1e-10
# Initial residual norm     = 6.16272e-06
     0     1
# FGMRES final (true) residual:
# Iteration = 4: |res|/|res0| = 1.89956e-12.

Computing volumes of the grid elements.
Non-linear iter.: 487/500. Linear iter.: 4. Min. area: 0.000145051. Error: 1.89956e-12.
Computing volumes of the grid elements.
Min. volume: 0.000145051, max. volume: 37.1586.

# FGMRES residual history
# Residual tolerance target = 1e-10
# Initial residual norm     = 6.20435e-06
     0     1
# FGMRES final (true) residual:
# Iteration = 4: |res|/|res0| = 1.89471e-12.

Computing volumes of the grid elements.
Non-linear iter.: 488/500. Linear iter.: 4. Min. area: 0.000145049. Error: 1.89471e-12.
Computing volumes of the grid elements.
Min. volume: 0.000145049, max. volume: 37.1632.

# FGMRES residual history
# Residual tolerance target = 1e-10
# Initial residual norm     = 6.24602e-06
     0     1
# FGMRES final (true) residual:
# Iteration = 4: |res|/|res0| = 1.88991e-12.

Computing volumes of the grid elements.
Non-linear iter.: 489/500. Linear iter.: 4. Min. area: 0.000145046. Error: 1.88991e-12.
Computing volumes of the grid elements.
Min. volume: 0.000145046, max. volume: 37.1678.

# FGMRES residual history
# Residual tolerance target = 1e-10
# Initial residual norm     = 6.28771e-06
     0     1
# FGMRES final (true) residual:
# Iteration = 4: |res|/|res0| = 1.88517e-12.

Computing volumes of the grid elements.
Non-linear iter.: 490/500. Linear iter.: 4. Min. area: 0.000145043. Error: 1.88517e-12.
Computing volumes of the grid elements.
Min. volume: 0.000145043, max. volume: 37.1725.

# FGMRES residual history
# Residual tolerance target = 1e-10
# Initial residual norm     = 6.32943e-06
     0     1
# FGMRES final (true) residual:
# Iteration = 4: |res|/|res0| = 1.88048e-12.

Computing volumes of the grid elements.
Non-linear iter.: 491/500. Linear iter.: 4. Min. area: 0.00014504. Error: 1.88048e-12.
Computing volumes of the grid elements.
Min. volume: 0.00014504, max. volume: 37.1771.

# FGMRES residual history
# Residual tolerance target = 1e-10
# Initial residual norm     = 6.37117e-06
     0     1
# FGMRES final (true) residual:
# Iteration = 4: |res|/|res0| = 1.87585e-12.

Computing volumes of the grid elements.
Non-linear iter.: 492/500. Linear iter.: 4. Min. area: 0.000145037. Error: 1.87585e-12.
Computing volumes of the grid elements.
Min. volume: 0.000145037, max. volume: 37.1817.

# FGMRES residual history
# Residual tolerance target = 1e-10
# Initial residual norm     = 6.41292e-06
     0     1
# FGMRES final (true) residual:
# Iteration = 4: |res|/|res0| = 1.87126e-12.

Computing volumes of the grid elements.
Non-linear iter.: 493/500. Linear iter.: 4. Min. area: 0.000145034. Error: 1.87126e-12.
Computing volumes of the grid elements.
Min. volume: 0.000145034, max. volume: 37.1864.

# FGMRES residual history
# Residual tolerance target = 1e-10
# Initial residual norm     = 6.4547e-06
     0     1
# FGMRES final (true) residual:
# Iteration = 4: |res|/|res0| = 1.86673e-12.

Computing volumes of the grid elements.
Non-linear iter.: 494/500. Linear iter.: 4. Min. area: 0.000145031. Error: 1.86673e-12.
Computing volumes of the grid elements.
Min. volume: 0.000145031, max. volume: 37.191.

# FGMRES residual history
# Residual tolerance target = 1e-10
# Initial residual norm     = 6.49649e-06
     0     1
# FGMRES final (true) residual:
# Iteration = 4: |res|/|res0| = 1.86225e-12.

Computing volumes of the grid elements.
Non-linear iter.: 495/500. Linear iter.: 4. Min. area: 0.000145029. Error: 1.86225e-12.
Computing volumes of the grid elements.
Min. volume: 0.000145029, max. volume: 37.1956.

# FGMRES residual history
# Residual tolerance target = 1e-10
# Initial residual norm     = 6.53828e-06
     0     1
# FGMRES final (true) residual:
# Iteration = 4: |res|/|res0| = 1.85783e-12.

Computing volumes of the grid elements.
Non-linear iter.: 496/500. Linear iter.: 4. Min. area: 0.000145026. Error: 1.85783e-12.
Computing volumes of the grid elements.
Min. volume: 0.000145026, max. volume: 37.2003.

# FGMRES residual history
# Residual tolerance target = 1e-10
# Initial residual norm     = 6.58009e-06
     0     1
# FGMRES final (true) residual:
# Iteration = 4: |res|/|res0| = 1.85345e-12.

Computing volumes of the grid elements.
Non-linear iter.: 497/500. Linear iter.: 4. Min. area: 0.000145023. Error: 1.85345e-12.
Computing volumes of the grid elements.
Min. volume: 0.000145023, max. volume: 37.2049.

# FGMRES residual history
# Residual tolerance target = 1e-10
# Initial residual norm     = 6.62191e-06
     0     1
# FGMRES final (true) residual:
# Iteration = 4: |res|/|res0| = 1.84913e-12.

Computing volumes of the grid elements.
Non-linear iter.: 498/500. Linear iter.: 4. Min. area: 0.00014502. Error: 1.84913e-12.
Computing volumes of the grid elements.
Min. volume: 0.00014502, max. volume: 37.2095.

# FGMRES residual history
# Residual tolerance target = 1e-10
# Initial residual norm     = 6.66373e-06
     0     1
# FGMRES final (true) residual:
# Iteration = 4: |res|/|res0| = 1.84486e-12.

Computing volumes of the grid elements.
Non-linear iter.: 499/500. Linear iter.: 4. Min. area: 0.000145017. Error: 1.84486e-12.
Computing volumes of the grid elements.
Min. volume: 0.000145017, max. volume: 37.2142.

# FGMRES residual history
# Residual tolerance target = 1e-10
# Initial residual norm     = 6.70555e-06
     0     1
# FGMRES final (true) residual:
# Iteration = 4: |res|/|res0| = 1.84063e-12.

Computing volumes of the grid elements.
Non-linear iter.: 500/500. Linear iter.: 4. Min. area: 0.000145014. Error: 1.84063e-12.

Completed in 0.083811 seconds on 1 core.

----------------------- Write deformed grid files -----------------------
|SU2 mesh                           |mesh_deformed.su2                  |
Adding any FFD information to the SU2 file.

------------------------- Finalize Solver -------------------------
Deleted CNumerics container.
Deleted CSolver container.
Deleted CGeometry container.
Deleted CSurfaceMovement class.
Deleted CVolumetricMovement class.
Deleted CConfig container.
Deleted COutput class.

------------------------- Exit Success (SU2_DEF) ------------------------

