
-------------------------------------------------------------------------
|    ___ _   _ ___                                                      |
|   / __| | | |_  )   Release 8.4.0 "Harrier"                           |
|   \__ \ |_| |/ /                                                      |
|   |___/\___//___|   Suite (Mesh Deformation Code)                     |
|                                                                       |
-------------------------------------------------------------------------
| SU2 Project Website: https://su2code.github.io                        |
|                                                                       |
| The SU2 Project is maintained by the SU2 Foundation                   |
| (http://su2foundation.org)                                            |
-------------------------------------------------------------------------
| Copyright 2012-2026, SU2 Contributors                                 |
|                                                                       |
| SU2 is free software; you can redistribute it and/or                  |
| modify it under the terms of the GNU Lesser General Public            |
| License as published by the Free Software Foundation; either          |
| version 2.1 of the License, or (at your option) any later version.    |
|                                                                       |
| SU2 is distributed in the hope that it will be useful,                |
| but WITHOUT ANY WARRANTY; without even the implied warranty of        |
| MERCHANTABILITY or FITNESS FOR A PARTICULAR PURPOSE. See the GNU      |
| Lesser General Public License for more details.                       |
|                                                                       |
| You should have received a copy of the GNU Lesser General Public      |
| License along with SU2. If not, see <http://www.gnu.org/licenses/>.   |
-------------------------------------------------------------------------

----------------- Physical Case Definition ( Zone 0 ) -------------------
Input mesh file name: mesh_original.su2

---------------- Grid deformation parameters ( Zone 0 )  ----------------
Grid deformation using linear elasticity method.


-------------------- Output Information ( Zone 0 ) ----------------------
Output mesh file name: mesh_deformed.su2. 
Cell stiffness scaled by inverse of the cell volume.

------------- Config File Boundary Information ( Zone 0 ) ---------------
+-----------------------------------------------------------------------+
|                        Marker Type|                        Marker Name|
+-----------------------------------------------------------------------+
|                          Far-field|                           farfield|
+-----------------------------------------------------------------------+
|                     Heat flux wall|                            airfoil|
+-----------------------------------------------------------------------+
Two dimensional problem.
222 grid points.
235 volume elements.
2 surface markers.
50 boundary elements in index 0 (Marker = farfield).
159 boundary elements in index 1 (Marker = airfoil).
235 triangles.

----------------------- Preprocessing computations ----------------------
Setting local point connectivity.
Checking the numerical grid orientation of the interior elements.
All volume elements are correctly oriented.
There has been a re-orientation of 159 LINE surface elements.
Identify edges and vertices.
Setting the bound control volume structure.
Area of the computational grid: 599.937.
  Info: Ignoring the following volume output fields/groups:
  SOLUTION
Volume output fields: COORDINATES
Screen output fields: 
History output group(s): 
Warning: No (valid) fields chosen for convergence monitoring. Convergence monitoring inactive.
Warning: No (valid) fields chosen for time convergence monitoring. Time convergence monitoring inactive.

--------------------- Surface grid deformation (ZONE 0) -----------------
Performing the deformation of the surface grid.
Updating the surface coordinates from the input file.

------------------- Volumetric grid deformation (ZONE 0) ----------------
Performing the deformation of the volumetric grid.
Computing volumes of the grid elements.
Min. volume: 0.000148452, max. volume: 36.6087.

# FGMRES residual history
# Residual tolerance target = 1e-10
# Initial residual norm     = 5.79316e-10
     0     1
# FGMRES final (true) residual:
# Iteration = 4: |res|/|res0| = 2.91302e-11.

Computing volumes of the grid elements.
Non-linear iter.: 1/500. Linear iter.: 4. Min. area: 0.000148452. Error: 2.91302e-11.
Computing volumes of the grid elements.
Min. volume: 0.000148452, max. volume: 36.6087.

# FGMRES residual history
# Residual tolerance target = 1e-10
# Initial residual norm     = 5.79314e-10
     0     1
# FGMRES final (true) residual:
# Iteration = 4: |res|/|res0| = 2.91303e-11.

Computing volumes of the grid elements.
Non-linear iter.: 2/500. Linear iter.: 4. Min. area: 0.000148452. Error: 2.91303e-11.
Computing volumes of the grid elements.
Min. volume: 0.000148452, max. volume: 36.6087.

# FGMRES residual history
# Residual tolerance target = 1e-10
# Initial residual norm     = 5.79311e-10
     0     1
# FGMRES final (true) residual:
# Iteration = 4: |res|/|res0| = 2.91303e-11.

Computing volumes of the grid elements.
Non-linear iter.: 3/500. Linear iter.: 4. Min. area: 0.000148452. Error: 2.91303e-11.
Computing volumes of the grid elements.
Min. volume: 0.000148452, max. volume: 36.6087.

# FGMRES residual history
# Residual tolerance target = 1e-10
# Initial residual norm     = 5.79309e-10
     0     1
# FGMRES final (true) residual:
# Iteration = 4: |res|/|res0| = 2.91304e-11.

Computing volumes of the grid elements.
Non-linear iter.: 4/500. Linear iter.: 4. Min. area: 0.000148452. Error: 2.91304e-11.
Computing volumes of the grid elements.
Min. volume: 0.000148452, max. volume: 36.6087.

# FGMRES residual history
# Residual tolerance target = 1e-10
# Initial residual norm     = 5.79306e-10
     0     1
# FGMRES final (true) residual:
# Iteration = 4: |res|/|res0| = 2.91305e-11.

Computing volumes of the grid elements.
Non-linear iter.: 5/500. Linear iter.: 4. Min. area: 0.000148452. Error: 2.91305e-11.
Computing volumes of the grid elements.
Min. volume: 0.000148452, max. volume: 36.6087.

# FGMRES residual history
# Residual tolerance target = 1e-10
# Initial residual norm     = 5.79304e-10
     0     1
# FGMRES final (true) residual:
# Iteration = 4: |res|/|res0| = 2.91306e-11.

Computing volumes of the grid elements.
Non-linear iter.: 6/500. Linear iter.: 4. Min. area: 0.000148452. Error: 2.91306e-11.
Computing volumes of the grid elements.
Min. volume: 0.000148452, max. volume: 36.6087.

# FGMRES residual history
# Residual tolerance target = 1e-10
# Initial residual norm     = 5.79302e-10
     0     1
# FGMRES final (true) residual:
# Iteration = 4: |res|/|res0| = 2.91307e-11.

Computing volumes of the grid elements.
Non-linear iter.: 7/500. Linear iter.: 4. Min. area: 0.000148452. Error: 2.91307e-11.
Computing volumes of the grid elements.
Min. volume: 0.000148452, max. volume: 36.6087.

# FGMRES residual history
# Residual tolerance target = 1e-10
# Initial residual norm     = 5.79299e-10
     0     1
# FGMRES final (true) residual:
# Iteration = 4: |res|/|res0| = 2.91308e-11.

Computing volumes of the grid elements.
Non-linear iter.: 8/500. Linear iter.: 4. Min. area: 0.000148452. Error: 2.91308e-11.
Computing volumes of the grid elements.
Min. volume: 0.000148452, max. volume: 36.6087.

# FGMRES residual history
# Residual tolerance target = 1e-10
# Initial residual norm     = 5.79297e-10
     0     1
# FGMRES final (true) residual:
# Iteration = 4: |res|/|res0| = 2.91309e-11.

Computing volumes of the grid elements.
Non-linear iter.: 9/500. Linear iter.: 4. Min. area: 0.000148452. Error: 2.91309e-11.
Computing volumes of the grid elements.
Min. volume: 0.000148452, max. volume: 36.6087.

# FGMRES residual history
# Residual tolerance target = 1e-10
# Initial residual norm     = 5.79295e-10
     0     1
# FGMRES final (true) residual:
# Iteration = 4: |res|/|res0| = 2.9131e-11.

Computing volumes of the grid elements.
Non-linear iter.: 10/500. Linear iter.: 4. Min. area: 0.000148452. Error: 2.9131e-11.
Computing volumes of the grid elements.
Min. volume: 0.000148452, max. volume: 36.6087.

# FGMRES residual history
# Residual tolerance target = 1e-10
# Initial residual norm     = 5.79292e-10
     0     1
# FGMRES final (true) residual:
# Iteration = 4: |res|/|res0| = 2.9131e-11.

Computing volumes of the grid elements.
Non-linear iter.: 11/500. Linear iter.: 4. Min. area: 0.000148452. Error: 2.9131e-11.
Computing volumes of the grid elements.
Min. volume: 0.000148452, max. volume: 36.6087.

# FGMRES residual history
# Residual tolerance target = 1e-10
# Initial residual norm     = 5.7929e-10
     0     1
# FGMRES final (true) residual:
# Iteration = 4: |res|/|res0| = 2.91311e-11.

Computing volumes of the grid elements.
Non-linear iter.: 12/500. Linear iter.: 4. Min. area: 0.000148452. Error: 2.91311e-11.
Computing volumes of the grid elements.
Min. volume: 0.000148452, max. volume: 36.6087.

# FGMRES residual history
# Residual tolerance target = 1e-10
# Initial residual norm     = 5.79288e-10
     0     1
# FGMRES final (true) residual:
# Iteration = 4: |res|/|res0| = 2.91312e-11.

Computing volumes of the grid elements.
Non-linear iter.: 13/500. Linear iter.: 4. Min. area: 0.000148452. Error: 2.91312e-11.
Computing volumes of the grid elements.
Min. volume: 0.000148452, max. volume: 36.6087.

# FGMRES residual history
# Residual tolerance target = 1e-10
# Initial residual norm     = 5.79285e-10
     0     1
# FGMRES final (true) residual:
# Iteration = 4: |res|/|res0| = 2.91313e-11.

Computing volumes of the grid elements.
Non-linear iter.: 14/500. Linear iter.: 4. Min. area: 0.000148452. Error: 2.91313e-11.
Computing volumes of the grid elements.
Min. volume: 0.000148452, max. volume: 36.6087.

# FGMRES residual history
# Residual tolerance target = 1e-10
# Initial residual norm     = 5.79283e-10
     0     1
# FGMRES final (true) residual:
# Iteration = 4: |res|/|res0| = 2.91314e-11.

Computing volumes of the grid elements.
Non-linear iter.: 15/500. Linear iter.: 4. Min. area: 0.000148452. Error: 2.91314e-11.
Computing volumes of the grid elements.
Min. volume: 0.000148452, max. volume: 36.6087.

# FGMRES residual history
# Residual tolerance target = 1e-10
# Initial residual norm     = 5.79281e-10
     0     1
# FGMRES final (true) residual:
# Iteration = 4: |res|/|res0| = 2.91315e-11.

Computing volumes of the grid elements.
Non-linear iter.: 16/500. Linear iter.: 4. Min. area: 0.000148452. Error: 2.91315e-11.
Computing volumes of the grid elements.
Min. volume: 0.000148452, max. volume: 36.6087.

# FGMRES residual history
# Residual tolerance target = 1e-10
# Initial residual norm     = 5.79278e-10
     0     1
# FGMRES final (true) residual:
# Iteration = 4: |res|/|res0| = 2.91316e-11.

Computing volumes of the grid elements.
Non-linear iter.: 17/500. Linear iter.: 4. Min. area: 0.000148452. Error: 2.91316e-11.
Computing volumes of the grid elements.
Min. volume: 0.000148452, max. volume: 36.6087.

# FGMRES residual history
# Residual tolerance target = 1e-10
# Initial residual norm     = 5.79276e-10
     0     1
# FGMRES final (true) residual:
# Iteration = 4: |res|/|res0| = 2.91316e-11.

Computing volumes of the grid elements.
Non-linear iter.: 18/500. Linear iter.: 4. Min. area: 0.000148452. Error: 2.91316e-11.
Computing volumes of the grid elements.
Min. volume: 0.000148452, max. volume: 36.6087.

# FGMRES residual history
# Residual tolerance target = 1e-10
# Initial residual norm     = 5.79274e-10
     0     1
# FGMRES final (true) residual:
# Iteration = 4: |res|/|res0| = 2.91317e-11.

Computing volumes of the grid elements.
Non-linear iter.: 19/500. Linear iter.: 4. Min. area: 0.000148452. Error: 2.91317e-11.
Computing volumes of the grid elements.
Min. volume: 0.000148452, max. volume: 36.6087.

# FGMRES residual history
# Residual tolerance target = 1e-10
# Initial residual norm     = 5.79271e-10
     0     1
# FGMRES final (true) residual:
# Iteration = 4: |res|/|res0| = 2.91318e-11.

Computing volumes of the grid elements.
Non-linear iter.: 20/500. Linear iter.: 4. Min. area: 0.000148452. Error: 2.91318e-11.
Computing volumes of the grid elements.
Min. volume: 0.000148452, max. volume: 36.6087.

# FGMRES residual history
# Residual tolerance target = 1e-10
# Initial residual norm     = 5.79269e-10
     0     1
# FGMRES final (true) residual:
# Iteration = 4: |res|/|res0| = 2.91319e-11.

Computing volumes of the grid elements.
Non-linear iter.: 21/500. Linear iter.: 4. Min. area: 0.000148452. Error: 2.91319e-11.
Computing volumes of the grid elements.
Min. volume: 0.000148452, max. volume: 36.6087.

# FGMRES residual history
# Residual tolerance target = 1e-10
# Initial residual norm     = 5.79267e-10
     0     1
# FGMRES final (true) residual:
# Iteration = 4: |res|/|res0| = 2.9132e-11.

Computing volumes of the grid elements.
Non-linear iter.: 22/500. Linear iter.: 4. Min. area: 0.000148452. Error: 2.9132e-11.
Computing volumes of the grid elements.
Min. volume: 0.000148452, max. volume: 36.6087.

# FGMRES residual history
# Residual tolerance target = 1e-10
# Initial residual norm     = 5.79264e-10
     0     1
# FGMRES final (true) residual:
# Iteration = 4: |res|/|res0| = 2.91321e-11.

Computing volumes of the grid elements.
Non-linear iter.: 23/500. Linear iter.: 4. Min. area: 0.000148452. Error: 2.91321e-11.
Computing volumes of the grid elements.
Min. volume: 0.000148452, max. volume: 36.6087.

# FGMRES residual history
# Residual tolerance target = 1e-10
# Initial residual norm     = 5.79262e-10
     0     1
# FGMRES final (true) residual:
# Iteration = 4: |res|/|res0| = 2.91322e-11.

Computing volumes of the grid elements.
Non-linear iter.: 24/500. Linear iter.: 4. Min. area: 0.000148452. Error: 2.91322e-11.
Computing volumes of the grid elements.
Min. volume: 0.000148452, max. volume: 36.6087.

# FGMRES residual history
# Residual tolerance target = 1e-10
# Initial residual norm     = 5.7926e-10
     0     1
# FGMRES final (true) residual:
# Iteration = 4: |res|/|res0| = 2.91322e-11.

Computing volumes of the grid elements.
Non-linear iter.: 25/500. Linear iter.: 4. Min. area: 0.000148452. Error: 2.91322e-11.
Computing volumes of the grid elements.
Min. volume: 0.000148452, max. volume: 36.6087.

# FGMRES residual history
# Residual tolerance target = 1e-10
# Initial residual norm     = 5.79257e-10
     0     1
# FGMRES final (true) residual:
# Iteration = 4: |res|/|res0| = 2.91323e-11.

Computing volumes of the grid elements.
Non-linear iter.: 26/500. Linear iter.: 4. Min. area: 0.000148452. Error: 2.91323e-11.
Computing volumes of the grid elements.
Min. volume: 0.000148452, max. volume: 36.6087.

# FGMRES residual history
# Residual tolerance target = 1e-10
# Initial residual norm     = 5.79255e-10
     0     1
# FGMRES final (true) residual:
# Iteration = 4: |res|/|res0| = 2.91324e-11.

Computing volumes of the grid elements.
Non-linear iter.: 27/500. Linear iter.: 4. Min. area: 0.000148452. Error: 2.91324e-11.
Computing volumes of the grid elements.
Min. volume: 0.000148452, max. volume: 36.6087.

# FGMRES residual history
# Residual tolerance target = 1e-10
# Initial residual norm     = 5.79252e-10
     0     1
# FGMRES final (true) residual:
# Iteration = 4: |res|/|res0| = 2.91325e-11.

Computing volumes of the grid elements.
Non-linear iter.: 28/500. Linear iter.: 4. Min. area: 0.000148452. Error: 2.91325e-11.
Computing volumes of the grid elements.
Min. volume: 0.000148452, max. volume: 36.6087.

# FGMRES residual history
# Residual tolerance target = 1e-10
# Initial residual norm     = 5.7925e-10
     0     1
# FGMRES final (true) residual:
# Iteration = 4: |res|/|res0| = 2.91326e-11.

Computing volumes of the grid elements.
Non-linear iter.: 29/500. Linear iter.: 4. Min. area: 0.000148452. Error: 2.91326e-11.
Computing volumes of the grid elements.
Min. volume: 0.000148452, max. volume: 36.6087.

# FGMRES residual history
# Residual tolerance target = 1e-10
# Initial residual norm     = 5.79248e-10
     0     1
# FGMRES final (true) residual:
# Iteration = 4: |res|/|res0| = 2.91327e-11.

Computing volumes of the grid elements.
Non-linear iter.: 30/500. Linear iter.: 4. Min. area: 0.000148452. Error: 2.91327e-11.
Computing volumes of the grid elements.
Min. volume: 0.000148452, max. volume: 36.6087.

# FGMRES residual history
# Residual tolerance target = 1e-10
# Initial residual norm     = 5.79245e-10
     0     1
# FGMRES final (true) residual:
# Iteration = 4: |res|/|res0| = 2.91328e-11.

Computing volumes of the grid elements.
Non-linear iter.: 31/500. Linear iter.: 4. Min. area: 0.000148452. Error: 2.91328e-11.
Computing volumes of the grid elements.
Min. volume: 0.000148452, max. volume: 36.6087.

# FGMRES residual history
# Residual tolerance target = 1e-10
# Initial residual norm     = 5.79243e-10
     0     1
# FGMRES final (true) residual:
# Iteration = 4: |res|/|res0| = 2.91328e-11.

Computing volumes of the grid elements.
Non-linear iter.: 32/500. Linear iter.: 4. Min. area: 0.000148452. Error: 2.91328e-11.
Computing volumes of the grid elements.
Min. volume: 0.000148452, max. volume: 36.6087.

# FGMRES residual history
# Residual tolerance target = 1e-10
# Initial residual norm     = 5.79241e-10
     0     1
# FGMRES final (true) residual:
# Iteration = 4: |res|/|res0| = 2.91329e-11.

Computing volumes of the grid elements.
Non-linear iter.: 33/500. Linear iter.: 4. Min. area: 0.000148452. Error: 2.91329e-11.
Computing volumes of the grid elements.
Min. volume: 0.000148452, max. volume: 36.6087.

# FGMRES residual history
# Residual tolerance target = 1e-10
# Initial residual norm     = 5.79238e-10
     0     1
# FGMRES final (true) residual:
# Iteration = 4: |res|/|res0| = 2.9133e-11.

Computing volumes of the grid elements.
Non-linear iter.: 34/500. Linear iter.: 4. Min. area: 0.000148452. Error: 2.9133e-11.
Computing volumes of the grid elements.
Min. volume: 0.000148452, max. volume: 36.6087.

# FGMRES residual history
# Residual tolerance target = 1e-10
# Initial residual norm     = 5.79236e-10
     0     1
# FGMRES final (true) residual:
# Iteration = 4: |res|/|res0| = 2.91331e-11.

Computing volumes of the grid elements.
Non-linear iter.: 35/500. Linear iter.: 4. Min. area: 0.000148452. Error: 2.91331e-11.
Computing volumes of the grid elements.
Min. volume: 0.000148452, max. volume: 36.6087.

# FGMRES residual history
# Residual tolerance target = 1e-10
# Initial residual norm     = 5.79234e-10
     0     1
# FGMRES final (true) residual:
# Iteration = 4: |res|/|res0| = 2.91332e-11.

Computing volumes of the grid elements.
Non-linear iter.: 36/500. Linear iter.: 4. Min. area: 0.000148452. Error: 2.91332e-11.
Computing volumes of the grid elements.
Min. volume: 0.000148452, max. volume: 36.6087.

# FGMRES residual history
# Residual tolerance target = 1e-10
# Initial residual norm     = 5.79231e-10
     0     1
# FGMRES final (true) residual:
# Iteration = 4: |res|/|res0| = 2.91333e-11.

Computing volumes of the grid elements.
Non-linear iter.: 37/500. Linear iter.: 4. Min. area: 0.000148452. Error: 2.91333e-11.
Computing volumes of the grid elements.
Min. volume: 0.000148452, max. volume: 36.6087.

# FGMRES residual history
# Residual tolerance target = 1e-10
# Initial residual norm     = 5.79229e-10
     0     1
# FGMRES final (true) residual:
# Iteration = 4: |res|/|res0| = 2.91334e-11.

Computing volumes of the grid elements.
Non-linear iter.: 38/500. Linear iter.: 4. Min. area: 0.000148452. Error: 2.91334e-11.
Computing volumes of the grid elements.
Min. volume: 0.000148452, max. volume: 36.6087.

# FGMRES residual history
# Residual tolerance target = 1e-10
# Initial residual norm     = 5.79227e-10
     0     1
# FGMRES final (true) residual:
# Iteration = 4: |res|/|res0| = 2.91334e-11.

Computing volumes of the grid elements.
Non-linear iter.: 39/500. Linear iter.: 4. Min. area: 0.000148452. Error: 2.91334e-11.
Computing volumes of the grid elements.
Min. volume: 0.000148452, max. volume: 36.6087.

# FGMRES residual history
# Residual tolerance target = 1e-10
# Initial residual norm     = 5.79224e-10
     0     1
# FGMRES final (true) residual:
# Iteration = 4: |res|/|res0| = 2.91335e-11.

Computing volumes of the grid elements.
Non-linear iter.: 40/500. Linear iter.: 4. Min. area: 0.000148452. Error: 2.91335e-11.
Computing volumes of the grid elements.
Min. volume: 0.000148452, max. volume: 36.6087.

# FGMRES residual history
# Residual tolerance target = 1e-10
# Initial residual norm     = 5.79222e-10
     0     1
# FGMRES final (true) residual:
# Iteration = 4: |res|/|res0| = 2.91336e-11.

Computing volumes of the grid elements.
Non-linear iter.: 41/500. Linear iter.: 4. Min. area: 0.000148452. Error: 2.91336e-11.
Computing volumes of the grid elements.
Min. volume: 0.000148452, max. volume: 36.6087.

# FGMRES residual history
# Residual tolerance target = 1e-10
# Initial residual norm     = 5.7922e-10
     0     1
# FGMRES final (true) residual:
# Iteration = 4: |res|/|res0| = 2.91337e-11.

Computing volumes of the grid elements.
Non-linear iter.: 42/500. Linear iter.: 4. Min. area: 0.000148452. Error: 2.91337e-11.
Computing volumes of the grid elements.
Min. volume: 0.000148452, max. volume: 36.6087.

# FGMRES residual history
# Residual tolerance target = 1e-10
# Initial residual norm     = 5.79217e-10
     0     1
# FGMRES final (true) residual:
# Iteration = 4: |res|/|res0| = 2.91338e-11.

Computing volumes of the grid elements.
Non-linear iter.: 43/500. Linear iter.: 4. Min. area: 0.000148452. Error: 2.91338e-11.
Computing volumes of the grid elements.
Min. volume: 0.000148452, max. volume: 36.6087.

# FGMRES residual history
# Residual tolerance target = 1e-10
# Initial residual norm     = 5.79215e-10
     0     1
# FGMRES final (true) residual:
# Iteration = 4: |res|/|res0| = 2.91339e-11.

Computing volumes of the grid elements.
Non-linear iter.: 44/500. Linear iter.: 4. Min. area: 0.000148452. Error: 2.91339e-11.
Computing volumes of the grid elements.
Min. volume: 0.000148452, max. volume: 36.6087.

# FGMRES residual history
# Residual tolerance target = 1e-10
# Initial residual norm     = 5.79213e-10
     0     1
# FGMRES final (true) residual:
# Iteration = 4: |res|/|res0| = 2.9134e-11.

Computing volumes of the grid elements.
Non-linear iter.: 45/500. Linear iter.: 4. Min. area: 0.000148452. Error: 2.9134e-11.
Computing volumes of the grid elements.
Min. volume: 0.000148452, max. volume: 36.6087.

# FGMRES residual history
# Residual tolerance target = 1e-10
# Initial residual norm     = 5.7921e-10
     0     1
# FGMRES final (true) residual:
# Iteration = 4: |res|/|res0| = 2.91341e-11.

Computing volumes of the grid elements.
Non-linear iter.: 46/500. Linear iter.: 4. Min. area: 0.000148452. Error: 2.91341e-11.
Computing volumes of the grid elements.
Min. volume: 0.000148452, max. volume: 36.6087.

# FGMRES residual history
# Residual tolerance target = 1e-10
# Initial residual norm     = 5.79208e-10
     0     1
# FGMRES final (true) residual:
# Iteration = 4: |res|/|res0| = 2.91341e-11.

Computing volumes of the grid elements.
Non-linear iter.: 47/500. Linear iter.: 4. Min. area: 0.000148452. Error: 2.91341e-11.
Computing volumes of the grid elements.
Min. volume: 0.000148452, max. volume: 36.6087.

# FGMRES residual history
# Residual tolerance target = 1e-10
# Initial residual norm     = 5.79206e-10
     0     1
# FGMRES final (true) residual:
# Iteration = 4: |res|/|res0| = 2.91342e-11.

Computing volumes of the grid elements.
Non-linear iter.: 48/500. Linear iter.: 4. Min. area: 0.000148452. Error: 2.91342e-11.
Computing volumes of the grid elements.
Min. volume: 0.000148452, max. volume: 36.6087.

# FGMRES residual history
# Residual tolerance target = 1e-10
# Initial residual norm     = 5.79203e-10
     0     1
# FGMRES final (true) residual:
# Iteration = 4: |res|/|res0| = 2.91343e-11.

Computing volumes of the grid elements.
Non-linear iter.: 49/500. Linear iter.: 4. Min. area: 0.000148452. Error: 2.91343e-11.
Computing volumes of the grid elements.
Min. volume: 0.000148452, max. volume: 36.6087.

# FGMRES residual history
# Residual tolerance target = 1e-10
# Initial residual norm     = 5.79201e-10
     0     1
# FGMRES final (true) residual:
# Iteration = 4: |res|/|res0| = 2.91344e-11.

Computing volumes of the grid elements.
Non-linear iter.: 50/500. Linear iter.: 4. Min. area: 0.000148452. Error: 2.91344e-11.
Computing volumes of the grid elements.
Min. volume: 0.000148452, max. volume: 36.6087.

# FGMRES residual history
# Residual tolerance target = 1e-10
# Initial residual norm     = 5.79199e-10
     0     1
# FGMRES final (true) residual:
# Iteration = 4: |res|/|res0| = 2.91345e-11.

Computing volumes of the grid elements.
Non-linear iter.: 51/500. Linear iter.: 4. Min. area: 0.000148452. Error: 2.91345e-11.
Computing volumes of the grid elements.
Min. volume: 0.000148452, max. volume: 36.6087.

# FGMRES residual history
# Residual tolerance target = 1e-10
# Initial residual norm     = 5.79196e-10
     0     1
# FGMRES final (true) residual:
# Iteration = 4: |res|/|res0| = 2.91346e-11.

Computing volumes of the grid elements.
Non-linear iter.: 52/500. Linear iter.: 4. Min. area: 0.000148452. Error: 2.91346e-11.
Computing volumes of the grid elements.
Min. volume: 0.000148452, max. volume: 36.6087.

# FGMRES residual history
# Residual tolerance target = 1e-10
# Initial residual norm     = 5.79194e-10
     0     1
# FGMRES final (true) residual:
# Iteration = 4: |res|/|res0| = 2.91347e-11.

Computing volumes of the grid elements.
Non-linear iter.: 53/500. Linear iter.: 4. Min. area: 0.000148452. Error: 2.91347e-11.
Computing volumes of the grid elements.
Min. volume: 0.000148452, max. volume: 36.6087.

# FGMRES residual history
# Residual tolerance target = 1e-10
# Initial residual norm     = 5.79191e-10
     0     1
# FGMRES final (true) residual:
# Iteration = 4: |res|/|res0| = 2.91347e-11.

Computing volumes of the grid elements.
Non-linear iter.: 54/500. Linear iter.: 4. Min. area: 0.000148452. Error: 2.91347e-11.
Computing volumes of the grid elements.
Min. volume: 0.000148452, max. volume: 36.6087.

# FGMRES residual history
# Residual tolerance target = 1e-10
# Initial residual norm     = 5.79189e-10
     0     1
# FGMRES final (true) residual:
# Iteration = 4: |res|/|res0| = 2.91348e-11.

Computing volumes of the grid elements.
Non-linear iter.: 55/500. Linear iter.: 4. Min. area: 0.000148452. Error: 2.91348e-11.
Computing volumes of the grid elements.
Min. volume: 0.000148452, max. volume: 36.6087.

# FGMRES residual history
# Residual tolerance target = 1e-10
# Initial residual norm     = 5.79187e-10
     0     1
# FGMRES final (true) residual:
# Iteration = 4: |res|/|res0| = 2.91349e-11.

Computing volumes of the grid elements.
Non-linear iter.: 56/500. Linear iter.: 4. Min. area: 0.000148452. Error: 2.91349e-11.
Computing volumes of the grid elements.
Min. volume: 0.000148452, max. volume: 36.6087.

# FGMRES residual history
# Residual tolerance target = 1e-10
# Initial residual norm     = 5.79184e-10
     0     1
# FGMRES final (true) residual:
# Iteration = 4: |res|/|res0| = 2.9135e-11.

Computing volumes of the grid elements.
Non-linear iter.: 57/500. Linear iter.: 4. Min. area: 0.000148452. Error: 2.9135e-11.
Computing volumes of the grid elements.
Min. volume: 0.000148452, max. volume: 36.6087.

# FGMRES residual history
# Residual tolerance target = 1e-10
# Initial residual norm     = 5.79182e-10
     0     1
# FGMRES final (true) residual:
# Iteration = 4: |res|/|res0| = 2.91351e-11.

Computing volumes of the grid elements.
Non-linear iter.: 58/500. Linear iter.: 4. Min. area: 0.000148452. Error: 2.91351e-11.
Computing volumes of the grid elements.
Min. volume: 0.000148452, max. volume: 36.6087.

# FGMRES residual history
# Residual tolerance target = 1e-10
# Initial residual norm     = 5.7918e-10
     0     1
# FGMRES final (true) residual:
# Iteration = 4: |res|/|res0| = 2.91352e-11.

Computing volumes of the grid elements.
Non-linear iter.: 59/500. Linear iter.: 4. Min. area: 0.000148452. Error: 2.91352e-11.
Computing volumes of the grid elements.
Min. volume: 0.000148452, max. volume: 36.6087.

# FGMRES residual history
# Residual tolerance target = 1e-10
# Initial residual norm     = 5.79177e-10
     0     1
# FGMRES final (true) residual:
# Iteration = 4: |res|/|res0| = 2.91353e-11.

Computing volumes of the grid elements.
Non-linear iter.: 60/500. Linear iter.: 4. Min. area: 0.000148452. Error: 2.91353e-11.
Computing volumes of the grid elements.
Min. volume: 0.000148452, max. volume: 36.6087.

# FGMRES residual history
# Residual tolerance target = 1e-10
# Initial residual norm     = 5.79175e-10
     0     1
# FGMRES final (true) residual:
# Iteration = 4: |res|/|res0| = 2.91353e-11.

Computing volumes of the grid elements.
Non-linear iter.: 61/500. Linear iter.: 4. Min. area: 0.000148452. Error: 2.91353e-11.
Computing volumes of the grid elements.
Min. volume: 0.000148452, max. volume: 36.6087.

# FGMRES residual history
# Residual tolerance target = 1e-10
# Initial residual norm     = 5.79173e-10
     0     1
# FGMRES final (true) residual:
# Iteration = 4: |res|/|res0| = 2.91354e-11.

Computing volumes of the grid elements.
Non-linear iter.: 62/500. Linear iter.: 4. Min. area: 0.000148452. Error: 2.91354e-11.
Computing volumes of the grid elements.
Min. volume: 0.000148452, max. volume: 36.6087.

# FGMRES residual history
# Residual tolerance target = 1e-10
# Initial residual norm     = 5.7917e-10
     0     1
# FGMRES final (true) residual:
# Iteration = 4: |res|/|res0| = 2.91355e-11.

Computing volumes of the grid elements.
Non-linear iter.: 63/500. Linear iter.: 4. Min. area: 0.000148452. Error: 2.91355e-11.
Computing volumes of the grid elements.
Min. volume: 0.000148452, max. volume: 36.6087.

# FGMRES residual history
# Residual tolerance target = 1e-10
# Initial residual norm     = 5.79168e-10
     0     1
# FGMRES final (true) residual:
# Iteration = 4: |res|/|res0| = 2.91356e-11.

Computing volumes of the grid elements.
Non-linear iter.: 64/500. Linear iter.: 4. Min. area: 0.000148452. Error: 2.91356e-11.
Computing volumes of the grid elements.
Min. volume: 0.000148452, max. volume: 36.6087.

# FGMRES residual history
# Residual tolerance target = 1e-10
# Initial residual norm     = 5.79166e-10
     0     1
# FGMRES final (true) residual:
# Iteration = 4: |res|/|res0| = 2.91357e-11.

Computing volumes of the grid elements.
Non-linear iter.: 65/500. Linear iter.: 4. Min. area: 0.000148452. Error: 2.91357e-11.
Computing volumes of the grid elements.
Min. volume: 0.000148452, max. volume: 36.6087.

# FGMRES residual history
# Residual tolerance target = 1e-10
# Initial residual norm     = 5.79163e-10
     0     1
# FGMRES final (true) residual:
# Iteration = 4: |res|/|res0| = 2.91358e-11.

Computing volumes of the grid elements.
Non-linear iter.: 66/500. Linear iter.: 4. Min. area: 0.000148452. Error: 2.91358e-11.
Computing volumes of the grid elements.
Min. volume: 0.000148452, max. volume: 36.6087.

# FGMRES residual history
# Residual tolerance target = 1e-10
# Initial residual norm     = 5.79161e-10
     0     1
# FGMRES final (true) residual:
# Iteration = 4: |res|/|res0| = 2.91359e-11.

Computing volumes of the grid elements.
Non-linear iter.: 67/500. Linear iter.: 4. Min. area: 0.000148452. Error: 2.91359e-11.
Computing volumes of the grid elements.
Min. volume: 0.000148452, max. volume: 36.6087.

# FGMRES residual history
# Residual tolerance target = 1e-10
# Initial residual norm     = 5.79159e-10
     0     1
# FGMRES final (true) residual:
# Iteration = 4: |res|/|res0| = 2.91359e-11.

Computing volumes of the grid elements.
Non-linear iter.: 68/500. Linear iter.: 4. Min. area: 0.000148452. Error: 2.91359e-11.
Computing volumes of the grid elements.
Min. volume: 0.000148452, max. volume: 36.6087.

# FGMRES residual history
# Residual tolerance target = 1e-10
# Initial residual norm     = 5.79156e-10
     0     1
# FGMRES final (true) residual:
# Iteration = 4: |res|/|res0| = 2.9136e-11.

Computing volumes of the grid elements.
Non-linear iter.: 69/500. Linear iter.: 4. Min. area: 0.000148452. Error: 2.9136e-11.
Computing volumes of the grid elements.
Min. volume: 0.000148452, max. volume: 36.6087.

# FGMRES residual history
# Residual tolerance target = 1e-10
# Initial residual norm     = 5.79154e-10
     0     1
# FGMRES final (true) residual:
# Iteration = 4: |res|/|res0| = 2.91361e-11.

Computing volumes of the grid elements.
Non-linear iter.: 70/500. Linear iter.: 4. Min. area: 0.000148452. Error: 2.91361e-11.
Computing volumes of the grid elements.
Min. volume: 0.000148452, max. volume: 36.6087.

# FGMRES residual history
# Residual tolerance target = 1e-10
# Initial residual norm     = 5.79152e-10
     0     1
# FGMRES final (true) residual:
# Iteration = 4: |res|/|res0| = 2.91362e-11.

Computing volumes of the grid elements.
Non-linear iter.: 71/500. Linear iter.: 4. Min. area: 0.000148452. Error: 2.91362e-11.
Computing volumes of the grid elements.
Min. volume: 0.000148452, max. volume: 36.6087.

# FGMRES residual history
# Residual tolerance target = 1e-10
# Initial residual norm     = 5.79149e-10
     0     1
# FGMRES final (true) residual:
# Iteration = 4: |res|/|res0| = 2.91363e-11.

Computing volumes of the grid elements.
Non-linear iter.: 72/500. Linear iter.: 4. Min. area: 0.000148452. Error: 2.91363e-11.
Computing volumes of the grid elements.
Min. volume: 0.000148452, max. volume: 36.6087.

# FGMRES residual history
# Residual tolerance target = 1e-10
# Initial residual norm     = 5.79147e-10
     0     1
# FGMRES final (true) residual:
# Iteration = 4: |res|/|res0| = 2.91364e-11.

Computing volumes of the grid elements.
Non-linear iter.: 73/500. Linear iter.: 4. Min. area: 0.000148452. Error: 2.91364e-11.
Computing volumes of the grid elements.
Min. volume: 0.000148452, max. volume: 36.6087.

# FGMRES residual history
# Residual tolerance target = 1e-10
# Initial residual norm     = 5.79145e-10
     0     1
# FGMRES final (true) residual:
# Iteration = 4: |res|/|res0| = 2.91365e-11.

Computing volumes of the grid elements.
Non-linear iter.: 74/500. Linear iter.: 4. Min. area: 0.000148452. Error: 2.91365e-11.
Computing volumes of the grid elements.
Min. volume: 0.000148452, max. volume: 36.6087.

# FGMRES residual history
# Residual tolerance target = 1e-10
# Initial residual norm     = 5.79142e-10
     0     1
# FGMRES final (true) residual:
# Iteration = 4: |res|/|res0| = 2.91365e-11.

Computing volumes of the grid elements.
Non-linear iter.: 75/500. Linear iter.: 4. Min. area: 0.000148452. Error: 2.91365e-11.
Computing volumes of the grid elements.
Min. volume: 0.000148452, max. volume: 36.6087.

# FGMRES residual history
# Residual tolerance target = 1e-10
# Initial residual norm     = 5.7914e-10
     0     1
# FGMRES final (true) residual:
# Iteration = 4: |res|/|res0| = 2.91366e-11.

Computing volumes of the grid elements.
Non-linear iter.: 76/500. Linear iter.: 4. Min. area: 0.000148452. Error: 2.91366e-11.
Computing volumes of the grid elements.
Min. volume: 0.000148452, max. volume: 36.6087.

# FGMRES residual history
# Residual tolerance target = 1e-10
# Initial residual norm     = 5.79138e-10
     0     1
# FGMRES final (true) residual:
# Iteration = 4: |res|/|res0| = 2.91367e-11.

Computing volumes of the grid elements.
Non-linear iter.: 77/500. Linear iter.: 4. Min. area: 0.000148452. Error: 2.91367e-11.
Computing volumes of the grid elements.
Min. volume: 0.000148452, max. volume: 36.6087.

# FGMRES residual history
# Residual tolerance target = 1e-10
# Initial residual norm     = 5.79135e-10
     0     1
# FGMRES final (true) residual:
# Iteration = 4: |res|/|res0| = 2.91368e-11.

Computing volumes of the grid elements.
Non-linear iter.: 78/500. Linear iter.: 4. Min. area: 0.000148452. Error: 2.91368e-11.
Computing volumes of the grid elements.
Min. volume: 0.000148452, max. volume: 36.6087.

# FGMRES residual history
# Residual tolerance target = 1e-10
# Initial residual norm     = 5.79133e-10
     0     1
# FGMRES final (true) residual:
# Iteration = 4: |res|/|res0| = 2.91369e-11.

Computing volumes of the grid elements.
Non-linear iter.: 79/500. Linear iter.: 4. Min. area: 0.000148452. Error: 2.91369e-11.
Computing volumes of the grid elements.
Min. volume: 0.000148452, max. volume: 36.6087.

# FGMRES residual history
# Residual tolerance target = 1e-10
# Initial residual norm     = 5.79131e-10
     0     1
# FGMRES final (true) residual:
# Iteration = 4: |res|/|res0| = 2.9137e-11.

Computing volumes of the grid elements.
Non-linear iter.: 80/500. Linear iter.: 4. Min. area: 0.000148452. Error: 2.9137e-11.
Computing volumes of the grid elements.
Min. volume: 0.000148452, max. volume: 36.6087.

# FGMRES residual history
# Residual tolerance target = 1e-10
# Initial residual norm     = 5.79128e-10
     0     1
# FGMRES final (true) residual:
# Iteration = 4: |res|/|res0| = 2.91371e-11.

Computing volumes of the grid elements.
Non-linear iter.: 81/500. Linear iter.: 4. Min. area: 0.000148452. Error: 2.91371e-11.
Computing volumes of the grid elements.
Min. volume: 0.000148452, max. volume: 36.6087.

# FGMRES residual history
# Residual tolerance target = 1e-10
# Initial residual norm     = 5.79126e-10
     0     1
# FGMRES final (true) residual:
# Iteration = 4: |res|/|res0| = 2.91371e-11.

Computing volumes of the grid elements.
Non-linear iter.: 82/500. Linear iter.: 4. Min. area: 0.000148452. Error: 2.91371e-11.
Computing volumes of the grid elements.
Min. volume: 0.000148452, max. volume: 36.6087.

# FGMRES residual history
# Residual tolerance target = 1e-10
# Initial residual norm     = 5.79124e-10
     0     1
# FGMRES final (true) residual:
# Iteration = 4: |res|/|res0| = 2.91372e-11.

Computing volumes of the grid elements.
Non-linear iter.: 83/500. Linear iter.: 4. Min. area: 0.000148452. Error: 2.91372e-11.
Computing volumes of the grid elements.
Min. volume: 0.000148452, max. volume: 36.6087.

# FGMRES residual history
# Residual tolerance target = 1e-10
# Initial residual norm     = 5.79121e-10
     0     1
# FGMRES final (true) residual:
# Iteration = 4: |res|/|res0| = 2.91373e-11.

Computing volumes of the grid elements.
Non-linear iter.: 84/500. Linear iter.: 4. Min. area: 0.000148452. Error: 2.91373e-11.
Computing volumes of the grid elements.
Min. volume: 0.000148452, max. volume: 36.6087.

# FGMRES residual history
# Residual tolerance target = 1e-10
# Initial residual norm     = 5.79119e-10
     0     1
# FGMRES final (true) residual:
# Iteration = 4: |res|/|res0| = 2.91374e-11.

Computing volumes of the grid elements.
Non-linear iter.: 85/500. Linear iter.: 4. Min. area: 0.000148452. Error: 2.91374e-11.
Computing volumes of the grid elements.
Min. volume: 0.000148452, max. volume: 36.6087.

# FGMRES residual history
# Residual tolerance target = 1e-10
# Initial residual norm     = 5.79117e-10
     0     1
# FGMRES final (true) residual:
# Iteration = 4: |res|/|res0| = 2.91375e-11.

Computing volumes of the grid elements.
Non-linear iter.: 86/500. Linear iter.: 4. Min. area: 0.000148452. Error: 2.91375e-11.
Computing volumes of the grid elements.
Min. volume: 0.000148452, max. volume: 36.6087.

# FGMRES residual history
# Residual tolerance target = 1e-10
# Initial residual norm     = 5.79114e-10
     0     1
# FGMRES final (true) residual:
# Iteration = 4: |res|/|res0| = 2.91376e-11.

Computing volumes of the grid elements.
Non-linear iter.: 87/500. Linear iter.: 4. Min. area: 0.000148452. Error: 2.91376e-11.
Computing volumes of the grid elements.
Min. volume: 0.000148452, max. volume: 36.6087.

# FGMRES residual history
# Residual tolerance target = 1e-10
# Initial residual norm     = 5.79112e-10
     0     1
# FGMRES final (true) residual:
# Iteration = 4: |res|/|res0| = 2.91377e-11.

Computing volumes of the grid elements.
Non-linear iter.: 88/500. Linear iter.: 4. Min. area: 0.000148452. Error: 2.91377e-11.
Computing volumes of the grid elements.
Min. volume: 0.000148452, max. volume: 36.6087.

# FGMRES residual history
# Residual tolerance target = 1e-10
# Initial residual norm     = 5.7911e-10
     0     1
# FGMRES final (true) residual:
# Iteration = 4: |res|/|res0| = 2.91377e-11.

Computing volumes of the grid elements.
Non-linear iter.: 89/500. Linear iter.: 4. Min. area: 0.000148452. Error: 2.91377e-11.
Computing volumes of the grid elements.
Min. volume: 0.000148452, max. volume: 36.6087.

# FGMRES residual history
# Residual tolerance target = 1e-10
# Initial residual norm     = 5.79107e-10
     0     1
# FGMRES final (true) residual:
# Iteration = 4: |res|/|res0| = 2.91378e-11.

Computing volumes of the grid elements.
Non-linear iter.: 90/500. Linear iter.: 4. Min. area: 0.000148452. Error: 2.91378e-11.
Computing volumes of the grid elements.
Min. volume: 0.000148452, max. volume: 36.6087.

# FGMRES residual history
# Residual tolerance target = 1e-10
# Initial residual norm     = 5.79105e-10
     0     1
# FGMRES final (true) residual:
# Iteration = 4: |res|/|res0| = 2.91379e-11.

Computing volumes of the grid elements.
Non-linear iter.: 91/500. Linear iter.: 4. Min. area: 0.000148452. Error: 2.91379e-11.
Computing volumes of the grid elements.
Min. volume: 0.000148452, max. volume: 36.6087.

# FGMRES residual history
# Residual tolerance target = 1e-10
# Initial residual norm     = 5.79103e-10
     0     1
# FGMRES final (true) residual:
# Iteration = 4: |res|/|res0| = 2.9138e-11.

Computing volumes of the grid elements.
Non-linear iter.: 92/500. Linear iter.: 4. Min. area: 0.000148452. Error: 2.9138e-11.
Computing volumes of the grid elements.
Min. volume: 0.000148452, max. volume: 36.6087.

# FGMRES residual history
# Residual tolerance target = 1e-10
# Initial residual norm     = 5.791e-10
     0     1
# FGMRES final (true) residual:
# Iteration = 4: |res|/|res0| = 2.91381e-11.

Computing volumes of the grid elements.
Non-linear iter.: 93/500. Linear iter.: 4. Min. area: 0.000148452. Error: 2.91381e-11.
Computing volumes of the grid elements.
Min. volume: 0.000148452, max. volume: 36.6087.

# FGMRES residual history
# Residual tolerance target = 1e-10
# Initial residual norm     = 5.79098e-10
     0     1
# FGMRES final (true) residual:
# Iteration = 4: |res|/|res0| = 2.91382e-11.

Computing volumes of the grid elements.
Non-linear iter.: 94/500. Linear iter.: 4. Min. area: 0.000148452. Error: 2.91382e-11.
Computing volumes of the grid elements.
Min. volume: 0.000148452, max. volume: 36.6087.

# FGMRES residual history
# Residual tolerance target = 1e-10
# Initial residual norm     = 5.79096e-10
     0     1
# FGMRES final (true) residual:
# Iteration = 4: |res|/|res0| = 2.91383e-11.

Computing volumes of the grid elements.
Non-linear iter.: 95/500. Linear iter.: 4. Min. area: 0.000148452. Error: 2.91383e-11.
Computing volumes of the grid elements.
Min. volume: 0.000148452, max. volume: 36.6087.

# FGMRES residual history
# Residual tolerance target = 1e-10
# Initial residual norm     = 5.79093e-10
     0     1
# FGMRES final (true) residual:
# Iteration = 4: |res|/|res0| = 2.91383e-11.

Computing volumes of the grid elements.
Non-linear iter.: 96/500. Linear iter.: 4. Min. area: 0.000148452. Error: 2.91383e-11.
Computing volumes of the grid elements.
Min. volume: 0.000148452, max. volume: 36.6087.

# FGMRES residual history
# Residual tolerance target = 1e-10
# Initial residual norm     = 5.79091e-10
     0     1
# FGMRES final (true) residual:
# Iteration = 4: |res|/|res0| = 2.91384e-11.

Computing volumes of the grid elements.
Non-linear iter.: 97/500. Linear iter.: 4. Min. area: 0.000148452. Error: 2.91384e-11.
Computing volumes of the grid elements.
Min. volume: 0.000148452, max. volume: 36.6087.

# FGMRES residual history
# Residual tolerance target = 1e-10
# Initial residual norm     = 5.79089e-10
     0     1
# FGMRES final (true) residual:
# Iteration = 4: |res|/|res0| = 2.91385e-11.

Computing volumes of the grid elements.
Non-linear iter.: 98/500. Linear iter.: 4. Min. area: 0.000148452. Error: 2.91385e-11.
Computing volumes of the grid elements.
Min. volume: 0.000148452, max. volume: 36.6087.

# FGMRES residual history
# Residual tolerance target = 1e-10
# Initial residual norm     = 5.79086e-10
     0     1
# FGMRES final (true) residual:
# Iteration = 4: |res|/|res0| = 2.91386e-11.

Computing volumes of the grid elements.
Non-linear iter.: 99/500. Linear iter.: 4. Min. area: 0.000148452. Error: 2.91386e-11.
Computing volumes of the grid elements.
Min. volume: 0.000148452, max. volume: 36.6087.

# FGMRES residual history
# Residual tolerance target = 1e-10
# Initial residual norm     = 5.79084e-10
     0     1
# FGMRES final (true) residual:
# Iteration = 4: |res|/|res0| = 2.91387e-11.

Computing volumes of the grid elements.
Non-linear iter.: 100/500. Linear iter.: 4. Min. area: 0.000148452. Error: 2.91387e-11.
Computing volumes of the grid elements.
Min. volume: 0.000148452, max. volume: 36.6087.

# FGMRES residual history
# Residual tolerance target = 1e-10
# Initial residual norm     = 5.79082e-10
     0     1
# FGMRES final (true) residual:
# Iteration = 4: |res|/|res0| = 2.91388e-11.

Computing volumes of the grid elements.
Non-linear iter.: 101/500. Linear iter.: 4. Min. area: 0.000148452. Error: 2.91388e-11.
Computing volumes of the grid elements.
Min. volume: 0.000148452, max. volume: 36.6087.

# FGMRES residual history
# Residual tolerance target = 1e-10
# Initial residual norm     = 5.79079e-10
     0     1
# FGMRES final (true) residual:
# Iteration = 4: |res|/|res0| = 2.91389e-11.

Computing volumes of the grid elements.
Non-linear iter.: 102/500. Linear iter.: 4. Min. area: 0.000148452. Error: 2.91389e-11.
Computing volumes of the grid elements.
Min. volume: 0.000148452, max. volume: 36.6087.

# FGMRES residual history
# Residual tolerance target = 1e-10
# Initial residual norm     = 5.79077e-10
     0     1
# FGMRES final (true) residual:
# Iteration = 4: |res|/|res0| = 2.91389e-11.

Computing volumes of the grid elements.
Non-linear iter.: 103/500. Linear iter.: 4. Min. area: 0.000148452. Error: 2.91389e-11.
Computing volumes of the grid elements.
Min. volume: 0.000148452, max. volume: 36.6087.

# FGMRES residual history
# Residual tolerance target = 1e-10
# Initial residual norm     = 5.79075e-10
     0     1
# FGMRES final (true) residual:
# Iteration = 4: |res|/|res0| = 2.9139e-11.

Computing volumes of the grid elements.
Non-linear iter.: 104/500. Linear iter.: 4. Min. area: 0.000148452. Error: 2.9139e-11.
Computing volumes of the grid elements.
Min. volume: 0.000148452, max. volume: 36.6087.

# FGMRES residual history
# Residual tolerance target = 1e-10
# Initial residual norm     = 5.79072e-10
     0     1
# FGMRES final (true) residual:
# Iteration = 4: |res|/|res0| = 2.91391e-11.

Computing volumes of the grid elements.
Non-linear iter.: 105/500. Linear iter.: 4. Min. area: 0.000148452. Error: 2.91391e-11.
Computing volumes of the grid elements.
Min. volume: 0.000148452, max. volume: 36.6087.

# FGMRES residual history
# Residual tolerance target = 1e-10
# Initial residual norm     = 5.7907e-10
     0     1
# FGMRES final (true) residual:
# Iteration = 4: |res|/|res0| = 2.91392e-11.

Computing volumes of the grid elements.
Non-linear iter.: 106/500. Linear iter.: 4. Min. area: 0.000148452. Error: 2.91392e-11.
Computing volumes of the grid elements.
Min. volume: 0.000148452, max. volume: 36.6087.

# FGMRES residual history
# Residual tolerance target = 1e-10
# Initial residual norm     = 5.79068e-10
     0     1
# FGMRES final (true) residual:
# Iteration = 4: |res|/|res0| = 2.91393e-11.

Computing volumes of the grid elements.
Non-linear iter.: 107/500. Linear iter.: 4. Min. area: 0.000148452. Error: 2.91393e-11.
Computing volumes of the grid elements.
Min. volume: 0.000148452, max. volume: 36.6087.

# FGMRES residual history
# Residual tolerance target = 1e-10
# Initial residual norm     = 5.79065e-10
     0     1
# FGMRES final (true) residual:
# Iteration = 4: |res|/|res0| = 2.91394e-11.

Computing volumes of the grid elements.
Non-linear iter.: 108/500. Linear iter.: 4. Min. area: 0.000148452. Error: 2.91394e-11.
Computing volumes of the grid elements.
Min. volume: 0.000148452, max. volume: 36.6087.

# FGMRES residual history
# Residual tolerance target = 1e-10
# Initial residual norm     = 5.79063e-10
     0     1
# FGMRES final (true) residual:
# Iteration = 4: |res|/|res0| = 2.91394e-11.

Computing volumes of the grid elements.
Non-linear iter.: 109/500. Linear iter.: 4. Min. area: 0.000148452. Error: 2.91394e-11.
Computing volumes of the grid elements.
Min. volume: 0.000148452, max. volume: 36.6087.

# FGMRES residual history
# Residual tolerance target = 1e-10
# Initial residual norm     = 5.79061e-10
     0     1
# FGMRES final (true) residual:
# Iteration = 4: |res|/|res0| = 2.91395e-11.

Computing volumes of the grid elements.
Non-linear iter.: 110/500. Linear iter.: 4. Min. area: 0.000148452. Error: 2.91395e-11.
Computing volumes of the grid elements.
Min. volume: 0.000148452, max. volume: 36.6087.

# FGMRES residual history
# Residual tolerance target = 1e-10
# Initial residual norm     = 5.79058e-10
     0     1
# FGMRES final (true) residual:
# Iteration = 4: |res|/|res0| = 2.91396e-11.

Computing volumes of the grid elements.
Non-linear iter.: 111/500. Linear iter.: 4. Min. area: 0.000148452. Error: 2.91396e-11.
Computing volumes of the grid elements.
Min. volume: 0.000148452, max. volume: 36.6087.

# FGMRES residual history
# Residual tolerance target = 1e-10
# Initial residual norm     = 5.79056e-10
     0     1
# FGMRES final (true) residual:
# Iteration = 4: |res|/|res0| = 2.91397e-11.

Computing volumes of the grid elements.
Non-linear iter.: 112/500. Linear iter.: 4. Min. area: 0.000148452. Error: 2.91397e-11.
Computing volumes of the grid elements.
Min. volume: 0.000148452, max. volume: 36.6087.

# FGMRES residual history
# Residual tolerance target = 1e-10
# Initial residual norm     = 5.79054e-10
     0     1
# FGMRES final (true) residual:
# Iteration = 4: |res|/|res0| = 2.91398e-11.

Computing volumes of the grid elements.
Non-linear iter.: 113/500. Linear iter.: 4. Min. area: 0.000148452. Error: 2.91398e-11.
Computing volumes of the grid elements.
Min. volume: 0.000148452, max. volume: 36.6087.

# FGMRES residual history
# Residual tolerance target = 1e-10
# Initial residual norm     = 5.79051e-10
     0     1
# FGMRES final (true) residual:
# Iteration = 4: |res|/|res0| = 2.91399e-11.

Computing volumes of the grid elements.
Non-linear iter.: 114/500. Linear iter.: 4. Min. area: 0.000148452. Error: 2.91399e-11.
Computing volumes of the grid elements.
Min. volume: 0.000148452, max. volume: 36.6087.

# FGMRES residual history
# Residual tolerance target = 1e-10
# Initial residual norm     = 5.79049e-10
     0     1
# FGMRES final (true) residual:
# Iteration = 4: |res|/|res0| = 2.914e-11.

Computing volumes of the grid elements.
Non-linear iter.: 115/500. Linear iter.: 4. Min. area: 0.000148452. Error: 2.914e-11.
Computing volumes of the grid elements.
Min. volume: 0.000148452, max. volume: 36.6087.

# FGMRES residual history
# Residual tolerance target = 1e-10
# Initial residual norm     = 5.79047e-10
     0     1
# FGMRES final (true) residual:
# Iteration = 4: |res|/|res0| = 2.914e-11.

Computing volumes of the grid elements.
Non-linear iter.: 116/500. Linear iter.: 4. Min. area: 0.000148452. Error: 2.914e-11.
Computing volumes of the grid elements.
Min. volume: 0.000148452, max. volume: 36.6087.

# FGMRES residual history
# Residual tolerance target = 1e-10
# Initial residual norm     = 5.79044e-10
     0     1
# FGMRES final (true) residual:
# Iteration = 4: |res|/|res0| = 2.91401e-11.

Computing volumes of the grid elements.
Non-linear iter.: 117/500. Linear iter.: 4. Min. area: 0.000148452. Error: 2.91401e-11.
Computing volumes of the grid elements.
Min. volume: 0.000148452, max. volume: 36.6087.

# FGMRES residual history
# Residual tolerance target = 1e-10
# Initial residual norm     = 5.79042e-10
     0     1
# FGMRES final (true) residual:
# Iteration = 4: |res|/|res0| = 2.91402e-11.

Computing volumes of the grid elements.
Non-linear iter.: 118/500. Linear iter.: 4. Min. area: 0.000148452. Error: 2.91402e-11.
Computing volumes of the grid elements.
Min. volume: 0.000148452, max. volume: 36.6087.

# FGMRES residual history
# Residual tolerance target = 1e-10
# Initial residual norm     = 5.7904e-10
     0     1
# FGMRES final (true) residual:
# Iteration = 4: |res|/|res0| = 2.91403e-11.

Computing volumes of the grid elements.
Non-linear iter.: 119/500. Linear iter.: 4. Min. area: 0.000148452. Error: 2.91403e-11.
Computing volumes of the grid elements.
Min. volume: 0.000148452, max. volume: 36.6087.

# FGMRES residual history
# Residual tolerance target = 1e-10
# Initial residual norm     = 5.79037e-10
     0     1
# FGMRES final (true) residual:
# Iteration = 4: |res|/|res0| = 2.91404e-11.

Computing volumes of the grid elements.
Non-linear iter.: 120/500. Linear iter.: 4. Min. area: 0.000148452. Error: 2.91404e-11.
Computing volumes of the grid elements.
Min. volume: 0.000148452, max. volume: 36.6087.

# FGMRES residual history
# Residual tolerance target = 1e-10
# Initial residual norm     = 5.79035e-10
     0     1
# FGMRES final (true) residual:
# Iteration = 4: |res|/|res0| = 2.91405e-11.

Computing volumes of the grid elements.
Non-linear iter.: 121/500. Linear iter.: 4. Min. area: 0.000148452. Error: 2.91405e-11.
Computing volumes of the grid elements.
Min. volume: 0.000148452, max. volume: 36.6087.

# FGMRES residual history
# Residual tolerance target = 1e-10
# Initial residual norm     = 5.79033e-10
     0     1
# FGMRES final (true) residual:
# Iteration = 4: |res|/|res0| = 2.91406e-11.

Computing volumes of the grid elements.
Non-linear iter.: 122/500. Linear iter.: 4. Min. area: 0.000148452. Error: 2.91406e-11.
Computing volumes of the grid elements.
Min. volume: 0.000148452, max. volume: 36.6087.

# FGMRES residual history
# Residual tolerance target = 1e-10
# Initial residual norm     = 5.7903e-10
     0     1
# FGMRES final (true) residual:
# Iteration = 4: |res|/|res0| = 2.91406e-11.

Computing volumes of the grid elements.
Non-linear iter.: 123/500. Linear iter.: 4. Min. area: 0.000148452. Error: 2.91406e-11.
Computing volumes of the grid elements.
Min. volume: 0.000148452, max. volume: 36.6087.

# FGMRES residual history
# Residual tolerance target = 1e-10
# Initial residual norm     = 5.79028e-10
     0     1
# FGMRES final (true) residual:
# Iteration = 4: |res|/|res0| = 2.91407e-11.

Computing volumes of the grid elements.
Non-linear iter.: 124/500. Linear iter.: 4. Min. area: 0.000148452. Error: 2.91407e-11.
Computing volumes of the grid elements.
Min. volume: 0.000148452, max. volume: 36.6087.

# FGMRES residual history
# Residual tolerance target = 1e-10
# Initial residual norm     = 5.79026e-10
     0     1
# FGMRES final (true) residual:
# Iteration = 4: |res|/|res0| = 2.91408e-11.

Computing volumes of the grid elements.
Non-linear iter.: 125/500. Linear iter.: 4. Min. area: 0.000148452. Error: 2.91408e-11.
Computing volumes of the grid elements.
Min. volume: 0.000148452, max. volume: 36.6087.

# FGMRES residual history
# Residual tolerance target = 1e-10
# Initial residual norm     = 5.79023e-10
     0     1
# FGMRES final (true) residual:
# Iteration = 4: |res|/|res0| = 2.91409e-11.

Computing volumes of the grid elements.
Non-linear iter.: 126/500. Linear iter.: 4. Min. area: 0.000148452. Error: 2.91409e-11.
Computing volumes of the grid elements.
Min. volume: 0.000148452, max. volume: 36.6087.

# FGMRES residual history
# Residual tolerance target = 1e-10
# Initial residual norm     = 5.79021e-10
     0     1
# FGMRES final (true) residual:
# Iteration = 4: |res|/|res0| = 2.9141e-11.

Computing volumes of the grid elements.
Non-linear iter.: 127/500. Linear iter.: 4. Min. area: 0.000148452. Error: 2.9141e-11.
Computing volumes of the grid elements.
Min. volume: 0.000148452, max. volume: 36.6087.

# FGMRES residual history
# Residual tolerance target = 1e-10
# Initial residual norm     = 5.79019e-10
     0     1
# FGMRES final (true) residual:
# Iteration = 4: |res|/|res0| = 2.91411e-11.

Computing volumes of the grid elements.
Non-linear iter.: 128/500. Linear iter.: 4. Min. area: 0.000148452. Error: 2.91411e-11.
Computing volumes of the grid elements.
Min. volume: 0.000148452, max. volume: 36.6087.

# FGMRES residual history
# Residual tolerance target = 1e-10
# Initial residual norm     = 5.79016e-10
     0     1
# FGMRES final (true) residual:
# Iteration = 4: |res|/|res0| = 2.91412e-11.

Computing volumes of the grid elements.
Non-linear iter.: 129/500. Linear iter.: 4. Min. area: 0.000148452. Error: 2.91412e-11.
Computing volumes of the grid elements.
Min. volume: 0.000148452, max. volume: 36.6087.

# FGMRES residual history
# Residual tolerance target = 1e-10
# Initial residual norm     = 5.79014e-10
     0     1
# FGMRES final (true) residual:
# Iteration = 4: |res|/|res0| = 2.91412e-11.

Computing volumes of the grid elements.
Non-linear iter.: 130/500. Linear iter.: 4. Min. area: 0.000148452. Error: 2.91412e-11.
Computing volumes of the grid elements.
Min. volume: 0.000148452, max. volume: 36.6087.

# FGMRES residual history
# Residual tolerance target = 1e-10
# Initial residual norm     = 5.79012e-10
     0     1
# FGMRES final (true) residual:
# Iteration = 4: |res|/|res0| = 2.91413e-11.

Computing volumes of the grid elements.
Non-linear iter.: 131/500. Linear iter.: 4. Min. area: 0.000148452. Error: 2.91413e-11.
Computing volumes of the grid elements.
Min. volume: 0.000148452, max. volume: 36.6087.

# FGMRES residual history
# Residual tolerance target = 1e-10
# Initial residual norm     = 5.79009e-10
     0     1
# FGMRES final (true) residual:
# Iteration = 4: |res|/|res0| = 2.91414e-11.

Computing volumes of the grid elements.
Non-linear iter.: 132/500. Linear iter.: 4. Min. area: 0.000148452. Error: 2.91414e-11.
Computing volumes of the grid elements.
Min. volume: 0.000148452, max. volume: 36.6087.

# FGMRES residual history
# Residual tolerance target = 1e-10
# Initial residual norm     = 5.79007e-10
     0     1
# FGMRES final (true) residual:
# Iteration = 4: |res|/|res0| = 2.91415e-11.

Computing volumes of the grid elements.
Non-linear iter.: 133/500. Linear iter.: 4. Min. area: 0.000148452. Error: 2.91415e-11.
Computing volumes of the grid elements.
Min. volume: 0.000148452, max. volume: 36.6087.

# FGMRES residual history
# Residual tolerance target = 1e-10
# Initial residual norm     = 5.79005e-10
     0     1
# FGMRES final (true) residual:
# Iteration = 4: |res|/|res0| = 2.91416e-11.

Computing volumes of the grid elements.
Non-linear iter.: 134/500. Linear iter.: 4. Min. area: 0.000148452. Error: 2.91416e-11.
Computing volumes of the grid elements.
Min. volume: 0.000148452, max. volume: 36.6087.

# FGMRES residual history
# Residual tolerance target = 1e-10
# Initial residual norm     = 5.79002e-10
     0     1
# FGMRES final (true) residual:
# Iteration = 4: |res|/|res0| = 2.91417e-11.

Computing volumes of the grid elements.
Non-linear iter.: 135/500. Linear iter.: 4. Min. area: 0.000148452. Error: 2.91417e-11.
Computing volumes of the grid elements.
Min. volume: 0.000148452, max. volume: 36.6087.

# FGMRES residual history
# Residual tolerance target = 1e-10
# Initial residual norm     = 5.79e-10
     0     1
# FGMRES final (true) residual:
# Iteration = 4: |res|/|res0| = 2.91418e-11.

Computing volumes of the grid elements.
Non-linear iter.: 136/500. Linear iter.: 4. Min. area: 0.000148452. Error: 2.91418e-11.
Computing volumes of the grid elements.
Min. volume: 0.000148452, max. volume: 36.6087.

# FGMRES residual history
# Residual tolerance target = 1e-10
# Initial residual norm     = 5.78998e-10
     0     1
# FGMRES final (true) residual:
# Iteration = 4: |res|/|res0| = 2.91418e-11.

Computing volumes of the grid elements.
Non-linear iter.: 137/500. Linear iter.: 4. Min. area: 0.000148452. Error: 2.91418e-11.
Computing volumes of the grid elements.
Min. volume: 0.000148452, max. volume: 36.6087.

# FGMRES residual history
# Residual tolerance target = 1e-10
# Initial residual norm     = 5.78995e-10
     0     1
# FGMRES final (true) residual:
# Iteration = 4: |res|/|res0| = 2.91419e-11.

Computing volumes of the grid elements.
Non-linear iter.: 138/500. Linear iter.: 4. Min. area: 0.000148452. Error: 2.91419e-11.
Computing volumes of the grid elements.
Min. volume: 0.000148452, max. volume: 36.6087.

# FGMRES residual history
# Residual tolerance target = 1e-10
# Initial residual norm     = 5.78993e-10
     0     1
# FGMRES final (true) residual:
# Iteration = 4: |res|/|res0| = 2.9142e-11.

Computing volumes of the grid elements.
Non-linear iter.: 139/500. Linear iter.: 4. Min. area: 0.000148452. Error: 2.9142e-11.
Computing volumes of the grid elements.
Min. volume: 0.000148452, max. volume: 36.6087.

# FGMRES residual history
# Residual tolerance target = 1e-10
# Initial residual norm     = 5.78991e-10
     0     1
# FGMRES final (true) residual:
# Iteration = 4: |res|/|res0| = 2.91421e-11.

Computing volumes of the grid elements.
Non-linear iter.: 140/500. Linear iter.: 4. Min. area: 0.000148452. Error: 2.91421e-11.
Computing volumes of the grid elements.
Min. volume: 0.000148452, max. volume: 36.6087.

# FGMRES residual history
# Residual tolerance target = 1e-10
# Initial residual norm     = 5.78988e-10
     0     1
# FGMRES final (true) residual:
# Iteration = 4: |res|/|res0| = 2.91422e-11.

Computing volumes of the grid elements.
Non-linear iter.: 141/500. Linear iter.: 4. Min. area: 0.000148452. Error: 2.91422e-11.
Computing volumes of the grid elements.
Min. volume: 0.000148452, max. volume: 36.6087.

# FGMRES residual history
# Residual tolerance target = 1e-10
# Initial residual norm     = 5.78986e-10
     0     1
# FGMRES final (true) residual:
# Iteration = 4: |res|/|res0| = 2.91423e-11.

Computing volumes of the grid elements.
Non-linear iter.: 142/500. Linear iter.: 4. Min. area: 0.000148452. Error: 2.91423e-11.
Computing volumes of the grid elements.
Min. volume: 0.000148452, max. volume: 36.6087.

# FGMRES residual history
# Residual tolerance target = 1e-10
# Initial residual norm     = 5.78984e-10
     0     1
# FGMRES final (true) residual:
# Iteration = 4: |res|/|res0| = 2.91423e-11.

Computing volumes of the grid elements.
Non-linear iter.: 143/500. Linear iter.: 4. Min. area: 0.000148452. Error: 2.91423e-11.
Computing volumes of the grid elements.
Min. volume: 0.000148452, max. volume: 36.6087.

# FGMRES residual history
# Residual tolerance target = 1e-10
# Initial residual norm     = 5.78981e-10
     0     1
# FGMRES final (true) residual:
# Iteration = 4: |res|/|res0| = 2.91424e-11.

Computing volumes of the grid elements.
Non-linear iter.: 144/500. Linear iter.: 4. Min. area: 0.000148452. Error: 2.91424e-11.
Computing volumes of the grid elements.
Min. volume: 0.000148452, max. volume: 36.6087.

# FGMRES residual history
# Residual tolerance target = 1e-10
# Initial residual norm     = 5.78979e-10
     0     1
# FGMRES final (true) residual:
# Iteration = 4: |res|/|res0| = 2.91425e-11.

Computing volumes of the grid elements.
Non-linear iter.: 145/500. Linear iter.: 4. Min. area: 0.000148452. Error: 2.91425e-11.
Computing volumes of the grid elements.
Min. volume: 0.000148452, max. volume: 36.6087.

# FGMRES residual history
# Residual tolerance target = 1e-10
# Initial residual norm     = 5.78977e-10
     0     1
# FGMRES final (true) residual:
# Iteration = 4: |res|/|res0| = 2.91426e-11.

Computing volumes of the grid elements.
Non-linear iter.: 146/500. Linear iter.: 4. Min. area: 0.000148452. Error: 2.91426e-11.
Computing volumes of the grid elements.
Min. volume: 0.000148452, max. volume: 36.6087.

# FGMRES residual history
# Residual tolerance target = 1e-10
# Initial residual norm     = 5.78974e-10
     0     1
# FGMRES final (true) residual:
# Iteration = 4: |res|/|res0| = 2.91427e-11.

Computing volumes of the grid elements.
Non-linear iter.: 147/500. Linear iter.: 4. Min. area: 0.000148452. Error: 2.91427e-11.
Computing volumes of the grid elements.
Min. volume: 0.000148452, max. volume: 36.6087.

# FGMRES residual history
# Residual tolerance target = 1e-10
# Initial residual norm     = 5.78972e-10
     0     1
# FGMRES final (true) residual:
# Iteration = 4: |res|/|res0| = 2.91428e-11.

Computing volumes of the grid elements.
Non-linear iter.: 148/500. Linear iter.: 4. Min. area: 0.000148452. Error: 2.91428e-11.
Computing volumes of the grid elements.
Min. volume: 0.000148452, max. volume: 36.6087.

# FGMRES residual history
# Residual tolerance target = 1e-10
# Initial residual norm     = 5.7897e-10
     0     1
# FGMRES final (true) residual:
# Iteration = 4: |res|/|res0| = 2.91429e-11.

Computing volumes of the grid elements.
Non-linear iter.: 149/500. Linear iter.: 4. Min. area: 0.000148452. Error: 2.91429e-11.
Computing volumes of the grid elements.
Min. volume: 0.000148452, max. volume: 36.6087.

# FGMRES residual history
# Residual tolerance target = 1e-10
# Initial residual norm     = 5.78967e-10
     0     1
# FGMRES final (true) residual:
# Iteration = 4: |res|/|res0| = 2.91429e-11.

Computing volumes of the grid elements.
Non-linear iter.: 150/500. Linear iter.: 4. Min. area: 0.000148452. Error: 2.91429e-11.
Computing volumes of the grid elements.
Min. volume: 0.000148452, max. volume: 36.6087.

# FGMRES residual history
# Residual tolerance target = 1e-10
# Initial residual norm     = 5.78965e-10
     0     1
# FGMRES final (true) residual:
# Iteration = 4: |res|/|res0| = 2.9143e-11.

Computing volumes of the grid elements.
Non-linear iter.: 151/500. Linear iter.: 4. Min. area: 0.000148452. Error: 2.9143e-11.
Computing volumes of the grid elements.
Min. volume: 0.000148452, max. volume: 36.6087.

# FGMRES residual history
# Residual tolerance target = 1e-10
# Initial residual norm     = 5.78963e-10
     0     1
# FGMRES final (true) residual:
# Iteration = 4: |res|/|res0| = 2.91431e-11.

Computing volumes of the grid elements.
Non-linear iter.: 152/500. Linear iter.: 4. Min. area: 0.000148452. Error: 2.91431e-11.
Computing volumes of the grid elements.
Min. volume: 0.000148452, max. volume: 36.6087.

# FGMRES residual history
# Residual tolerance target = 1e-10
# Initial residual norm     = 5.7896e-10
     0     1
# FGMRES final (true) residual:
# Iteration = 4: |res|/|res0| = 2.91432e-11.

Computing volumes of the grid elements.
Non-linear iter.: 153/500. Linear iter.: 4. Min. area: 0.000148452. Error: 2.91432e-11.
Computing volumes of the grid elements.
Min. volume: 0.000148452, max. volume: 36.6087.

# FGMRES residual history
# Residual tolerance target = 1e-10
# Initial residual norm     = 5.78958e-10
     0     1
# FGMRES final (true) residual:
# Iteration = 4: |res|/|res0| = 2.91433e-11.

Computing volumes of the grid elements.
Non-linear iter.: 154/500. Linear iter.: 4. Min. area: 0.000148452. Error: 2.91433e-11.
Computing volumes of the grid elements.
Min. volume: 0.000148452, max. volume: 36.6087.

# FGMRES residual history
# Residual tolerance target = 1e-10
# Initial residual norm     = 5.78956e-10
     0     1
# FGMRES final (true) residual:
# Iteration = 4: |res|/|res0| = 2.91434e-11.

Computing volumes of the grid elements.
Non-linear iter.: 155/500. Linear iter.: 4. Min. area: 0.000148452. Error: 2.91434e-11.
Computing volumes of the grid elements.
Min. volume: 0.000148452, max. volume: 36.6087.

# FGMRES residual history
# Residual tolerance target = 1e-10
# Initial residual norm     = 5.78953e-10
     0     1
# FGMRES final (true) residual:
# Iteration = 4: |res|/|res0| = 2.91435e-11.

Computing volumes of the grid elements.
Non-linear iter.: 156/500. Linear iter.: 4. Min. area: 0.000148452. Error: 2.91435e-11.
Computing volumes of the grid elements.
Min. volume: 0.000148452, max. volume: 36.6087.

# FGMRES residual history
# Residual tolerance target = 1e-10
# Initial residual norm     = 5.78951e-10
     0     1
# FGMRES final (true) residual:
# Iteration = 4: |res|/|res0| = 2.91435e-11.

Computing volumes of the grid elements.
Non-linear iter.: 157/500. Linear iter.: 4. Min. area: 0.000148452. Error: 2.91435e-11.
Computing volumes of the grid elements.
Min. volume: 0.000148452, max. volume: 36.6087.

# FGMRES residual history
# Residual tolerance target = 1e-10
# Initial residual norm     = 5.78949e-10
     0     1
# FGMRES final (true) residual:
# Iteration = 4: |res|/|res0| = 2.91436e-11.

Computing volumes of the grid elements.
Non-linear iter.: 158/500. Linear iter.: 4. Min. area: 0.000148452. Error: 2.91436e-11.
Computing volumes of the grid elements.
Min. volume: 0.000148452, max. volume: 36.6087.

# FGMRES residual history
# Residual tolerance target = 1e-10
# Initial residual norm     = 5.78946e-10
     0     1
# FGMRES final (true) residual:
# Iteration = 4: |res|/|res0| = 2.91437e-11.

Computing volumes of the grid elements.
Non-linear iter.: 159/500. Linear iter.: 4. Min. area: 0.000148452. Error: 2.91437e-11.
Computing volumes of the grid elements.
Min. volume: 0.000148452, max. volume: 36.6087.

# FGMRES residual history
# Residual tolerance target = 1e-10
# Initial residual norm     = 5.78944e-10
     0     1
# FGMRES final (true) residual:
# Iteration = 4: |res|/|res0| = 2.91438e-11.

Computing volumes of the grid elements.
Non-linear iter.: 160/500. Linear iter.: 4. Min. area: 0.000148452. Error: 2.91438e-11.
Computing volumes of the grid elements.
Min. volume: 0.000148452, max. volume: 36.6087.

# FGMRES residual history
# Residual tolerance target = 1e-10
# Initial residual norm     = 5.78942e-10
     0     1
# FGMRES final (true) residual:
# Iteration = 4: |res|/|res0| = 2.91439e-11.

Computing volumes of the grid elements.
Non-linear iter.: 161/500. Linear iter.: 4. Min. area: 0.000148452. Error: 2.91439e-11.
Computing volumes of the grid elements.
Min. volume: 0.000148452, max. volume: 36.6087.

# FGMRES residual history
# Residual tolerance target = 1e-10
# Initial residual norm     = 5.78939e-10
     0     1
# FGMRES final (true) residual:
# Iteration = 4: |res|/|res0| = 2.9144e-11.

Computing volumes of the grid elements.
Non-linear iter.: 162/500. Linear iter.: 4. Min. area: 0.000148452. Error: 2.9144e-11.
Computing volumes of the grid elements.
Min. volume: 0.000148452, max. volume: 36.6087.

# FGMRES residual history
# Residual tolerance target = 1e-10
# Initial residual norm     = 5.78937e-10
     0     1
# FGMRES final (true) residual:
# Iteration = 4: |res|/|res0| = 2.9144e-11.

Computing volumes of the grid elements.
Non-linear iter.: 163/500. Linear iter.: 4. Min. area: 0.000148452. Error: 2.9144e-11.
Computing volumes of the grid elements.
Min. volume: 0.000148452, max. volume: 36.6087.

# FGMRES residual history
# Residual tolerance target = 1e-10
# Initial residual norm     = 5.78935e-10
     0     1
# FGMRES final (true) residual:
# Iteration = 4: |res|/|res0| = 2.91441e-11.

Computing volumes of the grid elements.
Non-linear iter.: 164/500. Linear iter.: 4. Min. area: 0.000148452. Error: 2.91441e-11.
Computing volumes of the grid elements.
Min. volume: 0.000148452, max. volume: 36.6087.

# FGMRES residual history
# Residual tolerance target = 1e-10
# Initial residual norm     = 5.78932e-10
     0     1
# FGMRES final (true) residual:
# Iteration = 4: |res|/|res0| = 2.91442e-11.

Computing volumes of the grid elements.
Non-linear iter.: 165/500. Linear iter.: 4. Min. area: 0.000148452. Error: 2.91442e-11.
Computing volumes of the grid elements.
Min. volume: 0.000148452, max. volume: 36.6087.

# FGMRES residual history
# Residual tolerance target = 1e-10
# Initial residual norm     = 5.7893e-10
     0     1
# FGMRES final (true) residual:
# Iteration = 4: |res|/|res0| = 2.91443e-11.

Computing volumes of the grid elements.
Non-linear iter.: 166/500. Linear iter.: 4. Min. area: 0.000148452. Error: 2.91443e-11.
Computing volumes of the grid elements.
Min. volume: 0.000148452, max. volume: 36.6087.

# FGMRES residual history
# Residual tolerance target = 1e-10
# Initial residual norm     = 5.78928e-10
     0     1
# FGMRES final (true) residual:
# Iteration = 4: |res|/|res0| = 2.91444e-11.

Computing volumes of the grid elements.
Non-linear iter.: 167/500. Linear iter.: 4. Min. area: 0.000148452. Error: 2.91444e-11.
Computing volumes of the grid elements.
Min. volume: 0.000148452, max. volume: 36.6087.

# FGMRES residual history
# Residual tolerance target = 1e-10
# Initial residual norm     = 5.78925e-10
     0     1
# FGMRES final (true) residual:
# Iteration = 4: |res|/|res0| = 2.91445e-11.

Computing volumes of the grid elements.
Non-linear iter.: 168/500. Linear iter.: 4. Min. area: 0.000148452. Error: 2.91445e-11.
Computing volumes of the grid elements.
Min. volume: 0.000148452, max. volume: 36.6087.

# FGMRES residual history
# Residual tolerance target = 1e-10
# Initial residual norm     = 5.78923e-10
     0     1
# FGMRES final (true) residual:
# Iteration = 4: |res|/|res0| = 2.91446e-11.

Computing volumes of the grid elements.
Non-linear iter.: 169/500. Linear iter.: 4. Min. area: 0.000148452. Error: 2.91446e-11.
Computing volumes of the grid elements.
Min. volume: 0.000148452, max. volume: 36.6087.

# FGMRES residual history
# Residual tolerance target = 1e-10
# Initial residual norm     = 5.78921e-10
     0     1
# FGMRES final (true) residual:
# Iteration = 4: |res|/|res0| = 2.91446e-11.

Computing volumes of the grid elements.
Non-linear iter.: 170/500. Linear iter.: 4. Min. area: 0.000148452. Error: 2.91446e-11.
Computing volumes of the grid elements.
Min. volume: 0.000148452, max. volume: 36.6087.

# FGMRES residual history
# Residual tolerance target = 1e-10
# Initial residual norm     = 5.78918e-10
     0     1
# FGMRES final (true) residual:
# Iteration = 4: |res|/|res0| = 2.91447e-11.

Computing volumes of the grid elements.
Non-linear iter.: 171/500. Linear iter.: 4. Min. area: 0.000148452. Error: 2.91447e-11.
Computing volumes of the grid elements.
Min. volume: 0.000148452, max. volume: 36.6087.

# FGMRES residual history
# Residual tolerance target = 1e-10
# Initial residual norm     = 5.78916e-10
     0     1
# FGMRES final (true) residual:
# Iteration = 4: |res|/|res0| = 2.91448e-11.

Computing volumes of the grid elements.
Non-linear iter.: 172/500. Linear iter.: 4. Min. area: 0.000148452. Error: 2.91448e-11.
Computing volumes of the grid elements.
Min. volume: 0.000148452, max. volume: 36.6087.

# FGMRES residual history
# Residual tolerance target = 1e-10
# Initial residual norm     = 5.78914e-10
     0     1
# FGMRES final (true) residual:
# Iteration = 4: |res|/|res0| = 2.91449e-11.

Computing volumes of the grid elements.
Non-linear iter.: 173/500. Linear iter.: 4. Min. area: 0.000148452. Error: 2.91449e-11.
Computing volumes of the grid elements.
Min. volume: 0.000148452, max. volume: 36.6087.

# FGMRES residual history
# Residual tolerance target = 1e-10
# Initial residual norm     = 5.78911e-10
     0     1
# FGMRES final (true) residual:
# Iteration = 4: |res|/|res0| = 2.9145e-11.

Computing volumes of the grid elements.
Non-linear iter.: 174/500. Linear iter.: 4. Min. area: 0.000148452. Error: 2.9145e-11.
Computing volumes of the grid elements.
Min. volume: 0.000148452, max. volume: 36.6087.

# FGMRES residual history
# Residual tolerance target = 1e-10
# Initial residual norm     = 5.78909e-10
     0     1
# FGMRES final (true) residual:
# Iteration = 4: |res|/|res0| = 2.91451e-11.

Computing volumes of the grid elements.
Non-linear iter.: 175/500. Linear iter.: 4. Min. area: 0.000148452. Error: 2.91451e-11.
Computing volumes of the grid elements.
Min. volume: 0.000148452, max. volume: 36.6087.

# FGMRES residual history
# Residual tolerance target = 1e-10
# Initial residual norm     = 5.78907e-10
     0     1
# FGMRES final (true) residual:
# Iteration = 4: |res|/|res0| = 2.91452e-11.

Computing volumes of the grid elements.
Non-linear iter.: 176/500. Linear iter.: 4. Min. area: 0.000148452. Error: 2.91452e-11.
Computing volumes of the grid elements.
Min. volume: 0.000148452, max. volume: 36.6087.

# FGMRES residual history
# Residual tolerance target = 1e-10
# Initial residual norm     = 5.78904e-10
     0     1
# FGMRES final (true) residual:
# Iteration = 4: |res|/|res0| = 2.91452e-11.

Computing volumes of the grid elements.
Non-linear iter.: 177/500. Linear iter.: 4. Min. area: 0.000148452. Error: 2.91452e-11.
Computing volumes of the grid elements.
Min. volume: 0.000148452, max. volume: 36.6087.

# FGMRES residual history
# Residual tolerance target = 1e-10
# Initial residual norm     = 5.78902e-10
     0     1
# FGMRES final (true) residual:
# Iteration = 4: |res|/|res0| = 2.91453e-11.

Computing volumes of the grid elements.
Non-linear iter.: 178/500. Linear iter.: 4. Min. area: 0.000148452. Error: 2.91453e-11.
Computing volumes of the grid elements.
Min. volume: 0.000148452, max. volume: 36.6087.

# FGMRES residual history
# Residual tolerance target = 1e-10
# Initial residual norm     = 5.789e-10
     0     1
# FGMRES final (true) residual:
# Iteration = 4: |res|/|res0| = 2.91454e-11.

Computing volumes of the grid elements.
Non-linear iter.: 179/500. Linear iter.: 4. Min. area: 0.000148452. Error: 2.91454e-11.
Computing volumes of the grid elements.
Min. volume: 0.000148452, max. volume: 36.6087.

# FGMRES residual history
# Residual tolerance target = 1e-10
# Initial residual norm     = 5.78897e-10
     0     1
# FGMRES final (true) residual:
# Iteration = 4: |res|/|res0| = 2.91455e-11.

Computing volumes of the grid elements.
Non-linear iter.: 180/500. Linear iter.: 4. Min. area: 0.000148452. Error: 2.91455e-11.
Computing volumes of the grid elements.
Min. volume: 0.000148452, max. volume: 36.6087.

# FGMRES residual history
# Residual tolerance target = 1e-10
# Initial residual norm     = 5.78895e-10
     0     1
# FGMRES final (true) residual:
# Iteration = 4: |res|/|res0| = 2.91456e-11.

Computing volumes of the grid elements.
Non-linear iter.: 181/500. Linear iter.: 4. Min. area: 0.000148452. Error: 2.91456e-11.
Computing volumes of the grid elements.
Min. volume: 0.000148452, max. volume: 36.6087.

# FGMRES residual history
# Residual tolerance target = 1e-10
# Initial residual norm     = 5.78893e-10
     0     1
# FGMRES final (true) residual:
# Iteration = 4: |res|/|res0| = 2.91457e-11.

Computing volumes of the grid elements.
Non-linear iter.: 182/500. Linear iter.: 4. Min. area: 0.000148452. Error: 2.91457e-11.
Computing volumes of the grid elements.
Min. volume: 0.000148452, max. volume: 36.6087.

# FGMRES residual history
# Residual tolerance target = 1e-10
# Initial residual norm     = 5.7889e-10
     0     1
# FGMRES final (true) residual:
# Iteration = 4: |res|/|res0| = 2.91457e-11.

Computing volumes of the grid elements.
Non-linear iter.: 183/500. Linear iter.: 4. Min. area: 0.000148452. Error: 2.91457e-11.
Computing volumes of the grid elements.
Min. volume: 0.000148452, max. volume: 36.6087.

# FGMRES residual history
# Residual tolerance target = 1e-10
# Initial residual norm     = 5.78888e-10
     0     1
# FGMRES final (true) residual:
# Iteration = 4: |res|/|res0| = 2.91458e-11.

Computing volumes of the grid elements.
Non-linear iter.: 184/500. Linear iter.: 4. Min. area: 0.000148452. Error: 2.91458e-11.
Computing volumes of the grid elements.
Min. volume: 0.000148452, max. volume: 36.6087.

# FGMRES residual history
# Residual tolerance target = 1e-10
# Initial residual norm     = 5.78886e-10
     0     1
# FGMRES final (true) residual:
# Iteration = 4: |res|/|res0| = 2.91459e-11.

Computing volumes of the grid elements.
Non-linear iter.: 185/500. Linear iter.: 4. Min. area: 0.000148452. Error: 2.91459e-11.
Computing volumes of the grid elements.
Min. volume: 0.000148452, max. volume: 36.6087.

# FGMRES residual history
# Residual tolerance target = 1e-10
# Initial residual norm     = 5.78883e-10
     0     1
# FGMRES final (true) residual:
# Iteration = 4: |res|/|res0| = 2.9146e-11.

Computing volumes of the grid elements.
Non-linear iter.: 186/500. Linear iter.: 4. Min. area: 0.000148452. Error: 2.9146e-11.
Computing volumes of the grid elements.
Min. volume: 0.000148452, max. volume: 36.6087.

# FGMRES residual history
# Residual tolerance target = 1e-10
# Initial residual norm     = 5.78881e-10
     0     1
# FGMRES final (true) residual:
# Iteration = 4: |res|/|res0| = 2.91461e-11.

Computing volumes of the grid elements.
Non-linear iter.: 187/500. Linear iter.: 4. Min. area: 0.000148452. Error: 2.91461e-11.
Computing volumes of the grid elements.
Min. volume: 0.000148452, max. volume: 36.6087.

# FGMRES residual history
# Residual tolerance target = 1e-10
# Initial residual norm     = 5.78879e-10
     0     1
# FGMRES final (true) residual:
# Iteration = 4: |res|/|res0| = 2.91462e-11.

Computing volumes of the grid elements.
Non-linear iter.: 188/500. Linear iter.: 4. Min. area: 0.000148452. Error: 2.91462e-11.
Computing volumes of the grid elements.
Min. volume: 0.000148452, max. volume: 36.6087.

# FGMRES residual history
# Residual tolerance target = 1e-10
# Initial residual norm     = 5.78877e-10
     0     1
# FGMRES final (true) residual:
# Iteration = 4: |res|/|res0| = 2.91463e-11.

Computing volumes of the grid elements.
Non-linear iter.: 189/500. Linear iter.: 4. Min. area: 0.000148452. Error: 2.91463e-11.
Computing volumes of the grid elements.
Min. volume: 0.000148452, max. volume: 36.6087.

# FGMRES residual history
# Residual tolerance target = 1e-10
# Initial residual norm     = 5.78874e-10
     0     1
# FGMRES final (true) residual:
# Iteration = 4: |res|/|res0| = 2.91463e-11.

Computing volumes of the grid elements.
Non-linear iter.: 190/500. Linear iter.: 4. Min. area: 0.000148452. Error: 2.91463e-11.
Computing volumes of the grid elements.
Min. volume: 0.000148452, max. volume: 36.6087.

# FGMRES residual history
# Residual tolerance target = 1e-10
# Initial residual norm     = 5.78872e-10
     0     1
# FGMRES final (true) residual:
# Iteration = 4: |res|/|res0| = 2.91464e-11.

Computing volumes of the grid elements.
Non-linear iter.: 191/500. Linear iter.: 4. Min. area: 0.000148452. Error: 2.91464e-11.
Computing volumes of the grid elements.
Min. volume: 0.000148452, max. volume: 36.6087.

# FGMRES residual history
# Residual tolerance target = 1e-10
# Initial residual norm     = 5.7887e-10
     0     1
# FGMRES final (true) residual:
# Iteration = 4: |res|/|res0| = 2.91465e-11.

Computing volumes of the grid elements.
Non-linear iter.: 192/500. Linear iter.: 4. Min. area: 0.000148452. Error: 2.91465e-11.
Computing volumes of the grid elements.
Min. volume: 0.000148452, max. volume: 36.6087.

# FGMRES residual history
# Residual tolerance target = 1e-10
# Initial residual norm     = 5.78867e-10
     0     1
# FGMRES final (true) residual:
# Iteration = 4: |res|/|res0| = 2.91466e-11.

Computing volumes of the grid elements.
Non-linear iter.: 193/500. Linear iter.: 4. Min. area: 0.000148452. Error: 2.91466e-11.
Computing volumes of the grid elements.
Min. volume: 0.000148452, max. volume: 36.6087.

# FGMRES residual history
# Residual tolerance target = 1e-10
# Initial residual norm     = 5.78865e-10
     0     1
# FGMRES final (true) residual:
# Iteration = 4: |res|/|res0| = 2.91467e-11.

Computing volumes of the grid elements.
Non-linear iter.: 194/500. Linear iter.: 4. Min. area: 0.000148452. Error: 2.91467e-11.
Computing volumes of the grid elements.
Min. volume: 0.000148452, max. volume: 36.6087.

# FGMRES residual history
# Residual tolerance target = 1e-10
# Initial residual norm     = 5.78863e-10
     0     1
# FGMRES final (true) residual:
# Iteration = 4: |res|/|res0| = 2.91468e-11.

Computing volumes of the grid elements.
Non-linear iter.: 195/500. Linear iter.: 4. Min. area: 0.000148452. Error: 2.91468e-11.
Computing volumes of the grid elements.
Min. volume: 0.000148452, max. volume: 36.6087.

# FGMRES residual history
# Residual tolerance target = 1e-10
# Initial residual norm     = 5.7886e-10
     0     1
# FGMRES final (true) residual:
# Iteration = 4: |res|/|res0| = 2.91468e-11.

Computing volumes of the grid elements.
Non-linear iter.: 196/500. Linear iter.: 4. Min. area: 0.000148452. Error: 2.91468e-11.
Computing volumes of the grid elements.
Min. volume: 0.000148452, max. volume: 36.6087.

# FGMRES residual history
# Residual tolerance target = 1e-10
# Initial residual norm     = 5.78858e-10
     0     1
# FGMRES final (true) residual:
# Iteration = 4: |res|/|res0| = 2.91469e-11.

Computing volumes of the grid elements.
Non-linear iter.: 197/500. Linear iter.: 4. Min. area: 0.000148452. Error: 2.91469e-11.
Computing volumes of the grid elements.
Min. volume: 0.000148452, max. volume: 36.6087.

# FGMRES residual history
# Residual tolerance target = 1e-10
# Initial residual norm     = 5.78856e-10
     0     1
# FGMRES final (true) residual:
# Iteration = 4: |res|/|res0| = 2.9147e-11.

Computing volumes of the grid elements.
Non-linear iter.: 198/500. Linear iter.: 4. Min. area: 0.000148452. Error: 2.9147e-11.
Computing volumes of the grid elements.
Min. volume: 0.000148452, max. volume: 36.6087.

# FGMRES residual history
# Residual tolerance target = 1e-10
# Initial residual norm     = 5.78853e-10
     0     1
# FGMRES final (true) residual:
# Iteration = 4: |res|/|res0| = 2.91471e-11.

Computing volumes of the grid elements.
Non-linear iter.: 199/500. Linear iter.: 4. Min. area: 0.000148452. Error: 2.91471e-11.
Computing volumes of the grid elements.
Min. volume: 0.000148452, max. volume: 36.6087.

# FGMRES residual history
# Residual tolerance target = 1e-10
# Initial residual norm     = 5.78851e-10
     0     1
# FGMRES final (true) residual:
# Iteration = 4: |res|/|res0| = 2.91472e-11.

Computing volumes of the grid elements.
Non-linear iter.: 200/500. Linear iter.: 4. Min. area: 0.000148452. Error: 2.91472e-11.
Computing volumes of the grid elements.
Min. volume: 0.000148452, max. volume: 36.6087.

# FGMRES residual history
# Residual tolerance target = 1e-10
# Initial residual norm     = 5.78849e-10
     0     1
# FGMRES final (true) residual:
# Iteration = 4: |res|/|res0| = 2.91473e-11.

Computing volumes of the grid elements.
Non-linear iter.: 201/500. Linear iter.: 4. Min. area: 0.000148452. Error: 2.91473e-11.
Computing volumes of the grid elements.
Min. volume: 0.000148452, max. volume: 36.6087.

# FGMRES residual history
# Residual tolerance target = 1e-10
# Initial residual norm     = 5.78846e-10
     0     1
# FGMRES final (true) residual:
# Iteration = 4: |res|/|res0| = 2.91474e-11.

Computing volumes of the grid elements.
Non-linear iter.: 202/500. Linear iter.: 4. Min. area: 0.000148452. Error: 2.91474e-11.
Computing volumes of the grid elements.
Min. volume: 0.000148452, max. volume: 36.6087.

# FGMRES residual history
# Residual tolerance target = 1e-10
# Initial residual norm     = 5.78844e-10
     0     1
# FGMRES final (true) residual:
# Iteration = 4: |res|/|res0| = 2.91474e-11.

Computing volumes of the grid elements.
Non-linear iter.: 203/500. Linear iter.: 4. Min. area: 0.000148452. Error: 2.91474e-11.
Computing volumes of the grid elements.
Min. volume: 0.000148452, max. volume: 36.6087.

# FGMRES residual history
# Residual tolerance target = 1e-10
# Initial residual norm     = 5.78842e-10
     0     1
# FGMRES final (true) residual:
# Iteration = 4: |res|/|res0| = 2.91475e-11.

Computing volumes of the grid elements.
Non-linear iter.: 204/500. Linear iter.: 4. Min. area: 0.000148452. Error: 2.91475e-11.
Computing volumes of the grid elements.
Min. volume: 0.000148452, max. volume: 36.6087.

# FGMRES residual history
# Residual tolerance target = 1e-10
# Initial residual norm     = 5.78839e-10
     0     1
# FGMRES final (true) residual:
# Iteration = 4: |res|/|res0| = 2.91476e-11.

Computing volumes of the grid elements.
Non-linear iter.: 205/500. Linear iter.: 4. Min. area: 0.000148452. Error: 2.91476e-11.
Computing volumes of the grid elements.
Min. volume: 0.000148452, max. volume: 36.6087.

# FGMRES residual history
# Residual tolerance target = 1e-10
# Initial residual norm     = 5.78837e-10
     0     1
# FGMRES final (true) residual:
# Iteration = 4: |res|/|res0| = 2.91477e-11.

Computing volumes of the grid elements.
Non-linear iter.: 206/500. Linear iter.: 4. Min. area: 0.000148452. Error: 2.91477e-11.
Computing volumes of the grid elements.
Min. volume: 0.000148452, max. volume: 36.6087.

# FGMRES residual history
# Residual tolerance target = 1e-10
# Initial residual norm     = 5.78835e-10
     0     1
# FGMRES final (true) residual:
# Iteration = 4: |res|/|res0| = 2.91478e-11.

Computing volumes of the grid elements.
Non-linear iter.: 207/500. Linear iter.: 4. Min. area: 0.000148452. Error: 2.91478e-11.
Computing volumes of the grid elements.
Min. volume: 0.000148452, max. volume: 36.6087.

# FGMRES residual history
# Residual tolerance target = 1e-10
# Initial residual norm     = 5.78832e-10
     0     1
# FGMRES final (true) residual:
# Iteration = 4: |res|/|res0| = 2.91479e-11.

Computing volumes of the grid elements.
Non-linear iter.: 208/500. Linear iter.: 4. Min. area: 0.000148452. Error: 2.91479e-11.
Computing volumes of the grid elements.
Min. volume: 0.000148452, max. volume: 36.6087.

# FGMRES residual history
# Residual tolerance target = 1e-10
# Initial residual norm     = 5.7883e-10
     0     1
# FGMRES final (true) residual:
# Iteration = 4: |res|/|res0| = 2.91479e-11.

Computing volumes of the grid elements.
Non-linear iter.: 209/500. Linear iter.: 4. Min. area: 0.000148452. Error: 2.91479e-11.
Computing volumes of the grid elements.
Min. volume: 0.000148452, max. volume: 36.6087.

# FGMRES residual history
# Residual tolerance target = 1e-10
# Initial residual norm     = 5.78828e-10
     0     1
# FGMRES final (true) residual:
# Iteration = 4: |res|/|res0| = 2.9148e-11.

Computing volumes of the grid elements.
Non-linear iter.: 210/500. Linear iter.: 4. Min. area: 0.000148452. Error: 2.9148e-11.
Computing volumes of the grid elements.
Min. volume: 0.000148452, max. volume: 36.6087.

# FGMRES residual history
# Residual tolerance target = 1e-10
# Initial residual norm     = 5.78825e-10
     0     1
# FGMRES final (true) residual:
# Iteration = 4: |res|/|res0| = 2.91481e-11.

Computing volumes of the grid elements.
Non-linear iter.: 211/500. Linear iter.: 4. Min. area: 0.000148452. Error: 2.91481e-11.
Computing volumes of the grid elements.
Min. volume: 0.000148452, max. volume: 36.6087.

# FGMRES residual history
# Residual tolerance target = 1e-10
# Initial residual norm     = 5.78823e-10
     0     1
# FGMRES final (true) residual:
# Iteration = 4: |res|/|res0| = 2.91482e-11.

Computing volumes of the grid elements.
Non-linear iter.: 212/500. Linear iter.: 4. Min. area: 0.000148452. Error: 2.91482e-11.
Computing volumes of the grid elements.
Min. volume: 0.000148452, max. volume: 36.6087.

# FGMRES residual history
# Residual tolerance target = 1e-10
# Initial residual norm     = 5.78821e-10
     0     1
# FGMRES final (true) residual:
# Iteration = 4: |res|/|res0| = 2.91483e-11.

Computing volumes of the grid elements.
Non-linear iter.: 213/500. Linear iter.: 4. Min. area: 0.000148452. Error: 2.91483e-11.
Computing volumes of the grid elements.
Min. volume: 0.000148452, max. volume: 36.6087.

# FGMRES residual history
# Residual tolerance target = 1e-10
# Initial residual norm     = 5.78818e-10
     0     1
# FGMRES final (true) residual:
# Iteration = 4: |res|/|res0| = 2.91484e-11.

Computing volumes of the grid elements.
Non-linear iter.: 214/500. Linear iter.: 4. Min. area: 0.000148452. Error: 2.91484e-11.
Computing volumes of the grid elements.
Min. volume: 0.000148452, max. volume: 36.6087.

# FGMRES residual history
# Residual tolerance target = 1e-10
# Initial residual norm     = 5.78816e-10
     0     1
# FGMRES final (true) residual:
# Iteration = 4: |res|/|res0| = 2.91485e-11.

Computing volumes of the grid elements.
Non-linear iter.: 215/500. Linear iter.: 4. Min. area: 0.000148452. Error: 2.91485e-11.
Computing volumes of the grid elements.
Min. volume: 0.000148452, max. volume: 36.6087.

# FGMRES residual history
# Residual tolerance target = 1e-10
# Initial residual norm     = 5.78814e-10
     0     1
# FGMRES final (true) residual:
# Iteration = 4: |res|/|res0| = 2.91485e-11.

Computing volumes of the grid elements.
Non-linear iter.: 216/500. Linear iter.: 4. Min. area: 0.000148452. Error: 2.91485e-11.
Computing volumes of the grid elements.
Min. volume: 0.000148452, max. volume: 36.6087.

# FGMRES residual history
# Residual tolerance target = 1e-10
# Initial residual norm     = 5.78812e-10
     0     1
# FGMRES final (true) residual:
# Iteration = 4: |res|/|res0| = 2.91486e-11.

Computing volumes of the grid elements.
Non-linear iter.: 217/500. Linear iter.: 4. Min. area: 0.000148452. Error: 2.91486e-11.
Computing volumes of the grid elements.
Min. volume: 0.000148452, max. volume: 36.6087.

# FGMRES residual history
# Residual tolerance target = 1e-10
# Initial residual norm     = 5.78809e-10
     0     1
# FGMRES final (true) residual:
# Iteration = 4: |res|/|res0| = 2.91487e-11.

Computing volumes of the grid elements.
Non-linear iter.: 218/500. Linear iter.: 4. Min. area: 0.000148452. Error: 2.91487e-11.
Computing volumes of the grid elements.
Min. volume: 0.000148452, max. volume: 36.6087.

# FGMRES residual history
# Residual tolerance target = 1e-10
# Initial residual norm     = 5.78807e-10
     0     1
# FGMRES final (true) residual:
# Iteration = 4: |res|/|res0| = 2.91488e-11.

Computing volumes of the grid elements.
Non-linear iter.: 219/500. Linear iter.: 4. Min. area: 0.000148452. Error: 2.91488e-11.
Computing volumes of the grid elements.
Min. volume: 0.000148452, max. volume: 36.6087.

# FGMRES residual history
# Residual tolerance target = 1e-10
# Initial residual norm     = 5.78805e-10
     0     1
# FGMRES final (true) residual:
# Iteration = 4: |res|/|res0| = 2.91489e-11.

Computing volumes of the grid elements.
Non-linear iter.: 220/500. Linear iter.: 4. Min. area: 0.000148452. Error: 2.91489e-11.
Computing volumes of the grid elements.
Min. volume: 0.000148452, max. volume: 36.6087.

# FGMRES residual history
# Residual tolerance target = 1e-10
# Initial residual norm     = 5.78802e-10
     0     1
# FGMRES final (true) residual:
# Iteration = 4: |res|/|res0| = 2.9149e-11.

Computing volumes of the grid elements.
Non-linear iter.: 221/500. Linear iter.: 4. Min. area: 0.000148452. Error: 2.9149e-11.
Computing volumes of the grid elements.
Min. volume: 0.000148452, max. volume: 36.6087.

# FGMRES residual history
# Residual tolerance target = 1e-10
# Initial residual norm     = 5.788e-10
     0     1
# FGMRES final (true) residual:
# Iteration = 4: |res|/|res0| = 2.9149e-11.

Computing volumes of the grid elements.
Non-linear iter.: 222/500. Linear iter.: 4. Min. area: 0.000148452. Error: 2.9149e-11.
Computing volumes of the grid elements.
Min. volume: 0.000148452, max. volume: 36.6087.

# FGMRES residual history
# Residual tolerance target = 1e-10
# Initial residual norm     = 5.78798e-10
     0     1
# FGMRES final (true) residual:
# Iteration = 4: |res|/|res0| = 2.91491e-11.

Computing volumes of the grid elements.
Non-linear iter.: 223/500. Linear iter.: 4. Min. area: 0.000148452. Error: 2.91491e-11.
Computing volumes of the grid elements.
Min. volume: 0.000148452, max. volume: 36.6087.

# FGMRES residual history
# Residual tolerance target = 1e-10
# Initial residual norm     = 5.78795e-10
     0     1
# FGMRES final (true) residual:
# Iteration = 4: |res|/|res0| = 2.91492e-11.

Computing volumes of the grid elements.
Non-linear iter.: 224/500. Linear iter.: 4. Min. area: 0.000148452. Error: 2.91492e-11.
Computing volumes of the grid elements.
Min. volume: 0.000148452, max. volume: 36.6087.

# FGMRES residual history
# Residual tolerance target = 1e-10
# Initial residual norm     = 5.78793e-10
     0     1
# FGMRES final (true) residual:
# Iteration = 4: |res|/|res0| = 2.91493e-11.

Computing volumes of the grid elements.
Non-linear iter.: 225/500. Linear iter.: 4. Min. area: 0.000148452. Error: 2.91493e-11.
Computing volumes of the grid elements.
Min. volume: 0.000148452, max. volume: 36.6087.

# FGMRES residual history
# Residual tolerance target = 1e-10
# Initial residual norm     = 5.78791e-10
     0     1
# FGMRES final (true) residual:
# Iteration = 4: |res|/|res0| = 2.91494e-11.

Computing volumes of the grid elements.
Non-linear iter.: 226/500. Linear iter.: 4. Min. area: 0.000148452. Error: 2.91494e-11.
Computing volumes of the grid elements.
Min. volume: 0.000148452, max. volume: 36.6087.

# FGMRES residual history
# Residual tolerance target = 1e-10
# Initial residual norm     = 5.78788e-10
     0     1
# FGMRES final (true) residual:
# Iteration = 4: |res|/|res0| = 2.91495e-11.

Computing volumes of the grid elements.
Non-linear iter.: 227/500. Linear iter.: 4. Min. area: 0.000148452. Error: 2.91495e-11.
Computing volumes of the grid elements.
Min. volume: 0.000148452, max. volume: 36.6087.

# FGMRES residual history
# Residual tolerance target = 1e-10
# Initial residual norm     = 5.78786e-10
     0     1
# FGMRES final (true) residual:
# Iteration = 4: |res|/|res0| = 2.91495e-11.

Computing volumes of the grid elements.
Non-linear iter.: 228/500. Linear iter.: 4. Min. area: 0.000148452. Error: 2.91495e-11.
Computing volumes of the grid elements.
Min. volume: 0.000148452, max. volume: 36.6087.

# FGMRES residual history
# Residual tolerance target = 1e-10
# Initial residual norm     = 5.78784e-10
     0     1
# FGMRES final (true) residual:
# Iteration = 4: |res|/|res0| = 2.91496e-11.

Computing volumes of the grid elements.
Non-linear iter.: 229/500. Linear iter.: 4. Min. area: 0.000148452. Error: 2.91496e-11.
Computing volumes of the grid elements.
Min. volume: 0.000148452, max. volume: 36.6087.

# FGMRES residual history
# Residual tolerance target = 1e-10
# Initial residual norm     = 5.78781e-10
     0     1
# FGMRES final (true) residual:
# Iteration = 4: |res|/|res0| = 2.91497e-11.

Computing volumes of the grid elements.
Non-linear iter.: 230/500. Linear iter.: 4. Min. area: 0.000148452. Error: 2.91497e-11.
Computing volumes of the grid elements.
Min. volume: 0.000148452, max. volume: 36.6087.

# FGMRES residual history
# Residual tolerance target = 1e-10
# Initial residual norm     = 5.78779e-10
     0     1
# FGMRES final (true) residual:
# Iteration = 4: |res|/|res0| = 2.91498e-11.

Computing volumes of the grid elements.
Non-linear iter.: 231/500. Linear iter.: 4. Min. area: 0.000148452. Error: 2.91498e-11.
Computing volumes of the grid elements.
Min. volume: 0.000148452, max. volume: 36.6087.

# FGMRES residual history
# Residual tolerance target = 1e-10
# Initial residual norm     = 5.78777e-10
     0     1
# FGMRES final (true) residual:
# Iteration = 4: |res|/|res0| = 2.91499e-11.

Computing volumes of the grid elements.
Non-linear iter.: 232/500. Linear iter.: 4. Min. area: 0.000148452. Error: 2.91499e-11.
Computing volumes of the grid elements.
Min. volume: 0.000148452, max. volume: 36.6087.

# FGMRES residual history
# Residual tolerance target = 1e-10
# Initial residual norm     = 5.78774e-10
     0     1
# FGMRES final (true) residual:
# Iteration = 4: |res|/|res0| = 2.915e-11.

Computing volumes of the grid elements.
Non-linear iter.: 233/500. Linear iter.: 4. Min. area: 0.000148452. Error: 2.915e-11.
Computing volumes of the grid elements.
Min. volume: 0.000148452, max. volume: 36.6087.

# FGMRES residual history
# Residual tolerance target = 1e-10
# Initial residual norm     = 5.78772e-10
     0     1
# FGMRES final (true) residual:
# Iteration = 4: |res|/|res0| = 2.91501e-11.

Computing volumes of the grid elements.
Non-linear iter.: 234/500. Linear iter.: 4. Min. area: 0.000148452. Error: 2.91501e-11.
Computing volumes of the grid elements.
Min. volume: 0.000148452, max. volume: 36.6087.

# FGMRES residual history
# Residual tolerance target = 1e-10
# Initial residual norm     = 5.7877e-10
     0     1
# FGMRES final (true) residual:
# Iteration = 4: |res|/|res0| = 2.91501e-11.

Computing volumes of the grid elements.
Non-linear iter.: 235/500. Linear iter.: 4. Min. area: 0.000148452. Error: 2.91501e-11.
Computing volumes of the grid elements.
Min. volume: 0.000148452, max. volume: 36.6087.

# FGMRES residual history
# Residual tolerance target = 1e-10
# Initial residual norm     = 5.78767e-10
     0     1
# FGMRES final (true) residual:
# Iteration = 4: |res|/|res0| = 2.91502e-11.

Computing volumes of the grid elements.
Non-linear iter.: 236/500. Linear iter.: 4. Min. area: 0.000148452. Error: 2.91502e-11.
Computing volumes of the grid elements.
Min. volume: 0.000148452, max. volume: 36.6087.

# FGMRES residual history
# Residual tolerance target = 1e-10
# Initial residual norm     = 5.78765e-10
     0     1
# FGMRES final (true) residual:
# Iteration = 4: |res|/|res0| = 2.91503e-11.

Computing volumes of the grid elements.
Non-linear iter.: 237/500. Linear iter.: 4. Min. area: 0.000148452. Error: 2.91503e-11.
Computing volumes of the grid elements.
Min. volume: 0.000148452, max. volume: 36.6087.

# FGMRES residual history
# Residual tolerance target = 1e-10
# Initial residual norm     = 5.78763e-10
     0     1
# FGMRES final (true) residual:
# Iteration = 4: |res|/|res0| = 2.91504e-11.

Computing volumes of the grid elements.
Non-linear iter.: 238/500. Linear iter.: 4. Min. area: 0.000148452. Error: 2.91504e-11.
Computing volumes of the grid elements.
Min. volume: 0.000148452, max. volume: 36.6087.

# FGMRES residual history
# Residual tolerance target = 1e-10
# Initial residual norm     = 5.78761e-10
     0     1
# FGMRES final (true) residual:
# Iteration = 4: |res|/|res0| = 2.91505e-11.

Computing volumes of the grid elements.
Non-linear iter.: 239/500. Linear iter.: 4. Min. area: 0.000148452. Error: 2.91505e-11.
Computing volumes of the grid elements.
Min. volume: 0.000148452, max. volume: 36.6087.

# FGMRES residual history
# Residual tolerance target = 1e-10
# Initial residual norm     = 5.78758e-10
     0     1
# FGMRES final (true) residual:
# Iteration = 4: |res|/|res0| = 2.91506e-11.

Computing volumes of the grid elements.
Non-linear iter.: 240/500. Linear iter.: 4. Min. area: 0.000148452. Error: 2.91506e-11.
Computing volumes of the grid elements.
Min. volume: 0.000148452, max. volume: 36.6087.

# FGMRES residual history
# Residual tolerance target = 1e-10
# Initial residual norm     = 5.78756e-10
     0     1
# FGMRES final (true) residual:
# Iteration = 4: |res|/|res0| = 2.91506e-11.

Computing volumes of the grid elements.
Non-linear iter.: 241/500. Linear iter.: 4. Min. area: 0.000148452. Error: 2.91506e-11.
Computing volumes of the grid elements.
Min. volume: 0.000148452, max. volume: 36.6087.

# FGMRES residual history
# Residual tolerance target = 1e-10
# Initial residual norm     = 5.78754e-10
     0     1
# FGMRES final (true) residual:
# Iteration = 4: |res|/|res0| = 2.91507e-11.

Computing volumes of the grid elements.
Non-linear iter.: 242/500. Linear iter.: 4. Min. area: 0.000148452. Error: 2.91507e-11.
Computing volumes of the grid elements.
Min. volume: 0.000148452, max. volume: 36.6087.

# FGMRES residual history
# Residual tolerance target = 1e-10
# Initial residual norm     = 5.78751e-10
     0     1
# FGMRES final (true) residual:
# Iteration = 4: |res|/|res0| = 2.91508e-11.

Computing volumes of the grid elements.
Non-linear iter.: 243/500. Linear iter.: 4. Min. area: 0.000148452. Error: 2.91508e-11.
Computing volumes of the grid elements.
Min. volume: 0.000148452, max. volume: 36.6087.

# FGMRES residual history
# Residual tolerance target = 1e-10
# Initial residual norm     = 5.78749e-10
     0     1
# FGMRES final (true) residual:
# Iteration = 4: |res|/|res0| = 2.91509e-11.

Computing volumes of the grid elements.
Non-linear iter.: 244/500. Linear iter.: 4. Min. area: 0.000148452. Error: 2.91509e-11.
Computing volumes of the grid elements.
Min. volume: 0.000148452, max. volume: 36.6087.

# FGMRES residual history
# Residual tolerance target = 1e-10
# Initial residual norm     = 5.78747e-10
     0     1
# FGMRES final (true) residual:
# Iteration = 4: |res|/|res0| = 2.9151e-11.

Computing volumes of the grid elements.
Non-linear iter.: 245/500. Linear iter.: 4. Min. area: 0.000148452. Error: 2.9151e-11.
Computing volumes of the grid elements.
Min. volume: 0.000148452, max. volume: 36.6087.

# FGMRES residual history
# Residual tolerance target = 1e-10
# Initial residual norm     = 5.78744e-10
     0     1
# FGMRES final (true) residual:
# Iteration = 4: |res|/|res0| = 2.91511e-11.

Computing volumes of the grid elements.
Non-linear iter.: 246/500. Linear iter.: 4. Min. area: 0.000148452. Error: 2.91511e-11.
Computing volumes of the grid elements.
Min. volume: 0.000148452, max. volume: 36.6087.

# FGMRES residual history
# Residual tolerance target = 1e-10
# Initial residual norm     = 5.78742e-10
     0     1
# FGMRES final (true) residual:
# Iteration = 4: |res|/|res0| = 2.91511e-11.

Computing volumes of the grid elements.
Non-linear iter.: 247/500. Linear iter.: 4. Min. area: 0.000148452. Error: 2.91511e-11.
Computing volumes of the grid elements.
Min. volume: 0.000148452, max. volume: 36.6087.

# FGMRES residual history
# Residual tolerance target = 1e-10
# Initial residual norm     = 5.7874e-10
     0     1
# FGMRES final (true) residual:
# Iteration = 4: |res|/|res0| = 2.91512e-11.

Computing volumes of the grid elements.
Non-linear iter.: 248/500. Linear iter.: 4. Min. area: 0.000148452. Error: 2.91512e-11.
Computing volumes of the grid elements.
Min. volume: 0.000148452, max. volume: 36.6087.

# FGMRES residual history
# Residual tolerance target = 1e-10
# Initial residual norm     = 5.78737e-10
     0     1
# FGMRES final (true) residual:
# Iteration = 4: |res|/|res0| = 2.91513e-11.

Computing volumes of the grid elements.
Non-linear iter.: 249/500. Linear iter.: 4. Min. area: 0.000148452. Error: 2.91513e-11.
Computing volumes of the grid elements.
Min. volume: 0.000148452, max. volume: 36.6087.

# FGMRES residual history
# Residual tolerance target = 1e-10
# Initial residual norm     = 5.78735e-10
     0     1
# FGMRES final (true) residual:
# Iteration = 4: |res|/|res0| = 2.91514e-11.

Computing volumes of the grid elements.
Non-linear iter.: 250/500. Linear iter.: 4. Min. area: 0.000148452. Error: 2.91514e-11.
Computing volumes of the grid elements.
Min. volume: 0.000148452, max. volume: 36.6087.

# FGMRES residual history
# Residual tolerance target = 1e-10
# Initial residual norm     = 5.78733e-10
     0     1
# FGMRES final (true) residual:
# Iteration = 4: |res|/|res0| = 2.91515e-11.

Computing volumes of the grid elements.
Non-linear iter.: 251/500. Linear iter.: 4. Min. area: 0.000148452. Error: 2.91515e-11.
Computing volumes of the grid elements.
Min. volume: 0.000148452, max. volume: 36.6087.

# FGMRES residual history
# Residual tolerance target = 1e-10
# Initial residual norm     = 5.7873e-10
     0     1
# FGMRES final (true) residual:
# Iteration = 4: |res|/|res0| = 2.91516e-11.

Computing volumes of the grid elements.
Non-linear iter.: 252/500. Linear iter.: 4. Min. area: 0.000148452. Error: 2.91516e-11.
Computing volumes of the grid elements.
Min. volume: 0.000148452, max. volume: 36.6087.

# FGMRES residual history
# Residual tolerance target = 1e-10
# Initial residual norm     = 5.78728e-10
     0     1
# FGMRES final (true) residual:
# Iteration = 4: |res|/|res0| = 2.91517e-11.

Computing volumes of the grid elements.
Non-linear iter.: 253/500. Linear iter.: 4. Min. area: 0.000148452. Error: 2.91517e-11.
Computing volumes of the grid elements.
Min. volume: 0.000148452, max. volume: 36.6087.

# FGMRES residual history
# Residual tolerance target = 1e-10
# Initial residual norm     = 5.78726e-10
     0     1
# FGMRES final (true) residual:
# Iteration = 4: |res|/|res0| = 2.91517e-11.

Computing volumes of the grid elements.
Non-linear iter.: 254/500. Linear iter.: 4. Min. area: 0.000148452. Error: 2.91517e-11.
Computing volumes of the grid elements.
Min. volume: 0.000148452, max. volume: 36.6087.

# FGMRES residual history
# Residual tolerance target = 1e-10
# Initial residual norm     = 5.78724e-10
     0     1
# FGMRES final (true) residual:
# Iteration = 4: |res|/|res0| = 2.91518e-11.

Computing volumes of the grid elements.
Non-linear iter.: 255/500. Linear iter.: 4. Min. area: 0.000148452. Error: 2.91518e-11.
Computing volumes of the grid elements.
Min. volume: 0.000148452, max. volume: 36.6087.

# FGMRES residual history
# Residual tolerance target = 1e-10
# Initial residual norm     = 5.78721e-10
     0     1
# FGMRES final (true) residual:
# Iteration = 4: |res|/|res0| = 2.91519e-11.

Computing volumes of the grid elements.
Non-linear iter.: 256/500. Linear iter.: 4. Min. area: 0.000148452. Error: 2.91519e-11.
Computing volumes of the grid elements.
Min. volume: 0.000148452, max. volume: 36.6087.

# FGMRES residual history
# Residual tolerance target = 1e-10
# Initial residual norm     = 5.78719e-10
     0     1
# FGMRES final (true) residual:
# Iteration = 4: |res|/|res0| = 2.9152e-11.

Computing volumes of the grid elements.
Non-linear iter.: 257/500. Linear iter.: 4. Min. area: 0.000148452. Error: 2.9152e-11.
Computing volumes of the grid elements.
Min. volume: 0.000148452, max. volume: 36.6087.

# FGMRES residual history
# Residual tolerance target = 1e-10
# Initial residual norm     = 5.78717e-10
     0     1
# FGMRES final (true) residual:
# Iteration = 4: |res|/|res0| = 2.91521e-11.

Computing volumes of the grid elements.
Non-linear iter.: 258/500. Linear iter.: 4. Min. area: 0.000148452. Error: 2.91521e-11.
Computing volumes of the grid elements.
Min. volume: 0.000148452, max. volume: 36.6087.

# FGMRES residual history
# Residual tolerance target = 1e-10
# Initial residual norm     = 5.78714e-10
     0     1
# FGMRES final (true) residual:
# Iteration = 4: |res|/|res0| = 2.91522e-11.

Computing volumes of the grid elements.
Non-linear iter.: 259/500. Linear iter.: 4. Min. area: 0.000148452. Error: 2.91522e-11.
Computing volumes of the grid elements.
Min. volume: 0.000148452, max. volume: 36.6087.

# FGMRES residual history
# Residual tolerance target = 1e-10
# Initial residual norm     = 5.78712e-10
     0     1
# FGMRES final (true) residual:
# Iteration = 4: |res|/|res0| = 2.91522e-11.

Computing volumes of the grid elements.
Non-linear iter.: 260/500. Linear iter.: 4. Min. area: 0.000148452. Error: 2.91522e-11.
Computing volumes of the grid elements.
Min. volume: 0.000148452, max. volume: 36.6087.

# FGMRES residual history
# Residual tolerance target = 1e-10
# Initial residual norm     = 5.7871e-10
     0     1
# FGMRES final (true) residual:
# Iteration = 4: |res|/|res0| = 2.91523e-11.

Computing volumes of the grid elements.
Non-linear iter.: 261/500. Linear iter.: 4. Min. area: 0.000148452. Error: 2.91523e-11.
Computing volumes of the grid elements.
Min. volume: 0.000148452, max. volume: 36.6087.

# FGMRES residual history
# Residual tolerance target = 1e-10
# Initial residual norm     = 5.78707e-10
     0     1
# FGMRES final (true) residual:
# Iteration = 4: |res|/|res0| = 2.91524e-11.

Computing volumes of the grid elements.
Non-linear iter.: 262/500. Linear iter.: 4. Min. area: 0.000148452. Error: 2.91524e-11.
Computing volumes of the grid elements.
Min. volume: 0.000148452, max. volume: 36.6087.

# FGMRES residual history
# Residual tolerance target = 1e-10
# Initial residual norm     = 5.78705e-10
     0     1
# FGMRES final (true) residual:
# Iteration = 4: |res|/|res0| = 2.91525e-11.

Computing volumes of the grid elements.
Non-linear iter.: 263/500. Linear iter.: 4. Min. area: 0.000148452. Error: 2.91525e-11.
Computing volumes of the grid elements.
Min. volume: 0.000148452, max. volume: 36.6087.

# FGMRES residual history
# Residual tolerance target = 1e-10
# Initial residual norm     = 5.78703e-10
     0     1
# FGMRES final (true) residual:
# Iteration = 4: |res|/|res0| = 2.91526e-11.

Computing volumes of the grid elements.
Non-linear iter.: 264/500. Linear iter.: 4. Min. area: 0.000148452. Error: 2.91526e-11.
Computing volumes of the grid elements.
Min. volume: 0.000148452, max. volume: 36.6087.

# FGMRES residual history
# Residual tolerance target = 1e-10
# Initial residual norm     = 5.787e-10
     0     1
# FGMRES final (true) residual:
# Iteration = 4: |res|/|res0| = 2.91527e-11.

Computing volumes of the grid elements.
Non-linear iter.: 265/500. Linear iter.: 4. Min. area: 0.000148452. Error: 2.91527e-11.
Computing volumes of the grid elements.
Min. volume: 0.000148452, max. volume: 36.6087.

# FGMRES residual history
# Residual tolerance target = 1e-10
# Initial residual norm     = 5.78698e-10
     0     1
# FGMRES final (true) residual:
# Iteration = 4: |res|/|res0| = 2.91527e-11.

Computing volumes of the grid elements.
Non-linear iter.: 266/500. Linear iter.: 4. Min. area: 0.000148452. Error: 2.91527e-11.
Computing volumes of the grid elements.
Min. volume: 0.000148452, max. volume: 36.6087.

# FGMRES residual history
# Residual tolerance target = 1e-10
# Initial residual norm     = 5.78696e-10
     0     1
# FGMRES final (true) residual:
# Iteration = 4: |res|/|res0| = 2.91528e-11.

Computing volumes of the grid elements.
Non-linear iter.: 267/500. Linear iter.: 4. Min. area: 0.000148452. Error: 2.91528e-11.
Computing volumes of the grid elements.
Min. volume: 0.000148452, max. volume: 36.6087.

# FGMRES residual history
# Residual tolerance target = 1e-10
# Initial residual norm     = 5.78693e-10
     0     1
# FGMRES final (true) residual:
# Iteration = 4: |res|/|res0| = 2.91529e-11.

Computing volumes of the grid elements.
Non-linear iter.: 268/500. Linear iter.: 4. Min. area: 0.000148452. Error: 2.91529e-11.
Computing volumes of the grid elements.
Min. volume: 0.000148452, max. volume: 36.6087.

# FGMRES residual history
# Residual tolerance target = 1e-10
# Initial residual norm     = 5.78691e-10
     0     1
# FGMRES final (true) residual:
# Iteration = 4: |res|/|res0| = 2.9153e-11.

Computing volumes of the grid elements.
Non-linear iter.: 269/500. Linear iter.: 4. Min. area: 0.000148452. Error: 2.9153e-11.
Computing volumes of the grid elements.
Min. volume: 0.000148452, max. volume: 36.6087.

# FGMRES residual history
# Residual tolerance target = 1e-10
# Initial residual norm     = 5.78689e-10
     0     1
# FGMRES final (true) residual:
# Iteration = 4: |res|/|res0| = 2.91531e-11.

Computing volumes of the grid elements.
Non-linear iter.: 270/500. Linear iter.: 4. Min. area: 0.000148452. Error: 2.91531e-11.
Computing volumes of the grid elements.
Min. volume: 0.000148452, max. volume: 36.6087.

# FGMRES residual history
# Residual tolerance target = 1e-10
# Initial residual norm     = 5.78687e-10
     0     1
# FGMRES final (true) residual:
# Iteration = 4: |res|/|res0| = 2.91532e-11.

Computing volumes of the grid elements.
Non-linear iter.: 271/500. Linear iter.: 4. Min. area: 0.000148452. Error: 2.91532e-11.
Computing volumes of the grid elements.
Min. volume: 0.000148452, max. volume: 36.6087.

# FGMRES residual history
# Residual tolerance target = 1e-10
# Initial residual norm     = 5.78684e-10
     0     1
# FGMRES final (true) residual:
# Iteration = 4: |res|/|res0| = 2.91533e-11.

Computing volumes of the grid elements.
Non-linear iter.: 272/500. Linear iter.: 4. Min. area: 0.000148452. Error: 2.91533e-11.
Computing volumes of the grid elements.
Min. volume: 0.000148452, max. volume: 36.6087.

# FGMRES residual history
# Residual tolerance target = 1e-10
# Initial residual norm     = 5.78682e-10
     0     1
# FGMRES final (true) residual:
# Iteration = 4: |res|/|res0| = 2.91533e-11.

Computing volumes of the grid elements.
Non-linear iter.: 273/500. Linear iter.: 4. Min. area: 0.000148452. Error: 2.91533e-11.
Computing volumes of the grid elements.
Min. volume: 0.000148452, max. volume: 36.6087.

# FGMRES residual history
# Residual tolerance target = 1e-10
# Initial residual norm     = 5.7868e-10
     0     1
# FGMRES final (true) residual:
# Iteration = 4: |res|/|res0| = 2.91534e-11.

Computing volumes of the grid elements.
Non-linear iter.: 274/500. Linear iter.: 4. Min. area: 0.000148452. Error: 2.91534e-11.
Computing volumes of the grid elements.
Min. volume: 0.000148452, max. volume: 36.6087.

# FGMRES residual history
# Residual tolerance target = 1e-10
# Initial residual norm     = 5.78677e-10
     0     1
# FGMRES final (true) residual:
# Iteration = 4: |res|/|res0| = 2.91535e-11.

Computing volumes of the grid elements.
Non-linear iter.: 275/500. Linear iter.: 4. Min. area: 0.000148452. Error: 2.91535e-11.
Computing volumes of the grid elements.
Min. volume: 0.000148452, max. volume: 36.6087.

# FGMRES residual history
# Residual tolerance target = 1e-10
# Initial residual norm     = 5.78675e-10
     0     1
# FGMRES final (true) residual:
# Iteration = 4: |res|/|res0| = 2.91536e-11.

Computing volumes of the grid elements.
Non-linear iter.: 276/500. Linear iter.: 4. Min. area: 0.000148452. Error: 2.91536e-11.
Computing volumes of the grid elements.
Min. volume: 0.000148452, max. volume: 36.6087.

# FGMRES residual history
# Residual tolerance target = 1e-10
# Initial residual norm     = 5.78673e-10
     0     1
# FGMRES final (true) residual:
# Iteration = 4: |res|/|res0| = 2.91537e-11.

Computing volumes of the grid elements.
Non-linear iter.: 277/500. Linear iter.: 4. Min. area: 0.000148452. Error: 2.91537e-11.
Computing volumes of the grid elements.
Min. volume: 0.000148452, max. volume: 36.6087.

# FGMRES residual history
# Residual tolerance target = 1e-10
# Initial residual norm     = 5.7867e-10
     0     1
# FGMRES final (true) residual:
# Iteration = 4: |res|/|res0| = 2.91538e-11.

Computing volumes of the grid elements.
Non-linear iter.: 278/500. Linear iter.: 4. Min. area: 0.000148452. Error: 2.91538e-11.
Computing volumes of the grid elements.
Min. volume: 0.000148452, max. volume: 36.6087.

# FGMRES residual history
# Residual tolerance target = 1e-10
# Initial residual norm     = 5.78668e-10
     0     1
# FGMRES final (true) residual:
# Iteration = 4: |res|/|res0| = 2.91538e-11.

Computing volumes of the grid elements.
Non-linear iter.: 279/500. Linear iter.: 4. Min. area: 0.000148452. Error: 2.91538e-11.
Computing volumes of the grid elements.
Min. volume: 0.000148452, max. volume: 36.6087.

# FGMRES residual history
# Residual tolerance target = 1e-10
# Initial residual norm     = 5.78666e-10
     0     1
# FGMRES final (true) residual:
# Iteration = 4: |res|/|res0| = 2.91539e-11.

Computing volumes of the grid elements.
Non-linear iter.: 280/500. Linear iter.: 4. Min. area: 0.000148452. Error: 2.91539e-11.
Computing volumes of the grid elements.
Min. volume: 0.000148452, max. volume: 36.6087.

# FGMRES residual history
# Residual tolerance target = 1e-10
# Initial residual norm     = 5.78663e-10
     0     1
# FGMRES final (true) residual:
# Iteration = 4: |res|/|res0| = 2.9154e-11.

Computing volumes of the grid elements.
Non-linear iter.: 281/500. Linear iter.: 4. Min. area: 0.000148452. Error: 2.9154e-11.
Computing volumes of the grid elements.
Min. volume: 0.000148452, max. volume: 36.6087.

# FGMRES residual history
# Residual tolerance target = 1e-10
# Initial residual norm     = 5.78661e-10
     0     1
# FGMRES final (true) residual:
# Iteration = 4: |res|/|res0| = 2.91541e-11.

Computing volumes of the grid elements.
Non-linear iter.: 282/500. Linear iter.: 4. Min. area: 0.000148452. Error: 2.91541e-11.
Computing volumes of the grid elements.
Min. volume: 0.000148452, max. volume: 36.6087.

# FGMRES residual history
# Residual tolerance target = 1e-10
# Initial residual norm     = 5.78659e-10
     0     1
# FGMRES final (true) residual:
# Iteration = 4: |res|/|res0| = 2.91542e-11.

Computing volumes of the grid elements.
Non-linear iter.: 283/500. Linear iter.: 4. Min. area: 0.000148452. Error: 2.91542e-11.
Computing volumes of the grid elements.
Min. volume: 0.000148452, max. volume: 36.6087.

# FGMRES residual history
# Residual tolerance target = 1e-10
# Initial residual norm     = 5.78656e-10
     0     1
# FGMRES final (true) residual:
# Iteration = 4: |res|/|res0| = 2.91543e-11.

Computing volumes of the grid elements.
Non-linear iter.: 284/500. Linear iter.: 4. Min. area: 0.000148452. Error: 2.91543e-11.
Computing volumes of the grid elements.
Min. volume: 0.000148452, max. volume: 36.6087.

# FGMRES residual history
# Residual tolerance target = 1e-10
# Initial residual norm     = 5.78654e-10
     0     1
# FGMRES final (true) residual:
# Iteration = 4: |res|/|res0| = 2.91543e-11.

Computing volumes of the grid elements.
Non-linear iter.: 285/500. Linear iter.: 4. Min. area: 0.000148452. Error: 2.91543e-11.
Computing volumes of the grid elements.
Min. volume: 0.000148452, max. volume: 36.6087.

# FGMRES residual history
# Residual tolerance target = 1e-10
# Initial residual norm     = 5.78652e-10
     0     1
# FGMRES final (true) residual:
# Iteration = 4: |res|/|res0| = 2.91544e-11.

Computing volumes of the grid elements.
Non-linear iter.: 286/500. Linear iter.: 4. Min. area: 0.000148452. Error: 2.91544e-11.
Computing volumes of the grid elements.
Min. volume: 0.000148452, max. volume: 36.6087.

# FGMRES residual history
# Residual tolerance target = 1e-10
# Initial residual norm     = 5.7865e-10
     0     1
# FGMRES final (true) residual:
# Iteration = 4: |res|/|res0| = 2.91545e-11.

Computing volumes of the grid elements.
Non-linear iter.: 287/500. Linear iter.: 4. Min. area: 0.000148452. Error: 2.91545e-11.
Computing volumes of the grid elements.
Min. volume: 0.000148452, max. volume: 36.6087.

# FGMRES residual history
# Residual tolerance target = 1e-10
# Initial residual norm     = 5.78647e-10
     0     1
# FGMRES final (true) residual:
# Iteration = 4: |res|/|res0| = 2.91546e-11.

Computing volumes of the grid elements.
Non-linear iter.: 288/500. Linear iter.: 4. Min. area: 0.000148452. Error: 2.91546e-11.
Computing volumes of the grid elements.
Min. volume: 0.000148452, max. volume: 36.6087.

# FGMRES residual history
# Residual tolerance target = 1e-10
# Initial residual norm     = 5.78645e-10
     0     1
# FGMRES final (true) residual:
# Iteration = 4: |res|/|res0| = 2.91547e-11.

Computing volumes of the grid elements.
Non-linear iter.: 289/500. Linear iter.: 4. Min. area: 0.000148452. Error: 2.91547e-11.
Computing volumes of the grid elements.
Min. volume: 0.000148452, max. volume: 36.6087.

# FGMRES residual history
# Residual tolerance target = 1e-10
# Initial residual norm     = 5.78643e-10
     0     1
# FGMRES final (true) residual:
# Iteration = 4: |res|/|res0| = 2.91548e-11.

Computing volumes of the grid elements.
Non-linear iter.: 290/500. Linear iter.: 4. Min. area: 0.000148452. Error: 2.91548e-11.
Computing volumes of the grid elements.
Min. volume: 0.000148452, max. volume: 36.6087.

# FGMRES residual history
# Residual tolerance target = 1e-10
# Initial residual norm     = 5.7864e-10
     0     1
# FGMRES final (true) residual:
# Iteration = 4: |res|/|res0| = 2.91548e-11.

Computing volumes of the grid elements.
Non-linear iter.: 291/500. Linear iter.: 4. Min. area: 0.000148452. Error: 2.91548e-11.
Computing volumes of the grid elements.
Min. volume: 0.000148452, max. volume: 36.6087.

# FGMRES residual history
# Residual tolerance target = 1e-10
# Initial residual norm     = 5.78638e-10
     0     1
# FGMRES final (true) residual:
# Iteration = 4: |res|/|res0| = 2.91549e-11.

Computing volumes of the grid elements.
Non-linear iter.: 292/500. Linear iter.: 4. Min. area: 0.000148452. Error: 2.91549e-11.
Computing volumes of the grid elements.
Min. volume: 0.000148452, max. volume: 36.6087.

# FGMRES residual history
# Residual tolerance target = 1e-10
# Initial residual norm     = 5.78636e-10
     0     1
# FGMRES final (true) residual:
# Iteration = 4: |res|/|res0| = 2.9155e-11.

Computing volumes of the grid elements.
Non-linear iter.: 293/500. Linear iter.: 4. Min. area: 0.000148452. Error: 2.9155e-11.
Computing volumes of the grid elements.
Min. volume: 0.000148452, max. volume: 36.6087.

# FGMRES residual history
# Residual tolerance target = 1e-10
# Initial residual norm     = 5.78633e-10
     0     1
# FGMRES final (true) residual:
# Iteration = 4: |res|/|res0| = 2.91551e-11.

Computing volumes of the grid elements.
Non-linear iter.: 294/500. Linear iter.: 4. Min. area: 0.000148452. Error: 2.91551e-11.
Computing volumes of the grid elements.
Min. volume: 0.000148452, max. volume: 36.6087.

# FGMRES residual history
# Residual tolerance target = 1e-10
# Initial residual norm     = 5.78631e-10
     0     1
# FGMRES final (true) residual:
# Iteration = 4: |res|/|res0| = 2.91552e-11.

Computing volumes of the grid elements.
Non-linear iter.: 295/500. Linear iter.: 4. Min. area: 0.000148452. Error: 2.91552e-11.
Computing volumes of the grid elements.
Min. volume: 0.000148452, max. volume: 36.6087.

# FGMRES residual history
# Residual tolerance target = 1e-10
# Initial residual norm     = 5.78629e-10
     0     1
# FGMRES final (true) residual:
# Iteration = 4: |res|/|res0| = 2.91553e-11.

Computing volumes of the grid elements.
Non-linear iter.: 296/500. Linear iter.: 4. Min. area: 0.000148452. Error: 2.91553e-11.
Computing volumes of the grid elements.
Min. volume: 0.000148452, max. volume: 36.6087.

# FGMRES residual history
# Residual tolerance target = 1e-10
# Initial residual norm     = 5.78626e-10
     0     1
# FGMRES final (true) residual:
# Iteration = 4: |res|/|res0| = 2.91553e-11.

Computing volumes of the grid elements.
Non-linear iter.: 297/500. Linear iter.: 4. Min. area: 0.000148452. Error: 2.91553e-11.
Computing volumes of the grid elements.
Min. volume: 0.000148452, max. volume: 36.6087.

# FGMRES residual history
# Residual tolerance target = 1e-10
# Initial residual norm     = 5.78624e-10
     0     1
# FGMRES final (true) residual:
# Iteration = 4: |res|/|res0| = 2.91554e-11.

Computing volumes of the grid elements.
Non-linear iter.: 298/500. Linear iter.: 4. Min. area: 0.000148452. Error: 2.91554e-11.
Computing volumes of the grid elements.
Min. volume: 0.000148452, max. volume: 36.6087.

# FGMRES residual history
# Residual tolerance target = 1e-10
# Initial residual norm     = 5.78622e-10
     0     1
# FGMRES final (true) residual:
# Iteration = 4: |res|/|res0| = 2.91555e-11.

Computing volumes of the grid elements.
Non-linear iter.: 299/500. Linear iter.: 4. Min. area: 0.000148452. Error: 2.91555e-11.
Computing volumes of the grid elements.
Min. volume: 0.000148452, max. volume: 36.6087.

# FGMRES residual history
# Residual tolerance target = 1e-10
# Initial residual norm     = 5.7862e-10
     0     1
# FGMRES final (true) residual:
# Iteration = 4: |res|/|res0| = 2.91556e-11.

Computing volumes of the grid elements.
Non-linear iter.: 300/500. Linear iter.: 4. Min. area: 0.000148452. Error: 2.91556e-11.
Computing volumes of the grid elements.
Min. volume: 0.000148452, max. volume: 36.6087.

# FGMRES residual history
# Residual tolerance target = 1e-10
# Initial residual norm     = 5.78617e-10
     0     1
# FGMRES final (true) residual:
# Iteration = 4: |res|/|res0| = 2.91557e-11.

Computing volumes of the grid elements.
Non-linear iter.: 301/500. Linear iter.: 4. Min. area: 0.000148452. Error: 2.91557e-11.
Computing volumes of the grid elements.
Min. volume: 0.000148452, max. volume: 36.6087.

# FGMRES residual history
# Residual tolerance target = 1e-10
# Initial residual norm     = 5.78615e-10
     0     1
# FGMRES final (true) residual:
# Iteration = 4: |res|/|res0| = 2.91558e-11.

Computing volumes of the grid elements.
Non-linear iter.: 302/500. Linear iter.: 4. Min. area: 0.000148452. Error: 2.91558e-11.
Computing volumes of the grid elements.
Min. volume: 0.000148452, max. volume: 36.6087.

# FGMRES residual history
# Residual tolerance target = 1e-10
# Initial residual norm     = 5.78613e-10
     0     1
# FGMRES final (true) residual:
# Iteration = 4: |res|/|res0| = 2.91559e-11.

Computing volumes of the grid elements.
Non-linear iter.: 303/500. Linear iter.: 4. Min. area: 0.000148452. Error: 2.91559e-11.
Computing volumes of the grid elements.
Min. volume: 0.000148452, max. volume: 36.6087.

# FGMRES residual history
# Residual tolerance target = 1e-10
# Initial residual norm     = 5.7861e-10
     0     1
# FGMRES final (true) residual:
# Iteration = 4: |res|/|res0| = 2.91559e-11.

Computing volumes of the grid elements.
Non-linear iter.: 304/500. Linear iter.: 4. Min. area: 0.000148452. Error: 2.91559e-11.
Computing volumes of the grid elements.
Min. volume: 0.000148452, max. volume: 36.6087.

# FGMRES residual history
# Residual tolerance target = 1e-10
# Initial residual norm     = 5.78608e-10
     0     1
# FGMRES final (true) residual:
# Iteration = 4: |res|/|res0| = 2.9156e-11.

Computing volumes of the grid elements.
Non-linear iter.: 305/500. Linear iter.: 4. Min. area: 0.000148452. Error: 2.9156e-11.
Computing volumes of the grid elements.
Min. volume: 0.000148452, max. volume: 36.6087.

# FGMRES residual history
# Residual tolerance target = 1e-10
# Initial residual norm     = 5.78606e-10
     0     1
# FGMRES final (true) residual:
# Iteration = 4: |res|/|res0| = 2.91561e-11.

Computing volumes of the grid elements.
Non-linear iter.: 306/500. Linear iter.: 4. Min. area: 0.000148452. Error: 2.91561e-11.
Computing volumes of the grid elements.
Min. volume: 0.000148452, max. volume: 36.6087.

# FGMRES residual history
# Residual tolerance target = 1e-10
# Initial residual norm     = 5.78603e-10
     0     1
# FGMRES final (true) residual:
# Iteration = 4: |res|/|res0| = 2.91562e-11.

Computing volumes of the grid elements.
Non-linear iter.: 307/500. Linear iter.: 4. Min. area: 0.000148452. Error: 2.91562e-11.
Computing volumes of the grid elements.
Min. volume: 0.000148452, max. volume: 36.6087.

# FGMRES residual history
# Residual tolerance target = 1e-10
# Initial residual norm     = 5.78601e-10
     0     1
# FGMRES final (true) residual:
# Iteration = 4: |res|/|res0| = 2.91563e-11.

Computing volumes of the grid elements.
Non-linear iter.: 308/500. Linear iter.: 4. Min. area: 0.000148452. Error: 2.91563e-11.
Computing volumes of the grid elements.
Min. volume: 0.000148452, max. volume: 36.6087.

# FGMRES residual history
# Residual tolerance target = 1e-10
# Initial residual norm     = 5.78599e-10
     0     1
# FGMRES final (true) residual:
# Iteration = 4: |res|/|res0| = 2.91564e-11.

Computing volumes of the grid elements.
Non-linear iter.: 309/500. Linear iter.: 4. Min. area: 0.000148452. Error: 2.91564e-11.
Computing volumes of the grid elements.
Min. volume: 0.000148452, max. volume: 36.6087.

# FGMRES residual history
# Residual tolerance target = 1e-10
# Initial residual norm     = 5.78597e-10
     0     1
# FGMRES final (true) residual:
# Iteration = 4: |res|/|res0| = 2.91564e-11.

Computing volumes of the grid elements.
Non-linear iter.: 310/500. Linear iter.: 4. Min. area: 0.000148452. Error: 2.91564e-11.
Computing volumes of the grid elements.
Min. volume: 0.000148452, max. volume: 36.6087.

# FGMRES residual history
# Residual tolerance target = 1e-10
# Initial residual norm     = 5.78594e-10
     0     1
# FGMRES final (true) residual:
# Iteration = 4: |res|/|res0| = 2.91565e-11.

Computing volumes of the grid elements.
Non-linear iter.: 311/500. Linear iter.: 4. Min. area: 0.000148452. Error: 2.91565e-11.
Computing volumes of the grid elements.
Min. volume: 0.000148452, max. volume: 36.6087.

# FGMRES residual history
# Residual tolerance target = 1e-10
# Initial residual norm     = 5.78592e-10
     0     1
# FGMRES final (true) residual:
# Iteration = 4: |res|/|res0| = 2.91566e-11.

Computing volumes of the grid elements.
Non-linear iter.: 312/500. Linear iter.: 4. Min. area: 0.000148452. Error: 2.91566e-11.
Computing volumes of the grid elements.
Min. volume: 0.000148452, max. volume: 36.6087.

# FGMRES residual history
# Residual tolerance target = 1e-10
# Initial residual norm     = 5.7859e-10
     0     1
# FGMRES final (true) residual:
# Iteration = 4: |res|/|res0| = 2.91567e-11.

Computing volumes of the grid elements.
Non-linear iter.: 313/500. Linear iter.: 4. Min. area: 0.000148452. Error: 2.91567e-11.
Computing volumes of the grid elements.
Min. volume: 0.000148452, max. volume: 36.6087.

# FGMRES residual history
# Residual tolerance target = 1e-10
# Initial residual norm     = 5.78587e-10
     0     1
# FGMRES final (true) residual:
# Iteration = 4: |res|/|res0| = 2.91568e-11.

Computing volumes of the grid elements.
Non-linear iter.: 314/500. Linear iter.: 4. Min. area: 0.000148452. Error: 2.91568e-11.
Computing volumes of the grid elements.
Min. volume: 0.000148452, max. volume: 36.6087.

# FGMRES residual history
# Residual tolerance target = 1e-10
# Initial residual norm     = 5.78585e-10
     0     1
# FGMRES final (true) residual:
# Iteration = 4: |res|/|res0| = 2.91569e-11.

Computing volumes of the grid elements.
Non-linear iter.: 315/500. Linear iter.: 4. Min. area: 0.000148452. Error: 2.91569e-11.
Computing volumes of the grid elements.
Min. volume: 0.000148452, max. volume: 36.6087.

# FGMRES residual history
# Residual tolerance target = 1e-10
# Initial residual norm     = 5.78583e-10
     0     1
# FGMRES final (true) residual:
# Iteration = 4: |res|/|res0| = 2.91569e-11.

Computing volumes of the grid elements.
Non-linear iter.: 316/500. Linear iter.: 4. Min. area: 0.000148452. Error: 2.91569e-11.
Computing volumes of the grid elements.
Min. volume: 0.000148452, max. volume: 36.6087.

# FGMRES residual history
# Residual tolerance target = 1e-10
# Initial residual norm     = 5.7858e-10
     0     1
# FGMRES final (true) residual:
# Iteration = 4: |res|/|res0| = 2.9157e-11.

Computing volumes of the grid elements.
Non-linear iter.: 317/500. Linear iter.: 4. Min. area: 0.000148452. Error: 2.9157e-11.
Computing volumes of the grid elements.
Min. volume: 0.000148452, max. volume: 36.6087.

# FGMRES residual history
# Residual tolerance target = 1e-10
# Initial residual norm     = 5.78578e-10
     0     1
# FGMRES final (true) residual:
# Iteration = 4: |res|/|res0| = 2.91571e-11.

Computing volumes of the grid elements.
Non-linear iter.: 318/500. Linear iter.: 4. Min. area: 0.000148452. Error: 2.91571e-11.
Computing volumes of the grid elements.
Min. volume: 0.000148452, max. volume: 36.6087.

# FGMRES residual history
# Residual tolerance target = 1e-10
# Initial residual norm     = 5.78576e-10
     0     1
# FGMRES final (true) residual:
# Iteration = 4: |res|/|res0| = 2.91572e-11.

Computing volumes of the grid elements.
Non-linear iter.: 319/500. Linear iter.: 4. Min. area: 0.000148452. Error: 2.91572e-11.
Computing volumes of the grid elements.
Min. volume: 0.000148452, max. volume: 36.6087.

# FGMRES residual history
# Residual tolerance target = 1e-10
# Initial residual norm     = 5.78573e-10
     0     1
# FGMRES final (true) residual:
# Iteration = 4: |res|/|res0| = 2.91573e-11.

Computing volumes of the grid elements.
Non-linear iter.: 320/500. Linear iter.: 4. Min. area: 0.000148452. Error: 2.91573e-11.
Computing volumes of the grid elements.
Min. volume: 0.000148452, max. volume: 36.6087.

# FGMRES residual history
# Residual tolerance target = 1e-10
# Initial residual norm     = 5.78571e-10
     0     1
# FGMRES final (true) residual:
# Iteration = 4: |res|/|res0| = 2.91574e-11.

Computing volumes of the grid elements.
Non-linear iter.: 321/500. Linear iter.: 4. Min. area: 0.000148452. Error: 2.91574e-11.
Computing volumes of the grid elements.
Min. volume: 0.000148452, max. volume: 36.6087.

# FGMRES residual history
# Residual tolerance target = 1e-10
# Initial residual norm     = 5.78569e-10
     0     1
# FGMRES final (true) residual:
# Iteration = 4: |res|/|res0| = 2.91574e-11.

Computing volumes of the grid elements.
Non-linear iter.: 322/500. Linear iter.: 4. Min. area: 0.000148452. Error: 2.91574e-11.
Computing volumes of the grid elements.
Min. volume: 0.000148452, max. volume: 36.6087.

# FGMRES residual history
# Residual tolerance target = 1e-10
# Initial residual norm     = 5.78567e-10
     0     1
# FGMRES final (true) residual:
# Iteration = 4: |res|/|res0| = 2.91575e-11.

Computing volumes of the grid elements.
Non-linear iter.: 323/500. Linear iter.: 4. Min. area: 0.000148452. Error: 2.91575e-11.
Computing volumes of the grid elements.
Min. volume: 0.000148452, max. volume: 36.6087.

# FGMRES residual history
# Residual tolerance target = 1e-10
# Initial residual norm     = 5.78564e-10
     0     1
# FGMRES final (true) residual:
# Iteration = 4: |res|/|res0| = 2.91576e-11.

Computing volumes of the grid elements.
Non-linear iter.: 324/500. Linear iter.: 4. Min. area: 0.000148452. Error: 2.91576e-11.
Computing volumes of the grid elements.
Min. volume: 0.000148452, max. volume: 36.6087.

# FGMRES residual history
# Residual tolerance target = 1e-10
# Initial residual norm     = 5.78562e-10
     0     1
# FGMRES final (true) residual:
# Iteration = 4: |res|/|res0| = 2.91577e-11.

Computing volumes of the grid elements.
Non-linear iter.: 325/500. Linear iter.: 4. Min. area: 0.000148452. Error: 2.91577e-11.
Computing volumes of the grid elements.
Min. volume: 0.000148452, max. volume: 36.6087.

# FGMRES residual history
# Residual tolerance target = 1e-10
# Initial residual norm     = 5.7856e-10
     0     1
# FGMRES final (true) residual:
# Iteration = 4: |res|/|res0| = 2.91578e-11.

Computing volumes of the grid elements.
Non-linear iter.: 326/500. Linear iter.: 4. Min. area: 0.000148452. Error: 2.91578e-11.
Computing volumes of the grid elements.
Min. volume: 0.000148452, max. volume: 36.6087.

# FGMRES residual history
# Residual tolerance target = 1e-10
# Initial residual norm     = 5.78557e-10
     0     1
# FGMRES final (true) residual:
# Iteration = 4: |res|/|res0| = 2.91579e-11.

Computing volumes of the grid elements.
Non-linear iter.: 327/500. Linear iter.: 4. Min. area: 0.000148452. Error: 2.91579e-11.
Computing volumes of the grid elements.
Min. volume: 0.000148452, max. volume: 36.6087.

# FGMRES residual history
# Residual tolerance target = 1e-10
# Initial residual norm     = 5.78555e-10
     0     1
# FGMRES final (true) residual:
# Iteration = 4: |res|/|res0| = 2.91579e-11.

Computing volumes of the grid elements.
Non-linear iter.: 328/500. Linear iter.: 4. Min. area: 0.000148452. Error: 2.91579e-11.
Computing volumes of the grid elements.
Min. volume: 0.000148452, max. volume: 36.6087.

# FGMRES residual history
# Residual tolerance target = 1e-10
# Initial residual norm     = 5.78553e-10
     0     1
# FGMRES final (true) residual:
# Iteration = 4: |res|/|res0| = 2.9158e-11.

Computing volumes of the grid elements.
Non-linear iter.: 329/500. Linear iter.: 4. Min. area: 0.000148452. Error: 2.9158e-11.
Computing volumes of the grid elements.
Min. volume: 0.000148452, max. volume: 36.6087.

# FGMRES residual history
# Residual tolerance target = 1e-10
# Initial residual norm     = 5.7855e-10
     0     1
# FGMRES final (true) residual:
# Iteration = 4: |res|/|res0| = 2.91581e-11.

Computing volumes of the grid elements.
Non-linear iter.: 330/500. Linear iter.: 4. Min. area: 0.000148452. Error: 2.91581e-11.
Computing volumes of the grid elements.
Min. volume: 0.000148452, max. volume: 36.6087.

# FGMRES residual history
# Residual tolerance target = 1e-10
# Initial residual norm     = 5.78548e-10
     0     1
# FGMRES final (true) residual:
# Iteration = 4: |res|/|res0| = 2.91582e-11.

Computing volumes of the grid elements.
Non-linear iter.: 331/500. Linear iter.: 4. Min. area: 0.000148452. Error: 2.91582e-11.
Computing volumes of the grid elements.
Min. volume: 0.000148452, max. volume: 36.6087.

# FGMRES residual history
# Residual tolerance target = 1e-10
# Initial residual norm     = 5.78546e-10
     0     1
# FGMRES final (true) residual:
# Iteration = 4: |res|/|res0| = 2.91583e-11.

Computing volumes of the grid elements.
Non-linear iter.: 332/500. Linear iter.: 4. Min. area: 0.000148452. Error: 2.91583e-11.
Computing volumes of the grid elements.
Min. volume: 0.000148452, max. volume: 36.6087.

# FGMRES residual history
# Residual tolerance target = 1e-10
# Initial residual norm     = 5.78544e-10
     0     1
# FGMRES final (true) residual:
# Iteration = 4: |res|/|res0| = 2.91584e-11.

Computing volumes of the grid elements.
Non-linear iter.: 333/500. Linear iter.: 4. Min. area: 0.000148452. Error: 2.91584e-11.
Computing volumes of the grid elements.
Min. volume: 0.000148452, max. volume: 36.6087.

# FGMRES residual history
# Residual tolerance target = 1e-10
# Initial residual norm     = 5.78541e-10
     0     1
# FGMRES final (true) residual:
# Iteration = 4: |res|/|res0| = 2.91584e-11.

Computing volumes of the grid elements.
Non-linear iter.: 334/500. Linear iter.: 4. Min. area: 0.000148452. Error: 2.91584e-11.
Computing volumes of the grid elements.
Min. volume: 0.000148452, max. volume: 36.6087.

# FGMRES residual history
# Residual tolerance target = 1e-10
# Initial residual norm     = 5.78539e-10
     0     1
# FGMRES final (true) residual:
# Iteration = 4: |res|/|res0| = 2.91585e-11.

Computing volumes of the grid elements.
Non-linear iter.: 335/500. Linear iter.: 4. Min. area: 0.000148452. Error: 2.91585e-11.
Computing volumes of the grid elements.
Min. volume: 0.000148452, max. volume: 36.6087.

# FGMRES residual history
# Residual tolerance target = 1e-10
# Initial residual norm     = 5.78537e-10
     0     1
# FGMRES final (true) residual:
# Iteration = 4: |res|/|res0| = 2.91586e-11.

Computing volumes of the grid elements.
Non-linear iter.: 336/500. Linear iter.: 4. Min. area: 0.000148452. Error: 2.91586e-11.
Computing volumes of the grid elements.
Min. volume: 0.000148452, max. volume: 36.6087.

# FGMRES residual history
# Residual tolerance target = 1e-10
# Initial residual norm     = 5.78534e-10
     0     1
# FGMRES final (true) residual:
# Iteration = 4: |res|/|res0| = 2.91587e-11.

Computing volumes of the grid elements.
Non-linear iter.: 337/500. Linear iter.: 4. Min. area: 0.000148452. Error: 2.91587e-11.
Computing volumes of the grid elements.
Min. volume: 0.000148452, max. volume: 36.6087.

# FGMRES residual history
# Residual tolerance target = 1e-10
# Initial residual norm     = 5.78532e-10
     0     1
# FGMRES final (true) residual:
# Iteration = 4: |res|/|res0| = 2.91588e-11.

Computing volumes of the grid elements.
Non-linear iter.: 338/500. Linear iter.: 4. Min. area: 0.000148452. Error: 2.91588e-11.
Computing volumes of the grid elements.
Min. volume: 0.000148452, max. volume: 36.6087.

# FGMRES residual history
# Residual tolerance target = 1e-10
# Initial residual norm     = 5.7853e-10
     0     1
# FGMRES final (true) residual:
# Iteration = 4: |res|/|res0| = 2.91589e-11.

Computing volumes of the grid elements.
Non-linear iter.: 339/500. Linear iter.: 4. Min. area: 0.000148452. Error: 2.91589e-11.
Computing volumes of the grid elements.
Min. volume: 0.000148452, max. volume: 36.6087.

# FGMRES residual history
# Residual tolerance target = 1e-10
# Initial residual norm     = 5.78527e-10
     0     1
# FGMRES final (true) residual:
# Iteration = 4: |res|/|res0| = 2.91589e-11.

Computing volumes of the grid elements.
Non-linear iter.: 340/500. Linear iter.: 4. Min. area: 0.000148452. Error: 2.91589e-11.
Computing volumes of the grid elements.
Min. volume: 0.000148452, max. volume: 36.6087.

# FGMRES residual history
# Residual tolerance target = 1e-10
# Initial residual norm     = 5.78525e-10
     0     1
# FGMRES final (true) residual:
# Iteration = 4: |res|/|res0| = 2.9159e-11.

Computing volumes of the grid elements.
Non-linear iter.: 341/500. Linear iter.: 4. Min. area: 0.000148452. Error: 2.9159e-11.
Computing volumes of the grid elements.
Min. volume: 0.000148452, max. volume: 36.6087.

# FGMRES residual history
# Residual tolerance target = 1e-10
# Initial residual norm     = 5.78523e-10
     0     1
# FGMRES final (true) residual:
# Iteration = 4: |res|/|res0| = 2.91591e-11.

Computing volumes of the grid elements.
Non-linear iter.: 342/500. Linear iter.: 4. Min. area: 0.000148452. Error: 2.91591e-11.
Computing volumes of the grid elements.
Min. volume: 0.000148452, max. volume: 36.6087.

# FGMRES residual history
# Residual tolerance target = 1e-10
# Initial residual norm     = 5.78521e-10
     0     1
# FGMRES final (true) residual:
# Iteration = 4: |res|/|res0| = 2.91592e-11.

Computing volumes of the grid elements.
Non-linear iter.: 343/500. Linear iter.: 4. Min. area: 0.000148452. Error: 2.91592e-11.
Computing volumes of the grid elements.
Min. volume: 0.000148452, max. volume: 36.6087.

# FGMRES residual history
# Residual tolerance target = 1e-10
# Initial residual norm     = 5.78518e-10
     0     1
# FGMRES final (true) residual:
# Iteration = 4: |res|/|res0| = 2.91593e-11.

Computing volumes of the grid elements.
Non-linear iter.: 344/500. Linear iter.: 4. Min. area: 0.000148452. Error: 2.91593e-11.
Computing volumes of the grid elements.
Min. volume: 0.000148452, max. volume: 36.6087.

# FGMRES residual history
# Residual tolerance target = 1e-10
# Initial residual norm     = 5.78516e-10
     0     1
# FGMRES final (true) residual:
# Iteration = 4: |res|/|res0| = 2.91594e-11.

Computing volumes of the grid elements.
Non-linear iter.: 345/500. Linear iter.: 4. Min. area: 0.000148452. Error: 2.91594e-11.
Computing volumes of the grid elements.
Min. volume: 0.000148452, max. volume: 36.6087.

# FGMRES residual history
# Residual tolerance target = 1e-10
# Initial residual norm     = 5.78514e-10
     0     1
# FGMRES final (true) residual:
# Iteration = 4: |res|/|res0| = 2.91594e-11.

Computing volumes of the grid elements.
Non-linear iter.: 346/500. Linear iter.: 4. Min. area: 0.000148452. Error: 2.91594e-11.
Computing volumes of the grid elements.
Min. volume: 0.000148452, max. volume: 36.6087.

# FGMRES residual history
# Residual tolerance target = 1e-10
# Initial residual norm     = 5.78511e-10
     0     1
# FGMRES final (true) residual:
# Iteration = 4: |res|/|res0| = 2.91595e-11.

Computing volumes of the grid elements.
Non-linear iter.: 347/500. Linear iter.: 4. Min. area: 0.000148452. Error: 2.91595e-11.
Computing volumes of the grid elements.
Min. volume: 0.000148452, max. volume: 36.6087.

# FGMRES residual history
# Residual tolerance target = 1e-10
# Initial residual norm     = 5.78509e-10
     0     1
# FGMRES final (true) residual:
# Iteration = 4: |res|/|res0| = 2.91596e-11.

Computing volumes of the grid elements.
Non-linear iter.: 348/500. Linear iter.: 4. Min. area: 0.000148452. Error: 2.91596e-11.
Computing volumes of the grid elements.
Min. volume: 0.000148452, max. volume: 36.6087.

# FGMRES residual history
# Residual tolerance target = 1e-10
# Initial residual norm     = 5.78507e-10
     0     1
# FGMRES final (true) residual:
# Iteration = 4: |res|/|res0| = 2.91597e-11.

Computing volumes of the grid elements.
Non-linear iter.: 349/500. Linear iter.: 4. Min. area: 0.000148452. Error: 2.91597e-11.
Computing volumes of the grid elements.
Min. volume: 0.000148452, max. volume: 36.6087.

# FGMRES residual history
# Residual tolerance target = 1e-10
# Initial residual norm     = 5.78504e-10
     0     1
# FGMRES final (true) residual:
# Iteration = 4: |res|/|res0| = 2.91598e-11.

Computing volumes of the grid elements.
Non-linear iter.: 350/500. Linear iter.: 4. Min. area: 0.000148452. Error: 2.91598e-11.
Computing volumes of the grid elements.
Min. volume: 0.000148452, max. volume: 36.6087.

# FGMRES residual history
# Residual tolerance target = 1e-10
# Initial residual norm     = 5.78502e-10
     0     1
# FGMRES final (true) residual:
# Iteration = 4: |res|/|res0| = 2.91599e-11.

Computing volumes of the grid elements.
Non-linear iter.: 351/500. Linear iter.: 4. Min. area: 0.000148452. Error: 2.91599e-11.
Computing volumes of the grid elements.
Min. volume: 0.000148452, max. volume: 36.6087.

# FGMRES residual history
# Residual tolerance target = 1e-10
# Initial residual norm     = 5.785e-10
     0     1
# FGMRES final (true) residual:
# Iteration = 4: |res|/|res0| = 2.91599e-11.

Computing volumes of the grid elements.
Non-linear iter.: 352/500. Linear iter.: 4. Min. area: 0.000148452. Error: 2.91599e-11.
Computing volumes of the grid elements.
Min. volume: 0.000148452, max. volume: 36.6087.

# FGMRES residual history
# Residual tolerance target = 1e-10
# Initial residual norm     = 5.78498e-10
     0     1
# FGMRES final (true) residual:
# Iteration = 4: |res|/|res0| = 2.916e-11.

Computing volumes of the grid elements.
Non-linear iter.: 353/500. Linear iter.: 4. Min. area: 0.000148452. Error: 2.916e-11.
Computing volumes of the grid elements.
Min. volume: 0.000148452, max. volume: 36.6087.

# FGMRES residual history
# Residual tolerance target = 1e-10
# Initial residual norm     = 5.78495e-10
     0     1
# FGMRES final (true) residual:
# Iteration = 4: |res|/|res0| = 2.91601e-11.

Computing volumes of the grid elements.
Non-linear iter.: 354/500. Linear iter.: 4. Min. area: 0.000148452. Error: 2.91601e-11.
Computing volumes of the grid elements.
Min. volume: 0.000148452, max. volume: 36.6087.

# FGMRES residual history
# Residual tolerance target = 1e-10
# Initial residual norm     = 5.78493e-10
     0     1
# FGMRES final (true) residual:
# Iteration = 4: |res|/|res0| = 2.91602e-11.

Computing volumes of the grid elements.
Non-linear iter.: 355/500. Linear iter.: 4. Min. area: 0.000148452. Error: 2.91602e-11.
Computing volumes of the grid elements.
Min. volume: 0.000148452, max. volume: 36.6087.

# FGMRES residual history
# Residual tolerance target = 1e-10
# Initial residual norm     = 5.78491e-10
     0     1
# FGMRES final (true) residual:
# Iteration = 4: |res|/|res0| = 2.91603e-11.

Computing volumes of the grid elements.
Non-linear iter.: 356/500. Linear iter.: 4. Min. area: 0.000148452. Error: 2.91603e-11.
Computing volumes of the grid elements.
Min. volume: 0.000148452, max. volume: 36.6087.

# FGMRES residual history
# Residual tolerance target = 1e-10
# Initial residual norm     = 5.78488e-10
     0     1
# FGMRES final (true) residual:
# Iteration = 4: |res|/|res0| = 2.91604e-11.

Computing volumes of the grid elements.
Non-linear iter.: 357/500. Linear iter.: 4. Min. area: 0.000148452. Error: 2.91604e-11.
Computing volumes of the grid elements.
Min. volume: 0.000148452, max. volume: 36.6087.

# FGMRES residual history
# Residual tolerance target = 1e-10
# Initial residual norm     = 5.78486e-10
     0     1
# FGMRES final (true) residual:
# Iteration = 4: |res|/|res0| = 2.91604e-11.

Computing volumes of the grid elements.
Non-linear iter.: 358/500. Linear iter.: 4. Min. area: 0.000148452. Error: 2.91604e-11.
Computing volumes of the grid elements.
Min. volume: 0.000148452, max. volume: 36.6087.

# FGMRES residual history
# Residual tolerance target = 1e-10
# Initial residual norm     = 5.78484e-10
     0     1
# FGMRES final (true) residual:
# Iteration = 4: |res|/|res0| = 2.91605e-11.

Computing volumes of the grid elements.
Non-linear iter.: 359/500. Linear iter.: 4. Min. area: 0.000148452. Error: 2.91605e-11.
Computing volumes of the grid elements.
Min. volume: 0.000148452, max. volume: 36.6087.

# FGMRES residual history
# Residual tolerance target = 1e-10
# Initial residual norm     = 5.78481e-10
     0     1
# FGMRES final (true) residual:
# Iteration = 4: |res|/|res0| = 2.91606e-11.

Computing volumes of the grid elements.
Non-linear iter.: 360/500. Linear iter.: 4. Min. area: 0.000148452. Error: 2.91606e-11.
Computing volumes of the grid elements.
Min. volume: 0.000148452, max. volume: 36.6087.

# FGMRES residual history
# Residual tolerance target = 1e-10
# Initial residual norm     = 5.78479e-10
     0     1
# FGMRES final (true) residual:
# Iteration = 4: |res|/|res0| = 2.91607e-11.

Computing volumes of the grid elements.
Non-linear iter.: 361/500. Linear iter.: 4. Min. area: 0.000148452. Error: 2.91607e-11.
Computing volumes of the grid elements.
Min. volume: 0.000148452, max. volume: 36.6087.

# FGMRES residual history
# Residual tolerance target = 1e-10
# Initial residual norm     = 5.78477e-10
     0     1
# FGMRES final (true) residual:
# Iteration = 4: |res|/|res0| = 2.91608e-11.

Computing volumes of the grid elements.
Non-linear iter.: 362/500. Linear iter.: 4. Min. area: 0.000148452. Error: 2.91608e-11.
Computing volumes of the grid elements.
Min. volume: 0.000148452, max. volume: 36.6087.

# FGMRES residual history
# Residual tolerance target = 1e-10
# Initial residual norm     = 5.78475e-10
     0     1
# FGMRES final (true) residual:
# Iteration = 4: |res|/|res0| = 2.91609e-11.

Computing volumes of the grid elements.
Non-linear iter.: 363/500. Linear iter.: 4. Min. area: 0.000148452. Error: 2.91609e-11.
Computing volumes of the grid elements.
Min. volume: 0.000148452, max. volume: 36.6087.

# FGMRES residual history
# Residual tolerance target = 1e-10
# Initial residual norm     = 5.78472e-10
     0     1
# FGMRES final (true) residual:
# Iteration = 4: |res|/|res0| = 2.91609e-11.

Computing volumes of the grid elements.
Non-linear iter.: 364/500. Linear iter.: 4. Min. area: 0.000148452. Error: 2.91609e-11.
Computing volumes of the grid elements.
Min. volume: 0.000148452, max. volume: 36.6087.

# FGMRES residual history
# Residual tolerance target = 1e-10
# Initial residual norm     = 5.7847e-10
     0     1
# FGMRES final (true) residual:
# Iteration = 4: |res|/|res0| = 2.9161e-11.

Computing volumes of the grid elements.
Non-linear iter.: 365/500. Linear iter.: 4. Min. area: 0.000148452. Error: 2.9161e-11.
Computing volumes of the grid elements.
Min. volume: 0.000148452, max. volume: 36.6087.

# FGMRES residual history
# Residual tolerance target = 1e-10
# Initial residual norm     = 5.78468e-10
     0     1
# FGMRES final (true) residual:
# Iteration = 4: |res|/|res0| = 2.91611e-11.

Computing volumes of the grid elements.
Non-linear iter.: 366/500. Linear iter.: 4. Min. area: 0.000148452. Error: 2.91611e-11.
Computing volumes of the grid elements.
Min. volume: 0.000148452, max. volume: 36.6087.

# FGMRES residual history
# Residual tolerance target = 1e-10
# Initial residual norm     = 5.78465e-10
     0     1
# FGMRES final (true) residual:
# Iteration = 4: |res|/|res0| = 2.91612e-11.

Computing volumes of the grid elements.
Non-linear iter.: 367/500. Linear iter.: 4. Min. area: 0.000148452. Error: 2.91612e-11.
Computing volumes of the grid elements.
Min. volume: 0.000148452, max. volume: 36.6087.

# FGMRES residual history
# Residual tolerance target = 1e-10
# Initial residual norm     = 5.78463e-10
     0     1
# FGMRES final (true) residual:
# Iteration = 4: |res|/|res0| = 2.91613e-11.

Computing volumes of the grid elements.
Non-linear iter.: 368/500. Linear iter.: 4. Min. area: 0.000148452. Error: 2.91613e-11.
Computing volumes of the grid elements.
Min. volume: 0.000148452, max. volume: 36.6087.

# FGMRES residual history
# Residual tolerance target = 1e-10
# Initial residual norm     = 5.78461e-10
     0     1
# FGMRES final (true) residual:
# Iteration = 4: |res|/|res0| = 2.91614e-11.

Computing volumes of the grid elements.
Non-linear iter.: 369/500. Linear iter.: 4. Min. area: 0.000148452. Error: 2.91614e-11.
Computing volumes of the grid elements.
Min. volume: 0.000148452, max. volume: 36.6087.

# FGMRES residual history
# Residual tolerance target = 1e-10
# Initial residual norm     = 5.78458e-10
     0     1
# FGMRES final (true) residual:
# Iteration = 4: |res|/|res0| = 2.91614e-11.

Computing volumes of the grid elements.
Non-linear iter.: 370/500. Linear iter.: 4. Min. area: 0.000148452. Error: 2.91614e-11.
Computing volumes of the grid elements.
Min. volume: 0.000148452, max. volume: 36.6087.

# FGMRES residual history
# Residual tolerance target = 1e-10
# Initial residual norm     = 5.78456e-10
     0     1
# FGMRES final (true) residual:
# Iteration = 4: |res|/|res0| = 2.91615e-11.

Computing volumes of the grid elements.
Non-linear iter.: 371/500. Linear iter.: 4. Min. area: 0.000148452. Error: 2.91615e-11.
Computing volumes of the grid elements.
Min. volume: 0.000148452, max. volume: 36.6087.

# FGMRES residual history
# Residual tolerance target = 1e-10
# Initial residual norm     = 5.78454e-10
     0     1
# FGMRES final (true) residual:
# Iteration = 4: |res|/|res0| = 2.91616e-11.

Computing volumes of the grid elements.
Non-linear iter.: 372/500. Linear iter.: 4. Min. area: 0.000148452. Error: 2.91616e-11.
Computing volumes of the grid elements.
Min. volume: 0.000148452, max. volume: 36.6087.

# FGMRES residual history
# Residual tolerance target = 1e-10
# Initial residual norm     = 5.78452e-10
     0     1
# FGMRES final (true) residual:
# Iteration = 4: |res|/|res0| = 2.91617e-11.

Computing volumes of the grid elements.
Non-linear iter.: 373/500. Linear iter.: 4. Min. area: 0.000148452. Error: 2.91617e-11.
Computing volumes of the grid elements.
Min. volume: 0.000148452, max. volume: 36.6087.

# FGMRES residual history
# Residual tolerance target = 1e-10
# Initial residual norm     = 5.78449e-10
     0     1
# FGMRES final (true) residual:
# Iteration = 4: |res|/|res0| = 2.91618e-11.

Computing volumes of the grid elements.
Non-linear iter.: 374/500. Linear iter.: 4. Min. area: 0.000148452. Error: 2.91618e-11.
Computing volumes of the grid elements.
Min. volume: 0.000148452, max. volume: 36.6087.

# FGMRES residual history
# Residual tolerance target = 1e-10
# Initial residual norm     = 5.78447e-10
     0     1
# FGMRES final (true) residual:
# Iteration = 4: |res|/|res0| = 2.91619e-11.

Computing volumes of the grid elements.
Non-linear iter.: 375/500. Linear iter.: 4. Min. area: 0.000148452. Error: 2.91619e-11.
Computing volumes of the grid elements.
Min. volume: 0.000148452, max. volume: 36.6087.

# FGMRES residual history
# Residual tolerance target = 1e-10
# Initial residual norm     = 5.78445e-10
     0     1
# FGMRES final (true) residual:
# Iteration = 4: |res|/|res0| = 2.91619e-11.

Computing volumes of the grid elements.
Non-linear iter.: 376/500. Linear iter.: 4. Min. area: 0.000148452. Error: 2.91619e-11.
Computing volumes of the grid elements.
Min. volume: 0.000148452, max. volume: 36.6087.

# FGMRES residual history
# Residual tolerance target = 1e-10
# Initial residual norm     = 5.78442e-10
     0     1
# FGMRES final (true) residual:
# Iteration = 4: |res|/|res0| = 2.9162e-11.

Computing volumes of the grid elements.
Non-linear iter.: 377/500. Linear iter.: 4. Min. area: 0.000148452. Error: 2.9162e-11.
Computing volumes of the grid elements.
Min. volume: 0.000148452, max. volume: 36.6087.

# FGMRES residual history
# Residual tolerance target = 1e-10
# Initial residual norm     = 5.7844e-10
     0     1
# FGMRES final (true) residual:
# Iteration = 4: |res|/|res0| = 2.91621e-11.

Computing volumes of the grid elements.
Non-linear iter.: 378/500. Linear iter.: 4. Min. area: 0.000148452. Error: 2.91621e-11.
Computing volumes of the grid elements.
Min. volume: 0.000148452, max. volume: 36.6087.

# FGMRES residual history
# Residual tolerance target = 1e-10
# Initial residual norm     = 5.78438e-10
     0     1
# FGMRES final (true) residual:
# Iteration = 4: |res|/|res0| = 2.91622e-11.

Computing volumes of the grid elements.
Non-linear iter.: 379/500. Linear iter.: 4. Min. area: 0.000148452. Error: 2.91622e-11.
Computing volumes of the grid elements.
Min. volume: 0.000148452, max. volume: 36.6087.

# FGMRES residual history
# Residual tolerance target = 1e-10
# Initial residual norm     = 5.78435e-10
     0     1
# FGMRES final (true) residual:
# Iteration = 4: |res|/|res0| = 2.91623e-11.

Computing volumes of the grid elements.
Non-linear iter.: 380/500. Linear iter.: 4. Min. area: 0.000148452. Error: 2.91623e-11.
Computing volumes of the grid elements.
Min. volume: 0.000148452, max. volume: 36.6087.

# FGMRES residual history
# Residual tolerance target = 1e-10
# Initial residual norm     = 5.78433e-10
     0     1
# FGMRES final (true) residual:
# Iteration = 4: |res|/|res0| = 2.91624e-11.

Computing volumes of the grid elements.
Non-linear iter.: 381/500. Linear iter.: 4. Min. area: 0.000148452. Error: 2.91624e-11.
Computing volumes of the grid elements.
Min. volume: 0.000148452, max. volume: 36.6087.

# FGMRES residual history
# Residual tolerance target = 1e-10
# Initial residual norm     = 5.78431e-10
     0     1
# FGMRES final (true) residual:
# Iteration = 4: |res|/|res0| = 2.91624e-11.

Computing volumes of the grid elements.
Non-linear iter.: 382/500. Linear iter.: 4. Min. area: 0.000148452. Error: 2.91624e-11.
Computing volumes of the grid elements.
Min. volume: 0.000148452, max. volume: 36.6087.

# FGMRES residual history
# Residual tolerance target = 1e-10
# Initial residual norm     = 5.78429e-10
     0     1
# FGMRES final (true) residual:
# Iteration = 4: |res|/|res0| = 2.91625e-11.

Computing volumes of the grid elements.
Non-linear iter.: 383/500. Linear iter.: 4. Min. area: 0.000148452. Error: 2.91625e-11.
Computing volumes of the grid elements.
Min. volume: 0.000148452, max. volume: 36.6087.

# FGMRES residual history
# Residual tolerance target = 1e-10
# Initial residual norm     = 5.78426e-10
     0     1
# FGMRES final (true) residual:
# Iteration = 4: |res|/|res0| = 2.91626e-11.

Computing volumes of the grid elements.
Non-linear iter.: 384/500. Linear iter.: 4. Min. area: 0.000148452. Error: 2.91626e-11.
Computing volumes of the grid elements.
Min. volume: 0.000148452, max. volume: 36.6087.

# FGMRES residual history
# Residual tolerance target = 1e-10
# Initial residual norm     = 5.78424e-10
     0     1
# FGMRES final (true) residual:
# Iteration = 4: |res|/|res0| = 2.91627e-11.

Computing volumes of the grid elements.
Non-linear iter.: 385/500. Linear iter.: 4. Min. area: 0.000148452. Error: 2.91627e-11.
Computing volumes of the grid elements.
Min. volume: 0.000148452, max. volume: 36.6087.

# FGMRES residual history
# Residual tolerance target = 1e-10
# Initial residual norm     = 5.78422e-10
     0     1
# FGMRES final (true) residual:
# Iteration = 4: |res|/|res0| = 2.91628e-11.

Computing volumes of the grid elements.
Non-linear iter.: 386/500. Linear iter.: 4. Min. area: 0.000148452. Error: 2.91628e-11.
Computing volumes of the grid elements.
Min. volume: 0.000148452, max. volume: 36.6087.

# FGMRES residual history
# Residual tolerance target = 1e-10
# Initial residual norm     = 5.78419e-10
     0     1
# FGMRES final (true) residual:
# Iteration = 4: |res|/|res0| = 2.91629e-11.

Computing volumes of the grid elements.
Non-linear iter.: 387/500. Linear iter.: 4. Min. area: 0.000148452. Error: 2.91629e-11.
Computing volumes of the grid elements.
Min. volume: 0.000148452, max. volume: 36.6087.

# FGMRES residual history
# Residual tolerance target = 1e-10
# Initial residual norm     = 5.78417e-10
     0     1
# FGMRES final (true) residual:
# Iteration = 4: |res|/|res0| = 2.91629e-11.

Computing volumes of the grid elements.
Non-linear iter.: 388/500. Linear iter.: 4. Min. area: 0.000148452. Error: 2.91629e-11.
Computing volumes of the grid elements.
Min. volume: 0.000148452, max. volume: 36.6087.

# FGMRES residual history
# Residual tolerance target = 1e-10
# Initial residual norm     = 5.78415e-10
     0     1
# FGMRES final (true) residual:
# Iteration = 4: |res|/|res0| = 2.9163e-11.

Computing volumes of the grid elements.
Non-linear iter.: 389/500. Linear iter.: 4. Min. area: 0.000148452. Error: 2.9163e-11.
Computing volumes of the grid elements.
Min. volume: 0.000148452, max. volume: 36.6087.

# FGMRES residual history
# Residual tolerance target = 1e-10
# Initial residual norm     = 5.78413e-10
     0     1
# FGMRES final (true) residual:
# Iteration = 4: |res|/|res0| = 2.91631e-11.

Computing volumes of the grid elements.
Non-linear iter.: 390/500. Linear iter.: 4. Min. area: 0.000148452. Error: 2.91631e-11.
Computing volumes of the grid elements.
Min. volume: 0.000148452, max. volume: 36.6087.

# FGMRES residual history
# Residual tolerance target = 1e-10
# Initial residual norm     = 5.7841e-10
     0     1
# FGMRES final (true) residual:
# Iteration = 4: |res|/|res0| = 2.91632e-11.

Computing volumes of the grid elements.
Non-linear iter.: 391/500. Linear iter.: 4. Min. area: 0.000148452. Error: 2.91632e-11.
Computing volumes of the grid elements.
Min. volume: 0.000148452, max. volume: 36.6087.

# FGMRES residual history
# Residual tolerance target = 1e-10
# Initial residual norm     = 5.78408e-10
     0     1
# FGMRES final (true) residual:
# Iteration = 4: |res|/|res0| = 2.91633e-11.

Computing volumes of the grid elements.
Non-linear iter.: 392/500. Linear iter.: 4. Min. area: 0.000148452. Error: 2.91633e-11.
Computing volumes of the grid elements.
Min. volume: 0.000148452, max. volume: 36.6087.

# FGMRES residual history
# Residual tolerance target = 1e-10
# Initial residual norm     = 5.78406e-10
     0     1
# FGMRES final (true) residual:
# Iteration = 4: |res|/|res0| = 2.91634e-11.

Computing volumes of the grid elements.
Non-linear iter.: 393/500. Linear iter.: 4. Min. area: 0.000148452. Error: 2.91634e-11.
Computing volumes of the grid elements.
Min. volume: 0.000148452, max. volume: 36.6087.

# FGMRES residual history
# Residual tolerance target = 1e-10
# Initial residual norm     = 5.78403e-10
     0     1
# FGMRES final (true) residual:
# Iteration = 4: |res|/|res0| = 2.91634e-11.

Computing volumes of the grid elements.
Non-linear iter.: 394/500. Linear iter.: 4. Min. area: 0.000148452. Error: 2.91634e-11.
Computing volumes of the grid elements.
Min. volume: 0.000148452, max. volume: 36.6087.

# FGMRES residual history
# Residual tolerance target = 1e-10
# Initial residual norm     = 5.78401e-10
     0     1
# FGMRES final (true) residual:
# Iteration = 4: |res|/|res0| = 2.91635e-11.

Computing volumes of the grid elements.
Non-linear iter.: 395/500. Linear iter.: 4. Min. area: 0.000148452. Error: 2.91635e-11.
Computing volumes of the grid elements.
Min. volume: 0.000148452, max. volume: 36.6087.

# FGMRES residual history
# Residual tolerance target = 1e-10
# Initial residual norm     = 5.78399e-10
     0     1
# FGMRES final (true) residual:
# Iteration = 4: |res|/|res0| = 2.91636e-11.

Computing volumes of the grid elements.
Non-linear iter.: 396/500. Linear iter.: 4. Min. area: 0.000148452. Error: 2.91636e-11.
Computing volumes of the grid elements.
Min. volume: 0.000148452, max. volume: 36.6087.

# FGMRES residual history
# Residual tolerance target = 1e-10
# Initial residual norm     = 5.78396e-10
     0     1
# FGMRES final (true) residual:
# Iteration = 4: |res|/|res0| = 2.91637e-11.

Computing volumes of the grid elements.
Non-linear iter.: 397/500. Linear iter.: 4. Min. area: 0.000148452. Error: 2.91637e-11.
Computing volumes of the grid elements.
Min. volume: 0.000148452, max. volume: 36.6087.

# FGMRES residual history
# Residual tolerance target = 1e-10
# Initial residual norm     = 5.78394e-10
     0     1
# FGMRES final (true) residual:
# Iteration = 4: |res|/|res0| = 2.91638e-11.

Computing volumes of the grid elements.
Non-linear iter.: 398/500. Linear iter.: 4. Min. area: 0.000148452. Error: 2.91638e-11.
Computing volumes of the grid elements.
Min. volume: 0.000148452, max. volume: 36.6087.

# FGMRES residual history
# Residual tolerance target = 1e-10
# Initial residual norm     = 5.78392e-10
     0     1
# FGMRES final (true) residual:
# Iteration = 4: |res|/|res0| = 2.91638e-11.

Computing volumes of the grid elements.
Non-linear iter.: 399/500. Linear iter.: 4. Min. area: 0.000148452. Error: 2.91638e-11.
Computing volumes of the grid elements.
Min. volume: 0.000148452, max. volume: 36.6087.

# FGMRES residual history
# Residual tolerance target = 1e-10
# Initial residual norm     = 5.7839e-10
     0     1
# FGMRES final (true) residual:
# Iteration = 4: |res|/|res0| = 2.91639e-11.

Computing volumes of the grid elements.
Non-linear iter.: 400/500. Linear iter.: 4. Min. area: 0.000148452. Error: 2.91639e-11.
Computing volumes of the grid elements.
Min. volume: 0.000148452, max. volume: 36.6087.

# FGMRES residual history
# Residual tolerance target = 1e-10
# Initial residual norm     = 5.78387e-10
     0     1
# FGMRES final (true) residual:
# Iteration = 4: |res|/|res0| = 2.9164e-11.

Computing volumes of the grid elements.
Non-linear iter.: 401/500. Linear iter.: 4. Min. area: 0.000148452. Error: 2.9164e-11.
Computing volumes of the grid elements.
Min. volume: 0.000148452, max. volume: 36.6087.

# FGMRES residual history
# Residual tolerance target = 1e-10
# Initial residual norm     = 5.78385e-10
     0     1
# FGMRES final (true) residual:
# Iteration = 4: |res|/|res0| = 2.91641e-11.

Computing volumes of the grid elements.
Non-linear iter.: 402/500. Linear iter.: 4. Min. area: 0.000148452. Error: 2.91641e-11.
Computing volumes of the grid elements.
Min. volume: 0.000148452, max. volume: 36.6087.

# FGMRES residual history
# Residual tolerance target = 1e-10
# Initial residual norm     = 5.78383e-10
     0     1
# FGMRES final (true) residual:
# Iteration = 4: |res|/|res0| = 2.91642e-11.

Computing volumes of the grid elements.
Non-linear iter.: 403/500. Linear iter.: 4. Min. area: 0.000148452. Error: 2.91642e-11.
Computing volumes of the grid elements.
Min. volume: 0.000148452, max. volume: 36.6087.

# FGMRES residual history
# Residual tolerance target = 1e-10
# Initial residual norm     = 5.7838e-10
     0     1
# FGMRES final (true) residual:
# Iteration = 4: |res|/|res0| = 2.91643e-11.

Computing volumes of the grid elements.
Non-linear iter.: 404/500. Linear iter.: 4. Min. area: 0.000148452. Error: 2.91643e-11.
Computing volumes of the grid elements.
Min. volume: 0.000148452, max. volume: 36.6087.

# FGMRES residual history
# Residual tolerance target = 1e-10
# Initial residual norm     = 5.78378e-10
     0     1
# FGMRES final (true) residual:
# Iteration = 4: |res|/|res0| = 2.91643e-11.

Computing volumes of the grid elements.
Non-linear iter.: 405/500. Linear iter.: 4. Min. area: 0.000148452. Error: 2.91643e-11.
Computing volumes of the grid elements.
Min. volume: 0.000148452, max. volume: 36.6087.

# FGMRES residual history
# Residual tolerance target = 1e-10
# Initial residual norm     = 5.78376e-10
     0     1
# FGMRES final (true) residual:
# Iteration = 4: |res|/|res0| = 2.91644e-11.

Computing volumes of the grid elements.
Non-linear iter.: 406/500. Linear iter.: 4. Min. area: 0.000148452. Error: 2.91644e-11.
Computing volumes of the grid elements.
Min. volume: 0.000148452, max. volume: 36.6087.

# FGMRES residual history
# Residual tolerance target = 1e-10
# Initial residual norm     = 5.78374e-10
     0     1
# FGMRES final (true) residual:
# Iteration = 4: |res|/|res0| = 2.91645e-11.

Computing volumes of the grid elements.
Non-linear iter.: 407/500. Linear iter.: 4. Min. area: 0.000148452. Error: 2.91645e-11.
Computing volumes of the grid elements.
Min. volume: 0.000148452, max. volume: 36.6087.

# FGMRES residual history
# Residual tolerance target = 1e-10
# Initial residual norm     = 5.78371e-10
     0     1
# FGMRES final (true) residual:
# Iteration = 4: |res|/|res0| = 2.91646e-11.

Computing volumes of the grid elements.
Non-linear iter.: 408/500. Linear iter.: 4. Min. area: 0.000148452. Error: 2.91646e-11.
Computing volumes of the grid elements.
Min. volume: 0.000148452, max. volume: 36.6087.

# FGMRES residual history
# Residual tolerance target = 1e-10
# Initial residual norm     = 5.78369e-10
     0     1
# FGMRES final (true) residual:
# Iteration = 4: |res|/|res0| = 2.91647e-11.

Computing volumes of the grid elements.
Non-linear iter.: 409/500. Linear iter.: 4. Min. area: 0.000148452. Error: 2.91647e-11.
Computing volumes of the grid elements.
Min. volume: 0.000148452, max. volume: 36.6087.

# FGMRES residual history
# Residual tolerance target = 1e-10
# Initial residual norm     = 5.78367e-10
     0     1
# FGMRES final (true) residual:
# Iteration = 4: |res|/|res0| = 2.91648e-11.

Computing volumes of the grid elements.
Non-linear iter.: 410/500. Linear iter.: 4. Min. area: 0.000148452. Error: 2.91648e-11.
Computing volumes of the grid elements.
Min. volume: 0.000148452, max. volume: 36.6088.

# FGMRES residual history
# Residual tolerance target = 1e-10
# Initial residual norm     = 5.78364e-10
     0     1
# FGMRES final (true) residual:
# Iteration = 4: |res|/|res0| = 2.91648e-11.

Computing volumes of the grid elements.
Non-linear iter.: 411/500. Linear iter.: 4. Min. area: 0.000148452. Error: 2.91648e-11.
Computing volumes of the grid elements.
Min. volume: 0.000148452, max. volume: 36.6088.

# FGMRES residual history
# Residual tolerance target = 1e-10
# Initial residual norm     = 5.78362e-10
     0     1
# FGMRES final (true) residual:
# Iteration = 4: |res|/|res0| = 2.91649e-11.

Computing volumes of the grid elements.
Non-linear iter.: 412/500. Linear iter.: 4. Min. area: 0.000148452. Error: 2.91649e-11.
Computing volumes of the grid elements.
Min. volume: 0.000148452, max. volume: 36.6088.

# FGMRES residual history
# Residual tolerance target = 1e-10
# Initial residual norm     = 5.7836e-10
     0     1
# FGMRES final (true) residual:
# Iteration = 4: |res|/|res0| = 2.9165e-11.

Computing volumes of the grid elements.
Non-linear iter.: 413/500. Linear iter.: 4. Min. area: 0.000148452. Error: 2.9165e-11.
Computing volumes of the grid elements.
Min. volume: 0.000148452, max. volume: 36.6088.

# FGMRES residual history
# Residual tolerance target = 1e-10
# Initial residual norm     = 5.78358e-10
     0     1
# FGMRES final (true) residual:
# Iteration = 4: |res|/|res0| = 2.91651e-11.

Computing volumes of the grid elements.
Non-linear iter.: 414/500. Linear iter.: 4. Min. area: 0.000148452. Error: 2.91651e-11.
Computing volumes of the grid elements.
Min. volume: 0.000148452, max. volume: 36.6088.

# FGMRES residual history
# Residual tolerance target = 1e-10
# Initial residual norm     = 5.78355e-10
     0     1
# FGMRES final (true) residual:
# Iteration = 4: |res|/|res0| = 2.91652e-11.

Computing volumes of the grid elements.
Non-linear iter.: 415/500. Linear iter.: 4. Min. area: 0.000148452. Error: 2.91652e-11.
Computing volumes of the grid elements.
Min. volume: 0.000148452, max. volume: 36.6088.

# FGMRES residual history
# Residual tolerance target = 1e-10
# Initial residual norm     = 5.78353e-10
     0     1
# FGMRES final (true) residual:
# Iteration = 4: |res|/|res0| = 2.91653e-11.

Computing volumes of the grid elements.
Non-linear iter.: 416/500. Linear iter.: 4. Min. area: 0.000148452. Error: 2.91653e-11.
Computing volumes of the grid elements.
Min. volume: 0.000148452, max. volume: 36.6088.

# FGMRES residual history
# Residual tolerance target = 1e-10
# Initial residual norm     = 5.78351e-10
     0     1
# FGMRES final (true) residual:
# Iteration = 4: |res|/|res0| = 2.91653e-11.

Computing volumes of the grid elements.
Non-linear iter.: 417/500. Linear iter.: 4. Min. area: 0.000148452. Error: 2.91653e-11.
Computing volumes of the grid elements.
Min. volume: 0.000148452, max. volume: 36.6088.

# FGMRES residual history
# Residual tolerance target = 1e-10
# Initial residual norm     = 5.78348e-10
     0     1
# FGMRES final (true) residual:
# Iteration = 4: |res|/|res0| = 2.91654e-11.

Computing volumes of the grid elements.
Non-linear iter.: 418/500. Linear iter.: 4. Min. area: 0.000148452. Error: 2.91654e-11.
Computing volumes of the grid elements.
Min. volume: 0.000148452, max. volume: 36.6088.

# FGMRES residual history
# Residual tolerance target = 1e-10
# Initial residual norm     = 5.78346e-10
     0     1
# FGMRES final (true) residual:
# Iteration = 4: |res|/|res0| = 2.91655e-11.

Computing volumes of the grid elements.
Non-linear iter.: 419/500. Linear iter.: 4. Min. area: 0.000148452. Error: 2.91655e-11.
Computing volumes of the grid elements.
Min. volume: 0.000148452, max. volume: 36.6088.

# FGMRES residual history
# Residual tolerance target = 1e-10
# Initial residual norm     = 5.78344e-10
     0     1
# FGMRES final (true) residual:
# Iteration = 4: |res|/|res0| = 2.91656e-11.

Computing volumes of the grid elements.
Non-linear iter.: 420/500. Linear iter.: 4. Min. area: 0.000148452. Error: 2.91656e-11.
Computing volumes of the grid elements.
Min. volume: 0.000148452, max. volume: 36.6088.

# FGMRES residual history
# Residual tolerance target = 1e-10
# Initial residual norm     = 5.78342e-10
     0     1
# FGMRES final (true) residual:
# Iteration = 4: |res|/|res0| = 2.91657e-11.

Computing volumes of the grid elements.
Non-linear iter.: 421/500. Linear iter.: 4. Min. area: 0.000148452. Error: 2.91657e-11.
Computing volumes of the grid elements.
Min. volume: 0.000148452, max. volume: 36.6088.

# FGMRES residual history
# Residual tolerance target = 1e-10
# Initial residual norm     = 5.78339e-10
     0     1
# FGMRES final (true) residual:
# Iteration = 4: |res|/|res0| = 2.91658e-11.

Computing volumes of the grid elements.
Non-linear iter.: 422/500. Linear iter.: 4. Min. area: 0.000148452. Error: 2.91658e-11.
Computing volumes of the grid elements.
Min. volume: 0.000148452, max. volume: 36.6088.

# FGMRES residual history
# Residual tolerance target = 1e-10
# Initial residual norm     = 5.78337e-10
     0     1
# FGMRES final (true) residual:
# Iteration = 4: |res|/|res0| = 2.91658e-11.

Computing volumes of the grid elements.
Non-linear iter.: 423/500. Linear iter.: 4. Min. area: 0.000148452. Error: 2.91658e-11.
Computing volumes of the grid elements.
Min. volume: 0.000148452, max. volume: 36.6088.

# FGMRES residual history
# Residual tolerance target = 1e-10
# Initial residual norm     = 5.78335e-10
     0     1
# FGMRES final (true) residual:
# Iteration = 4: |res|/|res0| = 2.91659e-11.

Computing volumes of the grid elements.
Non-linear iter.: 424/500. Linear iter.: 4. Min. area: 0.000148452. Error: 2.91659e-11.
Computing volumes of the grid elements.
Min. volume: 0.000148452, max. volume: 36.6088.

# FGMRES residual history
# Residual tolerance target = 1e-10
# Initial residual norm     = 5.78332e-10
     0     1
# FGMRES final (true) residual:
# Iteration = 4: |res|/|res0| = 2.9166e-11.

Computing volumes of the grid elements.
Non-linear iter.: 425/500. Linear iter.: 4. Min. area: 0.000148452. Error: 2.9166e-11.
Computing volumes of the grid elements.
Min. volume: 0.000148452, max. volume: 36.6088.

# FGMRES residual history
# Residual tolerance target = 1e-10
# Initial residual norm     = 5.7833e-10
     0     1
# FGMRES final (true) residual:
# Iteration = 4: |res|/|res0| = 2.91661e-11.

Computing volumes of the grid elements.
Non-linear iter.: 426/500. Linear iter.: 4. Min. area: 0.000148452. Error: 2.91661e-11.
Computing volumes of the grid elements.
Min. volume: 0.000148452, max. volume: 36.6088.

# FGMRES residual history
# Residual tolerance target = 1e-10
# Initial residual norm     = 5.78328e-10
     0     1
# FGMRES final (true) residual:
# Iteration = 4: |res|/|res0| = 2.91662e-11.

Computing volumes of the grid elements.
Non-linear iter.: 427/500. Linear iter.: 4. Min. area: 0.000148452. Error: 2.91662e-11.
Computing volumes of the grid elements.
Min. volume: 0.000148452, max. volume: 36.6088.

# FGMRES residual history
# Residual tolerance target = 1e-10
# Initial residual norm     = 5.78325e-10
     0     1
# FGMRES final (true) residual:
# Iteration = 4: |res|/|res0| = 2.91662e-11.

Computing volumes of the grid elements.
Non-linear iter.: 428/500. Linear iter.: 4. Min. area: 0.000148452. Error: 2.91662e-11.
Computing volumes of the grid elements.
Min. volume: 0.000148452, max. volume: 36.6088.

# FGMRES residual history
# Residual tolerance target = 1e-10
# Initial residual norm     = 5.78323e-10
     0     1
# FGMRES final (true) residual:
# Iteration = 4: |res|/|res0| = 2.91663e-11.

Computing volumes of the grid elements.
Non-linear iter.: 429/500. Linear iter.: 4. Min. area: 0.000148452. Error: 2.91663e-11.
Computing volumes of the grid elements.
Min. volume: 0.000148452, max. volume: 36.6088.

# FGMRES residual history
# Residual tolerance target = 1e-10
# Initial residual norm     = 5.78321e-10
     0     1
# FGMRES final (true) residual:
# Iteration = 4: |res|/|res0| = 2.91664e-11.

Computing volumes of the grid elements.
Non-linear iter.: 430/500. Linear iter.: 4. Min. area: 0.000148452. Error: 2.91664e-11.
Computing volumes of the grid elements.
Min. volume: 0.000148452, max. volume: 36.6088.

# FGMRES residual history
# Residual tolerance target = 1e-10
# Initial residual norm     = 5.78319e-10
     0     1
# FGMRES final (true) residual:
# Iteration = 4: |res|/|res0| = 2.91665e-11.

Computing volumes of the grid elements.
Non-linear iter.: 431/500. Linear iter.: 4. Min. area: 0.000148452. Error: 2.91665e-11.
Computing volumes of the grid elements.
Min. volume: 0.000148452, max. volume: 36.6088.

# FGMRES residual history
# Residual tolerance target = 1e-10
# Initial residual norm     = 5.78316e-10
     0     1
# FGMRES final (true) residual:
# Iteration = 4: |res|/|res0| = 2.91666e-11.

Computing volumes of the grid elements.
Non-linear iter.: 432/500. Linear iter.: 4. Min. area: 0.000148452. Error: 2.91666e-11.
Computing volumes of the grid elements.
Min. volume: 0.000148452, max. volume: 36.6088.

# FGMRES residual history
# Residual tolerance target = 1e-10
# Initial residual norm     = 5.78314e-10
     0     1
# FGMRES final (true) residual:
# Iteration = 4: |res|/|res0| = 2.91667e-11.

Computing volumes of the grid elements.
Non-linear iter.: 433/500. Linear iter.: 4. Min. area: 0.000148452. Error: 2.91667e-11.
Computing volumes of the grid elements.
Min. volume: 0.000148452, max. volume: 36.6088.

# FGMRES residual history
# Residual tolerance target = 1e-10
# Initial residual norm     = 5.78312e-10
     0     1
# FGMRES final (true) residual:
# Iteration = 4: |res|/|res0| = 2.91667e-11.

Computing volumes of the grid elements.
Non-linear iter.: 434/500. Linear iter.: 4. Min. area: 0.000148452. Error: 2.91667e-11.
Computing volumes of the grid elements.
Min. volume: 0.000148452, max. volume: 36.6088.

# FGMRES residual history
# Residual tolerance target = 1e-10
# Initial residual norm     = 5.78309e-10
     0     1
# FGMRES final (true) residual:
# Iteration = 4: |res|/|res0| = 2.91668e-11.

Computing volumes of the grid elements.
Non-linear iter.: 435/500. Linear iter.: 4. Min. area: 0.000148452. Error: 2.91668e-11.
Computing volumes of the grid elements.
Min. volume: 0.000148452, max. volume: 36.6088.

# FGMRES residual history
# Residual tolerance target = 1e-10
# Initial residual norm     = 5.78307e-10
     0     1
# FGMRES final (true) residual:
# Iteration = 4: |res|/|res0| = 2.91669e-11.

Computing volumes of the grid elements.
Non-linear iter.: 436/500. Linear iter.: 4. Min. area: 0.000148452. Error: 2.91669e-11.
Computing volumes of the grid elements.
Min. volume: 0.000148452, max. volume: 36.6088.

# FGMRES residual history
# Residual tolerance target = 1e-10
# Initial residual norm     = 5.78305e-10
     0     1
# FGMRES final (true) residual:
# Iteration = 4: |res|/|res0| = 2.9167e-11.

Computing volumes of the grid elements.
Non-linear iter.: 437/500. Linear iter.: 4. Min. area: 0.000148452. Error: 2.9167e-11.
Computing volumes of the grid elements.
Min. volume: 0.000148452, max. volume: 36.6088.

# FGMRES residual history
# Residual tolerance target = 1e-10
# Initial residual norm     = 5.78303e-10
     0     1
# FGMRES final (true) residual:
# Iteration = 4: |res|/|res0| = 2.91671e-11.

Computing volumes of the grid elements.
Non-linear iter.: 438/500. Linear iter.: 4. Min. area: 0.000148452. Error: 2.91671e-11.
Computing volumes of the grid elements.
Min. volume: 0.000148452, max. volume: 36.6088.

# FGMRES residual history
# Residual tolerance target = 1e-10
# Initial residual norm     = 5.783e-10
     0     1
# FGMRES final (true) residual:
# Iteration = 4: |res|/|res0| = 2.91672e-11.

Computing volumes of the grid elements.
Non-linear iter.: 439/500. Linear iter.: 4. Min. area: 0.000148452. Error: 2.91672e-11.
Computing volumes of the grid elements.
Min. volume: 0.000148452, max. volume: 36.6088.

# FGMRES residual history
# Residual tolerance target = 1e-10
# Initial residual norm     = 5.78298e-10
     0     1
# FGMRES final (true) residual:
# Iteration = 4: |res|/|res0| = 2.91672e-11.

Computing volumes of the grid elements.
Non-linear iter.: 440/500. Linear iter.: 4. Min. area: 0.000148452. Error: 2.91672e-11.
Computing volumes of the grid elements.
Min. volume: 0.000148452, max. volume: 36.6088.

# FGMRES residual history
# Residual tolerance target = 1e-10
# Initial residual norm     = 5.78296e-10
     0     1
# FGMRES final (true) residual:
# Iteration = 4: |res|/|res0| = 2.91673e-11.

Computing volumes of the grid elements.
Non-linear iter.: 441/500. Linear iter.: 4. Min. area: 0.000148452. Error: 2.91673e-11.
Computing volumes of the grid elements.
Min. volume: 0.000148452, max. volume: 36.6088.

# FGMRES residual history
# Residual tolerance target = 1e-10
# Initial residual norm     = 5.78293e-10
     0     1
# FGMRES final (true) residual:
# Iteration = 4: |res|/|res0| = 2.91674e-11.

Computing volumes of the grid elements.
Non-linear iter.: 442/500. Linear iter.: 4. Min. area: 0.000148452. Error: 2.91674e-11.
Computing volumes of the grid elements.
Min. volume: 0.000148452, max. volume: 36.6088.

# FGMRES residual history
# Residual tolerance target = 1e-10
# Initial residual norm     = 5.78291e-10
     0     1
# FGMRES final (true) residual:
# Iteration = 4: |res|/|res0| = 2.91675e-11.

Computing volumes of the grid elements.
Non-linear iter.: 443/500. Linear iter.: 4. Min. area: 0.000148452. Error: 2.91675e-11.
Computing volumes of the grid elements.
Min. volume: 0.000148452, max. volume: 36.6088.

# FGMRES residual history
# Residual tolerance target = 1e-10
# Initial residual norm     = 5.78289e-10
     0     1
# FGMRES final (true) residual:
# Iteration = 4: |res|/|res0| = 2.91676e-11.

Computing volumes of the grid elements.
Non-linear iter.: 444/500. Linear iter.: 4. Min. area: 0.000148452. Error: 2.91676e-11.
Computing volumes of the grid elements.
Min. volume: 0.000148452, max. volume: 36.6088.

# FGMRES residual history
# Residual tolerance target = 1e-10
# Initial residual norm     = 5.78287e-10
     0     1
# FGMRES final (true) residual:
# Iteration = 4: |res|/|res0| = 2.91677e-11.

Computing volumes of the grid elements.
Non-linear iter.: 445/500. Linear iter.: 4. Min. area: 0.000148452. Error: 2.91677e-11.
Computing volumes of the grid elements.
Min. volume: 0.000148452, max. volume: 36.6088.

# FGMRES residual history
# Residual tolerance target = 1e-10
# Initial residual norm     = 5.78284e-10
     0     1
# FGMRES final (true) residual:
# Iteration = 4: |res|/|res0| = 2.91677e-11.

Computing volumes of the grid elements.
Non-linear iter.: 446/500. Linear iter.: 4. Min. area: 0.000148452. Error: 2.91677e-11.
Computing volumes of the grid elements.
Min. volume: 0.000148452, max. volume: 36.6088.

# FGMRES residual history
# Residual tolerance target = 1e-10
# Initial residual norm     = 5.78282e-10
     0     1
# FGMRES final (true) residual:
# Iteration = 4: |res|/|res0| = 2.91678e-11.

Computing volumes of the grid elements.
Non-linear iter.: 447/500. Linear iter.: 4. Min. area: 0.000148452. Error: 2.91678e-11.
Computing volumes of the grid elements.
Min. volume: 0.000148452, max. volume: 36.6088.

# FGMRES residual history
# Residual tolerance target = 1e-10
# Initial residual norm     = 5.7828e-10
     0     1
# FGMRES final (true) residual:
# Iteration = 4: |res|/|res0| = 2.91679e-11.

Computing volumes of the grid elements.
Non-linear iter.: 448/500. Linear iter.: 4. Min. area: 0.000148452. Error: 2.91679e-11.
Computing volumes of the grid elements.
Min. volume: 0.000148452, max. volume: 36.6088.

# FGMRES residual history
# Residual tolerance target = 1e-10
# Initial residual norm     = 5.78277e-10
     0     1
# FGMRES final (true) residual:
# Iteration = 4: |res|/|res0| = 2.9168e-11.

Computing volumes of the grid elements.
Non-linear iter.: 449/500. Linear iter.: 4. Min. area: 0.000148452. Error: 2.9168e-11.
Computing volumes of the grid elements.
Min. volume: 0.000148452, max. volume: 36.6088.

# FGMRES residual history
# Residual tolerance target = 1e-10
# Initial residual norm     = 5.78275e-10
     0     1
# FGMRES final (true) residual:
# Iteration = 4: |res|/|res0| = 2.91681e-11.

Computing volumes of the grid elements.
Non-linear iter.: 450/500. Linear iter.: 4. Min. area: 0.000148452. Error: 2.91681e-11.
Computing volumes of the grid elements.
Min. volume: 0.000148452, max. volume: 36.6088.

# FGMRES residual history
# Residual tolerance target = 1e-10
# Initial residual norm     = 5.78273e-10
     0     1
# FGMRES final (true) residual:
# Iteration = 4: |res|/|res0| = 2.91681e-11.

Computing volumes of the grid elements.
Non-linear iter.: 451/500. Linear iter.: 4. Min. area: 0.000148452. Error: 2.91681e-11.
Computing volumes of the grid elements.
Min. volume: 0.000148452, max. volume: 36.6088.

# FGMRES residual history
# Residual tolerance target = 1e-10
# Initial residual norm     = 5.78271e-10
     0     1
# FGMRES final (true) residual:
# Iteration = 4: |res|/|res0| = 2.91682e-11.

Computing volumes of the grid elements.
Non-linear iter.: 452/500. Linear iter.: 4. Min. area: 0.000148452. Error: 2.91682e-11.
Computing volumes of the grid elements.
Min. volume: 0.000148452, max. volume: 36.6088.

# FGMRES residual history
# Residual tolerance target = 1e-10
# Initial residual norm     = 5.78268e-10
     0     1
# FGMRES final (true) residual:
# Iteration = 4: |res|/|res0| = 2.91683e-11.

Computing volumes of the grid elements.
Non-linear iter.: 453/500. Linear iter.: 4. Min. area: 0.000148452. Error: 2.91683e-11.
Computing volumes of the grid elements.
Min. volume: 0.000148452, max. volume: 36.6088.

# FGMRES residual history
# Residual tolerance target = 1e-10
# Initial residual norm     = 5.78266e-10
     0     1
# FGMRES final (true) residual:
# Iteration = 4: |res|/|res0| = 2.91684e-11.

Computing volumes of the grid elements.
Non-linear iter.: 454/500. Linear iter.: 4. Min. area: 0.000148452. Error: 2.91684e-11.
Computing volumes of the grid elements.
Min. volume: 0.000148452, max. volume: 36.6088.

# FGMRES residual history
# Residual tolerance target = 1e-10
# Initial residual norm     = 5.78264e-10
     0     1
# FGMRES final (true) residual:
# Iteration = 4: |res|/|res0| = 2.91685e-11.

Computing volumes of the grid elements.
Non-linear iter.: 455/500. Linear iter.: 4. Min. area: 0.000148452. Error: 2.91685e-11.
Computing volumes of the grid elements.
Min. volume: 0.000148452, max. volume: 36.6088.

# FGMRES residual history
# Residual tolerance target = 1e-10
# Initial residual norm     = 5.78261e-10
     0     1
# FGMRES final (true) residual:
# Iteration = 4: |res|/|res0| = 2.91686e-11.

Computing volumes of the grid elements.
Non-linear iter.: 456/500. Linear iter.: 4. Min. area: 0.000148452. Error: 2.91686e-11.
Computing volumes of the grid elements.
Min. volume: 0.000148452, max. volume: 36.6088.

# FGMRES residual history
# Residual tolerance target = 1e-10
# Initial residual norm     = 5.78259e-10
     0     1
# FGMRES final (true) residual:
# Iteration = 4: |res|/|res0| = 2.91686e-11.

Computing volumes of the grid elements.
Non-linear iter.: 457/500. Linear iter.: 4. Min. area: 0.000148452. Error: 2.91686e-11.
Computing volumes of the grid elements.
Min. volume: 0.000148452, max. volume: 36.6088.

# FGMRES residual history
# Residual tolerance target = 1e-10
# Initial residual norm     = 5.78257e-10
     0     1
# FGMRES final (true) residual:
# Iteration = 4: |res|/|res0| = 2.91687e-11.

Computing volumes of the grid elements.
Non-linear iter.: 458/500. Linear iter.: 4. Min. area: 0.000148452. Error: 2.91687e-11.
Computing volumes of the grid elements.
Min. volume: 0.000148452, max. volume: 36.6088.

# FGMRES residual history
# Residual tolerance target = 1e-10
# Initial residual norm     = 5.78255e-10
     0     1
# FGMRES final (true) residual:
# Iteration = 4: |res|/|res0| = 2.91688e-11.

Computing volumes of the grid elements.
Non-linear iter.: 459/500. Linear iter.: 4. Min. area: 0.000148452. Error: 2.91688e-11.
Computing volumes of the grid elements.
Min. volume: 0.000148452, max. volume: 36.6088.

# FGMRES residual history
# Residual tolerance target = 1e-10
# Initial residual norm     = 5.78252e-10
     0     1
# FGMRES final (true) residual:
# Iteration = 4: |res|/|res0| = 2.91689e-11.

Computing volumes of the grid elements.
Non-linear iter.: 460/500. Linear iter.: 4. Min. area: 0.000148452. Error: 2.91689e-11.
Computing volumes of the grid elements.
Min. volume: 0.000148452, max. volume: 36.6088.

# FGMRES residual history
# Residual tolerance target = 1e-10
# Initial residual norm     = 5.7825e-10
     0     1
# FGMRES final (true) residual:
# Iteration = 4: |res|/|res0| = 2.9169e-11.

Computing volumes of the grid elements.
Non-linear iter.: 461/500. Linear iter.: 4. Min. area: 0.000148452. Error: 2.9169e-11.
Computing volumes of the grid elements.
Min. volume: 0.000148452, max. volume: 36.6088.

# FGMRES residual history
# Residual tolerance target = 1e-10
# Initial residual norm     = 5.78248e-10
     0     1
# FGMRES final (true) residual:
# Iteration = 4: |res|/|res0| = 2.91691e-11.

Computing volumes of the grid elements.
Non-linear iter.: 462/500. Linear iter.: 4. Min. area: 0.000148452. Error: 2.91691e-11.
Computing volumes of the grid elements.
Min. volume: 0.000148452, max. volume: 36.6088.

# FGMRES residual history
# Residual tolerance target = 1e-10
# Initial residual norm     = 5.78246e-10
     0     1
# FGMRES final (true) residual:
# Iteration = 4: |res|/|res0| = 2.91691e-11.

Computing volumes of the grid elements.
Non-linear iter.: 463/500. Linear iter.: 4. Min. area: 0.000148452. Error: 2.91691e-11.
Computing volumes of the grid elements.
Min. volume: 0.000148452, max. volume: 36.6088.

# FGMRES residual history
# Residual tolerance target = 1e-10
# Initial residual norm     = 5.78243e-10
     0     1
# FGMRES final (true) residual:
# Iteration = 4: |res|/|res0| = 2.91692e-11.

Computing volumes of the grid elements.
Non-linear iter.: 464/500. Linear iter.: 4. Min. area: 0.000148452. Error: 2.91692e-11.
Computing volumes of the grid elements.
Min. volume: 0.000148452, max. volume: 36.6088.

# FGMRES residual history
# Residual tolerance target = 1e-10
# Initial residual norm     = 5.78241e-10
     0     1
# FGMRES final (true) residual:
# Iteration = 4: |res|/|res0| = 2.91693e-11.

Computing volumes of the grid elements.
Non-linear iter.: 465/500. Linear iter.: 4. Min. area: 0.000148452. Error: 2.91693e-11.
Computing volumes of the grid elements.
Min. volume: 0.000148452, max. volume: 36.6088.

# FGMRES residual history
# Residual tolerance target = 1e-10
# Initial residual norm     = 5.78239e-10
     0     1
# FGMRES final (true) residual:
# Iteration = 4: |res|/|res0| = 2.91694e-11.

Computing volumes of the grid elements.
Non-linear iter.: 466/500. Linear iter.: 4. Min. area: 0.000148452. Error: 2.91694e-11.
Computing volumes of the grid elements.
Min. volume: 0.000148452, max. volume: 36.6088.

# FGMRES residual history
# Residual tolerance target = 1e-10
# Initial residual norm     = 5.78236e-10
     0     1
# FGMRES final (true) residual:
# Iteration = 4: |res|/|res0| = 2.91695e-11.

Computing volumes of the grid elements.
Non-linear iter.: 467/500. Linear iter.: 4. Min. area: 0.000148452. Error: 2.91695e-11.
Computing volumes of the grid elements.
Min. volume: 0.000148452, max. volume: 36.6088.

# FGMRES residual history
# Residual tolerance target = 1e-10
# Initial residual norm     = 5.78234e-10
     0     1
# FGMRES final (true) residual:
# Iteration = 4: |res|/|res0| = 2.91695e-11.

Computing volumes of the grid elements.
Non-linear iter.: 468/500. Linear iter.: 4. Min. area: 0.000148452. Error: 2.91695e-11.
Computing volumes of the grid elements.
Min. volume: 0.000148452, max. volume: 36.6088.

# FGMRES residual history
# Residual tolerance target = 1e-10
# Initial residual norm     = 5.78232e-10
     0     1
# FGMRES final (true) residual:
# Iteration = 4: |res|/|res0| = 2.91696e-11.

Computing volumes of the grid elements.
Non-linear iter.: 469/500. Linear iter.: 4. Min. area: 0.000148452. Error: 2.91696e-11.
Computing volumes of the grid elements.
Min. volume: 0.000148452, max. volume: 36.6088.

# FGMRES residual history
# Residual tolerance target = 1e-10
# Initial residual norm     = 5.7823e-10
     0     1
# FGMRES final (true) residual:
# Iteration = 4: |res|/|res0| = 2.91697e-11.

Computing volumes of the grid elements.
Non-linear iter.: 470/500. Linear iter.: 4. Min. area: 0.000148452. Error: 2.91697e-11.
Computing volumes of the grid elements.
Min. volume: 0.000148452, max. volume: 36.6088.

# FGMRES residual history
# Residual tolerance target = 1e-10
# Initial residual norm     = 5.78227e-10
     0     1
# FGMRES final (true) residual:
# Iteration = 4: |res|/|res0| = 2.91698e-11.

Computing volumes of the grid elements.
Non-linear iter.: 471/500. Linear iter.: 4. Min. area: 0.000148452. Error: 2.91698e-11.
Computing volumes of the grid elements.
Min. volume: 0.000148452, max. volume: 36.6088.

# FGMRES residual history
# Residual tolerance target = 1e-10
# Initial residual norm     = 5.78225e-10
     0     1
# FGMRES final (true) residual:
# Iteration = 4: |res|/|res0| = 2.91699e-11.

Computing volumes of the grid elements.
Non-linear iter.: 472/500. Linear iter.: 4. Min. area: 0.000148452. Error: 2.91699e-11.
Computing volumes of the grid elements.
Min. volume: 0.000148452, max. volume: 36.6088.

# FGMRES residual history
# Residual tolerance target = 1e-10
# Initial residual norm     = 5.78223e-10
     0     1
# FGMRES final (true) residual:
# Iteration = 4: |res|/|res0| = 2.917e-11.

Computing volumes of the grid elements.
Non-linear iter.: 473/500. Linear iter.: 4. Min. area: 0.000148452. Error: 2.917e-11.
Computing volumes of the grid elements.
Min. volume: 0.000148452, max. volume: 36.6088.

# FGMRES residual history
# Residual tolerance target = 1e-10
# Initial residual norm     = 5.7822e-10
     0     1
# FGMRES final (true) residual:
# Iteration = 4: |res|/|res0| = 2.917e-11.

Computing volumes of the grid elements.
Non-linear iter.: 474/500. Linear iter.: 4. Min. area: 0.000148452. Error: 2.917e-11.
Computing volumes of the grid elements.
Min. volume: 0.000148452, max. volume: 36.6088.

# FGMRES residual history
# Residual tolerance target = 1e-10
# Initial residual norm     = 5.78218e-10
     0     1
# FGMRES final (true) residual:
# Iteration = 4: |res|/|res0| = 2.91701e-11.

Computing volumes of the grid elements.
Non-linear iter.: 475/500. Linear iter.: 4. Min. area: 0.000148452. Error: 2.91701e-11.
Computing volumes of the grid elements.
Min. volume: 0.000148452, max. volume: 36.6088.

# FGMRES residual history
# Residual tolerance target = 1e-10
# Initial residual norm     = 5.78216e-10
     0     1
# FGMRES final (true) residual:
# Iteration = 4: |res|/|res0| = 2.91702e-11.

Computing volumes of the grid elements.
Non-linear iter.: 476/500. Linear iter.: 4. Min. area: 0.000148452. Error: 2.91702e-11.
Computing volumes of the grid elements.
Min. volume: 0.000148452, max. volume: 36.6088.

# FGMRES residual history
# Residual tolerance target = 1e-10
# Initial residual norm     = 5.78214e-10
     0     1
# FGMRES final (true) residual:
# Iteration = 4: |res|/|res0| = 2.91703e-11.

Computing volumes of the grid elements.
Non-linear iter.: 477/500. Linear iter.: 4. Min. area: 0.000148452. Error: 2.91703e-11.
Computing volumes of the grid elements.
Min. volume: 0.000148452, max. volume: 36.6088.

# FGMRES residual history
# Residual tolerance target = 1e-10
# Initial residual norm     = 5.78211e-10
     0     1
# FGMRES final (true) residual:
# Iteration = 4: |res|/|res0| = 2.91704e-11.

Computing volumes of the grid elements.
Non-linear iter.: 478/500. Linear iter.: 4. Min. area: 0.000148452. Error: 2.91704e-11.
Computing volumes of the grid elements.
Min. volume: 0.000148452, max. volume: 36.6088.

# FGMRES residual history
# Residual tolerance target = 1e-10
# Initial residual norm     = 5.78209e-10
     0     1
# FGMRES final (true) residual:
# Iteration = 4: |res|/|res0| = 2.91705e-11.

Computing volumes of the grid elements.
Non-linear iter.: 479/500. Linear iter.: 4. Min. area: 0.000148452. Error: 2.91705e-11.
Computing volumes of the grid elements.
Min. volume: 0.000148452, max. volume: 36.6088.

# FGMRES residual history
# Residual tolerance target = 1e-10
# Initial residual norm     = 5.78207e-10
     0     1
# FGMRES final (true) residual:
# Iteration = 4: |res|/|res0| = 2.91705e-11.

Computing volumes of the grid elements.
Non-linear iter.: 480/500. Linear iter.: 4. Min. area: 0.000148452. Error: 2.91705e-11.
Computing volumes of the grid elements.
Min. volume: 0.000148452, max. volume: 36.6088.

# FGMRES residual history
# Residual tolerance target = 1e-10
# Initial residual norm     = 5.78204e-10
     0     1
# FGMRES final (true) residual:
# Iteration = 4: |res|/|res0| = 2.91706e-11.

Computing volumes of the grid elements.
Non-linear iter.: 481/500. Linear iter.: 4. Min. area: 0.000148452. Error: 2.91706e-11.
Computing volumes of the grid elements.
Min. volume: 0.000148452, max. volume: 36.6088.

# FGMRES residual history
# Residual tolerance target = 1e-10
# Initial residual norm     = 5.78202e-10
     0     1
# FGMRES final (true) residual:
# Iteration = 4: |res|/|res0| = 2.91707e-11.

Computing volumes of the grid elements.
Non-linear iter.: 482/500. Linear iter.: 4. Min. area: 0.000148452. Error: 2.91707e-11.
Computing volumes of the grid elements.
Min. volume: 0.000148452, max. volume: 36.6088.

# FGMRES residual history
# Residual tolerance target = 1e-10
# Initial residual norm     = 5.782e-10
     0     1
# FGMRES final (true) residual:
# Iteration = 4: |res|/|res0| = 2.91708e-11.

Computing volumes of the grid elements.
Non-linear iter.: 483/500. Linear iter.: 4. Min. area: 0.000148452. Error: 2.91708e-11.
Computing volumes of the grid elements.
Min. volume: 0.000148452, max. volume: 36.6088.

# FGMRES residual history
# Residual tolerance target = 1e-10
# Initial residual norm     = 5.78198e-10
     0     1
# FGMRES final (true) residual:
# Iteration = 4: |res|/|res0| = 2.91709e-11.

Computing volumes of the grid elements.
Non-linear iter.: 484/500. Linear iter.: 4. Min. area: 0.000148452. Error: 2.91709e-11.
Computing volumes of the grid elements.
Min. volume: 0.000148452, max. volume: 36.6088.

# FGMRES residual history
# Residual tolerance target = 1e-10
# Initial residual norm     = 5.78195e-10
     0     1
# FGMRES final (true) residual:
# Iteration = 4: |res|/|res0| = 2.91709e-11.

Computing volumes of the grid elements.
Non-linear iter.: 485/500. Linear iter.: 4. Min. area: 0.000148452. Error: 2.91709e-11.
Computing volumes of the grid elements.
Min. volume: 0.000148452, max. volume: 36.6088.

# FGMRES residual history
# Residual tolerance target = 1e-10
# Initial residual norm     = 5.78193e-10
     0     1
# FGMRES final (true) residual:
# Iteration = 4: |res|/|res0| = 2.9171e-11.

Computing volumes of the grid elements.
Non-linear iter.: 486/500. Linear iter.: 4. Min. area: 0.000148452. Error: 2.9171e-11.
Computing volumes of the grid elements.
Min. volume: 0.000148452, max. volume: 36.6088.

# FGMRES residual history
# Residual tolerance target = 1e-10
# Initial residual norm     = 5.78191e-10
     0     1
# FGMRES final (true) residual:
# Iteration = 4: |res|/|res0| = 2.91711e-11.

Computing volumes of the grid elements.
Non-linear iter.: 487/500. Linear iter.: 4. Min. area: 0.000148452. Error: 2.91711e-11.
Computing volumes of the grid elements.
Min. volume: 0.000148452, max. volume: 36.6088.

# FGMRES residual history
# Residual tolerance target = 1e-10
# Initial residual norm     = 5.78188e-10
     0     1
# FGMRES final (true) residual:
# Iteration = 4: |res|/|res0| = 2.91712e-11.

Computing volumes of the grid elements.
Non-linear iter.: 488/500. Linear iter.: 4. Min. area: 0.000148452. Error: 2.91712e-11.
Computing volumes of the grid elements.
Min. volume: 0.000148452, max. volume: 36.6088.

# FGMRES residual history
# Residual tolerance target = 1e-10
# Initial residual norm     = 5.78186e-10
     0     1
# FGMRES final (true) residual:
# Iteration = 4: |res|/|res0| = 2.91713e-11.

Computing volumes of the grid elements.
Non-linear iter.: 489/500. Linear iter.: 4. Min. area: 0.000148452. Error: 2.91713e-11.
Computing volumes of the grid elements.
Min. volume: 0.000148452, max. volume: 36.6088.

# FGMRES residual history
# Residual tolerance target = 1e-10
# Initial residual norm     = 5.78184e-10
     0     1
# FGMRES final (true) residual:
# Iteration = 4: |res|/|res0| = 2.91714e-11.

Computing volumes of the grid elements.
Non-linear iter.: 490/500. Linear iter.: 4. Min. area: 0.000148452. Error: 2.91714e-11.
Computing volumes of the grid elements.
Min. volume: 0.000148452, max. volume: 36.6088.

# FGMRES residual history
# Residual tolerance target = 1e-10
# Initial residual norm     = 5.78182e-10
     0     1
# FGMRES final (true) residual:
# Iteration = 4: |res|/|res0| = 2.91714e-11.

Computing volumes of the grid elements.
Non-linear iter.: 491/500. Linear iter.: 4. Min. area: 0.000148452. Error: 2.91714e-11.
Computing volumes of the grid elements.
Min. volume: 0.000148452, max. volume: 36.6088.

# FGMRES residual history
# Residual tolerance target = 1e-10
# Initial residual norm     = 5.78179e-10
     0     1
# FGMRES final (true) residual:
# Iteration = 4: |res|/|res0| = 2.91715e-11.

Computing volumes of the grid elements.
Non-linear iter.: 492/500. Linear iter.: 4. Min. area: 0.000148452. Error: 2.91715e-11.
Computing volumes of the grid elements.
Min. volume: 0.000148452, max. volume: 36.6088.

# FGMRES residual history
# Residual tolerance target = 1e-10
# Initial residual norm     = 5.78177e-10
     0     1
# FGMRES final (true) residual:
# Iteration = 4: |res|/|res0| = 2.91716e-11.

Computing volumes of the grid elements.
Non-linear iter.: 493/500. Linear iter.: 4. Min. area: 0.000148452. Error: 2.91716e-11.
Computing volumes of the grid elements.
Min. volume: 0.000148452, max. volume: 36.6088.

# FGMRES residual history
# Residual tolerance target = 1e-10
# Initial residual norm     = 5.78175e-10
     0     1
# FGMRES final (true) residual:
# Iteration = 4: |res|/|res0| = 2.91717e-11.

Computing volumes of the grid elements.
Non-linear iter.: 494/500. Linear iter.: 4. Min. area: 0.000148452. Error: 2.91717e-11.
Computing volumes of the grid elements.
Min. volume: 0.000148452, max. volume: 36.6088.

# FGMRES residual history
# Residual tolerance target = 1e-10
# Initial residual norm     = 5.78173e-10
     0     1
# FGMRES final (true) residual:
# Iteration = 4: |res|/|res0| = 2.91718e-11.

Computing volumes of the grid elements.
Non-linear iter.: 495/500. Linear iter.: 4. Min. area: 0.000148452. Error: 2.91718e-11.
Computing volumes of the grid elements.
Min. volume: 0.000148452, max. volume: 36.6088.

# FGMRES residual history
# Residual tolerance target = 1e-10
# Initial residual norm     = 5.7817e-10
     0     1
# FGMRES final (true) residual:
# Iteration = 4: |res|/|res0| = 2.91718e-11.

Computing volumes of the grid elements.
Non-linear iter.: 496/500. Linear iter.: 4. Min. area: 0.000148452. Error: 2.91718e-11.
Computing volumes of the grid elements.
Min. volume: 0.000148452, max. volume: 36.6088.

# FGMRES residual history
# Residual tolerance target = 1e-10
# Initial residual norm     = 5.78168e-10
     0     1
# FGMRES final (true) residual:
# Iteration = 4: |res|/|res0| = 2.91719e-11.

Computing volumes of the grid elements.
Non-linear iter.: 497/500. Linear iter.: 4. Min. area: 0.000148452. Error: 2.91719e-11.
Computing volumes of the grid elements.
Min. volume: 0.000148452, max. volume: 36.6088.

# FGMRES residual history
# Residual tolerance target = 1e-10
# Initial residual norm     = 5.78166e-10
     0     1
# FGMRES final (true) residual:
# Iteration = 4: |res|/|res0| = 2.9172e-11.

Computing volumes of the grid elements.
Non-linear iter.: 498/500. Linear iter.: 4. Min. area: 0.000148452. Error: 2.9172e-11.
Computing volumes of the grid elements.
Min. volume: 0.000148452, max. volume: 36.6088.

# FGMRES residual history
# Residual tolerance target = 1e-10
# Initial residual norm     = 5.78163e-10
     0     1
# FGMRES final (true) residual:
# Iteration = 4: |res|/|res0| = 2.91721e-11.

Computing volumes of the grid elements.
Non-linear iter.: 499/500. Linear iter.: 4. Min. area: 0.000148452. Error: 2.91721e-11.
Computing volumes of the grid elements.
Min. volume: 0.000148452, max. volume: 36.6088.

# FGMRES residual history
# Residual tolerance target = 1e-10
# Initial residual norm     = 5.78161e-10
     0     1
# FGMRES final (true) residual:
# Iteration = 4: |res|/|res0| = 2.91722e-11.

Computing volumes of the grid elements.
Non-linear iter.: 500/500. Linear iter.: 4. Min. area: 0.000148452. Error: 2.91722e-11.

Completed in 0.119984 seconds on 1 core.

----------------------- Write deformed grid files -----------------------
|SU2 mesh                           |mesh_deformed.su2                  |
Adding any FFD information to the SU2 file.

------------------------- Finalize Solver -------------------------
Deleted CNumerics container.
Deleted CSolver container.
Deleted CGeometry container.
Deleted CSurfaceMovement class.
Deleted CVolumetricMovement class.
Deleted CConfig container.
Deleted COutput class.

------------------------- Exit Success (SU2_DEF) ------------------------

