
-------------------------------------------------------------------------
|    ___ _   _ ___                                                      |
|   / __| | | |_  )   Release 8.4.0 "Harrier"                           |
|   \__ \ |_| |/ /                                                      |
|   |___/\___//___|   Suite (Mesh Deformation Code)                     |
|                                                                       |
-------------------------------------------------------------------------
| SU2 Project Website: https://su2code.github.io                        |
|                                                                       |
| The SU2 Project is maintained by the SU2 Foundation                   |
| (http://su2foundation.org)                                            |
-------------------------------------------------------------------------
| Copyright 2012-2026, SU2 Contributors                                 |
|                                                                       |
| SU2 is free software; you can redistribute it and/or                  |
| modify it under the terms of the GNU Lesser General Public            |
| License as published by the Free Software Foundation; either          |
| version 2.1 of the License, or (at your option) any later version.    |
|                                                                       |
| SU2 is distributed in the hope that it will be useful,                |
| but WITHOUT ANY WARRANTY; without even the implied warranty of        |
| MERCHANTABILITY or FITNESS FOR A PARTICULAR PURPOSE. See the GNU      |
| Lesser General Public License for more details.                       |
|                                                                       |
| You should have received a copy of the GNU Lesser General Public      |
| License along with SU2. If not, see <http://www.gnu.org/licenses/>.   |
-------------------------------------------------------------------------

----------------- Physical Case Definition ( Zone 0 ) -------------------
Input mesh file name: mesh_original.su2

---------------- Grid deformation parameters ( Zone 0 )  ----------------
Grid deformation using linear elasticity method.


-------------------- Output Information ( Zone 0 ) ----------------------
Output mesh file name: mesh_deformed.su2. 
Cell stiffness scaled by inverse of the cell volume.

------------- Config File Boundary Information ( Zone 0 ) ---------------
+-----------------------------------------------------------------------+
|                        Marker Type|                        Marker Name|
+-----------------------------------------------------------------------+
|                          Far-field|                           farfield|
+-----------------------------------------------------------------------+
|                     Heat flux wall|                            airfoil|
+-----------------------------------------------------------------------+
Two dimensional problem.
222 grid points.
235 volume elements.
2 surface markers.
50 boundary elements in index 0 (Marker = farfield).
159 boundary elements in index 1 (Marker = airfoil).
235 triangles.

----------------------- Preprocessing computations ----------------------
Setting local point connectivity.
Checking the numerical grid orientation of the interior elements.
All volume elements are correctly oriented.
There has been a re-orientation of 159 LINE surface elements.
Identify edges and vertices.
Setting the bound control volume structure.
Area of the computational grid: 599.937.
  Info: Ignoring the following volume output fields/groups:
  SOLUTION
Volume output fields: COORDINATES
Screen output fields: 
History output group(s): 
Warning: No (valid) fields chosen for convergence monitoring. Convergence monitoring inactive.
Warning: No (valid) fields chosen for time convergence monitoring. Time convergence monitoring inactive.

--------------------- Surface grid deformation (ZONE 0) -----------------
Performing the deformation of the surface grid.
Updating the surface coordinates from the input file.

------------------- Volumetric grid deformation (ZONE 0) ----------------
Performing the deformation of the volumetric grid.
Computing volumes of the grid elements.
Min. volume: 0.000148452, max. volume: 36.6087.

# FGMRES residual history
# Residual tolerance target = 1e-10
# Initial residual norm     = 1.15714e-09
     0     1
# FGMRES final (true) residual:
# Iteration = 4: |res|/|res0| = 5.30461e-12.

Computing volumes of the grid elements.
Non-linear iter.: 1/500. Linear iter.: 4. Min. area: 0.000148452. Error: 5.30461e-12.
Computing volumes of the grid elements.
Min. volume: 0.000148452, max. volume: 36.6087.

# FGMRES residual history
# Residual tolerance target = 1e-10
# Initial residual norm     = 1.15715e-09
     0     1
# FGMRES final (true) residual:
# Iteration = 4: |res|/|res0| = 5.30461e-12.

Computing volumes of the grid elements.
Non-linear iter.: 2/500. Linear iter.: 4. Min. area: 0.000148452. Error: 5.30461e-12.
Computing volumes of the grid elements.
Min. volume: 0.000148452, max. volume: 36.6087.

# FGMRES residual history
# Residual tolerance target = 1e-10
# Initial residual norm     = 1.15716e-09
     0     1
# FGMRES final (true) residual:
# Iteration = 4: |res|/|res0| = 5.30461e-12.

Computing volumes of the grid elements.
Non-linear iter.: 3/500. Linear iter.: 4. Min. area: 0.000148452. Error: 5.30461e-12.
Computing volumes of the grid elements.
Min. volume: 0.000148452, max. volume: 36.6087.

# FGMRES residual history
# Residual tolerance target = 1e-10
# Initial residual norm     = 1.15716e-09
     0     1
# FGMRES final (true) residual:
# Iteration = 4: |res|/|res0| = 5.30461e-12.

Computing volumes of the grid elements.
Non-linear iter.: 4/500. Linear iter.: 4. Min. area: 0.000148452. Error: 5.30461e-12.
Computing volumes of the grid elements.
Min. volume: 0.000148452, max. volume: 36.6087.

# FGMRES residual history
# Residual tolerance target = 1e-10
# Initial residual norm     = 1.15717e-09
     0     1
# FGMRES final (true) residual:
# Iteration = 4: |res|/|res0| = 5.30461e-12.

Computing volumes of the grid elements.
Non-linear iter.: 5/500. Linear iter.: 4. Min. area: 0.000148452. Error: 5.30461e-12.
Computing volumes of the grid elements.
Min. volume: 0.000148452, max. volume: 36.6087.

# FGMRES residual history
# Residual tolerance target = 1e-10
# Initial residual norm     = 1.15717e-09
     0     1
# FGMRES final (true) residual:
# Iteration = 4: |res|/|res0| = 5.30461e-12.

Computing volumes of the grid elements.
Non-linear iter.: 6/500. Linear iter.: 4. Min. area: 0.000148452. Error: 5.30461e-12.
Computing volumes of the grid elements.
Min. volume: 0.000148452, max. volume: 36.6087.

# FGMRES residual history
# Residual tolerance target = 1e-10
# Initial residual norm     = 1.15718e-09
     0     1
# FGMRES final (true) residual:
# Iteration = 4: |res|/|res0| = 5.3046e-12.

Computing volumes of the grid elements.
Non-linear iter.: 7/500. Linear iter.: 4. Min. area: 0.000148452. Error: 5.3046e-12.
Computing volumes of the grid elements.
Min. volume: 0.000148452, max. volume: 36.6087.

# FGMRES residual history
# Residual tolerance target = 1e-10
# Initial residual norm     = 1.15718e-09
     0     1
# FGMRES final (true) residual:
# Iteration = 4: |res|/|res0| = 5.3046e-12.

Computing volumes of the grid elements.
Non-linear iter.: 8/500. Linear iter.: 4. Min. area: 0.000148452. Error: 5.3046e-12.
Computing volumes of the grid elements.
Min. volume: 0.000148452, max. volume: 36.6087.

# FGMRES residual history
# Residual tolerance target = 1e-10
# Initial residual norm     = 1.15719e-09
     0     1
# FGMRES final (true) residual:
# Iteration = 4: |res|/|res0| = 5.3046e-12.

Computing volumes of the grid elements.
Non-linear iter.: 9/500. Linear iter.: 4. Min. area: 0.000148452. Error: 5.3046e-12.
Computing volumes of the grid elements.
Min. volume: 0.000148452, max. volume: 36.6087.

# FGMRES residual history
# Residual tolerance target = 1e-10
# Initial residual norm     = 1.1572e-09
     0     1
# FGMRES final (true) residual:
# Iteration = 4: |res|/|res0| = 5.3046e-12.

Computing volumes of the grid elements.
Non-linear iter.: 10/500. Linear iter.: 4. Min. area: 0.000148452. Error: 5.3046e-12.
Computing volumes of the grid elements.
Min. volume: 0.000148452, max. volume: 36.6087.

# FGMRES residual history
# Residual tolerance target = 1e-10
# Initial residual norm     = 1.1572e-09
     0     1
# FGMRES final (true) residual:
# Iteration = 4: |res|/|res0| = 5.3046e-12.

Computing volumes of the grid elements.
Non-linear iter.: 11/500. Linear iter.: 4. Min. area: 0.000148452. Error: 5.3046e-12.
Computing volumes of the grid elements.
Min. volume: 0.000148452, max. volume: 36.6087.

# FGMRES residual history
# Residual tolerance target = 1e-10
# Initial residual norm     = 1.15721e-09
     0     1
# FGMRES final (true) residual:
# Iteration = 4: |res|/|res0| = 5.3046e-12.

Computing volumes of the grid elements.
Non-linear iter.: 12/500. Linear iter.: 4. Min. area: 0.000148452. Error: 5.3046e-12.
Computing volumes of the grid elements.
Min. volume: 0.000148452, max. volume: 36.6087.

# FGMRES residual history
# Residual tolerance target = 1e-10
# Initial residual norm     = 1.15721e-09
     0     1
# FGMRES final (true) residual:
# Iteration = 4: |res|/|res0| = 5.3046e-12.

Computing volumes of the grid elements.
Non-linear iter.: 13/500. Linear iter.: 4. Min. area: 0.000148452. Error: 5.3046e-12.
Computing volumes of the grid elements.
Min. volume: 0.000148452, max. volume: 36.6087.

# FGMRES residual history
# Residual tolerance target = 1e-10
# Initial residual norm     = 1.15722e-09
     0     1
# FGMRES final (true) residual:
# Iteration = 4: |res|/|res0| = 5.30459e-12.

Computing volumes of the grid elements.
Non-linear iter.: 14/500. Linear iter.: 4. Min. area: 0.000148452. Error: 5.30459e-12.
Computing volumes of the grid elements.
Min. volume: 0.000148452, max. volume: 36.6087.

# FGMRES residual history
# Residual tolerance target = 1e-10
# Initial residual norm     = 1.15723e-09
     0     1
# FGMRES final (true) residual:
# Iteration = 4: |res|/|res0| = 5.30459e-12.

Computing volumes of the grid elements.
Non-linear iter.: 15/500. Linear iter.: 4. Min. area: 0.000148452. Error: 5.30459e-12.
Computing volumes of the grid elements.
Min. volume: 0.000148452, max. volume: 36.6087.

# FGMRES residual history
# Residual tolerance target = 1e-10
# Initial residual norm     = 1.15723e-09
     0     1
# FGMRES final (true) residual:
# Iteration = 4: |res|/|res0| = 5.30459e-12.

Computing volumes of the grid elements.
Non-linear iter.: 16/500. Linear iter.: 4. Min. area: 0.000148452. Error: 5.30459e-12.
Computing volumes of the grid elements.
Min. volume: 0.000148452, max. volume: 36.6087.

# FGMRES residual history
# Residual tolerance target = 1e-10
# Initial residual norm     = 1.15724e-09
     0     1
# FGMRES final (true) residual:
# Iteration = 4: |res|/|res0| = 5.30459e-12.

Computing volumes of the grid elements.
Non-linear iter.: 17/500. Linear iter.: 4. Min. area: 0.000148452. Error: 5.30459e-12.
Computing volumes of the grid elements.
Min. volume: 0.000148452, max. volume: 36.6087.

# FGMRES residual history
# Residual tolerance target = 1e-10
# Initial residual norm     = 1.15724e-09
     0     1
# FGMRES final (true) residual:
# Iteration = 4: |res|/|res0| = 5.30459e-12.

Computing volumes of the grid elements.
Non-linear iter.: 18/500. Linear iter.: 4. Min. area: 0.000148452. Error: 5.30459e-12.
Computing volumes of the grid elements.
Min. volume: 0.000148452, max. volume: 36.6087.

# FGMRES residual history
# Residual tolerance target = 1e-10
# Initial residual norm     = 1.15725e-09
     0     1
# FGMRES final (true) residual:
# Iteration = 4: |res|/|res0| = 5.30459e-12.

Computing volumes of the grid elements.
Non-linear iter.: 19/500. Linear iter.: 4. Min. area: 0.000148452. Error: 5.30459e-12.
Computing volumes of the grid elements.
Min. volume: 0.000148452, max. volume: 36.6087.

# FGMRES residual history
# Residual tolerance target = 1e-10
# Initial residual norm     = 1.15726e-09
     0     1
# FGMRES final (true) residual:
# Iteration = 4: |res|/|res0| = 5.30459e-12.

Computing volumes of the grid elements.
Non-linear iter.: 20/500. Linear iter.: 4. Min. area: 0.000148452. Error: 5.30459e-12.
Computing volumes of the grid elements.
Min. volume: 0.000148452, max. volume: 36.6087.

# FGMRES residual history
# Residual tolerance target = 1e-10
# Initial residual norm     = 1.15726e-09
     0     1
# FGMRES final (true) residual:
# Iteration = 4: |res|/|res0| = 5.30458e-12.

Computing volumes of the grid elements.
Non-linear iter.: 21/500. Linear iter.: 4. Min. area: 0.000148452. Error: 5.30458e-12.
Computing volumes of the grid elements.
Min. volume: 0.000148452, max. volume: 36.6087.

# FGMRES residual history
# Residual tolerance target = 1e-10
# Initial residual norm     = 1.15727e-09
     0     1
# FGMRES final (true) residual:
# Iteration = 4: |res|/|res0| = 5.30458e-12.

Computing volumes of the grid elements.
Non-linear iter.: 22/500. Linear iter.: 4. Min. area: 0.000148452. Error: 5.30458e-12.
Computing volumes of the grid elements.
Min. volume: 0.000148452, max. volume: 36.6087.

# FGMRES residual history
# Residual tolerance target = 1e-10
# Initial residual norm     = 1.15727e-09
     0     1
# FGMRES final (true) residual:
# Iteration = 4: |res|/|res0| = 5.30458e-12.

Computing volumes of the grid elements.
Non-linear iter.: 23/500. Linear iter.: 4. Min. area: 0.000148452. Error: 5.30458e-12.
Computing volumes of the grid elements.
Min. volume: 0.000148452, max. volume: 36.6087.

# FGMRES residual history
# Residual tolerance target = 1e-10
# Initial residual norm     = 1.15728e-09
     0     1
# FGMRES final (true) residual:
# Iteration = 4: |res|/|res0| = 5.30458e-12.

Computing volumes of the grid elements.
Non-linear iter.: 24/500. Linear iter.: 4. Min. area: 0.000148452. Error: 5.30458e-12.
Computing volumes of the grid elements.
Min. volume: 0.000148452, max. volume: 36.6087.

# FGMRES residual history
# Residual tolerance target = 1e-10
# Initial residual norm     = 1.15729e-09
     0     1
# FGMRES final (true) residual:
# Iteration = 4: |res|/|res0| = 5.30458e-12.

Computing volumes of the grid elements.
Non-linear iter.: 25/500. Linear iter.: 4. Min. area: 0.000148452. Error: 5.30458e-12.
Computing volumes of the grid elements.
Min. volume: 0.000148452, max. volume: 36.6087.

# FGMRES residual history
# Residual tolerance target = 1e-10
# Initial residual norm     = 1.15729e-09
     0     1
# FGMRES final (true) residual:
# Iteration = 4: |res|/|res0| = 5.30458e-12.

Computing volumes of the grid elements.
Non-linear iter.: 26/500. Linear iter.: 4. Min. area: 0.000148452. Error: 5.30458e-12.
Computing volumes of the grid elements.
Min. volume: 0.000148452, max. volume: 36.6087.

# FGMRES residual history
# Residual tolerance target = 1e-10
# Initial residual norm     = 1.1573e-09
     0     1
# FGMRES final (true) residual:
# Iteration = 4: |res|/|res0| = 5.30458e-12.

Computing volumes of the grid elements.
Non-linear iter.: 27/500. Linear iter.: 4. Min. area: 0.000148452. Error: 5.30458e-12.
Computing volumes of the grid elements.
Min. volume: 0.000148452, max. volume: 36.6087.

# FGMRES residual history
# Residual tolerance target = 1e-10
# Initial residual norm     = 1.1573e-09
     0     1
# FGMRES final (true) residual:
# Iteration = 4: |res|/|res0| = 5.30457e-12.

Computing volumes of the grid elements.
Non-linear iter.: 28/500. Linear iter.: 4. Min. area: 0.000148452. Error: 5.30457e-12.
Computing volumes of the grid elements.
Min. volume: 0.000148452, max. volume: 36.6087.

# FGMRES residual history
# Residual tolerance target = 1e-10
# Initial residual norm     = 1.15731e-09
     0     1
# FGMRES final (true) residual:
# Iteration = 4: |res|/|res0| = 5.30457e-12.

Computing volumes of the grid elements.
Non-linear iter.: 29/500. Linear iter.: 4. Min. area: 0.000148452. Error: 5.30457e-12.
Computing volumes of the grid elements.
Min. volume: 0.000148452, max. volume: 36.6087.

# FGMRES residual history
# Residual tolerance target = 1e-10
# Initial residual norm     = 1.15732e-09
     0     1
# FGMRES final (true) residual:
# Iteration = 4: |res|/|res0| = 5.30457e-12.

Computing volumes of the grid elements.
Non-linear iter.: 30/500. Linear iter.: 4. Min. area: 0.000148452. Error: 5.30457e-12.
Computing volumes of the grid elements.
Min. volume: 0.000148452, max. volume: 36.6087.

# FGMRES residual history
# Residual tolerance target = 1e-10
# Initial residual norm     = 1.15732e-09
     0     1
# FGMRES final (true) residual:
# Iteration = 4: |res|/|res0| = 5.30457e-12.

Computing volumes of the grid elements.
Non-linear iter.: 31/500. Linear iter.: 4. Min. area: 0.000148452. Error: 5.30457e-12.
Computing volumes of the grid elements.
Min. volume: 0.000148452, max. volume: 36.6087.

# FGMRES residual history
# Residual tolerance target = 1e-10
# Initial residual norm     = 1.15733e-09
     0     1
# FGMRES final (true) residual:
# Iteration = 4: |res|/|res0| = 5.30457e-12.

Computing volumes of the grid elements.
Non-linear iter.: 32/500. Linear iter.: 4. Min. area: 0.000148452. Error: 5.30457e-12.
Computing volumes of the grid elements.
Min. volume: 0.000148452, max. volume: 36.6087.

# FGMRES residual history
# Residual tolerance target = 1e-10
# Initial residual norm     = 1.15733e-09
     0     1
# FGMRES final (true) residual:
# Iteration = 4: |res|/|res0| = 5.30457e-12.

Computing volumes of the grid elements.
Non-linear iter.: 33/500. Linear iter.: 4. Min. area: 0.000148452. Error: 5.30457e-12.
Computing volumes of the grid elements.
Min. volume: 0.000148452, max. volume: 36.6087.

# FGMRES residual history
# Residual tolerance target = 1e-10
# Initial residual norm     = 1.15734e-09
     0     1
# FGMRES final (true) residual:
# Iteration = 4: |res|/|res0| = 5.30457e-12.

Computing volumes of the grid elements.
Non-linear iter.: 34/500. Linear iter.: 4. Min. area: 0.000148452. Error: 5.30457e-12.
Computing volumes of the grid elements.
Min. volume: 0.000148452, max. volume: 36.6087.

# FGMRES residual history
# Residual tolerance target = 1e-10
# Initial residual norm     = 1.15734e-09
     0     1
# FGMRES final (true) residual:
# Iteration = 4: |res|/|res0| = 5.30456e-12.

Computing volumes of the grid elements.
Non-linear iter.: 35/500. Linear iter.: 4. Min. area: 0.000148452. Error: 5.30456e-12.
Computing volumes of the grid elements.
Min. volume: 0.000148452, max. volume: 36.6087.

# FGMRES residual history
# Residual tolerance target = 1e-10
# Initial residual norm     = 1.15735e-09
     0     1
# FGMRES final (true) residual:
# Iteration = 4: |res|/|res0| = 5.30456e-12.

Computing volumes of the grid elements.
Non-linear iter.: 36/500. Linear iter.: 4. Min. area: 0.000148452. Error: 5.30456e-12.
Computing volumes of the grid elements.
Min. volume: 0.000148452, max. volume: 36.6087.

# FGMRES residual history
# Residual tolerance target = 1e-10
# Initial residual norm     = 1.15736e-09
     0     1
# FGMRES final (true) residual:
# Iteration = 4: |res|/|res0| = 5.30456e-12.

Computing volumes of the grid elements.
Non-linear iter.: 37/500. Linear iter.: 4. Min. area: 0.000148452. Error: 5.30456e-12.
Computing volumes of the grid elements.
Min. volume: 0.000148452, max. volume: 36.6087.

# FGMRES residual history
# Residual tolerance target = 1e-10
# Initial residual norm     = 1.15736e-09
     0     1
# FGMRES final (true) residual:
# Iteration = 4: |res|/|res0| = 5.30456e-12.

Computing volumes of the grid elements.
Non-linear iter.: 38/500. Linear iter.: 4. Min. area: 0.000148452. Error: 5.30456e-12.
Computing volumes of the grid elements.
Min. volume: 0.000148452, max. volume: 36.6087.

# FGMRES residual history
# Residual tolerance target = 1e-10
# Initial residual norm     = 1.15737e-09
     0     1
# FGMRES final (true) residual:
# Iteration = 4: |res|/|res0| = 5.30456e-12.

Computing volumes of the grid elements.
Non-linear iter.: 39/500. Linear iter.: 4. Min. area: 0.000148452. Error: 5.30456e-12.
Computing volumes of the grid elements.
Min. volume: 0.000148452, max. volume: 36.6087.

# FGMRES residual history
# Residual tolerance target = 1e-10
# Initial residual norm     = 1.15737e-09
     0     1
# FGMRES final (true) residual:
# Iteration = 4: |res|/|res0| = 5.30456e-12.

Computing volumes of the grid elements.
Non-linear iter.: 40/500. Linear iter.: 4. Min. area: 0.000148452. Error: 5.30456e-12.
Computing volumes of the grid elements.
Min. volume: 0.000148452, max. volume: 36.6087.

# FGMRES residual history
# Residual tolerance target = 1e-10
# Initial residual norm     = 1.15738e-09
     0     1
# FGMRES final (true) residual:
# Iteration = 4: |res|/|res0| = 5.30456e-12.

Computing volumes of the grid elements.
Non-linear iter.: 41/500. Linear iter.: 4. Min. area: 0.000148452. Error: 5.30456e-12.
Computing volumes of the grid elements.
Min. volume: 0.000148452, max. volume: 36.6087.

# FGMRES residual history
# Residual tolerance target = 1e-10
# Initial residual norm     = 1.15739e-09
     0     1
# FGMRES final (true) residual:
# Iteration = 4: |res|/|res0| = 5.30455e-12.

Computing volumes of the grid elements.
Non-linear iter.: 42/500. Linear iter.: 4. Min. area: 0.000148452. Error: 5.30455e-12.
Computing volumes of the grid elements.
Min. volume: 0.000148452, max. volume: 36.6088.

# FGMRES residual history
# Residual tolerance target = 1e-10
# Initial residual norm     = 1.15739e-09
     0     1
# FGMRES final (true) residual:
# Iteration = 4: |res|/|res0| = 5.30455e-12.

Computing volumes of the grid elements.
Non-linear iter.: 43/500. Linear iter.: 4. Min. area: 0.000148452. Error: 5.30455e-12.
Computing volumes of the grid elements.
Min. volume: 0.000148452, max. volume: 36.6088.

# FGMRES residual history
# Residual tolerance target = 1e-10
# Initial residual norm     = 1.1574e-09
     0     1
# FGMRES final (true) residual:
# Iteration = 4: |res|/|res0| = 5.30455e-12.

Computing volumes of the grid elements.
Non-linear iter.: 44/500. Linear iter.: 4. Min. area: 0.000148452. Error: 5.30455e-12.
Computing volumes of the grid elements.
Min. volume: 0.000148452, max. volume: 36.6088.

# FGMRES residual history
# Residual tolerance target = 1e-10
# Initial residual norm     = 1.1574e-09
     0     1
# FGMRES final (true) residual:
# Iteration = 4: |res|/|res0| = 5.30455e-12.

Computing volumes of the grid elements.
Non-linear iter.: 45/500. Linear iter.: 4. Min. area: 0.000148452. Error: 5.30455e-12.
Computing volumes of the grid elements.
Min. volume: 0.000148452, max. volume: 36.6088.

# FGMRES residual history
# Residual tolerance target = 1e-10
# Initial residual norm     = 1.15741e-09
     0     1
# FGMRES final (true) residual:
# Iteration = 4: |res|/|res0| = 5.30455e-12.

Computing volumes of the grid elements.
Non-linear iter.: 46/500. Linear iter.: 4. Min. area: 0.000148452. Error: 5.30455e-12.
Computing volumes of the grid elements.
Min. volume: 0.000148452, max. volume: 36.6088.

# FGMRES residual history
# Residual tolerance target = 1e-10
# Initial residual norm     = 1.15742e-09
     0     1
# FGMRES final (true) residual:
# Iteration = 4: |res|/|res0| = 5.30455e-12.

Computing volumes of the grid elements.
Non-linear iter.: 47/500. Linear iter.: 4. Min. area: 0.000148452. Error: 5.30455e-12.
Computing volumes of the grid elements.
Min. volume: 0.000148452, max. volume: 36.6088.

# FGMRES residual history
# Residual tolerance target = 1e-10
# Initial residual norm     = 1.15742e-09
     0     1
# FGMRES final (true) residual:
# Iteration = 4: |res|/|res0| = 5.30455e-12.

Computing volumes of the grid elements.
Non-linear iter.: 48/500. Linear iter.: 4. Min. area: 0.000148452. Error: 5.30455e-12.
Computing volumes of the grid elements.
Min. volume: 0.000148452, max. volume: 36.6088.

# FGMRES residual history
# Residual tolerance target = 1e-10
# Initial residual norm     = 1.15743e-09
     0     1
# FGMRES final (true) residual:
# Iteration = 4: |res|/|res0| = 5.30454e-12.

Computing volumes of the grid elements.
Non-linear iter.: 49/500. Linear iter.: 4. Min. area: 0.000148452. Error: 5.30454e-12.
Computing volumes of the grid elements.
Min. volume: 0.000148452, max. volume: 36.6088.

# FGMRES residual history
# Residual tolerance target = 1e-10
# Initial residual norm     = 1.15743e-09
     0     1
# FGMRES final (true) residual:
# Iteration = 4: |res|/|res0| = 5.30454e-12.

Computing volumes of the grid elements.
Non-linear iter.: 50/500. Linear iter.: 4. Min. area: 0.000148452. Error: 5.30454e-12.
Computing volumes of the grid elements.
Min. volume: 0.000148452, max. volume: 36.6088.

# FGMRES residual history
# Residual tolerance target = 1e-10
# Initial residual norm     = 1.15744e-09
     0     1
# FGMRES final (true) residual:
# Iteration = 4: |res|/|res0| = 5.30454e-12.

Computing volumes of the grid elements.
Non-linear iter.: 51/500. Linear iter.: 4. Min. area: 0.000148452. Error: 5.30454e-12.
Computing volumes of the grid elements.
Min. volume: 0.000148452, max. volume: 36.6088.

# FGMRES residual history
# Residual tolerance target = 1e-10
# Initial residual norm     = 1.15745e-09
     0     1
# FGMRES final (true) residual:
# Iteration = 4: |res|/|res0| = 5.30454e-12.

Computing volumes of the grid elements.
Non-linear iter.: 52/500. Linear iter.: 4. Min. area: 0.000148452. Error: 5.30454e-12.
Computing volumes of the grid elements.
Min. volume: 0.000148452, max. volume: 36.6088.

# FGMRES residual history
# Residual tolerance target = 1e-10
# Initial residual norm     = 1.15745e-09
     0     1
# FGMRES final (true) residual:
# Iteration = 4: |res|/|res0| = 5.30454e-12.

Computing volumes of the grid elements.
Non-linear iter.: 53/500. Linear iter.: 4. Min. area: 0.000148452. Error: 5.30454e-12.
Computing volumes of the grid elements.
Min. volume: 0.000148452, max. volume: 36.6088.

# FGMRES residual history
# Residual tolerance target = 1e-10
# Initial residual norm     = 1.15746e-09
     0     1
# FGMRES final (true) residual:
# Iteration = 4: |res|/|res0| = 5.30454e-12.

Computing volumes of the grid elements.
Non-linear iter.: 54/500. Linear iter.: 4. Min. area: 0.000148452. Error: 5.30454e-12.
Computing volumes of the grid elements.
Min. volume: 0.000148452, max. volume: 36.6088.

# FGMRES residual history
# Residual tolerance target = 1e-10
# Initial residual norm     = 1.15746e-09
     0     1
# FGMRES final (true) residual:
# Iteration = 4: |res|/|res0| = 5.30454e-12.

Computing volumes of the grid elements.
Non-linear iter.: 55/500. Linear iter.: 4. Min. area: 0.000148452. Error: 5.30454e-12.
Computing volumes of the grid elements.
Min. volume: 0.000148452, max. volume: 36.6088.

# FGMRES residual history
# Residual tolerance target = 1e-10
# Initial residual norm     = 1.15747e-09
     0     1
# FGMRES final (true) residual:
# Iteration = 4: |res|/|res0| = 5.30453e-12.

Computing volumes of the grid elements.
Non-linear iter.: 56/500. Linear iter.: 4. Min. area: 0.000148452. Error: 5.30453e-12.
Computing volumes of the grid elements.
Min. volume: 0.000148452, max. volume: 36.6088.

# FGMRES residual history
# Residual tolerance target = 1e-10
# Initial residual norm     = 1.15748e-09
     0     1
# FGMRES final (true) residual:
# Iteration = 4: |res|/|res0| = 5.30453e-12.

Computing volumes of the grid elements.
Non-linear iter.: 57/500. Linear iter.: 4. Min. area: 0.000148452. Error: 5.30453e-12.
Computing volumes of the grid elements.
Min. volume: 0.000148452, max. volume: 36.6088.

# FGMRES residual history
# Residual tolerance target = 1e-10
# Initial residual norm     = 1.15748e-09
     0     1
# FGMRES final (true) residual:
# Iteration = 4: |res|/|res0| = 5.30453e-12.

Computing volumes of the grid elements.
Non-linear iter.: 58/500. Linear iter.: 4. Min. area: 0.000148452. Error: 5.30453e-12.
Computing volumes of the grid elements.
Min. volume: 0.000148452, max. volume: 36.6088.

# FGMRES residual history
# Residual tolerance target = 1e-10
# Initial residual norm     = 1.15749e-09
     0     1
# FGMRES final (true) residual:
# Iteration = 4: |res|/|res0| = 5.30453e-12.

Computing volumes of the grid elements.
Non-linear iter.: 59/500. Linear iter.: 4. Min. area: 0.000148452. Error: 5.30453e-12.
Computing volumes of the grid elements.
Min. volume: 0.000148452, max. volume: 36.6088.

# FGMRES residual history
# Residual tolerance target = 1e-10
# Initial residual norm     = 1.15749e-09
     0     1
# FGMRES final (true) residual:
# Iteration = 4: |res|/|res0| = 5.30453e-12.

Computing volumes of the grid elements.
Non-linear iter.: 60/500. Linear iter.: 4. Min. area: 0.000148452. Error: 5.30453e-12.
Computing volumes of the grid elements.
Min. volume: 0.000148452, max. volume: 36.6088.

# FGMRES residual history
# Residual tolerance target = 1e-10
# Initial residual norm     = 1.1575e-09
     0     1
# FGMRES final (true) residual:
# Iteration = 4: |res|/|res0| = 5.30453e-12.

Computing volumes of the grid elements.
Non-linear iter.: 61/500. Linear iter.: 4. Min. area: 0.000148452. Error: 5.30453e-12.
Computing volumes of the grid elements.
Min. volume: 0.000148452, max. volume: 36.6088.

# FGMRES residual history
# Residual tolerance target = 1e-10
# Initial residual norm     = 1.15751e-09
     0     1
# FGMRES final (true) residual:
# Iteration = 4: |res|/|res0| = 5.30453e-12.

Computing volumes of the grid elements.
Non-linear iter.: 62/500. Linear iter.: 4. Min. area: 0.000148452. Error: 5.30453e-12.
Computing volumes of the grid elements.
Min. volume: 0.000148452, max. volume: 36.6088.

# FGMRES residual history
# Residual tolerance target = 1e-10
# Initial residual norm     = 1.15751e-09
     0     1
# FGMRES final (true) residual:
# Iteration = 4: |res|/|res0| = 5.30452e-12.

Computing volumes of the grid elements.
Non-linear iter.: 63/500. Linear iter.: 4. Min. area: 0.000148452. Error: 5.30452e-12.
Computing volumes of the grid elements.
Min. volume: 0.000148452, max. volume: 36.6088.

# FGMRES residual history
# Residual tolerance target = 1e-10
# Initial residual norm     = 1.15752e-09
     0     1
# FGMRES final (true) residual:
# Iteration = 4: |res|/|res0| = 5.30452e-12.

Computing volumes of the grid elements.
Non-linear iter.: 64/500. Linear iter.: 4. Min. area: 0.000148452. Error: 5.30452e-12.
Computing volumes of the grid elements.
Min. volume: 0.000148452, max. volume: 36.6088.

# FGMRES residual history
# Residual tolerance target = 1e-10
# Initial residual norm     = 1.15752e-09
     0     1
# FGMRES final (true) residual:
# Iteration = 4: |res|/|res0| = 5.30452e-12.

Computing volumes of the grid elements.
Non-linear iter.: 65/500. Linear iter.: 4. Min. area: 0.000148452. Error: 5.30452e-12.
Computing volumes of the grid elements.
Min. volume: 0.000148452, max. volume: 36.6088.

# FGMRES residual history
# Residual tolerance target = 1e-10
# Initial residual norm     = 1.15753e-09
     0     1
# FGMRES final (true) residual:
# Iteration = 4: |res|/|res0| = 5.30452e-12.

Computing volumes of the grid elements.
Non-linear iter.: 66/500. Linear iter.: 4. Min. area: 0.000148452. Error: 5.30452e-12.
Computing volumes of the grid elements.
Min. volume: 0.000148452, max. volume: 36.6088.

# FGMRES residual history
# Residual tolerance target = 1e-10
# Initial residual norm     = 1.15753e-09
     0     1
# FGMRES final (true) residual:
# Iteration = 4: |res|/|res0| = 5.30452e-12.

Computing volumes of the grid elements.
Non-linear iter.: 67/500. Linear iter.: 4. Min. area: 0.000148452. Error: 5.30452e-12.
Computing volumes of the grid elements.
Min. volume: 0.000148452, max. volume: 36.6088.

# FGMRES residual history
# Residual tolerance target = 1e-10
# Initial residual norm     = 1.15754e-09
     0     1
# FGMRES final (true) residual:
# Iteration = 4: |res|/|res0| = 5.30452e-12.

Computing volumes of the grid elements.
Non-linear iter.: 68/500. Linear iter.: 4. Min. area: 0.000148452. Error: 5.30452e-12.
Computing volumes of the grid elements.
Min. volume: 0.000148452, max. volume: 36.6088.

# FGMRES residual history
# Residual tolerance target = 1e-10
# Initial residual norm     = 1.15755e-09
     0     1
# FGMRES final (true) residual:
# Iteration = 4: |res|/|res0| = 5.30452e-12.

Computing volumes of the grid elements.
Non-linear iter.: 69/500. Linear iter.: 4. Min. area: 0.000148452. Error: 5.30452e-12.
Computing volumes of the grid elements.
Min. volume: 0.000148452, max. volume: 36.6088.

# FGMRES residual history
# Residual tolerance target = 1e-10
# Initial residual norm     = 1.15755e-09
     0     1
# FGMRES final (true) residual:
# Iteration = 4: |res|/|res0| = 5.30452e-12.

Computing volumes of the grid elements.
Non-linear iter.: 70/500. Linear iter.: 4. Min. area: 0.000148452. Error: 5.30452e-12.
Computing volumes of the grid elements.
Min. volume: 0.000148452, max. volume: 36.6088.

# FGMRES residual history
# Residual tolerance target = 1e-10
# Initial residual norm     = 1.15756e-09
     0     1
# FGMRES final (true) residual:
# Iteration = 4: |res|/|res0| = 5.30451e-12.

Computing volumes of the grid elements.
Non-linear iter.: 71/500. Linear iter.: 4. Min. area: 0.000148452. Error: 5.30451e-12.
Computing volumes of the grid elements.
Min. volume: 0.000148452, max. volume: 36.6088.

# FGMRES residual history
# Residual tolerance target = 1e-10
# Initial residual norm     = 1.15756e-09
     0     1
# FGMRES final (true) residual:
# Iteration = 4: |res|/|res0| = 5.30451e-12.

Computing volumes of the grid elements.
Non-linear iter.: 72/500. Linear iter.: 4. Min. area: 0.000148452. Error: 5.30451e-12.
Computing volumes of the grid elements.
Min. volume: 0.000148452, max. volume: 36.6088.

# FGMRES residual history
# Residual tolerance target = 1e-10
# Initial residual norm     = 1.15757e-09
     0     1
# FGMRES final (true) residual:
# Iteration = 4: |res|/|res0| = 5.30451e-12.

Computing volumes of the grid elements.
Non-linear iter.: 73/500. Linear iter.: 4. Min. area: 0.000148452. Error: 5.30451e-12.
Computing volumes of the grid elements.
Min. volume: 0.000148452, max. volume: 36.6088.

# FGMRES residual history
# Residual tolerance target = 1e-10
# Initial residual norm     = 1.15758e-09
     0     1
# FGMRES final (true) residual:
# Iteration = 4: |res|/|res0| = 5.30451e-12.

Computing volumes of the grid elements.
Non-linear iter.: 74/500. Linear iter.: 4. Min. area: 0.000148452. Error: 5.30451e-12.
Computing volumes of the grid elements.
Min. volume: 0.000148452, max. volume: 36.6088.

# FGMRES residual history
# Residual tolerance target = 1e-10
# Initial residual norm     = 1.15758e-09
     0     1
# FGMRES final (true) residual:
# Iteration = 4: |res|/|res0| = 5.30451e-12.

Computing volumes of the grid elements.
Non-linear iter.: 75/500. Linear iter.: 4. Min. area: 0.000148452. Error: 5.30451e-12.
Computing volumes of the grid elements.
Min. volume: 0.000148452, max. volume: 36.6088.

# FGMRES residual history
# Residual tolerance target = 1e-10
# Initial residual norm     = 1.15759e-09
     0     1
# FGMRES final (true) residual:
# Iteration = 4: |res|/|res0| = 5.30451e-12.

Computing volumes of the grid elements.
Non-linear iter.: 76/500. Linear iter.: 4. Min. area: 0.000148452. Error: 5.30451e-12.
Computing volumes of the grid elements.
Min. volume: 0.000148452, max. volume: 36.6088.

# FGMRES residual history
# Residual tolerance target = 1e-10
# Initial residual norm     = 1.15759e-09
     0     1
# FGMRES final (true) residual:
# Iteration = 4: |res|/|res0| = 5.30451e-12.

Computing volumes of the grid elements.
Non-linear iter.: 77/500. Linear iter.: 4. Min. area: 0.000148452. Error: 5.30451e-12.
Computing volumes of the grid elements.
Min. volume: 0.000148452, max. volume: 36.6088.

# FGMRES residual history
# Residual tolerance target = 1e-10
# Initial residual norm     = 1.1576e-09
     0     1
# FGMRES final (true) residual:
# Iteration = 4: |res|/|res0| = 5.3045e-12.

Computing volumes of the grid elements.
Non-linear iter.: 78/500. Linear iter.: 4. Min. area: 0.000148452. Error: 5.3045e-12.
Computing volumes of the grid elements.
Min. volume: 0.000148452, max. volume: 36.6088.

# FGMRES residual history
# Residual tolerance target = 1e-10
# Initial residual norm     = 1.15761e-09
     0     1
# FGMRES final (true) residual:
# Iteration = 4: |res|/|res0| = 5.3045e-12.

Computing volumes of the grid elements.
Non-linear iter.: 79/500. Linear iter.: 4. Min. area: 0.000148452. Error: 5.3045e-12.
Computing volumes of the grid elements.
Min. volume: 0.000148452, max. volume: 36.6088.

# FGMRES residual history
# Residual tolerance target = 1e-10
# Initial residual norm     = 1.15761e-09
     0     1
# FGMRES final (true) residual:
# Iteration = 4: |res|/|res0| = 5.3045e-12.

Computing volumes of the grid elements.
Non-linear iter.: 80/500. Linear iter.: 4. Min. area: 0.000148452. Error: 5.3045e-12.
Computing volumes of the grid elements.
Min. volume: 0.000148452, max. volume: 36.6088.

# FGMRES residual history
# Residual tolerance target = 1e-10
# Initial residual norm     = 1.15762e-09
     0     1
# FGMRES final (true) residual:
# Iteration = 4: |res|/|res0| = 5.3045e-12.

Computing volumes of the grid elements.
Non-linear iter.: 81/500. Linear iter.: 4. Min. area: 0.000148452. Error: 5.3045e-12.
Computing volumes of the grid elements.
Min. volume: 0.000148452, max. volume: 36.6088.

# FGMRES residual history
# Residual tolerance target = 1e-10
# Initial residual norm     = 1.15762e-09
     0     1
# FGMRES final (true) residual:
# Iteration = 4: |res|/|res0| = 5.3045e-12.

Computing volumes of the grid elements.
Non-linear iter.: 82/500. Linear iter.: 4. Min. area: 0.000148452. Error: 5.3045e-12.
Computing volumes of the grid elements.
Min. volume: 0.000148452, max. volume: 36.6088.

# FGMRES residual history
# Residual tolerance target = 1e-10
# Initial residual norm     = 1.15763e-09
     0     1
# FGMRES final (true) residual:
# Iteration = 4: |res|/|res0| = 5.3045e-12.

Computing volumes of the grid elements.
Non-linear iter.: 83/500. Linear iter.: 4. Min. area: 0.000148452. Error: 5.3045e-12.
Computing volumes of the grid elements.
Min. volume: 0.000148452, max. volume: 36.6088.

# FGMRES residual history
# Residual tolerance target = 1e-10
# Initial residual norm     = 1.15764e-09
     0     1
# FGMRES final (true) residual:
# Iteration = 4: |res|/|res0| = 5.3045e-12.

Computing volumes of the grid elements.
Non-linear iter.: 84/500. Linear iter.: 4. Min. area: 0.000148452. Error: 5.3045e-12.
Computing volumes of the grid elements.
Min. volume: 0.000148452, max. volume: 36.6088.

# FGMRES residual history
# Residual tolerance target = 1e-10
# Initial residual norm     = 1.15764e-09
     0     1
# FGMRES final (true) residual:
# Iteration = 4: |res|/|res0| = 5.30449e-12.

Computing volumes of the grid elements.
Non-linear iter.: 85/500. Linear iter.: 4. Min. area: 0.000148452. Error: 5.30449e-12.
Computing volumes of the grid elements.
Min. volume: 0.000148452, max. volume: 36.6088.

# FGMRES residual history
# Residual tolerance target = 1e-10
# Initial residual norm     = 1.15765e-09
     0     1
# FGMRES final (true) residual:
# Iteration = 4: |res|/|res0| = 5.30449e-12.

Computing volumes of the grid elements.
Non-linear iter.: 86/500. Linear iter.: 4. Min. area: 0.000148452. Error: 5.30449e-12.
Computing volumes of the grid elements.
Min. volume: 0.000148452, max. volume: 36.6089.

# FGMRES residual history
# Residual tolerance target = 1e-10
# Initial residual norm     = 1.15765e-09
     0     1
# FGMRES final (true) residual:
# Iteration = 4: |res|/|res0| = 5.30449e-12.

Computing volumes of the grid elements.
Non-linear iter.: 87/500. Linear iter.: 4. Min. area: 0.000148452. Error: 5.30449e-12.
Computing volumes of the grid elements.
Min. volume: 0.000148452, max. volume: 36.6089.

# FGMRES residual history
# Residual tolerance target = 1e-10
# Initial residual norm     = 1.15766e-09
     0     1
# FGMRES final (true) residual:
# Iteration = 4: |res|/|res0| = 5.30449e-12.

Computing volumes of the grid elements.
Non-linear iter.: 88/500. Linear iter.: 4. Min. area: 0.000148452. Error: 5.30449e-12.
Computing volumes of the grid elements.
Min. volume: 0.000148452, max. volume: 36.6089.

# FGMRES residual history
# Residual tolerance target = 1e-10
# Initial residual norm     = 1.15767e-09
     0     1
# FGMRES final (true) residual:
# Iteration = 4: |res|/|res0| = 5.30449e-12.

Computing volumes of the grid elements.
Non-linear iter.: 89/500. Linear iter.: 4. Min. area: 0.000148452. Error: 5.30449e-12.
Computing volumes of the grid elements.
Min. volume: 0.000148452, max. volume: 36.6089.

# FGMRES residual history
# Residual tolerance target = 1e-10
# Initial residual norm     = 1.15767e-09
     0     1
# FGMRES final (true) residual:
# Iteration = 4: |res|/|res0| = 5.30449e-12.

Computing volumes of the grid elements.
Non-linear iter.: 90/500. Linear iter.: 4. Min. area: 0.000148452. Error: 5.30449e-12.
Computing volumes of the grid elements.
Min. volume: 0.000148452, max. volume: 36.6089.

# FGMRES residual history
# Residual tolerance target = 1e-10
# Initial residual norm     = 1.15768e-09
     0     1
# FGMRES final (true) residual:
# Iteration = 4: |res|/|res0| = 5.30449e-12.

Computing volumes of the grid elements.
Non-linear iter.: 91/500. Linear iter.: 4. Min. area: 0.000148452. Error: 5.30449e-12.
Computing volumes of the grid elements.
Min. volume: 0.000148452, max. volume: 36.6089.

# FGMRES residual history
# Residual tolerance target = 1e-10
# Initial residual norm     = 1.15768e-09
     0     1
# FGMRES final (true) residual:
# Iteration = 4: |res|/|res0| = 5.30448e-12.

Computing volumes of the grid elements.
Non-linear iter.: 92/500. Linear iter.: 4. Min. area: 0.000148452. Error: 5.30448e-12.
Computing volumes of the grid elements.
Min. volume: 0.000148452, max. volume: 36.6089.

# FGMRES residual history
# Residual tolerance target = 1e-10
# Initial residual norm     = 1.15769e-09
     0     1
# FGMRES final (true) residual:
# Iteration = 4: |res|/|res0| = 5.30448e-12.

Computing volumes of the grid elements.
Non-linear iter.: 93/500. Linear iter.: 4. Min. area: 0.000148452. Error: 5.30448e-12.
Computing volumes of the grid elements.
Min. volume: 0.000148452, max. volume: 36.6089.

# FGMRES residual history
# Residual tolerance target = 1e-10
# Initial residual norm     = 1.15769e-09
     0     1
# FGMRES final (true) residual:
# Iteration = 4: |res|/|res0| = 5.30448e-12.

Computing volumes of the grid elements.
Non-linear iter.: 94/500. Linear iter.: 4. Min. area: 0.000148452. Error: 5.30448e-12.
Computing volumes of the grid elements.
Min. volume: 0.000148452, max. volume: 36.6089.

# FGMRES residual history
# Residual tolerance target = 1e-10
# Initial residual norm     = 1.1577e-09
     0     1
# FGMRES final (true) residual:
# Iteration = 4: |res|/|res0| = 5.30448e-12.

Computing volumes of the grid elements.
Non-linear iter.: 95/500. Linear iter.: 4. Min. area: 0.000148452. Error: 5.30448e-12.
Computing volumes of the grid elements.
Min. volume: 0.000148452, max. volume: 36.6089.

# FGMRES residual history
# Residual tolerance target = 1e-10
# Initial residual norm     = 1.15771e-09
     0     1
# FGMRES final (true) residual:
# Iteration = 4: |res|/|res0| = 5.30448e-12.

Computing volumes of the grid elements.
Non-linear iter.: 96/500. Linear iter.: 4. Min. area: 0.000148452. Error: 5.30448e-12.
Computing volumes of the grid elements.
Min. volume: 0.000148452, max. volume: 36.6089.

# FGMRES residual history
# Residual tolerance target = 1e-10
# Initial residual norm     = 1.15771e-09
     0     1
# FGMRES final (true) residual:
# Iteration = 4: |res|/|res0| = 5.30448e-12.

Computing volumes of the grid elements.
Non-linear iter.: 97/500. Linear iter.: 4. Min. area: 0.000148452. Error: 5.30448e-12.
Computing volumes of the grid elements.
Min. volume: 0.000148452, max. volume: 36.6089.

# FGMRES residual history
# Residual tolerance target = 1e-10
# Initial residual norm     = 1.15772e-09
     0     1
# FGMRES final (true) residual:
# Iteration = 4: |res|/|res0| = 5.30448e-12.

Computing volumes of the grid elements.
Non-linear iter.: 98/500. Linear iter.: 4. Min. area: 0.000148452. Error: 5.30448e-12.
Computing volumes of the grid elements.
Min. volume: 0.000148452, max. volume: 36.6089.

# FGMRES residual history
# Residual tolerance target = 1e-10
# Initial residual norm     = 1.15772e-09
     0     1
# FGMRES final (true) residual:
# Iteration = 4: |res|/|res0| = 5.30447e-12.

Computing volumes of the grid elements.
Non-linear iter.: 99/500. Linear iter.: 4. Min. area: 0.000148452. Error: 5.30447e-12.
Computing volumes of the grid elements.
Min. volume: 0.000148452, max. volume: 36.6089.

# FGMRES residual history
# Residual tolerance target = 1e-10
# Initial residual norm     = 1.15773e-09
     0     1
# FGMRES final (true) residual:
# Iteration = 4: |res|/|res0| = 5.30447e-12.

Computing volumes of the grid elements.
Non-linear iter.: 100/500. Linear iter.: 4. Min. area: 0.000148452. Error: 5.30447e-12.
Computing volumes of the grid elements.
Min. volume: 0.000148452, max. volume: 36.6089.

# FGMRES residual history
# Residual tolerance target = 1e-10
# Initial residual norm     = 1.15774e-09
     0     1
# FGMRES final (true) residual:
# Iteration = 4: |res|/|res0| = 5.30447e-12.

Computing volumes of the grid elements.
Non-linear iter.: 101/500. Linear iter.: 4. Min. area: 0.000148452. Error: 5.30447e-12.
Computing volumes of the grid elements.
Min. volume: 0.000148452, max. volume: 36.6089.

# FGMRES residual history
# Residual tolerance target = 1e-10
# Initial residual norm     = 1.15774e-09
     0     1
# FGMRES final (true) residual:
# Iteration = 4: |res|/|res0| = 5.30447e-12.

Computing volumes of the grid elements.
Non-linear iter.: 102/500. Linear iter.: 4. Min. area: 0.000148452. Error: 5.30447e-12.
Computing volumes of the grid elements.
Min. volume: 0.000148452, max. volume: 36.6089.

# FGMRES residual history
# Residual tolerance target = 1e-10
# Initial residual norm     = 1.15775e-09
     0     1
# FGMRES final (true) residual:
# Iteration = 4: |res|/|res0| = 5.30447e-12.

Computing volumes of the grid elements.
Non-linear iter.: 103/500. Linear iter.: 4. Min. area: 0.000148452. Error: 5.30447e-12.
Computing volumes of the grid elements.
Min. volume: 0.000148452, max. volume: 36.6089.

# FGMRES residual history
# Residual tolerance target = 1e-10
# Initial residual norm     = 1.15775e-09
     0     1
# FGMRES final (true) residual:
# Iteration = 4: |res|/|res0| = 5.30447e-12.

Computing volumes of the grid elements.
Non-linear iter.: 104/500. Linear iter.: 4. Min. area: 0.000148452. Error: 5.30447e-12.
Computing volumes of the grid elements.
Min. volume: 0.000148452, max. volume: 36.6089.

# FGMRES residual history
# Residual tolerance target = 1e-10
# Initial residual norm     = 1.15776e-09
     0     1
# FGMRES final (true) residual:
# Iteration = 4: |res|/|res0| = 5.30447e-12.

Computing volumes of the grid elements.
Non-linear iter.: 105/500. Linear iter.: 4. Min. area: 0.000148452. Error: 5.30447e-12.
Computing volumes of the grid elements.
Min. volume: 0.000148452, max. volume: 36.6089.

# FGMRES residual history
# Residual tolerance target = 1e-10
# Initial residual norm     = 1.15777e-09
     0     1
# FGMRES final (true) residual:
# Iteration = 4: |res|/|res0| = 5.30446e-12.

Computing volumes of the grid elements.
Non-linear iter.: 106/500. Linear iter.: 4. Min. area: 0.000148452. Error: 5.30446e-12.
Computing volumes of the grid elements.
Min. volume: 0.000148452, max. volume: 36.6089.

# FGMRES residual history
# Residual tolerance target = 1e-10
# Initial residual norm     = 1.15777e-09
     0     1
# FGMRES final (true) residual:
# Iteration = 4: |res|/|res0| = 5.30446e-12.

Computing volumes of the grid elements.
Non-linear iter.: 107/500. Linear iter.: 4. Min. area: 0.000148452. Error: 5.30446e-12.
Computing volumes of the grid elements.
Min. volume: 0.000148452, max. volume: 36.6089.

# FGMRES residual history
# Residual tolerance target = 1e-10
# Initial residual norm     = 1.15778e-09
     0     1
# FGMRES final (true) residual:
# Iteration = 4: |res|/|res0| = 5.30446e-12.

Computing volumes of the grid elements.
Non-linear iter.: 108/500. Linear iter.: 4. Min. area: 0.000148452. Error: 5.30446e-12.
Computing volumes of the grid elements.
Min. volume: 0.000148452, max. volume: 36.6089.

# FGMRES residual history
# Residual tolerance target = 1e-10
# Initial residual norm     = 1.15778e-09
     0     1
# FGMRES final (true) residual:
# Iteration = 4: |res|/|res0| = 5.30446e-12.

Computing volumes of the grid elements.
Non-linear iter.: 109/500. Linear iter.: 4. Min. area: 0.000148452. Error: 5.30446e-12.
Computing volumes of the grid elements.
Min. volume: 0.000148452, max. volume: 36.6089.

# FGMRES residual history
# Residual tolerance target = 1e-10
# Initial residual norm     = 1.15779e-09
     0     1
# FGMRES final (true) residual:
# Iteration = 4: |res|/|res0| = 5.30446e-12.

Computing volumes of the grid elements.
Non-linear iter.: 110/500. Linear iter.: 4. Min. area: 0.000148452. Error: 5.30446e-12.
Computing volumes of the grid elements.
Min. volume: 0.000148452, max. volume: 36.6089.

# FGMRES residual history
# Residual tolerance target = 1e-10
# Initial residual norm     = 1.1578e-09
     0     1
# FGMRES final (true) residual:
# Iteration = 4: |res|/|res0| = 5.30446e-12.

Computing volumes of the grid elements.
Non-linear iter.: 111/500. Linear iter.: 4. Min. area: 0.000148452. Error: 5.30446e-12.
Computing volumes of the grid elements.
Min. volume: 0.000148452, max. volume: 36.6089.

# FGMRES residual history
# Residual tolerance target = 1e-10
# Initial residual norm     = 1.1578e-09
     0     1
# FGMRES final (true) residual:
# Iteration = 4: |res|/|res0| = 5.30446e-12.

Computing volumes of the grid elements.
Non-linear iter.: 112/500. Linear iter.: 4. Min. area: 0.000148452. Error: 5.30446e-12.
Computing volumes of the grid elements.
Min. volume: 0.000148452, max. volume: 36.6089.

# FGMRES residual history
# Residual tolerance target = 1e-10
# Initial residual norm     = 1.15781e-09
     0     1
# FGMRES final (true) residual:
# Iteration = 4: |res|/|res0| = 5.30445e-12.

Computing volumes of the grid elements.
Non-linear iter.: 113/500. Linear iter.: 4. Min. area: 0.000148452. Error: 5.30445e-12.
Computing volumes of the grid elements.
Min. volume: 0.000148452, max. volume: 36.6089.

# FGMRES residual history
# Residual tolerance target = 1e-10
# Initial residual norm     = 1.15781e-09
     0     1
# FGMRES final (true) residual:
# Iteration = 4: |res|/|res0| = 5.30445e-12.

Computing volumes of the grid elements.
Non-linear iter.: 114/500. Linear iter.: 4. Min. area: 0.000148452. Error: 5.30445e-12.
Computing volumes of the grid elements.
Min. volume: 0.000148452, max. volume: 36.6089.

# FGMRES residual history
# Residual tolerance target = 1e-10
# Initial residual norm     = 1.15782e-09
     0     1
# FGMRES final (true) residual:
# Iteration = 4: |res|/|res0| = 5.30445e-12.

Computing volumes of the grid elements.
Non-linear iter.: 115/500. Linear iter.: 4. Min. area: 0.000148452. Error: 5.30445e-12.
Computing volumes of the grid elements.
Min. volume: 0.000148452, max. volume: 36.6089.

# FGMRES residual history
# Residual tolerance target = 1e-10
# Initial residual norm     = 1.15783e-09
     0     1
# FGMRES final (true) residual:
# Iteration = 4: |res|/|res0| = 5.30445e-12.

Computing volumes of the grid elements.
Non-linear iter.: 116/500. Linear iter.: 4. Min. area: 0.000148452. Error: 5.30445e-12.
Computing volumes of the grid elements.
Min. volume: 0.000148452, max. volume: 36.6089.

# FGMRES residual history
# Residual tolerance target = 1e-10
# Initial residual norm     = 1.15783e-09
     0     1
# FGMRES final (true) residual:
# Iteration = 4: |res|/|res0| = 5.30445e-12.

Computing volumes of the grid elements.
Non-linear iter.: 117/500. Linear iter.: 4. Min. area: 0.000148452. Error: 5.30445e-12.
Computing volumes of the grid elements.
Min. volume: 0.000148452, max. volume: 36.6089.

# FGMRES residual history
# Residual tolerance target = 1e-10
# Initial residual norm     = 1.15784e-09
     0     1
# FGMRES final (true) residual:
# Iteration = 4: |res|/|res0| = 5.30445e-12.

Computing volumes of the grid elements.
Non-linear iter.: 118/500. Linear iter.: 4. Min. area: 0.000148452. Error: 5.30445e-12.
Computing volumes of the grid elements.
Min. volume: 0.000148452, max. volume: 36.6089.

# FGMRES residual history
# Residual tolerance target = 1e-10
# Initial residual norm     = 1.15784e-09
     0     1
# FGMRES final (true) residual:
# Iteration = 4: |res|/|res0| = 5.30445e-12.

Computing volumes of the grid elements.
Non-linear iter.: 119/500. Linear iter.: 4. Min. area: 0.000148452. Error: 5.30445e-12.
Computing volumes of the grid elements.
Min. volume: 0.000148452, max. volume: 36.6089.

# FGMRES residual history
# Residual tolerance target = 1e-10
# Initial residual norm     = 1.15785e-09
     0     1
# FGMRES final (true) residual:
# Iteration = 4: |res|/|res0| = 5.30444e-12.

Computing volumes of the grid elements.
Non-linear iter.: 120/500. Linear iter.: 4. Min. area: 0.000148452. Error: 5.30444e-12.
Computing volumes of the grid elements.
Min. volume: 0.000148452, max. volume: 36.6089.

# FGMRES residual history
# Residual tolerance target = 1e-10
# Initial residual norm     = 1.15786e-09
     0     1
# FGMRES final (true) residual:
# Iteration = 4: |res|/|res0| = 5.30444e-12.

Computing volumes of the grid elements.
Non-linear iter.: 121/500. Linear iter.: 4. Min. area: 0.000148452. Error: 5.30444e-12.
Computing volumes of the grid elements.
Min. volume: 0.000148452, max. volume: 36.6089.

# FGMRES residual history
# Residual tolerance target = 1e-10
# Initial residual norm     = 1.15786e-09
     0     1
# FGMRES final (true) residual:
# Iteration = 4: |res|/|res0| = 5.30444e-12.

Computing volumes of the grid elements.
Non-linear iter.: 122/500. Linear iter.: 4. Min. area: 0.000148452. Error: 5.30444e-12.
Computing volumes of the grid elements.
Min. volume: 0.000148452, max. volume: 36.6089.

# FGMRES residual history
# Residual tolerance target = 1e-10
# Initial residual norm     = 1.15787e-09
     0     1
# FGMRES final (true) residual:
# Iteration = 4: |res|/|res0| = 5.30444e-12.

Computing volumes of the grid elements.
Non-linear iter.: 123/500. Linear iter.: 4. Min. area: 0.000148452. Error: 5.30444e-12.
Computing volumes of the grid elements.
Min. volume: 0.000148452, max. volume: 36.6089.

# FGMRES residual history
# Residual tolerance target = 1e-10
# Initial residual norm     = 1.15787e-09
     0     1
# FGMRES final (true) residual:
# Iteration = 4: |res|/|res0| = 5.30444e-12.

Computing volumes of the grid elements.
Non-linear iter.: 124/500. Linear iter.: 4. Min. area: 0.000148452. Error: 5.30444e-12.
Computing volumes of the grid elements.
Min. volume: 0.000148452, max. volume: 36.6089.

# FGMRES residual history
# Residual tolerance target = 1e-10
# Initial residual norm     = 1.15788e-09
     0     1
# FGMRES final (true) residual:
# Iteration = 4: |res|/|res0| = 5.30444e-12.

Computing volumes of the grid elements.
Non-linear iter.: 125/500. Linear iter.: 4. Min. area: 0.000148452. Error: 5.30444e-12.
Computing volumes of the grid elements.
Min. volume: 0.000148452, max. volume: 36.6089.

# FGMRES residual history
# Residual tolerance target = 1e-10
# Initial residual norm     = 1.15788e-09
     0     1
# FGMRES final (true) residual:
# Iteration = 4: |res|/|res0| = 5.30444e-12.

Computing volumes of the grid elements.
Non-linear iter.: 126/500. Linear iter.: 4. Min. area: 0.000148452. Error: 5.30444e-12.
Computing volumes of the grid elements.
Min. volume: 0.000148452, max. volume: 36.6089.

# FGMRES residual history
# Residual tolerance target = 1e-10
# Initial residual norm     = 1.15789e-09
     0     1
# FGMRES final (true) residual:
# Iteration = 4: |res|/|res0| = 5.30443e-12.

Computing volumes of the grid elements.
Non-linear iter.: 127/500. Linear iter.: 4. Min. area: 0.000148452. Error: 5.30443e-12.
Computing volumes of the grid elements.
Min. volume: 0.000148452, max. volume: 36.6089.

# FGMRES residual history
# Residual tolerance target = 1e-10
# Initial residual norm     = 1.1579e-09
     0     1
# FGMRES final (true) residual:
# Iteration = 4: |res|/|res0| = 5.30443e-12.

Computing volumes of the grid elements.
Non-linear iter.: 128/500. Linear iter.: 4. Min. area: 0.000148452. Error: 5.30443e-12.
Computing volumes of the grid elements.
Min. volume: 0.000148452, max. volume: 36.6089.

# FGMRES residual history
# Residual tolerance target = 1e-10
# Initial residual norm     = 1.1579e-09
     0     1
# FGMRES final (true) residual:
# Iteration = 4: |res|/|res0| = 5.30443e-12.

Computing volumes of the grid elements.
Non-linear iter.: 129/500. Linear iter.: 4. Min. area: 0.000148452. Error: 5.30443e-12.
Computing volumes of the grid elements.
Min. volume: 0.000148452, max. volume: 36.609.

# FGMRES residual history
# Residual tolerance target = 1e-10
# Initial residual norm     = 1.15791e-09
     0     1
# FGMRES final (true) residual:
# Iteration = 4: |res|/|res0| = 5.30443e-12.

Computing volumes of the grid elements.
Non-linear iter.: 130/500. Linear iter.: 4. Min. area: 0.000148452. Error: 5.30443e-12.
Computing volumes of the grid elements.
Min. volume: 0.000148452, max. volume: 36.609.

# FGMRES residual history
# Residual tolerance target = 1e-10
# Initial residual norm     = 1.15791e-09
     0     1
# FGMRES final (true) residual:
# Iteration = 4: |res|/|res0| = 5.30443e-12.

Computing volumes of the grid elements.
Non-linear iter.: 131/500. Linear iter.: 4. Min. area: 0.000148452. Error: 5.30443e-12.
Computing volumes of the grid elements.
Min. volume: 0.000148452, max. volume: 36.609.

# FGMRES residual history
# Residual tolerance target = 1e-10
# Initial residual norm     = 1.15792e-09
     0     1
# FGMRES final (true) residual:
# Iteration = 4: |res|/|res0| = 5.30443e-12.

Computing volumes of the grid elements.
Non-linear iter.: 132/500. Linear iter.: 4. Min. area: 0.000148452. Error: 5.30443e-12.
Computing volumes of the grid elements.
Min. volume: 0.000148452, max. volume: 36.609.

# FGMRES residual history
# Residual tolerance target = 1e-10
# Initial residual norm     = 1.15793e-09
     0     1
# FGMRES final (true) residual:
# Iteration = 4: |res|/|res0| = 5.30443e-12.

Computing volumes of the grid elements.
Non-linear iter.: 133/500. Linear iter.: 4. Min. area: 0.000148452. Error: 5.30443e-12.
Computing volumes of the grid elements.
Min. volume: 0.000148452, max. volume: 36.609.

# FGMRES residual history
# Residual tolerance target = 1e-10
# Initial residual norm     = 1.15793e-09
     0     1
# FGMRES final (true) residual:
# Iteration = 4: |res|/|res0| = 5.30442e-12.

Computing volumes of the grid elements.
Non-linear iter.: 134/500. Linear iter.: 4. Min. area: 0.000148452. Error: 5.30442e-12.
Computing volumes of the grid elements.
Min. volume: 0.000148452, max. volume: 36.609.

# FGMRES residual history
# Residual tolerance target = 1e-10
# Initial residual norm     = 1.15794e-09
     0     1
# FGMRES final (true) residual:
# Iteration = 4: |res|/|res0| = 5.30442e-12.

Computing volumes of the grid elements.
Non-linear iter.: 135/500. Linear iter.: 4. Min. area: 0.000148452. Error: 5.30442e-12.
Computing volumes of the grid elements.
Min. volume: 0.000148452, max. volume: 36.609.

# FGMRES residual history
# Residual tolerance target = 1e-10
# Initial residual norm     = 1.15794e-09
     0     1
# FGMRES final (true) residual:
# Iteration = 4: |res|/|res0| = 5.30442e-12.

Computing volumes of the grid elements.
Non-linear iter.: 136/500. Linear iter.: 4. Min. area: 0.000148452. Error: 5.30442e-12.
Computing volumes of the grid elements.
Min. volume: 0.000148452, max. volume: 36.609.

# FGMRES residual history
# Residual tolerance target = 1e-10
# Initial residual norm     = 1.15795e-09
     0     1
# FGMRES final (true) residual:
# Iteration = 4: |res|/|res0| = 5.30442e-12.

Computing volumes of the grid elements.
Non-linear iter.: 137/500. Linear iter.: 4. Min. area: 0.000148452. Error: 5.30442e-12.
Computing volumes of the grid elements.
Min. volume: 0.000148452, max. volume: 36.609.

# FGMRES residual history
# Residual tolerance target = 1e-10
# Initial residual norm     = 1.15796e-09
     0     1
# FGMRES final (true) residual:
# Iteration = 4: |res|/|res0| = 5.30442e-12.

Computing volumes of the grid elements.
Non-linear iter.: 138/500. Linear iter.: 4. Min. area: 0.000148452. Error: 5.30442e-12.
Computing volumes of the grid elements.
Min. volume: 0.000148452, max. volume: 36.609.

# FGMRES residual history
# Residual tolerance target = 1e-10
# Initial residual norm     = 1.15796e-09
     0     1
# FGMRES final (true) residual:
# Iteration = 4: |res|/|res0| = 5.30442e-12.

Computing volumes of the grid elements.
Non-linear iter.: 139/500. Linear iter.: 4. Min. area: 0.000148452. Error: 5.30442e-12.
Computing volumes of the grid elements.
Min. volume: 0.000148452, max. volume: 36.609.

# FGMRES residual history
# Residual tolerance target = 1e-10
# Initial residual norm     = 1.15797e-09
     0     1
# FGMRES final (true) residual:
# Iteration = 4: |res|/|res0| = 5.30442e-12.

Computing volumes of the grid elements.
Non-linear iter.: 140/500. Linear iter.: 4. Min. area: 0.000148452. Error: 5.30442e-12.
Computing volumes of the grid elements.
Min. volume: 0.000148452, max. volume: 36.609.

# FGMRES residual history
# Residual tolerance target = 1e-10
# Initial residual norm     = 1.15797e-09
     0     1
# FGMRES final (true) residual:
# Iteration = 4: |res|/|res0| = 5.30442e-12.

Computing volumes of the grid elements.
Non-linear iter.: 141/500. Linear iter.: 4. Min. area: 0.000148452. Error: 5.30442e-12.
Computing volumes of the grid elements.
Min. volume: 0.000148452, max. volume: 36.609.

# FGMRES residual history
# Residual tolerance target = 1e-10
# Initial residual norm     = 1.15798e-09
     0     1
# FGMRES final (true) residual:
# Iteration = 4: |res|/|res0| = 5.30441e-12.

Computing volumes of the grid elements.
Non-linear iter.: 142/500. Linear iter.: 4. Min. area: 0.000148452. Error: 5.30441e-12.
Computing volumes of the grid elements.
Min. volume: 0.000148452, max. volume: 36.609.

# FGMRES residual history
# Residual tolerance target = 1e-10
# Initial residual norm     = 1.15799e-09
     0     1
# FGMRES final (true) residual:
# Iteration = 4: |res|/|res0| = 5.30441e-12.

Computing volumes of the grid elements.
Non-linear iter.: 143/500. Linear iter.: 4. Min. area: 0.000148452. Error: 5.30441e-12.
Computing volumes of the grid elements.
Min. volume: 0.000148452, max. volume: 36.609.

# FGMRES residual history
# Residual tolerance target = 1e-10
# Initial residual norm     = 1.15799e-09
     0     1
# FGMRES final (true) residual:
# Iteration = 4: |res|/|res0| = 5.30441e-12.

Computing volumes of the grid elements.
Non-linear iter.: 144/500. Linear iter.: 4. Min. area: 0.000148452. Error: 5.30441e-12.
Computing volumes of the grid elements.
Min. volume: 0.000148452, max. volume: 36.609.

# FGMRES residual history
# Residual tolerance target = 1e-10
# Initial residual norm     = 1.158e-09
     0     1
# FGMRES final (true) residual:
# Iteration = 4: |res|/|res0| = 5.30441e-12.

Computing volumes of the grid elements.
Non-linear iter.: 145/500. Linear iter.: 4. Min. area: 0.000148452. Error: 5.30441e-12.
Computing volumes of the grid elements.
Min. volume: 0.000148452, max. volume: 36.609.

# FGMRES residual history
# Residual tolerance target = 1e-10
# Initial residual norm     = 1.158e-09
     0     1
# FGMRES final (true) residual:
# Iteration = 4: |res|/|res0| = 5.30441e-12.

Computing volumes of the grid elements.
Non-linear iter.: 146/500. Linear iter.: 4. Min. area: 0.000148452. Error: 5.30441e-12.
Computing volumes of the grid elements.
Min. volume: 0.000148452, max. volume: 36.609.

# FGMRES residual history
# Residual tolerance target = 1e-10
# Initial residual norm     = 1.15801e-09
     0     1
# FGMRES final (true) residual:
# Iteration = 4: |res|/|res0| = 5.30441e-12.

Computing volumes of the grid elements.
Non-linear iter.: 147/500. Linear iter.: 4. Min. area: 0.000148452. Error: 5.30441e-12.
Computing volumes of the grid elements.
Min. volume: 0.000148452, max. volume: 36.609.

# FGMRES residual history
# Residual tolerance target = 1e-10
# Initial residual norm     = 1.15802e-09
     0     1
# FGMRES final (true) residual:
# Iteration = 4: |res|/|res0| = 5.30441e-12.

Computing volumes of the grid elements.
Non-linear iter.: 148/500. Linear iter.: 4. Min. area: 0.000148452. Error: 5.30441e-12.
Computing volumes of the grid elements.
Min. volume: 0.000148452, max. volume: 36.609.

# FGMRES residual history
# Residual tolerance target = 1e-10
# Initial residual norm     = 1.15802e-09
     0     1
# FGMRES final (true) residual:
# Iteration = 4: |res|/|res0| = 5.3044e-12.

Computing volumes of the grid elements.
Non-linear iter.: 149/500. Linear iter.: 4. Min. area: 0.000148452. Error: 5.3044e-12.
Computing volumes of the grid elements.
Min. volume: 0.000148452, max. volume: 36.609.

# FGMRES residual history
# Residual tolerance target = 1e-10
# Initial residual norm     = 1.15803e-09
     0     1
# FGMRES final (true) residual:
# Iteration = 4: |res|/|res0| = 5.3044e-12.

Computing volumes of the grid elements.
Non-linear iter.: 150/500. Linear iter.: 4. Min. area: 0.000148452. Error: 5.3044e-12.
Computing volumes of the grid elements.
Min. volume: 0.000148452, max. volume: 36.609.

# FGMRES residual history
# Residual tolerance target = 1e-10
# Initial residual norm     = 1.15803e-09
     0     1
# FGMRES final (true) residual:
# Iteration = 4: |res|/|res0| = 5.3044e-12.

Computing volumes of the grid elements.
Non-linear iter.: 151/500. Linear iter.: 4. Min. area: 0.000148452. Error: 5.3044e-12.
Computing volumes of the grid elements.
Min. volume: 0.000148452, max. volume: 36.609.

# FGMRES residual history
# Residual tolerance target = 1e-10
# Initial residual norm     = 1.15804e-09
     0     1
# FGMRES final (true) residual:
# Iteration = 4: |res|/|res0| = 5.3044e-12.

Computing volumes of the grid elements.
Non-linear iter.: 152/500. Linear iter.: 4. Min. area: 0.000148452. Error: 5.3044e-12.
Computing volumes of the grid elements.
Min. volume: 0.000148452, max. volume: 36.609.

# FGMRES residual history
# Residual tolerance target = 1e-10
# Initial residual norm     = 1.15805e-09
     0     1
# FGMRES final (true) residual:
# Iteration = 4: |res|/|res0| = 5.3044e-12.

Computing volumes of the grid elements.
Non-linear iter.: 153/500. Linear iter.: 4. Min. area: 0.000148452. Error: 5.3044e-12.
Computing volumes of the grid elements.
Min. volume: 0.000148452, max. volume: 36.609.

# FGMRES residual history
# Residual tolerance target = 1e-10
# Initial residual norm     = 1.15805e-09
     0     1
# FGMRES final (true) residual:
# Iteration = 4: |res|/|res0| = 5.3044e-12.

Computing volumes of the grid elements.
Non-linear iter.: 154/500. Linear iter.: 4. Min. area: 0.000148452. Error: 5.3044e-12.
Computing volumes of the grid elements.
Min. volume: 0.000148452, max. volume: 36.609.

# FGMRES residual history
# Residual tolerance target = 1e-10
# Initial residual norm     = 1.15806e-09
     0     1
# FGMRES final (true) residual:
# Iteration = 4: |res|/|res0| = 5.3044e-12.

Computing volumes of the grid elements.
Non-linear iter.: 155/500. Linear iter.: 4. Min. area: 0.000148452. Error: 5.3044e-12.
Computing volumes of the grid elements.
Min. volume: 0.000148452, max. volume: 36.609.

# FGMRES residual history
# Residual tolerance target = 1e-10
# Initial residual norm     = 1.15806e-09
     0     1
# FGMRES final (true) residual:
# Iteration = 4: |res|/|res0| = 5.30439e-12.

Computing volumes of the grid elements.
Non-linear iter.: 156/500. Linear iter.: 4. Min. area: 0.000148452. Error: 5.30439e-12.
Computing volumes of the grid elements.
Min. volume: 0.000148452, max. volume: 36.609.

# FGMRES residual history
# Residual tolerance target = 1e-10
# Initial residual norm     = 1.15807e-09
     0     1
# FGMRES final (true) residual:
# Iteration = 4: |res|/|res0| = 5.30439e-12.

Computing volumes of the grid elements.
Non-linear iter.: 157/500. Linear iter.: 4. Min. area: 0.000148452. Error: 5.30439e-12.
Computing volumes of the grid elements.
Min. volume: 0.000148452, max. volume: 36.609.

# FGMRES residual history
# Residual tolerance target = 1e-10
# Initial residual norm     = 1.15807e-09
     0     1
# FGMRES final (true) residual:
# Iteration = 4: |res|/|res0| = 5.30439e-12.

Computing volumes of the grid elements.
Non-linear iter.: 158/500. Linear iter.: 4. Min. area: 0.000148452. Error: 5.30439e-12.
Computing volumes of the grid elements.
Min. volume: 0.000148452, max. volume: 36.609.

# FGMRES residual history
# Residual tolerance target = 1e-10
# Initial residual norm     = 1.15808e-09
     0     1
# FGMRES final (true) residual:
# Iteration = 4: |res|/|res0| = 5.30439e-12.

Computing volumes of the grid elements.
Non-linear iter.: 159/500. Linear iter.: 4. Min. area: 0.000148452. Error: 5.30439e-12.
Computing volumes of the grid elements.
Min. volume: 0.000148452, max. volume: 36.609.

# FGMRES residual history
# Residual tolerance target = 1e-10
# Initial residual norm     = 1.15809e-09
     0     1
# FGMRES final (true) residual:
# Iteration = 4: |res|/|res0| = 5.30439e-12.

Computing volumes of the grid elements.
Non-linear iter.: 160/500. Linear iter.: 4. Min. area: 0.000148452. Error: 5.30439e-12.
Computing volumes of the grid elements.
Min. volume: 0.000148452, max. volume: 36.609.

# FGMRES residual history
# Residual tolerance target = 1e-10
# Initial residual norm     = 1.15809e-09
     0     1
# FGMRES final (true) residual:
# Iteration = 4: |res|/|res0| = 5.30439e-12.

Computing volumes of the grid elements.
Non-linear iter.: 161/500. Linear iter.: 4. Min. area: 0.000148452. Error: 5.30439e-12.
Computing volumes of the grid elements.
Min. volume: 0.000148452, max. volume: 36.609.

# FGMRES residual history
# Residual tolerance target = 1e-10
# Initial residual norm     = 1.1581e-09
     0     1
# FGMRES final (true) residual:
# Iteration = 4: |res|/|res0| = 5.30439e-12.

Computing volumes of the grid elements.
Non-linear iter.: 162/500. Linear iter.: 4. Min. area: 0.000148452. Error: 5.30439e-12.
Computing volumes of the grid elements.
Min. volume: 0.000148452, max. volume: 36.609.

# FGMRES residual history
# Residual tolerance target = 1e-10
# Initial residual norm     = 1.1581e-09
     0     1
# FGMRES final (true) residual:
# Iteration = 4: |res|/|res0| = 5.30438e-12.

Computing volumes of the grid elements.
Non-linear iter.: 163/500. Linear iter.: 4. Min. area: 0.000148452. Error: 5.30438e-12.
Computing volumes of the grid elements.
Min. volume: 0.000148452, max. volume: 36.609.

# FGMRES residual history
# Residual tolerance target = 1e-10
# Initial residual norm     = 1.15811e-09
     0     1
# FGMRES final (true) residual:
# Iteration = 4: |res|/|res0| = 5.30438e-12.

Computing volumes of the grid elements.
Non-linear iter.: 164/500. Linear iter.: 4. Min. area: 0.000148452. Error: 5.30438e-12.
Computing volumes of the grid elements.
Min. volume: 0.000148452, max. volume: 36.609.

# FGMRES residual history
# Residual tolerance target = 1e-10
# Initial residual norm     = 1.15812e-09
     0     1
# FGMRES final (true) residual:
# Iteration = 4: |res|/|res0| = 5.30438e-12.

Computing volumes of the grid elements.
Non-linear iter.: 165/500. Linear iter.: 4. Min. area: 0.000148452. Error: 5.30438e-12.
Computing volumes of the grid elements.
Min. volume: 0.000148452, max. volume: 36.609.

# FGMRES residual history
# Residual tolerance target = 1e-10
# Initial residual norm     = 1.15812e-09
     0     1
# FGMRES final (true) residual:
# Iteration = 4: |res|/|res0| = 5.30438e-12.

Computing volumes of the grid elements.
Non-linear iter.: 166/500. Linear iter.: 4. Min. area: 0.000148452. Error: 5.30438e-12.
Computing volumes of the grid elements.
Min. volume: 0.000148452, max. volume: 36.609.

# FGMRES residual history
# Residual tolerance target = 1e-10
# Initial residual norm     = 1.15813e-09
     0     1
# FGMRES final (true) residual:
# Iteration = 4: |res|/|res0| = 5.30438e-12.

Computing volumes of the grid elements.
Non-linear iter.: 167/500. Linear iter.: 4. Min. area: 0.000148452. Error: 5.30438e-12.
Computing volumes of the grid elements.
Min. volume: 0.000148452, max. volume: 36.609.

# FGMRES residual history
# Residual tolerance target = 1e-10
# Initial residual norm     = 1.15813e-09
     0     1
# FGMRES final (true) residual:
# Iteration = 4: |res|/|res0| = 5.30438e-12.

Computing volumes of the grid elements.
Non-linear iter.: 168/500. Linear iter.: 4. Min. area: 0.000148452. Error: 5.30438e-12.
Computing volumes of the grid elements.
Min. volume: 0.000148452, max. volume: 36.609.

# FGMRES residual history
# Residual tolerance target = 1e-10
# Initial residual norm     = 1.15814e-09
     0     1
# FGMRES final (true) residual:
# Iteration = 4: |res|/|res0| = 5.30438e-12.

Computing volumes of the grid elements.
Non-linear iter.: 169/500. Linear iter.: 4. Min. area: 0.000148452. Error: 5.30438e-12.
Computing volumes of the grid elements.
Min. volume: 0.000148452, max. volume: 36.609.

# FGMRES residual history
# Residual tolerance target = 1e-10
# Initial residual norm     = 1.15815e-09
     0     1
# FGMRES final (true) residual:
# Iteration = 4: |res|/|res0| = 5.30437e-12.

Computing volumes of the grid elements.
Non-linear iter.: 170/500. Linear iter.: 4. Min. area: 0.000148452. Error: 5.30437e-12.
Computing volumes of the grid elements.
Min. volume: 0.000148452, max. volume: 36.609.

# FGMRES residual history
# Residual tolerance target = 1e-10
# Initial residual norm     = 1.15815e-09
     0     1
# FGMRES final (true) residual:
# Iteration = 4: |res|/|res0| = 5.30437e-12.

Computing volumes of the grid elements.
Non-linear iter.: 171/500. Linear iter.: 4. Min. area: 0.000148452. Error: 5.30437e-12.
Computing volumes of the grid elements.
Min. volume: 0.000148452, max. volume: 36.609.

# FGMRES residual history
# Residual tolerance target = 1e-10
# Initial residual norm     = 1.15816e-09
     0     1
# FGMRES final (true) residual:
# Iteration = 4: |res|/|res0| = 5.30437e-12.

Computing volumes of the grid elements.
Non-linear iter.: 172/500. Linear iter.: 4. Min. area: 0.000148452. Error: 5.30437e-12.
Computing volumes of the grid elements.
Min. volume: 0.000148452, max. volume: 36.6091.

# FGMRES residual history
# Residual tolerance target = 1e-10
# Initial residual norm     = 1.15816e-09
     0     1
# FGMRES final (true) residual:
# Iteration = 4: |res|/|res0| = 5.30437e-12.

Computing volumes of the grid elements.
Non-linear iter.: 173/500. Linear iter.: 4. Min. area: 0.000148452. Error: 5.30437e-12.
Computing volumes of the grid elements.
Min. volume: 0.000148452, max. volume: 36.6091.

# FGMRES residual history
# Residual tolerance target = 1e-10
# Initial residual norm     = 1.15817e-09
     0     1
# FGMRES final (true) residual:
# Iteration = 4: |res|/|res0| = 5.30437e-12.

Computing volumes of the grid elements.
Non-linear iter.: 174/500. Linear iter.: 4. Min. area: 0.000148452. Error: 5.30437e-12.
Computing volumes of the grid elements.
Min. volume: 0.000148452, max. volume: 36.6091.

# FGMRES residual history
# Residual tolerance target = 1e-10
# Initial residual norm     = 1.15818e-09
     0     1
# FGMRES final (true) residual:
# Iteration = 4: |res|/|res0| = 5.30437e-12.

Computing volumes of the grid elements.
Non-linear iter.: 175/500. Linear iter.: 4. Min. area: 0.000148452. Error: 5.30437e-12.
Computing volumes of the grid elements.
Min. volume: 0.000148452, max. volume: 36.6091.

# FGMRES residual history
# Residual tolerance target = 1e-10
# Initial residual norm     = 1.15818e-09
     0     1
# FGMRES final (true) residual:
# Iteration = 4: |res|/|res0| = 5.30437e-12.

Computing volumes of the grid elements.
Non-linear iter.: 176/500. Linear iter.: 4. Min. area: 0.000148452. Error: 5.30437e-12.
Computing volumes of the grid elements.
Min. volume: 0.000148452, max. volume: 36.6091.

# FGMRES residual history
# Residual tolerance target = 1e-10
# Initial residual norm     = 1.15819e-09
     0     1
# FGMRES final (true) residual:
# Iteration = 4: |res|/|res0| = 5.30436e-12.

Computing volumes of the grid elements.
Non-linear iter.: 177/500. Linear iter.: 4. Min. area: 0.000148452. Error: 5.30436e-12.
Computing volumes of the grid elements.
Min. volume: 0.000148452, max. volume: 36.6091.

# FGMRES residual history
# Residual tolerance target = 1e-10
# Initial residual norm     = 1.15819e-09
     0     1
# FGMRES final (true) residual:
# Iteration = 4: |res|/|res0| = 5.30436e-12.

Computing volumes of the grid elements.
Non-linear iter.: 178/500. Linear iter.: 4. Min. area: 0.000148452. Error: 5.30436e-12.
Computing volumes of the grid elements.
Min. volume: 0.000148452, max. volume: 36.6091.

# FGMRES residual history
# Residual tolerance target = 1e-10
# Initial residual norm     = 1.1582e-09
     0     1
# FGMRES final (true) residual:
# Iteration = 4: |res|/|res0| = 5.30436e-12.

Computing volumes of the grid elements.
Non-linear iter.: 179/500. Linear iter.: 4. Min. area: 0.000148452. Error: 5.30436e-12.
Computing volumes of the grid elements.
Min. volume: 0.000148452, max. volume: 36.6091.

# FGMRES residual history
# Residual tolerance target = 1e-10
# Initial residual norm     = 1.15821e-09
     0     1
# FGMRES final (true) residual:
# Iteration = 4: |res|/|res0| = 5.30436e-12.

Computing volumes of the grid elements.
Non-linear iter.: 180/500. Linear iter.: 4. Min. area: 0.000148452. Error: 5.30436e-12.
Computing volumes of the grid elements.
Min. volume: 0.000148452, max. volume: 36.6091.

# FGMRES residual history
# Residual tolerance target = 1e-10
# Initial residual norm     = 1.15821e-09
     0     1
# FGMRES final (true) residual:
# Iteration = 4: |res|/|res0| = 5.30436e-12.

Computing volumes of the grid elements.
Non-linear iter.: 181/500. Linear iter.: 4. Min. area: 0.000148452. Error: 5.30436e-12.
Computing volumes of the grid elements.
Min. volume: 0.000148452, max. volume: 36.6091.

# FGMRES residual history
# Residual tolerance target = 1e-10
# Initial residual norm     = 1.15822e-09
     0     1
# FGMRES final (true) residual:
# Iteration = 4: |res|/|res0| = 5.30436e-12.

Computing volumes of the grid elements.
Non-linear iter.: 182/500. Linear iter.: 4. Min. area: 0.000148452. Error: 5.30436e-12.
Computing volumes of the grid elements.
Min. volume: 0.000148452, max. volume: 36.6091.

# FGMRES residual history
# Residual tolerance target = 1e-10
# Initial residual norm     = 1.15822e-09
     0     1
# FGMRES final (true) residual:
# Iteration = 4: |res|/|res0| = 5.30436e-12.

Computing volumes of the grid elements.
Non-linear iter.: 183/500. Linear iter.: 4. Min. area: 0.000148452. Error: 5.30436e-12.
Computing volumes of the grid elements.
Min. volume: 0.000148452, max. volume: 36.6091.

# FGMRES residual history
# Residual tolerance target = 1e-10
# Initial residual norm     = 1.15823e-09
     0     1
# FGMRES final (true) residual:
# Iteration = 4: |res|/|res0| = 5.30435e-12.

Computing volumes of the grid elements.
Non-linear iter.: 184/500. Linear iter.: 4. Min. area: 0.000148452. Error: 5.30435e-12.
Computing volumes of the grid elements.
Min. volume: 0.000148452, max. volume: 36.6091.

# FGMRES residual history
# Residual tolerance target = 1e-10
# Initial residual norm     = 1.15824e-09
     0     1
# FGMRES final (true) residual:
# Iteration = 4: |res|/|res0| = 5.30435e-12.

Computing volumes of the grid elements.
Non-linear iter.: 185/500. Linear iter.: 4. Min. area: 0.000148452. Error: 5.30435e-12.
Computing volumes of the grid elements.
Min. volume: 0.000148452, max. volume: 36.6091.

# FGMRES residual history
# Residual tolerance target = 1e-10
# Initial residual norm     = 1.15824e-09
     0     1
# FGMRES final (true) residual:
# Iteration = 4: |res|/|res0| = 5.30435e-12.

Computing volumes of the grid elements.
Non-linear iter.: 186/500. Linear iter.: 4. Min. area: 0.000148452. Error: 5.30435e-12.
Computing volumes of the grid elements.
Min. volume: 0.000148452, max. volume: 36.6091.

# FGMRES residual history
# Residual tolerance target = 1e-10
# Initial residual norm     = 1.15825e-09
     0     1
# FGMRES final (true) residual:
# Iteration = 4: |res|/|res0| = 5.30435e-12.

Computing volumes of the grid elements.
Non-linear iter.: 187/500. Linear iter.: 4. Min. area: 0.000148452. Error: 5.30435e-12.
Computing volumes of the grid elements.
Min. volume: 0.000148452, max. volume: 36.6091.

# FGMRES residual history
# Residual tolerance target = 1e-10
# Initial residual norm     = 1.15825e-09
     0     1
# FGMRES final (true) residual:
# Iteration = 4: |res|/|res0| = 5.30435e-12.

Computing volumes of the grid elements.
Non-linear iter.: 188/500. Linear iter.: 4. Min. area: 0.000148452. Error: 5.30435e-12.
Computing volumes of the grid elements.
Min. volume: 0.000148452, max. volume: 36.6091.

# FGMRES residual history
# Residual tolerance target = 1e-10
# Initial residual norm     = 1.15826e-09
     0     1
# FGMRES final (true) residual:
# Iteration = 4: |res|/|res0| = 5.30435e-12.

Computing volumes of the grid elements.
Non-linear iter.: 189/500. Linear iter.: 4. Min. area: 0.000148452. Error: 5.30435e-12.
Computing volumes of the grid elements.
Min. volume: 0.000148452, max. volume: 36.6091.

# FGMRES residual history
# Residual tolerance target = 1e-10
# Initial residual norm     = 1.15826e-09
     0     1
# FGMRES final (true) residual:
# Iteration = 4: |res|/|res0| = 5.30435e-12.

Computing volumes of the grid elements.
Non-linear iter.: 190/500. Linear iter.: 4. Min. area: 0.000148452. Error: 5.30435e-12.
Computing volumes of the grid elements.
Min. volume: 0.000148452, max. volume: 36.6091.

# FGMRES residual history
# Residual tolerance target = 1e-10
# Initial residual norm     = 1.15827e-09
     0     1
# FGMRES final (true) residual:
# Iteration = 4: |res|/|res0| = 5.30434e-12.

Computing volumes of the grid elements.
Non-linear iter.: 191/500. Linear iter.: 4. Min. area: 0.000148452. Error: 5.30434e-12.
Computing volumes of the grid elements.
Min. volume: 0.000148452, max. volume: 36.6091.

# FGMRES residual history
# Residual tolerance target = 1e-10
# Initial residual norm     = 1.15828e-09
     0     1
# FGMRES final (true) residual:
# Iteration = 4: |res|/|res0| = 5.30434e-12.

Computing volumes of the grid elements.
Non-linear iter.: 192/500. Linear iter.: 4. Min. area: 0.000148452. Error: 5.30434e-12.
Computing volumes of the grid elements.
Min. volume: 0.000148452, max. volume: 36.6091.

# FGMRES residual history
# Residual tolerance target = 1e-10
# Initial residual norm     = 1.15828e-09
     0     1
# FGMRES final (true) residual:
# Iteration = 4: |res|/|res0| = 5.30434e-12.

Computing volumes of the grid elements.
Non-linear iter.: 193/500. Linear iter.: 4. Min. area: 0.000148452. Error: 5.30434e-12.
Computing volumes of the grid elements.
Min. volume: 0.000148452, max. volume: 36.6091.

# FGMRES residual history
# Residual tolerance target = 1e-10
# Initial residual norm     = 1.15829e-09
     0     1
# FGMRES final (true) residual:
# Iteration = 4: |res|/|res0| = 5.30434e-12.

Computing volumes of the grid elements.
Non-linear iter.: 194/500. Linear iter.: 4. Min. area: 0.000148452. Error: 5.30434e-12.
Computing volumes of the grid elements.
Min. volume: 0.000148452, max. volume: 36.6091.

# FGMRES residual history
# Residual tolerance target = 1e-10
# Initial residual norm     = 1.15829e-09
     0     1
# FGMRES final (true) residual:
# Iteration = 4: |res|/|res0| = 5.30434e-12.

Computing volumes of the grid elements.
Non-linear iter.: 195/500. Linear iter.: 4. Min. area: 0.000148452. Error: 5.30434e-12.
Computing volumes of the grid elements.
Min. volume: 0.000148452, max. volume: 36.6091.

# FGMRES residual history
# Residual tolerance target = 1e-10
# Initial residual norm     = 1.1583e-09
     0     1
# FGMRES final (true) residual:
# Iteration = 4: |res|/|res0| = 5.30434e-12.

Computing volumes of the grid elements.
Non-linear iter.: 196/500. Linear iter.: 4. Min. area: 0.000148452. Error: 5.30434e-12.
Computing volumes of the grid elements.
Min. volume: 0.000148452, max. volume: 36.6091.

# FGMRES residual history
# Residual tolerance target = 1e-10
# Initial residual norm     = 1.15831e-09
     0     1
# FGMRES final (true) residual:
# Iteration = 4: |res|/|res0| = 5.30434e-12.

Computing volumes of the grid elements.
Non-linear iter.: 197/500. Linear iter.: 4. Min. area: 0.000148452. Error: 5.30434e-12.
Computing volumes of the grid elements.
Min. volume: 0.000148452, max. volume: 36.6091.

# FGMRES residual history
# Residual tolerance target = 1e-10
# Initial residual norm     = 1.15831e-09
     0     1
# FGMRES final (true) residual:
# Iteration = 4: |res|/|res0| = 5.30434e-12.

Computing volumes of the grid elements.
Non-linear iter.: 198/500. Linear iter.: 4. Min. area: 0.000148452. Error: 5.30434e-12.
Computing volumes of the grid elements.
Min. volume: 0.000148452, max. volume: 36.6091.

# FGMRES residual history
# Residual tolerance target = 1e-10
# Initial residual norm     = 1.15832e-09
     0     1
# FGMRES final (true) residual:
# Iteration = 4: |res|/|res0| = 5.30433e-12.

Computing volumes of the grid elements.
Non-linear iter.: 199/500. Linear iter.: 4. Min. area: 0.000148452. Error: 5.30433e-12.
Computing volumes of the grid elements.
Min. volume: 0.000148452, max. volume: 36.6091.

# FGMRES residual history
# Residual tolerance target = 1e-10
# Initial residual norm     = 1.15832e-09
     0     1
# FGMRES final (true) residual:
# Iteration = 4: |res|/|res0| = 5.30433e-12.

Computing volumes of the grid elements.
Non-linear iter.: 200/500. Linear iter.: 4. Min. area: 0.000148452. Error: 5.30433e-12.
Computing volumes of the grid elements.
Min. volume: 0.000148452, max. volume: 36.6091.

# FGMRES residual history
# Residual tolerance target = 1e-10
# Initial residual norm     = 1.15833e-09
     0     1
# FGMRES final (true) residual:
# Iteration = 4: |res|/|res0| = 5.30433e-12.

Computing volumes of the grid elements.
Non-linear iter.: 201/500. Linear iter.: 4. Min. area: 0.000148452. Error: 5.30433e-12.
Computing volumes of the grid elements.
Min. volume: 0.000148452, max. volume: 36.6091.

# FGMRES residual history
# Residual tolerance target = 1e-10
# Initial residual norm     = 1.15834e-09
     0     1
# FGMRES final (true) residual:
# Iteration = 4: |res|/|res0| = 5.30433e-12.

Computing volumes of the grid elements.
Non-linear iter.: 202/500. Linear iter.: 4. Min. area: 0.000148452. Error: 5.30433e-12.
Computing volumes of the grid elements.
Min. volume: 0.000148452, max. volume: 36.6091.

# FGMRES residual history
# Residual tolerance target = 1e-10
# Initial residual norm     = 1.15834e-09
     0     1
# FGMRES final (true) residual:
# Iteration = 4: |res|/|res0| = 5.30433e-12.

Computing volumes of the grid elements.
Non-linear iter.: 203/500. Linear iter.: 4. Min. area: 0.000148452. Error: 5.30433e-12.
Computing volumes of the grid elements.
Min. volume: 0.000148452, max. volume: 36.6091.

# FGMRES residual history
# Residual tolerance target = 1e-10
# Initial residual norm     = 1.15835e-09
     0     1
# FGMRES final (true) residual:
# Iteration = 4: |res|/|res0| = 5.30433e-12.

Computing volumes of the grid elements.
Non-linear iter.: 204/500. Linear iter.: 4. Min. area: 0.000148452. Error: 5.30433e-12.
Computing volumes of the grid elements.
Min. volume: 0.000148452, max. volume: 36.6091.

# FGMRES residual history
# Residual tolerance target = 1e-10
# Initial residual norm     = 1.15835e-09
     0     1
# FGMRES final (true) residual:
# Iteration = 4: |res|/|res0| = 5.30433e-12.

Computing volumes of the grid elements.
Non-linear iter.: 205/500. Linear iter.: 4. Min. area: 0.000148452. Error: 5.30433e-12.
Computing volumes of the grid elements.
Min. volume: 0.000148452, max. volume: 36.6091.

# FGMRES residual history
# Residual tolerance target = 1e-10
# Initial residual norm     = 1.15836e-09
     0     1
# FGMRES final (true) residual:
# Iteration = 4: |res|/|res0| = 5.30432e-12.

Computing volumes of the grid elements.
Non-linear iter.: 206/500. Linear iter.: 4. Min. area: 0.000148452. Error: 5.30432e-12.
Computing volumes of the grid elements.
Min. volume: 0.000148452, max. volume: 36.6091.

# FGMRES residual history
# Residual tolerance target = 1e-10
# Initial residual norm     = 1.15837e-09
     0     1
# FGMRES final (true) residual:
# Iteration = 4: |res|/|res0| = 5.30432e-12.

Computing volumes of the grid elements.
Non-linear iter.: 207/500. Linear iter.: 4. Min. area: 0.000148452. Error: 5.30432e-12.
Computing volumes of the grid elements.
Min. volume: 0.000148452, max. volume: 36.6091.

# FGMRES residual history
# Residual tolerance target = 1e-10
# Initial residual norm     = 1.15837e-09
     0     1
# FGMRES final (true) residual:
# Iteration = 4: |res|/|res0| = 5.30432e-12.

Computing volumes of the grid elements.
Non-linear iter.: 208/500. Linear iter.: 4. Min. area: 0.000148452. Error: 5.30432e-12.
Computing volumes of the grid elements.
Min. volume: 0.000148452, max. volume: 36.6091.

# FGMRES residual history
# Residual tolerance target = 1e-10
# Initial residual norm     = 1.15838e-09
     0     1
# FGMRES final (true) residual:
# Iteration = 4: |res|/|res0| = 5.30432e-12.

Computing volumes of the grid elements.
Non-linear iter.: 209/500. Linear iter.: 4. Min. area: 0.000148452. Error: 5.30432e-12.
Computing volumes of the grid elements.
Min. volume: 0.000148452, max. volume: 36.6091.

# FGMRES residual history
# Residual tolerance target = 1e-10
# Initial residual norm     = 1.15838e-09
     0     1
# FGMRES final (true) residual:
# Iteration = 4: |res|/|res0| = 5.30432e-12.

Computing volumes of the grid elements.
Non-linear iter.: 210/500. Linear iter.: 4. Min. area: 0.000148452. Error: 5.30432e-12.
Computing volumes of the grid elements.
Min. volume: 0.000148452, max. volume: 36.6091.

# FGMRES residual history
# Residual tolerance target = 1e-10
# Initial residual norm     = 1.15839e-09
     0     1
# FGMRES final (true) residual:
# Iteration = 4: |res|/|res0| = 5.30432e-12.

Computing volumes of the grid elements.
Non-linear iter.: 211/500. Linear iter.: 4. Min. area: 0.000148452. Error: 5.30432e-12.
Computing volumes of the grid elements.
Min. volume: 0.000148452, max. volume: 36.6091.

# FGMRES residual history
# Residual tolerance target = 1e-10
# Initial residual norm     = 1.1584e-09
     0     1
# FGMRES final (true) residual:
# Iteration = 4: |res|/|res0| = 5.30432e-12.

Computing volumes of the grid elements.
Non-linear iter.: 212/500. Linear iter.: 4. Min. area: 0.000148452. Error: 5.30432e-12.
Computing volumes of the grid elements.
Min. volume: 0.000148452, max. volume: 36.6091.

# FGMRES residual history
# Residual tolerance target = 1e-10
# Initial residual norm     = 1.1584e-09
     0     1
# FGMRES final (true) residual:
# Iteration = 4: |res|/|res0| = 5.30431e-12.

Computing volumes of the grid elements.
Non-linear iter.: 213/500. Linear iter.: 4. Min. area: 0.000148452. Error: 5.30431e-12.
Computing volumes of the grid elements.
Min. volume: 0.000148452, max. volume: 36.6091.

# FGMRES residual history
# Residual tolerance target = 1e-10
# Initial residual norm     = 1.15841e-09
     0     1
# FGMRES final (true) residual:
# Iteration = 4: |res|/|res0| = 5.30431e-12.

Computing volumes of the grid elements.
Non-linear iter.: 214/500. Linear iter.: 4. Min. area: 0.000148452. Error: 5.30431e-12.
Computing volumes of the grid elements.
Min. volume: 0.000148452, max. volume: 36.6091.

# FGMRES residual history
# Residual tolerance target = 1e-10
# Initial residual norm     = 1.15841e-09
     0     1
# FGMRES final (true) residual:
# Iteration = 4: |res|/|res0| = 5.30431e-12.

Computing volumes of the grid elements.
Non-linear iter.: 215/500. Linear iter.: 4. Min. area: 0.000148452. Error: 5.30431e-12.
Computing volumes of the grid elements.
Min. volume: 0.000148452, max. volume: 36.6092.

# FGMRES residual history
# Residual tolerance target = 1e-10
# Initial residual norm     = 1.15842e-09
     0     1
# FGMRES final (true) residual:
# Iteration = 4: |res|/|res0| = 5.30431e-12.

Computing volumes of the grid elements.
Non-linear iter.: 216/500. Linear iter.: 4. Min. area: 0.000148452. Error: 5.30431e-12.
Computing volumes of the grid elements.
Min. volume: 0.000148452, max. volume: 36.6092.

# FGMRES residual history
# Residual tolerance target = 1e-10
# Initial residual norm     = 1.15843e-09
     0     1
# FGMRES final (true) residual:
# Iteration = 4: |res|/|res0| = 5.30431e-12.

Computing volumes of the grid elements.
Non-linear iter.: 217/500. Linear iter.: 4. Min. area: 0.000148452. Error: 5.30431e-12.
Computing volumes of the grid elements.
Min. volume: 0.000148452, max. volume: 36.6092.

# FGMRES residual history
# Residual tolerance target = 1e-10
# Initial residual norm     = 1.15843e-09
     0     1
# FGMRES final (true) residual:
# Iteration = 4: |res|/|res0| = 5.30431e-12.

Computing volumes of the grid elements.
Non-linear iter.: 218/500. Linear iter.: 4. Min. area: 0.000148452. Error: 5.30431e-12.
Computing volumes of the grid elements.
Min. volume: 0.000148452, max. volume: 36.6092.

# FGMRES residual history
# Residual tolerance target = 1e-10
# Initial residual norm     = 1.15844e-09
     0     1
# FGMRES final (true) residual:
# Iteration = 4: |res|/|res0| = 5.30431e-12.

Computing volumes of the grid elements.
Non-linear iter.: 219/500. Linear iter.: 4. Min. area: 0.000148452. Error: 5.30431e-12.
Computing volumes of the grid elements.
Min. volume: 0.000148452, max. volume: 36.6092.

# FGMRES residual history
# Residual tolerance target = 1e-10
# Initial residual norm     = 1.15844e-09
     0     1
# FGMRES final (true) residual:
# Iteration = 4: |res|/|res0| = 5.3043e-12.

Computing volumes of the grid elements.
Non-linear iter.: 220/500. Linear iter.: 4. Min. area: 0.000148452. Error: 5.3043e-12.
Computing volumes of the grid elements.
Min. volume: 0.000148452, max. volume: 36.6092.

# FGMRES residual history
# Residual tolerance target = 1e-10
# Initial residual norm     = 1.15845e-09
     0     1
# FGMRES final (true) residual:
# Iteration = 4: |res|/|res0| = 5.3043e-12.

Computing volumes of the grid elements.
Non-linear iter.: 221/500. Linear iter.: 4. Min. area: 0.000148452. Error: 5.3043e-12.
Computing volumes of the grid elements.
Min. volume: 0.000148452, max. volume: 36.6092.

# FGMRES residual history
# Residual tolerance target = 1e-10
# Initial residual norm     = 1.15845e-09
     0     1
# FGMRES final (true) residual:
# Iteration = 4: |res|/|res0| = 5.3043e-12.

Computing volumes of the grid elements.
Non-linear iter.: 222/500. Linear iter.: 4. Min. area: 0.000148452. Error: 5.3043e-12.
Computing volumes of the grid elements.
Min. volume: 0.000148452, max. volume: 36.6092.

# FGMRES residual history
# Residual tolerance target = 1e-10
# Initial residual norm     = 1.15846e-09
     0     1
# FGMRES final (true) residual:
# Iteration = 4: |res|/|res0| = 5.3043e-12.

Computing volumes of the grid elements.
Non-linear iter.: 223/500. Linear iter.: 4. Min. area: 0.000148452. Error: 5.3043e-12.
Computing volumes of the grid elements.
Min. volume: 0.000148452, max. volume: 36.6092.

# FGMRES residual history
# Residual tolerance target = 1e-10
# Initial residual norm     = 1.15847e-09
     0     1
# FGMRES final (true) residual:
# Iteration = 4: |res|/|res0| = 5.3043e-12.

Computing volumes of the grid elements.
Non-linear iter.: 224/500. Linear iter.: 4. Min. area: 0.000148452. Error: 5.3043e-12.
Computing volumes of the grid elements.
Min. volume: 0.000148452, max. volume: 36.6092.

# FGMRES residual history
# Residual tolerance target = 1e-10
# Initial residual norm     = 1.15847e-09
     0     1
# FGMRES final (true) residual:
# Iteration = 4: |res|/|res0| = 5.3043e-12.

Computing volumes of the grid elements.
Non-linear iter.: 225/500. Linear iter.: 4. Min. area: 0.000148452. Error: 5.3043e-12.
Computing volumes of the grid elements.
Min. volume: 0.000148452, max. volume: 36.6092.

# FGMRES residual history
# Residual tolerance target = 1e-10
# Initial residual norm     = 1.15848e-09
     0     1
# FGMRES final (true) residual:
# Iteration = 4: |res|/|res0| = 5.3043e-12.

Computing volumes of the grid elements.
Non-linear iter.: 226/500. Linear iter.: 4. Min. area: 0.000148452. Error: 5.3043e-12.
Computing volumes of the grid elements.
Min. volume: 0.000148452, max. volume: 36.6092.

# FGMRES residual history
# Residual tolerance target = 1e-10
# Initial residual norm     = 1.15848e-09
     0     1
# FGMRES final (true) residual:
# Iteration = 4: |res|/|res0| = 5.30429e-12.

Computing volumes of the grid elements.
Non-linear iter.: 227/500. Linear iter.: 4. Min. area: 0.000148452. Error: 5.30429e-12.
Computing volumes of the grid elements.
Min. volume: 0.000148452, max. volume: 36.6092.

# FGMRES residual history
# Residual tolerance target = 1e-10
# Initial residual norm     = 1.15849e-09
     0     1
# FGMRES final (true) residual:
# Iteration = 4: |res|/|res0| = 5.30429e-12.

Computing volumes of the grid elements.
Non-linear iter.: 228/500. Linear iter.: 4. Min. area: 0.000148452. Error: 5.30429e-12.
Computing volumes of the grid elements.
Min. volume: 0.000148452, max. volume: 36.6092.

# FGMRES residual history
# Residual tolerance target = 1e-10
# Initial residual norm     = 1.1585e-09
     0     1
# FGMRES final (true) residual:
# Iteration = 4: |res|/|res0| = 5.30429e-12.

Computing volumes of the grid elements.
Non-linear iter.: 229/500. Linear iter.: 4. Min. area: 0.000148452. Error: 5.30429e-12.
Computing volumes of the grid elements.
Min. volume: 0.000148452, max. volume: 36.6092.

# FGMRES residual history
# Residual tolerance target = 1e-10
# Initial residual norm     = 1.1585e-09
     0     1
# FGMRES final (true) residual:
# Iteration = 4: |res|/|res0| = 5.30429e-12.

Computing volumes of the grid elements.
Non-linear iter.: 230/500. Linear iter.: 4. Min. area: 0.000148452. Error: 5.30429e-12.
Computing volumes of the grid elements.
Min. volume: 0.000148452, max. volume: 36.6092.

# FGMRES residual history
# Residual tolerance target = 1e-10
# Initial residual norm     = 1.15851e-09
     0     1
# FGMRES final (true) residual:
# Iteration = 4: |res|/|res0| = 5.30429e-12.

Computing volumes of the grid elements.
Non-linear iter.: 231/500. Linear iter.: 4. Min. area: 0.000148452. Error: 5.30429e-12.
Computing volumes of the grid elements.
Min. volume: 0.000148452, max. volume: 36.6092.

# FGMRES residual history
# Residual tolerance target = 1e-10
# Initial residual norm     = 1.15851e-09
     0     1
# FGMRES final (true) residual:
# Iteration = 4: |res|/|res0| = 5.30429e-12.

Computing volumes of the grid elements.
Non-linear iter.: 232/500. Linear iter.: 4. Min. area: 0.000148452. Error: 5.30429e-12.
Computing volumes of the grid elements.
Min. volume: 0.000148452, max. volume: 36.6092.

# FGMRES residual history
# Residual tolerance target = 1e-10
# Initial residual norm     = 1.15852e-09
     0     1
# FGMRES final (true) residual:
# Iteration = 4: |res|/|res0| = 5.30429e-12.

Computing volumes of the grid elements.
Non-linear iter.: 233/500. Linear iter.: 4. Min. area: 0.000148452. Error: 5.30429e-12.
Computing volumes of the grid elements.
Min. volume: 0.000148452, max. volume: 36.6092.

# FGMRES residual history
# Residual tolerance target = 1e-10
# Initial residual norm     = 1.15853e-09
     0     1
# FGMRES final (true) residual:
# Iteration = 4: |res|/|res0| = 5.30428e-12.

Computing volumes of the grid elements.
Non-linear iter.: 234/500. Linear iter.: 4. Min. area: 0.000148452. Error: 5.30428e-12.
Computing volumes of the grid elements.
Min. volume: 0.000148452, max. volume: 36.6092.

# FGMRES residual history
# Residual tolerance target = 1e-10
# Initial residual norm     = 1.15853e-09
     0     1
# FGMRES final (true) residual:
# Iteration = 4: |res|/|res0| = 5.30428e-12.

Computing volumes of the grid elements.
Non-linear iter.: 235/500. Linear iter.: 4. Min. area: 0.000148452. Error: 5.30428e-12.
Computing volumes of the grid elements.
Min. volume: 0.000148452, max. volume: 36.6092.

# FGMRES residual history
# Residual tolerance target = 1e-10
# Initial residual norm     = 1.15854e-09
     0     1
# FGMRES final (true) residual:
# Iteration = 4: |res|/|res0| = 5.30428e-12.

Computing volumes of the grid elements.
Non-linear iter.: 236/500. Linear iter.: 4. Min. area: 0.000148452. Error: 5.30428e-12.
Computing volumes of the grid elements.
Min. volume: 0.000148452, max. volume: 36.6092.

# FGMRES residual history
# Residual tolerance target = 1e-10
# Initial residual norm     = 1.15854e-09
     0     1
# FGMRES final (true) residual:
# Iteration = 4: |res|/|res0| = 5.30428e-12.

Computing volumes of the grid elements.
Non-linear iter.: 237/500. Linear iter.: 4. Min. area: 0.000148452. Error: 5.30428e-12.
Computing volumes of the grid elements.
Min. volume: 0.000148452, max. volume: 36.6092.

# FGMRES residual history
# Residual tolerance target = 1e-10
# Initial residual norm     = 1.15855e-09
     0     1
# FGMRES final (true) residual:
# Iteration = 4: |res|/|res0| = 5.30428e-12.

Computing volumes of the grid elements.
Non-linear iter.: 238/500. Linear iter.: 4. Min. area: 0.000148452. Error: 5.30428e-12.
Computing volumes of the grid elements.
Min. volume: 0.000148452, max. volume: 36.6092.

# FGMRES residual history
# Residual tolerance target = 1e-10
# Initial residual norm     = 1.15856e-09
     0     1
# FGMRES final (true) residual:
# Iteration = 4: |res|/|res0| = 5.30428e-12.

Computing volumes of the grid elements.
Non-linear iter.: 239/500. Linear iter.: 4. Min. area: 0.000148452. Error: 5.30428e-12.
Computing volumes of the grid elements.
Min. volume: 0.000148452, max. volume: 36.6092.

# FGMRES residual history
# Residual tolerance target = 1e-10
# Initial residual norm     = 1.15856e-09
     0     1
# FGMRES final (true) residual:
# Iteration = 4: |res|/|res0| = 5.30428e-12.

Computing volumes of the grid elements.
Non-linear iter.: 240/500. Linear iter.: 4. Min. area: 0.000148452. Error: 5.30428e-12.
Computing volumes of the grid elements.
Min. volume: 0.000148452, max. volume: 36.6092.

# FGMRES residual history
# Residual tolerance target = 1e-10
# Initial residual norm     = 1.15857e-09
     0     1
# FGMRES final (true) residual:
# Iteration = 4: |res|/|res0| = 5.30427e-12.

Computing volumes of the grid elements.
Non-linear iter.: 241/500. Linear iter.: 4. Min. area: 0.000148452. Error: 5.30427e-12.
Computing volumes of the grid elements.
Min. volume: 0.000148452, max. volume: 36.6092.

# FGMRES residual history
# Residual tolerance target = 1e-10
# Initial residual norm     = 1.15857e-09
     0     1
# FGMRES final (true) residual:
# Iteration = 4: |res|/|res0| = 5.30427e-12.

Computing volumes of the grid elements.
Non-linear iter.: 242/500. Linear iter.: 4. Min. area: 0.000148452. Error: 5.30427e-12.
Computing volumes of the grid elements.
Min. volume: 0.000148452, max. volume: 36.6092.

# FGMRES residual history
# Residual tolerance target = 1e-10
# Initial residual norm     = 1.15858e-09
     0     1
# FGMRES final (true) residual:
# Iteration = 4: |res|/|res0| = 5.30427e-12.

Computing volumes of the grid elements.
Non-linear iter.: 243/500. Linear iter.: 4. Min. area: 0.000148452. Error: 5.30427e-12.
Computing volumes of the grid elements.
Min. volume: 0.000148452, max. volume: 36.6092.

# FGMRES residual history
# Residual tolerance target = 1e-10
# Initial residual norm     = 1.15859e-09
     0     1
# FGMRES final (true) residual:
# Iteration = 4: |res|/|res0| = 5.30427e-12.

Computing volumes of the grid elements.
Non-linear iter.: 244/500. Linear iter.: 4. Min. area: 0.000148452. Error: 5.30427e-12.
Computing volumes of the grid elements.
Min. volume: 0.000148452, max. volume: 36.6092.

# FGMRES residual history
# Residual tolerance target = 1e-10
# Initial residual norm     = 1.15859e-09
     0     1
# FGMRES final (true) residual:
# Iteration = 4: |res|/|res0| = 5.30427e-12.

Computing volumes of the grid elements.
Non-linear iter.: 245/500. Linear iter.: 4. Min. area: 0.000148452. Error: 5.30427e-12.
Computing volumes of the grid elements.
Min. volume: 0.000148452, max. volume: 36.6092.

# FGMRES residual history
# Residual tolerance target = 1e-10
# Initial residual norm     = 1.1586e-09
     0     1
# FGMRES final (true) residual:
# Iteration = 4: |res|/|res0| = 5.30427e-12.

Computing volumes of the grid elements.
Non-linear iter.: 246/500. Linear iter.: 4. Min. area: 0.000148452. Error: 5.30427e-12.
Computing volumes of the grid elements.
Min. volume: 0.000148452, max. volume: 36.6092.

# FGMRES residual history
# Residual tolerance target = 1e-10
# Initial residual norm     = 1.1586e-09
     0     1
# FGMRES final (true) residual:
# Iteration = 4: |res|/|res0| = 5.30427e-12.

Computing volumes of the grid elements.
Non-linear iter.: 247/500. Linear iter.: 4. Min. area: 0.000148452. Error: 5.30427e-12.
Computing volumes of the grid elements.
Min. volume: 0.000148452, max. volume: 36.6092.

# FGMRES residual history
# Residual tolerance target = 1e-10
# Initial residual norm     = 1.15861e-09
     0     1
# FGMRES final (true) residual:
# Iteration = 4: |res|/|res0| = 5.30427e-12.

Computing volumes of the grid elements.
Non-linear iter.: 248/500. Linear iter.: 4. Min. area: 0.000148452. Error: 5.30427e-12.
Computing volumes of the grid elements.
Min. volume: 0.000148452, max. volume: 36.6092.

# FGMRES residual history
# Residual tolerance target = 1e-10
# Initial residual norm     = 1.15862e-09
     0     1
# FGMRES final (true) residual:
# Iteration = 4: |res|/|res0| = 5.30426e-12.

Computing volumes of the grid elements.
Non-linear iter.: 249/500. Linear iter.: 4. Min. area: 0.000148452. Error: 5.30426e-12.
Computing volumes of the grid elements.
Min. volume: 0.000148452, max. volume: 36.6092.

# FGMRES residual history
# Residual tolerance target = 1e-10
# Initial residual norm     = 1.15862e-09
     0     1
# FGMRES final (true) residual:
# Iteration = 4: |res|/|res0| = 5.30426e-12.

Computing volumes of the grid elements.
Non-linear iter.: 250/500. Linear iter.: 4. Min. area: 0.000148452. Error: 5.30426e-12.
Computing volumes of the grid elements.
Min. volume: 0.000148452, max. volume: 36.6092.

# FGMRES residual history
# Residual tolerance target = 1e-10
# Initial residual norm     = 1.15863e-09
     0     1
# FGMRES final (true) residual:
# Iteration = 4: |res|/|res0| = 5.30426e-12.

Computing volumes of the grid elements.
Non-linear iter.: 251/500. Linear iter.: 4. Min. area: 0.000148452. Error: 5.30426e-12.
Computing volumes of the grid elements.
Min. volume: 0.000148452, max. volume: 36.6092.

# FGMRES residual history
# Residual tolerance target = 1e-10
# Initial residual norm     = 1.15863e-09
     0     1
# FGMRES final (true) residual:
# Iteration = 4: |res|/|res0| = 5.30426e-12.

Computing volumes of the grid elements.
Non-linear iter.: 252/500. Linear iter.: 4. Min. area: 0.000148452. Error: 5.30426e-12.
Computing volumes of the grid elements.
Min. volume: 0.000148452, max. volume: 36.6092.

# FGMRES residual history
# Residual tolerance target = 1e-10
# Initial residual norm     = 1.15864e-09
     0     1
# FGMRES final (true) residual:
# Iteration = 4: |res|/|res0| = 5.30426e-12.

Computing volumes of the grid elements.
Non-linear iter.: 253/500. Linear iter.: 4. Min. area: 0.000148452. Error: 5.30426e-12.
Computing volumes of the grid elements.
Min. volume: 0.000148452, max. volume: 36.6092.

# FGMRES residual history
# Residual tolerance target = 1e-10
# Initial residual norm     = 1.15864e-09
     0     1
# FGMRES final (true) residual:
# Iteration = 4: |res|/|res0| = 5.30426e-12.

Computing volumes of the grid elements.
Non-linear iter.: 254/500. Linear iter.: 4. Min. area: 0.000148452. Error: 5.30426e-12.
Computing volumes of the grid elements.
Min. volume: 0.000148452, max. volume: 36.6092.

# FGMRES residual history
# Residual tolerance target = 1e-10
# Initial residual norm     = 1.15865e-09
     0     1
# FGMRES final (true) residual:
# Iteration = 4: |res|/|res0| = 5.30426e-12.

Computing volumes of the grid elements.
Non-linear iter.: 255/500. Linear iter.: 4. Min. area: 0.000148452. Error: 5.30426e-12.
Computing volumes of the grid elements.
Min. volume: 0.000148452, max. volume: 36.6092.

# FGMRES residual history
# Residual tolerance target = 1e-10
# Initial residual norm     = 1.15866e-09
     0     1
# FGMRES final (true) residual:
# Iteration = 4: |res|/|res0| = 5.30425e-12.

Computing volumes of the grid elements.
Non-linear iter.: 256/500. Linear iter.: 4. Min. area: 0.000148452. Error: 5.30425e-12.
Computing volumes of the grid elements.
Min. volume: 0.000148452, max. volume: 36.6092.

# FGMRES residual history
# Residual tolerance target = 1e-10
# Initial residual norm     = 1.15866e-09
     0     1
# FGMRES final (true) residual:
# Iteration = 4: |res|/|res0| = 5.30425e-12.

Computing volumes of the grid elements.
Non-linear iter.: 257/500. Linear iter.: 4. Min. area: 0.000148452. Error: 5.30425e-12.
Computing volumes of the grid elements.
Min. volume: 0.000148452, max. volume: 36.6092.

# FGMRES residual history
# Residual tolerance target = 1e-10
# Initial residual norm     = 1.15867e-09
     0     1
# FGMRES final (true) residual:
# Iteration = 4: |res|/|res0| = 5.30425e-12.

Computing volumes of the grid elements.
Non-linear iter.: 258/500. Linear iter.: 4. Min. area: 0.000148452. Error: 5.30425e-12.
Computing volumes of the grid elements.
Min. volume: 0.000148452, max. volume: 36.6093.

# FGMRES residual history
# Residual tolerance target = 1e-10
# Initial residual norm     = 1.15867e-09
     0     1
# FGMRES final (true) residual:
# Iteration = 4: |res|/|res0| = 5.30425e-12.

Computing volumes of the grid elements.
Non-linear iter.: 259/500. Linear iter.: 4. Min. area: 0.000148452. Error: 5.30425e-12.
Computing volumes of the grid elements.
Min. volume: 0.000148452, max. volume: 36.6093.

# FGMRES residual history
# Residual tolerance target = 1e-10
# Initial residual norm     = 1.15868e-09
     0     1
# FGMRES final (true) residual:
# Iteration = 4: |res|/|res0| = 5.30425e-12.

Computing volumes of the grid elements.
Non-linear iter.: 260/500. Linear iter.: 4. Min. area: 0.000148452. Error: 5.30425e-12.
Computing volumes of the grid elements.
Min. volume: 0.000148452, max. volume: 36.6093.

# FGMRES residual history
# Residual tolerance target = 1e-10
# Initial residual norm     = 1.15869e-09
     0     1
# FGMRES final (true) residual:
# Iteration = 4: |res|/|res0| = 5.30425e-12.

Computing volumes of the grid elements.
Non-linear iter.: 261/500. Linear iter.: 4. Min. area: 0.000148452. Error: 5.30425e-12.
Computing volumes of the grid elements.
Min. volume: 0.000148452, max. volume: 36.6093.

# FGMRES residual history
# Residual tolerance target = 1e-10
# Initial residual norm     = 1.15869e-09
     0     1
# FGMRES final (true) residual:
# Iteration = 4: |res|/|res0| = 5.30425e-12.

Computing volumes of the grid elements.
Non-linear iter.: 262/500. Linear iter.: 4. Min. area: 0.000148452. Error: 5.30425e-12.
Computing volumes of the grid elements.
Min. volume: 0.000148452, max. volume: 36.6093.

# FGMRES residual history
# Residual tolerance target = 1e-10
# Initial residual norm     = 1.1587e-09
     0     1
# FGMRES final (true) residual:
# Iteration = 4: |res|/|res0| = 5.30424e-12.

Computing volumes of the grid elements.
Non-linear iter.: 263/500. Linear iter.: 4. Min. area: 0.000148452. Error: 5.30424e-12.
Computing volumes of the grid elements.
Min. volume: 0.000148452, max. volume: 36.6093.

# FGMRES residual history
# Residual tolerance target = 1e-10
# Initial residual norm     = 1.1587e-09
     0     1
# FGMRES final (true) residual:
# Iteration = 4: |res|/|res0| = 5.30424e-12.

Computing volumes of the grid elements.
Non-linear iter.: 264/500. Linear iter.: 4. Min. area: 0.000148452. Error: 5.30424e-12.
Computing volumes of the grid elements.
Min. volume: 0.000148452, max. volume: 36.6093.

# FGMRES residual history
# Residual tolerance target = 1e-10
# Initial residual norm     = 1.15871e-09
     0     1
# FGMRES final (true) residual:
# Iteration = 4: |res|/|res0| = 5.30424e-12.

Computing volumes of the grid elements.
Non-linear iter.: 265/500. Linear iter.: 4. Min. area: 0.000148452. Error: 5.30424e-12.
Computing volumes of the grid elements.
Min. volume: 0.000148452, max. volume: 36.6093.

# FGMRES residual history
# Residual tolerance target = 1e-10
# Initial residual norm     = 1.15872e-09
     0     1
# FGMRES final (true) residual:
# Iteration = 4: |res|/|res0| = 5.30424e-12.

Computing volumes of the grid elements.
Non-linear iter.: 266/500. Linear iter.: 4. Min. area: 0.000148452. Error: 5.30424e-12.
Computing volumes of the grid elements.
Min. volume: 0.000148452, max. volume: 36.6093.

# FGMRES residual history
# Residual tolerance target = 1e-10
# Initial residual norm     = 1.15872e-09
     0     1
# FGMRES final (true) residual:
# Iteration = 4: |res|/|res0| = 5.30424e-12.

Computing volumes of the grid elements.
Non-linear iter.: 267/500. Linear iter.: 4. Min. area: 0.000148452. Error: 5.30424e-12.
Computing volumes of the grid elements.
Min. volume: 0.000148452, max. volume: 36.6093.

# FGMRES residual history
# Residual tolerance target = 1e-10
# Initial residual norm     = 1.15873e-09
     0     1
# FGMRES final (true) residual:
# Iteration = 4: |res|/|res0| = 5.30424e-12.

Computing volumes of the grid elements.
Non-linear iter.: 268/500. Linear iter.: 4. Min. area: 0.000148452. Error: 5.30424e-12.
Computing volumes of the grid elements.
Min. volume: 0.000148452, max. volume: 36.6093.

# FGMRES residual history
# Residual tolerance target = 1e-10
# Initial residual norm     = 1.15873e-09
     0     1
# FGMRES final (true) residual:
# Iteration = 4: |res|/|res0| = 5.30424e-12.

Computing volumes of the grid elements.
Non-linear iter.: 269/500. Linear iter.: 4. Min. area: 0.000148452. Error: 5.30424e-12.
Computing volumes of the grid elements.
Min. volume: 0.000148452, max. volume: 36.6093.

# FGMRES residual history
# Residual tolerance target = 1e-10
# Initial residual norm     = 1.15874e-09
     0     1
# FGMRES final (true) residual:
# Iteration = 4: |res|/|res0| = 5.30423e-12.

Computing volumes of the grid elements.
Non-linear iter.: 270/500. Linear iter.: 4. Min. area: 0.000148452. Error: 5.30423e-12.
Computing volumes of the grid elements.
Min. volume: 0.000148452, max. volume: 36.6093.

# FGMRES residual history
# Residual tolerance target = 1e-10
# Initial residual norm     = 1.15875e-09
     0     1
# FGMRES final (true) residual:
# Iteration = 4: |res|/|res0| = 5.30423e-12.

Computing volumes of the grid elements.
Non-linear iter.: 271/500. Linear iter.: 4. Min. area: 0.000148452. Error: 5.30423e-12.
Computing volumes of the grid elements.
Min. volume: 0.000148452, max. volume: 36.6093.

# FGMRES residual history
# Residual tolerance target = 1e-10
# Initial residual norm     = 1.15875e-09
     0     1
# FGMRES final (true) residual:
# Iteration = 4: |res|/|res0| = 5.30423e-12.

Computing volumes of the grid elements.
Non-linear iter.: 272/500. Linear iter.: 4. Min. area: 0.000148452. Error: 5.30423e-12.
Computing volumes of the grid elements.
Min. volume: 0.000148452, max. volume: 36.6093.

# FGMRES residual history
# Residual tolerance target = 1e-10
# Initial residual norm     = 1.15876e-09
     0     1
# FGMRES final (true) residual:
# Iteration = 4: |res|/|res0| = 5.30423e-12.

Computing volumes of the grid elements.
Non-linear iter.: 273/500. Linear iter.: 4. Min. area: 0.000148452. Error: 5.30423e-12.
Computing volumes of the grid elements.
Min. volume: 0.000148452, max. volume: 36.6093.

# FGMRES residual history
# Residual tolerance target = 1e-10
# Initial residual norm     = 1.15876e-09
     0     1
# FGMRES final (true) residual:
# Iteration = 4: |res|/|res0| = 5.30423e-12.

Computing volumes of the grid elements.
Non-linear iter.: 274/500. Linear iter.: 4. Min. area: 0.000148452. Error: 5.30423e-12.
Computing volumes of the grid elements.
Min. volume: 0.000148452, max. volume: 36.6093.

# FGMRES residual history
# Residual tolerance target = 1e-10
# Initial residual norm     = 1.15877e-09
     0     1
# FGMRES final (true) residual:
# Iteration = 4: |res|/|res0| = 5.30423e-12.

Computing volumes of the grid elements.
Non-linear iter.: 275/500. Linear iter.: 4. Min. area: 0.000148452. Error: 5.30423e-12.
Computing volumes of the grid elements.
Min. volume: 0.000148452, max. volume: 36.6093.

# FGMRES residual history
# Residual tolerance target = 1e-10
# Initial residual norm     = 1.15878e-09
     0     1
# FGMRES final (true) residual:
# Iteration = 4: |res|/|res0| = 5.30423e-12.

Computing volumes of the grid elements.
Non-linear iter.: 276/500. Linear iter.: 4. Min. area: 0.000148452. Error: 5.30423e-12.
Computing volumes of the grid elements.
Min. volume: 0.000148452, max. volume: 36.6093.

# FGMRES residual history
# Residual tolerance target = 1e-10
# Initial residual norm     = 1.15878e-09
     0     1
# FGMRES final (true) residual:
# Iteration = 4: |res|/|res0| = 5.30422e-12.

Computing volumes of the grid elements.
Non-linear iter.: 277/500. Linear iter.: 4. Min. area: 0.000148452. Error: 5.30422e-12.
Computing volumes of the grid elements.
Min. volume: 0.000148452, max. volume: 36.6093.

# FGMRES residual history
# Residual tolerance target = 1e-10
# Initial residual norm     = 1.15879e-09
     0     1
# FGMRES final (true) residual:
# Iteration = 4: |res|/|res0| = 5.30422e-12.

Computing volumes of the grid elements.
Non-linear iter.: 278/500. Linear iter.: 4. Min. area: 0.000148452. Error: 5.30422e-12.
Computing volumes of the grid elements.
Min. volume: 0.000148452, max. volume: 36.6093.

# FGMRES residual history
# Residual tolerance target = 1e-10
# Initial residual norm     = 1.15879e-09
     0     1
# FGMRES final (true) residual:
# Iteration = 4: |res|/|res0| = 5.30422e-12.

Computing volumes of the grid elements.
Non-linear iter.: 279/500. Linear iter.: 4. Min. area: 0.000148452. Error: 5.30422e-12.
Computing volumes of the grid elements.
Min. volume: 0.000148452, max. volume: 36.6093.

# FGMRES residual history
# Residual tolerance target = 1e-10
# Initial residual norm     = 1.1588e-09
     0     1
# FGMRES final (true) residual:
# Iteration = 4: |res|/|res0| = 5.30422e-12.

Computing volumes of the grid elements.
Non-linear iter.: 280/500. Linear iter.: 4. Min. area: 0.000148452. Error: 5.30422e-12.
Computing volumes of the grid elements.
Min. volume: 0.000148452, max. volume: 36.6093.

# FGMRES residual history
# Residual tolerance target = 1e-10
# Initial residual norm     = 1.15881e-09
     0     1
# FGMRES final (true) residual:
# Iteration = 4: |res|/|res0| = 5.30422e-12.

Computing volumes of the grid elements.
Non-linear iter.: 281/500. Linear iter.: 4. Min. area: 0.000148452. Error: 5.30422e-12.
Computing volumes of the grid elements.
Min. volume: 0.000148452, max. volume: 36.6093.

# FGMRES residual history
# Residual tolerance target = 1e-10
# Initial residual norm     = 1.15881e-09
     0     1
# FGMRES final (true) residual:
# Iteration = 4: |res|/|res0| = 5.30422e-12.

Computing volumes of the grid elements.
Non-linear iter.: 282/500. Linear iter.: 4. Min. area: 0.000148452. Error: 5.30422e-12.
Computing volumes of the grid elements.
Min. volume: 0.000148452, max. volume: 36.6093.

# FGMRES residual history
# Residual tolerance target = 1e-10
# Initial residual norm     = 1.15882e-09
     0     1
# FGMRES final (true) residual:
# Iteration = 4: |res|/|res0| = 5.30422e-12.

Computing volumes of the grid elements.
Non-linear iter.: 283/500. Linear iter.: 4. Min. area: 0.000148452. Error: 5.30422e-12.
Computing volumes of the grid elements.
Min. volume: 0.000148452, max. volume: 36.6093.

# FGMRES residual history
# Residual tolerance target = 1e-10
# Initial residual norm     = 1.15882e-09
     0     1
# FGMRES final (true) residual:
# Iteration = 4: |res|/|res0| = 5.30421e-12.

Computing volumes of the grid elements.
Non-linear iter.: 284/500. Linear iter.: 4. Min. area: 0.000148452. Error: 5.30421e-12.
Computing volumes of the grid elements.
Min. volume: 0.000148452, max. volume: 36.6093.

# FGMRES residual history
# Residual tolerance target = 1e-10
# Initial residual norm     = 1.15883e-09
     0     1
# FGMRES final (true) residual:
# Iteration = 4: |res|/|res0| = 5.30421e-12.

Computing volumes of the grid elements.
Non-linear iter.: 285/500. Linear iter.: 4. Min. area: 0.000148452. Error: 5.30421e-12.
Computing volumes of the grid elements.
Min. volume: 0.000148452, max. volume: 36.6093.

# FGMRES residual history
# Residual tolerance target = 1e-10
# Initial residual norm     = 1.15883e-09
     0     1
# FGMRES final (true) residual:
# Iteration = 4: |res|/|res0| = 5.30421e-12.

Computing volumes of the grid elements.
Non-linear iter.: 286/500. Linear iter.: 4. Min. area: 0.000148452. Error: 5.30421e-12.
Computing volumes of the grid elements.
Min. volume: 0.000148452, max. volume: 36.6093.

# FGMRES residual history
# Residual tolerance target = 1e-10
# Initial residual norm     = 1.15884e-09
     0     1
# FGMRES final (true) residual:
# Iteration = 4: |res|/|res0| = 5.30421e-12.

Computing volumes of the grid elements.
Non-linear iter.: 287/500. Linear iter.: 4. Min. area: 0.000148452. Error: 5.30421e-12.
Computing volumes of the grid elements.
Min. volume: 0.000148452, max. volume: 36.6093.

# FGMRES residual history
# Residual tolerance target = 1e-10
# Initial residual norm     = 1.15885e-09
     0     1
# FGMRES final (true) residual:
# Iteration = 4: |res|/|res0| = 5.30421e-12.

Computing volumes of the grid elements.
Non-linear iter.: 288/500. Linear iter.: 4. Min. area: 0.000148452. Error: 5.30421e-12.
Computing volumes of the grid elements.
Min. volume: 0.000148452, max. volume: 36.6093.

# FGMRES residual history
# Residual tolerance target = 1e-10
# Initial residual norm     = 1.15885e-09
     0     1
# FGMRES final (true) residual:
# Iteration = 4: |res|/|res0| = 5.30421e-12.

Computing volumes of the grid elements.
Non-linear iter.: 289/500. Linear iter.: 4. Min. area: 0.000148452. Error: 5.30421e-12.
Computing volumes of the grid elements.
Min. volume: 0.000148452, max. volume: 36.6093.

# FGMRES residual history
# Residual tolerance target = 1e-10
# Initial residual norm     = 1.15886e-09
     0     1
# FGMRES final (true) residual:
# Iteration = 4: |res|/|res0| = 5.30421e-12.

Computing volumes of the grid elements.
Non-linear iter.: 290/500. Linear iter.: 4. Min. area: 0.000148452. Error: 5.30421e-12.
Computing volumes of the grid elements.
Min. volume: 0.000148452, max. volume: 36.6093.

# FGMRES residual history
# Residual tolerance target = 1e-10
# Initial residual norm     = 1.15886e-09
     0     1
# FGMRES final (true) residual:
# Iteration = 4: |res|/|res0| = 5.30421e-12.

Computing volumes of the grid elements.
Non-linear iter.: 291/500. Linear iter.: 4. Min. area: 0.000148452. Error: 5.30421e-12.
Computing volumes of the grid elements.
Min. volume: 0.000148452, max. volume: 36.6093.

# FGMRES residual history
# Residual tolerance target = 1e-10
# Initial residual norm     = 1.15887e-09
     0     1
# FGMRES final (true) residual:
# Iteration = 4: |res|/|res0| = 5.3042e-12.

Computing volumes of the grid elements.
Non-linear iter.: 292/500. Linear iter.: 4. Min. area: 0.000148452. Error: 5.3042e-12.
Computing volumes of the grid elements.
Min. volume: 0.000148452, max. volume: 36.6093.

# FGMRES residual history
# Residual tolerance target = 1e-10
# Initial residual norm     = 1.15888e-09
     0     1
# FGMRES final (true) residual:
# Iteration = 4: |res|/|res0| = 5.3042e-12.

Computing volumes of the grid elements.
Non-linear iter.: 293/500. Linear iter.: 4. Min. area: 0.000148452. Error: 5.3042e-12.
Computing volumes of the grid elements.
Min. volume: 0.000148452, max. volume: 36.6093.

# FGMRES residual history
# Residual tolerance target = 1e-10
# Initial residual norm     = 1.15888e-09
     0     1
# FGMRES final (true) residual:
# Iteration = 4: |res|/|res0| = 5.3042e-12.

Computing volumes of the grid elements.
Non-linear iter.: 294/500. Linear iter.: 4. Min. area: 0.000148452. Error: 5.3042e-12.
Computing volumes of the grid elements.
Min. volume: 0.000148452, max. volume: 36.6093.

# FGMRES residual history
# Residual tolerance target = 1e-10
# Initial residual norm     = 1.15889e-09
     0     1
# FGMRES final (true) residual:
# Iteration = 4: |res|/|res0| = 5.3042e-12.

Computing volumes of the grid elements.
Non-linear iter.: 295/500. Linear iter.: 4. Min. area: 0.000148452. Error: 5.3042e-12.
Computing volumes of the grid elements.
Min. volume: 0.000148452, max. volume: 36.6093.

# FGMRES residual history
# Residual tolerance target = 1e-10
# Initial residual norm     = 1.15889e-09
     0     1
# FGMRES final (true) residual:
# Iteration = 4: |res|/|res0| = 5.3042e-12.

Computing volumes of the grid elements.
Non-linear iter.: 296/500. Linear iter.: 4. Min. area: 0.000148452. Error: 5.3042e-12.
Computing volumes of the grid elements.
Min. volume: 0.000148452, max. volume: 36.6093.

# FGMRES residual history
# Residual tolerance target = 1e-10
# Initial residual norm     = 1.1589e-09
     0     1
# FGMRES final (true) residual:
# Iteration = 4: |res|/|res0| = 5.3042e-12.

Computing volumes of the grid elements.
Non-linear iter.: 297/500. Linear iter.: 4. Min. area: 0.000148452. Error: 5.3042e-12.
Computing volumes of the grid elements.
Min. volume: 0.000148452, max. volume: 36.6093.

# FGMRES residual history
# Residual tolerance target = 1e-10
# Initial residual norm     = 1.15891e-09
     0     1
# FGMRES final (true) residual:
# Iteration = 4: |res|/|res0| = 5.3042e-12.

Computing volumes of the grid elements.
Non-linear iter.: 298/500. Linear iter.: 4. Min. area: 0.000148452. Error: 5.3042e-12.
Computing volumes of the grid elements.
Min. volume: 0.000148452, max. volume: 36.6093.

# FGMRES residual history
# Residual tolerance target = 1e-10
# Initial residual norm     = 1.15891e-09
     0     1
# FGMRES final (true) residual:
# Iteration = 4: |res|/|res0| = 5.30419e-12.

Computing volumes of the grid elements.
Non-linear iter.: 299/500. Linear iter.: 4. Min. area: 0.000148452. Error: 5.30419e-12.
Computing volumes of the grid elements.
Min. volume: 0.000148452, max. volume: 36.6093.

# FGMRES residual history
# Residual tolerance target = 1e-10
# Initial residual norm     = 1.15892e-09
     0     1
# FGMRES final (true) residual:
# Iteration = 4: |res|/|res0| = 5.30419e-12.

Computing volumes of the grid elements.
Non-linear iter.: 300/500. Linear iter.: 4. Min. area: 0.000148452. Error: 5.30419e-12.
Computing volumes of the grid elements.
Min. volume: 0.000148452, max. volume: 36.6093.

# FGMRES residual history
# Residual tolerance target = 1e-10
# Initial residual norm     = 1.15892e-09
     0     1
# FGMRES final (true) residual:
# Iteration = 4: |res|/|res0| = 5.30419e-12.

Computing volumes of the grid elements.
Non-linear iter.: 301/500. Linear iter.: 4. Min. area: 0.000148452. Error: 5.30419e-12.
Computing volumes of the grid elements.
Min. volume: 0.000148452, max. volume: 36.6094.

# FGMRES residual history
# Residual tolerance target = 1e-10
# Initial residual norm     = 1.15893e-09
     0     1
# FGMRES final (true) residual:
# Iteration = 4: |res|/|res0| = 5.30419e-12.

Computing volumes of the grid elements.
Non-linear iter.: 302/500. Linear iter.: 4. Min. area: 0.000148452. Error: 5.30419e-12.
Computing volumes of the grid elements.
Min. volume: 0.000148452, max. volume: 36.6094.

# FGMRES residual history
# Residual tolerance target = 1e-10
# Initial residual norm     = 1.15894e-09
     0     1
# FGMRES final (true) residual:
# Iteration = 4: |res|/|res0| = 5.30419e-12.

Computing volumes of the grid elements.
Non-linear iter.: 303/500. Linear iter.: 4. Min. area: 0.000148452. Error: 5.30419e-12.
Computing volumes of the grid elements.
Min. volume: 0.000148452, max. volume: 36.6094.

# FGMRES residual history
# Residual tolerance target = 1e-10
# Initial residual norm     = 1.15894e-09
     0     1
# FGMRES final (true) residual:
# Iteration = 4: |res|/|res0| = 5.30419e-12.

Computing volumes of the grid elements.
Non-linear iter.: 304/500. Linear iter.: 4. Min. area: 0.000148452. Error: 5.30419e-12.
Computing volumes of the grid elements.
Min. volume: 0.000148452, max. volume: 36.6094.

# FGMRES residual history
# Residual tolerance target = 1e-10
# Initial residual norm     = 1.15895e-09
     0     1
# FGMRES final (true) residual:
# Iteration = 4: |res|/|res0| = 5.30419e-12.

Computing volumes of the grid elements.
Non-linear iter.: 305/500. Linear iter.: 4. Min. area: 0.000148452. Error: 5.30419e-12.
Computing volumes of the grid elements.
Min. volume: 0.000148452, max. volume: 36.6094.

# FGMRES residual history
# Residual tolerance target = 1e-10
# Initial residual norm     = 1.15895e-09
     0     1
# FGMRES final (true) residual:
# Iteration = 4: |res|/|res0| = 5.30418e-12.

Computing volumes of the grid elements.
Non-linear iter.: 306/500. Linear iter.: 4. Min. area: 0.000148452. Error: 5.30418e-12.
Computing volumes of the grid elements.
Min. volume: 0.000148452, max. volume: 36.6094.

# FGMRES residual history
# Residual tolerance target = 1e-10
# Initial residual norm     = 1.15896e-09
     0     1
# FGMRES final (true) residual:
# Iteration = 4: |res|/|res0| = 5.30418e-12.

Computing volumes of the grid elements.
Non-linear iter.: 307/500. Linear iter.: 4. Min. area: 0.000148452. Error: 5.30418e-12.
Computing volumes of the grid elements.
Min. volume: 0.000148452, max. volume: 36.6094.

# FGMRES residual history
# Residual tolerance target = 1e-10
# Initial residual norm     = 1.15897e-09
     0     1
# FGMRES final (true) residual:
# Iteration = 4: |res|/|res0| = 5.30418e-12.

Computing volumes of the grid elements.
Non-linear iter.: 308/500. Linear iter.: 4. Min. area: 0.000148452. Error: 5.30418e-12.
Computing volumes of the grid elements.
Min. volume: 0.000148452, max. volume: 36.6094.

# FGMRES residual history
# Residual tolerance target = 1e-10
# Initial residual norm     = 1.15897e-09
     0     1
# FGMRES final (true) residual:
# Iteration = 4: |res|/|res0| = 5.30418e-12.

Computing volumes of the grid elements.
Non-linear iter.: 309/500. Linear iter.: 4. Min. area: 0.000148452. Error: 5.30418e-12.
Computing volumes of the grid elements.
Min. volume: 0.000148452, max. volume: 36.6094.

# FGMRES residual history
# Residual tolerance target = 1e-10
# Initial residual norm     = 1.15898e-09
     0     1
# FGMRES final (true) residual:
# Iteration = 4: |res|/|res0| = 5.30418e-12.

Computing volumes of the grid elements.
Non-linear iter.: 310/500. Linear iter.: 4. Min. area: 0.000148452. Error: 5.30418e-12.
Computing volumes of the grid elements.
Min. volume: 0.000148452, max. volume: 36.6094.

# FGMRES residual history
# Residual tolerance target = 1e-10
# Initial residual norm     = 1.15898e-09
     0     1
# FGMRES final (true) residual:
# Iteration = 4: |res|/|res0| = 5.30418e-12.

Computing volumes of the grid elements.
Non-linear iter.: 311/500. Linear iter.: 4. Min. area: 0.000148452. Error: 5.30418e-12.
Computing volumes of the grid elements.
Min. volume: 0.000148452, max. volume: 36.6094.

# FGMRES residual history
# Residual tolerance target = 1e-10
# Initial residual norm     = 1.15899e-09
     0     1
# FGMRES final (true) residual:
# Iteration = 4: |res|/|res0| = 5.30418e-12.

Computing volumes of the grid elements.
Non-linear iter.: 312/500. Linear iter.: 4. Min. area: 0.000148452. Error: 5.30418e-12.
Computing volumes of the grid elements.
Min. volume: 0.000148452, max. volume: 36.6094.

# FGMRES residual history
# Residual tolerance target = 1e-10
# Initial residual norm     = 1.159e-09
     0     1
# FGMRES final (true) residual:
# Iteration = 4: |res|/|res0| = 5.30417e-12.

Computing volumes of the grid elements.
Non-linear iter.: 313/500. Linear iter.: 4. Min. area: 0.000148452. Error: 5.30417e-12.
Computing volumes of the grid elements.
Min. volume: 0.000148452, max. volume: 36.6094.

# FGMRES residual history
# Residual tolerance target = 1e-10
# Initial residual norm     = 1.159e-09
     0     1
# FGMRES final (true) residual:
# Iteration = 4: |res|/|res0| = 5.30417e-12.

Computing volumes of the grid elements.
Non-linear iter.: 314/500. Linear iter.: 4. Min. area: 0.000148452. Error: 5.30417e-12.
Computing volumes of the grid elements.
Min. volume: 0.000148452, max. volume: 36.6094.

# FGMRES residual history
# Residual tolerance target = 1e-10
# Initial residual norm     = 1.15901e-09
     0     1
# FGMRES final (true) residual:
# Iteration = 4: |res|/|res0| = 5.30417e-12.

Computing volumes of the grid elements.
Non-linear iter.: 315/500. Linear iter.: 4. Min. area: 0.000148452. Error: 5.30417e-12.
Computing volumes of the grid elements.
Min. volume: 0.000148452, max. volume: 36.6094.

# FGMRES residual history
# Residual tolerance target = 1e-10
# Initial residual norm     = 1.15901e-09
     0     1
# FGMRES final (true) residual:
# Iteration = 4: |res|/|res0| = 5.30417e-12.

Computing volumes of the grid elements.
Non-linear iter.: 316/500. Linear iter.: 4. Min. area: 0.000148452. Error: 5.30417e-12.
Computing volumes of the grid elements.
Min. volume: 0.000148452, max. volume: 36.6094.

# FGMRES residual history
# Residual tolerance target = 1e-10
# Initial residual norm     = 1.15902e-09
     0     1
# FGMRES final (true) residual:
# Iteration = 4: |res|/|res0| = 5.30417e-12.

Computing volumes of the grid elements.
Non-linear iter.: 317/500. Linear iter.: 4. Min. area: 0.000148452. Error: 5.30417e-12.
Computing volumes of the grid elements.
Min. volume: 0.000148452, max. volume: 36.6094.

# FGMRES residual history
# Residual tolerance target = 1e-10
# Initial residual norm     = 1.15902e-09
     0     1
# FGMRES final (true) residual:
# Iteration = 4: |res|/|res0| = 5.30417e-12.

Computing volumes of the grid elements.
Non-linear iter.: 318/500. Linear iter.: 4. Min. area: 0.000148452. Error: 5.30417e-12.
Computing volumes of the grid elements.
Min. volume: 0.000148452, max. volume: 36.6094.

# FGMRES residual history
# Residual tolerance target = 1e-10
# Initial residual norm     = 1.15903e-09
     0     1
# FGMRES final (true) residual:
# Iteration = 4: |res|/|res0| = 5.30417e-12.

Computing volumes of the grid elements.
Non-linear iter.: 319/500. Linear iter.: 4. Min. area: 0.000148452. Error: 5.30417e-12.
Computing volumes of the grid elements.
Min. volume: 0.000148452, max. volume: 36.6094.

# FGMRES residual history
# Residual tolerance target = 1e-10
# Initial residual norm     = 1.15904e-09
     0     1
# FGMRES final (true) residual:
# Iteration = 4: |res|/|res0| = 5.30416e-12.

Computing volumes of the grid elements.
Non-linear iter.: 320/500. Linear iter.: 4. Min. area: 0.000148452. Error: 5.30416e-12.
Computing volumes of the grid elements.
Min. volume: 0.000148452, max. volume: 36.6094.

# FGMRES residual history
# Residual tolerance target = 1e-10
# Initial residual norm     = 1.15904e-09
     0     1
# FGMRES final (true) residual:
# Iteration = 4: |res|/|res0| = 5.30416e-12.

Computing volumes of the grid elements.
Non-linear iter.: 321/500. Linear iter.: 4. Min. area: 0.000148452. Error: 5.30416e-12.
Computing volumes of the grid elements.
Min. volume: 0.000148452, max. volume: 36.6094.

# FGMRES residual history
# Residual tolerance target = 1e-10
# Initial residual norm     = 1.15905e-09
     0     1
# FGMRES final (true) residual:
# Iteration = 4: |res|/|res0| = 5.30416e-12.

Computing volumes of the grid elements.
Non-linear iter.: 322/500. Linear iter.: 4. Min. area: 0.000148452. Error: 5.30416e-12.
Computing volumes of the grid elements.
Min. volume: 0.000148452, max. volume: 36.6094.

# FGMRES residual history
# Residual tolerance target = 1e-10
# Initial residual norm     = 1.15905e-09
     0     1
# FGMRES final (true) residual:
# Iteration = 4: |res|/|res0| = 5.30416e-12.

Computing volumes of the grid elements.
Non-linear iter.: 323/500. Linear iter.: 4. Min. area: 0.000148452. Error: 5.30416e-12.
Computing volumes of the grid elements.
Min. volume: 0.000148452, max. volume: 36.6094.

# FGMRES residual history
# Residual tolerance target = 1e-10
# Initial residual norm     = 1.15906e-09
     0     1
# FGMRES final (true) residual:
# Iteration = 4: |res|/|res0| = 5.30416e-12.

Computing volumes of the grid elements.
Non-linear iter.: 324/500. Linear iter.: 4. Min. area: 0.000148452. Error: 5.30416e-12.
Computing volumes of the grid elements.
Min. volume: 0.000148452, max. volume: 36.6094.

# FGMRES residual history
# Residual tolerance target = 1e-10
# Initial residual norm     = 1.15907e-09
     0     1
# FGMRES final (true) residual:
# Iteration = 4: |res|/|res0| = 5.30416e-12.

Computing volumes of the grid elements.
Non-linear iter.: 325/500. Linear iter.: 4. Min. area: 0.000148452. Error: 5.30416e-12.
Computing volumes of the grid elements.
Min. volume: 0.000148452, max. volume: 36.6094.

# FGMRES residual history
# Residual tolerance target = 1e-10
# Initial residual norm     = 1.15907e-09
     0     1
# FGMRES final (true) residual:
# Iteration = 4: |res|/|res0| = 5.30416e-12.

Computing volumes of the grid elements.
Non-linear iter.: 326/500. Linear iter.: 4. Min. area: 0.000148452. Error: 5.30416e-12.
Computing volumes of the grid elements.
Min. volume: 0.000148452, max. volume: 36.6094.

# FGMRES residual history
# Residual tolerance target = 1e-10
# Initial residual norm     = 1.15908e-09
     0     1
# FGMRES final (true) residual:
# Iteration = 4: |res|/|res0| = 5.30415e-12.

Computing volumes of the grid elements.
Non-linear iter.: 327/500. Linear iter.: 4. Min. area: 0.000148452. Error: 5.30415e-12.
Computing volumes of the grid elements.
Min. volume: 0.000148452, max. volume: 36.6094.

# FGMRES residual history
# Residual tolerance target = 1e-10
# Initial residual norm     = 1.15908e-09
     0     1
# FGMRES final (true) residual:
# Iteration = 4: |res|/|res0| = 5.30415e-12.

Computing volumes of the grid elements.
Non-linear iter.: 328/500. Linear iter.: 4. Min. area: 0.000148452. Error: 5.30415e-12.
Computing volumes of the grid elements.
Min. volume: 0.000148452, max. volume: 36.6094.

# FGMRES residual history
# Residual tolerance target = 1e-10
# Initial residual norm     = 1.15909e-09
     0     1
# FGMRES final (true) residual:
# Iteration = 4: |res|/|res0| = 5.30415e-12.

Computing volumes of the grid elements.
Non-linear iter.: 329/500. Linear iter.: 4. Min. area: 0.000148452. Error: 5.30415e-12.
Computing volumes of the grid elements.
Min. volume: 0.000148452, max. volume: 36.6094.

# FGMRES residual history
# Residual tolerance target = 1e-10
# Initial residual norm     = 1.1591e-09
     0     1
# FGMRES final (true) residual:
# Iteration = 4: |res|/|res0| = 5.30415e-12.

Computing volumes of the grid elements.
Non-linear iter.: 330/500. Linear iter.: 4. Min. area: 0.000148452. Error: 5.30415e-12.
Computing volumes of the grid elements.
Min. volume: 0.000148452, max. volume: 36.6094.

# FGMRES residual history
# Residual tolerance target = 1e-10
# Initial residual norm     = 1.1591e-09
     0     1
# FGMRES final (true) residual:
# Iteration = 4: |res|/|res0| = 5.30415e-12.

Computing volumes of the grid elements.
Non-linear iter.: 331/500. Linear iter.: 4. Min. area: 0.000148452. Error: 5.30415e-12.
Computing volumes of the grid elements.
Min. volume: 0.000148452, max. volume: 36.6094.

# FGMRES residual history
# Residual tolerance target = 1e-10
# Initial residual norm     = 1.15911e-09
     0     1
# FGMRES final (true) residual:
# Iteration = 4: |res|/|res0| = 5.30415e-12.

Computing volumes of the grid elements.
Non-linear iter.: 332/500. Linear iter.: 4. Min. area: 0.000148452. Error: 5.30415e-12.
Computing volumes of the grid elements.
Min. volume: 0.000148452, max. volume: 36.6094.

# FGMRES residual history
# Residual tolerance target = 1e-10
# Initial residual norm     = 1.15911e-09
     0     1
# FGMRES final (true) residual:
# Iteration = 4: |res|/|res0| = 5.30415e-12.

Computing volumes of the grid elements.
Non-linear iter.: 333/500. Linear iter.: 4. Min. area: 0.000148452. Error: 5.30415e-12.
Computing volumes of the grid elements.
Min. volume: 0.000148452, max. volume: 36.6094.

# FGMRES residual history
# Residual tolerance target = 1e-10
# Initial residual norm     = 1.15912e-09
     0     1
# FGMRES final (true) residual:
# Iteration = 4: |res|/|res0| = 5.30415e-12.

Computing volumes of the grid elements.
Non-linear iter.: 334/500. Linear iter.: 4. Min. area: 0.000148452. Error: 5.30415e-12.
Computing volumes of the grid elements.
Min. volume: 0.000148452, max. volume: 36.6094.

# FGMRES residual history
# Residual tolerance target = 1e-10
# Initial residual norm     = 1.15913e-09
     0     1
# FGMRES final (true) residual:
# Iteration = 4: |res|/|res0| = 5.30414e-12.

Computing volumes of the grid elements.
Non-linear iter.: 335/500. Linear iter.: 4. Min. area: 0.000148452. Error: 5.30414e-12.
Computing volumes of the grid elements.
Min. volume: 0.000148452, max. volume: 36.6094.

# FGMRES residual history
# Residual tolerance target = 1e-10
# Initial residual norm     = 1.15913e-09
     0     1
# FGMRES final (true) residual:
# Iteration = 4: |res|/|res0| = 5.30414e-12.

Computing volumes of the grid elements.
Non-linear iter.: 336/500. Linear iter.: 4. Min. area: 0.000148452. Error: 5.30414e-12.
Computing volumes of the grid elements.
Min. volume: 0.000148452, max. volume: 36.6094.

# FGMRES residual history
# Residual tolerance target = 1e-10
# Initial residual norm     = 1.15914e-09
     0     1
# FGMRES final (true) residual:
# Iteration = 4: |res|/|res0| = 5.30414e-12.

Computing volumes of the grid elements.
Non-linear iter.: 337/500. Linear iter.: 4. Min. area: 0.000148452. Error: 5.30414e-12.
Computing volumes of the grid elements.
Min. volume: 0.000148452, max. volume: 36.6094.

# FGMRES residual history
# Residual tolerance target = 1e-10
# Initial residual norm     = 1.15914e-09
     0     1
# FGMRES final (true) residual:
# Iteration = 4: |res|/|res0| = 5.30414e-12.

Computing volumes of the grid elements.
Non-linear iter.: 338/500. Linear iter.: 4. Min. area: 0.000148452. Error: 5.30414e-12.
Computing volumes of the grid elements.
Min. volume: 0.000148452, max. volume: 36.6094.

# FGMRES residual history
# Residual tolerance target = 1e-10
# Initial residual norm     = 1.15915e-09
     0     1
# FGMRES final (true) residual:
# Iteration = 4: |res|/|res0| = 5.30414e-12.

Computing volumes of the grid elements.
Non-linear iter.: 339/500. Linear iter.: 4. Min. area: 0.000148452. Error: 5.30414e-12.
Computing volumes of the grid elements.
Min. volume: 0.000148452, max. volume: 36.6094.

# FGMRES residual history
# Residual tolerance target = 1e-10
# Initial residual norm     = 1.15916e-09
     0     1
# FGMRES final (true) residual:
# Iteration = 4: |res|/|res0| = 5.30414e-12.

Computing volumes of the grid elements.
Non-linear iter.: 340/500. Linear iter.: 4. Min. area: 0.000148452. Error: 5.30414e-12.
Computing volumes of the grid elements.
Min. volume: 0.000148452, max. volume: 36.6094.

# FGMRES residual history
# Residual tolerance target = 1e-10
# Initial residual norm     = 1.15916e-09
     0     1
# FGMRES final (true) residual:
# Iteration = 4: |res|/|res0| = 5.30414e-12.

Computing volumes of the grid elements.
Non-linear iter.: 341/500. Linear iter.: 4. Min. area: 0.000148452. Error: 5.30414e-12.
Computing volumes of the grid elements.
Min. volume: 0.000148452, max. volume: 36.6094.

# FGMRES residual history
# Residual tolerance target = 1e-10
# Initial residual norm     = 1.15917e-09
     0     1
# FGMRES final (true) residual:
# Iteration = 4: |res|/|res0| = 5.30413e-12.

Computing volumes of the grid elements.
Non-linear iter.: 342/500. Linear iter.: 4. Min. area: 0.000148452. Error: 5.30413e-12.
Computing volumes of the grid elements.
Min. volume: 0.000148452, max. volume: 36.6094.

# FGMRES residual history
# Residual tolerance target = 1e-10
# Initial residual norm     = 1.15917e-09
     0     1
# FGMRES final (true) residual:
# Iteration = 4: |res|/|res0| = 5.30413e-12.

Computing volumes of the grid elements.
Non-linear iter.: 343/500. Linear iter.: 4. Min. area: 0.000148452. Error: 5.30413e-12.
Computing volumes of the grid elements.
Min. volume: 0.000148452, max. volume: 36.6094.

# FGMRES residual history
# Residual tolerance target = 1e-10
# Initial residual norm     = 1.15918e-09
     0     1
# FGMRES final (true) residual:
# Iteration = 4: |res|/|res0| = 5.30413e-12.

Computing volumes of the grid elements.
Non-linear iter.: 344/500. Linear iter.: 4. Min. area: 0.000148452. Error: 5.30413e-12.
Computing volumes of the grid elements.
Min. volume: 0.000148452, max. volume: 36.6094.

# FGMRES residual history
# Residual tolerance target = 1e-10
# Initial residual norm     = 1.15919e-09
     0     1
# FGMRES final (true) residual:
# Iteration = 4: |res|/|res0| = 5.30413e-12.

Computing volumes of the grid elements.
Non-linear iter.: 345/500. Linear iter.: 4. Min. area: 0.000148452. Error: 5.30413e-12.
Computing volumes of the grid elements.
Min. volume: 0.000148452, max. volume: 36.6095.

# FGMRES residual history
# Residual tolerance target = 1e-10
# Initial residual norm     = 1.15919e-09
     0     1
# FGMRES final (true) residual:
# Iteration = 4: |res|/|res0| = 5.30413e-12.

Computing volumes of the grid elements.
Non-linear iter.: 346/500. Linear iter.: 4. Min. area: 0.000148452. Error: 5.30413e-12.
Computing volumes of the grid elements.
Min. volume: 0.000148452, max. volume: 36.6095.

# FGMRES residual history
# Residual tolerance target = 1e-10
# Initial residual norm     = 1.1592e-09
     0     1
# FGMRES final (true) residual:
# Iteration = 4: |res|/|res0| = 5.30413e-12.

Computing volumes of the grid elements.
Non-linear iter.: 347/500. Linear iter.: 4. Min. area: 0.000148452. Error: 5.30413e-12.
Computing volumes of the grid elements.
Min. volume: 0.000148452, max. volume: 36.6095.

# FGMRES residual history
# Residual tolerance target = 1e-10
# Initial residual norm     = 1.1592e-09
     0     1
# FGMRES final (true) residual:
# Iteration = 4: |res|/|res0| = 5.30413e-12.

Computing volumes of the grid elements.
Non-linear iter.: 348/500. Linear iter.: 4. Min. area: 0.000148452. Error: 5.30413e-12.
Computing volumes of the grid elements.
Min. volume: 0.000148452, max. volume: 36.6095.

# FGMRES residual history
# Residual tolerance target = 1e-10
# Initial residual norm     = 1.15921e-09
     0     1
# FGMRES final (true) residual:
# Iteration = 4: |res|/|res0| = 5.30412e-12.

Computing volumes of the grid elements.
Non-linear iter.: 349/500. Linear iter.: 4. Min. area: 0.000148452. Error: 5.30412e-12.
Computing volumes of the grid elements.
Min. volume: 0.000148452, max. volume: 36.6095.

# FGMRES residual history
# Residual tolerance target = 1e-10
# Initial residual norm     = 1.15921e-09
     0     1
# FGMRES final (true) residual:
# Iteration = 4: |res|/|res0| = 5.30412e-12.

Computing volumes of the grid elements.
Non-linear iter.: 350/500. Linear iter.: 4. Min. area: 0.000148452. Error: 5.30412e-12.
Computing volumes of the grid elements.
Min. volume: 0.000148452, max. volume: 36.6095.

# FGMRES residual history
# Residual tolerance target = 1e-10
# Initial residual norm     = 1.15922e-09
     0     1
# FGMRES final (true) residual:
# Iteration = 4: |res|/|res0| = 5.30412e-12.

Computing volumes of the grid elements.
Non-linear iter.: 351/500. Linear iter.: 4. Min. area: 0.000148452. Error: 5.30412e-12.
Computing volumes of the grid elements.
Min. volume: 0.000148452, max. volume: 36.6095.

# FGMRES residual history
# Residual tolerance target = 1e-10
# Initial residual norm     = 1.15923e-09
     0     1
# FGMRES final (true) residual:
# Iteration = 4: |res|/|res0| = 5.30412e-12.

Computing volumes of the grid elements.
Non-linear iter.: 352/500. Linear iter.: 4. Min. area: 0.000148452. Error: 5.30412e-12.
Computing volumes of the grid elements.
Min. volume: 0.000148452, max. volume: 36.6095.

# FGMRES residual history
# Residual tolerance target = 1e-10
# Initial residual norm     = 1.15923e-09
     0     1
# FGMRES final (true) residual:
# Iteration = 4: |res|/|res0| = 5.30412e-12.

Computing volumes of the grid elements.
Non-linear iter.: 353/500. Linear iter.: 4. Min. area: 0.000148452. Error: 5.30412e-12.
Computing volumes of the grid elements.
Min. volume: 0.000148452, max. volume: 36.6095.

# FGMRES residual history
# Residual tolerance target = 1e-10
# Initial residual norm     = 1.15924e-09
     0     1
# FGMRES final (true) residual:
# Iteration = 4: |res|/|res0| = 5.30412e-12.

Computing volumes of the grid elements.
Non-linear iter.: 354/500. Linear iter.: 4. Min. area: 0.000148452. Error: 5.30412e-12.
Computing volumes of the grid elements.
Min. volume: 0.000148452, max. volume: 36.6095.

# FGMRES residual history
# Residual tolerance target = 1e-10
# Initial residual norm     = 1.15924e-09
     0     1
# FGMRES final (true) residual:
# Iteration = 4: |res|/|res0| = 5.30412e-12.

Computing volumes of the grid elements.
Non-linear iter.: 355/500. Linear iter.: 4. Min. area: 0.000148452. Error: 5.30412e-12.
Computing volumes of the grid elements.
Min. volume: 0.000148452, max. volume: 36.6095.

# FGMRES residual history
# Residual tolerance target = 1e-10
# Initial residual norm     = 1.15925e-09
     0     1
# FGMRES final (true) residual:
# Iteration = 4: |res|/|res0| = 5.30411e-12.

Computing volumes of the grid elements.
Non-linear iter.: 356/500. Linear iter.: 4. Min. area: 0.000148452. Error: 5.30411e-12.
Computing volumes of the grid elements.
Min. volume: 0.000148452, max. volume: 36.6095.

# FGMRES residual history
# Residual tolerance target = 1e-10
# Initial residual norm     = 1.15926e-09
     0     1
# FGMRES final (true) residual:
# Iteration = 4: |res|/|res0| = 5.30411e-12.

Computing volumes of the grid elements.
Non-linear iter.: 357/500. Linear iter.: 4. Min. area: 0.000148452. Error: 5.30411e-12.
Computing volumes of the grid elements.
Min. volume: 0.000148452, max. volume: 36.6095.

# FGMRES residual history
# Residual tolerance target = 1e-10
# Initial residual norm     = 1.15926e-09
     0     1
# FGMRES final (true) residual:
# Iteration = 4: |res|/|res0| = 5.30411e-12.

Computing volumes of the grid elements.
Non-linear iter.: 358/500. Linear iter.: 4. Min. area: 0.000148452. Error: 5.30411e-12.
Computing volumes of the grid elements.
Min. volume: 0.000148452, max. volume: 36.6095.

# FGMRES residual history
# Residual tolerance target = 1e-10
# Initial residual norm     = 1.15927e-09
     0     1
# FGMRES final (true) residual:
# Iteration = 4: |res|/|res0| = 5.30411e-12.

Computing volumes of the grid elements.
Non-linear iter.: 359/500. Linear iter.: 4. Min. area: 0.000148452. Error: 5.30411e-12.
Computing volumes of the grid elements.
Min. volume: 0.000148452, max. volume: 36.6095.

# FGMRES residual history
# Residual tolerance target = 1e-10
# Initial residual norm     = 1.15927e-09
     0     1
# FGMRES final (true) residual:
# Iteration = 4: |res|/|res0| = 5.30411e-12.

Computing volumes of the grid elements.
Non-linear iter.: 360/500. Linear iter.: 4. Min. area: 0.000148452. Error: 5.30411e-12.
Computing volumes of the grid elements.
Min. volume: 0.000148452, max. volume: 36.6095.

# FGMRES residual history
# Residual tolerance target = 1e-10
# Initial residual norm     = 1.15928e-09
     0     1
# FGMRES final (true) residual:
# Iteration = 4: |res|/|res0| = 5.30411e-12.

Computing volumes of the grid elements.
Non-linear iter.: 361/500. Linear iter.: 4. Min. area: 0.000148452. Error: 5.30411e-12.
Computing volumes of the grid elements.
Min. volume: 0.000148452, max. volume: 36.6095.

# FGMRES residual history
# Residual tolerance target = 1e-10
# Initial residual norm     = 1.15929e-09
     0     1
# FGMRES final (true) residual:
# Iteration = 4: |res|/|res0| = 5.30411e-12.

Computing volumes of the grid elements.
Non-linear iter.: 362/500. Linear iter.: 4. Min. area: 0.000148452. Error: 5.30411e-12.
Computing volumes of the grid elements.
Min. volume: 0.000148452, max. volume: 36.6095.

# FGMRES residual history
# Residual tolerance target = 1e-10
# Initial residual norm     = 1.15929e-09
     0     1
# FGMRES final (true) residual:
# Iteration = 4: |res|/|res0| = 5.3041e-12.

Computing volumes of the grid elements.
Non-linear iter.: 363/500. Linear iter.: 4. Min. area: 0.000148452. Error: 5.3041e-12.
Computing volumes of the grid elements.
Min. volume: 0.000148452, max. volume: 36.6095.

# FGMRES residual history
# Residual tolerance target = 1e-10
# Initial residual norm     = 1.1593e-09
     0     1
# FGMRES final (true) residual:
# Iteration = 4: |res|/|res0| = 5.3041e-12.

Computing volumes of the grid elements.
Non-linear iter.: 364/500. Linear iter.: 4. Min. area: 0.000148452. Error: 5.3041e-12.
Computing volumes of the grid elements.
Min. volume: 0.000148452, max. volume: 36.6095.

# FGMRES residual history
# Residual tolerance target = 1e-10
# Initial residual norm     = 1.1593e-09
     0     1
# FGMRES final (true) residual:
# Iteration = 4: |res|/|res0| = 5.3041e-12.

Computing volumes of the grid elements.
Non-linear iter.: 365/500. Linear iter.: 4. Min. area: 0.000148452. Error: 5.3041e-12.
Computing volumes of the grid elements.
Min. volume: 0.000148452, max. volume: 36.6095.

# FGMRES residual history
# Residual tolerance target = 1e-10
# Initial residual norm     = 1.15931e-09
     0     1
# FGMRES final (true) residual:
# Iteration = 4: |res|/|res0| = 5.3041e-12.

Computing volumes of the grid elements.
Non-linear iter.: 366/500. Linear iter.: 4. Min. area: 0.000148452. Error: 5.3041e-12.
Computing volumes of the grid elements.
Min. volume: 0.000148452, max. volume: 36.6095.

# FGMRES residual history
# Residual tolerance target = 1e-10
# Initial residual norm     = 1.15932e-09
     0     1
# FGMRES final (true) residual:
# Iteration = 4: |res|/|res0| = 5.3041e-12.

Computing volumes of the grid elements.
Non-linear iter.: 367/500. Linear iter.: 4. Min. area: 0.000148452. Error: 5.3041e-12.
Computing volumes of the grid elements.
Min. volume: 0.000148452, max. volume: 36.6095.

# FGMRES residual history
# Residual tolerance target = 1e-10
# Initial residual norm     = 1.15932e-09
     0     1
# FGMRES final (true) residual:
# Iteration = 4: |res|/|res0| = 5.3041e-12.

Computing volumes of the grid elements.
Non-linear iter.: 368/500. Linear iter.: 4. Min. area: 0.000148452. Error: 5.3041e-12.
Computing volumes of the grid elements.
Min. volume: 0.000148452, max. volume: 36.6095.

# FGMRES residual history
# Residual tolerance target = 1e-10
# Initial residual norm     = 1.15933e-09
     0     1
# FGMRES final (true) residual:
# Iteration = 4: |res|/|res0| = 5.3041e-12.

Computing volumes of the grid elements.
Non-linear iter.: 369/500. Linear iter.: 4. Min. area: 0.000148452. Error: 5.3041e-12.
Computing volumes of the grid elements.
Min. volume: 0.000148452, max. volume: 36.6095.

# FGMRES residual history
# Residual tolerance target = 1e-10
# Initial residual norm     = 1.15933e-09
     0     1
# FGMRES final (true) residual:
# Iteration = 4: |res|/|res0| = 5.3041e-12.

Computing volumes of the grid elements.
Non-linear iter.: 370/500. Linear iter.: 4. Min. area: 0.000148452. Error: 5.3041e-12.
Computing volumes of the grid elements.
Min. volume: 0.000148452, max. volume: 36.6095.

# FGMRES residual history
# Residual tolerance target = 1e-10
# Initial residual norm     = 1.15934e-09
     0     1
# FGMRES final (true) residual:
# Iteration = 4: |res|/|res0| = 5.30409e-12.

Computing volumes of the grid elements.
Non-linear iter.: 371/500. Linear iter.: 4. Min. area: 0.000148452. Error: 5.30409e-12.
Computing volumes of the grid elements.
Min. volume: 0.000148452, max. volume: 36.6095.

# FGMRES residual history
# Residual tolerance target = 1e-10
# Initial residual norm     = 1.15935e-09
     0     1
# FGMRES final (true) residual:
# Iteration = 4: |res|/|res0| = 5.30409e-12.

Computing volumes of the grid elements.
Non-linear iter.: 372/500. Linear iter.: 4. Min. area: 0.000148452. Error: 5.30409e-12.
Computing volumes of the grid elements.
Min. volume: 0.000148452, max. volume: 36.6095.

# FGMRES residual history
# Residual tolerance target = 1e-10
# Initial residual norm     = 1.15935e-09
     0     1
# FGMRES final (true) residual:
# Iteration = 4: |res|/|res0| = 5.30409e-12.

Computing volumes of the grid elements.
Non-linear iter.: 373/500. Linear iter.: 4. Min. area: 0.000148452. Error: 5.30409e-12.
Computing volumes of the grid elements.
Min. volume: 0.000148452, max. volume: 36.6095.

# FGMRES residual history
# Residual tolerance target = 1e-10
# Initial residual norm     = 1.15936e-09
     0     1
# FGMRES final (true) residual:
# Iteration = 4: |res|/|res0| = 5.30409e-12.

Computing volumes of the grid elements.
Non-linear iter.: 374/500. Linear iter.: 4. Min. area: 0.000148452. Error: 5.30409e-12.
Computing volumes of the grid elements.
Min. volume: 0.000148452, max. volume: 36.6095.

# FGMRES residual history
# Residual tolerance target = 1e-10
# Initial residual norm     = 1.15936e-09
     0     1
# FGMRES final (true) residual:
# Iteration = 4: |res|/|res0| = 5.30409e-12.

Computing volumes of the grid elements.
Non-linear iter.: 375/500. Linear iter.: 4. Min. area: 0.000148452. Error: 5.30409e-12.
Computing volumes of the grid elements.
Min. volume: 0.000148452, max. volume: 36.6095.

# FGMRES residual history
# Residual tolerance target = 1e-10
# Initial residual norm     = 1.15937e-09
     0     1
# FGMRES final (true) residual:
# Iteration = 4: |res|/|res0| = 5.30409e-12.

Computing volumes of the grid elements.
Non-linear iter.: 376/500. Linear iter.: 4. Min. area: 0.000148452. Error: 5.30409e-12.
Computing volumes of the grid elements.
Min. volume: 0.000148452, max. volume: 36.6095.

# FGMRES residual history
# Residual tolerance target = 1e-10
# Initial residual norm     = 1.15938e-09
     0     1
# FGMRES final (true) residual:
# Iteration = 4: |res|/|res0| = 5.30409e-12.

Computing volumes of the grid elements.
Non-linear iter.: 377/500. Linear iter.: 4. Min. area: 0.000148452. Error: 5.30409e-12.
Computing volumes of the grid elements.
Min. volume: 0.000148452, max. volume: 36.6095.

# FGMRES residual history
# Residual tolerance target = 1e-10
# Initial residual norm     = 1.15938e-09
     0     1
# FGMRES final (true) residual:
# Iteration = 4: |res|/|res0| = 5.30408e-12.

Computing volumes of the grid elements.
Non-linear iter.: 378/500. Linear iter.: 4. Min. area: 0.000148452. Error: 5.30408e-12.
Computing volumes of the grid elements.
Min. volume: 0.000148452, max. volume: 36.6095.

# FGMRES residual history
# Residual tolerance target = 1e-10
# Initial residual norm     = 1.15939e-09
     0     1
# FGMRES final (true) residual:
# Iteration = 4: |res|/|res0| = 5.30408e-12.

Computing volumes of the grid elements.
Non-linear iter.: 379/500. Linear iter.: 4. Min. area: 0.000148452. Error: 5.30408e-12.
Computing volumes of the grid elements.
Min. volume: 0.000148452, max. volume: 36.6095.

# FGMRES residual history
# Residual tolerance target = 1e-10
# Initial residual norm     = 1.15939e-09
     0     1
# FGMRES final (true) residual:
# Iteration = 4: |res|/|res0| = 5.30408e-12.

Computing volumes of the grid elements.
Non-linear iter.: 380/500. Linear iter.: 4. Min. area: 0.000148452. Error: 5.30408e-12.
Computing volumes of the grid elements.
Min. volume: 0.000148452, max. volume: 36.6095.

# FGMRES residual history
# Residual tolerance target = 1e-10
# Initial residual norm     = 1.1594e-09
     0     1
# FGMRES final (true) residual:
# Iteration = 4: |res|/|res0| = 5.30408e-12.

Computing volumes of the grid elements.
Non-linear iter.: 381/500. Linear iter.: 4. Min. area: 0.000148452. Error: 5.30408e-12.
Computing volumes of the grid elements.
Min. volume: 0.000148452, max. volume: 36.6095.

# FGMRES residual history
# Residual tolerance target = 1e-10
# Initial residual norm     = 1.15941e-09
     0     1
# FGMRES final (true) residual:
# Iteration = 4: |res|/|res0| = 5.30408e-12.

Computing volumes of the grid elements.
Non-linear iter.: 382/500. Linear iter.: 4. Min. area: 0.000148452. Error: 5.30408e-12.
Computing volumes of the grid elements.
Min. volume: 0.000148452, max. volume: 36.6095.

# FGMRES residual history
# Residual tolerance target = 1e-10
# Initial residual norm     = 1.15941e-09
     0     1
# FGMRES final (true) residual:
# Iteration = 4: |res|/|res0| = 5.30408e-12.

Computing volumes of the grid elements.
Non-linear iter.: 383/500. Linear iter.: 4. Min. area: 0.000148452. Error: 5.30408e-12.
Computing volumes of the grid elements.
Min. volume: 0.000148452, max. volume: 36.6095.

# FGMRES residual history
# Residual tolerance target = 1e-10
# Initial residual norm     = 1.15942e-09
     0     1
# FGMRES final (true) residual:
# Iteration = 4: |res|/|res0| = 5.30408e-12.

Computing volumes of the grid elements.
Non-linear iter.: 384/500. Linear iter.: 4. Min. area: 0.000148452. Error: 5.30408e-12.
Computing volumes of the grid elements.
Min. volume: 0.000148452, max. volume: 36.6095.

# FGMRES residual history
# Residual tolerance target = 1e-10
# Initial residual norm     = 1.15942e-09
     0     1
# FGMRES final (true) residual:
# Iteration = 4: |res|/|res0| = 5.30407e-12.

Computing volumes of the grid elements.
Non-linear iter.: 385/500. Linear iter.: 4. Min. area: 0.000148452. Error: 5.30407e-12.
Computing volumes of the grid elements.
Min. volume: 0.000148452, max. volume: 36.6095.

# FGMRES residual history
# Residual tolerance target = 1e-10
# Initial residual norm     = 1.15943e-09
     0     1
# FGMRES final (true) residual:
# Iteration = 4: |res|/|res0| = 5.30407e-12.

Computing volumes of the grid elements.
Non-linear iter.: 386/500. Linear iter.: 4. Min. area: 0.000148452. Error: 5.30407e-12.
Computing volumes of the grid elements.
Min. volume: 0.000148452, max. volume: 36.6095.

# FGMRES residual history
# Residual tolerance target = 1e-10
# Initial residual norm     = 1.15943e-09
     0     1
# FGMRES final (true) residual:
# Iteration = 4: |res|/|res0| = 5.30407e-12.

Computing volumes of the grid elements.
Non-linear iter.: 387/500. Linear iter.: 4. Min. area: 0.000148452. Error: 5.30407e-12.
Computing volumes of the grid elements.
Min. volume: 0.000148452, max. volume: 36.6095.

# FGMRES residual history
# Residual tolerance target = 1e-10
# Initial residual norm     = 1.15944e-09
     0     1
# FGMRES final (true) residual:
# Iteration = 4: |res|/|res0| = 5.30407e-12.

Computing volumes of the grid elements.
Non-linear iter.: 388/500. Linear iter.: 4. Min. area: 0.000148452. Error: 5.30407e-12.
Computing volumes of the grid elements.
Min. volume: 0.000148452, max. volume: 36.6096.

# FGMRES residual history
# Residual tolerance target = 1e-10
# Initial residual norm     = 1.15945e-09
     0     1
# FGMRES final (true) residual:
# Iteration = 4: |res|/|res0| = 5.30407e-12.

Computing volumes of the grid elements.
Non-linear iter.: 389/500. Linear iter.: 4. Min. area: 0.000148452. Error: 5.30407e-12.
Computing volumes of the grid elements.
Min. volume: 0.000148452, max. volume: 36.6096.

# FGMRES residual history
# Residual tolerance target = 1e-10
# Initial residual norm     = 1.15945e-09
     0     1
# FGMRES final (true) residual:
# Iteration = 4: |res|/|res0| = 5.30407e-12.

Computing volumes of the grid elements.
Non-linear iter.: 390/500. Linear iter.: 4. Min. area: 0.000148452. Error: 5.30407e-12.
Computing volumes of the grid elements.
Min. volume: 0.000148452, max. volume: 36.6096.

# FGMRES residual history
# Residual tolerance target = 1e-10
# Initial residual norm     = 1.15946e-09
     0     1
# FGMRES final (true) residual:
# Iteration = 4: |res|/|res0| = 5.30407e-12.

Computing volumes of the grid elements.
Non-linear iter.: 391/500. Linear iter.: 4. Min. area: 0.000148452. Error: 5.30407e-12.
Computing volumes of the grid elements.
Min. volume: 0.000148452, max. volume: 36.6096.

# FGMRES residual history
# Residual tolerance target = 1e-10
# Initial residual norm     = 1.15946e-09
     0     1
# FGMRES final (true) residual:
# Iteration = 4: |res|/|res0| = 5.30406e-12.

Computing volumes of the grid elements.
Non-linear iter.: 392/500. Linear iter.: 4. Min. area: 0.000148452. Error: 5.30406e-12.
Computing volumes of the grid elements.
Min. volume: 0.000148452, max. volume: 36.6096.

# FGMRES residual history
# Residual tolerance target = 1e-10
# Initial residual norm     = 1.15947e-09
     0     1
# FGMRES final (true) residual:
# Iteration = 4: |res|/|res0| = 5.30406e-12.

Computing volumes of the grid elements.
Non-linear iter.: 393/500. Linear iter.: 4. Min. area: 0.000148452. Error: 5.30406e-12.
Computing volumes of the grid elements.
Min. volume: 0.000148452, max. volume: 36.6096.

# FGMRES residual history
# Residual tolerance target = 1e-10
# Initial residual norm     = 1.15948e-09
     0     1
# FGMRES final (true) residual:
# Iteration = 4: |res|/|res0| = 5.30406e-12.

Computing volumes of the grid elements.
Non-linear iter.: 394/500. Linear iter.: 4. Min. area: 0.000148452. Error: 5.30406e-12.
Computing volumes of the grid elements.
Min. volume: 0.000148452, max. volume: 36.6096.

# FGMRES residual history
# Residual tolerance target = 1e-10
# Initial residual norm     = 1.15948e-09
     0     1
# FGMRES final (true) residual:
# Iteration = 4: |res|/|res0| = 5.30406e-12.

Computing volumes of the grid elements.
Non-linear iter.: 395/500. Linear iter.: 4. Min. area: 0.000148452. Error: 5.30406e-12.
Computing volumes of the grid elements.
Min. volume: 0.000148452, max. volume: 36.6096.

# FGMRES residual history
# Residual tolerance target = 1e-10
# Initial residual norm     = 1.15949e-09
     0     1
# FGMRES final (true) residual:
# Iteration = 4: |res|/|res0| = 5.30406e-12.

Computing volumes of the grid elements.
Non-linear iter.: 396/500. Linear iter.: 4. Min. area: 0.000148452. Error: 5.30406e-12.
Computing volumes of the grid elements.
Min. volume: 0.000148452, max. volume: 36.6096.

# FGMRES residual history
# Residual tolerance target = 1e-10
# Initial residual norm     = 1.15949e-09
     0     1
# FGMRES final (true) residual:
# Iteration = 4: |res|/|res0| = 5.30406e-12.

Computing volumes of the grid elements.
Non-linear iter.: 397/500. Linear iter.: 4. Min. area: 0.000148452. Error: 5.30406e-12.
Computing volumes of the grid elements.
Min. volume: 0.000148452, max. volume: 36.6096.

# FGMRES residual history
# Residual tolerance target = 1e-10
# Initial residual norm     = 1.1595e-09
     0     1
# FGMRES final (true) residual:
# Iteration = 4: |res|/|res0| = 5.30406e-12.

Computing volumes of the grid elements.
Non-linear iter.: 398/500. Linear iter.: 4. Min. area: 0.000148452. Error: 5.30406e-12.
Computing volumes of the grid elements.
Min. volume: 0.000148452, max. volume: 36.6096.

# FGMRES residual history
# Residual tolerance target = 1e-10
# Initial residual norm     = 1.15951e-09
     0     1
# FGMRES final (true) residual:
# Iteration = 4: |res|/|res0| = 5.30405e-12.

Computing volumes of the grid elements.
Non-linear iter.: 399/500. Linear iter.: 4. Min. area: 0.000148452. Error: 5.30405e-12.
Computing volumes of the grid elements.
Min. volume: 0.000148452, max. volume: 36.6096.

# FGMRES residual history
# Residual tolerance target = 1e-10
# Initial residual norm     = 1.15951e-09
     0     1
# FGMRES final (true) residual:
# Iteration = 4: |res|/|res0| = 5.30405e-12.

Computing volumes of the grid elements.
Non-linear iter.: 400/500. Linear iter.: 4. Min. area: 0.000148452. Error: 5.30405e-12.
Computing volumes of the grid elements.
Min. volume: 0.000148452, max. volume: 36.6096.

# FGMRES residual history
# Residual tolerance target = 1e-10
# Initial residual norm     = 1.15952e-09
     0     1
# FGMRES final (true) residual:
# Iteration = 4: |res|/|res0| = 5.30405e-12.

Computing volumes of the grid elements.
Non-linear iter.: 401/500. Linear iter.: 4. Min. area: 0.000148452. Error: 5.30405e-12.
Computing volumes of the grid elements.
Min. volume: 0.000148452, max. volume: 36.6096.

# FGMRES residual history
# Residual tolerance target = 1e-10
# Initial residual norm     = 1.15952e-09
     0     1
# FGMRES final (true) residual:
# Iteration = 4: |res|/|res0| = 5.30405e-12.

Computing volumes of the grid elements.
Non-linear iter.: 402/500. Linear iter.: 4. Min. area: 0.000148452. Error: 5.30405e-12.
Computing volumes of the grid elements.
Min. volume: 0.000148452, max. volume: 36.6096.

# FGMRES residual history
# Residual tolerance target = 1e-10
# Initial residual norm     = 1.15953e-09
     0     1
# FGMRES final (true) residual:
# Iteration = 4: |res|/|res0| = 5.30405e-12.

Computing volumes of the grid elements.
Non-linear iter.: 403/500. Linear iter.: 4. Min. area: 0.000148452. Error: 5.30405e-12.
Computing volumes of the grid elements.
Min. volume: 0.000148452, max. volume: 36.6096.

# FGMRES residual history
# Residual tolerance target = 1e-10
# Initial residual norm     = 1.15954e-09
     0     1
# FGMRES final (true) residual:
# Iteration = 4: |res|/|res0| = 5.30405e-12.

Computing volumes of the grid elements.
Non-linear iter.: 404/500. Linear iter.: 4. Min. area: 0.000148452. Error: 5.30405e-12.
Computing volumes of the grid elements.
Min. volume: 0.000148452, max. volume: 36.6096.

# FGMRES residual history
# Residual tolerance target = 1e-10
# Initial residual norm     = 1.15954e-09
     0     1
# FGMRES final (true) residual:
# Iteration = 4: |res|/|res0| = 5.30405e-12.

Computing volumes of the grid elements.
Non-linear iter.: 405/500. Linear iter.: 4. Min. area: 0.000148452. Error: 5.30405e-12.
Computing volumes of the grid elements.
Min. volume: 0.000148452, max. volume: 36.6096.

# FGMRES residual history
# Residual tolerance target = 1e-10
# Initial residual norm     = 1.15955e-09
     0     1
# FGMRES final (true) residual:
# Iteration = 4: |res|/|res0| = 5.30405e-12.

Computing volumes of the grid elements.
Non-linear iter.: 406/500. Linear iter.: 4. Min. area: 0.000148452. Error: 5.30405e-12.
Computing volumes of the grid elements.
Min. volume: 0.000148452, max. volume: 36.6096.

# FGMRES residual history
# Residual tolerance target = 1e-10
# Initial residual norm     = 1.15955e-09
     0     1
# FGMRES final (true) residual:
# Iteration = 4: |res|/|res0| = 5.30404e-12.

Computing volumes of the grid elements.
Non-linear iter.: 407/500. Linear iter.: 4. Min. area: 0.000148452. Error: 5.30404e-12.
Computing volumes of the grid elements.
Min. volume: 0.000148452, max. volume: 36.6096.

# FGMRES residual history
# Residual tolerance target = 1e-10
# Initial residual norm     = 1.15956e-09
     0     1
# FGMRES final (true) residual:
# Iteration = 4: |res|/|res0| = 5.30404e-12.

Computing volumes of the grid elements.
Non-linear iter.: 408/500. Linear iter.: 4. Min. area: 0.000148452. Error: 5.30404e-12.
Computing volumes of the grid elements.
Min. volume: 0.000148452, max. volume: 36.6096.

# FGMRES residual history
# Residual tolerance target = 1e-10
# Initial residual norm     = 1.15957e-09
     0     1
# FGMRES final (true) residual:
# Iteration = 4: |res|/|res0| = 5.30404e-12.

Computing volumes of the grid elements.
Non-linear iter.: 409/500. Linear iter.: 4. Min. area: 0.000148452. Error: 5.30404e-12.
Computing volumes of the grid elements.
Min. volume: 0.000148452, max. volume: 36.6096.

# FGMRES residual history
# Residual tolerance target = 1e-10
# Initial residual norm     = 1.15957e-09
     0     1
# FGMRES final (true) residual:
# Iteration = 4: |res|/|res0| = 5.30404e-12.

Computing volumes of the grid elements.
Non-linear iter.: 410/500. Linear iter.: 4. Min. area: 0.000148452. Error: 5.30404e-12.
Computing volumes of the grid elements.
Min. volume: 0.000148452, max. volume: 36.6096.

# FGMRES residual history
# Residual tolerance target = 1e-10
# Initial residual norm     = 1.15958e-09
     0     1
# FGMRES final (true) residual:
# Iteration = 4: |res|/|res0| = 5.30404e-12.

Computing volumes of the grid elements.
Non-linear iter.: 411/500. Linear iter.: 4. Min. area: 0.000148452. Error: 5.30404e-12.
Computing volumes of the grid elements.
Min. volume: 0.000148452, max. volume: 36.6096.

# FGMRES residual history
# Residual tolerance target = 1e-10
# Initial residual norm     = 1.15958e-09
     0     1
# FGMRES final (true) residual:
# Iteration = 4: |res|/|res0| = 5.30404e-12.

Computing volumes of the grid elements.
Non-linear iter.: 412/500. Linear iter.: 4. Min. area: 0.000148452. Error: 5.30404e-12.
Computing volumes of the grid elements.
Min. volume: 0.000148452, max. volume: 36.6096.

# FGMRES residual history
# Residual tolerance target = 1e-10
# Initial residual norm     = 1.15959e-09
     0     1
# FGMRES final (true) residual:
# Iteration = 4: |res|/|res0| = 5.30404e-12.

Computing volumes of the grid elements.
Non-linear iter.: 413/500. Linear iter.: 4. Min. area: 0.000148452. Error: 5.30404e-12.
Computing volumes of the grid elements.
Min. volume: 0.000148452, max. volume: 36.6096.

# FGMRES residual history
# Residual tolerance target = 1e-10
# Initial residual norm     = 1.1596e-09
     0     1
# FGMRES final (true) residual:
# Iteration = 4: |res|/|res0| = 5.30403e-12.

Computing volumes of the grid elements.
Non-linear iter.: 414/500. Linear iter.: 4. Min. area: 0.000148452. Error: 5.30403e-12.
Computing volumes of the grid elements.
Min. volume: 0.000148452, max. volume: 36.6096.

# FGMRES residual history
# Residual tolerance target = 1e-10
# Initial residual norm     = 1.1596e-09
     0     1
# FGMRES final (true) residual:
# Iteration = 4: |res|/|res0| = 5.30403e-12.

Computing volumes of the grid elements.
Non-linear iter.: 415/500. Linear iter.: 4. Min. area: 0.000148452. Error: 5.30403e-12.
Computing volumes of the grid elements.
Min. volume: 0.000148452, max. volume: 36.6096.

# FGMRES residual history
# Residual tolerance target = 1e-10
# Initial residual norm     = 1.15961e-09
     0     1
# FGMRES final (true) residual:
# Iteration = 4: |res|/|res0| = 5.30403e-12.

Computing volumes of the grid elements.
Non-linear iter.: 416/500. Linear iter.: 4. Min. area: 0.000148452. Error: 5.30403e-12.
Computing volumes of the grid elements.
Min. volume: 0.000148452, max. volume: 36.6096.

# FGMRES residual history
# Residual tolerance target = 1e-10
# Initial residual norm     = 1.15961e-09
     0     1
# FGMRES final (true) residual:
# Iteration = 4: |res|/|res0| = 5.30403e-12.

Computing volumes of the grid elements.
Non-linear iter.: 417/500. Linear iter.: 4. Min. area: 0.000148452. Error: 5.30403e-12.
Computing volumes of the grid elements.
Min. volume: 0.000148452, max. volume: 36.6096.

# FGMRES residual history
# Residual tolerance target = 1e-10
# Initial residual norm     = 1.15962e-09
     0     1
# FGMRES final (true) residual:
# Iteration = 4: |res|/|res0| = 5.30403e-12.

Computing volumes of the grid elements.
Non-linear iter.: 418/500. Linear iter.: 4. Min. area: 0.000148452. Error: 5.30403e-12.
Computing volumes of the grid elements.
Min. volume: 0.000148452, max. volume: 36.6096.

# FGMRES residual history
# Residual tolerance target = 1e-10
# Initial residual norm     = 1.15962e-09
     0     1
# FGMRES final (true) residual:
# Iteration = 4: |res|/|res0| = 5.30403e-12.

Computing volumes of the grid elements.
Non-linear iter.: 419/500. Linear iter.: 4. Min. area: 0.000148452. Error: 5.30403e-12.
Computing volumes of the grid elements.
Min. volume: 0.000148452, max. volume: 36.6096.

# FGMRES residual history
# Residual tolerance target = 1e-10
# Initial residual norm     = 1.15963e-09
     0     1
# FGMRES final (true) residual:
# Iteration = 4: |res|/|res0| = 5.30403e-12.

Computing volumes of the grid elements.
Non-linear iter.: 420/500. Linear iter.: 4. Min. area: 0.000148452. Error: 5.30403e-12.
Computing volumes of the grid elements.
Min. volume: 0.000148452, max. volume: 36.6096.

# FGMRES residual history
# Residual tolerance target = 1e-10
# Initial residual norm     = 1.15964e-09
     0     1
# FGMRES final (true) residual:
# Iteration = 4: |res|/|res0| = 5.30402e-12.

Computing volumes of the grid elements.
Non-linear iter.: 421/500. Linear iter.: 4. Min. area: 0.000148452. Error: 5.30402e-12.
Computing volumes of the grid elements.
Min. volume: 0.000148452, max. volume: 36.6096.

# FGMRES residual history
# Residual tolerance target = 1e-10
# Initial residual norm     = 1.15964e-09
     0     1
# FGMRES final (true) residual:
# Iteration = 4: |res|/|res0| = 5.30402e-12.

Computing volumes of the grid elements.
Non-linear iter.: 422/500. Linear iter.: 4. Min. area: 0.000148452. Error: 5.30402e-12.
Computing volumes of the grid elements.
Min. volume: 0.000148452, max. volume: 36.6096.

# FGMRES residual history
# Residual tolerance target = 1e-10
# Initial residual norm     = 1.15965e-09
     0     1
# FGMRES final (true) residual:
# Iteration = 4: |res|/|res0| = 5.30402e-12.

Computing volumes of the grid elements.
Non-linear iter.: 423/500. Linear iter.: 4. Min. area: 0.000148452. Error: 5.30402e-12.
Computing volumes of the grid elements.
Min. volume: 0.000148452, max. volume: 36.6096.

# FGMRES residual history
# Residual tolerance target = 1e-10
# Initial residual norm     = 1.15965e-09
     0     1
# FGMRES final (true) residual:
# Iteration = 4: |res|/|res0| = 5.30402e-12.

Computing volumes of the grid elements.
Non-linear iter.: 424/500. Linear iter.: 4. Min. area: 0.000148452. Error: 5.30402e-12.
Computing volumes of the grid elements.
Min. volume: 0.000148452, max. volume: 36.6096.

# FGMRES residual history
# Residual tolerance target = 1e-10
# Initial residual norm     = 1.15966e-09
     0     1
# FGMRES final (true) residual:
# Iteration = 4: |res|/|res0| = 5.30402e-12.

Computing volumes of the grid elements.
Non-linear iter.: 425/500. Linear iter.: 4. Min. area: 0.000148452. Error: 5.30402e-12.
Computing volumes of the grid elements.
Min. volume: 0.000148452, max. volume: 36.6096.

# FGMRES residual history
# Residual tolerance target = 1e-10
# Initial residual norm     = 1.15967e-09
     0     1
# FGMRES final (true) residual:
# Iteration = 4: |res|/|res0| = 5.30402e-12.

Computing volumes of the grid elements.
Non-linear iter.: 426/500. Linear iter.: 4. Min. area: 0.000148452. Error: 5.30402e-12.
Computing volumes of the grid elements.
Min. volume: 0.000148452, max. volume: 36.6096.

# FGMRES residual history
# Residual tolerance target = 1e-10
# Initial residual norm     = 1.15967e-09
     0     1
# FGMRES final (true) residual:
# Iteration = 4: |res|/|res0| = 5.30402e-12.

Computing volumes of the grid elements.
Non-linear iter.: 427/500. Linear iter.: 4. Min. area: 0.000148452. Error: 5.30402e-12.
Computing volumes of the grid elements.
Min. volume: 0.000148452, max. volume: 36.6096.

# FGMRES residual history
# Residual tolerance target = 1e-10
# Initial residual norm     = 1.15968e-09
     0     1
# FGMRES final (true) residual:
# Iteration = 4: |res|/|res0| = 5.30401e-12.

Computing volumes of the grid elements.
Non-linear iter.: 428/500. Linear iter.: 4. Min. area: 0.000148452. Error: 5.30401e-12.
Computing volumes of the grid elements.
Min. volume: 0.000148452, max. volume: 36.6096.

# FGMRES residual history
# Residual tolerance target = 1e-10
# Initial residual norm     = 1.15968e-09
     0     1
# FGMRES final (true) residual:
# Iteration = 4: |res|/|res0| = 5.30401e-12.

Computing volumes of the grid elements.
Non-linear iter.: 429/500. Linear iter.: 4. Min. area: 0.000148452. Error: 5.30401e-12.
Computing volumes of the grid elements.
Min. volume: 0.000148452, max. volume: 36.6096.

# FGMRES residual history
# Residual tolerance target = 1e-10
# Initial residual norm     = 1.15969e-09
     0     1
# FGMRES final (true) residual:
# Iteration = 4: |res|/|res0| = 5.30401e-12.

Computing volumes of the grid elements.
Non-linear iter.: 430/500. Linear iter.: 4. Min. area: 0.000148452. Error: 5.30401e-12.
Computing volumes of the grid elements.
Min. volume: 0.000148452, max. volume: 36.6096.

# FGMRES residual history
# Residual tolerance target = 1e-10
# Initial residual norm     = 1.1597e-09
     0     1
# FGMRES final (true) residual:
# Iteration = 4: |res|/|res0| = 5.30401e-12.

Computing volumes of the grid elements.
Non-linear iter.: 431/500. Linear iter.: 4. Min. area: 0.000148452. Error: 5.30401e-12.
Computing volumes of the grid elements.
Min. volume: 0.000148452, max. volume: 36.6097.

# FGMRES residual history
# Residual tolerance target = 1e-10
# Initial residual norm     = 1.1597e-09
     0     1
# FGMRES final (true) residual:
# Iteration = 4: |res|/|res0| = 5.30401e-12.

Computing volumes of the grid elements.
Non-linear iter.: 432/500. Linear iter.: 4. Min. area: 0.000148452. Error: 5.30401e-12.
Computing volumes of the grid elements.
Min. volume: 0.000148452, max. volume: 36.6097.

# FGMRES residual history
# Residual tolerance target = 1e-10
# Initial residual norm     = 1.15971e-09
     0     1
# FGMRES final (true) residual:
# Iteration = 4: |res|/|res0| = 5.30401e-12.

Computing volumes of the grid elements.
Non-linear iter.: 433/500. Linear iter.: 4. Min. area: 0.000148452. Error: 5.30401e-12.
Computing volumes of the grid elements.
Min. volume: 0.000148452, max. volume: 36.6097.

# FGMRES residual history
# Residual tolerance target = 1e-10
# Initial residual norm     = 1.15971e-09
     0     1
# FGMRES final (true) residual:
# Iteration = 4: |res|/|res0| = 5.30401e-12.

Computing volumes of the grid elements.
Non-linear iter.: 434/500. Linear iter.: 4. Min. area: 0.000148452. Error: 5.30401e-12.
Computing volumes of the grid elements.
Min. volume: 0.000148452, max. volume: 36.6097.

# FGMRES residual history
# Residual tolerance target = 1e-10
# Initial residual norm     = 1.15972e-09
     0     1
# FGMRES final (true) residual:
# Iteration = 4: |res|/|res0| = 5.304e-12.

Computing volumes of the grid elements.
Non-linear iter.: 435/500. Linear iter.: 4. Min. area: 0.000148452. Error: 5.304e-12.
Computing volumes of the grid elements.
Min. volume: 0.000148452, max. volume: 36.6097.

# FGMRES residual history
# Residual tolerance target = 1e-10
# Initial residual norm     = 1.15973e-09
     0     1
# FGMRES final (true) residual:
# Iteration = 4: |res|/|res0| = 5.304e-12.

Computing volumes of the grid elements.
Non-linear iter.: 436/500. Linear iter.: 4. Min. area: 0.000148452. Error: 5.304e-12.
Computing volumes of the grid elements.
Min. volume: 0.000148452, max. volume: 36.6097.

# FGMRES residual history
# Residual tolerance target = 1e-10
# Initial residual norm     = 1.15973e-09
     0     1
# FGMRES final (true) residual:
# Iteration = 4: |res|/|res0| = 5.304e-12.

Computing volumes of the grid elements.
Non-linear iter.: 437/500. Linear iter.: 4. Min. area: 0.000148452. Error: 5.304e-12.
Computing volumes of the grid elements.
Min. volume: 0.000148452, max. volume: 36.6097.

# FGMRES residual history
# Residual tolerance target = 1e-10
# Initial residual norm     = 1.15974e-09
     0     1
# FGMRES final (true) residual:
# Iteration = 4: |res|/|res0| = 5.304e-12.

Computing volumes of the grid elements.
Non-linear iter.: 438/500. Linear iter.: 4. Min. area: 0.000148452. Error: 5.304e-12.
Computing volumes of the grid elements.
Min. volume: 0.000148452, max. volume: 36.6097.

# FGMRES residual history
# Residual tolerance target = 1e-10
# Initial residual norm     = 1.15974e-09
     0     1
# FGMRES final (true) residual:
# Iteration = 4: |res|/|res0| = 5.304e-12.

Computing volumes of the grid elements.
Non-linear iter.: 439/500. Linear iter.: 4. Min. area: 0.000148452. Error: 5.304e-12.
Computing volumes of the grid elements.
Min. volume: 0.000148452, max. volume: 36.6097.

# FGMRES residual history
# Residual tolerance target = 1e-10
# Initial residual norm     = 1.15975e-09
     0     1
# FGMRES final (true) residual:
# Iteration = 4: |res|/|res0| = 5.304e-12.

Computing volumes of the grid elements.
Non-linear iter.: 440/500. Linear iter.: 4. Min. area: 0.000148452. Error: 5.304e-12.
Computing volumes of the grid elements.
Min. volume: 0.000148452, max. volume: 36.6097.

# FGMRES residual history
# Residual tolerance target = 1e-10
# Initial residual norm     = 1.15976e-09
     0     1
# FGMRES final (true) residual:
# Iteration = 4: |res|/|res0| = 5.304e-12.

Computing volumes of the grid elements.
Non-linear iter.: 441/500. Linear iter.: 4. Min. area: 0.000148452. Error: 5.304e-12.
Computing volumes of the grid elements.
Min. volume: 0.000148452, max. volume: 36.6097.

# FGMRES residual history
# Residual tolerance target = 1e-10
# Initial residual norm     = 1.15976e-09
     0     1
# FGMRES final (true) residual:
# Iteration = 4: |res|/|res0| = 5.304e-12.

Computing volumes of the grid elements.
Non-linear iter.: 442/500. Linear iter.: 4. Min. area: 0.000148452. Error: 5.304e-12.
Computing volumes of the grid elements.
Min. volume: 0.000148452, max. volume: 36.6097.

# FGMRES residual history
# Residual tolerance target = 1e-10
# Initial residual norm     = 1.15977e-09
     0     1
# FGMRES final (true) residual:
# Iteration = 4: |res|/|res0| = 5.30399e-12.

Computing volumes of the grid elements.
Non-linear iter.: 443/500. Linear iter.: 4. Min. area: 0.000148452. Error: 5.30399e-12.
Computing volumes of the grid elements.
Min. volume: 0.000148452, max. volume: 36.6097.

# FGMRES residual history
# Residual tolerance target = 1e-10
# Initial residual norm     = 1.15977e-09
     0     1
# FGMRES final (true) residual:
# Iteration = 4: |res|/|res0| = 5.30399e-12.

Computing volumes of the grid elements.
Non-linear iter.: 444/500. Linear iter.: 4. Min. area: 0.000148452. Error: 5.30399e-12.
Computing volumes of the grid elements.
Min. volume: 0.000148452, max. volume: 36.6097.

# FGMRES residual history
# Residual tolerance target = 1e-10
# Initial residual norm     = 1.15978e-09
     0     1
# FGMRES final (true) residual:
# Iteration = 4: |res|/|res0| = 5.30399e-12.

Computing volumes of the grid elements.
Non-linear iter.: 445/500. Linear iter.: 4. Min. area: 0.000148452. Error: 5.30399e-12.
Computing volumes of the grid elements.
Min. volume: 0.000148452, max. volume: 36.6097.

# FGMRES residual history
# Residual tolerance target = 1e-10
# Initial residual norm     = 1.15979e-09
     0     1
# FGMRES final (true) residual:
# Iteration = 4: |res|/|res0| = 5.30399e-12.

Computing volumes of the grid elements.
Non-linear iter.: 446/500. Linear iter.: 4. Min. area: 0.000148452. Error: 5.30399e-12.
Computing volumes of the grid elements.
Min. volume: 0.000148452, max. volume: 36.6097.

# FGMRES residual history
# Residual tolerance target = 1e-10
# Initial residual norm     = 1.15979e-09
     0     1
# FGMRES final (true) residual:
# Iteration = 4: |res|/|res0| = 5.30399e-12.

Computing volumes of the grid elements.
Non-linear iter.: 447/500. Linear iter.: 4. Min. area: 0.000148452. Error: 5.30399e-12.
Computing volumes of the grid elements.
Min. volume: 0.000148452, max. volume: 36.6097.

# FGMRES residual history
# Residual tolerance target = 1e-10
# Initial residual norm     = 1.1598e-09
     0     1
# FGMRES final (true) residual:
# Iteration = 4: |res|/|res0| = 5.30399e-12.

Computing volumes of the grid elements.
Non-linear iter.: 448/500. Linear iter.: 4. Min. area: 0.000148452. Error: 5.30399e-12.
Computing volumes of the grid elements.
Min. volume: 0.000148452, max. volume: 36.6097.

# FGMRES residual history
# Residual tolerance target = 1e-10
# Initial residual norm     = 1.1598e-09
     0     1
# FGMRES final (true) residual:
# Iteration = 4: |res|/|res0| = 5.30399e-12.

Computing volumes of the grid elements.
Non-linear iter.: 449/500. Linear iter.: 4. Min. area: 0.000148452. Error: 5.30399e-12.
Computing volumes of the grid elements.
Min. volume: 0.000148452, max. volume: 36.6097.

# FGMRES residual history
# Residual tolerance target = 1e-10
# Initial residual norm     = 1.15981e-09
     0     1
# FGMRES final (true) residual:
# Iteration = 4: |res|/|res0| = 5.30398e-12.

Computing volumes of the grid elements.
Non-linear iter.: 450/500. Linear iter.: 4. Min. area: 0.000148452. Error: 5.30398e-12.
Computing volumes of the grid elements.
Min. volume: 0.000148452, max. volume: 36.6097.

# FGMRES residual history
# Residual tolerance target = 1e-10
# Initial residual norm     = 1.15982e-09
     0     1
# FGMRES final (true) residual:
# Iteration = 4: |res|/|res0| = 5.30398e-12.

Computing volumes of the grid elements.
Non-linear iter.: 451/500. Linear iter.: 4. Min. area: 0.000148452. Error: 5.30398e-12.
Computing volumes of the grid elements.
Min. volume: 0.000148452, max. volume: 36.6097.

# FGMRES residual history
# Residual tolerance target = 1e-10
# Initial residual norm     = 1.15982e-09
     0     1
# FGMRES final (true) residual:
# Iteration = 4: |res|/|res0| = 5.30398e-12.

Computing volumes of the grid elements.
Non-linear iter.: 452/500. Linear iter.: 4. Min. area: 0.000148452. Error: 5.30398e-12.
Computing volumes of the grid elements.
Min. volume: 0.000148452, max. volume: 36.6097.

# FGMRES residual history
# Residual tolerance target = 1e-10
# Initial residual norm     = 1.15983e-09
     0     1
# FGMRES final (true) residual:
# Iteration = 4: |res|/|res0| = 5.30398e-12.

Computing volumes of the grid elements.
Non-linear iter.: 453/500. Linear iter.: 4. Min. area: 0.000148452. Error: 5.30398e-12.
Computing volumes of the grid elements.
Min. volume: 0.000148452, max. volume: 36.6097.

# FGMRES residual history
# Residual tolerance target = 1e-10
# Initial residual norm     = 1.15983e-09
     0     1
# FGMRES final (true) residual:
# Iteration = 4: |res|/|res0| = 5.30398e-12.

Computing volumes of the grid elements.
Non-linear iter.: 454/500. Linear iter.: 4. Min. area: 0.000148452. Error: 5.30398e-12.
Computing volumes of the grid elements.
Min. volume: 0.000148452, max. volume: 36.6097.

# FGMRES residual history
# Residual tolerance target = 1e-10
# Initial residual norm     = 1.15984e-09
     0     1
# FGMRES final (true) residual:
# Iteration = 4: |res|/|res0| = 5.30398e-12.

Computing volumes of the grid elements.
Non-linear iter.: 455/500. Linear iter.: 4. Min. area: 0.000148452. Error: 5.30398e-12.
Computing volumes of the grid elements.
Min. volume: 0.000148452, max. volume: 36.6097.

# FGMRES residual history
# Residual tolerance target = 1e-10
# Initial residual norm     = 1.15984e-09
     0     1
# FGMRES final (true) residual:
# Iteration = 4: |res|/|res0| = 5.30398e-12.

Computing volumes of the grid elements.
Non-linear iter.: 456/500. Linear iter.: 4. Min. area: 0.000148452. Error: 5.30398e-12.
Computing volumes of the grid elements.
Min. volume: 0.000148452, max. volume: 36.6097.

# FGMRES residual history
# Residual tolerance target = 1e-10
# Initial residual norm     = 1.15985e-09
     0     1
# FGMRES final (true) residual:
# Iteration = 4: |res|/|res0| = 5.30397e-12.

Computing volumes of the grid elements.
Non-linear iter.: 457/500. Linear iter.: 4. Min. area: 0.000148452. Error: 5.30397e-12.
Computing volumes of the grid elements.
Min. volume: 0.000148452, max. volume: 36.6097.

# FGMRES residual history
# Residual tolerance target = 1e-10
# Initial residual norm     = 1.15986e-09
     0     1
# FGMRES final (true) residual:
# Iteration = 4: |res|/|res0| = 5.30397e-12.

Computing volumes of the grid elements.
Non-linear iter.: 458/500. Linear iter.: 4. Min. area: 0.000148452. Error: 5.30397e-12.
Computing volumes of the grid elements.
Min. volume: 0.000148452, max. volume: 36.6097.

# FGMRES residual history
# Residual tolerance target = 1e-10
# Initial residual norm     = 1.15986e-09
     0     1
# FGMRES final (true) residual:
# Iteration = 4: |res|/|res0| = 5.30397e-12.

Computing volumes of the grid elements.
Non-linear iter.: 459/500. Linear iter.: 4. Min. area: 0.000148452. Error: 5.30397e-12.
Computing volumes of the grid elements.
Min. volume: 0.000148452, max. volume: 36.6097.

# FGMRES residual history
# Residual tolerance target = 1e-10
# Initial residual norm     = 1.15987e-09
     0     1
# FGMRES final (true) residual:
# Iteration = 4: |res|/|res0| = 5.30397e-12.

Computing volumes of the grid elements.
Non-linear iter.: 460/500. Linear iter.: 4. Min. area: 0.000148452. Error: 5.30397e-12.
Computing volumes of the grid elements.
Min. volume: 0.000148452, max. volume: 36.6097.

# FGMRES residual history
# Residual tolerance target = 1e-10
# Initial residual norm     = 1.15987e-09
     0     1
# FGMRES final (true) residual:
# Iteration = 4: |res|/|res0| = 5.30397e-12.

Computing volumes of the grid elements.
Non-linear iter.: 461/500. Linear iter.: 4. Min. area: 0.000148452. Error: 5.30397e-12.
Computing volumes of the grid elements.
Min. volume: 0.000148452, max. volume: 36.6097.

# FGMRES residual history
# Residual tolerance target = 1e-10
# Initial residual norm     = 1.15988e-09
     0     1
# FGMRES final (true) residual:
# Iteration = 4: |res|/|res0| = 5.30397e-12.

Computing volumes of the grid elements.
Non-linear iter.: 462/500. Linear iter.: 4. Min. area: 0.000148452. Error: 5.30397e-12.
Computing volumes of the grid elements.
Min. volume: 0.000148452, max. volume: 36.6097.

# FGMRES residual history
# Residual tolerance target = 1e-10
# Initial residual norm     = 1.15989e-09
     0     1
# FGMRES final (true) residual:
# Iteration = 4: |res|/|res0| = 5.30397e-12.

Computing volumes of the grid elements.
Non-linear iter.: 463/500. Linear iter.: 4. Min. area: 0.000148452. Error: 5.30397e-12.
Computing volumes of the grid elements.
Min. volume: 0.000148452, max. volume: 36.6097.

# FGMRES residual history
# Residual tolerance target = 1e-10
# Initial residual norm     = 1.15989e-09
     0     1
# FGMRES final (true) residual:
# Iteration = 4: |res|/|res0| = 5.30396e-12.

Computing volumes of the grid elements.
Non-linear iter.: 464/500. Linear iter.: 4. Min. area: 0.000148452. Error: 5.30396e-12.
Computing volumes of the grid elements.
Min. volume: 0.000148452, max. volume: 36.6097.

# FGMRES residual history
# Residual tolerance target = 1e-10
# Initial residual norm     = 1.1599e-09
     0     1
# FGMRES final (true) residual:
# Iteration = 4: |res|/|res0| = 5.30396e-12.

Computing volumes of the grid elements.
Non-linear iter.: 465/500. Linear iter.: 4. Min. area: 0.000148452. Error: 5.30396e-12.
Computing volumes of the grid elements.
Min. volume: 0.000148452, max. volume: 36.6097.

# FGMRES residual history
# Residual tolerance target = 1e-10
# Initial residual norm     = 1.1599e-09
     0     1
# FGMRES final (true) residual:
# Iteration = 4: |res|/|res0| = 5.30396e-12.

Computing volumes of the grid elements.
Non-linear iter.: 466/500. Linear iter.: 4. Min. area: 0.000148452. Error: 5.30396e-12.
Computing volumes of the grid elements.
Min. volume: 0.000148452, max. volume: 36.6097.

# FGMRES residual history
# Residual tolerance target = 1e-10
# Initial residual norm     = 1.15991e-09
     0     1
# FGMRES final (true) residual:
# Iteration = 4: |res|/|res0| = 5.30396e-12.

Computing volumes of the grid elements.
Non-linear iter.: 467/500. Linear iter.: 4. Min. area: 0.000148452. Error: 5.30396e-12.
Computing volumes of the grid elements.
Min. volume: 0.000148452, max. volume: 36.6097.

# FGMRES residual history
# Residual tolerance target = 1e-10
# Initial residual norm     = 1.15992e-09
     0     1
# FGMRES final (true) residual:
# Iteration = 4: |res|/|res0| = 5.30396e-12.

Computing volumes of the grid elements.
Non-linear iter.: 468/500. Linear iter.: 4. Min. area: 0.000148452. Error: 5.30396e-12.
Computing volumes of the grid elements.
Min. volume: 0.000148452, max. volume: 36.6097.

# FGMRES residual history
# Residual tolerance target = 1e-10
# Initial residual norm     = 1.15992e-09
     0     1
# FGMRES final (true) residual:
# Iteration = 4: |res|/|res0| = 5.30396e-12.

Computing volumes of the grid elements.
Non-linear iter.: 469/500. Linear iter.: 4. Min. area: 0.000148452. Error: 5.30396e-12.
Computing volumes of the grid elements.
Min. volume: 0.000148452, max. volume: 36.6097.

# FGMRES residual history
# Residual tolerance target = 1e-10
# Initial residual norm     = 1.15993e-09
     0     1
# FGMRES final (true) residual:
# Iteration = 4: |res|/|res0| = 5.30396e-12.

Computing volumes of the grid elements.
Non-linear iter.: 470/500. Linear iter.: 4. Min. area: 0.000148452. Error: 5.30396e-12.
Computing volumes of the grid elements.
Min. volume: 0.000148452, max. volume: 36.6097.

# FGMRES residual history
# Residual tolerance target = 1e-10
# Initial residual norm     = 1.15993e-09
     0     1
# FGMRES final (true) residual:
# Iteration = 4: |res|/|res0| = 5.30396e-12.

Computing volumes of the grid elements.
Non-linear iter.: 471/500. Linear iter.: 4. Min. area: 0.000148452. Error: 5.30396e-12.
Computing volumes of the grid elements.
Min. volume: 0.000148452, max. volume: 36.6097.

# FGMRES residual history
# Residual tolerance target = 1e-10
# Initial residual norm     = 1.15994e-09
     0     1
# FGMRES final (true) residual:
# Iteration = 4: |res|/|res0| = 5.30395e-12.

Computing volumes of the grid elements.
Non-linear iter.: 472/500. Linear iter.: 4. Min. area: 0.000148452. Error: 5.30395e-12.
Computing volumes of the grid elements.
Min. volume: 0.000148452, max. volume: 36.6097.

# FGMRES residual history
# Residual tolerance target = 1e-10
# Initial residual norm     = 1.15995e-09
     0     1
# FGMRES final (true) residual:
# Iteration = 4: |res|/|res0| = 5.30395e-12.

Computing volumes of the grid elements.
Non-linear iter.: 473/500. Linear iter.: 4. Min. area: 0.000148452. Error: 5.30395e-12.
Computing volumes of the grid elements.
Min. volume: 0.000148452, max. volume: 36.6097.

# FGMRES residual history
# Residual tolerance target = 1e-10
# Initial residual norm     = 1.15995e-09
     0     1
# FGMRES final (true) residual:
# Iteration = 4: |res|/|res0| = 5.30395e-12.

Computing volumes of the grid elements.
Non-linear iter.: 474/500. Linear iter.: 4. Min. area: 0.000148452. Error: 5.30395e-12.
Computing volumes of the grid elements.
Min. volume: 0.000148452, max. volume: 36.6098.

# FGMRES residual history
# Residual tolerance target = 1e-10
# Initial residual norm     = 1.15996e-09
     0     1
# FGMRES final (true) residual:
# Iteration = 4: |res|/|res0| = 5.30395e-12.

Computing volumes of the grid elements.
Non-linear iter.: 475/500. Linear iter.: 4. Min. area: 0.000148452. Error: 5.30395e-12.
Computing volumes of the grid elements.
Min. volume: 0.000148452, max. volume: 36.6098.

# FGMRES residual history
# Residual tolerance target = 1e-10
# Initial residual norm     = 1.15996e-09
     0     1
# FGMRES final (true) residual:
# Iteration = 4: |res|/|res0| = 5.30395e-12.

Computing volumes of the grid elements.
Non-linear iter.: 476/500. Linear iter.: 4. Min. area: 0.000148452. Error: 5.30395e-12.
Computing volumes of the grid elements.
Min. volume: 0.000148452, max. volume: 36.6098.

# FGMRES residual history
# Residual tolerance target = 1e-10
# Initial residual norm     = 1.15997e-09
     0     1
# FGMRES final (true) residual:
# Iteration = 4: |res|/|res0| = 5.30395e-12.

Computing volumes of the grid elements.
Non-linear iter.: 477/500. Linear iter.: 4. Min. area: 0.000148452. Error: 5.30395e-12.
Computing volumes of the grid elements.
Min. volume: 0.000148452, max. volume: 36.6098.

# FGMRES residual history
# Residual tolerance target = 1e-10
# Initial residual norm     = 1.15998e-09
     0     1
# FGMRES final (true) residual:
# Iteration = 4: |res|/|res0| = 5.30395e-12.

Computing volumes of the grid elements.
Non-linear iter.: 478/500. Linear iter.: 4. Min. area: 0.000148452. Error: 5.30395e-12.
Computing volumes of the grid elements.
Min. volume: 0.000148452, max. volume: 36.6098.

# FGMRES residual history
# Residual tolerance target = 1e-10
# Initial residual norm     = 1.15998e-09
     0     1
# FGMRES final (true) residual:
# Iteration = 4: |res|/|res0| = 5.30394e-12.

Computing volumes of the grid elements.
Non-linear iter.: 479/500. Linear iter.: 4. Min. area: 0.000148452. Error: 5.30394e-12.
Computing volumes of the grid elements.
Min. volume: 0.000148452, max. volume: 36.6098.

# FGMRES residual history
# Residual tolerance target = 1e-10
# Initial residual norm     = 1.15999e-09
     0     1
# FGMRES final (true) residual:
# Iteration = 4: |res|/|res0| = 5.30394e-12.

Computing volumes of the grid elements.
Non-linear iter.: 480/500. Linear iter.: 4. Min. area: 0.000148452. Error: 5.30394e-12.
Computing volumes of the grid elements.
Min. volume: 0.000148452, max. volume: 36.6098.

# FGMRES residual history
# Residual tolerance target = 1e-10
# Initial residual norm     = 1.15999e-09
     0     1
# FGMRES final (true) residual:
# Iteration = 4: |res|/|res0| = 5.30394e-12.

Computing volumes of the grid elements.
Non-linear iter.: 481/500. Linear iter.: 4. Min. area: 0.000148452. Error: 5.30394e-12.
Computing volumes of the grid elements.
Min. volume: 0.000148452, max. volume: 36.6098.

# FGMRES residual history
# Residual tolerance target = 1e-10
# Initial residual norm     = 1.16e-09
     0     1
# FGMRES final (true) residual:
# Iteration = 4: |res|/|res0| = 5.30394e-12.

Computing volumes of the grid elements.
Non-linear iter.: 482/500. Linear iter.: 4. Min. area: 0.000148452. Error: 5.30394e-12.
Computing volumes of the grid elements.
Min. volume: 0.000148452, max. volume: 36.6098.

# FGMRES residual history
# Residual tolerance target = 1e-10
# Initial residual norm     = 1.16001e-09
     0     1
# FGMRES final (true) residual:
# Iteration = 4: |res|/|res0| = 5.30394e-12.

Computing volumes of the grid elements.
Non-linear iter.: 483/500. Linear iter.: 4. Min. area: 0.000148452. Error: 5.30394e-12.
Computing volumes of the grid elements.
Min. volume: 0.000148452, max. volume: 36.6098.

# FGMRES residual history
# Residual tolerance target = 1e-10
# Initial residual norm     = 1.16001e-09
     0     1
# FGMRES final (true) residual:
# Iteration = 4: |res|/|res0| = 5.30394e-12.

Computing volumes of the grid elements.
Non-linear iter.: 484/500. Linear iter.: 4. Min. area: 0.000148452. Error: 5.30394e-12.
Computing volumes of the grid elements.
Min. volume: 0.000148452, max. volume: 36.6098.

# FGMRES residual history
# Residual tolerance target = 1e-10
# Initial residual norm     = 1.16002e-09
     0     1
# FGMRES final (true) residual:
# Iteration = 4: |res|/|res0| = 5.30394e-12.

Computing volumes of the grid elements.
Non-linear iter.: 485/500. Linear iter.: 4. Min. area: 0.000148452. Error: 5.30394e-12.
Computing volumes of the grid elements.
Min. volume: 0.000148452, max. volume: 36.6098.

# FGMRES residual history
# Residual tolerance target = 1e-10
# Initial residual norm     = 1.16002e-09
     0     1
# FGMRES final (true) residual:
# Iteration = 4: |res|/|res0| = 5.30393e-12.

Computing volumes of the grid elements.
Non-linear iter.: 486/500. Linear iter.: 4. Min. area: 0.000148452. Error: 5.30393e-12.
Computing volumes of the grid elements.
Min. volume: 0.000148452, max. volume: 36.6098.

# FGMRES residual history
# Residual tolerance target = 1e-10
# Initial residual norm     = 1.16003e-09
     0     1
# FGMRES final (true) residual:
# Iteration = 4: |res|/|res0| = 5.30393e-12.

Computing volumes of the grid elements.
Non-linear iter.: 487/500. Linear iter.: 4. Min. area: 0.000148452. Error: 5.30393e-12.
Computing volumes of the grid elements.
Min. volume: 0.000148452, max. volume: 36.6098.

# FGMRES residual history
# Residual tolerance target = 1e-10
# Initial residual norm     = 1.16003e-09
     0     1
# FGMRES final (true) residual:
# Iteration = 4: |res|/|res0| = 5.30393e-12.

Computing volumes of the grid elements.
Non-linear iter.: 488/500. Linear iter.: 4. Min. area: 0.000148452. Error: 5.30393e-12.
Computing volumes of the grid elements.
Min. volume: 0.000148452, max. volume: 36.6098.

# FGMRES residual history
# Residual tolerance target = 1e-10
# Initial residual norm     = 1.16004e-09
     0     1
# FGMRES final (true) residual:
# Iteration = 4: |res|/|res0| = 5.30393e-12.

Computing volumes of the grid elements.
Non-linear iter.: 489/500. Linear iter.: 4. Min. area: 0.000148452. Error: 5.30393e-12.
Computing volumes of the grid elements.
Min. volume: 0.000148452, max. volume: 36.6098.

# FGMRES residual history
# Residual tolerance target = 1e-10
# Initial residual norm     = 1.16005e-09
     0     1
# FGMRES final (true) residual:
# Iteration = 4: |res|/|res0| = 5.30393e-12.

Computing volumes of the grid elements.
Non-linear iter.: 490/500. Linear iter.: 4. Min. area: 0.000148452. Error: 5.30393e-12.
Computing volumes of the grid elements.
Min. volume: 0.000148452, max. volume: 36.6098.

# FGMRES residual history
# Residual tolerance target = 1e-10
# Initial residual norm     = 1.16005e-09
     0     1
# FGMRES final (true) residual:
# Iteration = 4: |res|/|res0| = 5.30393e-12.

Computing volumes of the grid elements.
Non-linear iter.: 491/500. Linear iter.: 4. Min. area: 0.000148452. Error: 5.30393e-12.
Computing volumes of the grid elements.
Min. volume: 0.000148452, max. volume: 36.6098.

# FGMRES residual history
# Residual tolerance target = 1e-10
# Initial residual norm     = 1.16006e-09
     0     1
# FGMRES final (true) residual:
# Iteration = 4: |res|/|res0| = 5.30393e-12.

Computing volumes of the grid elements.
Non-linear iter.: 492/500. Linear iter.: 4. Min. area: 0.000148452. Error: 5.30393e-12.
Computing volumes of the grid elements.
Min. volume: 0.000148452, max. volume: 36.6098.

# FGMRES residual history
# Residual tolerance target = 1e-10
# Initial residual norm     = 1.16006e-09
     0     1
# FGMRES final (true) residual:
# Iteration = 4: |res|/|res0| = 5.30392e-12.

Computing volumes of the grid elements.
Non-linear iter.: 493/500. Linear iter.: 4. Min. area: 0.000148452. Error: 5.30392e-12.
Computing volumes of the grid elements.
Min. volume: 0.000148452, max. volume: 36.6098.

# FGMRES residual history
# Residual tolerance target = 1e-10
# Initial residual norm     = 1.16007e-09
     0     1
# FGMRES final (true) residual:
# Iteration = 4: |res|/|res0| = 5.30392e-12.

Computing volumes of the grid elements.
Non-linear iter.: 494/500. Linear iter.: 4. Min. area: 0.000148452. Error: 5.30392e-12.
Computing volumes of the grid elements.
Min. volume: 0.000148452, max. volume: 36.6098.

# FGMRES residual history
# Residual tolerance target = 1e-10
# Initial residual norm     = 1.16008e-09
     0     1
# FGMRES final (true) residual:
# Iteration = 4: |res|/|res0| = 5.30392e-12.

Computing volumes of the grid elements.
Non-linear iter.: 495/500. Linear iter.: 4. Min. area: 0.000148452. Error: 5.30392e-12.
Computing volumes of the grid elements.
Min. volume: 0.000148452, max. volume: 36.6098.

# FGMRES residual history
# Residual tolerance target = 1e-10
# Initial residual norm     = 1.16008e-09
     0     1
# FGMRES final (true) residual:
# Iteration = 4: |res|/|res0| = 5.30392e-12.

Computing volumes of the grid elements.
Non-linear iter.: 496/500. Linear iter.: 4. Min. area: 0.000148452. Error: 5.30392e-12.
Computing volumes of the grid elements.
Min. volume: 0.000148452, max. volume: 36.6098.

# FGMRES residual history
# Residual tolerance target = 1e-10
# Initial residual norm     = 1.16009e-09
     0     1
# FGMRES final (true) residual:
# Iteration = 4: |res|/|res0| = 5.30392e-12.

Computing volumes of the grid elements.
Non-linear iter.: 497/500. Linear iter.: 4. Min. area: 0.000148452. Error: 5.30392e-12.
Computing volumes of the grid elements.
Min. volume: 0.000148452, max. volume: 36.6098.

# FGMRES residual history
# Residual tolerance target = 1e-10
# Initial residual norm     = 1.16009e-09
     0     1
# FGMRES final (true) residual:
# Iteration = 4: |res|/|res0| = 5.30392e-12.

Computing volumes of the grid elements.
Non-linear iter.: 498/500. Linear iter.: 4. Min. area: 0.000148452. Error: 5.30392e-12.
Computing volumes of the grid elements.
Min. volume: 0.000148452, max. volume: 36.6098.

# FGMRES residual history
# Residual tolerance target = 1e-10
# Initial residual norm     = 1.1601e-09
     0     1
# FGMRES final (true) residual:
# Iteration = 4: |res|/|res0| = 5.30392e-12.

Computing volumes of the grid elements.
Non-linear iter.: 499/500. Linear iter.: 4. Min. area: 0.000148452. Error: 5.30392e-12.
Computing volumes of the grid elements.
Min. volume: 0.000148452, max. volume: 36.6098.

# FGMRES residual history
# Residual tolerance target = 1e-10
# Initial residual norm     = 1.16011e-09
     0     1
# FGMRES final (true) residual:
# Iteration = 4: |res|/|res0| = 5.30392e-12.

Computing volumes of the grid elements.
Non-linear iter.: 500/500. Linear iter.: 4. Min. area: 0.000148452. Error: 5.30392e-12.

Completed in 0.194217 seconds on 1 core.

----------------------- Write deformed grid files -----------------------
|SU2 mesh                           |mesh_deformed.su2                  |
Adding any FFD information to the SU2 file.

------------------------- Finalize Solver -------------------------
Deleted CNumerics container.
Deleted CSolver container.
Deleted CGeometry container.
Deleted CSurfaceMovement class.
Deleted CVolumetricMovement class.
Deleted CConfig container.
Deleted COutput class.

------------------------- Exit Success (SU2_DEF) ------------------------

