
-------------------------------------------------------------------------
|    ___ _   _ ___                                                      |
|   / __| | | |_  )   Release 8.4.0 "Harrier"                           |
|   \__ \ |_| |/ /                                                      |
|   |___/\___//___|   Suite (Mesh Deformation Code)                     |
|                                                                       |
-------------------------------------------------------------------------
| SU2 Project Website: https://su2code.github.io                        |
|                                                                       |
| The SU2 Project is maintained by the SU2 Foundation                   |
| (http://su2foundation.org)                                            |
-------------------------------------------------------------------------
| Copyright 2012-2026, SU2 Contributors                                 |
|                                                                       |
| SU2 is free software; you can redistribute it and/or                  |
| modify it under the terms of the GNU Lesser General Public            |
| License as published by the Free Software Foundation; either          |
| version 2.1 of the License, or (at your option) any later version.    |
|                                                                       |
| SU2 is distributed in the hope that it will be useful,                |
| but WITHOUT ANY WARRANTY; without even the implied warranty of        |
| MERCHANTABILITY or FITNESS FOR A PARTICULAR PURPOSE. See the GNU      |
| Lesser General Public License for more details.                       |
|                                                                       |
| You should have received a copy of the GNU Lesser General Public      |
| License along with SU2. If not, see <http://www.gnu.org/licenses/>.   |
-------------------------------------------------------------------------

----------------- Physical Case Definition ( Zone 0 ) -------------------
Input mesh file name: mesh_original.su2

---------------- Grid deformation parameters ( Zone 0 )  ----------------
Grid deformation using linear elasticity method.


-------------------- Output Information ( Zone 0 ) ----------------------
Output mesh file name: mesh_deformed.su2. 
Cell stiffness scaled by inverse of the cell volume.

------------- Config File Boundary Information ( Zone 0 ) ---------------
+-----------------------------------------------------------------------+
|                        Marker Type|                        Marker Name|
+-----------------------------------------------------------------------+
|                          Far-field|                           farfield|
+-----------------------------------------------------------------------+
|                     Heat flux wall|                            airfoil|
+-----------------------------------------------------------------------+
Two dimensional problem.
222 grid points.
235 volume elements.
2 surface markers.
50 boundary elements in index 0 (Marker = farfield).
159 boundary elements in index 1 (Marker = airfoil).
235 triangles.

----------------------- Preprocessing computations ----------------------
Setting local point connectivity.
Checking the numerical grid orientation of the interior elements.
All volume elements are correctly oriented.
There has been a re-orientation of 159 LINE surface elements.
Identify edges and vertices.
Setting the bound control volume structure.
Area of the computational grid: 599.943.
  Info: Ignoring the following volume output fields/groups:
  SOLUTION
Volume output fields: COORDINATES
Screen output fields: 
History output group(s): 
Warning: No (valid) fields chosen for convergence monitoring. Convergence monitoring inactive.
Warning: No (valid) fields chosen for time convergence monitoring. Time convergence monitoring inactive.

--------------------- Surface grid deformation (ZONE 0) -----------------
Performing the deformation of the surface grid.
Updating the surface coordinates from the input file.

------------------- Volumetric grid deformation (ZONE 0) ----------------
Performing the deformation of the volumetric grid.
Computing volumes of the grid elements.
Min. volume: 0.000151846, max. volume: 36.535.

# FGMRES residual history
# Residual tolerance target = 1e-10
# Initial residual norm     = 6.9098e-10
     0     1
# FGMRES final (true) residual:
# Iteration = 4: |res|/|res0| = 2.70513e-11.

Computing volumes of the grid elements.
Non-linear iter.: 1/500. Linear iter.: 4. Min. area: 0.000151846. Error: 2.70513e-11.
Computing volumes of the grid elements.
Min. volume: 0.000151846, max. volume: 36.535.

# FGMRES residual history
# Residual tolerance target = 1e-10
# Initial residual norm     = 6.90987e-10
     0     1
# FGMRES final (true) residual:
# Iteration = 4: |res|/|res0| = 2.7051e-11.

Computing volumes of the grid elements.
Non-linear iter.: 2/500. Linear iter.: 4. Min. area: 0.000151846. Error: 2.7051e-11.
Computing volumes of the grid elements.
Min. volume: 0.000151846, max. volume: 36.535.

# FGMRES residual history
# Residual tolerance target = 1e-10
# Initial residual norm     = 6.90994e-10
     0     1
# FGMRES final (true) residual:
# Iteration = 4: |res|/|res0| = 2.70507e-11.

Computing volumes of the grid elements.
Non-linear iter.: 3/500. Linear iter.: 4. Min. area: 0.000151846. Error: 2.70507e-11.
Computing volumes of the grid elements.
Min. volume: 0.000151846, max. volume: 36.535.

# FGMRES residual history
# Residual tolerance target = 1e-10
# Initial residual norm     = 6.91001e-10
     0     1
# FGMRES final (true) residual:
# Iteration = 4: |res|/|res0| = 2.70503e-11.

Computing volumes of the grid elements.
Non-linear iter.: 4/500. Linear iter.: 4. Min. area: 0.000151846. Error: 2.70503e-11.
Computing volumes of the grid elements.
Min. volume: 0.000151846, max. volume: 36.535.

# FGMRES residual history
# Residual tolerance target = 1e-10
# Initial residual norm     = 6.91009e-10
     0     1
# FGMRES final (true) residual:
# Iteration = 4: |res|/|res0| = 2.705e-11.

Computing volumes of the grid elements.
Non-linear iter.: 5/500. Linear iter.: 4. Min. area: 0.000151846. Error: 2.705e-11.
Computing volumes of the grid elements.
Min. volume: 0.000151846, max. volume: 36.535.

# FGMRES residual history
# Residual tolerance target = 1e-10
# Initial residual norm     = 6.91016e-10
     0     1
# FGMRES final (true) residual:
# Iteration = 4: |res|/|res0| = 2.70497e-11.

Computing volumes of the grid elements.
Non-linear iter.: 6/500. Linear iter.: 4. Min. area: 0.000151846. Error: 2.70497e-11.
Computing volumes of the grid elements.
Min. volume: 0.000151846, max. volume: 36.535.

# FGMRES residual history
# Residual tolerance target = 1e-10
# Initial residual norm     = 6.91023e-10
     0     1
# FGMRES final (true) residual:
# Iteration = 4: |res|/|res0| = 2.70493e-11.

Computing volumes of the grid elements.
Non-linear iter.: 7/500. Linear iter.: 4. Min. area: 0.000151846. Error: 2.70493e-11.
Computing volumes of the grid elements.
Min. volume: 0.000151846, max. volume: 36.535.

# FGMRES residual history
# Residual tolerance target = 1e-10
# Initial residual norm     = 6.9103e-10
     0     1
# FGMRES final (true) residual:
# Iteration = 4: |res|/|res0| = 2.7049e-11.

Computing volumes of the grid elements.
Non-linear iter.: 8/500. Linear iter.: 4. Min. area: 0.000151846. Error: 2.7049e-11.
Computing volumes of the grid elements.
Min. volume: 0.000151846, max. volume: 36.535.

# FGMRES residual history
# Residual tolerance target = 1e-10
# Initial residual norm     = 6.91037e-10
     0     1
# FGMRES final (true) residual:
# Iteration = 4: |res|/|res0| = 2.70487e-11.

Computing volumes of the grid elements.
Non-linear iter.: 9/500. Linear iter.: 4. Min. area: 0.000151846. Error: 2.70487e-11.
Computing volumes of the grid elements.
Min. volume: 0.000151846, max. volume: 36.535.

# FGMRES residual history
# Residual tolerance target = 1e-10
# Initial residual norm     = 6.91044e-10
     0     1
# FGMRES final (true) residual:
# Iteration = 4: |res|/|res0| = 2.70483e-11.

Computing volumes of the grid elements.
Non-linear iter.: 10/500. Linear iter.: 4. Min. area: 0.000151846. Error: 2.70483e-11.
Computing volumes of the grid elements.
Min. volume: 0.000151846, max. volume: 36.535.

# FGMRES residual history
# Residual tolerance target = 1e-10
# Initial residual norm     = 6.91051e-10
     0     1
# FGMRES final (true) residual:
# Iteration = 4: |res|/|res0| = 2.7048e-11.

Computing volumes of the grid elements.
Non-linear iter.: 11/500. Linear iter.: 4. Min. area: 0.000151846. Error: 2.7048e-11.
Computing volumes of the grid elements.
Min. volume: 0.000151846, max. volume: 36.535.

# FGMRES residual history
# Residual tolerance target = 1e-10
# Initial residual norm     = 6.91058e-10
     0     1
# FGMRES final (true) residual:
# Iteration = 4: |res|/|res0| = 2.70477e-11.

Computing volumes of the grid elements.
Non-linear iter.: 12/500. Linear iter.: 4. Min. area: 0.000151846. Error: 2.70477e-11.
Computing volumes of the grid elements.
Min. volume: 0.000151846, max. volume: 36.535.

# FGMRES residual history
# Residual tolerance target = 1e-10
# Initial residual norm     = 6.91066e-10
     0     1
# FGMRES final (true) residual:
# Iteration = 4: |res|/|res0| = 2.70474e-11.

Computing volumes of the grid elements.
Non-linear iter.: 13/500. Linear iter.: 4. Min. area: 0.000151846. Error: 2.70474e-11.
Computing volumes of the grid elements.
Min. volume: 0.000151846, max. volume: 36.535.

# FGMRES residual history
# Residual tolerance target = 1e-10
# Initial residual norm     = 6.91073e-10
     0     1
# FGMRES final (true) residual:
# Iteration = 4: |res|/|res0| = 2.7047e-11.

Computing volumes of the grid elements.
Non-linear iter.: 14/500. Linear iter.: 4. Min. area: 0.000151846. Error: 2.7047e-11.
Computing volumes of the grid elements.
Min. volume: 0.000151846, max. volume: 36.535.

# FGMRES residual history
# Residual tolerance target = 1e-10
# Initial residual norm     = 6.9108e-10
     0     1
# FGMRES final (true) residual:
# Iteration = 4: |res|/|res0| = 2.70467e-11.

Computing volumes of the grid elements.
Non-linear iter.: 15/500. Linear iter.: 4. Min. area: 0.000151846. Error: 2.70467e-11.
Computing volumes of the grid elements.
Min. volume: 0.000151846, max. volume: 36.535.

# FGMRES residual history
# Residual tolerance target = 1e-10
# Initial residual norm     = 6.91087e-10
     0     1
# FGMRES final (true) residual:
# Iteration = 4: |res|/|res0| = 2.70464e-11.

Computing volumes of the grid elements.
Non-linear iter.: 16/500. Linear iter.: 4. Min. area: 0.000151846. Error: 2.70464e-11.
Computing volumes of the grid elements.
Min. volume: 0.000151846, max. volume: 36.535.

# FGMRES residual history
# Residual tolerance target = 1e-10
# Initial residual norm     = 6.91094e-10
     0     1
# FGMRES final (true) residual:
# Iteration = 4: |res|/|res0| = 2.7046e-11.

Computing volumes of the grid elements.
Non-linear iter.: 17/500. Linear iter.: 4. Min. area: 0.000151846. Error: 2.7046e-11.
Computing volumes of the grid elements.
Min. volume: 0.000151846, max. volume: 36.535.

# FGMRES residual history
# Residual tolerance target = 1e-10
# Initial residual norm     = 6.91101e-10
     0     1
# FGMRES final (true) residual:
# Iteration = 4: |res|/|res0| = 2.70457e-11.

Computing volumes of the grid elements.
Non-linear iter.: 18/500. Linear iter.: 4. Min. area: 0.000151846. Error: 2.70457e-11.
Computing volumes of the grid elements.
Min. volume: 0.000151846, max. volume: 36.535.

# FGMRES residual history
# Residual tolerance target = 1e-10
# Initial residual norm     = 6.91108e-10
     0     1
# FGMRES final (true) residual:
# Iteration = 4: |res|/|res0| = 2.70454e-11.

Computing volumes of the grid elements.
Non-linear iter.: 19/500. Linear iter.: 4. Min. area: 0.000151846. Error: 2.70454e-11.
Computing volumes of the grid elements.
Min. volume: 0.000151846, max. volume: 36.535.

# FGMRES residual history
# Residual tolerance target = 1e-10
# Initial residual norm     = 6.91115e-10
     0     1
# FGMRES final (true) residual:
# Iteration = 4: |res|/|res0| = 2.7045e-11.

Computing volumes of the grid elements.
Non-linear iter.: 20/500. Linear iter.: 4. Min. area: 0.000151846. Error: 2.7045e-11.
Computing volumes of the grid elements.
Min. volume: 0.000151846, max. volume: 36.535.

# FGMRES residual history
# Residual tolerance target = 1e-10
# Initial residual norm     = 6.91122e-10
     0     1
# FGMRES final (true) residual:
# Iteration = 4: |res|/|res0| = 2.70447e-11.

Computing volumes of the grid elements.
Non-linear iter.: 21/500. Linear iter.: 4. Min. area: 0.000151846. Error: 2.70447e-11.
Computing volumes of the grid elements.
Min. volume: 0.000151846, max. volume: 36.535.

# FGMRES residual history
# Residual tolerance target = 1e-10
# Initial residual norm     = 6.9113e-10
     0     1
# FGMRES final (true) residual:
# Iteration = 4: |res|/|res0| = 2.70444e-11.

Computing volumes of the grid elements.
Non-linear iter.: 22/500. Linear iter.: 4. Min. area: 0.000151846. Error: 2.70444e-11.
Computing volumes of the grid elements.
Min. volume: 0.000151846, max. volume: 36.535.

# FGMRES residual history
# Residual tolerance target = 1e-10
# Initial residual norm     = 6.91137e-10
     0     1
# FGMRES final (true) residual:
# Iteration = 4: |res|/|res0| = 2.7044e-11.

Computing volumes of the grid elements.
Non-linear iter.: 23/500. Linear iter.: 4. Min. area: 0.000151846. Error: 2.7044e-11.
Computing volumes of the grid elements.
Min. volume: 0.000151846, max. volume: 36.535.

# FGMRES residual history
# Residual tolerance target = 1e-10
# Initial residual norm     = 6.91144e-10
     0     1
# FGMRES final (true) residual:
# Iteration = 4: |res|/|res0| = 2.70437e-11.

Computing volumes of the grid elements.
Non-linear iter.: 24/500. Linear iter.: 4. Min. area: 0.000151846. Error: 2.70437e-11.
Computing volumes of the grid elements.
Min. volume: 0.000151846, max. volume: 36.535.

# FGMRES residual history
# Residual tolerance target = 1e-10
# Initial residual norm     = 6.91151e-10
     0     1
# FGMRES final (true) residual:
# Iteration = 4: |res|/|res0| = 2.70434e-11.

Computing volumes of the grid elements.
Non-linear iter.: 25/500. Linear iter.: 4. Min. area: 0.000151846. Error: 2.70434e-11.
Computing volumes of the grid elements.
Min. volume: 0.000151846, max. volume: 36.535.

# FGMRES residual history
# Residual tolerance target = 1e-10
# Initial residual norm     = 6.91158e-10
     0     1
# FGMRES final (true) residual:
# Iteration = 4: |res|/|res0| = 2.70431e-11.

Computing volumes of the grid elements.
Non-linear iter.: 26/500. Linear iter.: 4. Min. area: 0.000151846. Error: 2.70431e-11.
Computing volumes of the grid elements.
Min. volume: 0.000151846, max. volume: 36.535.

# FGMRES residual history
# Residual tolerance target = 1e-10
# Initial residual norm     = 6.91165e-10
     0     1
# FGMRES final (true) residual:
# Iteration = 4: |res|/|res0| = 2.70427e-11.

Computing volumes of the grid elements.
Non-linear iter.: 27/500. Linear iter.: 4. Min. area: 0.000151846. Error: 2.70427e-11.
Computing volumes of the grid elements.
Min. volume: 0.000151846, max. volume: 36.535.

# FGMRES residual history
# Residual tolerance target = 1e-10
# Initial residual norm     = 6.91172e-10
     0     1
# FGMRES final (true) residual:
# Iteration = 4: |res|/|res0| = 2.70424e-11.

Computing volumes of the grid elements.
Non-linear iter.: 28/500. Linear iter.: 4. Min. area: 0.000151846. Error: 2.70424e-11.
Computing volumes of the grid elements.
Min. volume: 0.000151846, max. volume: 36.535.

# FGMRES residual history
# Residual tolerance target = 1e-10
# Initial residual norm     = 6.91179e-10
     0     1
# FGMRES final (true) residual:
# Iteration = 4: |res|/|res0| = 2.70421e-11.

Computing volumes of the grid elements.
Non-linear iter.: 29/500. Linear iter.: 4. Min. area: 0.000151846. Error: 2.70421e-11.
Computing volumes of the grid elements.
Min. volume: 0.000151846, max. volume: 36.535.

# FGMRES residual history
# Residual tolerance target = 1e-10
# Initial residual norm     = 6.91187e-10
     0     1
# FGMRES final (true) residual:
# Iteration = 4: |res|/|res0| = 2.70417e-11.

Computing volumes of the grid elements.
Non-linear iter.: 30/500. Linear iter.: 4. Min. area: 0.000151846. Error: 2.70417e-11.
Computing volumes of the grid elements.
Min. volume: 0.000151846, max. volume: 36.535.

# FGMRES residual history
# Residual tolerance target = 1e-10
# Initial residual norm     = 6.91194e-10
     0     1
# FGMRES final (true) residual:
# Iteration = 4: |res|/|res0| = 2.70414e-11.

Computing volumes of the grid elements.
Non-linear iter.: 31/500. Linear iter.: 4. Min. area: 0.000151846. Error: 2.70414e-11.
Computing volumes of the grid elements.
Min. volume: 0.000151846, max. volume: 36.535.

# FGMRES residual history
# Residual tolerance target = 1e-10
# Initial residual norm     = 6.91201e-10
     0     1
# FGMRES final (true) residual:
# Iteration = 4: |res|/|res0| = 2.70411e-11.

Computing volumes of the grid elements.
Non-linear iter.: 32/500. Linear iter.: 4. Min. area: 0.000151846. Error: 2.70411e-11.
Computing volumes of the grid elements.
Min. volume: 0.000151846, max. volume: 36.535.

# FGMRES residual history
# Residual tolerance target = 1e-10
# Initial residual norm     = 6.91208e-10
     0     1
# FGMRES final (true) residual:
# Iteration = 4: |res|/|res0| = 2.70407e-11.

Computing volumes of the grid elements.
Non-linear iter.: 33/500. Linear iter.: 4. Min. area: 0.000151846. Error: 2.70407e-11.
Computing volumes of the grid elements.
Min. volume: 0.000151846, max. volume: 36.535.

# FGMRES residual history
# Residual tolerance target = 1e-10
# Initial residual norm     = 6.91215e-10
     0     1
# FGMRES final (true) residual:
# Iteration = 4: |res|/|res0| = 2.70404e-11.

Computing volumes of the grid elements.
Non-linear iter.: 34/500. Linear iter.: 4. Min. area: 0.000151846. Error: 2.70404e-11.
Computing volumes of the grid elements.
Min. volume: 0.000151846, max. volume: 36.535.

# FGMRES residual history
# Residual tolerance target = 1e-10
# Initial residual norm     = 6.91222e-10
     0     1
# FGMRES final (true) residual:
# Iteration = 4: |res|/|res0| = 2.70401e-11.

Computing volumes of the grid elements.
Non-linear iter.: 35/500. Linear iter.: 4. Min. area: 0.000151846. Error: 2.70401e-11.
Computing volumes of the grid elements.
Min. volume: 0.000151846, max. volume: 36.535.

# FGMRES residual history
# Residual tolerance target = 1e-10
# Initial residual norm     = 6.91229e-10
     0     1
# FGMRES final (true) residual:
# Iteration = 4: |res|/|res0| = 2.70397e-11.

Computing volumes of the grid elements.
Non-linear iter.: 36/500. Linear iter.: 4. Min. area: 0.000151846. Error: 2.70397e-11.
Computing volumes of the grid elements.
Min. volume: 0.000151846, max. volume: 36.535.

# FGMRES residual history
# Residual tolerance target = 1e-10
# Initial residual norm     = 6.91236e-10
     0     1
# FGMRES final (true) residual:
# Iteration = 4: |res|/|res0| = 2.70394e-11.

Computing volumes of the grid elements.
Non-linear iter.: 37/500. Linear iter.: 4. Min. area: 0.000151846. Error: 2.70394e-11.
Computing volumes of the grid elements.
Min. volume: 0.000151846, max. volume: 36.535.

# FGMRES residual history
# Residual tolerance target = 1e-10
# Initial residual norm     = 6.91244e-10
     0     1
# FGMRES final (true) residual:
# Iteration = 4: |res|/|res0| = 2.70391e-11.

Computing volumes of the grid elements.
Non-linear iter.: 38/500. Linear iter.: 4. Min. area: 0.000151846. Error: 2.70391e-11.
Computing volumes of the grid elements.
Min. volume: 0.000151846, max. volume: 36.535.

# FGMRES residual history
# Residual tolerance target = 1e-10
# Initial residual norm     = 6.91251e-10
     0     1
# FGMRES final (true) residual:
# Iteration = 4: |res|/|res0| = 2.70387e-11.

Computing volumes of the grid elements.
Non-linear iter.: 39/500. Linear iter.: 4. Min. area: 0.000151846. Error: 2.70387e-11.
Computing volumes of the grid elements.
Min. volume: 0.000151846, max. volume: 36.535.

# FGMRES residual history
# Residual tolerance target = 1e-10
# Initial residual norm     = 6.91258e-10
     0     1
# FGMRES final (true) residual:
# Iteration = 4: |res|/|res0| = 2.70384e-11.

Computing volumes of the grid elements.
Non-linear iter.: 40/500. Linear iter.: 4. Min. area: 0.000151846. Error: 2.70384e-11.
Computing volumes of the grid elements.
Min. volume: 0.000151846, max. volume: 36.535.

# FGMRES residual history
# Residual tolerance target = 1e-10
# Initial residual norm     = 6.91265e-10
     0     1
# FGMRES final (true) residual:
# Iteration = 4: |res|/|res0| = 2.70381e-11.

Computing volumes of the grid elements.
Non-linear iter.: 41/500. Linear iter.: 4. Min. area: 0.000151846. Error: 2.70381e-11.
Computing volumes of the grid elements.
Min. volume: 0.000151846, max. volume: 36.535.

# FGMRES residual history
# Residual tolerance target = 1e-10
# Initial residual norm     = 6.91272e-10
     0     1
# FGMRES final (true) residual:
# Iteration = 4: |res|/|res0| = 2.70378e-11.

Computing volumes of the grid elements.
Non-linear iter.: 42/500. Linear iter.: 4. Min. area: 0.000151846. Error: 2.70378e-11.
Computing volumes of the grid elements.
Min. volume: 0.000151846, max. volume: 36.535.

# FGMRES residual history
# Residual tolerance target = 1e-10
# Initial residual norm     = 6.91279e-10
     0     1
# FGMRES final (true) residual:
# Iteration = 4: |res|/|res0| = 2.70374e-11.

Computing volumes of the grid elements.
Non-linear iter.: 43/500. Linear iter.: 4. Min. area: 0.000151846. Error: 2.70374e-11.
Computing volumes of the grid elements.
Min. volume: 0.000151846, max. volume: 36.535.

# FGMRES residual history
# Residual tolerance target = 1e-10
# Initial residual norm     = 6.91286e-10
     0     1
# FGMRES final (true) residual:
# Iteration = 4: |res|/|res0| = 2.70371e-11.

Computing volumes of the grid elements.
Non-linear iter.: 44/500. Linear iter.: 4. Min. area: 0.000151846. Error: 2.70371e-11.
Computing volumes of the grid elements.
Min. volume: 0.000151846, max. volume: 36.535.

# FGMRES residual history
# Residual tolerance target = 1e-10
# Initial residual norm     = 6.91293e-10
     0     1
# FGMRES final (true) residual:
# Iteration = 4: |res|/|res0| = 2.70368e-11.

Computing volumes of the grid elements.
Non-linear iter.: 45/500. Linear iter.: 4. Min. area: 0.000151846. Error: 2.70368e-11.
Computing volumes of the grid elements.
Min. volume: 0.000151846, max. volume: 36.535.

# FGMRES residual history
# Residual tolerance target = 1e-10
# Initial residual norm     = 6.91301e-10
     0     1
# FGMRES final (true) residual:
# Iteration = 4: |res|/|res0| = 2.70364e-11.

Computing volumes of the grid elements.
Non-linear iter.: 46/500. Linear iter.: 4. Min. area: 0.000151846. Error: 2.70364e-11.
Computing volumes of the grid elements.
Min. volume: 0.000151846, max. volume: 36.535.

# FGMRES residual history
# Residual tolerance target = 1e-10
# Initial residual norm     = 6.91308e-10
     0     1
# FGMRES final (true) residual:
# Iteration = 4: |res|/|res0| = 2.70361e-11.

Computing volumes of the grid elements.
Non-linear iter.: 47/500. Linear iter.: 4. Min. area: 0.000151846. Error: 2.70361e-11.
Computing volumes of the grid elements.
Min. volume: 0.000151846, max. volume: 36.535.

# FGMRES residual history
# Residual tolerance target = 1e-10
# Initial residual norm     = 6.91315e-10
     0     1
# FGMRES final (true) residual:
# Iteration = 4: |res|/|res0| = 2.70358e-11.

Computing volumes of the grid elements.
Non-linear iter.: 48/500. Linear iter.: 4. Min. area: 0.000151846. Error: 2.70358e-11.
Computing volumes of the grid elements.
Min. volume: 0.000151846, max. volume: 36.535.

# FGMRES residual history
# Residual tolerance target = 1e-10
# Initial residual norm     = 6.91322e-10
     0     1
# FGMRES final (true) residual:
# Iteration = 4: |res|/|res0| = 2.70354e-11.

Computing volumes of the grid elements.
Non-linear iter.: 49/500. Linear iter.: 4. Min. area: 0.000151846. Error: 2.70354e-11.
Computing volumes of the grid elements.
Min. volume: 0.000151846, max. volume: 36.535.

# FGMRES residual history
# Residual tolerance target = 1e-10
# Initial residual norm     = 6.91329e-10
     0     1
# FGMRES final (true) residual:
# Iteration = 4: |res|/|res0| = 2.70351e-11.

Computing volumes of the grid elements.
Non-linear iter.: 50/500. Linear iter.: 4. Min. area: 0.000151846. Error: 2.70351e-11.
Computing volumes of the grid elements.
Min. volume: 0.000151846, max. volume: 36.535.

# FGMRES residual history
# Residual tolerance target = 1e-10
# Initial residual norm     = 6.91336e-10
     0     1
# FGMRES final (true) residual:
# Iteration = 4: |res|/|res0| = 2.70348e-11.

Computing volumes of the grid elements.
Non-linear iter.: 51/500. Linear iter.: 4. Min. area: 0.000151846. Error: 2.70348e-11.
Computing volumes of the grid elements.
Min. volume: 0.000151846, max. volume: 36.535.

# FGMRES residual history
# Residual tolerance target = 1e-10
# Initial residual norm     = 6.91343e-10
     0     1
# FGMRES final (true) residual:
# Iteration = 4: |res|/|res0| = 2.70344e-11.

Computing volumes of the grid elements.
Non-linear iter.: 52/500. Linear iter.: 4. Min. area: 0.000151846. Error: 2.70344e-11.
Computing volumes of the grid elements.
Min. volume: 0.000151846, max. volume: 36.535.

# FGMRES residual history
# Residual tolerance target = 1e-10
# Initial residual norm     = 6.91351e-10
     0     1
# FGMRES final (true) residual:
# Iteration = 4: |res|/|res0| = 2.70341e-11.

Computing volumes of the grid elements.
Non-linear iter.: 53/500. Linear iter.: 4. Min. area: 0.000151846. Error: 2.70341e-11.
Computing volumes of the grid elements.
Min. volume: 0.000151846, max. volume: 36.535.

# FGMRES residual history
# Residual tolerance target = 1e-10
# Initial residual norm     = 6.91358e-10
     0     1
# FGMRES final (true) residual:
# Iteration = 4: |res|/|res0| = 2.70338e-11.

Computing volumes of the grid elements.
Non-linear iter.: 54/500. Linear iter.: 4. Min. area: 0.000151846. Error: 2.70338e-11.
Computing volumes of the grid elements.
Min. volume: 0.000151846, max. volume: 36.535.

# FGMRES residual history
# Residual tolerance target = 1e-10
# Initial residual norm     = 6.91365e-10
     0     1
# FGMRES final (true) residual:
# Iteration = 4: |res|/|res0| = 2.70335e-11.

Computing volumes of the grid elements.
Non-linear iter.: 55/500. Linear iter.: 4. Min. area: 0.000151846. Error: 2.70335e-11.
Computing volumes of the grid elements.
Min. volume: 0.000151846, max. volume: 36.535.

# FGMRES residual history
# Residual tolerance target = 1e-10
# Initial residual norm     = 6.91372e-10
     0     1
# FGMRES final (true) residual:
# Iteration = 4: |res|/|res0| = 2.70331e-11.

Computing volumes of the grid elements.
Non-linear iter.: 56/500. Linear iter.: 4. Min. area: 0.000151846. Error: 2.70331e-11.
Computing volumes of the grid elements.
Min. volume: 0.000151846, max. volume: 36.535.

# FGMRES residual history
# Residual tolerance target = 1e-10
# Initial residual norm     = 6.91379e-10
     0     1
# FGMRES final (true) residual:
# Iteration = 4: |res|/|res0| = 2.70328e-11.

Computing volumes of the grid elements.
Non-linear iter.: 57/500. Linear iter.: 4. Min. area: 0.000151846. Error: 2.70328e-11.
Computing volumes of the grid elements.
Min. volume: 0.000151846, max. volume: 36.535.

# FGMRES residual history
# Residual tolerance target = 1e-10
# Initial residual norm     = 6.91386e-10
     0     1
# FGMRES final (true) residual:
# Iteration = 4: |res|/|res0| = 2.70325e-11.

Computing volumes of the grid elements.
Non-linear iter.: 58/500. Linear iter.: 4. Min. area: 0.000151846. Error: 2.70325e-11.
Computing volumes of the grid elements.
Min. volume: 0.000151846, max. volume: 36.535.

# FGMRES residual history
# Residual tolerance target = 1e-10
# Initial residual norm     = 6.91393e-10
     0     1
# FGMRES final (true) residual:
# Iteration = 4: |res|/|res0| = 2.70321e-11.

Computing volumes of the grid elements.
Non-linear iter.: 59/500. Linear iter.: 4. Min. area: 0.000151846. Error: 2.70321e-11.
Computing volumes of the grid elements.
Min. volume: 0.000151846, max. volume: 36.535.

# FGMRES residual history
# Residual tolerance target = 1e-10
# Initial residual norm     = 6.914e-10
     0     1
# FGMRES final (true) residual:
# Iteration = 4: |res|/|res0| = 2.70318e-11.

Computing volumes of the grid elements.
Non-linear iter.: 60/500. Linear iter.: 4. Min. area: 0.000151846. Error: 2.70318e-11.
Computing volumes of the grid elements.
Min. volume: 0.000151846, max. volume: 36.535.

# FGMRES residual history
# Residual tolerance target = 1e-10
# Initial residual norm     = 6.91408e-10
     0     1
# FGMRES final (true) residual:
# Iteration = 4: |res|/|res0| = 2.70315e-11.

Computing volumes of the grid elements.
Non-linear iter.: 61/500. Linear iter.: 4. Min. area: 0.000151846. Error: 2.70315e-11.
Computing volumes of the grid elements.
Min. volume: 0.000151846, max. volume: 36.535.

# FGMRES residual history
# Residual tolerance target = 1e-10
# Initial residual norm     = 6.91415e-10
     0     1
# FGMRES final (true) residual:
# Iteration = 4: |res|/|res0| = 2.70311e-11.

Computing volumes of the grid elements.
Non-linear iter.: 62/500. Linear iter.: 4. Min. area: 0.000151846. Error: 2.70311e-11.
Computing volumes of the grid elements.
Min. volume: 0.000151846, max. volume: 36.535.

# FGMRES residual history
# Residual tolerance target = 1e-10
# Initial residual norm     = 6.91422e-10
     0     1
# FGMRES final (true) residual:
# Iteration = 4: |res|/|res0| = 2.70308e-11.

Computing volumes of the grid elements.
Non-linear iter.: 63/500. Linear iter.: 4. Min. area: 0.000151846. Error: 2.70308e-11.
Computing volumes of the grid elements.
Min. volume: 0.000151846, max. volume: 36.535.

# FGMRES residual history
# Residual tolerance target = 1e-10
# Initial residual norm     = 6.91429e-10
     0     1
# FGMRES final (true) residual:
# Iteration = 4: |res|/|res0| = 2.70305e-11.

Computing volumes of the grid elements.
Non-linear iter.: 64/500. Linear iter.: 4. Min. area: 0.000151846. Error: 2.70305e-11.
Computing volumes of the grid elements.
Min. volume: 0.000151846, max. volume: 36.535.

# FGMRES residual history
# Residual tolerance target = 1e-10
# Initial residual norm     = 6.91436e-10
     0     1
# FGMRES final (true) residual:
# Iteration = 4: |res|/|res0| = 2.70301e-11.

Computing volumes of the grid elements.
Non-linear iter.: 65/500. Linear iter.: 4. Min. area: 0.000151846. Error: 2.70301e-11.
Computing volumes of the grid elements.
Min. volume: 0.000151846, max. volume: 36.535.

# FGMRES residual history
# Residual tolerance target = 1e-10
# Initial residual norm     = 6.91443e-10
     0     1
# FGMRES final (true) residual:
# Iteration = 4: |res|/|res0| = 2.70298e-11.

Computing volumes of the grid elements.
Non-linear iter.: 66/500. Linear iter.: 4. Min. area: 0.000151846. Error: 2.70298e-11.
Computing volumes of the grid elements.
Min. volume: 0.000151846, max. volume: 36.535.

# FGMRES residual history
# Residual tolerance target = 1e-10
# Initial residual norm     = 6.9145e-10
     0     1
# FGMRES final (true) residual:
# Iteration = 4: |res|/|res0| = 2.70295e-11.

Computing volumes of the grid elements.
Non-linear iter.: 67/500. Linear iter.: 4. Min. area: 0.000151846. Error: 2.70295e-11.
Computing volumes of the grid elements.
Min. volume: 0.000151846, max. volume: 36.535.

# FGMRES residual history
# Residual tolerance target = 1e-10
# Initial residual norm     = 6.91457e-10
     0     1
# FGMRES final (true) residual:
# Iteration = 4: |res|/|res0| = 2.70292e-11.

Computing volumes of the grid elements.
Non-linear iter.: 68/500. Linear iter.: 4. Min. area: 0.000151846. Error: 2.70292e-11.
Computing volumes of the grid elements.
Min. volume: 0.000151846, max. volume: 36.535.

# FGMRES residual history
# Residual tolerance target = 1e-10
# Initial residual norm     = 6.91465e-10
     0     1
# FGMRES final (true) residual:
# Iteration = 4: |res|/|res0| = 2.70288e-11.

Computing volumes of the grid elements.
Non-linear iter.: 69/500. Linear iter.: 4. Min. area: 0.000151846. Error: 2.70288e-11.
Computing volumes of the grid elements.
Min. volume: 0.000151846, max. volume: 36.535.

# FGMRES residual history
# Residual tolerance target = 1e-10
# Initial residual norm     = 6.91472e-10
     0     1
# FGMRES final (true) residual:
# Iteration = 4: |res|/|res0| = 2.70285e-11.

Computing volumes of the grid elements.
Non-linear iter.: 70/500. Linear iter.: 4. Min. area: 0.000151846. Error: 2.70285e-11.
Computing volumes of the grid elements.
Min. volume: 0.000151846, max. volume: 36.535.

# FGMRES residual history
# Residual tolerance target = 1e-10
# Initial residual norm     = 6.91479e-10
     0     1
# FGMRES final (true) residual:
# Iteration = 4: |res|/|res0| = 2.70282e-11.

Computing volumes of the grid elements.
Non-linear iter.: 71/500. Linear iter.: 4. Min. area: 0.000151846. Error: 2.70282e-11.
Computing volumes of the grid elements.
Min. volume: 0.000151846, max. volume: 36.535.

# FGMRES residual history
# Residual tolerance target = 1e-10
# Initial residual norm     = 6.91486e-10
     0     1
# FGMRES final (true) residual:
# Iteration = 4: |res|/|res0| = 2.70278e-11.

Computing volumes of the grid elements.
Non-linear iter.: 72/500. Linear iter.: 4. Min. area: 0.000151846. Error: 2.70278e-11.
Computing volumes of the grid elements.
Min. volume: 0.000151846, max. volume: 36.535.

# FGMRES residual history
# Residual tolerance target = 1e-10
# Initial residual norm     = 6.91493e-10
     0     1
# FGMRES final (true) residual:
# Iteration = 4: |res|/|res0| = 2.70275e-11.

Computing volumes of the grid elements.
Non-linear iter.: 73/500. Linear iter.: 4. Min. area: 0.000151846. Error: 2.70275e-11.
Computing volumes of the grid elements.
Min. volume: 0.000151846, max. volume: 36.535.

# FGMRES residual history
# Residual tolerance target = 1e-10
# Initial residual norm     = 6.915e-10
     0     1
# FGMRES final (true) residual:
# Iteration = 4: |res|/|res0| = 2.70272e-11.

Computing volumes of the grid elements.
Non-linear iter.: 74/500. Linear iter.: 4. Min. area: 0.000151846. Error: 2.70272e-11.
Computing volumes of the grid elements.
Min. volume: 0.000151846, max. volume: 36.535.

# FGMRES residual history
# Residual tolerance target = 1e-10
# Initial residual norm     = 6.91507e-10
     0     1
# FGMRES final (true) residual:
# Iteration = 4: |res|/|res0| = 2.70268e-11.

Computing volumes of the grid elements.
Non-linear iter.: 75/500. Linear iter.: 4. Min. area: 0.000151846. Error: 2.70268e-11.
Computing volumes of the grid elements.
Min. volume: 0.000151846, max. volume: 36.535.

# FGMRES residual history
# Residual tolerance target = 1e-10
# Initial residual norm     = 6.91515e-10
     0     1
# FGMRES final (true) residual:
# Iteration = 4: |res|/|res0| = 2.70265e-11.

Computing volumes of the grid elements.
Non-linear iter.: 76/500. Linear iter.: 4. Min. area: 0.000151846. Error: 2.70265e-11.
Computing volumes of the grid elements.
Min. volume: 0.000151846, max. volume: 36.535.

# FGMRES residual history
# Residual tolerance target = 1e-10
# Initial residual norm     = 6.91522e-10
     0     1
# FGMRES final (true) residual:
# Iteration = 4: |res|/|res0| = 2.70262e-11.

Computing volumes of the grid elements.
Non-linear iter.: 77/500. Linear iter.: 4. Min. area: 0.000151846. Error: 2.70262e-11.
Computing volumes of the grid elements.
Min. volume: 0.000151846, max. volume: 36.535.

# FGMRES residual history
# Residual tolerance target = 1e-10
# Initial residual norm     = 6.91529e-10
     0     1
# FGMRES final (true) residual:
# Iteration = 4: |res|/|res0| = 2.70258e-11.

Computing volumes of the grid elements.
Non-linear iter.: 78/500. Linear iter.: 4. Min. area: 0.000151846. Error: 2.70258e-11.
Computing volumes of the grid elements.
Min. volume: 0.000151846, max. volume: 36.535.

# FGMRES residual history
# Residual tolerance target = 1e-10
# Initial residual norm     = 6.91536e-10
     0     1
# FGMRES final (true) residual:
# Iteration = 4: |res|/|res0| = 2.70255e-11.

Computing volumes of the grid elements.
Non-linear iter.: 79/500. Linear iter.: 4. Min. area: 0.000151846. Error: 2.70255e-11.
Computing volumes of the grid elements.
Min. volume: 0.000151846, max. volume: 36.535.

# FGMRES residual history
# Residual tolerance target = 1e-10
# Initial residual norm     = 6.91543e-10
     0     1
# FGMRES final (true) residual:
# Iteration = 4: |res|/|res0| = 2.70252e-11.

Computing volumes of the grid elements.
Non-linear iter.: 80/500. Linear iter.: 4. Min. area: 0.000151846. Error: 2.70252e-11.
Computing volumes of the grid elements.
Min. volume: 0.000151846, max. volume: 36.535.

# FGMRES residual history
# Residual tolerance target = 1e-10
# Initial residual norm     = 6.9155e-10
     0     1
# FGMRES final (true) residual:
# Iteration = 4: |res|/|res0| = 2.70248e-11.

Computing volumes of the grid elements.
Non-linear iter.: 81/500. Linear iter.: 4. Min. area: 0.000151846. Error: 2.70248e-11.
Computing volumes of the grid elements.
Min. volume: 0.000151846, max. volume: 36.535.

# FGMRES residual history
# Residual tolerance target = 1e-10
# Initial residual norm     = 6.91557e-10
     0     1
# FGMRES final (true) residual:
# Iteration = 4: |res|/|res0| = 2.70245e-11.

Computing volumes of the grid elements.
Non-linear iter.: 82/500. Linear iter.: 4. Min. area: 0.000151846. Error: 2.70245e-11.
Computing volumes of the grid elements.
Min. volume: 0.000151846, max. volume: 36.535.

# FGMRES residual history
# Residual tolerance target = 1e-10
# Initial residual norm     = 6.91565e-10
     0     1
# FGMRES final (true) residual:
# Iteration = 4: |res|/|res0| = 2.70242e-11.

Computing volumes of the grid elements.
Non-linear iter.: 83/500. Linear iter.: 4. Min. area: 0.000151846. Error: 2.70242e-11.
Computing volumes of the grid elements.
Min. volume: 0.000151846, max. volume: 36.535.

# FGMRES residual history
# Residual tolerance target = 1e-10
# Initial residual norm     = 6.91572e-10
     0     1
# FGMRES final (true) residual:
# Iteration = 4: |res|/|res0| = 2.70239e-11.

Computing volumes of the grid elements.
Non-linear iter.: 84/500. Linear iter.: 4. Min. area: 0.000151846. Error: 2.70239e-11.
Computing volumes of the grid elements.
Min. volume: 0.000151846, max. volume: 36.535.

# FGMRES residual history
# Residual tolerance target = 1e-10
# Initial residual norm     = 6.91579e-10
     0     1
# FGMRES final (true) residual:
# Iteration = 4: |res|/|res0| = 2.70235e-11.

Computing volumes of the grid elements.
Non-linear iter.: 85/500. Linear iter.: 4. Min. area: 0.000151846. Error: 2.70235e-11.
Computing volumes of the grid elements.
Min. volume: 0.000151846, max. volume: 36.535.

# FGMRES residual history
# Residual tolerance target = 1e-10
# Initial residual norm     = 6.91586e-10
     0     1
# FGMRES final (true) residual:
# Iteration = 4: |res|/|res0| = 2.70232e-11.

Computing volumes of the grid elements.
Non-linear iter.: 86/500. Linear iter.: 4. Min. area: 0.000151846. Error: 2.70232e-11.
Computing volumes of the grid elements.
Min. volume: 0.000151846, max. volume: 36.535.

# FGMRES residual history
# Residual tolerance target = 1e-10
# Initial residual norm     = 6.91593e-10
     0     1
# FGMRES final (true) residual:
# Iteration = 4: |res|/|res0| = 2.70229e-11.

Computing volumes of the grid elements.
Non-linear iter.: 87/500. Linear iter.: 4. Min. area: 0.000151846. Error: 2.70229e-11.
Computing volumes of the grid elements.
Min. volume: 0.000151846, max. volume: 36.535.

# FGMRES residual history
# Residual tolerance target = 1e-10
# Initial residual norm     = 6.916e-10
     0     1
# FGMRES final (true) residual:
# Iteration = 4: |res|/|res0| = 2.70225e-11.

Computing volumes of the grid elements.
Non-linear iter.: 88/500. Linear iter.: 4. Min. area: 0.000151846. Error: 2.70225e-11.
Computing volumes of the grid elements.
Min. volume: 0.000151846, max. volume: 36.535.

# FGMRES residual history
# Residual tolerance target = 1e-10
# Initial residual norm     = 6.91607e-10
     0     1
# FGMRES final (true) residual:
# Iteration = 4: |res|/|res0| = 2.70222e-11.

Computing volumes of the grid elements.
Non-linear iter.: 89/500. Linear iter.: 4. Min. area: 0.000151846. Error: 2.70222e-11.
Computing volumes of the grid elements.
Min. volume: 0.000151846, max. volume: 36.535.

# FGMRES residual history
# Residual tolerance target = 1e-10
# Initial residual norm     = 6.91614e-10
     0     1
# FGMRES final (true) residual:
# Iteration = 4: |res|/|res0| = 2.70219e-11.

Computing volumes of the grid elements.
Non-linear iter.: 90/500. Linear iter.: 4. Min. area: 0.000151846. Error: 2.70219e-11.
Computing volumes of the grid elements.
Min. volume: 0.000151846, max. volume: 36.535.

# FGMRES residual history
# Residual tolerance target = 1e-10
# Initial residual norm     = 6.91622e-10
     0     1
# FGMRES final (true) residual:
# Iteration = 4: |res|/|res0| = 2.70215e-11.

Computing volumes of the grid elements.
Non-linear iter.: 91/500. Linear iter.: 4. Min. area: 0.000151846. Error: 2.70215e-11.
Computing volumes of the grid elements.
Min. volume: 0.000151846, max. volume: 36.535.

# FGMRES residual history
# Residual tolerance target = 1e-10
# Initial residual norm     = 6.91629e-10
     0     1
# FGMRES final (true) residual:
# Iteration = 4: |res|/|res0| = 2.70212e-11.

Computing volumes of the grid elements.
Non-linear iter.: 92/500. Linear iter.: 4. Min. area: 0.000151846. Error: 2.70212e-11.
Computing volumes of the grid elements.
Min. volume: 0.000151846, max. volume: 36.535.

# FGMRES residual history
# Residual tolerance target = 1e-10
# Initial residual norm     = 6.91636e-10
     0     1
# FGMRES final (true) residual:
# Iteration = 4: |res|/|res0| = 2.70209e-11.

Computing volumes of the grid elements.
Non-linear iter.: 93/500. Linear iter.: 4. Min. area: 0.000151846. Error: 2.70209e-11.
Computing volumes of the grid elements.
Min. volume: 0.000151846, max. volume: 36.535.

# FGMRES residual history
# Residual tolerance target = 1e-10
# Initial residual norm     = 6.91643e-10
     0     1
# FGMRES final (true) residual:
# Iteration = 4: |res|/|res0| = 2.70205e-11.

Computing volumes of the grid elements.
Non-linear iter.: 94/500. Linear iter.: 4. Min. area: 0.000151846. Error: 2.70205e-11.
Computing volumes of the grid elements.
Min. volume: 0.000151846, max. volume: 36.535.

# FGMRES residual history
# Residual tolerance target = 1e-10
# Initial residual norm     = 6.9165e-10
     0     1
# FGMRES final (true) residual:
# Iteration = 4: |res|/|res0| = 2.70202e-11.

Computing volumes of the grid elements.
Non-linear iter.: 95/500. Linear iter.: 4. Min. area: 0.000151846. Error: 2.70202e-11.
Computing volumes of the grid elements.
Min. volume: 0.000151846, max. volume: 36.535.

# FGMRES residual history
# Residual tolerance target = 1e-10
# Initial residual norm     = 6.91657e-10
     0     1
# FGMRES final (true) residual:
# Iteration = 4: |res|/|res0| = 2.70199e-11.

Computing volumes of the grid elements.
Non-linear iter.: 96/500. Linear iter.: 4. Min. area: 0.000151846. Error: 2.70199e-11.
Computing volumes of the grid elements.
Min. volume: 0.000151846, max. volume: 36.535.

# FGMRES residual history
# Residual tolerance target = 1e-10
# Initial residual norm     = 6.91664e-10
     0     1
# FGMRES final (true) residual:
# Iteration = 4: |res|/|res0| = 2.70196e-11.

Computing volumes of the grid elements.
Non-linear iter.: 97/500. Linear iter.: 4. Min. area: 0.000151846. Error: 2.70196e-11.
Computing volumes of the grid elements.
Min. volume: 0.000151846, max. volume: 36.535.

# FGMRES residual history
# Residual tolerance target = 1e-10
# Initial residual norm     = 6.91672e-10
     0     1
# FGMRES final (true) residual:
# Iteration = 4: |res|/|res0| = 2.70192e-11.

Computing volumes of the grid elements.
Non-linear iter.: 98/500. Linear iter.: 4. Min. area: 0.000151846. Error: 2.70192e-11.
Computing volumes of the grid elements.
Min. volume: 0.000151846, max. volume: 36.535.

# FGMRES residual history
# Residual tolerance target = 1e-10
# Initial residual norm     = 6.91679e-10
     0     1
# FGMRES final (true) residual:
# Iteration = 4: |res|/|res0| = 2.70189e-11.

Computing volumes of the grid elements.
Non-linear iter.: 99/500. Linear iter.: 4. Min. area: 0.000151846. Error: 2.70189e-11.
Computing volumes of the grid elements.
Min. volume: 0.000151846, max. volume: 36.535.

# FGMRES residual history
# Residual tolerance target = 1e-10
# Initial residual norm     = 6.91686e-10
     0     1
# FGMRES final (true) residual:
# Iteration = 4: |res|/|res0| = 2.70186e-11.

Computing volumes of the grid elements.
Non-linear iter.: 100/500. Linear iter.: 4. Min. area: 0.000151846. Error: 2.70186e-11.
Computing volumes of the grid elements.
Min. volume: 0.000151846, max. volume: 36.535.

# FGMRES residual history
# Residual tolerance target = 1e-10
# Initial residual norm     = 6.91693e-10
     0     1
# FGMRES final (true) residual:
# Iteration = 4: |res|/|res0| = 2.70182e-11.

Computing volumes of the grid elements.
Non-linear iter.: 101/500. Linear iter.: 4. Min. area: 0.000151846. Error: 2.70182e-11.
Computing volumes of the grid elements.
Min. volume: 0.000151846, max. volume: 36.535.

# FGMRES residual history
# Residual tolerance target = 1e-10
# Initial residual norm     = 6.917e-10
     0     1
# FGMRES final (true) residual:
# Iteration = 4: |res|/|res0| = 2.70179e-11.

Computing volumes of the grid elements.
Non-linear iter.: 102/500. Linear iter.: 4. Min. area: 0.000151846. Error: 2.70179e-11.
Computing volumes of the grid elements.
Min. volume: 0.000151846, max. volume: 36.535.

# FGMRES residual history
# Residual tolerance target = 1e-10
# Initial residual norm     = 6.91707e-10
     0     1
# FGMRES final (true) residual:
# Iteration = 4: |res|/|res0| = 2.70176e-11.

Computing volumes of the grid elements.
Non-linear iter.: 103/500. Linear iter.: 4. Min. area: 0.000151846. Error: 2.70176e-11.
Computing volumes of the grid elements.
Min. volume: 0.000151846, max. volume: 36.535.

# FGMRES residual history
# Residual tolerance target = 1e-10
# Initial residual norm     = 6.91714e-10
     0     1
# FGMRES final (true) residual:
# Iteration = 4: |res|/|res0| = 2.70172e-11.

Computing volumes of the grid elements.
Non-linear iter.: 104/500. Linear iter.: 4. Min. area: 0.000151846. Error: 2.70172e-11.
Computing volumes of the grid elements.
Min. volume: 0.000151846, max. volume: 36.535.

# FGMRES residual history
# Residual tolerance target = 1e-10
# Initial residual norm     = 6.91722e-10
     0     1
# FGMRES final (true) residual:
# Iteration = 4: |res|/|res0| = 2.70169e-11.

Computing volumes of the grid elements.
Non-linear iter.: 105/500. Linear iter.: 4. Min. area: 0.000151846. Error: 2.70169e-11.
Computing volumes of the grid elements.
Min. volume: 0.000151846, max. volume: 36.535.

# FGMRES residual history
# Residual tolerance target = 1e-10
# Initial residual norm     = 6.91729e-10
     0     1
# FGMRES final (true) residual:
# Iteration = 4: |res|/|res0| = 2.70166e-11.

Computing volumes of the grid elements.
Non-linear iter.: 106/500. Linear iter.: 4. Min. area: 0.000151846. Error: 2.70166e-11.
Computing volumes of the grid elements.
Min. volume: 0.000151846, max. volume: 36.535.

# FGMRES residual history
# Residual tolerance target = 1e-10
# Initial residual norm     = 6.91736e-10
     0     1
# FGMRES final (true) residual:
# Iteration = 4: |res|/|res0| = 2.70162e-11.

Computing volumes of the grid elements.
Non-linear iter.: 107/500. Linear iter.: 4. Min. area: 0.000151846. Error: 2.70162e-11.
Computing volumes of the grid elements.
Min. volume: 0.000151846, max. volume: 36.535.

# FGMRES residual history
# Residual tolerance target = 1e-10
# Initial residual norm     = 6.91743e-10
     0     1
# FGMRES final (true) residual:
# Iteration = 4: |res|/|res0| = 2.70159e-11.

Computing volumes of the grid elements.
Non-linear iter.: 108/500. Linear iter.: 4. Min. area: 0.000151846. Error: 2.70159e-11.
Computing volumes of the grid elements.
Min. volume: 0.000151846, max. volume: 36.535.

# FGMRES residual history
# Residual tolerance target = 1e-10
# Initial residual norm     = 6.9175e-10
     0     1
# FGMRES final (true) residual:
# Iteration = 4: |res|/|res0| = 2.70156e-11.

Computing volumes of the grid elements.
Non-linear iter.: 109/500. Linear iter.: 4. Min. area: 0.000151846. Error: 2.70156e-11.
Computing volumes of the grid elements.
Min. volume: 0.000151846, max. volume: 36.535.

# FGMRES residual history
# Residual tolerance target = 1e-10
# Initial residual norm     = 6.91757e-10
     0     1
# FGMRES final (true) residual:
# Iteration = 4: |res|/|res0| = 2.70152e-11.

Computing volumes of the grid elements.
Non-linear iter.: 110/500. Linear iter.: 4. Min. area: 0.000151846. Error: 2.70152e-11.
Computing volumes of the grid elements.
Min. volume: 0.000151846, max. volume: 36.535.

# FGMRES residual history
# Residual tolerance target = 1e-10
# Initial residual norm     = 6.91764e-10
     0     1
# FGMRES final (true) residual:
# Iteration = 4: |res|/|res0| = 2.70149e-11.

Computing volumes of the grid elements.
Non-linear iter.: 111/500. Linear iter.: 4. Min. area: 0.000151846. Error: 2.70149e-11.
Computing volumes of the grid elements.
Min. volume: 0.000151846, max. volume: 36.535.

# FGMRES residual history
# Residual tolerance target = 1e-10
# Initial residual norm     = 6.91772e-10
     0     1
# FGMRES final (true) residual:
# Iteration = 4: |res|/|res0| = 2.70146e-11.

Computing volumes of the grid elements.
Non-linear iter.: 112/500. Linear iter.: 4. Min. area: 0.000151846. Error: 2.70146e-11.
Computing volumes of the grid elements.
Min. volume: 0.000151846, max. volume: 36.535.

# FGMRES residual history
# Residual tolerance target = 1e-10
# Initial residual norm     = 6.91779e-10
     0     1
# FGMRES final (true) residual:
# Iteration = 4: |res|/|res0| = 2.70143e-11.

Computing volumes of the grid elements.
Non-linear iter.: 113/500. Linear iter.: 4. Min. area: 0.000151846. Error: 2.70143e-11.
Computing volumes of the grid elements.
Min. volume: 0.000151846, max. volume: 36.535.

# FGMRES residual history
# Residual tolerance target = 1e-10
# Initial residual norm     = 6.91786e-10
     0     1
# FGMRES final (true) residual:
# Iteration = 4: |res|/|res0| = 2.70139e-11.

Computing volumes of the grid elements.
Non-linear iter.: 114/500. Linear iter.: 4. Min. area: 0.000151846. Error: 2.70139e-11.
Computing volumes of the grid elements.
Min. volume: 0.000151846, max. volume: 36.535.

# FGMRES residual history
# Residual tolerance target = 1e-10
# Initial residual norm     = 6.91793e-10
     0     1
# FGMRES final (true) residual:
# Iteration = 4: |res|/|res0| = 2.70136e-11.

Computing volumes of the grid elements.
Non-linear iter.: 115/500. Linear iter.: 4. Min. area: 0.000151846. Error: 2.70136e-11.
Computing volumes of the grid elements.
Min. volume: 0.000151846, max. volume: 36.535.

# FGMRES residual history
# Residual tolerance target = 1e-10
# Initial residual norm     = 6.918e-10
     0     1
# FGMRES final (true) residual:
# Iteration = 4: |res|/|res0| = 2.70133e-11.

Computing volumes of the grid elements.
Non-linear iter.: 116/500. Linear iter.: 4. Min. area: 0.000151846. Error: 2.70133e-11.
Computing volumes of the grid elements.
Min. volume: 0.000151846, max. volume: 36.535.

# FGMRES residual history
# Residual tolerance target = 1e-10
# Initial residual norm     = 6.91807e-10
     0     1
# FGMRES final (true) residual:
# Iteration = 4: |res|/|res0| = 2.70129e-11.

Computing volumes of the grid elements.
Non-linear iter.: 117/500. Linear iter.: 4. Min. area: 0.000151846. Error: 2.70129e-11.
Computing volumes of the grid elements.
Min. volume: 0.000151846, max. volume: 36.535.

# FGMRES residual history
# Residual tolerance target = 1e-10
# Initial residual norm     = 6.91814e-10
     0     1
# FGMRES final (true) residual:
# Iteration = 4: |res|/|res0| = 2.70126e-11.

Computing volumes of the grid elements.
Non-linear iter.: 118/500. Linear iter.: 4. Min. area: 0.000151846. Error: 2.70126e-11.
Computing volumes of the grid elements.
Min. volume: 0.000151846, max. volume: 36.535.

# FGMRES residual history
# Residual tolerance target = 1e-10
# Initial residual norm     = 6.91822e-10
     0     1
# FGMRES final (true) residual:
# Iteration = 4: |res|/|res0| = 2.70123e-11.

Computing volumes of the grid elements.
Non-linear iter.: 119/500. Linear iter.: 4. Min. area: 0.000151846. Error: 2.70123e-11.
Computing volumes of the grid elements.
Min. volume: 0.000151846, max. volume: 36.535.

# FGMRES residual history
# Residual tolerance target = 1e-10
# Initial residual norm     = 6.91829e-10
     0     1
# FGMRES final (true) residual:
# Iteration = 4: |res|/|res0| = 2.70119e-11.

Computing volumes of the grid elements.
Non-linear iter.: 120/500. Linear iter.: 4. Min. area: 0.000151846. Error: 2.70119e-11.
Computing volumes of the grid elements.
Min. volume: 0.000151846, max. volume: 36.535.

# FGMRES residual history
# Residual tolerance target = 1e-10
# Initial residual norm     = 6.91836e-10
     0     1
# FGMRES final (true) residual:
# Iteration = 4: |res|/|res0| = 2.70116e-11.

Computing volumes of the grid elements.
Non-linear iter.: 121/500. Linear iter.: 4. Min. area: 0.000151846. Error: 2.70116e-11.
Computing volumes of the grid elements.
Min. volume: 0.000151846, max. volume: 36.535.

# FGMRES residual history
# Residual tolerance target = 1e-10
# Initial residual norm     = 6.91843e-10
     0     1
# FGMRES final (true) residual:
# Iteration = 4: |res|/|res0| = 2.70113e-11.

Computing volumes of the grid elements.
Non-linear iter.: 122/500. Linear iter.: 4. Min. area: 0.000151846. Error: 2.70113e-11.
Computing volumes of the grid elements.
Min. volume: 0.000151846, max. volume: 36.535.

# FGMRES residual history
# Residual tolerance target = 1e-10
# Initial residual norm     = 6.9185e-10
     0     1
# FGMRES final (true) residual:
# Iteration = 4: |res|/|res0| = 2.70109e-11.

Computing volumes of the grid elements.
Non-linear iter.: 123/500. Linear iter.: 4. Min. area: 0.000151846. Error: 2.70109e-11.
Computing volumes of the grid elements.
Min. volume: 0.000151846, max. volume: 36.535.

# FGMRES residual history
# Residual tolerance target = 1e-10
# Initial residual norm     = 6.91857e-10
     0     1
# FGMRES final (true) residual:
# Iteration = 4: |res|/|res0| = 2.70106e-11.

Computing volumes of the grid elements.
Non-linear iter.: 124/500. Linear iter.: 4. Min. area: 0.000151846. Error: 2.70106e-11.
Computing volumes of the grid elements.
Min. volume: 0.000151846, max. volume: 36.535.

# FGMRES residual history
# Residual tolerance target = 1e-10
# Initial residual norm     = 6.91864e-10
     0     1
# FGMRES final (true) residual:
# Iteration = 4: |res|/|res0| = 2.70103e-11.

Computing volumes of the grid elements.
Non-linear iter.: 125/500. Linear iter.: 4. Min. area: 0.000151846. Error: 2.70103e-11.
Computing volumes of the grid elements.
Min. volume: 0.000151846, max. volume: 36.535.

# FGMRES residual history
# Residual tolerance target = 1e-10
# Initial residual norm     = 6.91872e-10
     0     1
# FGMRES final (true) residual:
# Iteration = 4: |res|/|res0| = 2.70099e-11.

Computing volumes of the grid elements.
Non-linear iter.: 126/500. Linear iter.: 4. Min. area: 0.000151846. Error: 2.70099e-11.
Computing volumes of the grid elements.
Min. volume: 0.000151846, max. volume: 36.535.

# FGMRES residual history
# Residual tolerance target = 1e-10
# Initial residual norm     = 6.91879e-10
     0     1
# FGMRES final (true) residual:
# Iteration = 4: |res|/|res0| = 2.70096e-11.

Computing volumes of the grid elements.
Non-linear iter.: 127/500. Linear iter.: 4. Min. area: 0.000151846. Error: 2.70096e-11.
Computing volumes of the grid elements.
Min. volume: 0.000151846, max. volume: 36.535.

# FGMRES residual history
# Residual tolerance target = 1e-10
# Initial residual norm     = 6.91886e-10
     0     1
# FGMRES final (true) residual:
# Iteration = 4: |res|/|res0| = 2.70093e-11.

Computing volumes of the grid elements.
Non-linear iter.: 128/500. Linear iter.: 4. Min. area: 0.000151846. Error: 2.70093e-11.
Computing volumes of the grid elements.
Min. volume: 0.000151846, max. volume: 36.535.

# FGMRES residual history
# Residual tolerance target = 1e-10
# Initial residual norm     = 6.91893e-10
     0     1
# FGMRES final (true) residual:
# Iteration = 4: |res|/|res0| = 2.7009e-11.

Computing volumes of the grid elements.
Non-linear iter.: 129/500. Linear iter.: 4. Min. area: 0.000151846. Error: 2.7009e-11.
Computing volumes of the grid elements.
Min. volume: 0.000151846, max. volume: 36.535.

# FGMRES residual history
# Residual tolerance target = 1e-10
# Initial residual norm     = 6.919e-10
     0     1
# FGMRES final (true) residual:
# Iteration = 4: |res|/|res0| = 2.70086e-11.

Computing volumes of the grid elements.
Non-linear iter.: 130/500. Linear iter.: 4. Min. area: 0.000151846. Error: 2.70086e-11.
Computing volumes of the grid elements.
Min. volume: 0.000151846, max. volume: 36.535.

# FGMRES residual history
# Residual tolerance target = 1e-10
# Initial residual norm     = 6.91907e-10
     0     1
# FGMRES final (true) residual:
# Iteration = 4: |res|/|res0| = 2.70083e-11.

Computing volumes of the grid elements.
Non-linear iter.: 131/500. Linear iter.: 4. Min. area: 0.000151846. Error: 2.70083e-11.
Computing volumes of the grid elements.
Min. volume: 0.000151846, max. volume: 36.535.

# FGMRES residual history
# Residual tolerance target = 1e-10
# Initial residual norm     = 6.91914e-10
     0     1
# FGMRES final (true) residual:
# Iteration = 4: |res|/|res0| = 2.7008e-11.

Computing volumes of the grid elements.
Non-linear iter.: 132/500. Linear iter.: 4. Min. area: 0.000151846. Error: 2.7008e-11.
Computing volumes of the grid elements.
Min. volume: 0.000151846, max. volume: 36.535.

# FGMRES residual history
# Residual tolerance target = 1e-10
# Initial residual norm     = 6.91922e-10
     0     1
# FGMRES final (true) residual:
# Iteration = 4: |res|/|res0| = 2.70076e-11.

Computing volumes of the grid elements.
Non-linear iter.: 133/500. Linear iter.: 4. Min. area: 0.000151846. Error: 2.70076e-11.
Computing volumes of the grid elements.
Min. volume: 0.000151846, max. volume: 36.535.

# FGMRES residual history
# Residual tolerance target = 1e-10
# Initial residual norm     = 6.91929e-10
     0     1
# FGMRES final (true) residual:
# Iteration = 4: |res|/|res0| = 2.70073e-11.

Computing volumes of the grid elements.
Non-linear iter.: 134/500. Linear iter.: 4. Min. area: 0.000151846. Error: 2.70073e-11.
Computing volumes of the grid elements.
Min. volume: 0.000151846, max. volume: 36.535.

# FGMRES residual history
# Residual tolerance target = 1e-10
# Initial residual norm     = 6.91936e-10
     0     1
# FGMRES final (true) residual:
# Iteration = 4: |res|/|res0| = 2.7007e-11.

Computing volumes of the grid elements.
Non-linear iter.: 135/500. Linear iter.: 4. Min. area: 0.000151846. Error: 2.7007e-11.
Computing volumes of the grid elements.
Min. volume: 0.000151846, max. volume: 36.535.

# FGMRES residual history
# Residual tolerance target = 1e-10
# Initial residual norm     = 6.91943e-10
     0     1
# FGMRES final (true) residual:
# Iteration = 4: |res|/|res0| = 2.70066e-11.

Computing volumes of the grid elements.
Non-linear iter.: 136/500. Linear iter.: 4. Min. area: 0.000151846. Error: 2.70066e-11.
Computing volumes of the grid elements.
Min. volume: 0.000151846, max. volume: 36.535.

# FGMRES residual history
# Residual tolerance target = 1e-10
# Initial residual norm     = 6.9195e-10
     0     1
# FGMRES final (true) residual:
# Iteration = 4: |res|/|res0| = 2.70063e-11.

Computing volumes of the grid elements.
Non-linear iter.: 137/500. Linear iter.: 4. Min. area: 0.000151846. Error: 2.70063e-11.
Computing volumes of the grid elements.
Min. volume: 0.000151846, max. volume: 36.535.

# FGMRES residual history
# Residual tolerance target = 1e-10
# Initial residual norm     = 6.91957e-10
     0     1
# FGMRES final (true) residual:
# Iteration = 4: |res|/|res0| = 2.7006e-11.

Computing volumes of the grid elements.
Non-linear iter.: 138/500. Linear iter.: 4. Min. area: 0.000151846. Error: 2.7006e-11.
Computing volumes of the grid elements.
Min. volume: 0.000151846, max. volume: 36.535.

# FGMRES residual history
# Residual tolerance target = 1e-10
# Initial residual norm     = 6.91965e-10
     0     1
# FGMRES final (true) residual:
# Iteration = 4: |res|/|res0| = 2.70056e-11.

Computing volumes of the grid elements.
Non-linear iter.: 139/500. Linear iter.: 4. Min. area: 0.000151846. Error: 2.70056e-11.
Computing volumes of the grid elements.
Min. volume: 0.000151846, max. volume: 36.535.

# FGMRES residual history
# Residual tolerance target = 1e-10
# Initial residual norm     = 6.91972e-10
     0     1
# FGMRES final (true) residual:
# Iteration = 4: |res|/|res0| = 2.70053e-11.

Computing volumes of the grid elements.
Non-linear iter.: 140/500. Linear iter.: 4. Min. area: 0.000151846. Error: 2.70053e-11.
Computing volumes of the grid elements.
Min. volume: 0.000151846, max. volume: 36.535.

# FGMRES residual history
# Residual tolerance target = 1e-10
# Initial residual norm     = 6.91979e-10
     0     1
# FGMRES final (true) residual:
# Iteration = 4: |res|/|res0| = 2.7005e-11.

Computing volumes of the grid elements.
Non-linear iter.: 141/500. Linear iter.: 4. Min. area: 0.000151846. Error: 2.7005e-11.
Computing volumes of the grid elements.
Min. volume: 0.000151846, max. volume: 36.535.

# FGMRES residual history
# Residual tolerance target = 1e-10
# Initial residual norm     = 6.91986e-10
     0     1
# FGMRES final (true) residual:
# Iteration = 4: |res|/|res0| = 2.70046e-11.

Computing volumes of the grid elements.
Non-linear iter.: 142/500. Linear iter.: 4. Min. area: 0.000151846. Error: 2.70046e-11.
Computing volumes of the grid elements.
Min. volume: 0.000151846, max. volume: 36.535.

# FGMRES residual history
# Residual tolerance target = 1e-10
# Initial residual norm     = 6.91993e-10
     0     1
# FGMRES final (true) residual:
# Iteration = 4: |res|/|res0| = 2.70043e-11.

Computing volumes of the grid elements.
Non-linear iter.: 143/500. Linear iter.: 4. Min. area: 0.000151846. Error: 2.70043e-11.
Computing volumes of the grid elements.
Min. volume: 0.000151846, max. volume: 36.535.

# FGMRES residual history
# Residual tolerance target = 1e-10
# Initial residual norm     = 6.92e-10
     0     1
# FGMRES final (true) residual:
# Iteration = 4: |res|/|res0| = 2.7004e-11.

Computing volumes of the grid elements.
Non-linear iter.: 144/500. Linear iter.: 4. Min. area: 0.000151846. Error: 2.7004e-11.
Computing volumes of the grid elements.
Min. volume: 0.000151846, max. volume: 36.535.

# FGMRES residual history
# Residual tolerance target = 1e-10
# Initial residual norm     = 6.92007e-10
     0     1
# FGMRES final (true) residual:
# Iteration = 4: |res|/|res0| = 2.70037e-11.

Computing volumes of the grid elements.
Non-linear iter.: 145/500. Linear iter.: 4. Min. area: 0.000151846. Error: 2.70037e-11.
Computing volumes of the grid elements.
Min. volume: 0.000151846, max. volume: 36.535.

# FGMRES residual history
# Residual tolerance target = 1e-10
# Initial residual norm     = 6.92015e-10
     0     1
# FGMRES final (true) residual:
# Iteration = 4: |res|/|res0| = 2.70033e-11.

Computing volumes of the grid elements.
Non-linear iter.: 146/500. Linear iter.: 4. Min. area: 0.000151846. Error: 2.70033e-11.
Computing volumes of the grid elements.
Min. volume: 0.000151846, max. volume: 36.535.

# FGMRES residual history
# Residual tolerance target = 1e-10
# Initial residual norm     = 6.92022e-10
     0     1
# FGMRES final (true) residual:
# Iteration = 4: |res|/|res0| = 2.7003e-11.

Computing volumes of the grid elements.
Non-linear iter.: 147/500. Linear iter.: 4. Min. area: 0.000151846. Error: 2.7003e-11.
Computing volumes of the grid elements.
Min. volume: 0.000151846, max. volume: 36.535.

# FGMRES residual history
# Residual tolerance target = 1e-10
# Initial residual norm     = 6.92029e-10
     0     1
# FGMRES final (true) residual:
# Iteration = 4: |res|/|res0| = 2.70027e-11.

Computing volumes of the grid elements.
Non-linear iter.: 148/500. Linear iter.: 4. Min. area: 0.000151846. Error: 2.70027e-11.
Computing volumes of the grid elements.
Min. volume: 0.000151846, max. volume: 36.535.

# FGMRES residual history
# Residual tolerance target = 1e-10
# Initial residual norm     = 6.92036e-10
     0     1
# FGMRES final (true) residual:
# Iteration = 4: |res|/|res0| = 2.70023e-11.

Computing volumes of the grid elements.
Non-linear iter.: 149/500. Linear iter.: 4. Min. area: 0.000151846. Error: 2.70023e-11.
Computing volumes of the grid elements.
Min. volume: 0.000151846, max. volume: 36.535.

# FGMRES residual history
# Residual tolerance target = 1e-10
# Initial residual norm     = 6.92043e-10
     0     1
# FGMRES final (true) residual:
# Iteration = 4: |res|/|res0| = 2.7002e-11.

Computing volumes of the grid elements.
Non-linear iter.: 150/500. Linear iter.: 4. Min. area: 0.000151846. Error: 2.7002e-11.
Computing volumes of the grid elements.
Min. volume: 0.000151846, max. volume: 36.535.

# FGMRES residual history
# Residual tolerance target = 1e-10
# Initial residual norm     = 6.9205e-10
     0     1
# FGMRES final (true) residual:
# Iteration = 4: |res|/|res0| = 2.70017e-11.

Computing volumes of the grid elements.
Non-linear iter.: 151/500. Linear iter.: 4. Min. area: 0.000151846. Error: 2.70017e-11.
Computing volumes of the grid elements.
Min. volume: 0.000151846, max. volume: 36.535.

# FGMRES residual history
# Residual tolerance target = 1e-10
# Initial residual norm     = 6.92057e-10
     0     1
# FGMRES final (true) residual:
# Iteration = 4: |res|/|res0| = 2.70013e-11.

Computing volumes of the grid elements.
Non-linear iter.: 152/500. Linear iter.: 4. Min. area: 0.000151846. Error: 2.70013e-11.
Computing volumes of the grid elements.
Min. volume: 0.000151846, max. volume: 36.535.

# FGMRES residual history
# Residual tolerance target = 1e-10
# Initial residual norm     = 6.92065e-10
     0     1
# FGMRES final (true) residual:
# Iteration = 4: |res|/|res0| = 2.7001e-11.

Computing volumes of the grid elements.
Non-linear iter.: 153/500. Linear iter.: 4. Min. area: 0.000151846. Error: 2.7001e-11.
Computing volumes of the grid elements.
Min. volume: 0.000151846, max. volume: 36.535.

# FGMRES residual history
# Residual tolerance target = 1e-10
# Initial residual norm     = 6.92072e-10
     0     1
# FGMRES final (true) residual:
# Iteration = 4: |res|/|res0| = 2.70007e-11.

Computing volumes of the grid elements.
Non-linear iter.: 154/500. Linear iter.: 4. Min. area: 0.000151846. Error: 2.70007e-11.
Computing volumes of the grid elements.
Min. volume: 0.000151846, max. volume: 36.535.

# FGMRES residual history
# Residual tolerance target = 1e-10
# Initial residual norm     = 6.92079e-10
     0     1
# FGMRES final (true) residual:
# Iteration = 4: |res|/|res0| = 2.70003e-11.

Computing volumes of the grid elements.
Non-linear iter.: 155/500. Linear iter.: 4. Min. area: 0.000151846. Error: 2.70003e-11.
Computing volumes of the grid elements.
Min. volume: 0.000151846, max. volume: 36.535.

# FGMRES residual history
# Residual tolerance target = 1e-10
# Initial residual norm     = 6.92086e-10
     0     1
# FGMRES final (true) residual:
# Iteration = 4: |res|/|res0| = 2.7e-11.

Computing volumes of the grid elements.
Non-linear iter.: 156/500. Linear iter.: 4. Min. area: 0.000151846. Error: 2.7e-11.
Computing volumes of the grid elements.
Min. volume: 0.000151846, max. volume: 36.535.

# FGMRES residual history
# Residual tolerance target = 1e-10
# Initial residual norm     = 6.92093e-10
     0     1
# FGMRES final (true) residual:
# Iteration = 4: |res|/|res0| = 2.69997e-11.

Computing volumes of the grid elements.
Non-linear iter.: 157/500. Linear iter.: 4. Min. area: 0.000151846. Error: 2.69997e-11.
Computing volumes of the grid elements.
Min. volume: 0.000151846, max. volume: 36.535.

# FGMRES residual history
# Residual tolerance target = 1e-10
# Initial residual norm     = 6.921e-10
     0     1
# FGMRES final (true) residual:
# Iteration = 4: |res|/|res0| = 2.69993e-11.

Computing volumes of the grid elements.
Non-linear iter.: 158/500. Linear iter.: 4. Min. area: 0.000151846. Error: 2.69993e-11.
Computing volumes of the grid elements.
Min. volume: 0.000151846, max. volume: 36.535.

# FGMRES residual history
# Residual tolerance target = 1e-10
# Initial residual norm     = 6.92108e-10
     0     1
# FGMRES final (true) residual:
# Iteration = 4: |res|/|res0| = 2.6999e-11.

Computing volumes of the grid elements.
Non-linear iter.: 159/500. Linear iter.: 4. Min. area: 0.000151846. Error: 2.6999e-11.
Computing volumes of the grid elements.
Min. volume: 0.000151846, max. volume: 36.535.

# FGMRES residual history
# Residual tolerance target = 1e-10
# Initial residual norm     = 6.92115e-10
     0     1
# FGMRES final (true) residual:
# Iteration = 4: |res|/|res0| = 2.69987e-11.

Computing volumes of the grid elements.
Non-linear iter.: 160/500. Linear iter.: 4. Min. area: 0.000151846. Error: 2.69987e-11.
Computing volumes of the grid elements.
Min. volume: 0.000151846, max. volume: 36.535.

# FGMRES residual history
# Residual tolerance target = 1e-10
# Initial residual norm     = 6.92122e-10
     0     1
# FGMRES final (true) residual:
# Iteration = 4: |res|/|res0| = 2.69983e-11.

Computing volumes of the grid elements.
Non-linear iter.: 161/500. Linear iter.: 4. Min. area: 0.000151846. Error: 2.69983e-11.
Computing volumes of the grid elements.
Min. volume: 0.000151846, max. volume: 36.5349.

# FGMRES residual history
# Residual tolerance target = 1e-10
# Initial residual norm     = 6.92129e-10
     0     1
# FGMRES final (true) residual:
# Iteration = 4: |res|/|res0| = 2.6998e-11.

Computing volumes of the grid elements.
Non-linear iter.: 162/500. Linear iter.: 4. Min. area: 0.000151846. Error: 2.6998e-11.
Computing volumes of the grid elements.
Min. volume: 0.000151846, max. volume: 36.5349.

# FGMRES residual history
# Residual tolerance target = 1e-10
# Initial residual norm     = 6.92136e-10
     0     1
# FGMRES final (true) residual:
# Iteration = 4: |res|/|res0| = 2.69977e-11.

Computing volumes of the grid elements.
Non-linear iter.: 163/500. Linear iter.: 4. Min. area: 0.000151846. Error: 2.69977e-11.
Computing volumes of the grid elements.
Min. volume: 0.000151846, max. volume: 36.5349.

# FGMRES residual history
# Residual tolerance target = 1e-10
# Initial residual norm     = 6.92143e-10
     0     1
# FGMRES final (true) residual:
# Iteration = 4: |res|/|res0| = 2.69974e-11.

Computing volumes of the grid elements.
Non-linear iter.: 164/500. Linear iter.: 4. Min. area: 0.000151846. Error: 2.69974e-11.
Computing volumes of the grid elements.
Min. volume: 0.000151846, max. volume: 36.5349.

# FGMRES residual history
# Residual tolerance target = 1e-10
# Initial residual norm     = 6.9215e-10
     0     1
# FGMRES final (true) residual:
# Iteration = 4: |res|/|res0| = 2.6997e-11.

Computing volumes of the grid elements.
Non-linear iter.: 165/500. Linear iter.: 4. Min. area: 0.000151846. Error: 2.6997e-11.
Computing volumes of the grid elements.
Min. volume: 0.000151846, max. volume: 36.5349.

# FGMRES residual history
# Residual tolerance target = 1e-10
# Initial residual norm     = 6.92158e-10
     0     1
# FGMRES final (true) residual:
# Iteration = 4: |res|/|res0| = 2.69967e-11.

Computing volumes of the grid elements.
Non-linear iter.: 166/500. Linear iter.: 4. Min. area: 0.000151846. Error: 2.69967e-11.
Computing volumes of the grid elements.
Min. volume: 0.000151846, max. volume: 36.5349.

# FGMRES residual history
# Residual tolerance target = 1e-10
# Initial residual norm     = 6.92165e-10
     0     1
# FGMRES final (true) residual:
# Iteration = 4: |res|/|res0| = 2.69964e-11.

Computing volumes of the grid elements.
Non-linear iter.: 167/500. Linear iter.: 4. Min. area: 0.000151846. Error: 2.69964e-11.
Computing volumes of the grid elements.
Min. volume: 0.000151846, max. volume: 36.5349.

# FGMRES residual history
# Residual tolerance target = 1e-10
# Initial residual norm     = 6.92172e-10
     0     1
# FGMRES final (true) residual:
# Iteration = 4: |res|/|res0| = 2.6996e-11.

Computing volumes of the grid elements.
Non-linear iter.: 168/500. Linear iter.: 4. Min. area: 0.000151846. Error: 2.6996e-11.
Computing volumes of the grid elements.
Min. volume: 0.000151846, max. volume: 36.5349.

# FGMRES residual history
# Residual tolerance target = 1e-10
# Initial residual norm     = 6.92179e-10
     0     1
# FGMRES final (true) residual:
# Iteration = 4: |res|/|res0| = 2.69957e-11.

Computing volumes of the grid elements.
Non-linear iter.: 169/500. Linear iter.: 4. Min. area: 0.000151846. Error: 2.69957e-11.
Computing volumes of the grid elements.
Min. volume: 0.000151846, max. volume: 36.5349.

# FGMRES residual history
# Residual tolerance target = 1e-10
# Initial residual norm     = 6.92186e-10
     0     1
# FGMRES final (true) residual:
# Iteration = 4: |res|/|res0| = 2.69954e-11.

Computing volumes of the grid elements.
Non-linear iter.: 170/500. Linear iter.: 4. Min. area: 0.000151846. Error: 2.69954e-11.
Computing volumes of the grid elements.
Min. volume: 0.000151846, max. volume: 36.5349.

# FGMRES residual history
# Residual tolerance target = 1e-10
# Initial residual norm     = 6.92193e-10
     0     1
# FGMRES final (true) residual:
# Iteration = 4: |res|/|res0| = 2.6995e-11.

Computing volumes of the grid elements.
Non-linear iter.: 171/500. Linear iter.: 4. Min. area: 0.000151846. Error: 2.6995e-11.
Computing volumes of the grid elements.
Min. volume: 0.000151846, max. volume: 36.5349.

# FGMRES residual history
# Residual tolerance target = 1e-10
# Initial residual norm     = 6.92201e-10
     0     1
# FGMRES final (true) residual:
# Iteration = 4: |res|/|res0| = 2.69947e-11.

Computing volumes of the grid elements.
Non-linear iter.: 172/500. Linear iter.: 4. Min. area: 0.000151846. Error: 2.69947e-11.
Computing volumes of the grid elements.
Min. volume: 0.000151846, max. volume: 36.5349.

# FGMRES residual history
# Residual tolerance target = 1e-10
# Initial residual norm     = 6.92208e-10
     0     1
# FGMRES final (true) residual:
# Iteration = 4: |res|/|res0| = 2.69944e-11.

Computing volumes of the grid elements.
Non-linear iter.: 173/500. Linear iter.: 4. Min. area: 0.000151846. Error: 2.69944e-11.
Computing volumes of the grid elements.
Min. volume: 0.000151846, max. volume: 36.5349.

# FGMRES residual history
# Residual tolerance target = 1e-10
# Initial residual norm     = 6.92215e-10
     0     1
# FGMRES final (true) residual:
# Iteration = 4: |res|/|res0| = 2.6994e-11.

Computing volumes of the grid elements.
Non-linear iter.: 174/500. Linear iter.: 4. Min. area: 0.000151846. Error: 2.6994e-11.
Computing volumes of the grid elements.
Min. volume: 0.000151846, max. volume: 36.5349.

# FGMRES residual history
# Residual tolerance target = 1e-10
# Initial residual norm     = 6.92222e-10
     0     1
# FGMRES final (true) residual:
# Iteration = 4: |res|/|res0| = 2.69937e-11.

Computing volumes of the grid elements.
Non-linear iter.: 175/500. Linear iter.: 4. Min. area: 0.000151846. Error: 2.69937e-11.
Computing volumes of the grid elements.
Min. volume: 0.000151846, max. volume: 36.5349.

# FGMRES residual history
# Residual tolerance target = 1e-10
# Initial residual norm     = 6.92229e-10
     0     1
# FGMRES final (true) residual:
# Iteration = 4: |res|/|res0| = 2.69934e-11.

Computing volumes of the grid elements.
Non-linear iter.: 176/500. Linear iter.: 4. Min. area: 0.000151846. Error: 2.69934e-11.
Computing volumes of the grid elements.
Min. volume: 0.000151846, max. volume: 36.5349.

# FGMRES residual history
# Residual tolerance target = 1e-10
# Initial residual norm     = 6.92236e-10
     0     1
# FGMRES final (true) residual:
# Iteration = 4: |res|/|res0| = 2.6993e-11.

Computing volumes of the grid elements.
Non-linear iter.: 177/500. Linear iter.: 4. Min. area: 0.000151846. Error: 2.6993e-11.
Computing volumes of the grid elements.
Min. volume: 0.000151846, max. volume: 36.5349.

# FGMRES residual history
# Residual tolerance target = 1e-10
# Initial residual norm     = 6.92244e-10
     0     1
# FGMRES final (true) residual:
# Iteration = 4: |res|/|res0| = 2.69927e-11.

Computing volumes of the grid elements.
Non-linear iter.: 178/500. Linear iter.: 4. Min. area: 0.000151846. Error: 2.69927e-11.
Computing volumes of the grid elements.
Min. volume: 0.000151846, max. volume: 36.5349.

# FGMRES residual history
# Residual tolerance target = 1e-10
# Initial residual norm     = 6.92251e-10
     0     1
# FGMRES final (true) residual:
# Iteration = 4: |res|/|res0| = 2.69924e-11.

Computing volumes of the grid elements.
Non-linear iter.: 179/500. Linear iter.: 4. Min. area: 0.000151846. Error: 2.69924e-11.
Computing volumes of the grid elements.
Min. volume: 0.000151846, max. volume: 36.5349.

# FGMRES residual history
# Residual tolerance target = 1e-10
# Initial residual norm     = 6.92258e-10
     0     1
# FGMRES final (true) residual:
# Iteration = 4: |res|/|res0| = 2.69921e-11.

Computing volumes of the grid elements.
Non-linear iter.: 180/500. Linear iter.: 4. Min. area: 0.000151846. Error: 2.69921e-11.
Computing volumes of the grid elements.
Min. volume: 0.000151846, max. volume: 36.5349.

# FGMRES residual history
# Residual tolerance target = 1e-10
# Initial residual norm     = 6.92265e-10
     0     1
# FGMRES final (true) residual:
# Iteration = 4: |res|/|res0| = 2.69917e-11.

Computing volumes of the grid elements.
Non-linear iter.: 181/500. Linear iter.: 4. Min. area: 0.000151846. Error: 2.69917e-11.
Computing volumes of the grid elements.
Min. volume: 0.000151846, max. volume: 36.5349.

# FGMRES residual history
# Residual tolerance target = 1e-10
# Initial residual norm     = 6.92272e-10
     0     1
# FGMRES final (true) residual:
# Iteration = 4: |res|/|res0| = 2.69914e-11.

Computing volumes of the grid elements.
Non-linear iter.: 182/500. Linear iter.: 4. Min. area: 0.000151846. Error: 2.69914e-11.
Computing volumes of the grid elements.
Min. volume: 0.000151846, max. volume: 36.5349.

# FGMRES residual history
# Residual tolerance target = 1e-10
# Initial residual norm     = 6.92279e-10
     0     1
# FGMRES final (true) residual:
# Iteration = 4: |res|/|res0| = 2.69911e-11.

Computing volumes of the grid elements.
Non-linear iter.: 183/500. Linear iter.: 4. Min. area: 0.000151846. Error: 2.69911e-11.
Computing volumes of the grid elements.
Min. volume: 0.000151846, max. volume: 36.5349.

# FGMRES residual history
# Residual tolerance target = 1e-10
# Initial residual norm     = 6.92286e-10
     0     1
# FGMRES final (true) residual:
# Iteration = 4: |res|/|res0| = 2.69907e-11.

Computing volumes of the grid elements.
Non-linear iter.: 184/500. Linear iter.: 4. Min. area: 0.000151846. Error: 2.69907e-11.
Computing volumes of the grid elements.
Min. volume: 0.000151846, max. volume: 36.5349.

# FGMRES residual history
# Residual tolerance target = 1e-10
# Initial residual norm     = 6.92294e-10
     0     1
# FGMRES final (true) residual:
# Iteration = 4: |res|/|res0| = 2.69904e-11.

Computing volumes of the grid elements.
Non-linear iter.: 185/500. Linear iter.: 4. Min. area: 0.000151846. Error: 2.69904e-11.
Computing volumes of the grid elements.
Min. volume: 0.000151846, max. volume: 36.5349.

# FGMRES residual history
# Residual tolerance target = 1e-10
# Initial residual norm     = 6.92301e-10
     0     1
# FGMRES final (true) residual:
# Iteration = 4: |res|/|res0| = 2.69901e-11.

Computing volumes of the grid elements.
Non-linear iter.: 186/500. Linear iter.: 4. Min. area: 0.000151846. Error: 2.69901e-11.
Computing volumes of the grid elements.
Min. volume: 0.000151846, max. volume: 36.5349.

# FGMRES residual history
# Residual tolerance target = 1e-10
# Initial residual norm     = 6.92308e-10
     0     1
# FGMRES final (true) residual:
# Iteration = 4: |res|/|res0| = 2.69897e-11.

Computing volumes of the grid elements.
Non-linear iter.: 187/500. Linear iter.: 4. Min. area: 0.000151846. Error: 2.69897e-11.
Computing volumes of the grid elements.
Min. volume: 0.000151846, max. volume: 36.5349.

# FGMRES residual history
# Residual tolerance target = 1e-10
# Initial residual norm     = 6.92315e-10
     0     1
# FGMRES final (true) residual:
# Iteration = 4: |res|/|res0| = 2.69894e-11.

Computing volumes of the grid elements.
Non-linear iter.: 188/500. Linear iter.: 4. Min. area: 0.000151846. Error: 2.69894e-11.
Computing volumes of the grid elements.
Min. volume: 0.000151846, max. volume: 36.5349.

# FGMRES residual history
# Residual tolerance target = 1e-10
# Initial residual norm     = 6.92322e-10
     0     1
# FGMRES final (true) residual:
# Iteration = 4: |res|/|res0| = 2.69891e-11.

Computing volumes of the grid elements.
Non-linear iter.: 189/500. Linear iter.: 4. Min. area: 0.000151846. Error: 2.69891e-11.
Computing volumes of the grid elements.
Min. volume: 0.000151846, max. volume: 36.5349.

# FGMRES residual history
# Residual tolerance target = 1e-10
# Initial residual norm     = 6.92329e-10
     0     1
# FGMRES final (true) residual:
# Iteration = 4: |res|/|res0| = 2.69887e-11.

Computing volumes of the grid elements.
Non-linear iter.: 190/500. Linear iter.: 4. Min. area: 0.000151846. Error: 2.69887e-11.
Computing volumes of the grid elements.
Min. volume: 0.000151846, max. volume: 36.5349.

# FGMRES residual history
# Residual tolerance target = 1e-10
# Initial residual norm     = 6.92337e-10
     0     1
# FGMRES final (true) residual:
# Iteration = 4: |res|/|res0| = 2.69884e-11.

Computing volumes of the grid elements.
Non-linear iter.: 191/500. Linear iter.: 4. Min. area: 0.000151846. Error: 2.69884e-11.
Computing volumes of the grid elements.
Min. volume: 0.000151846, max. volume: 36.5349.

# FGMRES residual history
# Residual tolerance target = 1e-10
# Initial residual norm     = 6.92344e-10
     0     1
# FGMRES final (true) residual:
# Iteration = 4: |res|/|res0| = 2.69881e-11.

Computing volumes of the grid elements.
Non-linear iter.: 192/500. Linear iter.: 4. Min. area: 0.000151846. Error: 2.69881e-11.
Computing volumes of the grid elements.
Min. volume: 0.000151846, max. volume: 36.5349.

# FGMRES residual history
# Residual tolerance target = 1e-10
# Initial residual norm     = 6.92351e-10
     0     1
# FGMRES final (true) residual:
# Iteration = 4: |res|/|res0| = 2.69877e-11.

Computing volumes of the grid elements.
Non-linear iter.: 193/500. Linear iter.: 4. Min. area: 0.000151846. Error: 2.69877e-11.
Computing volumes of the grid elements.
Min. volume: 0.000151846, max. volume: 36.5349.

# FGMRES residual history
# Residual tolerance target = 1e-10
# Initial residual norm     = 6.92358e-10
     0     1
# FGMRES final (true) residual:
# Iteration = 4: |res|/|res0| = 2.69874e-11.

Computing volumes of the grid elements.
Non-linear iter.: 194/500. Linear iter.: 4. Min. area: 0.000151846. Error: 2.69874e-11.
Computing volumes of the grid elements.
Min. volume: 0.000151846, max. volume: 36.5349.

# FGMRES residual history
# Residual tolerance target = 1e-10
# Initial residual norm     = 6.92365e-10
     0     1
# FGMRES final (true) residual:
# Iteration = 4: |res|/|res0| = 2.69871e-11.

Computing volumes of the grid elements.
Non-linear iter.: 195/500. Linear iter.: 4. Min. area: 0.000151846. Error: 2.69871e-11.
Computing volumes of the grid elements.
Min. volume: 0.000151846, max. volume: 36.5349.

# FGMRES residual history
# Residual tolerance target = 1e-10
# Initial residual norm     = 6.92372e-10
     0     1
# FGMRES final (true) residual:
# Iteration = 4: |res|/|res0| = 2.69867e-11.

Computing volumes of the grid elements.
Non-linear iter.: 196/500. Linear iter.: 4. Min. area: 0.000151846. Error: 2.69867e-11.
Computing volumes of the grid elements.
Min. volume: 0.000151846, max. volume: 36.5349.

# FGMRES residual history
# Residual tolerance target = 1e-10
# Initial residual norm     = 6.9238e-10
     0     1
# FGMRES final (true) residual:
# Iteration = 4: |res|/|res0| = 2.69864e-11.

Computing volumes of the grid elements.
Non-linear iter.: 197/500. Linear iter.: 4. Min. area: 0.000151846. Error: 2.69864e-11.
Computing volumes of the grid elements.
Min. volume: 0.000151846, max. volume: 36.5349.

# FGMRES residual history
# Residual tolerance target = 1e-10
# Initial residual norm     = 6.92387e-10
     0     1
# FGMRES final (true) residual:
# Iteration = 4: |res|/|res0| = 2.69861e-11.

Computing volumes of the grid elements.
Non-linear iter.: 198/500. Linear iter.: 4. Min. area: 0.000151846. Error: 2.69861e-11.
Computing volumes of the grid elements.
Min. volume: 0.000151846, max. volume: 36.5349.

# FGMRES residual history
# Residual tolerance target = 1e-10
# Initial residual norm     = 6.92394e-10
     0     1
# FGMRES final (true) residual:
# Iteration = 4: |res|/|res0| = 2.69858e-11.

Computing volumes of the grid elements.
Non-linear iter.: 199/500. Linear iter.: 4. Min. area: 0.000151846. Error: 2.69858e-11.
Computing volumes of the grid elements.
Min. volume: 0.000151846, max. volume: 36.5349.

# FGMRES residual history
# Residual tolerance target = 1e-10
# Initial residual norm     = 6.92401e-10
     0     1
# FGMRES final (true) residual:
# Iteration = 4: |res|/|res0| = 2.69854e-11.

Computing volumes of the grid elements.
Non-linear iter.: 200/500. Linear iter.: 4. Min. area: 0.000151846. Error: 2.69854e-11.
Computing volumes of the grid elements.
Min. volume: 0.000151846, max. volume: 36.5349.

# FGMRES residual history
# Residual tolerance target = 1e-10
# Initial residual norm     = 6.92408e-10
     0     1
# FGMRES final (true) residual:
# Iteration = 4: |res|/|res0| = 2.69851e-11.

Computing volumes of the grid elements.
Non-linear iter.: 201/500. Linear iter.: 4. Min. area: 0.000151846. Error: 2.69851e-11.
Computing volumes of the grid elements.
Min. volume: 0.000151846, max. volume: 36.5349.

# FGMRES residual history
# Residual tolerance target = 1e-10
# Initial residual norm     = 6.92415e-10
     0     1
# FGMRES final (true) residual:
# Iteration = 4: |res|/|res0| = 2.69848e-11.

Computing volumes of the grid elements.
Non-linear iter.: 202/500. Linear iter.: 4. Min. area: 0.000151846. Error: 2.69848e-11.
Computing volumes of the grid elements.
Min. volume: 0.000151846, max. volume: 36.5349.

# FGMRES residual history
# Residual tolerance target = 1e-10
# Initial residual norm     = 6.92423e-10
     0     1
# FGMRES final (true) residual:
# Iteration = 4: |res|/|res0| = 2.69844e-11.

Computing volumes of the grid elements.
Non-linear iter.: 203/500. Linear iter.: 4. Min. area: 0.000151846. Error: 2.69844e-11.
Computing volumes of the grid elements.
Min. volume: 0.000151846, max. volume: 36.5349.

# FGMRES residual history
# Residual tolerance target = 1e-10
# Initial residual norm     = 6.9243e-10
     0     1
# FGMRES final (true) residual:
# Iteration = 4: |res|/|res0| = 2.69841e-11.

Computing volumes of the grid elements.
Non-linear iter.: 204/500. Linear iter.: 4. Min. area: 0.000151846. Error: 2.69841e-11.
Computing volumes of the grid elements.
Min. volume: 0.000151846, max. volume: 36.5349.

# FGMRES residual history
# Residual tolerance target = 1e-10
# Initial residual norm     = 6.92437e-10
     0     1
# FGMRES final (true) residual:
# Iteration = 4: |res|/|res0| = 2.69838e-11.

Computing volumes of the grid elements.
Non-linear iter.: 205/500. Linear iter.: 4. Min. area: 0.000151846. Error: 2.69838e-11.
Computing volumes of the grid elements.
Min. volume: 0.000151846, max. volume: 36.5349.

# FGMRES residual history
# Residual tolerance target = 1e-10
# Initial residual norm     = 6.92444e-10
     0     1
# FGMRES final (true) residual:
# Iteration = 4: |res|/|res0| = 2.69834e-11.

Computing volumes of the grid elements.
Non-linear iter.: 206/500. Linear iter.: 4. Min. area: 0.000151846. Error: 2.69834e-11.
Computing volumes of the grid elements.
Min. volume: 0.000151846, max. volume: 36.5349.

# FGMRES residual history
# Residual tolerance target = 1e-10
# Initial residual norm     = 6.92451e-10
     0     1
# FGMRES final (true) residual:
# Iteration = 4: |res|/|res0| = 2.69831e-11.

Computing volumes of the grid elements.
Non-linear iter.: 207/500. Linear iter.: 4. Min. area: 0.000151846. Error: 2.69831e-11.
Computing volumes of the grid elements.
Min. volume: 0.000151846, max. volume: 36.5349.

# FGMRES residual history
# Residual tolerance target = 1e-10
# Initial residual norm     = 6.92458e-10
     0     1
# FGMRES final (true) residual:
# Iteration = 4: |res|/|res0| = 2.69828e-11.

Computing volumes of the grid elements.
Non-linear iter.: 208/500. Linear iter.: 4. Min. area: 0.000151846. Error: 2.69828e-11.
Computing volumes of the grid elements.
Min. volume: 0.000151846, max. volume: 36.5349.

# FGMRES residual history
# Residual tolerance target = 1e-10
# Initial residual norm     = 6.92466e-10
     0     1
# FGMRES final (true) residual:
# Iteration = 4: |res|/|res0| = 2.69824e-11.

Computing volumes of the grid elements.
Non-linear iter.: 209/500. Linear iter.: 4. Min. area: 0.000151846. Error: 2.69824e-11.
Computing volumes of the grid elements.
Min. volume: 0.000151846, max. volume: 36.5349.

# FGMRES residual history
# Residual tolerance target = 1e-10
# Initial residual norm     = 6.92473e-10
     0     1
# FGMRES final (true) residual:
# Iteration = 4: |res|/|res0| = 2.69821e-11.

Computing volumes of the grid elements.
Non-linear iter.: 210/500. Linear iter.: 4. Min. area: 0.000151846. Error: 2.69821e-11.
Computing volumes of the grid elements.
Min. volume: 0.000151846, max. volume: 36.5349.

# FGMRES residual history
# Residual tolerance target = 1e-10
# Initial residual norm     = 6.9248e-10
     0     1
# FGMRES final (true) residual:
# Iteration = 4: |res|/|res0| = 2.69818e-11.

Computing volumes of the grid elements.
Non-linear iter.: 211/500. Linear iter.: 4. Min. area: 0.000151846. Error: 2.69818e-11.
Computing volumes of the grid elements.
Min. volume: 0.000151846, max. volume: 36.5349.

# FGMRES residual history
# Residual tolerance target = 1e-10
# Initial residual norm     = 6.92487e-10
     0     1
# FGMRES final (true) residual:
# Iteration = 4: |res|/|res0| = 2.69814e-11.

Computing volumes of the grid elements.
Non-linear iter.: 212/500. Linear iter.: 4. Min. area: 0.000151846. Error: 2.69814e-11.
Computing volumes of the grid elements.
Min. volume: 0.000151846, max. volume: 36.5349.

# FGMRES residual history
# Residual tolerance target = 1e-10
# Initial residual norm     = 6.92494e-10
     0     1
# FGMRES final (true) residual:
# Iteration = 4: |res|/|res0| = 2.69811e-11.

Computing volumes of the grid elements.
Non-linear iter.: 213/500. Linear iter.: 4. Min. area: 0.000151846. Error: 2.69811e-11.
Computing volumes of the grid elements.
Min. volume: 0.000151846, max. volume: 36.5349.

# FGMRES residual history
# Residual tolerance target = 1e-10
# Initial residual norm     = 6.92501e-10
     0     1
# FGMRES final (true) residual:
# Iteration = 4: |res|/|res0| = 2.69808e-11.

Computing volumes of the grid elements.
Non-linear iter.: 214/500. Linear iter.: 4. Min. area: 0.000151846. Error: 2.69808e-11.
Computing volumes of the grid elements.
Min. volume: 0.000151846, max. volume: 36.5349.

# FGMRES residual history
# Residual tolerance target = 1e-10
# Initial residual norm     = 6.92509e-10
     0     1
# FGMRES final (true) residual:
# Iteration = 4: |res|/|res0| = 2.69804e-11.

Computing volumes of the grid elements.
Non-linear iter.: 215/500. Linear iter.: 4. Min. area: 0.000151846. Error: 2.69804e-11.
Computing volumes of the grid elements.
Min. volume: 0.000151846, max. volume: 36.5349.

# FGMRES residual history
# Residual tolerance target = 1e-10
# Initial residual norm     = 6.92516e-10
     0     1
# FGMRES final (true) residual:
# Iteration = 4: |res|/|res0| = 2.69801e-11.

Computing volumes of the grid elements.
Non-linear iter.: 216/500. Linear iter.: 4. Min. area: 0.000151846. Error: 2.69801e-11.
Computing volumes of the grid elements.
Min. volume: 0.000151846, max. volume: 36.5349.

# FGMRES residual history
# Residual tolerance target = 1e-10
# Initial residual norm     = 6.92523e-10
     0     1
# FGMRES final (true) residual:
# Iteration = 4: |res|/|res0| = 2.69798e-11.

Computing volumes of the grid elements.
Non-linear iter.: 217/500. Linear iter.: 4. Min. area: 0.000151846. Error: 2.69798e-11.
Computing volumes of the grid elements.
Min. volume: 0.000151846, max. volume: 36.5349.

# FGMRES residual history
# Residual tolerance target = 1e-10
# Initial residual norm     = 6.9253e-10
     0     1
# FGMRES final (true) residual:
# Iteration = 4: |res|/|res0| = 2.69795e-11.

Computing volumes of the grid elements.
Non-linear iter.: 218/500. Linear iter.: 4. Min. area: 0.000151846. Error: 2.69795e-11.
Computing volumes of the grid elements.
Min. volume: 0.000151846, max. volume: 36.5349.

# FGMRES residual history
# Residual tolerance target = 1e-10
# Initial residual norm     = 6.92537e-10
     0     1
# FGMRES final (true) residual:
# Iteration = 4: |res|/|res0| = 2.69791e-11.

Computing volumes of the grid elements.
Non-linear iter.: 219/500. Linear iter.: 4. Min. area: 0.000151846. Error: 2.69791e-11.
Computing volumes of the grid elements.
Min. volume: 0.000151846, max. volume: 36.5349.

# FGMRES residual history
# Residual tolerance target = 1e-10
# Initial residual norm     = 6.92544e-10
     0     1
# FGMRES final (true) residual:
# Iteration = 4: |res|/|res0| = 2.69788e-11.

Computing volumes of the grid elements.
Non-linear iter.: 220/500. Linear iter.: 4. Min. area: 0.000151846. Error: 2.69788e-11.
Computing volumes of the grid elements.
Min. volume: 0.000151846, max. volume: 36.5349.

# FGMRES residual history
# Residual tolerance target = 1e-10
# Initial residual norm     = 6.92552e-10
     0     1
# FGMRES final (true) residual:
# Iteration = 4: |res|/|res0| = 2.69785e-11.

Computing volumes of the grid elements.
Non-linear iter.: 221/500. Linear iter.: 4. Min. area: 0.000151846. Error: 2.69785e-11.
Computing volumes of the grid elements.
Min. volume: 0.000151846, max. volume: 36.5349.

# FGMRES residual history
# Residual tolerance target = 1e-10
# Initial residual norm     = 6.92559e-10
     0     1
# FGMRES final (true) residual:
# Iteration = 4: |res|/|res0| = 2.69781e-11.

Computing volumes of the grid elements.
Non-linear iter.: 222/500. Linear iter.: 4. Min. area: 0.000151846. Error: 2.69781e-11.
Computing volumes of the grid elements.
Min. volume: 0.000151846, max. volume: 36.5349.

# FGMRES residual history
# Residual tolerance target = 1e-10
# Initial residual norm     = 6.92566e-10
     0     1
# FGMRES final (true) residual:
# Iteration = 4: |res|/|res0| = 2.69778e-11.

Computing volumes of the grid elements.
Non-linear iter.: 223/500. Linear iter.: 4. Min. area: 0.000151846. Error: 2.69778e-11.
Computing volumes of the grid elements.
Min. volume: 0.000151846, max. volume: 36.5349.

# FGMRES residual history
# Residual tolerance target = 1e-10
# Initial residual norm     = 6.92573e-10
     0     1
# FGMRES final (true) residual:
# Iteration = 4: |res|/|res0| = 2.69775e-11.

Computing volumes of the grid elements.
Non-linear iter.: 224/500. Linear iter.: 4. Min. area: 0.000151846. Error: 2.69775e-11.
Computing volumes of the grid elements.
Min. volume: 0.000151846, max. volume: 36.5349.

# FGMRES residual history
# Residual tolerance target = 1e-10
# Initial residual norm     = 6.9258e-10
     0     1
# FGMRES final (true) residual:
# Iteration = 4: |res|/|res0| = 2.69771e-11.

Computing volumes of the grid elements.
Non-linear iter.: 225/500. Linear iter.: 4. Min. area: 0.000151846. Error: 2.69771e-11.
Computing volumes of the grid elements.
Min. volume: 0.000151846, max. volume: 36.5349.

# FGMRES residual history
# Residual tolerance target = 1e-10
# Initial residual norm     = 6.92587e-10
     0     1
# FGMRES final (true) residual:
# Iteration = 4: |res|/|res0| = 2.69768e-11.

Computing volumes of the grid elements.
Non-linear iter.: 226/500. Linear iter.: 4. Min. area: 0.000151846. Error: 2.69768e-11.
Computing volumes of the grid elements.
Min. volume: 0.000151846, max. volume: 36.5349.

# FGMRES residual history
# Residual tolerance target = 1e-10
# Initial residual norm     = 6.92595e-10
     0     1
# FGMRES final (true) residual:
# Iteration = 4: |res|/|res0| = 2.69765e-11.

Computing volumes of the grid elements.
Non-linear iter.: 227/500. Linear iter.: 4. Min. area: 0.000151846. Error: 2.69765e-11.
Computing volumes of the grid elements.
Min. volume: 0.000151846, max. volume: 36.5349.

# FGMRES residual history
# Residual tolerance target = 1e-10
# Initial residual norm     = 6.92602e-10
     0     1
# FGMRES final (true) residual:
# Iteration = 4: |res|/|res0| = 2.69761e-11.

Computing volumes of the grid elements.
Non-linear iter.: 228/500. Linear iter.: 4. Min. area: 0.000151846. Error: 2.69761e-11.
Computing volumes of the grid elements.
Min. volume: 0.000151846, max. volume: 36.5349.

# FGMRES residual history
# Residual tolerance target = 1e-10
# Initial residual norm     = 6.92609e-10
     0     1
# FGMRES final (true) residual:
# Iteration = 4: |res|/|res0| = 2.69758e-11.

Computing volumes of the grid elements.
Non-linear iter.: 229/500. Linear iter.: 4. Min. area: 0.000151846. Error: 2.69758e-11.
Computing volumes of the grid elements.
Min. volume: 0.000151846, max. volume: 36.5349.

# FGMRES residual history
# Residual tolerance target = 1e-10
# Initial residual norm     = 6.92616e-10
     0     1
# FGMRES final (true) residual:
# Iteration = 4: |res|/|res0| = 2.69755e-11.

Computing volumes of the grid elements.
Non-linear iter.: 230/500. Linear iter.: 4. Min. area: 0.000151846. Error: 2.69755e-11.
Computing volumes of the grid elements.
Min. volume: 0.000151846, max. volume: 36.5349.

# FGMRES residual history
# Residual tolerance target = 1e-10
# Initial residual norm     = 6.92623e-10
     0     1
# FGMRES final (true) residual:
# Iteration = 4: |res|/|res0| = 2.69751e-11.

Computing volumes of the grid elements.
Non-linear iter.: 231/500. Linear iter.: 4. Min. area: 0.000151846. Error: 2.69751e-11.
Computing volumes of the grid elements.
Min. volume: 0.000151846, max. volume: 36.5349.

# FGMRES residual history
# Residual tolerance target = 1e-10
# Initial residual norm     = 6.9263e-10
     0     1
# FGMRES final (true) residual:
# Iteration = 4: |res|/|res0| = 2.69748e-11.

Computing volumes of the grid elements.
Non-linear iter.: 232/500. Linear iter.: 4. Min. area: 0.000151846. Error: 2.69748e-11.
Computing volumes of the grid elements.
Min. volume: 0.000151846, max. volume: 36.5349.

# FGMRES residual history
# Residual tolerance target = 1e-10
# Initial residual norm     = 6.92638e-10
     0     1
# FGMRES final (true) residual:
# Iteration = 4: |res|/|res0| = 2.69745e-11.

Computing volumes of the grid elements.
Non-linear iter.: 233/500. Linear iter.: 4. Min. area: 0.000151846. Error: 2.69745e-11.
Computing volumes of the grid elements.
Min. volume: 0.000151846, max. volume: 36.5349.

# FGMRES residual history
# Residual tolerance target = 1e-10
# Initial residual norm     = 6.92645e-10
     0     1
# FGMRES final (true) residual:
# Iteration = 4: |res|/|res0| = 2.69741e-11.

Computing volumes of the grid elements.
Non-linear iter.: 234/500. Linear iter.: 4. Min. area: 0.000151846. Error: 2.69741e-11.
Computing volumes of the grid elements.
Min. volume: 0.000151846, max. volume: 36.5349.

# FGMRES residual history
# Residual tolerance target = 1e-10
# Initial residual norm     = 6.92652e-10
     0     1
# FGMRES final (true) residual:
# Iteration = 4: |res|/|res0| = 2.69738e-11.

Computing volumes of the grid elements.
Non-linear iter.: 235/500. Linear iter.: 4. Min. area: 0.000151846. Error: 2.69738e-11.
Computing volumes of the grid elements.
Min. volume: 0.000151846, max. volume: 36.5349.

# FGMRES residual history
# Residual tolerance target = 1e-10
# Initial residual norm     = 6.92659e-10
     0     1
# FGMRES final (true) residual:
# Iteration = 4: |res|/|res0| = 2.69735e-11.

Computing volumes of the grid elements.
Non-linear iter.: 236/500. Linear iter.: 4. Min. area: 0.000151846. Error: 2.69735e-11.
Computing volumes of the grid elements.
Min. volume: 0.000151846, max. volume: 36.5349.

# FGMRES residual history
# Residual tolerance target = 1e-10
# Initial residual norm     = 6.92666e-10
     0     1
# FGMRES final (true) residual:
# Iteration = 4: |res|/|res0| = 2.69731e-11.

Computing volumes of the grid elements.
Non-linear iter.: 237/500. Linear iter.: 4. Min. area: 0.000151846. Error: 2.69731e-11.
Computing volumes of the grid elements.
Min. volume: 0.000151846, max. volume: 36.5349.

# FGMRES residual history
# Residual tolerance target = 1e-10
# Initial residual norm     = 6.92673e-10
     0     1
# FGMRES final (true) residual:
# Iteration = 4: |res|/|res0| = 2.69728e-11.

Computing volumes of the grid elements.
Non-linear iter.: 238/500. Linear iter.: 4. Min. area: 0.000151846. Error: 2.69728e-11.
Computing volumes of the grid elements.
Min. volume: 0.000151846, max. volume: 36.5349.

# FGMRES residual history
# Residual tolerance target = 1e-10
# Initial residual norm     = 6.92681e-10
     0     1
# FGMRES final (true) residual:
# Iteration = 4: |res|/|res0| = 2.69725e-11.

Computing volumes of the grid elements.
Non-linear iter.: 239/500. Linear iter.: 4. Min. area: 0.000151846. Error: 2.69725e-11.
Computing volumes of the grid elements.
Min. volume: 0.000151846, max. volume: 36.5349.

# FGMRES residual history
# Residual tolerance target = 1e-10
# Initial residual norm     = 6.92688e-10
     0     1
# FGMRES final (true) residual:
# Iteration = 4: |res|/|res0| = 2.69722e-11.

Computing volumes of the grid elements.
Non-linear iter.: 240/500. Linear iter.: 4. Min. area: 0.000151846. Error: 2.69722e-11.
Computing volumes of the grid elements.
Min. volume: 0.000151846, max. volume: 36.5349.

# FGMRES residual history
# Residual tolerance target = 1e-10
# Initial residual norm     = 6.92695e-10
     0     1
# FGMRES final (true) residual:
# Iteration = 4: |res|/|res0| = 2.69718e-11.

Computing volumes of the grid elements.
Non-linear iter.: 241/500. Linear iter.: 4. Min. area: 0.000151846. Error: 2.69718e-11.
Computing volumes of the grid elements.
Min. volume: 0.000151846, max. volume: 36.5349.

# FGMRES residual history
# Residual tolerance target = 1e-10
# Initial residual norm     = 6.92702e-10
     0     1
# FGMRES final (true) residual:
# Iteration = 4: |res|/|res0| = 2.69715e-11.

Computing volumes of the grid elements.
Non-linear iter.: 242/500. Linear iter.: 4. Min. area: 0.000151846. Error: 2.69715e-11.
Computing volumes of the grid elements.
Min. volume: 0.000151846, max. volume: 36.5349.

# FGMRES residual history
# Residual tolerance target = 1e-10
# Initial residual norm     = 6.92709e-10
     0     1
# FGMRES final (true) residual:
# Iteration = 4: |res|/|res0| = 2.69712e-11.

Computing volumes of the grid elements.
Non-linear iter.: 243/500. Linear iter.: 4. Min. area: 0.000151846. Error: 2.69712e-11.
Computing volumes of the grid elements.
Min. volume: 0.000151846, max. volume: 36.5349.

# FGMRES residual history
# Residual tolerance target = 1e-10
# Initial residual norm     = 6.92716e-10
     0     1
# FGMRES final (true) residual:
# Iteration = 4: |res|/|res0| = 2.69708e-11.

Computing volumes of the grid elements.
Non-linear iter.: 244/500. Linear iter.: 4. Min. area: 0.000151846. Error: 2.69708e-11.
Computing volumes of the grid elements.
Min. volume: 0.000151846, max. volume: 36.5349.

# FGMRES residual history
# Residual tolerance target = 1e-10
# Initial residual norm     = 6.92724e-10
     0     1
# FGMRES final (true) residual:
# Iteration = 4: |res|/|res0| = 2.69705e-11.

Computing volumes of the grid elements.
Non-linear iter.: 245/500. Linear iter.: 4. Min. area: 0.000151846. Error: 2.69705e-11.
Computing volumes of the grid elements.
Min. volume: 0.000151846, max. volume: 36.5349.

# FGMRES residual history
# Residual tolerance target = 1e-10
# Initial residual norm     = 6.92731e-10
     0     1
# FGMRES final (true) residual:
# Iteration = 4: |res|/|res0| = 2.69702e-11.

Computing volumes of the grid elements.
Non-linear iter.: 246/500. Linear iter.: 4. Min. area: 0.000151846. Error: 2.69702e-11.
Computing volumes of the grid elements.
Min. volume: 0.000151846, max. volume: 36.5349.

# FGMRES residual history
# Residual tolerance target = 1e-10
# Initial residual norm     = 6.92738e-10
     0     1
# FGMRES final (true) residual:
# Iteration = 4: |res|/|res0| = 2.69698e-11.

Computing volumes of the grid elements.
Non-linear iter.: 247/500. Linear iter.: 4. Min. area: 0.000151846. Error: 2.69698e-11.
Computing volumes of the grid elements.
Min. volume: 0.000151846, max. volume: 36.5349.

# FGMRES residual history
# Residual tolerance target = 1e-10
# Initial residual norm     = 6.92745e-10
     0     1
# FGMRES final (true) residual:
# Iteration = 4: |res|/|res0| = 2.69695e-11.

Computing volumes of the grid elements.
Non-linear iter.: 248/500. Linear iter.: 4. Min. area: 0.000151846. Error: 2.69695e-11.
Computing volumes of the grid elements.
Min. volume: 0.000151846, max. volume: 36.5349.

# FGMRES residual history
# Residual tolerance target = 1e-10
# Initial residual norm     = 6.92752e-10
     0     1
# FGMRES final (true) residual:
# Iteration = 4: |res|/|res0| = 2.69692e-11.

Computing volumes of the grid elements.
Non-linear iter.: 249/500. Linear iter.: 4. Min. area: 0.000151846. Error: 2.69692e-11.
Computing volumes of the grid elements.
Min. volume: 0.000151846, max. volume: 36.5349.

# FGMRES residual history
# Residual tolerance target = 1e-10
# Initial residual norm     = 6.9276e-10
     0     1
# FGMRES final (true) residual:
# Iteration = 4: |res|/|res0| = 2.69688e-11.

Computing volumes of the grid elements.
Non-linear iter.: 250/500. Linear iter.: 4. Min. area: 0.000151846. Error: 2.69688e-11.
Computing volumes of the grid elements.
Min. volume: 0.000151846, max. volume: 36.5349.

# FGMRES residual history
# Residual tolerance target = 1e-10
# Initial residual norm     = 6.92767e-10
     0     1
# FGMRES final (true) residual:
# Iteration = 4: |res|/|res0| = 2.69685e-11.

Computing volumes of the grid elements.
Non-linear iter.: 251/500. Linear iter.: 4. Min. area: 0.000151846. Error: 2.69685e-11.
Computing volumes of the grid elements.
Min. volume: 0.000151846, max. volume: 36.5349.

# FGMRES residual history
# Residual tolerance target = 1e-10
# Initial residual norm     = 6.92774e-10
     0     1
# FGMRES final (true) residual:
# Iteration = 4: |res|/|res0| = 2.69682e-11.

Computing volumes of the grid elements.
Non-linear iter.: 252/500. Linear iter.: 4. Min. area: 0.000151846. Error: 2.69682e-11.
Computing volumes of the grid elements.
Min. volume: 0.000151846, max. volume: 36.5349.

# FGMRES residual history
# Residual tolerance target = 1e-10
# Initial residual norm     = 6.92781e-10
     0     1
# FGMRES final (true) residual:
# Iteration = 4: |res|/|res0| = 2.69678e-11.

Computing volumes of the grid elements.
Non-linear iter.: 253/500. Linear iter.: 4. Min. area: 0.000151846. Error: 2.69678e-11.
Computing volumes of the grid elements.
Min. volume: 0.000151846, max. volume: 36.5349.

# FGMRES residual history
# Residual tolerance target = 1e-10
# Initial residual norm     = 6.92788e-10
     0     1
# FGMRES final (true) residual:
# Iteration = 4: |res|/|res0| = 2.69675e-11.

Computing volumes of the grid elements.
Non-linear iter.: 254/500. Linear iter.: 4. Min. area: 0.000151846. Error: 2.69675e-11.
Computing volumes of the grid elements.
Min. volume: 0.000151846, max. volume: 36.5349.

# FGMRES residual history
# Residual tolerance target = 1e-10
# Initial residual norm     = 6.92795e-10
     0     1
# FGMRES final (true) residual:
# Iteration = 4: |res|/|res0| = 2.69672e-11.

Computing volumes of the grid elements.
Non-linear iter.: 255/500. Linear iter.: 4. Min. area: 0.000151846. Error: 2.69672e-11.
Computing volumes of the grid elements.
Min. volume: 0.000151846, max. volume: 36.5349.

# FGMRES residual history
# Residual tolerance target = 1e-10
# Initial residual norm     = 6.92803e-10
     0     1
# FGMRES final (true) residual:
# Iteration = 4: |res|/|res0| = 2.69668e-11.

Computing volumes of the grid elements.
Non-linear iter.: 256/500. Linear iter.: 4. Min. area: 0.000151846. Error: 2.69668e-11.
Computing volumes of the grid elements.
Min. volume: 0.000151846, max. volume: 36.5349.

# FGMRES residual history
# Residual tolerance target = 1e-10
# Initial residual norm     = 6.9281e-10
     0     1
# FGMRES final (true) residual:
# Iteration = 4: |res|/|res0| = 2.69665e-11.

Computing volumes of the grid elements.
Non-linear iter.: 257/500. Linear iter.: 4. Min. area: 0.000151846. Error: 2.69665e-11.
Computing volumes of the grid elements.
Min. volume: 0.000151846, max. volume: 36.5349.

# FGMRES residual history
# Residual tolerance target = 1e-10
# Initial residual norm     = 6.92817e-10
     0     1
# FGMRES final (true) residual:
# Iteration = 4: |res|/|res0| = 2.69662e-11.

Computing volumes of the grid elements.
Non-linear iter.: 258/500. Linear iter.: 4. Min. area: 0.000151846. Error: 2.69662e-11.
Computing volumes of the grid elements.
Min. volume: 0.000151846, max. volume: 36.5349.

# FGMRES residual history
# Residual tolerance target = 1e-10
# Initial residual norm     = 6.92824e-10
     0     1
# FGMRES final (true) residual:
# Iteration = 4: |res|/|res0| = 2.69659e-11.

Computing volumes of the grid elements.
Non-linear iter.: 259/500. Linear iter.: 4. Min. area: 0.000151846. Error: 2.69659e-11.
Computing volumes of the grid elements.
Min. volume: 0.000151846, max. volume: 36.5349.

# FGMRES residual history
# Residual tolerance target = 1e-10
# Initial residual norm     = 6.92831e-10
     0     1
# FGMRES final (true) residual:
# Iteration = 4: |res|/|res0| = 2.69655e-11.

Computing volumes of the grid elements.
Non-linear iter.: 260/500. Linear iter.: 4. Min. area: 0.000151846. Error: 2.69655e-11.
Computing volumes of the grid elements.
Min. volume: 0.000151846, max. volume: 36.5349.

# FGMRES residual history
# Residual tolerance target = 1e-10
# Initial residual norm     = 6.92838e-10
     0     1
# FGMRES final (true) residual:
# Iteration = 4: |res|/|res0| = 2.69652e-11.

Computing volumes of the grid elements.
Non-linear iter.: 261/500. Linear iter.: 4. Min. area: 0.000151846. Error: 2.69652e-11.
Computing volumes of the grid elements.
Min. volume: 0.000151846, max. volume: 36.5349.

# FGMRES residual history
# Residual tolerance target = 1e-10
# Initial residual norm     = 6.92846e-10
     0     1
# FGMRES final (true) residual:
# Iteration = 4: |res|/|res0| = 2.69649e-11.

Computing volumes of the grid elements.
Non-linear iter.: 262/500. Linear iter.: 4. Min. area: 0.000151846. Error: 2.69649e-11.
Computing volumes of the grid elements.
Min. volume: 0.000151846, max. volume: 36.5349.

# FGMRES residual history
# Residual tolerance target = 1e-10
# Initial residual norm     = 6.92853e-10
     0     1
# FGMRES final (true) residual:
# Iteration = 4: |res|/|res0| = 2.69645e-11.

Computing volumes of the grid elements.
Non-linear iter.: 263/500. Linear iter.: 4. Min. area: 0.000151846. Error: 2.69645e-11.
Computing volumes of the grid elements.
Min. volume: 0.000151846, max. volume: 36.5349.

# FGMRES residual history
# Residual tolerance target = 1e-10
# Initial residual norm     = 6.9286e-10
     0     1
# FGMRES final (true) residual:
# Iteration = 4: |res|/|res0| = 2.69642e-11.

Computing volumes of the grid elements.
Non-linear iter.: 264/500. Linear iter.: 4. Min. area: 0.000151846. Error: 2.69642e-11.
Computing volumes of the grid elements.
Min. volume: 0.000151846, max. volume: 36.5349.

# FGMRES residual history
# Residual tolerance target = 1e-10
# Initial residual norm     = 6.92867e-10
     0     1
# FGMRES final (true) residual:
# Iteration = 4: |res|/|res0| = 2.69639e-11.

Computing volumes of the grid elements.
Non-linear iter.: 265/500. Linear iter.: 4. Min. area: 0.000151846. Error: 2.69639e-11.
Computing volumes of the grid elements.
Min. volume: 0.000151846, max. volume: 36.5349.

# FGMRES residual history
# Residual tolerance target = 1e-10
# Initial residual norm     = 6.92874e-10
     0     1
# FGMRES final (true) residual:
# Iteration = 4: |res|/|res0| = 2.69635e-11.

Computing volumes of the grid elements.
Non-linear iter.: 266/500. Linear iter.: 4. Min. area: 0.000151846. Error: 2.69635e-11.
Computing volumes of the grid elements.
Min. volume: 0.000151846, max. volume: 36.5349.

# FGMRES residual history
# Residual tolerance target = 1e-10
# Initial residual norm     = 6.92882e-10
     0     1
# FGMRES final (true) residual:
# Iteration = 4: |res|/|res0| = 2.69632e-11.

Computing volumes of the grid elements.
Non-linear iter.: 267/500. Linear iter.: 4. Min. area: 0.000151846. Error: 2.69632e-11.
Computing volumes of the grid elements.
Min. volume: 0.000151846, max. volume: 36.5349.

# FGMRES residual history
# Residual tolerance target = 1e-10
# Initial residual norm     = 6.92889e-10
     0     1
# FGMRES final (true) residual:
# Iteration = 4: |res|/|res0| = 2.69629e-11.

Computing volumes of the grid elements.
Non-linear iter.: 268/500. Linear iter.: 4. Min. area: 0.000151846. Error: 2.69629e-11.
Computing volumes of the grid elements.
Min. volume: 0.000151846, max. volume: 36.5349.

# FGMRES residual history
# Residual tolerance target = 1e-10
# Initial residual norm     = 6.92896e-10
     0     1
# FGMRES final (true) residual:
# Iteration = 4: |res|/|res0| = 2.69625e-11.

Computing volumes of the grid elements.
Non-linear iter.: 269/500. Linear iter.: 4. Min. area: 0.000151846. Error: 2.69625e-11.
Computing volumes of the grid elements.
Min. volume: 0.000151846, max. volume: 36.5349.

# FGMRES residual history
# Residual tolerance target = 1e-10
# Initial residual norm     = 6.92903e-10
     0     1
# FGMRES final (true) residual:
# Iteration = 4: |res|/|res0| = 2.69622e-11.

Computing volumes of the grid elements.
Non-linear iter.: 270/500. Linear iter.: 4. Min. area: 0.000151846. Error: 2.69622e-11.
Computing volumes of the grid elements.
Min. volume: 0.000151846, max. volume: 36.5349.

# FGMRES residual history
# Residual tolerance target = 1e-10
# Initial residual norm     = 6.9291e-10
     0     1
# FGMRES final (true) residual:
# Iteration = 4: |res|/|res0| = 2.69619e-11.

Computing volumes of the grid elements.
Non-linear iter.: 271/500. Linear iter.: 4. Min. area: 0.000151846. Error: 2.69619e-11.
Computing volumes of the grid elements.
Min. volume: 0.000151846, max. volume: 36.5349.

# FGMRES residual history
# Residual tolerance target = 1e-10
# Initial residual norm     = 6.92917e-10
     0     1
# FGMRES final (true) residual:
# Iteration = 4: |res|/|res0| = 2.69615e-11.

Computing volumes of the grid elements.
Non-linear iter.: 272/500. Linear iter.: 4. Min. area: 0.000151846. Error: 2.69615e-11.
Computing volumes of the grid elements.
Min. volume: 0.000151846, max. volume: 36.5349.

# FGMRES residual history
# Residual tolerance target = 1e-10
# Initial residual norm     = 6.92925e-10
     0     1
# FGMRES final (true) residual:
# Iteration = 4: |res|/|res0| = 2.69612e-11.

Computing volumes of the grid elements.
Non-linear iter.: 273/500. Linear iter.: 4. Min. area: 0.000151846. Error: 2.69612e-11.
Computing volumes of the grid elements.
Min. volume: 0.000151846, max. volume: 36.5349.

# FGMRES residual history
# Residual tolerance target = 1e-10
# Initial residual norm     = 6.92932e-10
     0     1
# FGMRES final (true) residual:
# Iteration = 4: |res|/|res0| = 2.69609e-11.

Computing volumes of the grid elements.
Non-linear iter.: 274/500. Linear iter.: 4. Min. area: 0.000151846. Error: 2.69609e-11.
Computing volumes of the grid elements.
Min. volume: 0.000151846, max. volume: 36.5349.

# FGMRES residual history
# Residual tolerance target = 1e-10
# Initial residual norm     = 6.92939e-10
     0     1
# FGMRES final (true) residual:
# Iteration = 4: |res|/|res0| = 2.69605e-11.

Computing volumes of the grid elements.
Non-linear iter.: 275/500. Linear iter.: 4. Min. area: 0.000151846. Error: 2.69605e-11.
Computing volumes of the grid elements.
Min. volume: 0.000151846, max. volume: 36.5349.

# FGMRES residual history
# Residual tolerance target = 1e-10
# Initial residual norm     = 6.92946e-10
     0     1
# FGMRES final (true) residual:
# Iteration = 4: |res|/|res0| = 2.69602e-11.

Computing volumes of the grid elements.
Non-linear iter.: 276/500. Linear iter.: 4. Min. area: 0.000151846. Error: 2.69602e-11.
Computing volumes of the grid elements.
Min. volume: 0.000151846, max. volume: 36.5349.

# FGMRES residual history
# Residual tolerance target = 1e-10
# Initial residual norm     = 6.92953e-10
     0     1
# FGMRES final (true) residual:
# Iteration = 4: |res|/|res0| = 2.69599e-11.

Computing volumes of the grid elements.
Non-linear iter.: 277/500. Linear iter.: 4. Min. area: 0.000151846. Error: 2.69599e-11.
Computing volumes of the grid elements.
Min. volume: 0.000151846, max. volume: 36.5349.

# FGMRES residual history
# Residual tolerance target = 1e-10
# Initial residual norm     = 6.92961e-10
     0     1
# FGMRES final (true) residual:
# Iteration = 4: |res|/|res0| = 2.69595e-11.

Computing volumes of the grid elements.
Non-linear iter.: 278/500. Linear iter.: 4. Min. area: 0.000151846. Error: 2.69595e-11.
Computing volumes of the grid elements.
Min. volume: 0.000151846, max. volume: 36.5349.

# FGMRES residual history
# Residual tolerance target = 1e-10
# Initial residual norm     = 6.92968e-10
     0     1
# FGMRES final (true) residual:
# Iteration = 4: |res|/|res0| = 2.69592e-11.

Computing volumes of the grid elements.
Non-linear iter.: 279/500. Linear iter.: 4. Min. area: 0.000151846. Error: 2.69592e-11.
Computing volumes of the grid elements.
Min. volume: 0.000151846, max. volume: 36.5349.

# FGMRES residual history
# Residual tolerance target = 1e-10
# Initial residual norm     = 6.92975e-10
     0     1
# FGMRES final (true) residual:
# Iteration = 4: |res|/|res0| = 2.69589e-11.

Computing volumes of the grid elements.
Non-linear iter.: 280/500. Linear iter.: 4. Min. area: 0.000151846. Error: 2.69589e-11.
Computing volumes of the grid elements.
Min. volume: 0.000151846, max. volume: 36.5349.

# FGMRES residual history
# Residual tolerance target = 1e-10
# Initial residual norm     = 6.92982e-10
     0     1
# FGMRES final (true) residual:
# Iteration = 4: |res|/|res0| = 2.69585e-11.

Computing volumes of the grid elements.
Non-linear iter.: 281/500. Linear iter.: 4. Min. area: 0.000151846. Error: 2.69585e-11.
Computing volumes of the grid elements.
Min. volume: 0.000151846, max. volume: 36.5349.

# FGMRES residual history
# Residual tolerance target = 1e-10
# Initial residual norm     = 6.92989e-10
     0     1
# FGMRES final (true) residual:
# Iteration = 4: |res|/|res0| = 2.69582e-11.

Computing volumes of the grid elements.
Non-linear iter.: 282/500. Linear iter.: 4. Min. area: 0.000151846. Error: 2.69582e-11.
Computing volumes of the grid elements.
Min. volume: 0.000151846, max. volume: 36.5349.

# FGMRES residual history
# Residual tolerance target = 1e-10
# Initial residual norm     = 6.92996e-10
     0     1
# FGMRES final (true) residual:
# Iteration = 4: |res|/|res0| = 2.69579e-11.

Computing volumes of the grid elements.
Non-linear iter.: 283/500. Linear iter.: 4. Min. area: 0.000151846. Error: 2.69579e-11.
Computing volumes of the grid elements.
Min. volume: 0.000151846, max. volume: 36.5349.

# FGMRES residual history
# Residual tolerance target = 1e-10
# Initial residual norm     = 6.93004e-10
     0     1
# FGMRES final (true) residual:
# Iteration = 4: |res|/|res0| = 2.69576e-11.

Computing volumes of the grid elements.
Non-linear iter.: 284/500. Linear iter.: 4. Min. area: 0.000151846. Error: 2.69576e-11.
Computing volumes of the grid elements.
Min. volume: 0.000151846, max. volume: 36.5349.

# FGMRES residual history
# Residual tolerance target = 1e-10
# Initial residual norm     = 6.93011e-10
     0     1
# FGMRES final (true) residual:
# Iteration = 4: |res|/|res0| = 2.69572e-11.

Computing volumes of the grid elements.
Non-linear iter.: 285/500. Linear iter.: 4. Min. area: 0.000151846. Error: 2.69572e-11.
Computing volumes of the grid elements.
Min. volume: 0.000151846, max. volume: 36.5349.

# FGMRES residual history
# Residual tolerance target = 1e-10
# Initial residual norm     = 6.93018e-10
     0     1
# FGMRES final (true) residual:
# Iteration = 4: |res|/|res0| = 2.69569e-11.

Computing volumes of the grid elements.
Non-linear iter.: 286/500. Linear iter.: 4. Min. area: 0.000151846. Error: 2.69569e-11.
Computing volumes of the grid elements.
Min. volume: 0.000151846, max. volume: 36.5349.

# FGMRES residual history
# Residual tolerance target = 1e-10
# Initial residual norm     = 6.93025e-10
     0     1
# FGMRES final (true) residual:
# Iteration = 4: |res|/|res0| = 2.69566e-11.

Computing volumes of the grid elements.
Non-linear iter.: 287/500. Linear iter.: 4. Min. area: 0.000151846. Error: 2.69566e-11.
Computing volumes of the grid elements.
Min. volume: 0.000151846, max. volume: 36.5349.

# FGMRES residual history
# Residual tolerance target = 1e-10
# Initial residual norm     = 6.93032e-10
     0     1
# FGMRES final (true) residual:
# Iteration = 4: |res|/|res0| = 2.69562e-11.

Computing volumes of the grid elements.
Non-linear iter.: 288/500. Linear iter.: 4. Min. area: 0.000151846. Error: 2.69562e-11.
Computing volumes of the grid elements.
Min. volume: 0.000151846, max. volume: 36.5349.

# FGMRES residual history
# Residual tolerance target = 1e-10
# Initial residual norm     = 6.9304e-10
     0     1
# FGMRES final (true) residual:
# Iteration = 4: |res|/|res0| = 2.69559e-11.

Computing volumes of the grid elements.
Non-linear iter.: 289/500. Linear iter.: 4. Min. area: 0.000151846. Error: 2.69559e-11.
Computing volumes of the grid elements.
Min. volume: 0.000151846, max. volume: 36.5349.

# FGMRES residual history
# Residual tolerance target = 1e-10
# Initial residual norm     = 6.93047e-10
     0     1
# FGMRES final (true) residual:
# Iteration = 4: |res|/|res0| = 2.69556e-11.

Computing volumes of the grid elements.
Non-linear iter.: 290/500. Linear iter.: 4. Min. area: 0.000151846. Error: 2.69556e-11.
Computing volumes of the grid elements.
Min. volume: 0.000151846, max. volume: 36.5349.

# FGMRES residual history
# Residual tolerance target = 1e-10
# Initial residual norm     = 6.93054e-10
     0     1
# FGMRES final (true) residual:
# Iteration = 4: |res|/|res0| = 2.69552e-11.

Computing volumes of the grid elements.
Non-linear iter.: 291/500. Linear iter.: 4. Min. area: 0.000151846. Error: 2.69552e-11.
Computing volumes of the grid elements.
Min. volume: 0.000151846, max. volume: 36.5349.

# FGMRES residual history
# Residual tolerance target = 1e-10
# Initial residual norm     = 6.93061e-10
     0     1
# FGMRES final (true) residual:
# Iteration = 4: |res|/|res0| = 2.69549e-11.

Computing volumes of the grid elements.
Non-linear iter.: 292/500. Linear iter.: 4. Min. area: 0.000151846. Error: 2.69549e-11.
Computing volumes of the grid elements.
Min. volume: 0.000151846, max. volume: 36.5349.

# FGMRES residual history
# Residual tolerance target = 1e-10
# Initial residual norm     = 6.93068e-10
     0     1
# FGMRES final (true) residual:
# Iteration = 4: |res|/|res0| = 2.69546e-11.

Computing volumes of the grid elements.
Non-linear iter.: 293/500. Linear iter.: 4. Min. area: 0.000151846. Error: 2.69546e-11.
Computing volumes of the grid elements.
Min. volume: 0.000151846, max. volume: 36.5349.

# FGMRES residual history
# Residual tolerance target = 1e-10
# Initial residual norm     = 6.93075e-10
     0     1
# FGMRES final (true) residual:
# Iteration = 4: |res|/|res0| = 2.69542e-11.

Computing volumes of the grid elements.
Non-linear iter.: 294/500. Linear iter.: 4. Min. area: 0.000151846. Error: 2.69542e-11.
Computing volumes of the grid elements.
Min. volume: 0.000151846, max. volume: 36.5349.

# FGMRES residual history
# Residual tolerance target = 1e-10
# Initial residual norm     = 6.93083e-10
     0     1
# FGMRES final (true) residual:
# Iteration = 4: |res|/|res0| = 2.69539e-11.

Computing volumes of the grid elements.
Non-linear iter.: 295/500. Linear iter.: 4. Min. area: 0.000151846. Error: 2.69539e-11.
Computing volumes of the grid elements.
Min. volume: 0.000151846, max. volume: 36.5349.

# FGMRES residual history
# Residual tolerance target = 1e-10
# Initial residual norm     = 6.9309e-10
     0     1
# FGMRES final (true) residual:
# Iteration = 4: |res|/|res0| = 2.69536e-11.

Computing volumes of the grid elements.
Non-linear iter.: 296/500. Linear iter.: 4. Min. area: 0.000151846. Error: 2.69536e-11.
Computing volumes of the grid elements.
Min. volume: 0.000151846, max. volume: 36.5349.

# FGMRES residual history
# Residual tolerance target = 1e-10
# Initial residual norm     = 6.93097e-10
     0     1
# FGMRES final (true) residual:
# Iteration = 4: |res|/|res0| = 2.69532e-11.

Computing volumes of the grid elements.
Non-linear iter.: 297/500. Linear iter.: 4. Min. area: 0.000151846. Error: 2.69532e-11.
Computing volumes of the grid elements.
Min. volume: 0.000151846, max. volume: 36.5349.

# FGMRES residual history
# Residual tolerance target = 1e-10
# Initial residual norm     = 6.93104e-10
     0     1
# FGMRES final (true) residual:
# Iteration = 4: |res|/|res0| = 2.69529e-11.

Computing volumes of the grid elements.
Non-linear iter.: 298/500. Linear iter.: 4. Min. area: 0.000151846. Error: 2.69529e-11.
Computing volumes of the grid elements.
Min. volume: 0.000151846, max. volume: 36.5349.

# FGMRES residual history
# Residual tolerance target = 1e-10
# Initial residual norm     = 6.93111e-10
     0     1
# FGMRES final (true) residual:
# Iteration = 4: |res|/|res0| = 2.69526e-11.

Computing volumes of the grid elements.
Non-linear iter.: 299/500. Linear iter.: 4. Min. area: 0.000151846. Error: 2.69526e-11.
Computing volumes of the grid elements.
Min. volume: 0.000151846, max. volume: 36.5349.

# FGMRES residual history
# Residual tolerance target = 1e-10
# Initial residual norm     = 6.93119e-10
     0     1
# FGMRES final (true) residual:
# Iteration = 4: |res|/|res0| = 2.69522e-11.

Computing volumes of the grid elements.
Non-linear iter.: 300/500. Linear iter.: 4. Min. area: 0.000151846. Error: 2.69522e-11.
Computing volumes of the grid elements.
Min. volume: 0.000151846, max. volume: 36.5349.

# FGMRES residual history
# Residual tolerance target = 1e-10
# Initial residual norm     = 6.93126e-10
     0     1
# FGMRES final (true) residual:
# Iteration = 4: |res|/|res0| = 2.69519e-11.

Computing volumes of the grid elements.
Non-linear iter.: 301/500. Linear iter.: 4. Min. area: 0.000151846. Error: 2.69519e-11.
Computing volumes of the grid elements.
Min. volume: 0.000151846, max. volume: 36.5349.

# FGMRES residual history
# Residual tolerance target = 1e-10
# Initial residual norm     = 6.93133e-10
     0     1
# FGMRES final (true) residual:
# Iteration = 4: |res|/|res0| = 2.69516e-11.

Computing volumes of the grid elements.
Non-linear iter.: 302/500. Linear iter.: 4. Min. area: 0.000151846. Error: 2.69516e-11.
Computing volumes of the grid elements.
Min. volume: 0.000151846, max. volume: 36.5349.

# FGMRES residual history
# Residual tolerance target = 1e-10
# Initial residual norm     = 6.9314e-10
     0     1
# FGMRES final (true) residual:
# Iteration = 4: |res|/|res0| = 2.69512e-11.

Computing volumes of the grid elements.
Non-linear iter.: 303/500. Linear iter.: 4. Min. area: 0.000151846. Error: 2.69512e-11.
Computing volumes of the grid elements.
Min. volume: 0.000151846, max. volume: 36.5349.

# FGMRES residual history
# Residual tolerance target = 1e-10
# Initial residual norm     = 6.93147e-10
     0     1
# FGMRES final (true) residual:
# Iteration = 4: |res|/|res0| = 2.69509e-11.

Computing volumes of the grid elements.
Non-linear iter.: 304/500. Linear iter.: 4. Min. area: 0.000151846. Error: 2.69509e-11.
Computing volumes of the grid elements.
Min. volume: 0.000151846, max. volume: 36.5349.

# FGMRES residual history
# Residual tolerance target = 1e-10
# Initial residual norm     = 6.93154e-10
     0     1
# FGMRES final (true) residual:
# Iteration = 4: |res|/|res0| = 2.69506e-11.

Computing volumes of the grid elements.
Non-linear iter.: 305/500. Linear iter.: 4. Min. area: 0.000151846. Error: 2.69506e-11.
Computing volumes of the grid elements.
Min. volume: 0.000151846, max. volume: 36.5349.

# FGMRES residual history
# Residual tolerance target = 1e-10
# Initial residual norm     = 6.93162e-10
     0     1
# FGMRES final (true) residual:
# Iteration = 4: |res|/|res0| = 2.69503e-11.

Computing volumes of the grid elements.
Non-linear iter.: 306/500. Linear iter.: 4. Min. area: 0.000151846. Error: 2.69503e-11.
Computing volumes of the grid elements.
Min. volume: 0.000151846, max. volume: 36.5349.

# FGMRES residual history
# Residual tolerance target = 1e-10
# Initial residual norm     = 6.93169e-10
     0     1
# FGMRES final (true) residual:
# Iteration = 4: |res|/|res0| = 2.69499e-11.

Computing volumes of the grid elements.
Non-linear iter.: 307/500. Linear iter.: 4. Min. area: 0.000151846. Error: 2.69499e-11.
Computing volumes of the grid elements.
Min. volume: 0.000151846, max. volume: 36.5349.

# FGMRES residual history
# Residual tolerance target = 1e-10
# Initial residual norm     = 6.93176e-10
     0     1
# FGMRES final (true) residual:
# Iteration = 4: |res|/|res0| = 2.69496e-11.

Computing volumes of the grid elements.
Non-linear iter.: 308/500. Linear iter.: 4. Min. area: 0.000151846. Error: 2.69496e-11.
Computing volumes of the grid elements.
Min. volume: 0.000151846, max. volume: 36.5349.

# FGMRES residual history
# Residual tolerance target = 1e-10
# Initial residual norm     = 6.93183e-10
     0     1
# FGMRES final (true) residual:
# Iteration = 4: |res|/|res0| = 2.69493e-11.

Computing volumes of the grid elements.
Non-linear iter.: 309/500. Linear iter.: 4. Min. area: 0.000151846. Error: 2.69493e-11.
Computing volumes of the grid elements.
Min. volume: 0.000151846, max. volume: 36.5349.

# FGMRES residual history
# Residual tolerance target = 1e-10
# Initial residual norm     = 6.9319e-10
     0     1
# FGMRES final (true) residual:
# Iteration = 4: |res|/|res0| = 2.69489e-11.

Computing volumes of the grid elements.
Non-linear iter.: 310/500. Linear iter.: 4. Min. area: 0.000151846. Error: 2.69489e-11.
Computing volumes of the grid elements.
Min. volume: 0.000151846, max. volume: 36.5349.

# FGMRES residual history
# Residual tolerance target = 1e-10
# Initial residual norm     = 6.93198e-10
     0     1
# FGMRES final (true) residual:
# Iteration = 4: |res|/|res0| = 2.69486e-11.

Computing volumes of the grid elements.
Non-linear iter.: 311/500. Linear iter.: 4. Min. area: 0.000151846. Error: 2.69486e-11.
Computing volumes of the grid elements.
Min. volume: 0.000151846, max. volume: 36.5349.

# FGMRES residual history
# Residual tolerance target = 1e-10
# Initial residual norm     = 6.93205e-10
     0     1
# FGMRES final (true) residual:
# Iteration = 4: |res|/|res0| = 2.69483e-11.

Computing volumes of the grid elements.
Non-linear iter.: 312/500. Linear iter.: 4. Min. area: 0.000151846. Error: 2.69483e-11.
Computing volumes of the grid elements.
Min. volume: 0.000151846, max. volume: 36.5349.

# FGMRES residual history
# Residual tolerance target = 1e-10
# Initial residual norm     = 6.93212e-10
     0     1
# FGMRES final (true) residual:
# Iteration = 4: |res|/|res0| = 2.69479e-11.

Computing volumes of the grid elements.
Non-linear iter.: 313/500. Linear iter.: 4. Min. area: 0.000151846. Error: 2.69479e-11.
Computing volumes of the grid elements.
Min. volume: 0.000151846, max. volume: 36.5349.

# FGMRES residual history
# Residual tolerance target = 1e-10
# Initial residual norm     = 6.93219e-10
     0     1
# FGMRES final (true) residual:
# Iteration = 4: |res|/|res0| = 2.69476e-11.

Computing volumes of the grid elements.
Non-linear iter.: 314/500. Linear iter.: 4. Min. area: 0.000151846. Error: 2.69476e-11.
Computing volumes of the grid elements.
Min. volume: 0.000151846, max. volume: 36.5349.

# FGMRES residual history
# Residual tolerance target = 1e-10
# Initial residual norm     = 6.93226e-10
     0     1
# FGMRES final (true) residual:
# Iteration = 4: |res|/|res0| = 2.69473e-11.

Computing volumes of the grid elements.
Non-linear iter.: 315/500. Linear iter.: 4. Min. area: 0.000151846. Error: 2.69473e-11.
Computing volumes of the grid elements.
Min. volume: 0.000151846, max. volume: 36.5349.

# FGMRES residual history
# Residual tolerance target = 1e-10
# Initial residual norm     = 6.93234e-10
     0     1
# FGMRES final (true) residual:
# Iteration = 4: |res|/|res0| = 2.69469e-11.

Computing volumes of the grid elements.
Non-linear iter.: 316/500. Linear iter.: 4. Min. area: 0.000151846. Error: 2.69469e-11.
Computing volumes of the grid elements.
Min. volume: 0.000151846, max. volume: 36.5349.

# FGMRES residual history
# Residual tolerance target = 1e-10
# Initial residual norm     = 6.93241e-10
     0     1
# FGMRES final (true) residual:
# Iteration = 4: |res|/|res0| = 2.69466e-11.

Computing volumes of the grid elements.
Non-linear iter.: 317/500. Linear iter.: 4. Min. area: 0.000151846. Error: 2.69466e-11.
Computing volumes of the grid elements.
Min. volume: 0.000151846, max. volume: 36.5349.

# FGMRES residual history
# Residual tolerance target = 1e-10
# Initial residual norm     = 6.93248e-10
     0     1
# FGMRES final (true) residual:
# Iteration = 4: |res|/|res0| = 2.69463e-11.

Computing volumes of the grid elements.
Non-linear iter.: 318/500. Linear iter.: 4. Min. area: 0.000151846. Error: 2.69463e-11.
Computing volumes of the grid elements.
Min. volume: 0.000151846, max. volume: 36.5349.

# FGMRES residual history
# Residual tolerance target = 1e-10
# Initial residual norm     = 6.93255e-10
     0     1
# FGMRES final (true) residual:
# Iteration = 4: |res|/|res0| = 2.69459e-11.

Computing volumes of the grid elements.
Non-linear iter.: 319/500. Linear iter.: 4. Min. area: 0.000151846. Error: 2.69459e-11.
Computing volumes of the grid elements.
Min. volume: 0.000151846, max. volume: 36.5349.

# FGMRES residual history
# Residual tolerance target = 1e-10
# Initial residual norm     = 6.93262e-10
     0     1
# FGMRES final (true) residual:
# Iteration = 4: |res|/|res0| = 2.69456e-11.

Computing volumes of the grid elements.
Non-linear iter.: 320/500. Linear iter.: 4. Min. area: 0.000151846. Error: 2.69456e-11.
Computing volumes of the grid elements.
Min. volume: 0.000151846, max. volume: 36.5349.

# FGMRES residual history
# Residual tolerance target = 1e-10
# Initial residual norm     = 6.9327e-10
     0     1
# FGMRES final (true) residual:
# Iteration = 4: |res|/|res0| = 2.69453e-11.

Computing volumes of the grid elements.
Non-linear iter.: 321/500. Linear iter.: 4. Min. area: 0.000151846. Error: 2.69453e-11.
Computing volumes of the grid elements.
Min. volume: 0.000151846, max. volume: 36.5349.

# FGMRES residual history
# Residual tolerance target = 1e-10
# Initial residual norm     = 6.93277e-10
     0     1
# FGMRES final (true) residual:
# Iteration = 4: |res|/|res0| = 2.69449e-11.

Computing volumes of the grid elements.
Non-linear iter.: 322/500. Linear iter.: 4. Min. area: 0.000151846. Error: 2.69449e-11.
Computing volumes of the grid elements.
Min. volume: 0.000151846, max. volume: 36.5349.

# FGMRES residual history
# Residual tolerance target = 1e-10
# Initial residual norm     = 6.93284e-10
     0     1
# FGMRES final (true) residual:
# Iteration = 4: |res|/|res0| = 2.69446e-11.

Computing volumes of the grid elements.
Non-linear iter.: 323/500. Linear iter.: 4. Min. area: 0.000151846. Error: 2.69446e-11.
Computing volumes of the grid elements.
Min. volume: 0.000151846, max. volume: 36.5349.

# FGMRES residual history
# Residual tolerance target = 1e-10
# Initial residual norm     = 6.93291e-10
     0     1
# FGMRES final (true) residual:
# Iteration = 4: |res|/|res0| = 2.69443e-11.

Computing volumes of the grid elements.
Non-linear iter.: 324/500. Linear iter.: 4. Min. area: 0.000151846. Error: 2.69443e-11.
Computing volumes of the grid elements.
Min. volume: 0.000151846, max. volume: 36.5349.

# FGMRES residual history
# Residual tolerance target = 1e-10
# Initial residual norm     = 6.93298e-10
     0     1
# FGMRES final (true) residual:
# Iteration = 4: |res|/|res0| = 2.69439e-11.

Computing volumes of the grid elements.
Non-linear iter.: 325/500. Linear iter.: 4. Min. area: 0.000151846. Error: 2.69439e-11.
Computing volumes of the grid elements.
Min. volume: 0.000151846, max. volume: 36.5349.

# FGMRES residual history
# Residual tolerance target = 1e-10
# Initial residual norm     = 6.93305e-10
     0     1
# FGMRES final (true) residual:
# Iteration = 4: |res|/|res0| = 2.69436e-11.

Computing volumes of the grid elements.
Non-linear iter.: 326/500. Linear iter.: 4. Min. area: 0.000151846. Error: 2.69436e-11.
Computing volumes of the grid elements.
Min. volume: 0.000151846, max. volume: 36.5349.

# FGMRES residual history
# Residual tolerance target = 1e-10
# Initial residual norm     = 6.93313e-10
     0     1
# FGMRES final (true) residual:
# Iteration = 4: |res|/|res0| = 2.69433e-11.

Computing volumes of the grid elements.
Non-linear iter.: 327/500. Linear iter.: 4. Min. area: 0.000151846. Error: 2.69433e-11.
Computing volumes of the grid elements.
Min. volume: 0.000151846, max. volume: 36.5349.

# FGMRES residual history
# Residual tolerance target = 1e-10
# Initial residual norm     = 6.9332e-10
     0     1
# FGMRES final (true) residual:
# Iteration = 4: |res|/|res0| = 2.69429e-11.

Computing volumes of the grid elements.
Non-linear iter.: 328/500. Linear iter.: 4. Min. area: 0.000151846. Error: 2.69429e-11.
Computing volumes of the grid elements.
Min. volume: 0.000151846, max. volume: 36.5349.

# FGMRES residual history
# Residual tolerance target = 1e-10
# Initial residual norm     = 6.93327e-10
     0     1
# FGMRES final (true) residual:
# Iteration = 4: |res|/|res0| = 2.69426e-11.

Computing volumes of the grid elements.
Non-linear iter.: 329/500. Linear iter.: 4. Min. area: 0.000151846. Error: 2.69426e-11.
Computing volumes of the grid elements.
Min. volume: 0.000151846, max. volume: 36.5349.

# FGMRES residual history
# Residual tolerance target = 1e-10
# Initial residual norm     = 6.93334e-10
     0     1
# FGMRES final (true) residual:
# Iteration = 4: |res|/|res0| = 2.69423e-11.

Computing volumes of the grid elements.
Non-linear iter.: 330/500. Linear iter.: 4. Min. area: 0.000151846. Error: 2.69423e-11.
Computing volumes of the grid elements.
Min. volume: 0.000151846, max. volume: 36.5349.

# FGMRES residual history
# Residual tolerance target = 1e-10
# Initial residual norm     = 6.93341e-10
     0     1
# FGMRES final (true) residual:
# Iteration = 4: |res|/|res0| = 2.69419e-11.

Computing volumes of the grid elements.
Non-linear iter.: 331/500. Linear iter.: 4. Min. area: 0.000151846. Error: 2.69419e-11.
Computing volumes of the grid elements.
Min. volume: 0.000151846, max. volume: 36.5349.

# FGMRES residual history
# Residual tolerance target = 1e-10
# Initial residual norm     = 6.93349e-10
     0     1
# FGMRES final (true) residual:
# Iteration = 4: |res|/|res0| = 2.69416e-11.

Computing volumes of the grid elements.
Non-linear iter.: 332/500. Linear iter.: 4. Min. area: 0.000151846. Error: 2.69416e-11.
Computing volumes of the grid elements.
Min. volume: 0.000151846, max. volume: 36.5349.

# FGMRES residual history
# Residual tolerance target = 1e-10
# Initial residual norm     = 6.93356e-10
     0     1
# FGMRES final (true) residual:
# Iteration = 4: |res|/|res0| = 2.69413e-11.

Computing volumes of the grid elements.
Non-linear iter.: 333/500. Linear iter.: 4. Min. area: 0.000151846. Error: 2.69413e-11.
Computing volumes of the grid elements.
Min. volume: 0.000151846, max. volume: 36.5349.

# FGMRES residual history
# Residual tolerance target = 1e-10
# Initial residual norm     = 6.93363e-10
     0     1
# FGMRES final (true) residual:
# Iteration = 4: |res|/|res0| = 2.6941e-11.

Computing volumes of the grid elements.
Non-linear iter.: 334/500. Linear iter.: 4. Min. area: 0.000151846. Error: 2.6941e-11.
Computing volumes of the grid elements.
Min. volume: 0.000151846, max. volume: 36.5349.

# FGMRES residual history
# Residual tolerance target = 1e-10
# Initial residual norm     = 6.9337e-10
     0     1
# FGMRES final (true) residual:
# Iteration = 4: |res|/|res0| = 2.69406e-11.

Computing volumes of the grid elements.
Non-linear iter.: 335/500. Linear iter.: 4. Min. area: 0.000151846. Error: 2.69406e-11.
Computing volumes of the grid elements.
Min. volume: 0.000151846, max. volume: 36.5349.

# FGMRES residual history
# Residual tolerance target = 1e-10
# Initial residual norm     = 6.93377e-10
     0     1
# FGMRES final (true) residual:
# Iteration = 4: |res|/|res0| = 2.69403e-11.

Computing volumes of the grid elements.
Non-linear iter.: 336/500. Linear iter.: 4. Min. area: 0.000151846. Error: 2.69403e-11.
Computing volumes of the grid elements.
Min. volume: 0.000151846, max. volume: 36.5349.

# FGMRES residual history
# Residual tolerance target = 1e-10
# Initial residual norm     = 6.93385e-10
     0     1
# FGMRES final (true) residual:
# Iteration = 4: |res|/|res0| = 2.694e-11.

Computing volumes of the grid elements.
Non-linear iter.: 337/500. Linear iter.: 4. Min. area: 0.000151846. Error: 2.694e-11.
Computing volumes of the grid elements.
Min. volume: 0.000151846, max. volume: 36.5349.

# FGMRES residual history
# Residual tolerance target = 1e-10
# Initial residual norm     = 6.93392e-10
     0     1
# FGMRES final (true) residual:
# Iteration = 4: |res|/|res0| = 2.69396e-11.

Computing volumes of the grid elements.
Non-linear iter.: 338/500. Linear iter.: 4. Min. area: 0.000151846. Error: 2.69396e-11.
Computing volumes of the grid elements.
Min. volume: 0.000151846, max. volume: 36.5349.

# FGMRES residual history
# Residual tolerance target = 1e-10
# Initial residual norm     = 6.93399e-10
     0     1
# FGMRES final (true) residual:
# Iteration = 4: |res|/|res0| = 2.69393e-11.

Computing volumes of the grid elements.
Non-linear iter.: 339/500. Linear iter.: 4. Min. area: 0.000151846. Error: 2.69393e-11.
Computing volumes of the grid elements.
Min. volume: 0.000151846, max. volume: 36.5349.

# FGMRES residual history
# Residual tolerance target = 1e-10
# Initial residual norm     = 6.93406e-10
     0     1
# FGMRES final (true) residual:
# Iteration = 4: |res|/|res0| = 2.6939e-11.

Computing volumes of the grid elements.
Non-linear iter.: 340/500. Linear iter.: 4. Min. area: 0.000151846. Error: 2.6939e-11.
Computing volumes of the grid elements.
Min. volume: 0.000151846, max. volume: 36.5349.

# FGMRES residual history
# Residual tolerance target = 1e-10
# Initial residual norm     = 6.93413e-10
     0     1
# FGMRES final (true) residual:
# Iteration = 4: |res|/|res0| = 2.69386e-11.

Computing volumes of the grid elements.
Non-linear iter.: 341/500. Linear iter.: 4. Min. area: 0.000151846. Error: 2.69386e-11.
Computing volumes of the grid elements.
Min. volume: 0.000151846, max. volume: 36.5349.

# FGMRES residual history
# Residual tolerance target = 1e-10
# Initial residual norm     = 6.93421e-10
     0     1
# FGMRES final (true) residual:
# Iteration = 4: |res|/|res0| = 2.69383e-11.

Computing volumes of the grid elements.
Non-linear iter.: 342/500. Linear iter.: 4. Min. area: 0.000151846. Error: 2.69383e-11.
Computing volumes of the grid elements.
Min. volume: 0.000151846, max. volume: 36.5349.

# FGMRES residual history
# Residual tolerance target = 1e-10
# Initial residual norm     = 6.93428e-10
     0     1
# FGMRES final (true) residual:
# Iteration = 4: |res|/|res0| = 2.6938e-11.

Computing volumes of the grid elements.
Non-linear iter.: 343/500. Linear iter.: 4. Min. area: 0.000151846. Error: 2.6938e-11.
Computing volumes of the grid elements.
Min. volume: 0.000151846, max. volume: 36.5349.

# FGMRES residual history
# Residual tolerance target = 1e-10
# Initial residual norm     = 6.93435e-10
     0     1
# FGMRES final (true) residual:
# Iteration = 4: |res|/|res0| = 2.69376e-11.

Computing volumes of the grid elements.
Non-linear iter.: 344/500. Linear iter.: 4. Min. area: 0.000151846. Error: 2.69376e-11.
Computing volumes of the grid elements.
Min. volume: 0.000151846, max. volume: 36.5349.

# FGMRES residual history
# Residual tolerance target = 1e-10
# Initial residual norm     = 6.93442e-10
     0     1
# FGMRES final (true) residual:
# Iteration = 4: |res|/|res0| = 2.69373e-11.

Computing volumes of the grid elements.
Non-linear iter.: 345/500. Linear iter.: 4. Min. area: 0.000151846. Error: 2.69373e-11.
Computing volumes of the grid elements.
Min. volume: 0.000151846, max. volume: 36.5349.

# FGMRES residual history
# Residual tolerance target = 1e-10
# Initial residual norm     = 6.93449e-10
     0     1
# FGMRES final (true) residual:
# Iteration = 4: |res|/|res0| = 2.6937e-11.

Computing volumes of the grid elements.
Non-linear iter.: 346/500. Linear iter.: 4. Min. area: 0.000151846. Error: 2.6937e-11.
Computing volumes of the grid elements.
Min. volume: 0.000151846, max. volume: 36.5349.

# FGMRES residual history
# Residual tolerance target = 1e-10
# Initial residual norm     = 6.93457e-10
     0     1
# FGMRES final (true) residual:
# Iteration = 4: |res|/|res0| = 2.69366e-11.

Computing volumes of the grid elements.
Non-linear iter.: 347/500. Linear iter.: 4. Min. area: 0.000151846. Error: 2.69366e-11.
Computing volumes of the grid elements.
Min. volume: 0.000151846, max. volume: 36.5349.

# FGMRES residual history
# Residual tolerance target = 1e-10
# Initial residual norm     = 6.93464e-10
     0     1
# FGMRES final (true) residual:
# Iteration = 4: |res|/|res0| = 2.69363e-11.

Computing volumes of the grid elements.
Non-linear iter.: 348/500. Linear iter.: 4. Min. area: 0.000151846. Error: 2.69363e-11.
Computing volumes of the grid elements.
Min. volume: 0.000151846, max. volume: 36.5349.

# FGMRES residual history
# Residual tolerance target = 1e-10
# Initial residual norm     = 6.93471e-10
     0     1
# FGMRES final (true) residual:
# Iteration = 4: |res|/|res0| = 2.6936e-11.

Computing volumes of the grid elements.
Non-linear iter.: 349/500. Linear iter.: 4. Min. area: 0.000151846. Error: 2.6936e-11.
Computing volumes of the grid elements.
Min. volume: 0.000151846, max. volume: 36.5349.

# FGMRES residual history
# Residual tolerance target = 1e-10
# Initial residual norm     = 6.93478e-10
     0     1
# FGMRES final (true) residual:
# Iteration = 4: |res|/|res0| = 2.69356e-11.

Computing volumes of the grid elements.
Non-linear iter.: 350/500. Linear iter.: 4. Min. area: 0.000151846. Error: 2.69356e-11.
Computing volumes of the grid elements.
Min. volume: 0.000151846, max. volume: 36.5349.

# FGMRES residual history
# Residual tolerance target = 1e-10
# Initial residual norm     = 6.93485e-10
     0     1
# FGMRES final (true) residual:
# Iteration = 4: |res|/|res0| = 2.69353e-11.

Computing volumes of the grid elements.
Non-linear iter.: 351/500. Linear iter.: 4. Min. area: 0.000151846. Error: 2.69353e-11.
Computing volumes of the grid elements.
Min. volume: 0.000151846, max. volume: 36.5349.

# FGMRES residual history
# Residual tolerance target = 1e-10
# Initial residual norm     = 6.93493e-10
     0     1
# FGMRES final (true) residual:
# Iteration = 4: |res|/|res0| = 2.6935e-11.

Computing volumes of the grid elements.
Non-linear iter.: 352/500. Linear iter.: 4. Min. area: 0.000151846. Error: 2.6935e-11.
Computing volumes of the grid elements.
Min. volume: 0.000151846, max. volume: 36.5349.

# FGMRES residual history
# Residual tolerance target = 1e-10
# Initial residual norm     = 6.935e-10
     0     1
# FGMRES final (true) residual:
# Iteration = 4: |res|/|res0| = 2.69346e-11.

Computing volumes of the grid elements.
Non-linear iter.: 353/500. Linear iter.: 4. Min. area: 0.000151846. Error: 2.69346e-11.
Computing volumes of the grid elements.
Min. volume: 0.000151846, max. volume: 36.5349.

# FGMRES residual history
# Residual tolerance target = 1e-10
# Initial residual norm     = 6.93507e-10
     0     1
# FGMRES final (true) residual:
# Iteration = 4: |res|/|res0| = 2.69343e-11.

Computing volumes of the grid elements.
Non-linear iter.: 354/500. Linear iter.: 4. Min. area: 0.000151846. Error: 2.69343e-11.
Computing volumes of the grid elements.
Min. volume: 0.000151846, max. volume: 36.5349.

# FGMRES residual history
# Residual tolerance target = 1e-10
# Initial residual norm     = 6.93514e-10
     0     1
# FGMRES final (true) residual:
# Iteration = 4: |res|/|res0| = 2.6934e-11.

Computing volumes of the grid elements.
Non-linear iter.: 355/500. Linear iter.: 4. Min. area: 0.000151846. Error: 2.6934e-11.
Computing volumes of the grid elements.
Min. volume: 0.000151846, max. volume: 36.5349.

# FGMRES residual history
# Residual tolerance target = 1e-10
# Initial residual norm     = 6.93521e-10
     0     1
# FGMRES final (true) residual:
# Iteration = 4: |res|/|res0| = 2.69336e-11.

Computing volumes of the grid elements.
Non-linear iter.: 356/500. Linear iter.: 4. Min. area: 0.000151846. Error: 2.69336e-11.
Computing volumes of the grid elements.
Min. volume: 0.000151846, max. volume: 36.5349.

# FGMRES residual history
# Residual tolerance target = 1e-10
# Initial residual norm     = 6.93529e-10
     0     1
# FGMRES final (true) residual:
# Iteration = 4: |res|/|res0| = 2.69333e-11.

Computing volumes of the grid elements.
Non-linear iter.: 357/500. Linear iter.: 4. Min. area: 0.000151846. Error: 2.69333e-11.
Computing volumes of the grid elements.
Min. volume: 0.000151846, max. volume: 36.5349.

# FGMRES residual history
# Residual tolerance target = 1e-10
# Initial residual norm     = 6.93536e-10
     0     1
# FGMRES final (true) residual:
# Iteration = 4: |res|/|res0| = 2.6933e-11.

Computing volumes of the grid elements.
Non-linear iter.: 358/500. Linear iter.: 4. Min. area: 0.000151846. Error: 2.6933e-11.
Computing volumes of the grid elements.
Min. volume: 0.000151846, max. volume: 36.5349.

# FGMRES residual history
# Residual tolerance target = 1e-10
# Initial residual norm     = 6.93543e-10
     0     1
# FGMRES final (true) residual:
# Iteration = 4: |res|/|res0| = 2.69326e-11.

Computing volumes of the grid elements.
Non-linear iter.: 359/500. Linear iter.: 4. Min. area: 0.000151846. Error: 2.69326e-11.
Computing volumes of the grid elements.
Min. volume: 0.000151846, max. volume: 36.5349.

# FGMRES residual history
# Residual tolerance target = 1e-10
# Initial residual norm     = 6.9355e-10
     0     1
# FGMRES final (true) residual:
# Iteration = 4: |res|/|res0| = 2.69323e-11.

Computing volumes of the grid elements.
Non-linear iter.: 360/500. Linear iter.: 4. Min. area: 0.000151846. Error: 2.69323e-11.
Computing volumes of the grid elements.
Min. volume: 0.000151846, max. volume: 36.5349.

# FGMRES residual history
# Residual tolerance target = 1e-10
# Initial residual norm     = 6.93557e-10
     0     1
# FGMRES final (true) residual:
# Iteration = 4: |res|/|res0| = 2.6932e-11.

Computing volumes of the grid elements.
Non-linear iter.: 361/500. Linear iter.: 4. Min. area: 0.000151846. Error: 2.6932e-11.
Computing volumes of the grid elements.
Min. volume: 0.000151846, max. volume: 36.5349.

# FGMRES residual history
# Residual tolerance target = 1e-10
# Initial residual norm     = 6.93565e-10
     0     1
# FGMRES final (true) residual:
# Iteration = 4: |res|/|res0| = 2.69317e-11.

Computing volumes of the grid elements.
Non-linear iter.: 362/500. Linear iter.: 4. Min. area: 0.000151846. Error: 2.69317e-11.
Computing volumes of the grid elements.
Min. volume: 0.000151846, max. volume: 36.5349.

# FGMRES residual history
# Residual tolerance target = 1e-10
# Initial residual norm     = 6.93572e-10
     0     1
# FGMRES final (true) residual:
# Iteration = 4: |res|/|res0| = 2.69313e-11.

Computing volumes of the grid elements.
Non-linear iter.: 363/500. Linear iter.: 4. Min. area: 0.000151846. Error: 2.69313e-11.
Computing volumes of the grid elements.
Min. volume: 0.000151846, max. volume: 36.5349.

# FGMRES residual history
# Residual tolerance target = 1e-10
# Initial residual norm     = 6.93579e-10
     0     1
# FGMRES final (true) residual:
# Iteration = 4: |res|/|res0| = 2.6931e-11.

Computing volumes of the grid elements.
Non-linear iter.: 364/500. Linear iter.: 4. Min. area: 0.000151846. Error: 2.6931e-11.
Computing volumes of the grid elements.
Min. volume: 0.000151846, max. volume: 36.5349.

# FGMRES residual history
# Residual tolerance target = 1e-10
# Initial residual norm     = 6.93586e-10
     0     1
# FGMRES final (true) residual:
# Iteration = 4: |res|/|res0| = 2.69307e-11.

Computing volumes of the grid elements.
Non-linear iter.: 365/500. Linear iter.: 4. Min. area: 0.000151846. Error: 2.69307e-11.
Computing volumes of the grid elements.
Min. volume: 0.000151846, max. volume: 36.5349.

# FGMRES residual history
# Residual tolerance target = 1e-10
# Initial residual norm     = 6.93593e-10
     0     1
# FGMRES final (true) residual:
# Iteration = 4: |res|/|res0| = 2.69303e-11.

Computing volumes of the grid elements.
Non-linear iter.: 366/500. Linear iter.: 4. Min. area: 0.000151846. Error: 2.69303e-11.
Computing volumes of the grid elements.
Min. volume: 0.000151846, max. volume: 36.5349.

# FGMRES residual history
# Residual tolerance target = 1e-10
# Initial residual norm     = 6.93601e-10
     0     1
# FGMRES final (true) residual:
# Iteration = 4: |res|/|res0| = 2.693e-11.

Computing volumes of the grid elements.
Non-linear iter.: 367/500. Linear iter.: 4. Min. area: 0.000151846. Error: 2.693e-11.
Computing volumes of the grid elements.
Min. volume: 0.000151846, max. volume: 36.5349.

# FGMRES residual history
# Residual tolerance target = 1e-10
# Initial residual norm     = 6.93608e-10
     0     1
# FGMRES final (true) residual:
# Iteration = 4: |res|/|res0| = 2.69297e-11.

Computing volumes of the grid elements.
Non-linear iter.: 368/500. Linear iter.: 4. Min. area: 0.000151846. Error: 2.69297e-11.
Computing volumes of the grid elements.
Min. volume: 0.000151846, max. volume: 36.5349.

# FGMRES residual history
# Residual tolerance target = 1e-10
# Initial residual norm     = 6.93615e-10
     0     1
# FGMRES final (true) residual:
# Iteration = 4: |res|/|res0| = 2.69293e-11.

Computing volumes of the grid elements.
Non-linear iter.: 369/500. Linear iter.: 4. Min. area: 0.000151846. Error: 2.69293e-11.
Computing volumes of the grid elements.
Min. volume: 0.000151846, max. volume: 36.5349.

# FGMRES residual history
# Residual tolerance target = 1e-10
# Initial residual norm     = 6.93622e-10
     0     1
# FGMRES final (true) residual:
# Iteration = 4: |res|/|res0| = 2.6929e-11.

Computing volumes of the grid elements.
Non-linear iter.: 370/500. Linear iter.: 4. Min. area: 0.000151846. Error: 2.6929e-11.
Computing volumes of the grid elements.
Min. volume: 0.000151846, max. volume: 36.5349.

# FGMRES residual history
# Residual tolerance target = 1e-10
# Initial residual norm     = 6.93629e-10
     0     1
# FGMRES final (true) residual:
# Iteration = 4: |res|/|res0| = 2.69287e-11.

Computing volumes of the grid elements.
Non-linear iter.: 371/500. Linear iter.: 4. Min. area: 0.000151846. Error: 2.69287e-11.
Computing volumes of the grid elements.
Min. volume: 0.000151846, max. volume: 36.5349.

# FGMRES residual history
# Residual tolerance target = 1e-10
# Initial residual norm     = 6.93637e-10
     0     1
# FGMRES final (true) residual:
# Iteration = 4: |res|/|res0| = 2.69283e-11.

Computing volumes of the grid elements.
Non-linear iter.: 372/500. Linear iter.: 4. Min. area: 0.000151846. Error: 2.69283e-11.
Computing volumes of the grid elements.
Min. volume: 0.000151846, max. volume: 36.5349.

# FGMRES residual history
# Residual tolerance target = 1e-10
# Initial residual norm     = 6.93644e-10
     0     1
# FGMRES final (true) residual:
# Iteration = 4: |res|/|res0| = 2.6928e-11.

Computing volumes of the grid elements.
Non-linear iter.: 373/500. Linear iter.: 4. Min. area: 0.000151846. Error: 2.6928e-11.
Computing volumes of the grid elements.
Min. volume: 0.000151846, max. volume: 36.5349.

# FGMRES residual history
# Residual tolerance target = 1e-10
# Initial residual norm     = 6.93651e-10
     0     1
# FGMRES final (true) residual:
# Iteration = 4: |res|/|res0| = 2.69277e-11.

Computing volumes of the grid elements.
Non-linear iter.: 374/500. Linear iter.: 4. Min. area: 0.000151846. Error: 2.69277e-11.
Computing volumes of the grid elements.
Min. volume: 0.000151846, max. volume: 36.5349.

# FGMRES residual history
# Residual tolerance target = 1e-10
# Initial residual norm     = 6.93658e-10
     0     1
# FGMRES final (true) residual:
# Iteration = 4: |res|/|res0| = 2.69273e-11.

Computing volumes of the grid elements.
Non-linear iter.: 375/500. Linear iter.: 4. Min. area: 0.000151846. Error: 2.69273e-11.
Computing volumes of the grid elements.
Min. volume: 0.000151846, max. volume: 36.5349.

# FGMRES residual history
# Residual tolerance target = 1e-10
# Initial residual norm     = 6.93665e-10
     0     1
# FGMRES final (true) residual:
# Iteration = 4: |res|/|res0| = 2.6927e-11.

Computing volumes of the grid elements.
Non-linear iter.: 376/500. Linear iter.: 4. Min. area: 0.000151846. Error: 2.6927e-11.
Computing volumes of the grid elements.
Min. volume: 0.000151846, max. volume: 36.5349.

# FGMRES residual history
# Residual tolerance target = 1e-10
# Initial residual norm     = 6.93673e-10
     0     1
# FGMRES final (true) residual:
# Iteration = 4: |res|/|res0| = 2.69267e-11.

Computing volumes of the grid elements.
Non-linear iter.: 377/500. Linear iter.: 4. Min. area: 0.000151846. Error: 2.69267e-11.
Computing volumes of the grid elements.
Min. volume: 0.000151846, max. volume: 36.5349.

# FGMRES residual history
# Residual tolerance target = 1e-10
# Initial residual norm     = 6.9368e-10
     0     1
# FGMRES final (true) residual:
# Iteration = 4: |res|/|res0| = 2.69263e-11.

Computing volumes of the grid elements.
Non-linear iter.: 378/500. Linear iter.: 4. Min. area: 0.000151846. Error: 2.69263e-11.
Computing volumes of the grid elements.
Min. volume: 0.000151846, max. volume: 36.5349.

# FGMRES residual history
# Residual tolerance target = 1e-10
# Initial residual norm     = 6.93687e-10
     0     1
# FGMRES final (true) residual:
# Iteration = 4: |res|/|res0| = 2.6926e-11.

Computing volumes of the grid elements.
Non-linear iter.: 379/500. Linear iter.: 4. Min. area: 0.000151846. Error: 2.6926e-11.
Computing volumes of the grid elements.
Min. volume: 0.000151846, max. volume: 36.5349.

# FGMRES residual history
# Residual tolerance target = 1e-10
# Initial residual norm     = 6.93694e-10
     0     1
# FGMRES final (true) residual:
# Iteration = 4: |res|/|res0| = 2.69257e-11.

Computing volumes of the grid elements.
Non-linear iter.: 380/500. Linear iter.: 4. Min. area: 0.000151846. Error: 2.69257e-11.
Computing volumes of the grid elements.
Min. volume: 0.000151846, max. volume: 36.5349.

# FGMRES residual history
# Residual tolerance target = 1e-10
# Initial residual norm     = 6.93701e-10
     0     1
# FGMRES final (true) residual:
# Iteration = 4: |res|/|res0| = 2.69253e-11.

Computing volumes of the grid elements.
Non-linear iter.: 381/500. Linear iter.: 4. Min. area: 0.000151846. Error: 2.69253e-11.
Computing volumes of the grid elements.
Min. volume: 0.000151846, max. volume: 36.5349.

# FGMRES residual history
# Residual tolerance target = 1e-10
# Initial residual norm     = 6.93709e-10
     0     1
# FGMRES final (true) residual:
# Iteration = 4: |res|/|res0| = 2.6925e-11.

Computing volumes of the grid elements.
Non-linear iter.: 382/500. Linear iter.: 4. Min. area: 0.000151846. Error: 2.6925e-11.
Computing volumes of the grid elements.
Min. volume: 0.000151846, max. volume: 36.5349.

# FGMRES residual history
# Residual tolerance target = 1e-10
# Initial residual norm     = 6.93716e-10
     0     1
# FGMRES final (true) residual:
# Iteration = 4: |res|/|res0| = 2.69247e-11.

Computing volumes of the grid elements.
Non-linear iter.: 383/500. Linear iter.: 4. Min. area: 0.000151846. Error: 2.69247e-11.
Computing volumes of the grid elements.
Min. volume: 0.000151846, max. volume: 36.5349.

# FGMRES residual history
# Residual tolerance target = 1e-10
# Initial residual norm     = 6.93723e-10
     0     1
# FGMRES final (true) residual:
# Iteration = 4: |res|/|res0| = 2.69243e-11.

Computing volumes of the grid elements.
Non-linear iter.: 384/500. Linear iter.: 4. Min. area: 0.000151846. Error: 2.69243e-11.
Computing volumes of the grid elements.
Min. volume: 0.000151846, max. volume: 36.5349.

# FGMRES residual history
# Residual tolerance target = 1e-10
# Initial residual norm     = 6.9373e-10
     0     1
# FGMRES final (true) residual:
# Iteration = 4: |res|/|res0| = 2.6924e-11.

Computing volumes of the grid elements.
Non-linear iter.: 385/500. Linear iter.: 4. Min. area: 0.000151846. Error: 2.6924e-11.
Computing volumes of the grid elements.
Min. volume: 0.000151846, max. volume: 36.5349.

# FGMRES residual history
# Residual tolerance target = 1e-10
# Initial residual norm     = 6.93737e-10
     0     1
# FGMRES final (true) residual:
# Iteration = 4: |res|/|res0| = 2.69237e-11.

Computing volumes of the grid elements.
Non-linear iter.: 386/500. Linear iter.: 4. Min. area: 0.000151846. Error: 2.69237e-11.
Computing volumes of the grid elements.
Min. volume: 0.000151846, max. volume: 36.5349.

# FGMRES residual history
# Residual tolerance target = 1e-10
# Initial residual norm     = 6.93745e-10
     0     1
# FGMRES final (true) residual:
# Iteration = 4: |res|/|res0| = 2.69233e-11.

Computing volumes of the grid elements.
Non-linear iter.: 387/500. Linear iter.: 4. Min. area: 0.000151846. Error: 2.69233e-11.
Computing volumes of the grid elements.
Min. volume: 0.000151846, max. volume: 36.5349.

# FGMRES residual history
# Residual tolerance target = 1e-10
# Initial residual norm     = 6.93752e-10
     0     1
# FGMRES final (true) residual:
# Iteration = 4: |res|/|res0| = 2.6923e-11.

Computing volumes of the grid elements.
Non-linear iter.: 388/500. Linear iter.: 4. Min. area: 0.000151846. Error: 2.6923e-11.
Computing volumes of the grid elements.
Min. volume: 0.000151846, max. volume: 36.5349.

# FGMRES residual history
# Residual tolerance target = 1e-10
# Initial residual norm     = 6.93759e-10
     0     1
# FGMRES final (true) residual:
# Iteration = 4: |res|/|res0| = 2.69227e-11.

Computing volumes of the grid elements.
Non-linear iter.: 389/500. Linear iter.: 4. Min. area: 0.000151846. Error: 2.69227e-11.
Computing volumes of the grid elements.
Min. volume: 0.000151846, max. volume: 36.5349.

# FGMRES residual history
# Residual tolerance target = 1e-10
# Initial residual norm     = 6.93766e-10
     0     1
# FGMRES final (true) residual:
# Iteration = 4: |res|/|res0| = 2.69223e-11.

Computing volumes of the grid elements.
Non-linear iter.: 390/500. Linear iter.: 4. Min. area: 0.000151846. Error: 2.69223e-11.
Computing volumes of the grid elements.
Min. volume: 0.000151846, max. volume: 36.5349.

# FGMRES residual history
# Residual tolerance target = 1e-10
# Initial residual norm     = 6.93773e-10
     0     1
# FGMRES final (true) residual:
# Iteration = 4: |res|/|res0| = 2.6922e-11.

Computing volumes of the grid elements.
Non-linear iter.: 391/500. Linear iter.: 4. Min. area: 0.000151846. Error: 2.6922e-11.
Computing volumes of the grid elements.
Min. volume: 0.000151846, max. volume: 36.5349.

# FGMRES residual history
# Residual tolerance target = 1e-10
# Initial residual norm     = 6.93781e-10
     0     1
# FGMRES final (true) residual:
# Iteration = 4: |res|/|res0| = 2.69217e-11.

Computing volumes of the grid elements.
Non-linear iter.: 392/500. Linear iter.: 4. Min. area: 0.000151846. Error: 2.69217e-11.
Computing volumes of the grid elements.
Min. volume: 0.000151846, max. volume: 36.5349.

# FGMRES residual history
# Residual tolerance target = 1e-10
# Initial residual norm     = 6.93788e-10
     0     1
# FGMRES final (true) residual:
# Iteration = 4: |res|/|res0| = 2.69213e-11.

Computing volumes of the grid elements.
Non-linear iter.: 393/500. Linear iter.: 4. Min. area: 0.000151846. Error: 2.69213e-11.
Computing volumes of the grid elements.
Min. volume: 0.000151846, max. volume: 36.5349.

# FGMRES residual history
# Residual tolerance target = 1e-10
# Initial residual norm     = 6.93795e-10
     0     1
# FGMRES final (true) residual:
# Iteration = 4: |res|/|res0| = 2.6921e-11.

Computing volumes of the grid elements.
Non-linear iter.: 394/500. Linear iter.: 4. Min. area: 0.000151846. Error: 2.6921e-11.
Computing volumes of the grid elements.
Min. volume: 0.000151846, max. volume: 36.5349.

# FGMRES residual history
# Residual tolerance target = 1e-10
# Initial residual norm     = 6.93802e-10
     0     1
# FGMRES final (true) residual:
# Iteration = 4: |res|/|res0| = 2.69207e-11.

Computing volumes of the grid elements.
Non-linear iter.: 395/500. Linear iter.: 4. Min. area: 0.000151846. Error: 2.69207e-11.
Computing volumes of the grid elements.
Min. volume: 0.000151846, max. volume: 36.5349.

# FGMRES residual history
# Residual tolerance target = 1e-10
# Initial residual norm     = 6.9381e-10
     0     1
# FGMRES final (true) residual:
# Iteration = 4: |res|/|res0| = 2.69204e-11.

Computing volumes of the grid elements.
Non-linear iter.: 396/500. Linear iter.: 4. Min. area: 0.000151846. Error: 2.69204e-11.
Computing volumes of the grid elements.
Min. volume: 0.000151846, max. volume: 36.5349.

# FGMRES residual history
# Residual tolerance target = 1e-10
# Initial residual norm     = 6.93817e-10
     0     1
# FGMRES final (true) residual:
# Iteration = 4: |res|/|res0| = 2.692e-11.

Computing volumes of the grid elements.
Non-linear iter.: 397/500. Linear iter.: 4. Min. area: 0.000151846. Error: 2.692e-11.
Computing volumes of the grid elements.
Min. volume: 0.000151846, max. volume: 36.5349.

# FGMRES residual history
# Residual tolerance target = 1e-10
# Initial residual norm     = 6.93824e-10
     0     1
# FGMRES final (true) residual:
# Iteration = 4: |res|/|res0| = 2.69197e-11.

Computing volumes of the grid elements.
Non-linear iter.: 398/500. Linear iter.: 4. Min. area: 0.000151846. Error: 2.69197e-11.
Computing volumes of the grid elements.
Min. volume: 0.000151846, max. volume: 36.5349.

# FGMRES residual history
# Residual tolerance target = 1e-10
# Initial residual norm     = 6.93831e-10
     0     1
# FGMRES final (true) residual:
# Iteration = 4: |res|/|res0| = 2.69194e-11.

Computing volumes of the grid elements.
Non-linear iter.: 399/500. Linear iter.: 4. Min. area: 0.000151846. Error: 2.69194e-11.
Computing volumes of the grid elements.
Min. volume: 0.000151846, max. volume: 36.5349.

# FGMRES residual history
# Residual tolerance target = 1e-10
# Initial residual norm     = 6.93838e-10
     0     1
# FGMRES final (true) residual:
# Iteration = 4: |res|/|res0| = 2.6919e-11.

Computing volumes of the grid elements.
Non-linear iter.: 400/500. Linear iter.: 4. Min. area: 0.000151846. Error: 2.6919e-11.
Computing volumes of the grid elements.
Min. volume: 0.000151846, max. volume: 36.5349.

# FGMRES residual history
# Residual tolerance target = 1e-10
# Initial residual norm     = 6.93846e-10
     0     1
# FGMRES final (true) residual:
# Iteration = 4: |res|/|res0| = 2.69187e-11.

Computing volumes of the grid elements.
Non-linear iter.: 401/500. Linear iter.: 4. Min. area: 0.000151846. Error: 2.69187e-11.
Computing volumes of the grid elements.
Min. volume: 0.000151846, max. volume: 36.5349.

# FGMRES residual history
# Residual tolerance target = 1e-10
# Initial residual norm     = 6.93853e-10
     0     1
# FGMRES final (true) residual:
# Iteration = 4: |res|/|res0| = 2.69184e-11.

Computing volumes of the grid elements.
Non-linear iter.: 402/500. Linear iter.: 4. Min. area: 0.000151846. Error: 2.69184e-11.
Computing volumes of the grid elements.
Min. volume: 0.000151846, max. volume: 36.5349.

# FGMRES residual history
# Residual tolerance target = 1e-10
# Initial residual norm     = 6.9386e-10
     0     1
# FGMRES final (true) residual:
# Iteration = 4: |res|/|res0| = 2.6918e-11.

Computing volumes of the grid elements.
Non-linear iter.: 403/500. Linear iter.: 4. Min. area: 0.000151846. Error: 2.6918e-11.
Computing volumes of the grid elements.
Min. volume: 0.000151846, max. volume: 36.5349.

# FGMRES residual history
# Residual tolerance target = 1e-10
# Initial residual norm     = 6.93867e-10
     0     1
# FGMRES final (true) residual:
# Iteration = 4: |res|/|res0| = 2.69177e-11.

Computing volumes of the grid elements.
Non-linear iter.: 404/500. Linear iter.: 4. Min. area: 0.000151846. Error: 2.69177e-11.
Computing volumes of the grid elements.
Min. volume: 0.000151846, max. volume: 36.5349.

# FGMRES residual history
# Residual tolerance target = 1e-10
# Initial residual norm     = 6.93874e-10
     0     1
# FGMRES final (true) residual:
# Iteration = 4: |res|/|res0| = 2.69174e-11.

Computing volumes of the grid elements.
Non-linear iter.: 405/500. Linear iter.: 4. Min. area: 0.000151846. Error: 2.69174e-11.
Computing volumes of the grid elements.
Min. volume: 0.000151846, max. volume: 36.5349.

# FGMRES residual history
# Residual tolerance target = 1e-10
# Initial residual norm     = 6.93882e-10
     0     1
# FGMRES final (true) residual:
# Iteration = 4: |res|/|res0| = 2.6917e-11.

Computing volumes of the grid elements.
Non-linear iter.: 406/500. Linear iter.: 4. Min. area: 0.000151846. Error: 2.6917e-11.
Computing volumes of the grid elements.
Min. volume: 0.000151846, max. volume: 36.5349.

# FGMRES residual history
# Residual tolerance target = 1e-10
# Initial residual norm     = 6.93889e-10
     0     1
# FGMRES final (true) residual:
# Iteration = 4: |res|/|res0| = 2.69167e-11.

Computing volumes of the grid elements.
Non-linear iter.: 407/500. Linear iter.: 4. Min. area: 0.000151846. Error: 2.69167e-11.
Computing volumes of the grid elements.
Min. volume: 0.000151846, max. volume: 36.5349.

# FGMRES residual history
# Residual tolerance target = 1e-10
# Initial residual norm     = 6.93896e-10
     0     1
# FGMRES final (true) residual:
# Iteration = 4: |res|/|res0| = 2.69164e-11.

Computing volumes of the grid elements.
Non-linear iter.: 408/500. Linear iter.: 4. Min. area: 0.000151846. Error: 2.69164e-11.
Computing volumes of the grid elements.
Min. volume: 0.000151846, max. volume: 36.5349.

# FGMRES residual history
# Residual tolerance target = 1e-10
# Initial residual norm     = 6.93903e-10
     0     1
# FGMRES final (true) residual:
# Iteration = 4: |res|/|res0| = 2.6916e-11.

Computing volumes of the grid elements.
Non-linear iter.: 409/500. Linear iter.: 4. Min. area: 0.000151846. Error: 2.6916e-11.
Computing volumes of the grid elements.
Min. volume: 0.000151846, max. volume: 36.5349.

# FGMRES residual history
# Residual tolerance target = 1e-10
# Initial residual norm     = 6.9391e-10
     0     1
# FGMRES final (true) residual:
# Iteration = 4: |res|/|res0| = 2.69157e-11.

Computing volumes of the grid elements.
Non-linear iter.: 410/500. Linear iter.: 4. Min. area: 0.000151846. Error: 2.69157e-11.
Computing volumes of the grid elements.
Min. volume: 0.000151846, max. volume: 36.5349.

# FGMRES residual history
# Residual tolerance target = 1e-10
# Initial residual norm     = 6.93918e-10
     0     1
# FGMRES final (true) residual:
# Iteration = 4: |res|/|res0| = 2.69154e-11.

Computing volumes of the grid elements.
Non-linear iter.: 411/500. Linear iter.: 4. Min. area: 0.000151846. Error: 2.69154e-11.
Computing volumes of the grid elements.
Min. volume: 0.000151846, max. volume: 36.5349.

# FGMRES residual history
# Residual tolerance target = 1e-10
# Initial residual norm     = 6.93925e-10
     0     1
# FGMRES final (true) residual:
# Iteration = 4: |res|/|res0| = 2.6915e-11.

Computing volumes of the grid elements.
Non-linear iter.: 412/500. Linear iter.: 4. Min. area: 0.000151846. Error: 2.6915e-11.
Computing volumes of the grid elements.
Min. volume: 0.000151846, max. volume: 36.5349.

# FGMRES residual history
# Residual tolerance target = 1e-10
# Initial residual norm     = 6.93932e-10
     0     1
# FGMRES final (true) residual:
# Iteration = 4: |res|/|res0| = 2.69147e-11.

Computing volumes of the grid elements.
Non-linear iter.: 413/500. Linear iter.: 4. Min. area: 0.000151846. Error: 2.69147e-11.
Computing volumes of the grid elements.
Min. volume: 0.000151846, max. volume: 36.5349.

# FGMRES residual history
# Residual tolerance target = 1e-10
# Initial residual norm     = 6.93939e-10
     0     1
# FGMRES final (true) residual:
# Iteration = 4: |res|/|res0| = 2.69144e-11.

Computing volumes of the grid elements.
Non-linear iter.: 414/500. Linear iter.: 4. Min. area: 0.000151846. Error: 2.69144e-11.
Computing volumes of the grid elements.
Min. volume: 0.000151846, max. volume: 36.5349.

# FGMRES residual history
# Residual tolerance target = 1e-10
# Initial residual norm     = 6.93947e-10
     0     1
# FGMRES final (true) residual:
# Iteration = 4: |res|/|res0| = 2.6914e-11.

Computing volumes of the grid elements.
Non-linear iter.: 415/500. Linear iter.: 4. Min. area: 0.000151846. Error: 2.6914e-11.
Computing volumes of the grid elements.
Min. volume: 0.000151846, max. volume: 36.5349.

# FGMRES residual history
# Residual tolerance target = 1e-10
# Initial residual norm     = 6.93954e-10
     0     1
# FGMRES final (true) residual:
# Iteration = 4: |res|/|res0| = 2.69137e-11.

Computing volumes of the grid elements.
Non-linear iter.: 416/500. Linear iter.: 4. Min. area: 0.000151846. Error: 2.69137e-11.
Computing volumes of the grid elements.
Min. volume: 0.000151846, max. volume: 36.5349.

# FGMRES residual history
# Residual tolerance target = 1e-10
# Initial residual norm     = 6.93961e-10
     0     1
# FGMRES final (true) residual:
# Iteration = 4: |res|/|res0| = 2.69134e-11.

Computing volumes of the grid elements.
Non-linear iter.: 417/500. Linear iter.: 4. Min. area: 0.000151846. Error: 2.69134e-11.
Computing volumes of the grid elements.
Min. volume: 0.000151846, max. volume: 36.5349.

# FGMRES residual history
# Residual tolerance target = 1e-10
# Initial residual norm     = 6.93968e-10
     0     1
# FGMRES final (true) residual:
# Iteration = 4: |res|/|res0| = 2.6913e-11.

Computing volumes of the grid elements.
Non-linear iter.: 418/500. Linear iter.: 4. Min. area: 0.000151846. Error: 2.6913e-11.
Computing volumes of the grid elements.
Min. volume: 0.000151846, max. volume: 36.5349.

# FGMRES residual history
# Residual tolerance target = 1e-10
# Initial residual norm     = 6.93975e-10
     0     1
# FGMRES final (true) residual:
# Iteration = 4: |res|/|res0| = 2.69127e-11.

Computing volumes of the grid elements.
Non-linear iter.: 419/500. Linear iter.: 4. Min. area: 0.000151846. Error: 2.69127e-11.
Computing volumes of the grid elements.
Min. volume: 0.000151846, max. volume: 36.5349.

# FGMRES residual history
# Residual tolerance target = 1e-10
# Initial residual norm     = 6.93983e-10
     0     1
# FGMRES final (true) residual:
# Iteration = 4: |res|/|res0| = 2.69124e-11.

Computing volumes of the grid elements.
Non-linear iter.: 420/500. Linear iter.: 4. Min. area: 0.000151846. Error: 2.69124e-11.
Computing volumes of the grid elements.
Min. volume: 0.000151846, max. volume: 36.5349.

# FGMRES residual history
# Residual tolerance target = 1e-10
# Initial residual norm     = 6.9399e-10
     0     1
# FGMRES final (true) residual:
# Iteration = 4: |res|/|res0| = 2.6912e-11.

Computing volumes of the grid elements.
Non-linear iter.: 421/500. Linear iter.: 4. Min. area: 0.000151846. Error: 2.6912e-11.
Computing volumes of the grid elements.
Min. volume: 0.000151846, max. volume: 36.5349.

# FGMRES residual history
# Residual tolerance target = 1e-10
# Initial residual norm     = 6.93997e-10
     0     1
# FGMRES final (true) residual:
# Iteration = 4: |res|/|res0| = 2.69117e-11.

Computing volumes of the grid elements.
Non-linear iter.: 422/500. Linear iter.: 4. Min. area: 0.000151846. Error: 2.69117e-11.
Computing volumes of the grid elements.
Min. volume: 0.000151846, max. volume: 36.5349.

# FGMRES residual history
# Residual tolerance target = 1e-10
# Initial residual norm     = 6.94004e-10
     0     1
# FGMRES final (true) residual:
# Iteration = 4: |res|/|res0| = 2.69114e-11.

Computing volumes of the grid elements.
Non-linear iter.: 423/500. Linear iter.: 4. Min. area: 0.000151846. Error: 2.69114e-11.
Computing volumes of the grid elements.
Min. volume: 0.000151846, max. volume: 36.5349.

# FGMRES residual history
# Residual tolerance target = 1e-10
# Initial residual norm     = 6.94011e-10
     0     1
# FGMRES final (true) residual:
# Iteration = 4: |res|/|res0| = 2.6911e-11.

Computing volumes of the grid elements.
Non-linear iter.: 424/500. Linear iter.: 4. Min. area: 0.000151846. Error: 2.6911e-11.
Computing volumes of the grid elements.
Min. volume: 0.000151846, max. volume: 36.5349.

# FGMRES residual history
# Residual tolerance target = 1e-10
# Initial residual norm     = 6.94019e-10
     0     1
# FGMRES final (true) residual:
# Iteration = 4: |res|/|res0| = 2.69107e-11.

Computing volumes of the grid elements.
Non-linear iter.: 425/500. Linear iter.: 4. Min. area: 0.000151846. Error: 2.69107e-11.
Computing volumes of the grid elements.
Min. volume: 0.000151846, max. volume: 36.5349.

# FGMRES residual history
# Residual tolerance target = 1e-10
# Initial residual norm     = 6.94026e-10
     0     1
# FGMRES final (true) residual:
# Iteration = 4: |res|/|res0| = 2.69104e-11.

Computing volumes of the grid elements.
Non-linear iter.: 426/500. Linear iter.: 4. Min. area: 0.000151846. Error: 2.69104e-11.
Computing volumes of the grid elements.
Min. volume: 0.000151846, max. volume: 36.5349.

# FGMRES residual history
# Residual tolerance target = 1e-10
# Initial residual norm     = 6.94033e-10
     0     1
# FGMRES final (true) residual:
# Iteration = 4: |res|/|res0| = 2.691e-11.

Computing volumes of the grid elements.
Non-linear iter.: 427/500. Linear iter.: 4. Min. area: 0.000151846. Error: 2.691e-11.
Computing volumes of the grid elements.
Min. volume: 0.000151846, max. volume: 36.5349.

# FGMRES residual history
# Residual tolerance target = 1e-10
# Initial residual norm     = 6.9404e-10
     0     1
# FGMRES final (true) residual:
# Iteration = 4: |res|/|res0| = 2.69097e-11.

Computing volumes of the grid elements.
Non-linear iter.: 428/500. Linear iter.: 4. Min. area: 0.000151846. Error: 2.69097e-11.
Computing volumes of the grid elements.
Min. volume: 0.000151846, max. volume: 36.5349.

# FGMRES residual history
# Residual tolerance target = 1e-10
# Initial residual norm     = 6.94048e-10
     0     1
# FGMRES final (true) residual:
# Iteration = 4: |res|/|res0| = 2.69094e-11.

Computing volumes of the grid elements.
Non-linear iter.: 429/500. Linear iter.: 4. Min. area: 0.000151846. Error: 2.69094e-11.
Computing volumes of the grid elements.
Min. volume: 0.000151846, max. volume: 36.5349.

# FGMRES residual history
# Residual tolerance target = 1e-10
# Initial residual norm     = 6.94055e-10
     0     1
# FGMRES final (true) residual:
# Iteration = 4: |res|/|res0| = 2.6909e-11.

Computing volumes of the grid elements.
Non-linear iter.: 430/500. Linear iter.: 4. Min. area: 0.000151846. Error: 2.6909e-11.
Computing volumes of the grid elements.
Min. volume: 0.000151846, max. volume: 36.5349.

# FGMRES residual history
# Residual tolerance target = 1e-10
# Initial residual norm     = 6.94062e-10
     0     1
# FGMRES final (true) residual:
# Iteration = 4: |res|/|res0| = 2.69087e-11.

Computing volumes of the grid elements.
Non-linear iter.: 431/500. Linear iter.: 4. Min. area: 0.000151846. Error: 2.69087e-11.
Computing volumes of the grid elements.
Min. volume: 0.000151846, max. volume: 36.5349.

# FGMRES residual history
# Residual tolerance target = 1e-10
# Initial residual norm     = 6.94069e-10
     0     1
# FGMRES final (true) residual:
# Iteration = 4: |res|/|res0| = 2.69084e-11.

Computing volumes of the grid elements.
Non-linear iter.: 432/500. Linear iter.: 4. Min. area: 0.000151846. Error: 2.69084e-11.
Computing volumes of the grid elements.
Min. volume: 0.000151846, max. volume: 36.5349.

# FGMRES residual history
# Residual tolerance target = 1e-10
# Initial residual norm     = 6.94076e-10
     0     1
# FGMRES final (true) residual:
# Iteration = 4: |res|/|res0| = 2.6908e-11.

Computing volumes of the grid elements.
Non-linear iter.: 433/500. Linear iter.: 4. Min. area: 0.000151846. Error: 2.6908e-11.
Computing volumes of the grid elements.
Min. volume: 0.000151846, max. volume: 36.5349.

# FGMRES residual history
# Residual tolerance target = 1e-10
# Initial residual norm     = 6.94084e-10
     0     1
# FGMRES final (true) residual:
# Iteration = 4: |res|/|res0| = 2.69077e-11.

Computing volumes of the grid elements.
Non-linear iter.: 434/500. Linear iter.: 4. Min. area: 0.000151846. Error: 2.69077e-11.
Computing volumes of the grid elements.
Min. volume: 0.000151846, max. volume: 36.5349.

# FGMRES residual history
# Residual tolerance target = 1e-10
# Initial residual norm     = 6.94091e-10
     0     1
# FGMRES final (true) residual:
# Iteration = 4: |res|/|res0| = 2.69074e-11.

Computing volumes of the grid elements.
Non-linear iter.: 435/500. Linear iter.: 4. Min. area: 0.000151846. Error: 2.69074e-11.
Computing volumes of the grid elements.
Min. volume: 0.000151846, max. volume: 36.5349.

# FGMRES residual history
# Residual tolerance target = 1e-10
# Initial residual norm     = 6.94098e-10
     0     1
# FGMRES final (true) residual:
# Iteration = 4: |res|/|res0| = 2.69071e-11.

Computing volumes of the grid elements.
Non-linear iter.: 436/500. Linear iter.: 4. Min. area: 0.000151846. Error: 2.69071e-11.
Computing volumes of the grid elements.
Min. volume: 0.000151846, max. volume: 36.5349.

# FGMRES residual history
# Residual tolerance target = 1e-10
# Initial residual norm     = 6.94105e-10
     0     1
# FGMRES final (true) residual:
# Iteration = 4: |res|/|res0| = 2.69067e-11.

Computing volumes of the grid elements.
Non-linear iter.: 437/500. Linear iter.: 4. Min. area: 0.000151846. Error: 2.69067e-11.
Computing volumes of the grid elements.
Min. volume: 0.000151846, max. volume: 36.5349.

# FGMRES residual history
# Residual tolerance target = 1e-10
# Initial residual norm     = 6.94112e-10
     0     1
# FGMRES final (true) residual:
# Iteration = 4: |res|/|res0| = 2.69064e-11.

Computing volumes of the grid elements.
Non-linear iter.: 438/500. Linear iter.: 4. Min. area: 0.000151846. Error: 2.69064e-11.
Computing volumes of the grid elements.
Min. volume: 0.000151846, max. volume: 36.5349.

# FGMRES residual history
# Residual tolerance target = 1e-10
# Initial residual norm     = 6.9412e-10
     0     1
# FGMRES final (true) residual:
# Iteration = 4: |res|/|res0| = 2.69061e-11.

Computing volumes of the grid elements.
Non-linear iter.: 439/500. Linear iter.: 4. Min. area: 0.000151846. Error: 2.69061e-11.
Computing volumes of the grid elements.
Min. volume: 0.000151846, max. volume: 36.5349.

# FGMRES residual history
# Residual tolerance target = 1e-10
# Initial residual norm     = 6.94127e-10
     0     1
# FGMRES final (true) residual:
# Iteration = 4: |res|/|res0| = 2.69057e-11.

Computing volumes of the grid elements.
Non-linear iter.: 440/500. Linear iter.: 4. Min. area: 0.000151846. Error: 2.69057e-11.
Computing volumes of the grid elements.
Min. volume: 0.000151846, max. volume: 36.5349.

# FGMRES residual history
# Residual tolerance target = 1e-10
# Initial residual norm     = 6.94134e-10
     0     1
# FGMRES final (true) residual:
# Iteration = 4: |res|/|res0| = 2.69054e-11.

Computing volumes of the grid elements.
Non-linear iter.: 441/500. Linear iter.: 4. Min. area: 0.000151846. Error: 2.69054e-11.
Computing volumes of the grid elements.
Min. volume: 0.000151846, max. volume: 36.5349.

# FGMRES residual history
# Residual tolerance target = 1e-10
# Initial residual norm     = 6.94141e-10
     0     1
# FGMRES final (true) residual:
# Iteration = 4: |res|/|res0| = 2.69051e-11.

Computing volumes of the grid elements.
Non-linear iter.: 442/500. Linear iter.: 4. Min. area: 0.000151846. Error: 2.69051e-11.
Computing volumes of the grid elements.
Min. volume: 0.000151846, max. volume: 36.5349.

# FGMRES residual history
# Residual tolerance target = 1e-10
# Initial residual norm     = 6.94149e-10
     0     1
# FGMRES final (true) residual:
# Iteration = 4: |res|/|res0| = 2.69047e-11.

Computing volumes of the grid elements.
Non-linear iter.: 443/500. Linear iter.: 4. Min. area: 0.000151846. Error: 2.69047e-11.
Computing volumes of the grid elements.
Min. volume: 0.000151846, max. volume: 36.5349.

# FGMRES residual history
# Residual tolerance target = 1e-10
# Initial residual norm     = 6.94156e-10
     0     1
# FGMRES final (true) residual:
# Iteration = 4: |res|/|res0| = 2.69044e-11.

Computing volumes of the grid elements.
Non-linear iter.: 444/500. Linear iter.: 4. Min. area: 0.000151846. Error: 2.69044e-11.
Computing volumes of the grid elements.
Min. volume: 0.000151846, max. volume: 36.5349.

# FGMRES residual history
# Residual tolerance target = 1e-10
# Initial residual norm     = 6.94163e-10
     0     1
# FGMRES final (true) residual:
# Iteration = 4: |res|/|res0| = 2.69041e-11.

Computing volumes of the grid elements.
Non-linear iter.: 445/500. Linear iter.: 4. Min. area: 0.000151846. Error: 2.69041e-11.
Computing volumes of the grid elements.
Min. volume: 0.000151846, max. volume: 36.5349.

# FGMRES residual history
# Residual tolerance target = 1e-10
# Initial residual norm     = 6.9417e-10
     0     1
# FGMRES final (true) residual:
# Iteration = 4: |res|/|res0| = 2.69037e-11.

Computing volumes of the grid elements.
Non-linear iter.: 446/500. Linear iter.: 4. Min. area: 0.000151846. Error: 2.69037e-11.
Computing volumes of the grid elements.
Min. volume: 0.000151846, max. volume: 36.5349.

# FGMRES residual history
# Residual tolerance target = 1e-10
# Initial residual norm     = 6.94177e-10
     0     1
# FGMRES final (true) residual:
# Iteration = 4: |res|/|res0| = 2.69034e-11.

Computing volumes of the grid elements.
Non-linear iter.: 447/500. Linear iter.: 4. Min. area: 0.000151846. Error: 2.69034e-11.
Computing volumes of the grid elements.
Min. volume: 0.000151846, max. volume: 36.5349.

# FGMRES residual history
# Residual tolerance target = 1e-10
# Initial residual norm     = 6.94185e-10
     0     1
# FGMRES final (true) residual:
# Iteration = 4: |res|/|res0| = 2.69031e-11.

Computing volumes of the grid elements.
Non-linear iter.: 448/500. Linear iter.: 4. Min. area: 0.000151846. Error: 2.69031e-11.
Computing volumes of the grid elements.
Min. volume: 0.000151846, max. volume: 36.5349.

# FGMRES residual history
# Residual tolerance target = 1e-10
# Initial residual norm     = 6.94192e-10
     0     1
# FGMRES final (true) residual:
# Iteration = 4: |res|/|res0| = 2.69027e-11.

Computing volumes of the grid elements.
Non-linear iter.: 449/500. Linear iter.: 4. Min. area: 0.000151846. Error: 2.69027e-11.
Computing volumes of the grid elements.
Min. volume: 0.000151846, max. volume: 36.5349.

# FGMRES residual history
# Residual tolerance target = 1e-10
# Initial residual norm     = 6.94199e-10
     0     1
# FGMRES final (true) residual:
# Iteration = 4: |res|/|res0| = 2.69024e-11.

Computing volumes of the grid elements.
Non-linear iter.: 450/500. Linear iter.: 4. Min. area: 0.000151846. Error: 2.69024e-11.
Computing volumes of the grid elements.
Min. volume: 0.000151846, max. volume: 36.5349.

# FGMRES residual history
# Residual tolerance target = 1e-10
# Initial residual norm     = 6.94206e-10
     0     1
# FGMRES final (true) residual:
# Iteration = 4: |res|/|res0| = 2.69021e-11.

Computing volumes of the grid elements.
Non-linear iter.: 451/500. Linear iter.: 4. Min. area: 0.000151846. Error: 2.69021e-11.
Computing volumes of the grid elements.
Min. volume: 0.000151846, max. volume: 36.5349.

# FGMRES residual history
# Residual tolerance target = 1e-10
# Initial residual norm     = 6.94214e-10
     0     1
# FGMRES final (true) residual:
# Iteration = 4: |res|/|res0| = 2.69017e-11.

Computing volumes of the grid elements.
Non-linear iter.: 452/500. Linear iter.: 4. Min. area: 0.000151846. Error: 2.69017e-11.
Computing volumes of the grid elements.
Min. volume: 0.000151846, max. volume: 36.5349.

# FGMRES residual history
# Residual tolerance target = 1e-10
# Initial residual norm     = 6.94221e-10
     0     1
# FGMRES final (true) residual:
# Iteration = 4: |res|/|res0| = 2.69014e-11.

Computing volumes of the grid elements.
Non-linear iter.: 453/500. Linear iter.: 4. Min. area: 0.000151846. Error: 2.69014e-11.
Computing volumes of the grid elements.
Min. volume: 0.000151846, max. volume: 36.5349.

# FGMRES residual history
# Residual tolerance target = 1e-10
# Initial residual norm     = 6.94228e-10
     0     1
# FGMRES final (true) residual:
# Iteration = 4: |res|/|res0| = 2.69011e-11.

Computing volumes of the grid elements.
Non-linear iter.: 454/500. Linear iter.: 4. Min. area: 0.000151846. Error: 2.69011e-11.
Computing volumes of the grid elements.
Min. volume: 0.000151846, max. volume: 36.5349.

# FGMRES residual history
# Residual tolerance target = 1e-10
# Initial residual norm     = 6.94235e-10
     0     1
# FGMRES final (true) residual:
# Iteration = 4: |res|/|res0| = 2.69007e-11.

Computing volumes of the grid elements.
Non-linear iter.: 455/500. Linear iter.: 4. Min. area: 0.000151846. Error: 2.69007e-11.
Computing volumes of the grid elements.
Min. volume: 0.000151846, max. volume: 36.5349.

# FGMRES residual history
# Residual tolerance target = 1e-10
# Initial residual norm     = 6.94242e-10
     0     1
# FGMRES final (true) residual:
# Iteration = 4: |res|/|res0| = 2.69004e-11.

Computing volumes of the grid elements.
Non-linear iter.: 456/500. Linear iter.: 4. Min. area: 0.000151846. Error: 2.69004e-11.
Computing volumes of the grid elements.
Min. volume: 0.000151846, max. volume: 36.5349.

# FGMRES residual history
# Residual tolerance target = 1e-10
# Initial residual norm     = 6.9425e-10
     0     1
# FGMRES final (true) residual:
# Iteration = 4: |res|/|res0| = 2.69001e-11.

Computing volumes of the grid elements.
Non-linear iter.: 457/500. Linear iter.: 4. Min. area: 0.000151846. Error: 2.69001e-11.
Computing volumes of the grid elements.
Min. volume: 0.000151846, max. volume: 36.5349.

# FGMRES residual history
# Residual tolerance target = 1e-10
# Initial residual norm     = 6.94257e-10
     0     1
# FGMRES final (true) residual:
# Iteration = 4: |res|/|res0| = 2.68997e-11.

Computing volumes of the grid elements.
Non-linear iter.: 458/500. Linear iter.: 4. Min. area: 0.000151846. Error: 2.68997e-11.
Computing volumes of the grid elements.
Min. volume: 0.000151846, max. volume: 36.5349.

# FGMRES residual history
# Residual tolerance target = 1e-10
# Initial residual norm     = 6.94264e-10
     0     1
# FGMRES final (true) residual:
# Iteration = 4: |res|/|res0| = 2.68994e-11.

Computing volumes of the grid elements.
Non-linear iter.: 459/500. Linear iter.: 4. Min. area: 0.000151846. Error: 2.68994e-11.
Computing volumes of the grid elements.
Min. volume: 0.000151846, max. volume: 36.5349.

# FGMRES residual history
# Residual tolerance target = 1e-10
# Initial residual norm     = 6.94271e-10
     0     1
# FGMRES final (true) residual:
# Iteration = 4: |res|/|res0| = 2.68991e-11.

Computing volumes of the grid elements.
Non-linear iter.: 460/500. Linear iter.: 4. Min. area: 0.000151846. Error: 2.68991e-11.
Computing volumes of the grid elements.
Min. volume: 0.000151846, max. volume: 36.5349.

# FGMRES residual history
# Residual tolerance target = 1e-10
# Initial residual norm     = 6.94279e-10
     0     1
# FGMRES final (true) residual:
# Iteration = 4: |res|/|res0| = 2.68987e-11.

Computing volumes of the grid elements.
Non-linear iter.: 461/500. Linear iter.: 4. Min. area: 0.000151846. Error: 2.68987e-11.
Computing volumes of the grid elements.
Min. volume: 0.000151846, max. volume: 36.5349.

# FGMRES residual history
# Residual tolerance target = 1e-10
# Initial residual norm     = 6.94286e-10
     0     1
# FGMRES final (true) residual:
# Iteration = 4: |res|/|res0| = 2.68984e-11.

Computing volumes of the grid elements.
Non-linear iter.: 462/500. Linear iter.: 4. Min. area: 0.000151846. Error: 2.68984e-11.
Computing volumes of the grid elements.
Min. volume: 0.000151846, max. volume: 36.5349.

# FGMRES residual history
# Residual tolerance target = 1e-10
# Initial residual norm     = 6.94293e-10
     0     1
# FGMRES final (true) residual:
# Iteration = 4: |res|/|res0| = 2.68981e-11.

Computing volumes of the grid elements.
Non-linear iter.: 463/500. Linear iter.: 4. Min. area: 0.000151846. Error: 2.68981e-11.
Computing volumes of the grid elements.
Min. volume: 0.000151846, max. volume: 36.5349.

# FGMRES residual history
# Residual tolerance target = 1e-10
# Initial residual norm     = 6.943e-10
     0     1
# FGMRES final (true) residual:
# Iteration = 4: |res|/|res0| = 2.68977e-11.

Computing volumes of the grid elements.
Non-linear iter.: 464/500. Linear iter.: 4. Min. area: 0.000151846. Error: 2.68977e-11.
Computing volumes of the grid elements.
Min. volume: 0.000151846, max. volume: 36.5349.

# FGMRES residual history
# Residual tolerance target = 1e-10
# Initial residual norm     = 6.94307e-10
     0     1
# FGMRES final (true) residual:
# Iteration = 4: |res|/|res0| = 2.68974e-11.

Computing volumes of the grid elements.
Non-linear iter.: 465/500. Linear iter.: 4. Min. area: 0.000151846. Error: 2.68974e-11.
Computing volumes of the grid elements.
Min. volume: 0.000151846, max. volume: 36.5349.

# FGMRES residual history
# Residual tolerance target = 1e-10
# Initial residual norm     = 6.94315e-10
     0     1
# FGMRES final (true) residual:
# Iteration = 4: |res|/|res0| = 2.68971e-11.

Computing volumes of the grid elements.
Non-linear iter.: 466/500. Linear iter.: 4. Min. area: 0.000151846. Error: 2.68971e-11.
Computing volumes of the grid elements.
Min. volume: 0.000151846, max. volume: 36.5349.

# FGMRES residual history
# Residual tolerance target = 1e-10
# Initial residual norm     = 6.94322e-10
     0     1
# FGMRES final (true) residual:
# Iteration = 4: |res|/|res0| = 2.68967e-11.

Computing volumes of the grid elements.
Non-linear iter.: 467/500. Linear iter.: 4. Min. area: 0.000151846. Error: 2.68967e-11.
Computing volumes of the grid elements.
Min. volume: 0.000151846, max. volume: 36.5349.

# FGMRES residual history
# Residual tolerance target = 1e-10
# Initial residual norm     = 6.94329e-10
     0     1
# FGMRES final (true) residual:
# Iteration = 4: |res|/|res0| = 2.68964e-11.

Computing volumes of the grid elements.
Non-linear iter.: 468/500. Linear iter.: 4. Min. area: 0.000151846. Error: 2.68964e-11.
Computing volumes of the grid elements.
Min. volume: 0.000151846, max. volume: 36.5349.

# FGMRES residual history
# Residual tolerance target = 1e-10
# Initial residual norm     = 6.94336e-10
     0     1
# FGMRES final (true) residual:
# Iteration = 4: |res|/|res0| = 2.68961e-11.

Computing volumes of the grid elements.
Non-linear iter.: 469/500. Linear iter.: 4. Min. area: 0.000151846. Error: 2.68961e-11.
Computing volumes of the grid elements.
Min. volume: 0.000151846, max. volume: 36.5349.

# FGMRES residual history
# Residual tolerance target = 1e-10
# Initial residual norm     = 6.94344e-10
     0     1
# FGMRES final (true) residual:
# Iteration = 4: |res|/|res0| = 2.68957e-11.

Computing volumes of the grid elements.
Non-linear iter.: 470/500. Linear iter.: 4. Min. area: 0.000151846. Error: 2.68957e-11.
Computing volumes of the grid elements.
Min. volume: 0.000151846, max. volume: 36.5349.

# FGMRES residual history
# Residual tolerance target = 1e-10
# Initial residual norm     = 6.94351e-10
     0     1
# FGMRES final (true) residual:
# Iteration = 4: |res|/|res0| = 2.68954e-11.

Computing volumes of the grid elements.
Non-linear iter.: 471/500. Linear iter.: 4. Min. area: 0.000151846. Error: 2.68954e-11.
Computing volumes of the grid elements.
Min. volume: 0.000151846, max. volume: 36.5349.

# FGMRES residual history
# Residual tolerance target = 1e-10
# Initial residual norm     = 6.94358e-10
     0     1
# FGMRES final (true) residual:
# Iteration = 4: |res|/|res0| = 2.68951e-11.

Computing volumes of the grid elements.
Non-linear iter.: 472/500. Linear iter.: 4. Min. area: 0.000151846. Error: 2.68951e-11.
Computing volumes of the grid elements.
Min. volume: 0.000151846, max. volume: 36.5349.

# FGMRES residual history
# Residual tolerance target = 1e-10
# Initial residual norm     = 6.94365e-10
     0     1
# FGMRES final (true) residual:
# Iteration = 4: |res|/|res0| = 2.68947e-11.

Computing volumes of the grid elements.
Non-linear iter.: 473/500. Linear iter.: 4. Min. area: 0.000151846. Error: 2.68947e-11.
Computing volumes of the grid elements.
Min. volume: 0.000151846, max. volume: 36.5349.

# FGMRES residual history
# Residual tolerance target = 1e-10
# Initial residual norm     = 6.94373e-10
     0     1
# FGMRES final (true) residual:
# Iteration = 4: |res|/|res0| = 2.68944e-11.

Computing volumes of the grid elements.
Non-linear iter.: 474/500. Linear iter.: 4. Min. area: 0.000151846. Error: 2.68944e-11.
Computing volumes of the grid elements.
Min. volume: 0.000151846, max. volume: 36.5349.

# FGMRES residual history
# Residual tolerance target = 1e-10
# Initial residual norm     = 6.9438e-10
     0     1
# FGMRES final (true) residual:
# Iteration = 4: |res|/|res0| = 2.68941e-11.

Computing volumes of the grid elements.
Non-linear iter.: 475/500. Linear iter.: 4. Min. area: 0.000151846. Error: 2.68941e-11.
Computing volumes of the grid elements.
Min. volume: 0.000151846, max. volume: 36.5349.

# FGMRES residual history
# Residual tolerance target = 1e-10
# Initial residual norm     = 6.94387e-10
     0     1
# FGMRES final (true) residual:
# Iteration = 4: |res|/|res0| = 2.68937e-11.

Computing volumes of the grid elements.
Non-linear iter.: 476/500. Linear iter.: 4. Min. area: 0.000151846. Error: 2.68937e-11.
Computing volumes of the grid elements.
Min. volume: 0.000151846, max. volume: 36.5349.

# FGMRES residual history
# Residual tolerance target = 1e-10
# Initial residual norm     = 6.94394e-10
     0     1
# FGMRES final (true) residual:
# Iteration = 4: |res|/|res0| = 2.68934e-11.

Computing volumes of the grid elements.
Non-linear iter.: 477/500. Linear iter.: 4. Min. area: 0.000151846. Error: 2.68934e-11.
Computing volumes of the grid elements.
Min. volume: 0.000151846, max. volume: 36.5349.

# FGMRES residual history
# Residual tolerance target = 1e-10
# Initial residual norm     = 6.94401e-10
     0     1
# FGMRES final (true) residual:
# Iteration = 4: |res|/|res0| = 2.68931e-11.

Computing volumes of the grid elements.
Non-linear iter.: 478/500. Linear iter.: 4. Min. area: 0.000151846. Error: 2.68931e-11.
Computing volumes of the grid elements.
Min. volume: 0.000151846, max. volume: 36.5349.

# FGMRES residual history
# Residual tolerance target = 1e-10
# Initial residual norm     = 6.94409e-10
     0     1
# FGMRES final (true) residual:
# Iteration = 4: |res|/|res0| = 2.68927e-11.

Computing volumes of the grid elements.
Non-linear iter.: 479/500. Linear iter.: 4. Min. area: 0.000151846. Error: 2.68927e-11.
Computing volumes of the grid elements.
Min. volume: 0.000151846, max. volume: 36.5349.

# FGMRES residual history
# Residual tolerance target = 1e-10
# Initial residual norm     = 6.94416e-10
     0     1
# FGMRES final (true) residual:
# Iteration = 4: |res|/|res0| = 2.68924e-11.

Computing volumes of the grid elements.
Non-linear iter.: 480/500. Linear iter.: 4. Min. area: 0.000151846. Error: 2.68924e-11.
Computing volumes of the grid elements.
Min. volume: 0.000151846, max. volume: 36.5349.

# FGMRES residual history
# Residual tolerance target = 1e-10
# Initial residual norm     = 6.94423e-10
     0     1
# FGMRES final (true) residual:
# Iteration = 4: |res|/|res0| = 2.68921e-11.

Computing volumes of the grid elements.
Non-linear iter.: 481/500. Linear iter.: 4. Min. area: 0.000151846. Error: 2.68921e-11.
Computing volumes of the grid elements.
Min. volume: 0.000151846, max. volume: 36.5349.

# FGMRES residual history
# Residual tolerance target = 1e-10
# Initial residual norm     = 6.9443e-10
     0     1
# FGMRES final (true) residual:
# Iteration = 4: |res|/|res0| = 2.68917e-11.

Computing volumes of the grid elements.
Non-linear iter.: 482/500. Linear iter.: 4. Min. area: 0.000151846. Error: 2.68917e-11.
Computing volumes of the grid elements.
Min. volume: 0.000151846, max. volume: 36.5349.

# FGMRES residual history
# Residual tolerance target = 1e-10
# Initial residual norm     = 6.94438e-10
     0     1
# FGMRES final (true) residual:
# Iteration = 4: |res|/|res0| = 2.68914e-11.

Computing volumes of the grid elements.
Non-linear iter.: 483/500. Linear iter.: 4. Min. area: 0.000151846. Error: 2.68914e-11.
Computing volumes of the grid elements.
Min. volume: 0.000151846, max. volume: 36.5349.

# FGMRES residual history
# Residual tolerance target = 1e-10
# Initial residual norm     = 6.94445e-10
     0     1
# FGMRES final (true) residual:
# Iteration = 4: |res|/|res0| = 2.68911e-11.

Computing volumes of the grid elements.
Non-linear iter.: 484/500. Linear iter.: 4. Min. area: 0.000151846. Error: 2.68911e-11.
Computing volumes of the grid elements.
Min. volume: 0.000151846, max. volume: 36.5349.

# FGMRES residual history
# Residual tolerance target = 1e-10
# Initial residual norm     = 6.94452e-10
     0     1
# FGMRES final (true) residual:
# Iteration = 4: |res|/|res0| = 2.68908e-11.

Computing volumes of the grid elements.
Non-linear iter.: 485/500. Linear iter.: 4. Min. area: 0.000151846. Error: 2.68908e-11.
Computing volumes of the grid elements.
Min. volume: 0.000151846, max. volume: 36.5349.

# FGMRES residual history
# Residual tolerance target = 1e-10
# Initial residual norm     = 6.94459e-10
     0     1
# FGMRES final (true) residual:
# Iteration = 4: |res|/|res0| = 2.68904e-11.

Computing volumes of the grid elements.
Non-linear iter.: 486/500. Linear iter.: 4. Min. area: 0.000151846. Error: 2.68904e-11.
Computing volumes of the grid elements.
Min. volume: 0.000151846, max. volume: 36.5349.

# FGMRES residual history
# Residual tolerance target = 1e-10
# Initial residual norm     = 6.94466e-10
     0     1
# FGMRES final (true) residual:
# Iteration = 4: |res|/|res0| = 2.68901e-11.

Computing volumes of the grid elements.
Non-linear iter.: 487/500. Linear iter.: 4. Min. area: 0.000151846. Error: 2.68901e-11.
Computing volumes of the grid elements.
Min. volume: 0.000151846, max. volume: 36.5349.

# FGMRES residual history
# Residual tolerance target = 1e-10
# Initial residual norm     = 6.94474e-10
     0     1
# FGMRES final (true) residual:
# Iteration = 4: |res|/|res0| = 2.68898e-11.

Computing volumes of the grid elements.
Non-linear iter.: 488/500. Linear iter.: 4. Min. area: 0.000151846. Error: 2.68898e-11.
Computing volumes of the grid elements.
Min. volume: 0.000151846, max. volume: 36.5349.

# FGMRES residual history
# Residual tolerance target = 1e-10
# Initial residual norm     = 6.94481e-10
     0     1
# FGMRES final (true) residual:
# Iteration = 4: |res|/|res0| = 2.68894e-11.

Computing volumes of the grid elements.
Non-linear iter.: 489/500. Linear iter.: 4. Min. area: 0.000151846. Error: 2.68894e-11.
Computing volumes of the grid elements.
Min. volume: 0.000151846, max. volume: 36.5349.

# FGMRES residual history
# Residual tolerance target = 1e-10
# Initial residual norm     = 6.94488e-10
     0     1
# FGMRES final (true) residual:
# Iteration = 4: |res|/|res0| = 2.68891e-11.

Computing volumes of the grid elements.
Non-linear iter.: 490/500. Linear iter.: 4. Min. area: 0.000151846. Error: 2.68891e-11.
Computing volumes of the grid elements.
Min. volume: 0.000151846, max. volume: 36.5349.

# FGMRES residual history
# Residual tolerance target = 1e-10
# Initial residual norm     = 6.94495e-10
     0     1
# FGMRES final (true) residual:
# Iteration = 4: |res|/|res0| = 2.68888e-11.

Computing volumes of the grid elements.
Non-linear iter.: 491/500. Linear iter.: 4. Min. area: 0.000151846. Error: 2.68888e-11.
Computing volumes of the grid elements.
Min. volume: 0.000151846, max. volume: 36.5349.

# FGMRES residual history
# Residual tolerance target = 1e-10
# Initial residual norm     = 6.94503e-10
     0     1
# FGMRES final (true) residual:
# Iteration = 4: |res|/|res0| = 2.68884e-11.

Computing volumes of the grid elements.
Non-linear iter.: 492/500. Linear iter.: 4. Min. area: 0.000151846. Error: 2.68884e-11.
Computing volumes of the grid elements.
Min. volume: 0.000151846, max. volume: 36.5349.

# FGMRES residual history
# Residual tolerance target = 1e-10
# Initial residual norm     = 6.9451e-10
     0     1
# FGMRES final (true) residual:
# Iteration = 4: |res|/|res0| = 2.68881e-11.

Computing volumes of the grid elements.
Non-linear iter.: 493/500. Linear iter.: 4. Min. area: 0.000151846. Error: 2.68881e-11.
Computing volumes of the grid elements.
Min. volume: 0.000151846, max. volume: 36.5349.

# FGMRES residual history
# Residual tolerance target = 1e-10
# Initial residual norm     = 6.94517e-10
     0     1
# FGMRES final (true) residual:
# Iteration = 4: |res|/|res0| = 2.68878e-11.

Computing volumes of the grid elements.
Non-linear iter.: 494/500. Linear iter.: 4. Min. area: 0.000151846. Error: 2.68878e-11.
Computing volumes of the grid elements.
Min. volume: 0.000151846, max. volume: 36.5349.

# FGMRES residual history
# Residual tolerance target = 1e-10
# Initial residual norm     = 6.94524e-10
     0     1
# FGMRES final (true) residual:
# Iteration = 4: |res|/|res0| = 2.68874e-11.

Computing volumes of the grid elements.
Non-linear iter.: 495/500. Linear iter.: 4. Min. area: 0.000151846. Error: 2.68874e-11.
Computing volumes of the grid elements.
Min. volume: 0.000151846, max. volume: 36.5349.

# FGMRES residual history
# Residual tolerance target = 1e-10
# Initial residual norm     = 6.94532e-10
     0     1
# FGMRES final (true) residual:
# Iteration = 4: |res|/|res0| = 2.68871e-11.

Computing volumes of the grid elements.
Non-linear iter.: 496/500. Linear iter.: 4. Min. area: 0.000151846. Error: 2.68871e-11.
Computing volumes of the grid elements.
Min. volume: 0.000151846, max. volume: 36.5349.

# FGMRES residual history
# Residual tolerance target = 1e-10
# Initial residual norm     = 6.94539e-10
     0     1
# FGMRES final (true) residual:
# Iteration = 4: |res|/|res0| = 2.68868e-11.

Computing volumes of the grid elements.
Non-linear iter.: 497/500. Linear iter.: 4. Min. area: 0.000151846. Error: 2.68868e-11.
Computing volumes of the grid elements.
Min. volume: 0.000151846, max. volume: 36.5349.

# FGMRES residual history
# Residual tolerance target = 1e-10
# Initial residual norm     = 6.94546e-10
     0     1
# FGMRES final (true) residual:
# Iteration = 4: |res|/|res0| = 2.68864e-11.

Computing volumes of the grid elements.
Non-linear iter.: 498/500. Linear iter.: 4. Min. area: 0.000151846. Error: 2.68864e-11.
Computing volumes of the grid elements.
Min. volume: 0.000151846, max. volume: 36.5349.

# FGMRES residual history
# Residual tolerance target = 1e-10
# Initial residual norm     = 6.94553e-10
     0     1
# FGMRES final (true) residual:
# Iteration = 4: |res|/|res0| = 2.68861e-11.

Computing volumes of the grid elements.
Non-linear iter.: 499/500. Linear iter.: 4. Min. area: 0.000151846. Error: 2.68861e-11.
Computing volumes of the grid elements.
Min. volume: 0.000151846, max. volume: 36.5349.

# FGMRES residual history
# Residual tolerance target = 1e-10
# Initial residual norm     = 6.9456e-10
     0     1
# FGMRES final (true) residual:
# Iteration = 4: |res|/|res0| = 2.68858e-11.

Computing volumes of the grid elements.
Non-linear iter.: 500/500. Linear iter.: 4. Min. area: 0.000151846. Error: 2.68858e-11.

Completed in 0.138735 seconds on 1 core.

----------------------- Write deformed grid files -----------------------
|SU2 mesh                           |mesh_deformed.su2                  |
Adding any FFD information to the SU2 file.

------------------------- Finalize Solver -------------------------
Deleted CNumerics container.
Deleted CSolver container.
Deleted CGeometry container.
Deleted CSurfaceMovement class.
Deleted CVolumetricMovement class.
Deleted CConfig container.
Deleted COutput class.

------------------------- Exit Success (SU2_DEF) ------------------------

