
-------------------------------------------------------------------------
|    ___ _   _ ___                                                      |
|   / __| | | |_  )   Release 8.4.0 "Harrier"                           |
|   \__ \ |_| |/ /                                                      |
|   |___/\___//___|   Suite (Mesh Deformation Code)                     |
|                                                                       |
-------------------------------------------------------------------------
| SU2 Project Website: https://su2code.github.io                        |
|                                                                       |
| The SU2 Project is maintained by the SU2 Foundation                   |
| (http://su2foundation.org)                                            |
-------------------------------------------------------------------------
| Copyright 2012-2026, SU2 Contributors                                 |
|                                                                       |
| SU2 is free software; you can redistribute it and/or                  |
| modify it under the terms of the GNU Lesser General Public            |
| License as published by the Free Software Foundation; either          |
| version 2.1 of the License, or (at your option) any later version.    |
|                                                                       |
| SU2 is distributed in the hope that it will be useful,                |
| but WITHOUT ANY WARRANTY; without even the implied warranty of        |
| MERCHANTABILITY or FITNESS FOR A PARTICULAR PURPOSE. See the GNU      |
| Lesser General Public License for more details.                       |
|                                                                       |
| You should have received a copy of the GNU Lesser General Public      |
| License along with SU2. If not, see <http://www.gnu.org/licenses/>.   |
-------------------------------------------------------------------------

----------------- Physical Case Definition ( Zone 0 ) -------------------
Input mesh file name: mesh_original.su2

---------------- Grid deformation parameters ( Zone 0 )  ----------------
Grid deformation using linear elasticity method.


-------------------- Output Information ( Zone 0 ) ----------------------
Output mesh file name: mesh_deformed.su2. 
Cell stiffness scaled by inverse of the cell volume.

------------- Config File Boundary Information ( Zone 0 ) ---------------
+-----------------------------------------------------------------------+
|                        Marker Type|                        Marker Name|
+-----------------------------------------------------------------------+
|                          Far-field|                           farfield|
+-----------------------------------------------------------------------+
|                     Heat flux wall|                            airfoil|
+-----------------------------------------------------------------------+
Two dimensional problem.
222 grid points.
235 volume elements.
2 surface markers.
50 boundary elements in index 0 (Marker = farfield).
159 boundary elements in index 1 (Marker = airfoil).
235 triangles.

----------------------- Preprocessing computations ----------------------
Setting local point connectivity.
Checking the numerical grid orientation of the interior elements.
All volume elements are correctly oriented.
There has been a re-orientation of 159 LINE surface elements.
Identify edges and vertices.
Setting the bound control volume structure.
Area of the computational grid: 599.937.
  Info: Ignoring the following volume output fields/groups:
  SOLUTION
Volume output fields: COORDINATES
Screen output fields: 
History output group(s): 
Warning: No (valid) fields chosen for convergence monitoring. Convergence monitoring inactive.
Warning: No (valid) fields chosen for time convergence monitoring. Time convergence monitoring inactive.

--------------------- Surface grid deformation (ZONE 0) -----------------
Performing the deformation of the surface grid.
Updating the surface coordinates from the input file.

------------------- Volumetric grid deformation (ZONE 0) ----------------
Performing the deformation of the volumetric grid.
Computing volumes of the grid elements.
Min. volume: 0.000148453, max. volume: 36.6087.

# FGMRES residual history
# Residual tolerance target = 1e-10
# Initial residual norm     = 3.35251e-10
     0     1
# FGMRES final (true) residual:
# Iteration = 4: |res|/|res0| = 2.8745e-12.

Computing volumes of the grid elements.
Non-linear iter.: 1/500. Linear iter.: 4. Min. area: 0.000148453. Error: 2.8745e-12.
Computing volumes of the grid elements.
Min. volume: 0.000148453, max. volume: 36.6087.

# FGMRES residual history
# Residual tolerance target = 1e-10
# Initial residual norm     = 3.35252e-10
     0     1
# FGMRES final (true) residual:
# Iteration = 4: |res|/|res0| = 2.8745e-12.

Computing volumes of the grid elements.
Non-linear iter.: 2/500. Linear iter.: 4. Min. area: 0.000148453. Error: 2.8745e-12.
Computing volumes of the grid elements.
Min. volume: 0.000148453, max. volume: 36.6087.

# FGMRES residual history
# Residual tolerance target = 1e-10
# Initial residual norm     = 3.35252e-10
     0     1
# FGMRES final (true) residual:
# Iteration = 4: |res|/|res0| = 2.87451e-12.

Computing volumes of the grid elements.
Non-linear iter.: 3/500. Linear iter.: 4. Min. area: 0.000148453. Error: 2.87451e-12.
Computing volumes of the grid elements.
Min. volume: 0.000148453, max. volume: 36.6087.

# FGMRES residual history
# Residual tolerance target = 1e-10
# Initial residual norm     = 3.35252e-10
     0     1
# FGMRES final (true) residual:
# Iteration = 4: |res|/|res0| = 2.87451e-12.

Computing volumes of the grid elements.
Non-linear iter.: 4/500. Linear iter.: 4. Min. area: 0.000148453. Error: 2.87451e-12.
Computing volumes of the grid elements.
Min. volume: 0.000148453, max. volume: 36.6087.

# FGMRES residual history
# Residual tolerance target = 1e-10
# Initial residual norm     = 3.35253e-10
     0     1
# FGMRES final (true) residual:
# Iteration = 4: |res|/|res0| = 2.87451e-12.

Computing volumes of the grid elements.
Non-linear iter.: 5/500. Linear iter.: 4. Min. area: 0.000148453. Error: 2.87451e-12.
Computing volumes of the grid elements.
Min. volume: 0.000148453, max. volume: 36.6087.

# FGMRES residual history
# Residual tolerance target = 1e-10
# Initial residual norm     = 3.35253e-10
     0     1
# FGMRES final (true) residual:
# Iteration = 4: |res|/|res0| = 2.87451e-12.

Computing volumes of the grid elements.
Non-linear iter.: 6/500. Linear iter.: 4. Min. area: 0.000148453. Error: 2.87451e-12.
Computing volumes of the grid elements.
Min. volume: 0.000148453, max. volume: 36.6087.

# FGMRES residual history
# Residual tolerance target = 1e-10
# Initial residual norm     = 3.35253e-10
     0     1
# FGMRES final (true) residual:
# Iteration = 4: |res|/|res0| = 2.87451e-12.

Computing volumes of the grid elements.
Non-linear iter.: 7/500. Linear iter.: 4. Min. area: 0.000148453. Error: 2.87451e-12.
Computing volumes of the grid elements.
Min. volume: 0.000148453, max. volume: 36.6087.

# FGMRES residual history
# Residual tolerance target = 1e-10
# Initial residual norm     = 3.35254e-10
     0     1
# FGMRES final (true) residual:
# Iteration = 4: |res|/|res0| = 2.87451e-12.

Computing volumes of the grid elements.
Non-linear iter.: 8/500. Linear iter.: 4. Min. area: 0.000148453. Error: 2.87451e-12.
Computing volumes of the grid elements.
Min. volume: 0.000148453, max. volume: 36.6087.

# FGMRES residual history
# Residual tolerance target = 1e-10
# Initial residual norm     = 3.35254e-10
     0     1
# FGMRES final (true) residual:
# Iteration = 4: |res|/|res0| = 2.87451e-12.

Computing volumes of the grid elements.
Non-linear iter.: 9/500. Linear iter.: 4. Min. area: 0.000148453. Error: 2.87451e-12.
Computing volumes of the grid elements.
Min. volume: 0.000148453, max. volume: 36.6087.

# FGMRES residual history
# Residual tolerance target = 1e-10
# Initial residual norm     = 3.35254e-10
     0     1
# FGMRES final (true) residual:
# Iteration = 4: |res|/|res0| = 2.87451e-12.

Computing volumes of the grid elements.
Non-linear iter.: 10/500. Linear iter.: 4. Min. area: 0.000148453. Error: 2.87451e-12.
Computing volumes of the grid elements.
Min. volume: 0.000148453, max. volume: 36.6087.

# FGMRES residual history
# Residual tolerance target = 1e-10
# Initial residual norm     = 3.35255e-10
     0     1
# FGMRES final (true) residual:
# Iteration = 4: |res|/|res0| = 2.87451e-12.

Computing volumes of the grid elements.
Non-linear iter.: 11/500. Linear iter.: 4. Min. area: 0.000148453. Error: 2.87451e-12.
Computing volumes of the grid elements.
Min. volume: 0.000148453, max. volume: 36.6087.

# FGMRES residual history
# Residual tolerance target = 1e-10
# Initial residual norm     = 3.35255e-10
     0     1
# FGMRES final (true) residual:
# Iteration = 4: |res|/|res0| = 2.87451e-12.

Computing volumes of the grid elements.
Non-linear iter.: 12/500. Linear iter.: 4. Min. area: 0.000148453. Error: 2.87451e-12.
Computing volumes of the grid elements.
Min. volume: 0.000148453, max. volume: 36.6087.

# FGMRES residual history
# Residual tolerance target = 1e-10
# Initial residual norm     = 3.35255e-10
     0     1
# FGMRES final (true) residual:
# Iteration = 4: |res|/|res0| = 2.87452e-12.

Computing volumes of the grid elements.
Non-linear iter.: 13/500. Linear iter.: 4. Min. area: 0.000148453. Error: 2.87452e-12.
Computing volumes of the grid elements.
Min. volume: 0.000148453, max. volume: 36.6087.

# FGMRES residual history
# Residual tolerance target = 1e-10
# Initial residual norm     = 3.35256e-10
     0     1
# FGMRES final (true) residual:
# Iteration = 4: |res|/|res0| = 2.87452e-12.

Computing volumes of the grid elements.
Non-linear iter.: 14/500. Linear iter.: 4. Min. area: 0.000148453. Error: 2.87452e-12.
Computing volumes of the grid elements.
Min. volume: 0.000148453, max. volume: 36.6087.

# FGMRES residual history
# Residual tolerance target = 1e-10
# Initial residual norm     = 3.35256e-10
     0     1
# FGMRES final (true) residual:
# Iteration = 4: |res|/|res0| = 2.87452e-12.

Computing volumes of the grid elements.
Non-linear iter.: 15/500. Linear iter.: 4. Min. area: 0.000148453. Error: 2.87452e-12.
Computing volumes of the grid elements.
Min. volume: 0.000148453, max. volume: 36.6087.

# FGMRES residual history
# Residual tolerance target = 1e-10
# Initial residual norm     = 3.35256e-10
     0     1
# FGMRES final (true) residual:
# Iteration = 4: |res|/|res0| = 2.87452e-12.

Computing volumes of the grid elements.
Non-linear iter.: 16/500. Linear iter.: 4. Min. area: 0.000148453. Error: 2.87452e-12.
Computing volumes of the grid elements.
Min. volume: 0.000148453, max. volume: 36.6087.

# FGMRES residual history
# Residual tolerance target = 1e-10
# Initial residual norm     = 3.35257e-10
     0     1
# FGMRES final (true) residual:
# Iteration = 4: |res|/|res0| = 2.87452e-12.

Computing volumes of the grid elements.
Non-linear iter.: 17/500. Linear iter.: 4. Min. area: 0.000148453. Error: 2.87452e-12.
Computing volumes of the grid elements.
Min. volume: 0.000148453, max. volume: 36.6087.

# FGMRES residual history
# Residual tolerance target = 1e-10
# Initial residual norm     = 3.35257e-10
     0     1
# FGMRES final (true) residual:
# Iteration = 4: |res|/|res0| = 2.87452e-12.

Computing volumes of the grid elements.
Non-linear iter.: 18/500. Linear iter.: 4. Min. area: 0.000148453. Error: 2.87452e-12.
Computing volumes of the grid elements.
Min. volume: 0.000148453, max. volume: 36.6087.

# FGMRES residual history
# Residual tolerance target = 1e-10
# Initial residual norm     = 3.35257e-10
     0     1
# FGMRES final (true) residual:
# Iteration = 4: |res|/|res0| = 2.87452e-12.

Computing volumes of the grid elements.
Non-linear iter.: 19/500. Linear iter.: 4. Min. area: 0.000148453. Error: 2.87452e-12.
Computing volumes of the grid elements.
Min. volume: 0.000148453, max. volume: 36.6087.

# FGMRES residual history
# Residual tolerance target = 1e-10
# Initial residual norm     = 3.35258e-10
     0     1
# FGMRES final (true) residual:
# Iteration = 4: |res|/|res0| = 2.87452e-12.

Computing volumes of the grid elements.
Non-linear iter.: 20/500. Linear iter.: 4. Min. area: 0.000148453. Error: 2.87452e-12.
Computing volumes of the grid elements.
Min. volume: 0.000148453, max. volume: 36.6087.

# FGMRES residual history
# Residual tolerance target = 1e-10
# Initial residual norm     = 3.35258e-10
     0     1
# FGMRES final (true) residual:
# Iteration = 4: |res|/|res0| = 2.87452e-12.

Computing volumes of the grid elements.
Non-linear iter.: 21/500. Linear iter.: 4. Min. area: 0.000148453. Error: 2.87452e-12.
Computing volumes of the grid elements.
Min. volume: 0.000148453, max. volume: 36.6087.

# FGMRES residual history
# Residual tolerance target = 1e-10
# Initial residual norm     = 3.35258e-10
     0     1
# FGMRES final (true) residual:
# Iteration = 4: |res|/|res0| = 2.87452e-12.

Computing volumes of the grid elements.
Non-linear iter.: 22/500. Linear iter.: 4. Min. area: 0.000148453. Error: 2.87452e-12.
Computing volumes of the grid elements.
Min. volume: 0.000148453, max. volume: 36.6087.

# FGMRES residual history
# Residual tolerance target = 1e-10
# Initial residual norm     = 3.35259e-10
     0     1
# FGMRES final (true) residual:
# Iteration = 4: |res|/|res0| = 2.87453e-12.

Computing volumes of the grid elements.
Non-linear iter.: 23/500. Linear iter.: 4. Min. area: 0.000148453. Error: 2.87453e-12.
Computing volumes of the grid elements.
Min. volume: 0.000148453, max. volume: 36.6087.

# FGMRES residual history
# Residual tolerance target = 1e-10
# Initial residual norm     = 3.35259e-10
     0     1
# FGMRES final (true) residual:
# Iteration = 4: |res|/|res0| = 2.87453e-12.

Computing volumes of the grid elements.
Non-linear iter.: 24/500. Linear iter.: 4. Min. area: 0.000148453. Error: 2.87453e-12.
Computing volumes of the grid elements.
Min. volume: 0.000148453, max. volume: 36.6087.

# FGMRES residual history
# Residual tolerance target = 1e-10
# Initial residual norm     = 3.35259e-10
     0     1
# FGMRES final (true) residual:
# Iteration = 4: |res|/|res0| = 2.87453e-12.

Computing volumes of the grid elements.
Non-linear iter.: 25/500. Linear iter.: 4. Min. area: 0.000148453. Error: 2.87453e-12.
Computing volumes of the grid elements.
Min. volume: 0.000148453, max. volume: 36.6087.

# FGMRES residual history
# Residual tolerance target = 1e-10
# Initial residual norm     = 3.3526e-10
     0     1
# FGMRES final (true) residual:
# Iteration = 4: |res|/|res0| = 2.87453e-12.

Computing volumes of the grid elements.
Non-linear iter.: 26/500. Linear iter.: 4. Min. area: 0.000148453. Error: 2.87453e-12.
Computing volumes of the grid elements.
Min. volume: 0.000148453, max. volume: 36.6087.

# FGMRES residual history
# Residual tolerance target = 1e-10
# Initial residual norm     = 3.3526e-10
     0     1
# FGMRES final (true) residual:
# Iteration = 4: |res|/|res0| = 2.87453e-12.

Computing volumes of the grid elements.
Non-linear iter.: 27/500. Linear iter.: 4. Min. area: 0.000148453. Error: 2.87453e-12.
Computing volumes of the grid elements.
Min. volume: 0.000148453, max. volume: 36.6087.

# FGMRES residual history
# Residual tolerance target = 1e-10
# Initial residual norm     = 3.35261e-10
     0     1
# FGMRES final (true) residual:
# Iteration = 4: |res|/|res0| = 2.87453e-12.

Computing volumes of the grid elements.
Non-linear iter.: 28/500. Linear iter.: 4. Min. area: 0.000148453. Error: 2.87453e-12.
Computing volumes of the grid elements.
Min. volume: 0.000148453, max. volume: 36.6087.

# FGMRES residual history
# Residual tolerance target = 1e-10
# Initial residual norm     = 3.35261e-10
     0     1
# FGMRES final (true) residual:
# Iteration = 4: |res|/|res0| = 2.87453e-12.

Computing volumes of the grid elements.
Non-linear iter.: 29/500. Linear iter.: 4. Min. area: 0.000148453. Error: 2.87453e-12.
Computing volumes of the grid elements.
Min. volume: 0.000148453, max. volume: 36.6087.

# FGMRES residual history
# Residual tolerance target = 1e-10
# Initial residual norm     = 3.35261e-10
     0     1
# FGMRES final (true) residual:
# Iteration = 4: |res|/|res0| = 2.87453e-12.

Computing volumes of the grid elements.
Non-linear iter.: 30/500. Linear iter.: 4. Min. area: 0.000148453. Error: 2.87453e-12.
Computing volumes of the grid elements.
Min. volume: 0.000148453, max. volume: 36.6087.

# FGMRES residual history
# Residual tolerance target = 1e-10
# Initial residual norm     = 3.35262e-10
     0     1
# FGMRES final (true) residual:
# Iteration = 4: |res|/|res0| = 2.87453e-12.

Computing volumes of the grid elements.
Non-linear iter.: 31/500. Linear iter.: 4. Min. area: 0.000148453. Error: 2.87453e-12.
Computing volumes of the grid elements.
Min. volume: 0.000148453, max. volume: 36.6087.

# FGMRES residual history
# Residual tolerance target = 1e-10
# Initial residual norm     = 3.35262e-10
     0     1
# FGMRES final (true) residual:
# Iteration = 4: |res|/|res0| = 2.87453e-12.

Computing volumes of the grid elements.
Non-linear iter.: 32/500. Linear iter.: 4. Min. area: 0.000148453. Error: 2.87453e-12.
Computing volumes of the grid elements.
Min. volume: 0.000148453, max. volume: 36.6087.

# FGMRES residual history
# Residual tolerance target = 1e-10
# Initial residual norm     = 3.35262e-10
     0     1
# FGMRES final (true) residual:
# Iteration = 4: |res|/|res0| = 2.87454e-12.

Computing volumes of the grid elements.
Non-linear iter.: 33/500. Linear iter.: 4. Min. area: 0.000148453. Error: 2.87454e-12.
Computing volumes of the grid elements.
Min. volume: 0.000148453, max. volume: 36.6087.

# FGMRES residual history
# Residual tolerance target = 1e-10
# Initial residual norm     = 3.35263e-10
     0     1
# FGMRES final (true) residual:
# Iteration = 4: |res|/|res0| = 2.87454e-12.

Computing volumes of the grid elements.
Non-linear iter.: 34/500. Linear iter.: 4. Min. area: 0.000148453. Error: 2.87454e-12.
Computing volumes of the grid elements.
Min. volume: 0.000148453, max. volume: 36.6087.

# FGMRES residual history
# Residual tolerance target = 1e-10
# Initial residual norm     = 3.35263e-10
     0     1
# FGMRES final (true) residual:
# Iteration = 4: |res|/|res0| = 2.87454e-12.

Computing volumes of the grid elements.
Non-linear iter.: 35/500. Linear iter.: 4. Min. area: 0.000148453. Error: 2.87454e-12.
Computing volumes of the grid elements.
Min. volume: 0.000148453, max. volume: 36.6087.

# FGMRES residual history
# Residual tolerance target = 1e-10
# Initial residual norm     = 3.35263e-10
     0     1
# FGMRES final (true) residual:
# Iteration = 4: |res|/|res0| = 2.87454e-12.

Computing volumes of the grid elements.
Non-linear iter.: 36/500. Linear iter.: 4. Min. area: 0.000148453. Error: 2.87454e-12.
Computing volumes of the grid elements.
Min. volume: 0.000148453, max. volume: 36.6087.

# FGMRES residual history
# Residual tolerance target = 1e-10
# Initial residual norm     = 3.35264e-10
     0     1
# FGMRES final (true) residual:
# Iteration = 4: |res|/|res0| = 2.87454e-12.

Computing volumes of the grid elements.
Non-linear iter.: 37/500. Linear iter.: 4. Min. area: 0.000148453. Error: 2.87454e-12.
Computing volumes of the grid elements.
Min. volume: 0.000148453, max. volume: 36.6087.

# FGMRES residual history
# Residual tolerance target = 1e-10
# Initial residual norm     = 3.35264e-10
     0     1
# FGMRES final (true) residual:
# Iteration = 4: |res|/|res0| = 2.87454e-12.

Computing volumes of the grid elements.
Non-linear iter.: 38/500. Linear iter.: 4. Min. area: 0.000148453. Error: 2.87454e-12.
Computing volumes of the grid elements.
Min. volume: 0.000148453, max. volume: 36.6087.

# FGMRES residual history
# Residual tolerance target = 1e-10
# Initial residual norm     = 3.35264e-10
     0     1
# FGMRES final (true) residual:
# Iteration = 4: |res|/|res0| = 2.87454e-12.

Computing volumes of the grid elements.
Non-linear iter.: 39/500. Linear iter.: 4. Min. area: 0.000148453. Error: 2.87454e-12.
Computing volumes of the grid elements.
Min. volume: 0.000148453, max. volume: 36.6087.

# FGMRES residual history
# Residual tolerance target = 1e-10
# Initial residual norm     = 3.35265e-10
     0     1
# FGMRES final (true) residual:
# Iteration = 4: |res|/|res0| = 2.87454e-12.

Computing volumes of the grid elements.
Non-linear iter.: 40/500. Linear iter.: 4. Min. area: 0.000148453. Error: 2.87454e-12.
Computing volumes of the grid elements.
Min. volume: 0.000148453, max. volume: 36.6087.

# FGMRES residual history
# Residual tolerance target = 1e-10
# Initial residual norm     = 3.35265e-10
     0     1
# FGMRES final (true) residual:
# Iteration = 4: |res|/|res0| = 2.87454e-12.

Computing volumes of the grid elements.
Non-linear iter.: 41/500. Linear iter.: 4. Min. area: 0.000148453. Error: 2.87454e-12.
Computing volumes of the grid elements.
Min. volume: 0.000148453, max. volume: 36.6087.

# FGMRES residual history
# Residual tolerance target = 1e-10
# Initial residual norm     = 3.35265e-10
     0     1
# FGMRES final (true) residual:
# Iteration = 4: |res|/|res0| = 2.87454e-12.

Computing volumes of the grid elements.
Non-linear iter.: 42/500. Linear iter.: 4. Min. area: 0.000148453. Error: 2.87454e-12.
Computing volumes of the grid elements.
Min. volume: 0.000148453, max. volume: 36.6087.

# FGMRES residual history
# Residual tolerance target = 1e-10
# Initial residual norm     = 3.35266e-10
     0     1
# FGMRES final (true) residual:
# Iteration = 4: |res|/|res0| = 2.87455e-12.

Computing volumes of the grid elements.
Non-linear iter.: 43/500. Linear iter.: 4. Min. area: 0.000148453. Error: 2.87455e-12.
Computing volumes of the grid elements.
Min. volume: 0.000148453, max. volume: 36.6087.

# FGMRES residual history
# Residual tolerance target = 1e-10
# Initial residual norm     = 3.35266e-10
     0     1
# FGMRES final (true) residual:
# Iteration = 4: |res|/|res0| = 2.87455e-12.

Computing volumes of the grid elements.
Non-linear iter.: 44/500. Linear iter.: 4. Min. area: 0.000148453. Error: 2.87455e-12.
Computing volumes of the grid elements.
Min. volume: 0.000148453, max. volume: 36.6087.

# FGMRES residual history
# Residual tolerance target = 1e-10
# Initial residual norm     = 3.35266e-10
     0     1
# FGMRES final (true) residual:
# Iteration = 4: |res|/|res0| = 2.87455e-12.

Computing volumes of the grid elements.
Non-linear iter.: 45/500. Linear iter.: 4. Min. area: 0.000148453. Error: 2.87455e-12.
Computing volumes of the grid elements.
Min. volume: 0.000148453, max. volume: 36.6087.

# FGMRES residual history
# Residual tolerance target = 1e-10
# Initial residual norm     = 3.35267e-10
     0     1
# FGMRES final (true) residual:
# Iteration = 4: |res|/|res0| = 2.87455e-12.

Computing volumes of the grid elements.
Non-linear iter.: 46/500. Linear iter.: 4. Min. area: 0.000148453. Error: 2.87455e-12.
Computing volumes of the grid elements.
Min. volume: 0.000148453, max. volume: 36.6087.

# FGMRES residual history
# Residual tolerance target = 1e-10
# Initial residual norm     = 3.35267e-10
     0     1
# FGMRES final (true) residual:
# Iteration = 4: |res|/|res0| = 2.87455e-12.

Computing volumes of the grid elements.
Non-linear iter.: 47/500. Linear iter.: 4. Min. area: 0.000148453. Error: 2.87455e-12.
Computing volumes of the grid elements.
Min. volume: 0.000148453, max. volume: 36.6087.

# FGMRES residual history
# Residual tolerance target = 1e-10
# Initial residual norm     = 3.35267e-10
     0     1
# FGMRES final (true) residual:
# Iteration = 4: |res|/|res0| = 2.87455e-12.

Computing volumes of the grid elements.
Non-linear iter.: 48/500. Linear iter.: 4. Min. area: 0.000148453. Error: 2.87455e-12.
Computing volumes of the grid elements.
Min. volume: 0.000148453, max. volume: 36.6087.

# FGMRES residual history
# Residual tolerance target = 1e-10
# Initial residual norm     = 3.35268e-10
     0     1
# FGMRES final (true) residual:
# Iteration = 4: |res|/|res0| = 2.87455e-12.

Computing volumes of the grid elements.
Non-linear iter.: 49/500. Linear iter.: 4. Min. area: 0.000148453. Error: 2.87455e-12.
Computing volumes of the grid elements.
Min. volume: 0.000148453, max. volume: 36.6087.

# FGMRES residual history
# Residual tolerance target = 1e-10
# Initial residual norm     = 3.35268e-10
     0     1
# FGMRES final (true) residual:
# Iteration = 4: |res|/|res0| = 2.87455e-12.

Computing volumes of the grid elements.
Non-linear iter.: 50/500. Linear iter.: 4. Min. area: 0.000148453. Error: 2.87455e-12.
Computing volumes of the grid elements.
Min. volume: 0.000148453, max. volume: 36.6087.

# FGMRES residual history
# Residual tolerance target = 1e-10
# Initial residual norm     = 3.35268e-10
     0     1
# FGMRES final (true) residual:
# Iteration = 4: |res|/|res0| = 2.87455e-12.

Computing volumes of the grid elements.
Non-linear iter.: 51/500. Linear iter.: 4. Min. area: 0.000148453. Error: 2.87455e-12.
Computing volumes of the grid elements.
Min. volume: 0.000148453, max. volume: 36.6087.

# FGMRES residual history
# Residual tolerance target = 1e-10
# Initial residual norm     = 3.35269e-10
     0     1
# FGMRES final (true) residual:
# Iteration = 4: |res|/|res0| = 2.87455e-12.

Computing volumes of the grid elements.
Non-linear iter.: 52/500. Linear iter.: 4. Min. area: 0.000148453. Error: 2.87455e-12.
Computing volumes of the grid elements.
Min. volume: 0.000148453, max. volume: 36.6087.

# FGMRES residual history
# Residual tolerance target = 1e-10
# Initial residual norm     = 3.35269e-10
     0     1
# FGMRES final (true) residual:
# Iteration = 4: |res|/|res0| = 2.87456e-12.

Computing volumes of the grid elements.
Non-linear iter.: 53/500. Linear iter.: 4. Min. area: 0.000148453. Error: 2.87456e-12.
Computing volumes of the grid elements.
Min. volume: 0.000148453, max. volume: 36.6087.

# FGMRES residual history
# Residual tolerance target = 1e-10
# Initial residual norm     = 3.35269e-10
     0     1
# FGMRES final (true) residual:
# Iteration = 4: |res|/|res0| = 2.87456e-12.

Computing volumes of the grid elements.
Non-linear iter.: 54/500. Linear iter.: 4. Min. area: 0.000148453. Error: 2.87456e-12.
Computing volumes of the grid elements.
Min. volume: 0.000148453, max. volume: 36.6087.

# FGMRES residual history
# Residual tolerance target = 1e-10
# Initial residual norm     = 3.3527e-10
     0     1
# FGMRES final (true) residual:
# Iteration = 4: |res|/|res0| = 2.87456e-12.

Computing volumes of the grid elements.
Non-linear iter.: 55/500. Linear iter.: 4. Min. area: 0.000148453. Error: 2.87456e-12.
Computing volumes of the grid elements.
Min. volume: 0.000148453, max. volume: 36.6087.

# FGMRES residual history
# Residual tolerance target = 1e-10
# Initial residual norm     = 3.3527e-10
     0     1
# FGMRES final (true) residual:
# Iteration = 4: |res|/|res0| = 2.87456e-12.

Computing volumes of the grid elements.
Non-linear iter.: 56/500. Linear iter.: 4. Min. area: 0.000148453. Error: 2.87456e-12.
Computing volumes of the grid elements.
Min. volume: 0.000148453, max. volume: 36.6087.

# FGMRES residual history
# Residual tolerance target = 1e-10
# Initial residual norm     = 3.35271e-10
     0     1
# FGMRES final (true) residual:
# Iteration = 4: |res|/|res0| = 2.87456e-12.

Computing volumes of the grid elements.
Non-linear iter.: 57/500. Linear iter.: 4. Min. area: 0.000148453. Error: 2.87456e-12.
Computing volumes of the grid elements.
Min. volume: 0.000148453, max. volume: 36.6087.

# FGMRES residual history
# Residual tolerance target = 1e-10
# Initial residual norm     = 3.35271e-10
     0     1
# FGMRES final (true) residual:
# Iteration = 4: |res|/|res0| = 2.87456e-12.

Computing volumes of the grid elements.
Non-linear iter.: 58/500. Linear iter.: 4. Min. area: 0.000148453. Error: 2.87456e-12.
Computing volumes of the grid elements.
Min. volume: 0.000148453, max. volume: 36.6087.

# FGMRES residual history
# Residual tolerance target = 1e-10
# Initial residual norm     = 3.35271e-10
     0     1
# FGMRES final (true) residual:
# Iteration = 4: |res|/|res0| = 2.87456e-12.

Computing volumes of the grid elements.
Non-linear iter.: 59/500. Linear iter.: 4. Min. area: 0.000148453. Error: 2.87456e-12.
Computing volumes of the grid elements.
Min. volume: 0.000148453, max. volume: 36.6087.

# FGMRES residual history
# Residual tolerance target = 1e-10
# Initial residual norm     = 3.35272e-10
     0     1
# FGMRES final (true) residual:
# Iteration = 4: |res|/|res0| = 2.87456e-12.

Computing volumes of the grid elements.
Non-linear iter.: 60/500. Linear iter.: 4. Min. area: 0.000148453. Error: 2.87456e-12.
Computing volumes of the grid elements.
Min. volume: 0.000148453, max. volume: 36.6087.

# FGMRES residual history
# Residual tolerance target = 1e-10
# Initial residual norm     = 3.35272e-10
     0     1
# FGMRES final (true) residual:
# Iteration = 4: |res|/|res0| = 2.87456e-12.

Computing volumes of the grid elements.
Non-linear iter.: 61/500. Linear iter.: 4. Min. area: 0.000148453. Error: 2.87456e-12.
Computing volumes of the grid elements.
Min. volume: 0.000148453, max. volume: 36.6087.

# FGMRES residual history
# Residual tolerance target = 1e-10
# Initial residual norm     = 3.35272e-10
     0     1
# FGMRES final (true) residual:
# Iteration = 4: |res|/|res0| = 2.87456e-12.

Computing volumes of the grid elements.
Non-linear iter.: 62/500. Linear iter.: 4. Min. area: 0.000148453. Error: 2.87456e-12.
Computing volumes of the grid elements.
Min. volume: 0.000148453, max. volume: 36.6087.

# FGMRES residual history
# Residual tolerance target = 1e-10
# Initial residual norm     = 3.35273e-10
     0     1
# FGMRES final (true) residual:
# Iteration = 4: |res|/|res0| = 2.87457e-12.

Computing volumes of the grid elements.
Non-linear iter.: 63/500. Linear iter.: 4. Min. area: 0.000148453. Error: 2.87457e-12.
Computing volumes of the grid elements.
Min. volume: 0.000148453, max. volume: 36.6087.

# FGMRES residual history
# Residual tolerance target = 1e-10
# Initial residual norm     = 3.35273e-10
     0     1
# FGMRES final (true) residual:
# Iteration = 4: |res|/|res0| = 2.87457e-12.

Computing volumes of the grid elements.
Non-linear iter.: 64/500. Linear iter.: 4. Min. area: 0.000148453. Error: 2.87457e-12.
Computing volumes of the grid elements.
Min. volume: 0.000148453, max. volume: 36.6087.

# FGMRES residual history
# Residual tolerance target = 1e-10
# Initial residual norm     = 3.35273e-10
     0     1
# FGMRES final (true) residual:
# Iteration = 4: |res|/|res0| = 2.87457e-12.

Computing volumes of the grid elements.
Non-linear iter.: 65/500. Linear iter.: 4. Min. area: 0.000148453. Error: 2.87457e-12.
Computing volumes of the grid elements.
Min. volume: 0.000148453, max. volume: 36.6087.

# FGMRES residual history
# Residual tolerance target = 1e-10
# Initial residual norm     = 3.35274e-10
     0     1
# FGMRES final (true) residual:
# Iteration = 4: |res|/|res0| = 2.87457e-12.

Computing volumes of the grid elements.
Non-linear iter.: 66/500. Linear iter.: 4. Min. area: 0.000148453. Error: 2.87457e-12.
Computing volumes of the grid elements.
Min. volume: 0.000148453, max. volume: 36.6087.

# FGMRES residual history
# Residual tolerance target = 1e-10
# Initial residual norm     = 3.35274e-10
     0     1
# FGMRES final (true) residual:
# Iteration = 4: |res|/|res0| = 2.87457e-12.

Computing volumes of the grid elements.
Non-linear iter.: 67/500. Linear iter.: 4. Min. area: 0.000148453. Error: 2.87457e-12.
Computing volumes of the grid elements.
Min. volume: 0.000148453, max. volume: 36.6087.

# FGMRES residual history
# Residual tolerance target = 1e-10
# Initial residual norm     = 3.35274e-10
     0     1
# FGMRES final (true) residual:
# Iteration = 4: |res|/|res0| = 2.87457e-12.

Computing volumes of the grid elements.
Non-linear iter.: 68/500. Linear iter.: 4. Min. area: 0.000148453. Error: 2.87457e-12.
Computing volumes of the grid elements.
Min. volume: 0.000148453, max. volume: 36.6087.

# FGMRES residual history
# Residual tolerance target = 1e-10
# Initial residual norm     = 3.35275e-10
     0     1
# FGMRES final (true) residual:
# Iteration = 4: |res|/|res0| = 2.87457e-12.

Computing volumes of the grid elements.
Non-linear iter.: 69/500. Linear iter.: 4. Min. area: 0.000148453. Error: 2.87457e-12.
Computing volumes of the grid elements.
Min. volume: 0.000148453, max. volume: 36.6087.

# FGMRES residual history
# Residual tolerance target = 1e-10
# Initial residual norm     = 3.35275e-10
     0     1
# FGMRES final (true) residual:
# Iteration = 4: |res|/|res0| = 2.87457e-12.

Computing volumes of the grid elements.
Non-linear iter.: 70/500. Linear iter.: 4. Min. area: 0.000148453. Error: 2.87457e-12.
Computing volumes of the grid elements.
Min. volume: 0.000148453, max. volume: 36.6087.

# FGMRES residual history
# Residual tolerance target = 1e-10
# Initial residual norm     = 3.35275e-10
     0     1
# FGMRES final (true) residual:
# Iteration = 4: |res|/|res0| = 2.87457e-12.

Computing volumes of the grid elements.
Non-linear iter.: 71/500. Linear iter.: 4. Min. area: 0.000148453. Error: 2.87457e-12.
Computing volumes of the grid elements.
Min. volume: 0.000148453, max. volume: 36.6087.

# FGMRES residual history
# Residual tolerance target = 1e-10
# Initial residual norm     = 3.35276e-10
     0     1
# FGMRES final (true) residual:
# Iteration = 4: |res|/|res0| = 2.87457e-12.

Computing volumes of the grid elements.
Non-linear iter.: 72/500. Linear iter.: 4. Min. area: 0.000148453. Error: 2.87457e-12.
Computing volumes of the grid elements.
Min. volume: 0.000148453, max. volume: 36.6087.

# FGMRES residual history
# Residual tolerance target = 1e-10
# Initial residual norm     = 3.35276e-10
     0     1
# FGMRES final (true) residual:
# Iteration = 4: |res|/|res0| = 2.87458e-12.

Computing volumes of the grid elements.
Non-linear iter.: 73/500. Linear iter.: 4. Min. area: 0.000148453. Error: 2.87458e-12.
Computing volumes of the grid elements.
Min. volume: 0.000148453, max. volume: 36.6087.

# FGMRES residual history
# Residual tolerance target = 1e-10
# Initial residual norm     = 3.35276e-10
     0     1
# FGMRES final (true) residual:
# Iteration = 4: |res|/|res0| = 2.87458e-12.

Computing volumes of the grid elements.
Non-linear iter.: 74/500. Linear iter.: 4. Min. area: 0.000148453. Error: 2.87458e-12.
Computing volumes of the grid elements.
Min. volume: 0.000148453, max. volume: 36.6087.

# FGMRES residual history
# Residual tolerance target = 1e-10
# Initial residual norm     = 3.35277e-10
     0     1
# FGMRES final (true) residual:
# Iteration = 4: |res|/|res0| = 2.87458e-12.

Computing volumes of the grid elements.
Non-linear iter.: 75/500. Linear iter.: 4. Min. area: 0.000148453. Error: 2.87458e-12.
Computing volumes of the grid elements.
Min. volume: 0.000148453, max. volume: 36.6087.

# FGMRES residual history
# Residual tolerance target = 1e-10
# Initial residual norm     = 3.35277e-10
     0     1
# FGMRES final (true) residual:
# Iteration = 4: |res|/|res0| = 2.87458e-12.

Computing volumes of the grid elements.
Non-linear iter.: 76/500. Linear iter.: 4. Min. area: 0.000148453. Error: 2.87458e-12.
Computing volumes of the grid elements.
Min. volume: 0.000148453, max. volume: 36.6087.

# FGMRES residual history
# Residual tolerance target = 1e-10
# Initial residual norm     = 3.35277e-10
     0     1
# FGMRES final (true) residual:
# Iteration = 4: |res|/|res0| = 2.87458e-12.

Computing volumes of the grid elements.
Non-linear iter.: 77/500. Linear iter.: 4. Min. area: 0.000148453. Error: 2.87458e-12.
Computing volumes of the grid elements.
Min. volume: 0.000148453, max. volume: 36.6087.

# FGMRES residual history
# Residual tolerance target = 1e-10
# Initial residual norm     = 3.35278e-10
     0     1
# FGMRES final (true) residual:
# Iteration = 4: |res|/|res0| = 2.87458e-12.

Computing volumes of the grid elements.
Non-linear iter.: 78/500. Linear iter.: 4. Min. area: 0.000148453. Error: 2.87458e-12.
Computing volumes of the grid elements.
Min. volume: 0.000148453, max. volume: 36.6087.

# FGMRES residual history
# Residual tolerance target = 1e-10
# Initial residual norm     = 3.35278e-10
     0     1
# FGMRES final (true) residual:
# Iteration = 4: |res|/|res0| = 2.87458e-12.

Computing volumes of the grid elements.
Non-linear iter.: 79/500. Linear iter.: 4. Min. area: 0.000148453. Error: 2.87458e-12.
Computing volumes of the grid elements.
Min. volume: 0.000148453, max. volume: 36.6087.

# FGMRES residual history
# Residual tolerance target = 1e-10
# Initial residual norm     = 3.35278e-10
     0     1
# FGMRES final (true) residual:
# Iteration = 4: |res|/|res0| = 2.87458e-12.

Computing volumes of the grid elements.
Non-linear iter.: 80/500. Linear iter.: 4. Min. area: 0.000148453. Error: 2.87458e-12.
Computing volumes of the grid elements.
Min. volume: 0.000148453, max. volume: 36.6087.

# FGMRES residual history
# Residual tolerance target = 1e-10
# Initial residual norm     = 3.35279e-10
     0     1
# FGMRES final (true) residual:
# Iteration = 4: |res|/|res0| = 2.87458e-12.

Computing volumes of the grid elements.
Non-linear iter.: 81/500. Linear iter.: 4. Min. area: 0.000148453. Error: 2.87458e-12.
Computing volumes of the grid elements.
Min. volume: 0.000148453, max. volume: 36.6087.

# FGMRES residual history
# Residual tolerance target = 1e-10
# Initial residual norm     = 3.35279e-10
     0     1
# FGMRES final (true) residual:
# Iteration = 4: |res|/|res0| = 2.87458e-12.

Computing volumes of the grid elements.
Non-linear iter.: 82/500. Linear iter.: 4. Min. area: 0.000148453. Error: 2.87458e-12.
Computing volumes of the grid elements.
Min. volume: 0.000148453, max. volume: 36.6087.

# FGMRES residual history
# Residual tolerance target = 1e-10
# Initial residual norm     = 3.35279e-10
     0     1
# FGMRES final (true) residual:
# Iteration = 4: |res|/|res0| = 2.87459e-12.

Computing volumes of the grid elements.
Non-linear iter.: 83/500. Linear iter.: 4. Min. area: 0.000148453. Error: 2.87459e-12.
Computing volumes of the grid elements.
Min. volume: 0.000148453, max. volume: 36.6087.

# FGMRES residual history
# Residual tolerance target = 1e-10
# Initial residual norm     = 3.3528e-10
     0     1
# FGMRES final (true) residual:
# Iteration = 4: |res|/|res0| = 2.87459e-12.

Computing volumes of the grid elements.
Non-linear iter.: 84/500. Linear iter.: 4. Min. area: 0.000148453. Error: 2.87459e-12.
Computing volumes of the grid elements.
Min. volume: 0.000148453, max. volume: 36.6087.

# FGMRES residual history
# Residual tolerance target = 1e-10
# Initial residual norm     = 3.3528e-10
     0     1
# FGMRES final (true) residual:
# Iteration = 4: |res|/|res0| = 2.87459e-12.

Computing volumes of the grid elements.
Non-linear iter.: 85/500. Linear iter.: 4. Min. area: 0.000148453. Error: 2.87459e-12.
Computing volumes of the grid elements.
Min. volume: 0.000148453, max. volume: 36.6087.

# FGMRES residual history
# Residual tolerance target = 1e-10
# Initial residual norm     = 3.35281e-10
     0     1
# FGMRES final (true) residual:
# Iteration = 4: |res|/|res0| = 2.87459e-12.

Computing volumes of the grid elements.
Non-linear iter.: 86/500. Linear iter.: 4. Min. area: 0.000148453. Error: 2.87459e-12.
Computing volumes of the grid elements.
Min. volume: 0.000148453, max. volume: 36.6087.

# FGMRES residual history
# Residual tolerance target = 1e-10
# Initial residual norm     = 3.35281e-10
     0     1
# FGMRES final (true) residual:
# Iteration = 4: |res|/|res0| = 2.87459e-12.

Computing volumes of the grid elements.
Non-linear iter.: 87/500. Linear iter.: 4. Min. area: 0.000148453. Error: 2.87459e-12.
Computing volumes of the grid elements.
Min. volume: 0.000148453, max. volume: 36.6087.

# FGMRES residual history
# Residual tolerance target = 1e-10
# Initial residual norm     = 3.35281e-10
     0     1
# FGMRES final (true) residual:
# Iteration = 4: |res|/|res0| = 2.87459e-12.

Computing volumes of the grid elements.
Non-linear iter.: 88/500. Linear iter.: 4. Min. area: 0.000148453. Error: 2.87459e-12.
Computing volumes of the grid elements.
Min. volume: 0.000148453, max. volume: 36.6087.

# FGMRES residual history
# Residual tolerance target = 1e-10
# Initial residual norm     = 3.35282e-10
     0     1
# FGMRES final (true) residual:
# Iteration = 4: |res|/|res0| = 2.87459e-12.

Computing volumes of the grid elements.
Non-linear iter.: 89/500. Linear iter.: 4. Min. area: 0.000148453. Error: 2.87459e-12.
Computing volumes of the grid elements.
Min. volume: 0.000148453, max. volume: 36.6087.

# FGMRES residual history
# Residual tolerance target = 1e-10
# Initial residual norm     = 3.35282e-10
     0     1
# FGMRES final (true) residual:
# Iteration = 4: |res|/|res0| = 2.87459e-12.

Computing volumes of the grid elements.
Non-linear iter.: 90/500. Linear iter.: 4. Min. area: 0.000148453. Error: 2.87459e-12.
Computing volumes of the grid elements.
Min. volume: 0.000148453, max. volume: 36.6087.

# FGMRES residual history
# Residual tolerance target = 1e-10
# Initial residual norm     = 3.35282e-10
     0     1
# FGMRES final (true) residual:
# Iteration = 4: |res|/|res0| = 2.87459e-12.

Computing volumes of the grid elements.
Non-linear iter.: 91/500. Linear iter.: 4. Min. area: 0.000148453. Error: 2.87459e-12.
Computing volumes of the grid elements.
Min. volume: 0.000148453, max. volume: 36.6087.

# FGMRES residual history
# Residual tolerance target = 1e-10
# Initial residual norm     = 3.35283e-10
     0     1
# FGMRES final (true) residual:
# Iteration = 4: |res|/|res0| = 2.87459e-12.

Computing volumes of the grid elements.
Non-linear iter.: 92/500. Linear iter.: 4. Min. area: 0.000148453. Error: 2.87459e-12.
Computing volumes of the grid elements.
Min. volume: 0.000148453, max. volume: 36.6087.

# FGMRES residual history
# Residual tolerance target = 1e-10
# Initial residual norm     = 3.35283e-10
     0     1
# FGMRES final (true) residual:
# Iteration = 4: |res|/|res0| = 2.8746e-12.

Computing volumes of the grid elements.
Non-linear iter.: 93/500. Linear iter.: 4. Min. area: 0.000148453. Error: 2.8746e-12.
Computing volumes of the grid elements.
Min. volume: 0.000148453, max. volume: 36.6087.

# FGMRES residual history
# Residual tolerance target = 1e-10
# Initial residual norm     = 3.35283e-10
     0     1
# FGMRES final (true) residual:
# Iteration = 4: |res|/|res0| = 2.8746e-12.

Computing volumes of the grid elements.
Non-linear iter.: 94/500. Linear iter.: 4. Min. area: 0.000148453. Error: 2.8746e-12.
Computing volumes of the grid elements.
Min. volume: 0.000148453, max. volume: 36.6087.

# FGMRES residual history
# Residual tolerance target = 1e-10
# Initial residual norm     = 3.35284e-10
     0     1
# FGMRES final (true) residual:
# Iteration = 4: |res|/|res0| = 2.8746e-12.

Computing volumes of the grid elements.
Non-linear iter.: 95/500. Linear iter.: 4. Min. area: 0.000148453. Error: 2.8746e-12.
Computing volumes of the grid elements.
Min. volume: 0.000148453, max. volume: 36.6087.

# FGMRES residual history
# Residual tolerance target = 1e-10
# Initial residual norm     = 3.35284e-10
     0     1
# FGMRES final (true) residual:
# Iteration = 4: |res|/|res0| = 2.8746e-12.

Computing volumes of the grid elements.
Non-linear iter.: 96/500. Linear iter.: 4. Min. area: 0.000148453. Error: 2.8746e-12.
Computing volumes of the grid elements.
Min. volume: 0.000148453, max. volume: 36.6087.

# FGMRES residual history
# Residual tolerance target = 1e-10
# Initial residual norm     = 3.35284e-10
     0     1
# FGMRES final (true) residual:
# Iteration = 4: |res|/|res0| = 2.8746e-12.

Computing volumes of the grid elements.
Non-linear iter.: 97/500. Linear iter.: 4. Min. area: 0.000148453. Error: 2.8746e-12.
Computing volumes of the grid elements.
Min. volume: 0.000148453, max. volume: 36.6087.

# FGMRES residual history
# Residual tolerance target = 1e-10
# Initial residual norm     = 3.35285e-10
     0     1
# FGMRES final (true) residual:
# Iteration = 4: |res|/|res0| = 2.8746e-12.

Computing volumes of the grid elements.
Non-linear iter.: 98/500. Linear iter.: 4. Min. area: 0.000148453. Error: 2.8746e-12.
Computing volumes of the grid elements.
Min. volume: 0.000148453, max. volume: 36.6087.

# FGMRES residual history
# Residual tolerance target = 1e-10
# Initial residual norm     = 3.35285e-10
     0     1
# FGMRES final (true) residual:
# Iteration = 4: |res|/|res0| = 2.8746e-12.

Computing volumes of the grid elements.
Non-linear iter.: 99/500. Linear iter.: 4. Min. area: 0.000148453. Error: 2.8746e-12.
Computing volumes of the grid elements.
Min. volume: 0.000148453, max. volume: 36.6087.

# FGMRES residual history
# Residual tolerance target = 1e-10
# Initial residual norm     = 3.35285e-10
     0     1
# FGMRES final (true) residual:
# Iteration = 4: |res|/|res0| = 2.8746e-12.

Computing volumes of the grid elements.
Non-linear iter.: 100/500. Linear iter.: 4. Min. area: 0.000148453. Error: 2.8746e-12.
Computing volumes of the grid elements.
Min. volume: 0.000148453, max. volume: 36.6087.

# FGMRES residual history
# Residual tolerance target = 1e-10
# Initial residual norm     = 3.35286e-10
     0     1
# FGMRES final (true) residual:
# Iteration = 4: |res|/|res0| = 2.8746e-12.

Computing volumes of the grid elements.
Non-linear iter.: 101/500. Linear iter.: 4. Min. area: 0.000148453. Error: 2.8746e-12.
Computing volumes of the grid elements.
Min. volume: 0.000148453, max. volume: 36.6087.

# FGMRES residual history
# Residual tolerance target = 1e-10
# Initial residual norm     = 3.35286e-10
     0     1
# FGMRES final (true) residual:
# Iteration = 4: |res|/|res0| = 2.8746e-12.

Computing volumes of the grid elements.
Non-linear iter.: 102/500. Linear iter.: 4. Min. area: 0.000148453. Error: 2.8746e-12.
Computing volumes of the grid elements.
Min. volume: 0.000148453, max. volume: 36.6087.

# FGMRES residual history
# Residual tolerance target = 1e-10
# Initial residual norm     = 3.35286e-10
     0     1
# FGMRES final (true) residual:
# Iteration = 4: |res|/|res0| = 2.87461e-12.

Computing volumes of the grid elements.
Non-linear iter.: 103/500. Linear iter.: 4. Min. area: 0.000148453. Error: 2.87461e-12.
Computing volumes of the grid elements.
Min. volume: 0.000148453, max. volume: 36.6087.

# FGMRES residual history
# Residual tolerance target = 1e-10
# Initial residual norm     = 3.35287e-10
     0     1
# FGMRES final (true) residual:
# Iteration = 4: |res|/|res0| = 2.87461e-12.

Computing volumes of the grid elements.
Non-linear iter.: 104/500. Linear iter.: 4. Min. area: 0.000148453. Error: 2.87461e-12.
Computing volumes of the grid elements.
Min. volume: 0.000148453, max. volume: 36.6087.

# FGMRES residual history
# Residual tolerance target = 1e-10
# Initial residual norm     = 3.35287e-10
     0     1
# FGMRES final (true) residual:
# Iteration = 4: |res|/|res0| = 2.87461e-12.

Computing volumes of the grid elements.
Non-linear iter.: 105/500. Linear iter.: 4. Min. area: 0.000148453. Error: 2.87461e-12.
Computing volumes of the grid elements.
Min. volume: 0.000148453, max. volume: 36.6087.

# FGMRES residual history
# Residual tolerance target = 1e-10
# Initial residual norm     = 3.35287e-10
     0     1
# FGMRES final (true) residual:
# Iteration = 4: |res|/|res0| = 2.87461e-12.

Computing volumes of the grid elements.
Non-linear iter.: 106/500. Linear iter.: 4. Min. area: 0.000148453. Error: 2.87461e-12.
Computing volumes of the grid elements.
Min. volume: 0.000148453, max. volume: 36.6087.

# FGMRES residual history
# Residual tolerance target = 1e-10
# Initial residual norm     = 3.35288e-10
     0     1
# FGMRES final (true) residual:
# Iteration = 4: |res|/|res0| = 2.87461e-12.

Computing volumes of the grid elements.
Non-linear iter.: 107/500. Linear iter.: 4. Min. area: 0.000148453. Error: 2.87461e-12.
Computing volumes of the grid elements.
Min. volume: 0.000148453, max. volume: 36.6087.

# FGMRES residual history
# Residual tolerance target = 1e-10
# Initial residual norm     = 3.35288e-10
     0     1
# FGMRES final (true) residual:
# Iteration = 4: |res|/|res0| = 2.87461e-12.

Computing volumes of the grid elements.
Non-linear iter.: 108/500. Linear iter.: 4. Min. area: 0.000148453. Error: 2.87461e-12.
Computing volumes of the grid elements.
Min. volume: 0.000148453, max. volume: 36.6087.

# FGMRES residual history
# Residual tolerance target = 1e-10
# Initial residual norm     = 3.35288e-10
     0     1
# FGMRES final (true) residual:
# Iteration = 4: |res|/|res0| = 2.87461e-12.

Computing volumes of the grid elements.
Non-linear iter.: 109/500. Linear iter.: 4. Min. area: 0.000148453. Error: 2.87461e-12.
Computing volumes of the grid elements.
Min. volume: 0.000148453, max. volume: 36.6087.

# FGMRES residual history
# Residual tolerance target = 1e-10
# Initial residual norm     = 3.35289e-10
     0     1
# FGMRES final (true) residual:
# Iteration = 4: |res|/|res0| = 2.87461e-12.

Computing volumes of the grid elements.
Non-linear iter.: 110/500. Linear iter.: 4. Min. area: 0.000148453. Error: 2.87461e-12.
Computing volumes of the grid elements.
Min. volume: 0.000148453, max. volume: 36.6087.

# FGMRES residual history
# Residual tolerance target = 1e-10
# Initial residual norm     = 3.35289e-10
     0     1
# FGMRES final (true) residual:
# Iteration = 4: |res|/|res0| = 2.87461e-12.

Computing volumes of the grid elements.
Non-linear iter.: 111/500. Linear iter.: 4. Min. area: 0.000148453. Error: 2.87461e-12.
Computing volumes of the grid elements.
Min. volume: 0.000148453, max. volume: 36.6087.

# FGMRES residual history
# Residual tolerance target = 1e-10
# Initial residual norm     = 3.3529e-10
     0     1
# FGMRES final (true) residual:
# Iteration = 4: |res|/|res0| = 2.87461e-12.

Computing volumes of the grid elements.
Non-linear iter.: 112/500. Linear iter.: 4. Min. area: 0.000148453. Error: 2.87461e-12.
Computing volumes of the grid elements.
Min. volume: 0.000148453, max. volume: 36.6087.

# FGMRES residual history
# Residual tolerance target = 1e-10
# Initial residual norm     = 3.3529e-10
     0     1
# FGMRES final (true) residual:
# Iteration = 4: |res|/|res0| = 2.87462e-12.

Computing volumes of the grid elements.
Non-linear iter.: 113/500. Linear iter.: 4. Min. area: 0.000148453. Error: 2.87462e-12.
Computing volumes of the grid elements.
Min. volume: 0.000148453, max. volume: 36.6087.

# FGMRES residual history
# Residual tolerance target = 1e-10
# Initial residual norm     = 3.3529e-10
     0     1
# FGMRES final (true) residual:
# Iteration = 4: |res|/|res0| = 2.87462e-12.

Computing volumes of the grid elements.
Non-linear iter.: 114/500. Linear iter.: 4. Min. area: 0.000148453. Error: 2.87462e-12.
Computing volumes of the grid elements.
Min. volume: 0.000148453, max. volume: 36.6087.

# FGMRES residual history
# Residual tolerance target = 1e-10
# Initial residual norm     = 3.35291e-10
     0     1
# FGMRES final (true) residual:
# Iteration = 4: |res|/|res0| = 2.87462e-12.

Computing volumes of the grid elements.
Non-linear iter.: 115/500. Linear iter.: 4. Min. area: 0.000148453. Error: 2.87462e-12.
Computing volumes of the grid elements.
Min. volume: 0.000148453, max. volume: 36.6087.

# FGMRES residual history
# Residual tolerance target = 1e-10
# Initial residual norm     = 3.35291e-10
     0     1
# FGMRES final (true) residual:
# Iteration = 4: |res|/|res0| = 2.87462e-12.

Computing volumes of the grid elements.
Non-linear iter.: 116/500. Linear iter.: 4. Min. area: 0.000148453. Error: 2.87462e-12.
Computing volumes of the grid elements.
Min. volume: 0.000148453, max. volume: 36.6087.

# FGMRES residual history
# Residual tolerance target = 1e-10
# Initial residual norm     = 3.35291e-10
     0     1
# FGMRES final (true) residual:
# Iteration = 4: |res|/|res0| = 2.87462e-12.

Computing volumes of the grid elements.
Non-linear iter.: 117/500. Linear iter.: 4. Min. area: 0.000148453. Error: 2.87462e-12.
Computing volumes of the grid elements.
Min. volume: 0.000148453, max. volume: 36.6087.

# FGMRES residual history
# Residual tolerance target = 1e-10
# Initial residual norm     = 3.35292e-10
     0     1
# FGMRES final (true) residual:
# Iteration = 4: |res|/|res0| = 2.87462e-12.

Computing volumes of the grid elements.
Non-linear iter.: 118/500. Linear iter.: 4. Min. area: 0.000148453. Error: 2.87462e-12.
Computing volumes of the grid elements.
Min. volume: 0.000148453, max. volume: 36.6087.

# FGMRES residual history
# Residual tolerance target = 1e-10
# Initial residual norm     = 3.35292e-10
     0     1
# FGMRES final (true) residual:
# Iteration = 4: |res|/|res0| = 2.87462e-12.

Computing volumes of the grid elements.
Non-linear iter.: 119/500. Linear iter.: 4. Min. area: 0.000148453. Error: 2.87462e-12.
Computing volumes of the grid elements.
Min. volume: 0.000148453, max. volume: 36.6087.

# FGMRES residual history
# Residual tolerance target = 1e-10
# Initial residual norm     = 3.35292e-10
     0     1
# FGMRES final (true) residual:
# Iteration = 4: |res|/|res0| = 2.87462e-12.

Computing volumes of the grid elements.
Non-linear iter.: 120/500. Linear iter.: 4. Min. area: 0.000148453. Error: 2.87462e-12.
Computing volumes of the grid elements.
Min. volume: 0.000148453, max. volume: 36.6087.

# FGMRES residual history
# Residual tolerance target = 1e-10
# Initial residual norm     = 3.35293e-10
     0     1
# FGMRES final (true) residual:
# Iteration = 4: |res|/|res0| = 2.87462e-12.

Computing volumes of the grid elements.
Non-linear iter.: 121/500. Linear iter.: 4. Min. area: 0.000148453. Error: 2.87462e-12.
Computing volumes of the grid elements.
Min. volume: 0.000148453, max. volume: 36.6087.

# FGMRES residual history
# Residual tolerance target = 1e-10
# Initial residual norm     = 3.35293e-10
     0     1
# FGMRES final (true) residual:
# Iteration = 4: |res|/|res0| = 2.87462e-12.

Computing volumes of the grid elements.
Non-linear iter.: 122/500. Linear iter.: 4. Min. area: 0.000148453. Error: 2.87462e-12.
Computing volumes of the grid elements.
Min. volume: 0.000148453, max. volume: 36.6087.

# FGMRES residual history
# Residual tolerance target = 1e-10
# Initial residual norm     = 3.35293e-10
     0     1
# FGMRES final (true) residual:
# Iteration = 4: |res|/|res0| = 2.87463e-12.

Computing volumes of the grid elements.
Non-linear iter.: 123/500. Linear iter.: 4. Min. area: 0.000148453. Error: 2.87463e-12.
Computing volumes of the grid elements.
Min. volume: 0.000148453, max. volume: 36.6087.

# FGMRES residual history
# Residual tolerance target = 1e-10
# Initial residual norm     = 3.35294e-10
     0     1
# FGMRES final (true) residual:
# Iteration = 4: |res|/|res0| = 2.87463e-12.

Computing volumes of the grid elements.
Non-linear iter.: 124/500. Linear iter.: 4. Min. area: 0.000148453. Error: 2.87463e-12.
Computing volumes of the grid elements.
Min. volume: 0.000148453, max. volume: 36.6087.

# FGMRES residual history
# Residual tolerance target = 1e-10
# Initial residual norm     = 3.35294e-10
     0     1
# FGMRES final (true) residual:
# Iteration = 4: |res|/|res0| = 2.87463e-12.

Computing volumes of the grid elements.
Non-linear iter.: 125/500. Linear iter.: 4. Min. area: 0.000148453. Error: 2.87463e-12.
Computing volumes of the grid elements.
Min. volume: 0.000148453, max. volume: 36.6087.

# FGMRES residual history
# Residual tolerance target = 1e-10
# Initial residual norm     = 3.35294e-10
     0     1
# FGMRES final (true) residual:
# Iteration = 4: |res|/|res0| = 2.87463e-12.

Computing volumes of the grid elements.
Non-linear iter.: 126/500. Linear iter.: 4. Min. area: 0.000148453. Error: 2.87463e-12.
Computing volumes of the grid elements.
Min. volume: 0.000148453, max. volume: 36.6087.

# FGMRES residual history
# Residual tolerance target = 1e-10
# Initial residual norm     = 3.35295e-10
     0     1
# FGMRES final (true) residual:
# Iteration = 4: |res|/|res0| = 2.87463e-12.

Computing volumes of the grid elements.
Non-linear iter.: 127/500. Linear iter.: 4. Min. area: 0.000148453. Error: 2.87463e-12.
Computing volumes of the grid elements.
Min. volume: 0.000148453, max. volume: 36.6087.

# FGMRES residual history
# Residual tolerance target = 1e-10
# Initial residual norm     = 3.35295e-10
     0     1
# FGMRES final (true) residual:
# Iteration = 4: |res|/|res0| = 2.87463e-12.

Computing volumes of the grid elements.
Non-linear iter.: 128/500. Linear iter.: 4. Min. area: 0.000148453. Error: 2.87463e-12.
Computing volumes of the grid elements.
Min. volume: 0.000148453, max. volume: 36.6087.

# FGMRES residual history
# Residual tolerance target = 1e-10
# Initial residual norm     = 3.35295e-10
     0     1
# FGMRES final (true) residual:
# Iteration = 4: |res|/|res0| = 2.87463e-12.

Computing volumes of the grid elements.
Non-linear iter.: 129/500. Linear iter.: 4. Min. area: 0.000148453. Error: 2.87463e-12.
Computing volumes of the grid elements.
Min. volume: 0.000148453, max. volume: 36.6087.

# FGMRES residual history
# Residual tolerance target = 1e-10
# Initial residual norm     = 3.35296e-10
     0     1
# FGMRES final (true) residual:
# Iteration = 4: |res|/|res0| = 2.87463e-12.

Computing volumes of the grid elements.
Non-linear iter.: 130/500. Linear iter.: 4. Min. area: 0.000148453. Error: 2.87463e-12.
Computing volumes of the grid elements.
Min. volume: 0.000148453, max. volume: 36.6087.

# FGMRES residual history
# Residual tolerance target = 1e-10
# Initial residual norm     = 3.35296e-10
     0     1
# FGMRES final (true) residual:
# Iteration = 4: |res|/|res0| = 2.87463e-12.

Computing volumes of the grid elements.
Non-linear iter.: 131/500. Linear iter.: 4. Min. area: 0.000148453. Error: 2.87463e-12.
Computing volumes of the grid elements.
Min. volume: 0.000148453, max. volume: 36.6087.

# FGMRES residual history
# Residual tolerance target = 1e-10
# Initial residual norm     = 3.35296e-10
     0     1
# FGMRES final (true) residual:
# Iteration = 4: |res|/|res0| = 2.87463e-12.

Computing volumes of the grid elements.
Non-linear iter.: 132/500. Linear iter.: 4. Min. area: 0.000148453. Error: 2.87463e-12.
Computing volumes of the grid elements.
Min. volume: 0.000148453, max. volume: 36.6087.

# FGMRES residual history
# Residual tolerance target = 1e-10
# Initial residual norm     = 3.35297e-10
     0     1
# FGMRES final (true) residual:
# Iteration = 4: |res|/|res0| = 2.87464e-12.

Computing volumes of the grid elements.
Non-linear iter.: 133/500. Linear iter.: 4. Min. area: 0.000148453. Error: 2.87464e-12.
Computing volumes of the grid elements.
Min. volume: 0.000148453, max. volume: 36.6087.

# FGMRES residual history
# Residual tolerance target = 1e-10
# Initial residual norm     = 3.35297e-10
     0     1
# FGMRES final (true) residual:
# Iteration = 4: |res|/|res0| = 2.87464e-12.

Computing volumes of the grid elements.
Non-linear iter.: 134/500. Linear iter.: 4. Min. area: 0.000148453. Error: 2.87464e-12.
Computing volumes of the grid elements.
Min. volume: 0.000148453, max. volume: 36.6087.

# FGMRES residual history
# Residual tolerance target = 1e-10
# Initial residual norm     = 3.35297e-10
     0     1
# FGMRES final (true) residual:
# Iteration = 4: |res|/|res0| = 2.87464e-12.

Computing volumes of the grid elements.
Non-linear iter.: 135/500. Linear iter.: 4. Min. area: 0.000148453. Error: 2.87464e-12.
Computing volumes of the grid elements.
Min. volume: 0.000148453, max. volume: 36.6087.

# FGMRES residual history
# Residual tolerance target = 1e-10
# Initial residual norm     = 3.35298e-10
     0     1
# FGMRES final (true) residual:
# Iteration = 4: |res|/|res0| = 2.87464e-12.

Computing volumes of the grid elements.
Non-linear iter.: 136/500. Linear iter.: 4. Min. area: 0.000148453. Error: 2.87464e-12.
Computing volumes of the grid elements.
Min. volume: 0.000148453, max. volume: 36.6087.

# FGMRES residual history
# Residual tolerance target = 1e-10
# Initial residual norm     = 3.35298e-10
     0     1
# FGMRES final (true) residual:
# Iteration = 4: |res|/|res0| = 2.87464e-12.

Computing volumes of the grid elements.
Non-linear iter.: 137/500. Linear iter.: 4. Min. area: 0.000148453. Error: 2.87464e-12.
Computing volumes of the grid elements.
Min. volume: 0.000148453, max. volume: 36.6087.

# FGMRES residual history
# Residual tolerance target = 1e-10
# Initial residual norm     = 3.35298e-10
     0     1
# FGMRES final (true) residual:
# Iteration = 4: |res|/|res0| = 2.87464e-12.

Computing volumes of the grid elements.
Non-linear iter.: 138/500. Linear iter.: 4. Min. area: 0.000148453. Error: 2.87464e-12.
Computing volumes of the grid elements.
Min. volume: 0.000148453, max. volume: 36.6087.

# FGMRES residual history
# Residual tolerance target = 1e-10
# Initial residual norm     = 3.35299e-10
     0     1
# FGMRES final (true) residual:
# Iteration = 4: |res|/|res0| = 2.87464e-12.

Computing volumes of the grid elements.
Non-linear iter.: 139/500. Linear iter.: 4. Min. area: 0.000148453. Error: 2.87464e-12.
Computing volumes of the grid elements.
Min. volume: 0.000148453, max. volume: 36.6087.

# FGMRES residual history
# Residual tolerance target = 1e-10
# Initial residual norm     = 3.35299e-10
     0     1
# FGMRES final (true) residual:
# Iteration = 4: |res|/|res0| = 2.87464e-12.

Computing volumes of the grid elements.
Non-linear iter.: 140/500. Linear iter.: 4. Min. area: 0.000148453. Error: 2.87464e-12.
Computing volumes of the grid elements.
Min. volume: 0.000148453, max. volume: 36.6087.

# FGMRES residual history
# Residual tolerance target = 1e-10
# Initial residual norm     = 3.353e-10
     0     1
# FGMRES final (true) residual:
# Iteration = 4: |res|/|res0| = 2.87464e-12.

Computing volumes of the grid elements.
Non-linear iter.: 141/500. Linear iter.: 4. Min. area: 0.000148453. Error: 2.87464e-12.
Computing volumes of the grid elements.
Min. volume: 0.000148453, max. volume: 36.6087.

# FGMRES residual history
# Residual tolerance target = 1e-10
# Initial residual norm     = 3.353e-10
     0     1
# FGMRES final (true) residual:
# Iteration = 4: |res|/|res0| = 2.87464e-12.

Computing volumes of the grid elements.
Non-linear iter.: 142/500. Linear iter.: 4. Min. area: 0.000148453. Error: 2.87464e-12.
Computing volumes of the grid elements.
Min. volume: 0.000148453, max. volume: 36.6087.

# FGMRES residual history
# Residual tolerance target = 1e-10
# Initial residual norm     = 3.353e-10
     0     1
# FGMRES final (true) residual:
# Iteration = 4: |res|/|res0| = 2.87465e-12.

Computing volumes of the grid elements.
Non-linear iter.: 143/500. Linear iter.: 4. Min. area: 0.000148453. Error: 2.87465e-12.
Computing volumes of the grid elements.
Min. volume: 0.000148453, max. volume: 36.6087.

# FGMRES residual history
# Residual tolerance target = 1e-10
# Initial residual norm     = 3.35301e-10
     0     1
# FGMRES final (true) residual:
# Iteration = 4: |res|/|res0| = 2.87465e-12.

Computing volumes of the grid elements.
Non-linear iter.: 144/500. Linear iter.: 4. Min. area: 0.000148453. Error: 2.87465e-12.
Computing volumes of the grid elements.
Min. volume: 0.000148453, max. volume: 36.6087.

# FGMRES residual history
# Residual tolerance target = 1e-10
# Initial residual norm     = 3.35301e-10
     0     1
# FGMRES final (true) residual:
# Iteration = 4: |res|/|res0| = 2.87465e-12.

Computing volumes of the grid elements.
Non-linear iter.: 145/500. Linear iter.: 4. Min. area: 0.000148453. Error: 2.87465e-12.
Computing volumes of the grid elements.
Min. volume: 0.000148453, max. volume: 36.6087.

# FGMRES residual history
# Residual tolerance target = 1e-10
# Initial residual norm     = 3.35301e-10
     0     1
# FGMRES final (true) residual:
# Iteration = 4: |res|/|res0| = 2.87465e-12.

Computing volumes of the grid elements.
Non-linear iter.: 146/500. Linear iter.: 4. Min. area: 0.000148453. Error: 2.87465e-12.
Computing volumes of the grid elements.
Min. volume: 0.000148453, max. volume: 36.6087.

# FGMRES residual history
# Residual tolerance target = 1e-10
# Initial residual norm     = 3.35302e-10
     0     1
# FGMRES final (true) residual:
# Iteration = 4: |res|/|res0| = 2.87465e-12.

Computing volumes of the grid elements.
Non-linear iter.: 147/500. Linear iter.: 4. Min. area: 0.000148453. Error: 2.87465e-12.
Computing volumes of the grid elements.
Min. volume: 0.000148453, max. volume: 36.6087.

# FGMRES residual history
# Residual tolerance target = 1e-10
# Initial residual norm     = 3.35302e-10
     0     1
# FGMRES final (true) residual:
# Iteration = 4: |res|/|res0| = 2.87465e-12.

Computing volumes of the grid elements.
Non-linear iter.: 148/500. Linear iter.: 4. Min. area: 0.000148453. Error: 2.87465e-12.
Computing volumes of the grid elements.
Min. volume: 0.000148453, max. volume: 36.6087.

# FGMRES residual history
# Residual tolerance target = 1e-10
# Initial residual norm     = 3.35302e-10
     0     1
# FGMRES final (true) residual:
# Iteration = 4: |res|/|res0| = 2.87465e-12.

Computing volumes of the grid elements.
Non-linear iter.: 149/500. Linear iter.: 4. Min. area: 0.000148453. Error: 2.87465e-12.
Computing volumes of the grid elements.
Min. volume: 0.000148453, max. volume: 36.6087.

# FGMRES residual history
# Residual tolerance target = 1e-10
# Initial residual norm     = 3.35303e-10
     0     1
# FGMRES final (true) residual:
# Iteration = 4: |res|/|res0| = 2.87465e-12.

Computing volumes of the grid elements.
Non-linear iter.: 150/500. Linear iter.: 4. Min. area: 0.000148453. Error: 2.87465e-12.
Computing volumes of the grid elements.
Min. volume: 0.000148453, max. volume: 36.6087.

# FGMRES residual history
# Residual tolerance target = 1e-10
# Initial residual norm     = 3.35303e-10
     0     1
# FGMRES final (true) residual:
# Iteration = 4: |res|/|res0| = 2.87465e-12.

Computing volumes of the grid elements.
Non-linear iter.: 151/500. Linear iter.: 4. Min. area: 0.000148453. Error: 2.87465e-12.
Computing volumes of the grid elements.
Min. volume: 0.000148453, max. volume: 36.6087.

# FGMRES residual history
# Residual tolerance target = 1e-10
# Initial residual norm     = 3.35303e-10
     0     1
# FGMRES final (true) residual:
# Iteration = 4: |res|/|res0| = 2.87465e-12.

Computing volumes of the grid elements.
Non-linear iter.: 152/500. Linear iter.: 4. Min. area: 0.000148453. Error: 2.87465e-12.
Computing volumes of the grid elements.
Min. volume: 0.000148453, max. volume: 36.6087.

# FGMRES residual history
# Residual tolerance target = 1e-10
# Initial residual norm     = 3.35304e-10
     0     1
# FGMRES final (true) residual:
# Iteration = 4: |res|/|res0| = 2.87466e-12.

Computing volumes of the grid elements.
Non-linear iter.: 153/500. Linear iter.: 4. Min. area: 0.000148453. Error: 2.87466e-12.
Computing volumes of the grid elements.
Min. volume: 0.000148453, max. volume: 36.6087.

# FGMRES residual history
# Residual tolerance target = 1e-10
# Initial residual norm     = 3.35304e-10
     0     1
# FGMRES final (true) residual:
# Iteration = 4: |res|/|res0| = 2.87466e-12.

Computing volumes of the grid elements.
Non-linear iter.: 154/500. Linear iter.: 4. Min. area: 0.000148453. Error: 2.87466e-12.
Computing volumes of the grid elements.
Min. volume: 0.000148453, max. volume: 36.6087.

# FGMRES residual history
# Residual tolerance target = 1e-10
# Initial residual norm     = 3.35304e-10
     0     1
# FGMRES final (true) residual:
# Iteration = 4: |res|/|res0| = 2.87466e-12.

Computing volumes of the grid elements.
Non-linear iter.: 155/500. Linear iter.: 4. Min. area: 0.000148453. Error: 2.87466e-12.
Computing volumes of the grid elements.
Min. volume: 0.000148453, max. volume: 36.6087.

# FGMRES residual history
# Residual tolerance target = 1e-10
# Initial residual norm     = 3.35305e-10
     0     1
# FGMRES final (true) residual:
# Iteration = 4: |res|/|res0| = 2.87466e-12.

Computing volumes of the grid elements.
Non-linear iter.: 156/500. Linear iter.: 4. Min. area: 0.000148453. Error: 2.87466e-12.
Computing volumes of the grid elements.
Min. volume: 0.000148453, max. volume: 36.6087.

# FGMRES residual history
# Residual tolerance target = 1e-10
# Initial residual norm     = 3.35305e-10
     0     1
# FGMRES final (true) residual:
# Iteration = 4: |res|/|res0| = 2.87466e-12.

Computing volumes of the grid elements.
Non-linear iter.: 157/500. Linear iter.: 4. Min. area: 0.000148453. Error: 2.87466e-12.
Computing volumes of the grid elements.
Min. volume: 0.000148453, max. volume: 36.6087.

# FGMRES residual history
# Residual tolerance target = 1e-10
# Initial residual norm     = 3.35305e-10
     0     1
# FGMRES final (true) residual:
# Iteration = 4: |res|/|res0| = 2.87466e-12.

Computing volumes of the grid elements.
Non-linear iter.: 158/500. Linear iter.: 4. Min. area: 0.000148453. Error: 2.87466e-12.
Computing volumes of the grid elements.
Min. volume: 0.000148453, max. volume: 36.6087.

# FGMRES residual history
# Residual tolerance target = 1e-10
# Initial residual norm     = 3.35306e-10
     0     1
# FGMRES final (true) residual:
# Iteration = 4: |res|/|res0| = 2.87466e-12.

Computing volumes of the grid elements.
Non-linear iter.: 159/500. Linear iter.: 4. Min. area: 0.000148453. Error: 2.87466e-12.
Computing volumes of the grid elements.
Min. volume: 0.000148453, max. volume: 36.6087.

# FGMRES residual history
# Residual tolerance target = 1e-10
# Initial residual norm     = 3.35306e-10
     0     1
# FGMRES final (true) residual:
# Iteration = 4: |res|/|res0| = 2.87466e-12.

Computing volumes of the grid elements.
Non-linear iter.: 160/500. Linear iter.: 4. Min. area: 0.000148453. Error: 2.87466e-12.
Computing volumes of the grid elements.
Min. volume: 0.000148453, max. volume: 36.6087.

# FGMRES residual history
# Residual tolerance target = 1e-10
# Initial residual norm     = 3.35306e-10
     0     1
# FGMRES final (true) residual:
# Iteration = 4: |res|/|res0| = 2.87466e-12.

Computing volumes of the grid elements.
Non-linear iter.: 161/500. Linear iter.: 4. Min. area: 0.000148453. Error: 2.87466e-12.
Computing volumes of the grid elements.
Min. volume: 0.000148453, max. volume: 36.6087.

# FGMRES residual history
# Residual tolerance target = 1e-10
# Initial residual norm     = 3.35307e-10
     0     1
# FGMRES final (true) residual:
# Iteration = 4: |res|/|res0| = 2.87466e-12.

Computing volumes of the grid elements.
Non-linear iter.: 162/500. Linear iter.: 4. Min. area: 0.000148453. Error: 2.87466e-12.
Computing volumes of the grid elements.
Min. volume: 0.000148453, max. volume: 36.6087.

# FGMRES residual history
# Residual tolerance target = 1e-10
# Initial residual norm     = 3.35307e-10
     0     1
# FGMRES final (true) residual:
# Iteration = 4: |res|/|res0| = 2.87467e-12.

Computing volumes of the grid elements.
Non-linear iter.: 163/500. Linear iter.: 4. Min. area: 0.000148453. Error: 2.87467e-12.
Computing volumes of the grid elements.
Min. volume: 0.000148453, max. volume: 36.6087.

# FGMRES residual history
# Residual tolerance target = 1e-10
# Initial residual norm     = 3.35307e-10
     0     1
# FGMRES final (true) residual:
# Iteration = 4: |res|/|res0| = 2.87467e-12.

Computing volumes of the grid elements.
Non-linear iter.: 164/500. Linear iter.: 4. Min. area: 0.000148453. Error: 2.87467e-12.
Computing volumes of the grid elements.
Min. volume: 0.000148453, max. volume: 36.6087.

# FGMRES residual history
# Residual tolerance target = 1e-10
# Initial residual norm     = 3.35308e-10
     0     1
# FGMRES final (true) residual:
# Iteration = 4: |res|/|res0| = 2.87467e-12.

Computing volumes of the grid elements.
Non-linear iter.: 165/500. Linear iter.: 4. Min. area: 0.000148453. Error: 2.87467e-12.
Computing volumes of the grid elements.
Min. volume: 0.000148453, max. volume: 36.6087.

# FGMRES residual history
# Residual tolerance target = 1e-10
# Initial residual norm     = 3.35308e-10
     0     1
# FGMRES final (true) residual:
# Iteration = 4: |res|/|res0| = 2.87467e-12.

Computing volumes of the grid elements.
Non-linear iter.: 166/500. Linear iter.: 4. Min. area: 0.000148453. Error: 2.87467e-12.
Computing volumes of the grid elements.
Min. volume: 0.000148453, max. volume: 36.6087.

# FGMRES residual history
# Residual tolerance target = 1e-10
# Initial residual norm     = 3.35309e-10
     0     1
# FGMRES final (true) residual:
# Iteration = 4: |res|/|res0| = 2.87467e-12.

Computing volumes of the grid elements.
Non-linear iter.: 167/500. Linear iter.: 4. Min. area: 0.000148453. Error: 2.87467e-12.
Computing volumes of the grid elements.
Min. volume: 0.000148453, max. volume: 36.6087.

# FGMRES residual history
# Residual tolerance target = 1e-10
# Initial residual norm     = 3.35309e-10
     0     1
# FGMRES final (true) residual:
# Iteration = 4: |res|/|res0| = 2.87467e-12.

Computing volumes of the grid elements.
Non-linear iter.: 168/500. Linear iter.: 4. Min. area: 0.000148453. Error: 2.87467e-12.
Computing volumes of the grid elements.
Min. volume: 0.000148453, max. volume: 36.6087.

# FGMRES residual history
# Residual tolerance target = 1e-10
# Initial residual norm     = 3.35309e-10
     0     1
# FGMRES final (true) residual:
# Iteration = 4: |res|/|res0| = 2.87467e-12.

Computing volumes of the grid elements.
Non-linear iter.: 169/500. Linear iter.: 4. Min. area: 0.000148453. Error: 2.87467e-12.
Computing volumes of the grid elements.
Min. volume: 0.000148453, max. volume: 36.6087.

# FGMRES residual history
# Residual tolerance target = 1e-10
# Initial residual norm     = 3.3531e-10
     0     1
# FGMRES final (true) residual:
# Iteration = 4: |res|/|res0| = 2.87467e-12.

Computing volumes of the grid elements.
Non-linear iter.: 170/500. Linear iter.: 4. Min. area: 0.000148453. Error: 2.87467e-12.
Computing volumes of the grid elements.
Min. volume: 0.000148453, max. volume: 36.6087.

# FGMRES residual history
# Residual tolerance target = 1e-10
# Initial residual norm     = 3.3531e-10
     0     1
# FGMRES final (true) residual:
# Iteration = 4: |res|/|res0| = 2.87467e-12.

Computing volumes of the grid elements.
Non-linear iter.: 171/500. Linear iter.: 4. Min. area: 0.000148453. Error: 2.87467e-12.
Computing volumes of the grid elements.
Min. volume: 0.000148453, max. volume: 36.6087.

# FGMRES residual history
# Residual tolerance target = 1e-10
# Initial residual norm     = 3.3531e-10
     0     1
# FGMRES final (true) residual:
# Iteration = 4: |res|/|res0| = 2.87467e-12.

Computing volumes of the grid elements.
Non-linear iter.: 172/500. Linear iter.: 4. Min. area: 0.000148453. Error: 2.87467e-12.
Computing volumes of the grid elements.
Min. volume: 0.000148453, max. volume: 36.6087.

# FGMRES residual history
# Residual tolerance target = 1e-10
# Initial residual norm     = 3.35311e-10
     0     1
# FGMRES final (true) residual:
# Iteration = 4: |res|/|res0| = 2.87467e-12.

Computing volumes of the grid elements.
Non-linear iter.: 173/500. Linear iter.: 4. Min. area: 0.000148453. Error: 2.87467e-12.
Computing volumes of the grid elements.
Min. volume: 0.000148453, max. volume: 36.6087.

# FGMRES residual history
# Residual tolerance target = 1e-10
# Initial residual norm     = 3.35311e-10
     0     1
# FGMRES final (true) residual:
# Iteration = 4: |res|/|res0| = 2.87468e-12.

Computing volumes of the grid elements.
Non-linear iter.: 174/500. Linear iter.: 4. Min. area: 0.000148453. Error: 2.87468e-12.
Computing volumes of the grid elements.
Min. volume: 0.000148453, max. volume: 36.6087.

# FGMRES residual history
# Residual tolerance target = 1e-10
# Initial residual norm     = 3.35311e-10
     0     1
# FGMRES final (true) residual:
# Iteration = 4: |res|/|res0| = 2.87468e-12.

Computing volumes of the grid elements.
Non-linear iter.: 175/500. Linear iter.: 4. Min. area: 0.000148453. Error: 2.87468e-12.
Computing volumes of the grid elements.
Min. volume: 0.000148453, max. volume: 36.6087.

# FGMRES residual history
# Residual tolerance target = 1e-10
# Initial residual norm     = 3.35312e-10
     0     1
# FGMRES final (true) residual:
# Iteration = 4: |res|/|res0| = 2.87468e-12.

Computing volumes of the grid elements.
Non-linear iter.: 176/500. Linear iter.: 4. Min. area: 0.000148453. Error: 2.87468e-12.
Computing volumes of the grid elements.
Min. volume: 0.000148453, max. volume: 36.6088.

# FGMRES residual history
# Residual tolerance target = 1e-10
# Initial residual norm     = 3.35312e-10
     0     1
# FGMRES final (true) residual:
# Iteration = 4: |res|/|res0| = 2.87468e-12.

Computing volumes of the grid elements.
Non-linear iter.: 177/500. Linear iter.: 4. Min. area: 0.000148453. Error: 2.87468e-12.
Computing volumes of the grid elements.
Min. volume: 0.000148453, max. volume: 36.6088.

# FGMRES residual history
# Residual tolerance target = 1e-10
# Initial residual norm     = 3.35312e-10
     0     1
# FGMRES final (true) residual:
# Iteration = 4: |res|/|res0| = 2.87468e-12.

Computing volumes of the grid elements.
Non-linear iter.: 178/500. Linear iter.: 4. Min. area: 0.000148453. Error: 2.87468e-12.
Computing volumes of the grid elements.
Min. volume: 0.000148453, max. volume: 36.6088.

# FGMRES residual history
# Residual tolerance target = 1e-10
# Initial residual norm     = 3.35313e-10
     0     1
# FGMRES final (true) residual:
# Iteration = 4: |res|/|res0| = 2.87468e-12.

Computing volumes of the grid elements.
Non-linear iter.: 179/500. Linear iter.: 4. Min. area: 0.000148453. Error: 2.87468e-12.
Computing volumes of the grid elements.
Min. volume: 0.000148453, max. volume: 36.6088.

# FGMRES residual history
# Residual tolerance target = 1e-10
# Initial residual norm     = 3.35313e-10
     0     1
# FGMRES final (true) residual:
# Iteration = 4: |res|/|res0| = 2.87468e-12.

Computing volumes of the grid elements.
Non-linear iter.: 180/500. Linear iter.: 4. Min. area: 0.000148453. Error: 2.87468e-12.
Computing volumes of the grid elements.
Min. volume: 0.000148453, max. volume: 36.6088.

# FGMRES residual history
# Residual tolerance target = 1e-10
# Initial residual norm     = 3.35313e-10
     0     1
# FGMRES final (true) residual:
# Iteration = 4: |res|/|res0| = 2.87468e-12.

Computing volumes of the grid elements.
Non-linear iter.: 181/500. Linear iter.: 4. Min. area: 0.000148453. Error: 2.87468e-12.
Computing volumes of the grid elements.
Min. volume: 0.000148453, max. volume: 36.6088.

# FGMRES residual history
# Residual tolerance target = 1e-10
# Initial residual norm     = 3.35314e-10
     0     1
# FGMRES final (true) residual:
# Iteration = 4: |res|/|res0| = 2.87468e-12.

Computing volumes of the grid elements.
Non-linear iter.: 182/500. Linear iter.: 4. Min. area: 0.000148453. Error: 2.87468e-12.
Computing volumes of the grid elements.
Min. volume: 0.000148453, max. volume: 36.6088.

# FGMRES residual history
# Residual tolerance target = 1e-10
# Initial residual norm     = 3.35314e-10
     0     1
# FGMRES final (true) residual:
# Iteration = 4: |res|/|res0| = 2.87468e-12.

Computing volumes of the grid elements.
Non-linear iter.: 183/500. Linear iter.: 4. Min. area: 0.000148453. Error: 2.87468e-12.
Computing volumes of the grid elements.
Min. volume: 0.000148453, max. volume: 36.6088.

# FGMRES residual history
# Residual tolerance target = 1e-10
# Initial residual norm     = 3.35314e-10
     0     1
# FGMRES final (true) residual:
# Iteration = 4: |res|/|res0| = 2.87469e-12.

Computing volumes of the grid elements.
Non-linear iter.: 184/500. Linear iter.: 4. Min. area: 0.000148453. Error: 2.87469e-12.
Computing volumes of the grid elements.
Min. volume: 0.000148453, max. volume: 36.6088.

# FGMRES residual history
# Residual tolerance target = 1e-10
# Initial residual norm     = 3.35315e-10
     0     1
# FGMRES final (true) residual:
# Iteration = 4: |res|/|res0| = 2.87469e-12.

Computing volumes of the grid elements.
Non-linear iter.: 185/500. Linear iter.: 4. Min. area: 0.000148453. Error: 2.87469e-12.
Computing volumes of the grid elements.
Min. volume: 0.000148453, max. volume: 36.6088.

# FGMRES residual history
# Residual tolerance target = 1e-10
# Initial residual norm     = 3.35315e-10
     0     1
# FGMRES final (true) residual:
# Iteration = 4: |res|/|res0| = 2.87469e-12.

Computing volumes of the grid elements.
Non-linear iter.: 186/500. Linear iter.: 4. Min. area: 0.000148453. Error: 2.87469e-12.
Computing volumes of the grid elements.
Min. volume: 0.000148453, max. volume: 36.6088.

# FGMRES residual history
# Residual tolerance target = 1e-10
# Initial residual norm     = 3.35315e-10
     0     1
# FGMRES final (true) residual:
# Iteration = 4: |res|/|res0| = 2.87469e-12.

Computing volumes of the grid elements.
Non-linear iter.: 187/500. Linear iter.: 4. Min. area: 0.000148453. Error: 2.87469e-12.
Computing volumes of the grid elements.
Min. volume: 0.000148453, max. volume: 36.6088.

# FGMRES residual history
# Residual tolerance target = 1e-10
# Initial residual norm     = 3.35316e-10
     0     1
# FGMRES final (true) residual:
# Iteration = 4: |res|/|res0| = 2.87469e-12.

Computing volumes of the grid elements.
Non-linear iter.: 188/500. Linear iter.: 4. Min. area: 0.000148453. Error: 2.87469e-12.
Computing volumes of the grid elements.
Min. volume: 0.000148453, max. volume: 36.6088.

# FGMRES residual history
# Residual tolerance target = 1e-10
# Initial residual norm     = 3.35316e-10
     0     1
# FGMRES final (true) residual:
# Iteration = 4: |res|/|res0| = 2.87469e-12.

Computing volumes of the grid elements.
Non-linear iter.: 189/500. Linear iter.: 4. Min. area: 0.000148453. Error: 2.87469e-12.
Computing volumes of the grid elements.
Min. volume: 0.000148453, max. volume: 36.6088.

# FGMRES residual history
# Residual tolerance target = 1e-10
# Initial residual norm     = 3.35316e-10
     0     1
# FGMRES final (true) residual:
# Iteration = 4: |res|/|res0| = 2.87469e-12.

Computing volumes of the grid elements.
Non-linear iter.: 190/500. Linear iter.: 4. Min. area: 0.000148453. Error: 2.87469e-12.
Computing volumes of the grid elements.
Min. volume: 0.000148453, max. volume: 36.6088.

# FGMRES residual history
# Residual tolerance target = 1e-10
# Initial residual norm     = 3.35317e-10
     0     1
# FGMRES final (true) residual:
# Iteration = 4: |res|/|res0| = 2.87469e-12.

Computing volumes of the grid elements.
Non-linear iter.: 191/500. Linear iter.: 4. Min. area: 0.000148453. Error: 2.87469e-12.
Computing volumes of the grid elements.
Min. volume: 0.000148453, max. volume: 36.6088.

# FGMRES residual history
# Residual tolerance target = 1e-10
# Initial residual norm     = 3.35317e-10
     0     1
# FGMRES final (true) residual:
# Iteration = 4: |res|/|res0| = 2.87469e-12.

Computing volumes of the grid elements.
Non-linear iter.: 192/500. Linear iter.: 4. Min. area: 0.000148453. Error: 2.87469e-12.
Computing volumes of the grid elements.
Min. volume: 0.000148453, max. volume: 36.6088.

# FGMRES residual history
# Residual tolerance target = 1e-10
# Initial residual norm     = 3.35317e-10
     0     1
# FGMRES final (true) residual:
# Iteration = 4: |res|/|res0| = 2.87469e-12.

Computing volumes of the grid elements.
Non-linear iter.: 193/500. Linear iter.: 4. Min. area: 0.000148453. Error: 2.87469e-12.
Computing volumes of the grid elements.
Min. volume: 0.000148453, max. volume: 36.6088.

# FGMRES residual history
# Residual tolerance target = 1e-10
# Initial residual norm     = 3.35318e-10
     0     1
# FGMRES final (true) residual:
# Iteration = 4: |res|/|res0| = 2.8747e-12.

Computing volumes of the grid elements.
Non-linear iter.: 194/500. Linear iter.: 4. Min. area: 0.000148453. Error: 2.8747e-12.
Computing volumes of the grid elements.
Min. volume: 0.000148453, max. volume: 36.6088.

# FGMRES residual history
# Residual tolerance target = 1e-10
# Initial residual norm     = 3.35318e-10
     0     1
# FGMRES final (true) residual:
# Iteration = 4: |res|/|res0| = 2.8747e-12.

Computing volumes of the grid elements.
Non-linear iter.: 195/500. Linear iter.: 4. Min. area: 0.000148453. Error: 2.8747e-12.
Computing volumes of the grid elements.
Min. volume: 0.000148453, max. volume: 36.6088.

# FGMRES residual history
# Residual tolerance target = 1e-10
# Initial residual norm     = 3.35319e-10
     0     1
# FGMRES final (true) residual:
# Iteration = 4: |res|/|res0| = 2.8747e-12.

Computing volumes of the grid elements.
Non-linear iter.: 196/500. Linear iter.: 4. Min. area: 0.000148453. Error: 2.8747e-12.
Computing volumes of the grid elements.
Min. volume: 0.000148453, max. volume: 36.6088.

# FGMRES residual history
# Residual tolerance target = 1e-10
# Initial residual norm     = 3.35319e-10
     0     1
# FGMRES final (true) residual:
# Iteration = 4: |res|/|res0| = 2.8747e-12.

Computing volumes of the grid elements.
Non-linear iter.: 197/500. Linear iter.: 4. Min. area: 0.000148453. Error: 2.8747e-12.
Computing volumes of the grid elements.
Min. volume: 0.000148453, max. volume: 36.6088.

# FGMRES residual history
# Residual tolerance target = 1e-10
# Initial residual norm     = 3.35319e-10
     0     1
# FGMRES final (true) residual:
# Iteration = 4: |res|/|res0| = 2.8747e-12.

Computing volumes of the grid elements.
Non-linear iter.: 198/500. Linear iter.: 4. Min. area: 0.000148453. Error: 2.8747e-12.
Computing volumes of the grid elements.
Min. volume: 0.000148453, max. volume: 36.6088.

# FGMRES residual history
# Residual tolerance target = 1e-10
# Initial residual norm     = 3.3532e-10
     0     1
# FGMRES final (true) residual:
# Iteration = 4: |res|/|res0| = 2.8747e-12.

Computing volumes of the grid elements.
Non-linear iter.: 199/500. Linear iter.: 4. Min. area: 0.000148453. Error: 2.8747e-12.
Computing volumes of the grid elements.
Min. volume: 0.000148453, max. volume: 36.6088.

# FGMRES residual history
# Residual tolerance target = 1e-10
# Initial residual norm     = 3.3532e-10
     0     1
# FGMRES final (true) residual:
# Iteration = 4: |res|/|res0| = 2.8747e-12.

Computing volumes of the grid elements.
Non-linear iter.: 200/500. Linear iter.: 4. Min. area: 0.000148453. Error: 2.8747e-12.
Computing volumes of the grid elements.
Min. volume: 0.000148453, max. volume: 36.6088.

# FGMRES residual history
# Residual tolerance target = 1e-10
# Initial residual norm     = 3.3532e-10
     0     1
# FGMRES final (true) residual:
# Iteration = 4: |res|/|res0| = 2.8747e-12.

Computing volumes of the grid elements.
Non-linear iter.: 201/500. Linear iter.: 4. Min. area: 0.000148453. Error: 2.8747e-12.
Computing volumes of the grid elements.
Min. volume: 0.000148453, max. volume: 36.6088.

# FGMRES residual history
# Residual tolerance target = 1e-10
# Initial residual norm     = 3.35321e-10
     0     1
# FGMRES final (true) residual:
# Iteration = 4: |res|/|res0| = 2.8747e-12.

Computing volumes of the grid elements.
Non-linear iter.: 202/500. Linear iter.: 4. Min. area: 0.000148453. Error: 2.8747e-12.
Computing volumes of the grid elements.
Min. volume: 0.000148453, max. volume: 36.6088.

# FGMRES residual history
# Residual tolerance target = 1e-10
# Initial residual norm     = 3.35321e-10
     0     1
# FGMRES final (true) residual:
# Iteration = 4: |res|/|res0| = 2.8747e-12.

Computing volumes of the grid elements.
Non-linear iter.: 203/500. Linear iter.: 4. Min. area: 0.000148453. Error: 2.8747e-12.
Computing volumes of the grid elements.
Min. volume: 0.000148453, max. volume: 36.6088.

# FGMRES residual history
# Residual tolerance target = 1e-10
# Initial residual norm     = 3.35321e-10
     0     1
# FGMRES final (true) residual:
# Iteration = 4: |res|/|res0| = 2.87471e-12.

Computing volumes of the grid elements.
Non-linear iter.: 204/500. Linear iter.: 4. Min. area: 0.000148453. Error: 2.87471e-12.
Computing volumes of the grid elements.
Min. volume: 0.000148453, max. volume: 36.6088.

# FGMRES residual history
# Residual tolerance target = 1e-10
# Initial residual norm     = 3.35322e-10
     0     1
# FGMRES final (true) residual:
# Iteration = 4: |res|/|res0| = 2.87471e-12.

Computing volumes of the grid elements.
Non-linear iter.: 205/500. Linear iter.: 4. Min. area: 0.000148453. Error: 2.87471e-12.
Computing volumes of the grid elements.
Min. volume: 0.000148453, max. volume: 36.6088.

# FGMRES residual history
# Residual tolerance target = 1e-10
# Initial residual norm     = 3.35322e-10
     0     1
# FGMRES final (true) residual:
# Iteration = 4: |res|/|res0| = 2.87471e-12.

Computing volumes of the grid elements.
Non-linear iter.: 206/500. Linear iter.: 4. Min. area: 0.000148453. Error: 2.87471e-12.
Computing volumes of the grid elements.
Min. volume: 0.000148453, max. volume: 36.6088.

# FGMRES residual history
# Residual tolerance target = 1e-10
# Initial residual norm     = 3.35322e-10
     0     1
# FGMRES final (true) residual:
# Iteration = 4: |res|/|res0| = 2.87471e-12.

Computing volumes of the grid elements.
Non-linear iter.: 207/500. Linear iter.: 4. Min. area: 0.000148453. Error: 2.87471e-12.
Computing volumes of the grid elements.
Min. volume: 0.000148453, max. volume: 36.6088.

# FGMRES residual history
# Residual tolerance target = 1e-10
# Initial residual norm     = 3.35323e-10
     0     1
# FGMRES final (true) residual:
# Iteration = 4: |res|/|res0| = 2.87471e-12.

Computing volumes of the grid elements.
Non-linear iter.: 208/500. Linear iter.: 4. Min. area: 0.000148453. Error: 2.87471e-12.
Computing volumes of the grid elements.
Min. volume: 0.000148453, max. volume: 36.6088.

# FGMRES residual history
# Residual tolerance target = 1e-10
# Initial residual norm     = 3.35323e-10
     0     1
# FGMRES final (true) residual:
# Iteration = 4: |res|/|res0| = 2.87471e-12.

Computing volumes of the grid elements.
Non-linear iter.: 209/500. Linear iter.: 4. Min. area: 0.000148453. Error: 2.87471e-12.
Computing volumes of the grid elements.
Min. volume: 0.000148453, max. volume: 36.6088.

# FGMRES residual history
# Residual tolerance target = 1e-10
# Initial residual norm     = 3.35323e-10
     0     1
# FGMRES final (true) residual:
# Iteration = 4: |res|/|res0| = 2.87471e-12.

Computing volumes of the grid elements.
Non-linear iter.: 210/500. Linear iter.: 4. Min. area: 0.000148453. Error: 2.87471e-12.
Computing volumes of the grid elements.
Min. volume: 0.000148453, max. volume: 36.6088.

# FGMRES residual history
# Residual tolerance target = 1e-10
# Initial residual norm     = 3.35324e-10
     0     1
# FGMRES final (true) residual:
# Iteration = 4: |res|/|res0| = 2.87471e-12.

Computing volumes of the grid elements.
Non-linear iter.: 211/500. Linear iter.: 4. Min. area: 0.000148453. Error: 2.87471e-12.
Computing volumes of the grid elements.
Min. volume: 0.000148453, max. volume: 36.6088.

# FGMRES residual history
# Residual tolerance target = 1e-10
# Initial residual norm     = 3.35324e-10
     0     1
# FGMRES final (true) residual:
# Iteration = 4: |res|/|res0| = 2.87471e-12.

Computing volumes of the grid elements.
Non-linear iter.: 212/500. Linear iter.: 4. Min. area: 0.000148453. Error: 2.87471e-12.
Computing volumes of the grid elements.
Min. volume: 0.000148453, max. volume: 36.6088.

# FGMRES residual history
# Residual tolerance target = 1e-10
# Initial residual norm     = 3.35324e-10
     0     1
# FGMRES final (true) residual:
# Iteration = 4: |res|/|res0| = 2.87471e-12.

Computing volumes of the grid elements.
Non-linear iter.: 213/500. Linear iter.: 4. Min. area: 0.000148453. Error: 2.87471e-12.
Computing volumes of the grid elements.
Min. volume: 0.000148453, max. volume: 36.6088.

# FGMRES residual history
# Residual tolerance target = 1e-10
# Initial residual norm     = 3.35325e-10
     0     1
# FGMRES final (true) residual:
# Iteration = 4: |res|/|res0| = 2.87472e-12.

Computing volumes of the grid elements.
Non-linear iter.: 214/500. Linear iter.: 4. Min. area: 0.000148453. Error: 2.87472e-12.
Computing volumes of the grid elements.
Min. volume: 0.000148453, max. volume: 36.6088.

# FGMRES residual history
# Residual tolerance target = 1e-10
# Initial residual norm     = 3.35325e-10
     0     1
# FGMRES final (true) residual:
# Iteration = 4: |res|/|res0| = 2.87472e-12.

Computing volumes of the grid elements.
Non-linear iter.: 215/500. Linear iter.: 4. Min. area: 0.000148453. Error: 2.87472e-12.
Computing volumes of the grid elements.
Min. volume: 0.000148453, max. volume: 36.6088.

# FGMRES residual history
# Residual tolerance target = 1e-10
# Initial residual norm     = 3.35325e-10
     0     1
# FGMRES final (true) residual:
# Iteration = 4: |res|/|res0| = 2.87472e-12.

Computing volumes of the grid elements.
Non-linear iter.: 216/500. Linear iter.: 4. Min. area: 0.000148453. Error: 2.87472e-12.
Computing volumes of the grid elements.
Min. volume: 0.000148453, max. volume: 36.6088.

# FGMRES residual history
# Residual tolerance target = 1e-10
# Initial residual norm     = 3.35326e-10
     0     1
# FGMRES final (true) residual:
# Iteration = 4: |res|/|res0| = 2.87472e-12.

Computing volumes of the grid elements.
Non-linear iter.: 217/500. Linear iter.: 4. Min. area: 0.000148453. Error: 2.87472e-12.
Computing volumes of the grid elements.
Min. volume: 0.000148453, max. volume: 36.6088.

# FGMRES residual history
# Residual tolerance target = 1e-10
# Initial residual norm     = 3.35326e-10
     0     1
# FGMRES final (true) residual:
# Iteration = 4: |res|/|res0| = 2.87472e-12.

Computing volumes of the grid elements.
Non-linear iter.: 218/500. Linear iter.: 4. Min. area: 0.000148453. Error: 2.87472e-12.
Computing volumes of the grid elements.
Min. volume: 0.000148453, max. volume: 36.6088.

# FGMRES residual history
# Residual tolerance target = 1e-10
# Initial residual norm     = 3.35326e-10
     0     1
# FGMRES final (true) residual:
# Iteration = 4: |res|/|res0| = 2.87472e-12.

Computing volumes of the grid elements.
Non-linear iter.: 219/500. Linear iter.: 4. Min. area: 0.000148453. Error: 2.87472e-12.
Computing volumes of the grid elements.
Min. volume: 0.000148453, max. volume: 36.6088.

# FGMRES residual history
# Residual tolerance target = 1e-10
# Initial residual norm     = 3.35327e-10
     0     1
# FGMRES final (true) residual:
# Iteration = 4: |res|/|res0| = 2.87472e-12.

Computing volumes of the grid elements.
Non-linear iter.: 220/500. Linear iter.: 4. Min. area: 0.000148453. Error: 2.87472e-12.
Computing volumes of the grid elements.
Min. volume: 0.000148453, max. volume: 36.6088.

# FGMRES residual history
# Residual tolerance target = 1e-10
# Initial residual norm     = 3.35327e-10
     0     1
# FGMRES final (true) residual:
# Iteration = 4: |res|/|res0| = 2.87472e-12.

Computing volumes of the grid elements.
Non-linear iter.: 221/500. Linear iter.: 4. Min. area: 0.000148453. Error: 2.87472e-12.
Computing volumes of the grid elements.
Min. volume: 0.000148453, max. volume: 36.6088.

# FGMRES residual history
# Residual tolerance target = 1e-10
# Initial residual norm     = 3.35327e-10
     0     1
# FGMRES final (true) residual:
# Iteration = 4: |res|/|res0| = 2.87472e-12.

Computing volumes of the grid elements.
Non-linear iter.: 222/500. Linear iter.: 4. Min. area: 0.000148453. Error: 2.87472e-12.
Computing volumes of the grid elements.
Min. volume: 0.000148453, max. volume: 36.6088.

# FGMRES residual history
# Residual tolerance target = 1e-10
# Initial residual norm     = 3.35328e-10
     0     1
# FGMRES final (true) residual:
# Iteration = 4: |res|/|res0| = 2.87472e-12.

Computing volumes of the grid elements.
Non-linear iter.: 223/500. Linear iter.: 4. Min. area: 0.000148453. Error: 2.87472e-12.
Computing volumes of the grid elements.
Min. volume: 0.000148453, max. volume: 36.6088.

# FGMRES residual history
# Residual tolerance target = 1e-10
# Initial residual norm     = 3.35328e-10
     0     1
# FGMRES final (true) residual:
# Iteration = 4: |res|/|res0| = 2.87473e-12.

Computing volumes of the grid elements.
Non-linear iter.: 224/500. Linear iter.: 4. Min. area: 0.000148453. Error: 2.87473e-12.
Computing volumes of the grid elements.
Min. volume: 0.000148453, max. volume: 36.6088.

# FGMRES residual history
# Residual tolerance target = 1e-10
# Initial residual norm     = 3.35329e-10
     0     1
# FGMRES final (true) residual:
# Iteration = 4: |res|/|res0| = 2.87473e-12.

Computing volumes of the grid elements.
Non-linear iter.: 225/500. Linear iter.: 4. Min. area: 0.000148453. Error: 2.87473e-12.
Computing volumes of the grid elements.
Min. volume: 0.000148453, max. volume: 36.6088.

# FGMRES residual history
# Residual tolerance target = 1e-10
# Initial residual norm     = 3.35329e-10
     0     1
# FGMRES final (true) residual:
# Iteration = 4: |res|/|res0| = 2.87473e-12.

Computing volumes of the grid elements.
Non-linear iter.: 226/500. Linear iter.: 4. Min. area: 0.000148453. Error: 2.87473e-12.
Computing volumes of the grid elements.
Min. volume: 0.000148453, max. volume: 36.6088.

# FGMRES residual history
# Residual tolerance target = 1e-10
# Initial residual norm     = 3.35329e-10
     0     1
# FGMRES final (true) residual:
# Iteration = 4: |res|/|res0| = 2.87473e-12.

Computing volumes of the grid elements.
Non-linear iter.: 227/500. Linear iter.: 4. Min. area: 0.000148453. Error: 2.87473e-12.
Computing volumes of the grid elements.
Min. volume: 0.000148453, max. volume: 36.6088.

# FGMRES residual history
# Residual tolerance target = 1e-10
# Initial residual norm     = 3.3533e-10
     0     1
# FGMRES final (true) residual:
# Iteration = 4: |res|/|res0| = 2.87473e-12.

Computing volumes of the grid elements.
Non-linear iter.: 228/500. Linear iter.: 4. Min. area: 0.000148453. Error: 2.87473e-12.
Computing volumes of the grid elements.
Min. volume: 0.000148453, max. volume: 36.6088.

# FGMRES residual history
# Residual tolerance target = 1e-10
# Initial residual norm     = 3.3533e-10
     0     1
# FGMRES final (true) residual:
# Iteration = 4: |res|/|res0| = 2.87473e-12.

Computing volumes of the grid elements.
Non-linear iter.: 229/500. Linear iter.: 4. Min. area: 0.000148453. Error: 2.87473e-12.
Computing volumes of the grid elements.
Min. volume: 0.000148453, max. volume: 36.6088.

# FGMRES residual history
# Residual tolerance target = 1e-10
# Initial residual norm     = 3.3533e-10
     0     1
# FGMRES final (true) residual:
# Iteration = 4: |res|/|res0| = 2.87473e-12.

Computing volumes of the grid elements.
Non-linear iter.: 230/500. Linear iter.: 4. Min. area: 0.000148453. Error: 2.87473e-12.
Computing volumes of the grid elements.
Min. volume: 0.000148453, max. volume: 36.6088.

# FGMRES residual history
# Residual tolerance target = 1e-10
# Initial residual norm     = 3.35331e-10
     0     1
# FGMRES final (true) residual:
# Iteration = 4: |res|/|res0| = 2.87473e-12.

Computing volumes of the grid elements.
Non-linear iter.: 231/500. Linear iter.: 4. Min. area: 0.000148453. Error: 2.87473e-12.
Computing volumes of the grid elements.
Min. volume: 0.000148453, max. volume: 36.6088.

# FGMRES residual history
# Residual tolerance target = 1e-10
# Initial residual norm     = 3.35331e-10
     0     1
# FGMRES final (true) residual:
# Iteration = 4: |res|/|res0| = 2.87473e-12.

Computing volumes of the grid elements.
Non-linear iter.: 232/500. Linear iter.: 4. Min. area: 0.000148453. Error: 2.87473e-12.
Computing volumes of the grid elements.
Min. volume: 0.000148453, max. volume: 36.6088.

# FGMRES residual history
# Residual tolerance target = 1e-10
# Initial residual norm     = 3.35331e-10
     0     1
# FGMRES final (true) residual:
# Iteration = 4: |res|/|res0| = 2.87473e-12.

Computing volumes of the grid elements.
Non-linear iter.: 233/500. Linear iter.: 4. Min. area: 0.000148453. Error: 2.87473e-12.
Computing volumes of the grid elements.
Min. volume: 0.000148453, max. volume: 36.6088.

# FGMRES residual history
# Residual tolerance target = 1e-10
# Initial residual norm     = 3.35332e-10
     0     1
# FGMRES final (true) residual:
# Iteration = 4: |res|/|res0| = 2.87474e-12.

Computing volumes of the grid elements.
Non-linear iter.: 234/500. Linear iter.: 4. Min. area: 0.000148453. Error: 2.87474e-12.
Computing volumes of the grid elements.
Min. volume: 0.000148453, max. volume: 36.6088.

# FGMRES residual history
# Residual tolerance target = 1e-10
# Initial residual norm     = 3.35332e-10
     0     1
# FGMRES final (true) residual:
# Iteration = 4: |res|/|res0| = 2.87474e-12.

Computing volumes of the grid elements.
Non-linear iter.: 235/500. Linear iter.: 4. Min. area: 0.000148453. Error: 2.87474e-12.
Computing volumes of the grid elements.
Min. volume: 0.000148453, max. volume: 36.6088.

# FGMRES residual history
# Residual tolerance target = 1e-10
# Initial residual norm     = 3.35332e-10
     0     1
# FGMRES final (true) residual:
# Iteration = 4: |res|/|res0| = 2.87474e-12.

Computing volumes of the grid elements.
Non-linear iter.: 236/500. Linear iter.: 4. Min. area: 0.000148453. Error: 2.87474e-12.
Computing volumes of the grid elements.
Min. volume: 0.000148453, max. volume: 36.6088.

# FGMRES residual history
# Residual tolerance target = 1e-10
# Initial residual norm     = 3.35333e-10
     0     1
# FGMRES final (true) residual:
# Iteration = 4: |res|/|res0| = 2.87474e-12.

Computing volumes of the grid elements.
Non-linear iter.: 237/500. Linear iter.: 4. Min. area: 0.000148453. Error: 2.87474e-12.
Computing volumes of the grid elements.
Min. volume: 0.000148453, max. volume: 36.6088.

# FGMRES residual history
# Residual tolerance target = 1e-10
# Initial residual norm     = 3.35333e-10
     0     1
# FGMRES final (true) residual:
# Iteration = 4: |res|/|res0| = 2.87474e-12.

Computing volumes of the grid elements.
Non-linear iter.: 238/500. Linear iter.: 4. Min. area: 0.000148453. Error: 2.87474e-12.
Computing volumes of the grid elements.
Min. volume: 0.000148453, max. volume: 36.6088.

# FGMRES residual history
# Residual tolerance target = 1e-10
# Initial residual norm     = 3.35333e-10
     0     1
# FGMRES final (true) residual:
# Iteration = 4: |res|/|res0| = 2.87474e-12.

Computing volumes of the grid elements.
Non-linear iter.: 239/500. Linear iter.: 4. Min. area: 0.000148453. Error: 2.87474e-12.
Computing volumes of the grid elements.
Min. volume: 0.000148453, max. volume: 36.6088.

# FGMRES residual history
# Residual tolerance target = 1e-10
# Initial residual norm     = 3.35334e-10
     0     1
# FGMRES final (true) residual:
# Iteration = 4: |res|/|res0| = 2.87474e-12.

Computing volumes of the grid elements.
Non-linear iter.: 240/500. Linear iter.: 4. Min. area: 0.000148453. Error: 2.87474e-12.
Computing volumes of the grid elements.
Min. volume: 0.000148453, max. volume: 36.6088.

# FGMRES residual history
# Residual tolerance target = 1e-10
# Initial residual norm     = 3.35334e-10
     0     1
# FGMRES final (true) residual:
# Iteration = 4: |res|/|res0| = 2.87474e-12.

Computing volumes of the grid elements.
Non-linear iter.: 241/500. Linear iter.: 4. Min. area: 0.000148453. Error: 2.87474e-12.
Computing volumes of the grid elements.
Min. volume: 0.000148453, max. volume: 36.6088.

# FGMRES residual history
# Residual tolerance target = 1e-10
# Initial residual norm     = 3.35334e-10
     0     1
# FGMRES final (true) residual:
# Iteration = 4: |res|/|res0| = 2.87474e-12.

Computing volumes of the grid elements.
Non-linear iter.: 242/500. Linear iter.: 4. Min. area: 0.000148453. Error: 2.87474e-12.
Computing volumes of the grid elements.
Min. volume: 0.000148453, max. volume: 36.6088.

# FGMRES residual history
# Residual tolerance target = 1e-10
# Initial residual norm     = 3.35335e-10
     0     1
# FGMRES final (true) residual:
# Iteration = 4: |res|/|res0| = 2.87474e-12.

Computing volumes of the grid elements.
Non-linear iter.: 243/500. Linear iter.: 4. Min. area: 0.000148453. Error: 2.87474e-12.
Computing volumes of the grid elements.
Min. volume: 0.000148453, max. volume: 36.6088.

# FGMRES residual history
# Residual tolerance target = 1e-10
# Initial residual norm     = 3.35335e-10
     0     1
# FGMRES final (true) residual:
# Iteration = 4: |res|/|res0| = 2.87475e-12.

Computing volumes of the grid elements.
Non-linear iter.: 244/500. Linear iter.: 4. Min. area: 0.000148453. Error: 2.87475e-12.
Computing volumes of the grid elements.
Min. volume: 0.000148453, max. volume: 36.6088.

# FGMRES residual history
# Residual tolerance target = 1e-10
# Initial residual norm     = 3.35335e-10
     0     1
# FGMRES final (true) residual:
# Iteration = 4: |res|/|res0| = 2.87475e-12.

Computing volumes of the grid elements.
Non-linear iter.: 245/500. Linear iter.: 4. Min. area: 0.000148453. Error: 2.87475e-12.
Computing volumes of the grid elements.
Min. volume: 0.000148453, max. volume: 36.6088.

# FGMRES residual history
# Residual tolerance target = 1e-10
# Initial residual norm     = 3.35336e-10
     0     1
# FGMRES final (true) residual:
# Iteration = 4: |res|/|res0| = 2.87475e-12.

Computing volumes of the grid elements.
Non-linear iter.: 246/500. Linear iter.: 4. Min. area: 0.000148453. Error: 2.87475e-12.
Computing volumes of the grid elements.
Min. volume: 0.000148453, max. volume: 36.6088.

# FGMRES residual history
# Residual tolerance target = 1e-10
# Initial residual norm     = 3.35336e-10
     0     1
# FGMRES final (true) residual:
# Iteration = 4: |res|/|res0| = 2.87475e-12.

Computing volumes of the grid elements.
Non-linear iter.: 247/500. Linear iter.: 4. Min. area: 0.000148453. Error: 2.87475e-12.
Computing volumes of the grid elements.
Min. volume: 0.000148453, max. volume: 36.6088.

# FGMRES residual history
# Residual tolerance target = 1e-10
# Initial residual norm     = 3.35336e-10
     0     1
# FGMRES final (true) residual:
# Iteration = 4: |res|/|res0| = 2.87475e-12.

Computing volumes of the grid elements.
Non-linear iter.: 248/500. Linear iter.: 4. Min. area: 0.000148453. Error: 2.87475e-12.
Computing volumes of the grid elements.
Min. volume: 0.000148453, max. volume: 36.6088.

# FGMRES residual history
# Residual tolerance target = 1e-10
# Initial residual norm     = 3.35337e-10
     0     1
# FGMRES final (true) residual:
# Iteration = 4: |res|/|res0| = 2.87475e-12.

Computing volumes of the grid elements.
Non-linear iter.: 249/500. Linear iter.: 4. Min. area: 0.000148453. Error: 2.87475e-12.
Computing volumes of the grid elements.
Min. volume: 0.000148453, max. volume: 36.6088.

# FGMRES residual history
# Residual tolerance target = 1e-10
# Initial residual norm     = 3.35337e-10
     0     1
# FGMRES final (true) residual:
# Iteration = 4: |res|/|res0| = 2.87475e-12.

Computing volumes of the grid elements.
Non-linear iter.: 250/500. Linear iter.: 4. Min. area: 0.000148453. Error: 2.87475e-12.
Computing volumes of the grid elements.
Min. volume: 0.000148453, max. volume: 36.6088.

# FGMRES residual history
# Residual tolerance target = 1e-10
# Initial residual norm     = 3.35338e-10
     0     1
# FGMRES final (true) residual:
# Iteration = 4: |res|/|res0| = 2.87475e-12.

Computing volumes of the grid elements.
Non-linear iter.: 251/500. Linear iter.: 4. Min. area: 0.000148453. Error: 2.87475e-12.
Computing volumes of the grid elements.
Min. volume: 0.000148453, max. volume: 36.6088.

# FGMRES residual history
# Residual tolerance target = 1e-10
# Initial residual norm     = 3.35338e-10
     0     1
# FGMRES final (true) residual:
# Iteration = 4: |res|/|res0| = 2.87475e-12.

Computing volumes of the grid elements.
Non-linear iter.: 252/500. Linear iter.: 4. Min. area: 0.000148453. Error: 2.87475e-12.
Computing volumes of the grid elements.
Min. volume: 0.000148453, max. volume: 36.6088.

# FGMRES residual history
# Residual tolerance target = 1e-10
# Initial residual norm     = 3.35338e-10
     0     1
# FGMRES final (true) residual:
# Iteration = 4: |res|/|res0| = 2.87475e-12.

Computing volumes of the grid elements.
Non-linear iter.: 253/500. Linear iter.: 4. Min. area: 0.000148453. Error: 2.87475e-12.
Computing volumes of the grid elements.
Min. volume: 0.000148453, max. volume: 36.6088.

# FGMRES residual history
# Residual tolerance target = 1e-10
# Initial residual norm     = 3.35339e-10
     0     1
# FGMRES final (true) residual:
# Iteration = 4: |res|/|res0| = 2.87476e-12.

Computing volumes of the grid elements.
Non-linear iter.: 254/500. Linear iter.: 4. Min. area: 0.000148453. Error: 2.87476e-12.
Computing volumes of the grid elements.
Min. volume: 0.000148453, max. volume: 36.6088.

# FGMRES residual history
# Residual tolerance target = 1e-10
# Initial residual norm     = 3.35339e-10
     0     1
# FGMRES final (true) residual:
# Iteration = 4: |res|/|res0| = 2.87476e-12.

Computing volumes of the grid elements.
Non-linear iter.: 255/500. Linear iter.: 4. Min. area: 0.000148453. Error: 2.87476e-12.
Computing volumes of the grid elements.
Min. volume: 0.000148453, max. volume: 36.6088.

# FGMRES residual history
# Residual tolerance target = 1e-10
# Initial residual norm     = 3.35339e-10
     0     1
# FGMRES final (true) residual:
# Iteration = 4: |res|/|res0| = 2.87476e-12.

Computing volumes of the grid elements.
Non-linear iter.: 256/500. Linear iter.: 4. Min. area: 0.000148453. Error: 2.87476e-12.
Computing volumes of the grid elements.
Min. volume: 0.000148453, max. volume: 36.6088.

# FGMRES residual history
# Residual tolerance target = 1e-10
# Initial residual norm     = 3.3534e-10
     0     1
# FGMRES final (true) residual:
# Iteration = 4: |res|/|res0| = 2.87476e-12.

Computing volumes of the grid elements.
Non-linear iter.: 257/500. Linear iter.: 4. Min. area: 0.000148453. Error: 2.87476e-12.
Computing volumes of the grid elements.
Min. volume: 0.000148453, max. volume: 36.6088.

# FGMRES residual history
# Residual tolerance target = 1e-10
# Initial residual norm     = 3.3534e-10
     0     1
# FGMRES final (true) residual:
# Iteration = 4: |res|/|res0| = 2.87476e-12.

Computing volumes of the grid elements.
Non-linear iter.: 258/500. Linear iter.: 4. Min. area: 0.000148453. Error: 2.87476e-12.
Computing volumes of the grid elements.
Min. volume: 0.000148453, max. volume: 36.6088.

# FGMRES residual history
# Residual tolerance target = 1e-10
# Initial residual norm     = 3.3534e-10
     0     1
# FGMRES final (true) residual:
# Iteration = 4: |res|/|res0| = 2.87476e-12.

Computing volumes of the grid elements.
Non-linear iter.: 259/500. Linear iter.: 4. Min. area: 0.000148453. Error: 2.87476e-12.
Computing volumes of the grid elements.
Min. volume: 0.000148453, max. volume: 36.6088.

# FGMRES residual history
# Residual tolerance target = 1e-10
# Initial residual norm     = 3.35341e-10
     0     1
# FGMRES final (true) residual:
# Iteration = 4: |res|/|res0| = 2.87476e-12.

Computing volumes of the grid elements.
Non-linear iter.: 260/500. Linear iter.: 4. Min. area: 0.000148453. Error: 2.87476e-12.
Computing volumes of the grid elements.
Min. volume: 0.000148453, max. volume: 36.6088.

# FGMRES residual history
# Residual tolerance target = 1e-10
# Initial residual norm     = 3.35341e-10
     0     1
# FGMRES final (true) residual:
# Iteration = 4: |res|/|res0| = 2.87476e-12.

Computing volumes of the grid elements.
Non-linear iter.: 261/500. Linear iter.: 4. Min. area: 0.000148453. Error: 2.87476e-12.
Computing volumes of the grid elements.
Min. volume: 0.000148453, max. volume: 36.6088.

# FGMRES residual history
# Residual tolerance target = 1e-10
# Initial residual norm     = 3.35341e-10
     0     1
# FGMRES final (true) residual:
# Iteration = 4: |res|/|res0| = 2.87476e-12.

Computing volumes of the grid elements.
Non-linear iter.: 262/500. Linear iter.: 4. Min. area: 0.000148453. Error: 2.87476e-12.
Computing volumes of the grid elements.
Min. volume: 0.000148453, max. volume: 36.6088.

# FGMRES residual history
# Residual tolerance target = 1e-10
# Initial residual norm     = 3.35342e-10
     0     1
# FGMRES final (true) residual:
# Iteration = 4: |res|/|res0| = 2.87476e-12.

Computing volumes of the grid elements.
Non-linear iter.: 263/500. Linear iter.: 4. Min. area: 0.000148453. Error: 2.87476e-12.
Computing volumes of the grid elements.
Min. volume: 0.000148453, max. volume: 36.6088.

# FGMRES residual history
# Residual tolerance target = 1e-10
# Initial residual norm     = 3.35342e-10
     0     1
# FGMRES final (true) residual:
# Iteration = 4: |res|/|res0| = 2.87477e-12.

Computing volumes of the grid elements.
Non-linear iter.: 264/500. Linear iter.: 4. Min. area: 0.000148453. Error: 2.87477e-12.
Computing volumes of the grid elements.
Min. volume: 0.000148453, max. volume: 36.6088.

# FGMRES residual history
# Residual tolerance target = 1e-10
# Initial residual norm     = 3.35342e-10
     0     1
# FGMRES final (true) residual:
# Iteration = 4: |res|/|res0| = 2.87477e-12.

Computing volumes of the grid elements.
Non-linear iter.: 265/500. Linear iter.: 4. Min. area: 0.000148453. Error: 2.87477e-12.
Computing volumes of the grid elements.
Min. volume: 0.000148453, max. volume: 36.6088.

# FGMRES residual history
# Residual tolerance target = 1e-10
# Initial residual norm     = 3.35343e-10
     0     1
# FGMRES final (true) residual:
# Iteration = 4: |res|/|res0| = 2.87477e-12.

Computing volumes of the grid elements.
Non-linear iter.: 266/500. Linear iter.: 4. Min. area: 0.000148453. Error: 2.87477e-12.
Computing volumes of the grid elements.
Min. volume: 0.000148453, max. volume: 36.6088.

# FGMRES residual history
# Residual tolerance target = 1e-10
# Initial residual norm     = 3.35343e-10
     0     1
# FGMRES final (true) residual:
# Iteration = 4: |res|/|res0| = 2.87477e-12.

Computing volumes of the grid elements.
Non-linear iter.: 267/500. Linear iter.: 4. Min. area: 0.000148453. Error: 2.87477e-12.
Computing volumes of the grid elements.
Min. volume: 0.000148453, max. volume: 36.6088.

# FGMRES residual history
# Residual tolerance target = 1e-10
# Initial residual norm     = 3.35343e-10
     0     1
# FGMRES final (true) residual:
# Iteration = 4: |res|/|res0| = 2.87477e-12.

Computing volumes of the grid elements.
Non-linear iter.: 268/500. Linear iter.: 4. Min. area: 0.000148453. Error: 2.87477e-12.
Computing volumes of the grid elements.
Min. volume: 0.000148453, max. volume: 36.6088.

# FGMRES residual history
# Residual tolerance target = 1e-10
# Initial residual norm     = 3.35344e-10
     0     1
# FGMRES final (true) residual:
# Iteration = 4: |res|/|res0| = 2.87477e-12.

Computing volumes of the grid elements.
Non-linear iter.: 269/500. Linear iter.: 4. Min. area: 0.000148453. Error: 2.87477e-12.
Computing volumes of the grid elements.
Min. volume: 0.000148453, max. volume: 36.6088.

# FGMRES residual history
# Residual tolerance target = 1e-10
# Initial residual norm     = 3.35344e-10
     0     1
# FGMRES final (true) residual:
# Iteration = 4: |res|/|res0| = 2.87477e-12.

Computing volumes of the grid elements.
Non-linear iter.: 270/500. Linear iter.: 4. Min. area: 0.000148453. Error: 2.87477e-12.
Computing volumes of the grid elements.
Min. volume: 0.000148453, max. volume: 36.6088.

# FGMRES residual history
# Residual tolerance target = 1e-10
# Initial residual norm     = 3.35344e-10
     0     1
# FGMRES final (true) residual:
# Iteration = 4: |res|/|res0| = 2.87477e-12.

Computing volumes of the grid elements.
Non-linear iter.: 271/500. Linear iter.: 4. Min. area: 0.000148453. Error: 2.87477e-12.
Computing volumes of the grid elements.
Min. volume: 0.000148453, max. volume: 36.6088.

# FGMRES residual history
# Residual tolerance target = 1e-10
# Initial residual norm     = 3.35345e-10
     0     1
# FGMRES final (true) residual:
# Iteration = 4: |res|/|res0| = 2.87477e-12.

Computing volumes of the grid elements.
Non-linear iter.: 272/500. Linear iter.: 4. Min. area: 0.000148453. Error: 2.87477e-12.
Computing volumes of the grid elements.
Min. volume: 0.000148453, max. volume: 36.6088.

# FGMRES residual history
# Residual tolerance target = 1e-10
# Initial residual norm     = 3.35345e-10
     0     1
# FGMRES final (true) residual:
# Iteration = 4: |res|/|res0| = 2.87477e-12.

Computing volumes of the grid elements.
Non-linear iter.: 273/500. Linear iter.: 4. Min. area: 0.000148453. Error: 2.87477e-12.
Computing volumes of the grid elements.
Min. volume: 0.000148453, max. volume: 36.6088.

# FGMRES residual history
# Residual tolerance target = 1e-10
# Initial residual norm     = 3.35345e-10
     0     1
# FGMRES final (true) residual:
# Iteration = 4: |res|/|res0| = 2.87478e-12.

Computing volumes of the grid elements.
Non-linear iter.: 274/500. Linear iter.: 4. Min. area: 0.000148453. Error: 2.87478e-12.
Computing volumes of the grid elements.
Min. volume: 0.000148453, max. volume: 36.6088.

# FGMRES residual history
# Residual tolerance target = 1e-10
# Initial residual norm     = 3.35346e-10
     0     1
# FGMRES final (true) residual:
# Iteration = 4: |res|/|res0| = 2.87478e-12.

Computing volumes of the grid elements.
Non-linear iter.: 275/500. Linear iter.: 4. Min. area: 0.000148453. Error: 2.87478e-12.
Computing volumes of the grid elements.
Min. volume: 0.000148453, max. volume: 36.6088.

# FGMRES residual history
# Residual tolerance target = 1e-10
# Initial residual norm     = 3.35346e-10
     0     1
# FGMRES final (true) residual:
# Iteration = 4: |res|/|res0| = 2.87478e-12.

Computing volumes of the grid elements.
Non-linear iter.: 276/500. Linear iter.: 4. Min. area: 0.000148453. Error: 2.87478e-12.
Computing volumes of the grid elements.
Min. volume: 0.000148453, max. volume: 36.6088.

# FGMRES residual history
# Residual tolerance target = 1e-10
# Initial residual norm     = 3.35346e-10
     0     1
# FGMRES final (true) residual:
# Iteration = 4: |res|/|res0| = 2.87478e-12.

Computing volumes of the grid elements.
Non-linear iter.: 277/500. Linear iter.: 4. Min. area: 0.000148453. Error: 2.87478e-12.
Computing volumes of the grid elements.
Min. volume: 0.000148453, max. volume: 36.6088.

# FGMRES residual history
# Residual tolerance target = 1e-10
# Initial residual norm     = 3.35347e-10
     0     1
# FGMRES final (true) residual:
# Iteration = 4: |res|/|res0| = 2.87478e-12.

Computing volumes of the grid elements.
Non-linear iter.: 278/500. Linear iter.: 4. Min. area: 0.000148453. Error: 2.87478e-12.
Computing volumes of the grid elements.
Min. volume: 0.000148453, max. volume: 36.6088.

# FGMRES residual history
# Residual tolerance target = 1e-10
# Initial residual norm     = 3.35347e-10
     0     1
# FGMRES final (true) residual:
# Iteration = 4: |res|/|res0| = 2.87478e-12.

Computing volumes of the grid elements.
Non-linear iter.: 279/500. Linear iter.: 4. Min. area: 0.000148453. Error: 2.87478e-12.
Computing volumes of the grid elements.
Min. volume: 0.000148453, max. volume: 36.6088.

# FGMRES residual history
# Residual tolerance target = 1e-10
# Initial residual norm     = 3.35348e-10
     0     1
# FGMRES final (true) residual:
# Iteration = 4: |res|/|res0| = 2.87478e-12.

Computing volumes of the grid elements.
Non-linear iter.: 280/500. Linear iter.: 4. Min. area: 0.000148453. Error: 2.87478e-12.
Computing volumes of the grid elements.
Min. volume: 0.000148453, max. volume: 36.6088.

# FGMRES residual history
# Residual tolerance target = 1e-10
# Initial residual norm     = 3.35348e-10
     0     1
# FGMRES final (true) residual:
# Iteration = 4: |res|/|res0| = 2.87478e-12.

Computing volumes of the grid elements.
Non-linear iter.: 281/500. Linear iter.: 4. Min. area: 0.000148453. Error: 2.87478e-12.
Computing volumes of the grid elements.
Min. volume: 0.000148453, max. volume: 36.6088.

# FGMRES residual history
# Residual tolerance target = 1e-10
# Initial residual norm     = 3.35348e-10
     0     1
# FGMRES final (true) residual:
# Iteration = 4: |res|/|res0| = 2.87478e-12.

Computing volumes of the grid elements.
Non-linear iter.: 282/500. Linear iter.: 4. Min. area: 0.000148453. Error: 2.87478e-12.
Computing volumes of the grid elements.
Min. volume: 0.000148453, max. volume: 36.6088.

# FGMRES residual history
# Residual tolerance target = 1e-10
# Initial residual norm     = 3.35349e-10
     0     1
# FGMRES final (true) residual:
# Iteration = 4: |res|/|res0| = 2.87478e-12.

Computing volumes of the grid elements.
Non-linear iter.: 283/500. Linear iter.: 4. Min. area: 0.000148453. Error: 2.87478e-12.
Computing volumes of the grid elements.
Min. volume: 0.000148453, max. volume: 36.6088.

# FGMRES residual history
# Residual tolerance target = 1e-10
# Initial residual norm     = 3.35349e-10
     0     1
# FGMRES final (true) residual:
# Iteration = 4: |res|/|res0| = 2.87479e-12.

Computing volumes of the grid elements.
Non-linear iter.: 284/500. Linear iter.: 4. Min. area: 0.000148453. Error: 2.87479e-12.
Computing volumes of the grid elements.
Min. volume: 0.000148453, max. volume: 36.6088.

# FGMRES residual history
# Residual tolerance target = 1e-10
# Initial residual norm     = 3.35349e-10
     0     1
# FGMRES final (true) residual:
# Iteration = 4: |res|/|res0| = 2.87479e-12.

Computing volumes of the grid elements.
Non-linear iter.: 285/500. Linear iter.: 4. Min. area: 0.000148453. Error: 2.87479e-12.
Computing volumes of the grid elements.
Min. volume: 0.000148453, max. volume: 36.6088.

# FGMRES residual history
# Residual tolerance target = 1e-10
# Initial residual norm     = 3.3535e-10
     0     1
# FGMRES final (true) residual:
# Iteration = 4: |res|/|res0| = 2.87479e-12.

Computing volumes of the grid elements.
Non-linear iter.: 286/500. Linear iter.: 4. Min. area: 0.000148453. Error: 2.87479e-12.
Computing volumes of the grid elements.
Min. volume: 0.000148453, max. volume: 36.6088.

# FGMRES residual history
# Residual tolerance target = 1e-10
# Initial residual norm     = 3.3535e-10
     0     1
# FGMRES final (true) residual:
# Iteration = 4: |res|/|res0| = 2.87479e-12.

Computing volumes of the grid elements.
Non-linear iter.: 287/500. Linear iter.: 4. Min. area: 0.000148453. Error: 2.87479e-12.
Computing volumes of the grid elements.
Min. volume: 0.000148453, max. volume: 36.6088.

# FGMRES residual history
# Residual tolerance target = 1e-10
# Initial residual norm     = 3.3535e-10
     0     1
# FGMRES final (true) residual:
# Iteration = 4: |res|/|res0| = 2.87479e-12.

Computing volumes of the grid elements.
Non-linear iter.: 288/500. Linear iter.: 4. Min. area: 0.000148453. Error: 2.87479e-12.
Computing volumes of the grid elements.
Min. volume: 0.000148453, max. volume: 36.6088.

# FGMRES residual history
# Residual tolerance target = 1e-10
# Initial residual norm     = 3.35351e-10
     0     1
# FGMRES final (true) residual:
# Iteration = 4: |res|/|res0| = 2.87479e-12.

Computing volumes of the grid elements.
Non-linear iter.: 289/500. Linear iter.: 4. Min. area: 0.000148453. Error: 2.87479e-12.
Computing volumes of the grid elements.
Min. volume: 0.000148453, max. volume: 36.6088.

# FGMRES residual history
# Residual tolerance target = 1e-10
# Initial residual norm     = 3.35351e-10
     0     1
# FGMRES final (true) residual:
# Iteration = 4: |res|/|res0| = 2.87479e-12.

Computing volumes of the grid elements.
Non-linear iter.: 290/500. Linear iter.: 4. Min. area: 0.000148453. Error: 2.87479e-12.
Computing volumes of the grid elements.
Min. volume: 0.000148453, max. volume: 36.6088.

# FGMRES residual history
# Residual tolerance target = 1e-10
# Initial residual norm     = 3.35351e-10
     0     1
# FGMRES final (true) residual:
# Iteration = 4: |res|/|res0| = 2.87479e-12.

Computing volumes of the grid elements.
Non-linear iter.: 291/500. Linear iter.: 4. Min. area: 0.000148453. Error: 2.87479e-12.
Computing volumes of the grid elements.
Min. volume: 0.000148453, max. volume: 36.6088.

# FGMRES residual history
# Residual tolerance target = 1e-10
# Initial residual norm     = 3.35352e-10
     0     1
# FGMRES final (true) residual:
# Iteration = 4: |res|/|res0| = 2.87479e-12.

Computing volumes of the grid elements.
Non-linear iter.: 292/500. Linear iter.: 4. Min. area: 0.000148453. Error: 2.87479e-12.
Computing volumes of the grid elements.
Min. volume: 0.000148453, max. volume: 36.6088.

# FGMRES residual history
# Residual tolerance target = 1e-10
# Initial residual norm     = 3.35352e-10
     0     1
# FGMRES final (true) residual:
# Iteration = 4: |res|/|res0| = 2.87479e-12.

Computing volumes of the grid elements.
Non-linear iter.: 293/500. Linear iter.: 4. Min. area: 0.000148453. Error: 2.87479e-12.
Computing volumes of the grid elements.
Min. volume: 0.000148453, max. volume: 36.6088.

# FGMRES residual history
# Residual tolerance target = 1e-10
# Initial residual norm     = 3.35352e-10
     0     1
# FGMRES final (true) residual:
# Iteration = 4: |res|/|res0| = 2.8748e-12.

Computing volumes of the grid elements.
Non-linear iter.: 294/500. Linear iter.: 4. Min. area: 0.000148453. Error: 2.8748e-12.
Computing volumes of the grid elements.
Min. volume: 0.000148453, max. volume: 36.6088.

# FGMRES residual history
# Residual tolerance target = 1e-10
# Initial residual norm     = 3.35353e-10
     0     1
# FGMRES final (true) residual:
# Iteration = 4: |res|/|res0| = 2.8748e-12.

Computing volumes of the grid elements.
Non-linear iter.: 295/500. Linear iter.: 4. Min. area: 0.000148453. Error: 2.8748e-12.
Computing volumes of the grid elements.
Min. volume: 0.000148453, max. volume: 36.6088.

# FGMRES residual history
# Residual tolerance target = 1e-10
# Initial residual norm     = 3.35353e-10
     0     1
# FGMRES final (true) residual:
# Iteration = 4: |res|/|res0| = 2.8748e-12.

Computing volumes of the grid elements.
Non-linear iter.: 296/500. Linear iter.: 4. Min. area: 0.000148453. Error: 2.8748e-12.
Computing volumes of the grid elements.
Min. volume: 0.000148453, max. volume: 36.6088.

# FGMRES residual history
# Residual tolerance target = 1e-10
# Initial residual norm     = 3.35353e-10
     0     1
# FGMRES final (true) residual:
# Iteration = 4: |res|/|res0| = 2.8748e-12.

Computing volumes of the grid elements.
Non-linear iter.: 297/500. Linear iter.: 4. Min. area: 0.000148453. Error: 2.8748e-12.
Computing volumes of the grid elements.
Min. volume: 0.000148453, max. volume: 36.6088.

# FGMRES residual history
# Residual tolerance target = 1e-10
# Initial residual norm     = 3.35354e-10
     0     1
# FGMRES final (true) residual:
# Iteration = 4: |res|/|res0| = 2.8748e-12.

Computing volumes of the grid elements.
Non-linear iter.: 298/500. Linear iter.: 4. Min. area: 0.000148453. Error: 2.8748e-12.
Computing volumes of the grid elements.
Min. volume: 0.000148453, max. volume: 36.6088.

# FGMRES residual history
# Residual tolerance target = 1e-10
# Initial residual norm     = 3.35354e-10
     0     1
# FGMRES final (true) residual:
# Iteration = 4: |res|/|res0| = 2.8748e-12.

Computing volumes of the grid elements.
Non-linear iter.: 299/500. Linear iter.: 4. Min. area: 0.000148453. Error: 2.8748e-12.
Computing volumes of the grid elements.
Min. volume: 0.000148453, max. volume: 36.6088.

# FGMRES residual history
# Residual tolerance target = 1e-10
# Initial residual norm     = 3.35354e-10
     0     1
# FGMRES final (true) residual:
# Iteration = 4: |res|/|res0| = 2.8748e-12.

Computing volumes of the grid elements.
Non-linear iter.: 300/500. Linear iter.: 4. Min. area: 0.000148453. Error: 2.8748e-12.
Computing volumes of the grid elements.
Min. volume: 0.000148453, max. volume: 36.6088.

# FGMRES residual history
# Residual tolerance target = 1e-10
# Initial residual norm     = 3.35355e-10
     0     1
# FGMRES final (true) residual:
# Iteration = 4: |res|/|res0| = 2.8748e-12.

Computing volumes of the grid elements.
Non-linear iter.: 301/500. Linear iter.: 4. Min. area: 0.000148453. Error: 2.8748e-12.
Computing volumes of the grid elements.
Min. volume: 0.000148453, max. volume: 36.6088.

# FGMRES residual history
# Residual tolerance target = 1e-10
# Initial residual norm     = 3.35355e-10
     0     1
# FGMRES final (true) residual:
# Iteration = 4: |res|/|res0| = 2.8748e-12.

Computing volumes of the grid elements.
Non-linear iter.: 302/500. Linear iter.: 4. Min. area: 0.000148453. Error: 2.8748e-12.
Computing volumes of the grid elements.
Min. volume: 0.000148453, max. volume: 36.6088.

# FGMRES residual history
# Residual tolerance target = 1e-10
# Initial residual norm     = 3.35355e-10
     0     1
# FGMRES final (true) residual:
# Iteration = 4: |res|/|res0| = 2.8748e-12.

Computing volumes of the grid elements.
Non-linear iter.: 303/500. Linear iter.: 4. Min. area: 0.000148453. Error: 2.8748e-12.
Computing volumes of the grid elements.
Min. volume: 0.000148453, max. volume: 36.6088.

# FGMRES residual history
# Residual tolerance target = 1e-10
# Initial residual norm     = 3.35356e-10
     0     1
# FGMRES final (true) residual:
# Iteration = 4: |res|/|res0| = 2.87481e-12.

Computing volumes of the grid elements.
Non-linear iter.: 304/500. Linear iter.: 4. Min. area: 0.000148453. Error: 2.87481e-12.
Computing volumes of the grid elements.
Min. volume: 0.000148453, max. volume: 36.6088.

# FGMRES residual history
# Residual tolerance target = 1e-10
# Initial residual norm     = 3.35356e-10
     0     1
# FGMRES final (true) residual:
# Iteration = 4: |res|/|res0| = 2.87481e-12.

Computing volumes of the grid elements.
Non-linear iter.: 305/500. Linear iter.: 4. Min. area: 0.000148453. Error: 2.87481e-12.
Computing volumes of the grid elements.
Min. volume: 0.000148453, max. volume: 36.6088.

# FGMRES residual history
# Residual tolerance target = 1e-10
# Initial residual norm     = 3.35356e-10
     0     1
# FGMRES final (true) residual:
# Iteration = 4: |res|/|res0| = 2.87481e-12.

Computing volumes of the grid elements.
Non-linear iter.: 306/500. Linear iter.: 4. Min. area: 0.000148453. Error: 2.87481e-12.
Computing volumes of the grid elements.
Min. volume: 0.000148453, max. volume: 36.6088.

# FGMRES residual history
# Residual tolerance target = 1e-10
# Initial residual norm     = 3.35357e-10
     0     1
# FGMRES final (true) residual:
# Iteration = 4: |res|/|res0| = 2.87481e-12.

Computing volumes of the grid elements.
Non-linear iter.: 307/500. Linear iter.: 4. Min. area: 0.000148453. Error: 2.87481e-12.
Computing volumes of the grid elements.
Min. volume: 0.000148453, max. volume: 36.6088.

# FGMRES residual history
# Residual tolerance target = 1e-10
# Initial residual norm     = 3.35357e-10
     0     1
# FGMRES final (true) residual:
# Iteration = 4: |res|/|res0| = 2.87481e-12.

Computing volumes of the grid elements.
Non-linear iter.: 308/500. Linear iter.: 4. Min. area: 0.000148453. Error: 2.87481e-12.
Computing volumes of the grid elements.
Min. volume: 0.000148453, max. volume: 36.6088.

# FGMRES residual history
# Residual tolerance target = 1e-10
# Initial residual norm     = 3.35358e-10
     0     1
# FGMRES final (true) residual:
# Iteration = 4: |res|/|res0| = 2.87481e-12.

Computing volumes of the grid elements.
Non-linear iter.: 309/500. Linear iter.: 4. Min. area: 0.000148453. Error: 2.87481e-12.
Computing volumes of the grid elements.
Min. volume: 0.000148453, max. volume: 36.6088.

# FGMRES residual history
# Residual tolerance target = 1e-10
# Initial residual norm     = 3.35358e-10
     0     1
# FGMRES final (true) residual:
# Iteration = 4: |res|/|res0| = 2.87481e-12.

Computing volumes of the grid elements.
Non-linear iter.: 310/500. Linear iter.: 4. Min. area: 0.000148453. Error: 2.87481e-12.
Computing volumes of the grid elements.
Min. volume: 0.000148453, max. volume: 36.6088.

# FGMRES residual history
# Residual tolerance target = 1e-10
# Initial residual norm     = 3.35358e-10
     0     1
# FGMRES final (true) residual:
# Iteration = 4: |res|/|res0| = 2.87481e-12.

Computing volumes of the grid elements.
Non-linear iter.: 311/500. Linear iter.: 4. Min. area: 0.000148453. Error: 2.87481e-12.
Computing volumes of the grid elements.
Min. volume: 0.000148453, max. volume: 36.6088.

# FGMRES residual history
# Residual tolerance target = 1e-10
# Initial residual norm     = 3.35359e-10
     0     1
# FGMRES final (true) residual:
# Iteration = 4: |res|/|res0| = 2.87481e-12.

Computing volumes of the grid elements.
Non-linear iter.: 312/500. Linear iter.: 4. Min. area: 0.000148453. Error: 2.87481e-12.
Computing volumes of the grid elements.
Min. volume: 0.000148453, max. volume: 36.6088.

# FGMRES residual history
# Residual tolerance target = 1e-10
# Initial residual norm     = 3.35359e-10
     0     1
# FGMRES final (true) residual:
# Iteration = 4: |res|/|res0| = 2.87481e-12.

Computing volumes of the grid elements.
Non-linear iter.: 313/500. Linear iter.: 4. Min. area: 0.000148453. Error: 2.87481e-12.
Computing volumes of the grid elements.
Min. volume: 0.000148453, max. volume: 36.6088.

# FGMRES residual history
# Residual tolerance target = 1e-10
# Initial residual norm     = 3.35359e-10
     0     1
# FGMRES final (true) residual:
# Iteration = 4: |res|/|res0| = 2.87482e-12.

Computing volumes of the grid elements.
Non-linear iter.: 314/500. Linear iter.: 4. Min. area: 0.000148453. Error: 2.87482e-12.
Computing volumes of the grid elements.
Min. volume: 0.000148453, max. volume: 36.6088.

# FGMRES residual history
# Residual tolerance target = 1e-10
# Initial residual norm     = 3.3536e-10
     0     1
# FGMRES final (true) residual:
# Iteration = 4: |res|/|res0| = 2.87482e-12.

Computing volumes of the grid elements.
Non-linear iter.: 315/500. Linear iter.: 4. Min. area: 0.000148453. Error: 2.87482e-12.
Computing volumes of the grid elements.
Min. volume: 0.000148453, max. volume: 36.6088.

# FGMRES residual history
# Residual tolerance target = 1e-10
# Initial residual norm     = 3.3536e-10
     0     1
# FGMRES final (true) residual:
# Iteration = 4: |res|/|res0| = 2.87482e-12.

Computing volumes of the grid elements.
Non-linear iter.: 316/500. Linear iter.: 4. Min. area: 0.000148453. Error: 2.87482e-12.
Computing volumes of the grid elements.
Min. volume: 0.000148453, max. volume: 36.6088.

# FGMRES residual history
# Residual tolerance target = 1e-10
# Initial residual norm     = 3.3536e-10
     0     1
# FGMRES final (true) residual:
# Iteration = 4: |res|/|res0| = 2.87482e-12.

Computing volumes of the grid elements.
Non-linear iter.: 317/500. Linear iter.: 4. Min. area: 0.000148453. Error: 2.87482e-12.
Computing volumes of the grid elements.
Min. volume: 0.000148453, max. volume: 36.6088.

# FGMRES residual history
# Residual tolerance target = 1e-10
# Initial residual norm     = 3.35361e-10
     0     1
# FGMRES final (true) residual:
# Iteration = 4: |res|/|res0| = 2.87482e-12.

Computing volumes of the grid elements.
Non-linear iter.: 318/500. Linear iter.: 4. Min. area: 0.000148453. Error: 2.87482e-12.
Computing volumes of the grid elements.
Min. volume: 0.000148453, max. volume: 36.6088.

# FGMRES residual history
# Residual tolerance target = 1e-10
# Initial residual norm     = 3.35361e-10
     0     1
# FGMRES final (true) residual:
# Iteration = 4: |res|/|res0| = 2.87482e-12.

Computing volumes of the grid elements.
Non-linear iter.: 319/500. Linear iter.: 4. Min. area: 0.000148453. Error: 2.87482e-12.
Computing volumes of the grid elements.
Min. volume: 0.000148453, max. volume: 36.6088.

# FGMRES residual history
# Residual tolerance target = 1e-10
# Initial residual norm     = 3.35361e-10
     0     1
# FGMRES final (true) residual:
# Iteration = 4: |res|/|res0| = 2.87482e-12.

Computing volumes of the grid elements.
Non-linear iter.: 320/500. Linear iter.: 4. Min. area: 0.000148453. Error: 2.87482e-12.
Computing volumes of the grid elements.
Min. volume: 0.000148453, max. volume: 36.6088.

# FGMRES residual history
# Residual tolerance target = 1e-10
# Initial residual norm     = 3.35362e-10
     0     1
# FGMRES final (true) residual:
# Iteration = 4: |res|/|res0| = 2.87482e-12.

Computing volumes of the grid elements.
Non-linear iter.: 321/500. Linear iter.: 4. Min. area: 0.000148453. Error: 2.87482e-12.
Computing volumes of the grid elements.
Min. volume: 0.000148453, max. volume: 36.6088.

# FGMRES residual history
# Residual tolerance target = 1e-10
# Initial residual norm     = 3.35362e-10
     0     1
# FGMRES final (true) residual:
# Iteration = 4: |res|/|res0| = 2.87482e-12.

Computing volumes of the grid elements.
Non-linear iter.: 322/500. Linear iter.: 4. Min. area: 0.000148453. Error: 2.87482e-12.
Computing volumes of the grid elements.
Min. volume: 0.000148453, max. volume: 36.6088.

# FGMRES residual history
# Residual tolerance target = 1e-10
# Initial residual norm     = 3.35362e-10
     0     1
# FGMRES final (true) residual:
# Iteration = 4: |res|/|res0| = 2.87482e-12.

Computing volumes of the grid elements.
Non-linear iter.: 323/500. Linear iter.: 4. Min. area: 0.000148453. Error: 2.87482e-12.
Computing volumes of the grid elements.
Min. volume: 0.000148453, max. volume: 36.6088.

# FGMRES residual history
# Residual tolerance target = 1e-10
# Initial residual norm     = 3.35363e-10
     0     1
# FGMRES final (true) residual:
# Iteration = 4: |res|/|res0| = 2.87483e-12.

Computing volumes of the grid elements.
Non-linear iter.: 324/500. Linear iter.: 4. Min. area: 0.000148453. Error: 2.87483e-12.
Computing volumes of the grid elements.
Min. volume: 0.000148453, max. volume: 36.6088.

# FGMRES residual history
# Residual tolerance target = 1e-10
# Initial residual norm     = 3.35363e-10
     0     1
# FGMRES final (true) residual:
# Iteration = 4: |res|/|res0| = 2.87483e-12.

Computing volumes of the grid elements.
Non-linear iter.: 325/500. Linear iter.: 4. Min. area: 0.000148453. Error: 2.87483e-12.
Computing volumes of the grid elements.
Min. volume: 0.000148453, max. volume: 36.6088.

# FGMRES residual history
# Residual tolerance target = 1e-10
# Initial residual norm     = 3.35363e-10
     0     1
# FGMRES final (true) residual:
# Iteration = 4: |res|/|res0| = 2.87483e-12.

Computing volumes of the grid elements.
Non-linear iter.: 326/500. Linear iter.: 4. Min. area: 0.000148453. Error: 2.87483e-12.
Computing volumes of the grid elements.
Min. volume: 0.000148453, max. volume: 36.6088.

# FGMRES residual history
# Residual tolerance target = 1e-10
# Initial residual norm     = 3.35364e-10
     0     1
# FGMRES final (true) residual:
# Iteration = 4: |res|/|res0| = 2.87483e-12.

Computing volumes of the grid elements.
Non-linear iter.: 327/500. Linear iter.: 4. Min. area: 0.000148453. Error: 2.87483e-12.
Computing volumes of the grid elements.
Min. volume: 0.000148453, max. volume: 36.6088.

# FGMRES residual history
# Residual tolerance target = 1e-10
# Initial residual norm     = 3.35364e-10
     0     1
# FGMRES final (true) residual:
# Iteration = 4: |res|/|res0| = 2.87483e-12.

Computing volumes of the grid elements.
Non-linear iter.: 328/500. Linear iter.: 4. Min. area: 0.000148453. Error: 2.87483e-12.
Computing volumes of the grid elements.
Min. volume: 0.000148453, max. volume: 36.6088.

# FGMRES residual history
# Residual tolerance target = 1e-10
# Initial residual norm     = 3.35364e-10
     0     1
# FGMRES final (true) residual:
# Iteration = 4: |res|/|res0| = 2.87483e-12.

Computing volumes of the grid elements.
Non-linear iter.: 329/500. Linear iter.: 4. Min. area: 0.000148453. Error: 2.87483e-12.
Computing volumes of the grid elements.
Min. volume: 0.000148453, max. volume: 36.6088.

# FGMRES residual history
# Residual tolerance target = 1e-10
# Initial residual norm     = 3.35365e-10
     0     1
# FGMRES final (true) residual:
# Iteration = 4: |res|/|res0| = 2.87483e-12.

Computing volumes of the grid elements.
Non-linear iter.: 330/500. Linear iter.: 4. Min. area: 0.000148453. Error: 2.87483e-12.
Computing volumes of the grid elements.
Min. volume: 0.000148453, max. volume: 36.6088.

# FGMRES residual history
# Residual tolerance target = 1e-10
# Initial residual norm     = 3.35365e-10
     0     1
# FGMRES final (true) residual:
# Iteration = 4: |res|/|res0| = 2.87483e-12.

Computing volumes of the grid elements.
Non-linear iter.: 331/500. Linear iter.: 4. Min. area: 0.000148453. Error: 2.87483e-12.
Computing volumes of the grid elements.
Min. volume: 0.000148453, max. volume: 36.6088.

# FGMRES residual history
# Residual tolerance target = 1e-10
# Initial residual norm     = 3.35365e-10
     0     1
# FGMRES final (true) residual:
# Iteration = 4: |res|/|res0| = 2.87483e-12.

Computing volumes of the grid elements.
Non-linear iter.: 332/500. Linear iter.: 4. Min. area: 0.000148453. Error: 2.87483e-12.
Computing volumes of the grid elements.
Min. volume: 0.000148453, max. volume: 36.6088.

# FGMRES residual history
# Residual tolerance target = 1e-10
# Initial residual norm     = 3.35366e-10
     0     1
# FGMRES final (true) residual:
# Iteration = 4: |res|/|res0| = 2.87483e-12.

Computing volumes of the grid elements.
Non-linear iter.: 333/500. Linear iter.: 4. Min. area: 0.000148453. Error: 2.87483e-12.
Computing volumes of the grid elements.
Min. volume: 0.000148453, max. volume: 36.6088.

# FGMRES residual history
# Residual tolerance target = 1e-10
# Initial residual norm     = 3.35366e-10
     0     1
# FGMRES final (true) residual:
# Iteration = 4: |res|/|res0| = 2.87484e-12.

Computing volumes of the grid elements.
Non-linear iter.: 334/500. Linear iter.: 4. Min. area: 0.000148453. Error: 2.87484e-12.
Computing volumes of the grid elements.
Min. volume: 0.000148453, max. volume: 36.6088.

# FGMRES residual history
# Residual tolerance target = 1e-10
# Initial residual norm     = 3.35367e-10
     0     1
# FGMRES final (true) residual:
# Iteration = 4: |res|/|res0| = 2.87484e-12.

Computing volumes of the grid elements.
Non-linear iter.: 335/500. Linear iter.: 4. Min. area: 0.000148453. Error: 2.87484e-12.
Computing volumes of the grid elements.
Min. volume: 0.000148453, max. volume: 36.6088.

# FGMRES residual history
# Residual tolerance target = 1e-10
# Initial residual norm     = 3.35367e-10
     0     1
# FGMRES final (true) residual:
# Iteration = 4: |res|/|res0| = 2.87484e-12.

Computing volumes of the grid elements.
Non-linear iter.: 336/500. Linear iter.: 4. Min. area: 0.000148453. Error: 2.87484e-12.
Computing volumes of the grid elements.
Min. volume: 0.000148453, max. volume: 36.6088.

# FGMRES residual history
# Residual tolerance target = 1e-10
# Initial residual norm     = 3.35367e-10
     0     1
# FGMRES final (true) residual:
# Iteration = 4: |res|/|res0| = 2.87484e-12.

Computing volumes of the grid elements.
Non-linear iter.: 337/500. Linear iter.: 4. Min. area: 0.000148453. Error: 2.87484e-12.
Computing volumes of the grid elements.
Min. volume: 0.000148453, max. volume: 36.6088.

# FGMRES residual history
# Residual tolerance target = 1e-10
# Initial residual norm     = 3.35368e-10
     0     1
# FGMRES final (true) residual:
# Iteration = 4: |res|/|res0| = 2.87484e-12.

Computing volumes of the grid elements.
Non-linear iter.: 338/500. Linear iter.: 4. Min. area: 0.000148453. Error: 2.87484e-12.
Computing volumes of the grid elements.
Min. volume: 0.000148453, max. volume: 36.6088.

# FGMRES residual history
# Residual tolerance target = 1e-10
# Initial residual norm     = 3.35368e-10
     0     1
# FGMRES final (true) residual:
# Iteration = 4: |res|/|res0| = 2.87484e-12.

Computing volumes of the grid elements.
Non-linear iter.: 339/500. Linear iter.: 4. Min. area: 0.000148453. Error: 2.87484e-12.
Computing volumes of the grid elements.
Min. volume: 0.000148453, max. volume: 36.6088.

# FGMRES residual history
# Residual tolerance target = 1e-10
# Initial residual norm     = 3.35368e-10
     0     1
# FGMRES final (true) residual:
# Iteration = 4: |res|/|res0| = 2.87484e-12.

Computing volumes of the grid elements.
Non-linear iter.: 340/500. Linear iter.: 4. Min. area: 0.000148453. Error: 2.87484e-12.
Computing volumes of the grid elements.
Min. volume: 0.000148453, max. volume: 36.6088.

# FGMRES residual history
# Residual tolerance target = 1e-10
# Initial residual norm     = 3.35369e-10
     0     1
# FGMRES final (true) residual:
# Iteration = 4: |res|/|res0| = 2.87484e-12.

Computing volumes of the grid elements.
Non-linear iter.: 341/500. Linear iter.: 4. Min. area: 0.000148453. Error: 2.87484e-12.
Computing volumes of the grid elements.
Min. volume: 0.000148453, max. volume: 36.6088.

# FGMRES residual history
# Residual tolerance target = 1e-10
# Initial residual norm     = 3.35369e-10
     0     1
# FGMRES final (true) residual:
# Iteration = 4: |res|/|res0| = 2.87484e-12.

Computing volumes of the grid elements.
Non-linear iter.: 342/500. Linear iter.: 4. Min. area: 0.000148453. Error: 2.87484e-12.
Computing volumes of the grid elements.
Min. volume: 0.000148453, max. volume: 36.6088.

# FGMRES residual history
# Residual tolerance target = 1e-10
# Initial residual norm     = 3.35369e-10
     0     1
# FGMRES final (true) residual:
# Iteration = 4: |res|/|res0| = 2.87484e-12.

Computing volumes of the grid elements.
Non-linear iter.: 343/500. Linear iter.: 4. Min. area: 0.000148453. Error: 2.87484e-12.
Computing volumes of the grid elements.
Min. volume: 0.000148453, max. volume: 36.6088.

# FGMRES residual history
# Residual tolerance target = 1e-10
# Initial residual norm     = 3.3537e-10
     0     1
# FGMRES final (true) residual:
# Iteration = 4: |res|/|res0| = 2.87485e-12.

Computing volumes of the grid elements.
Non-linear iter.: 344/500. Linear iter.: 4. Min. area: 0.000148453. Error: 2.87485e-12.
Computing volumes of the grid elements.
Min. volume: 0.000148453, max. volume: 36.6088.

# FGMRES residual history
# Residual tolerance target = 1e-10
# Initial residual norm     = 3.3537e-10
     0     1
# FGMRES final (true) residual:
# Iteration = 4: |res|/|res0| = 2.87485e-12.

Computing volumes of the grid elements.
Non-linear iter.: 345/500. Linear iter.: 4. Min. area: 0.000148453. Error: 2.87485e-12.
Computing volumes of the grid elements.
Min. volume: 0.000148453, max. volume: 36.6088.

# FGMRES residual history
# Residual tolerance target = 1e-10
# Initial residual norm     = 3.3537e-10
     0     1
# FGMRES final (true) residual:
# Iteration = 4: |res|/|res0| = 2.87485e-12.

Computing volumes of the grid elements.
Non-linear iter.: 346/500. Linear iter.: 4. Min. area: 0.000148453. Error: 2.87485e-12.
Computing volumes of the grid elements.
Min. volume: 0.000148453, max. volume: 36.6088.

# FGMRES residual history
# Residual tolerance target = 1e-10
# Initial residual norm     = 3.35371e-10
     0     1
# FGMRES final (true) residual:
# Iteration = 4: |res|/|res0| = 2.87485e-12.

Computing volumes of the grid elements.
Non-linear iter.: 347/500. Linear iter.: 4. Min. area: 0.000148453. Error: 2.87485e-12.
Computing volumes of the grid elements.
Min. volume: 0.000148453, max. volume: 36.6088.

# FGMRES residual history
# Residual tolerance target = 1e-10
# Initial residual norm     = 3.35371e-10
     0     1
# FGMRES final (true) residual:
# Iteration = 4: |res|/|res0| = 2.87485e-12.

Computing volumes of the grid elements.
Non-linear iter.: 348/500. Linear iter.: 4. Min. area: 0.000148453. Error: 2.87485e-12.
Computing volumes of the grid elements.
Min. volume: 0.000148453, max. volume: 36.6088.

# FGMRES residual history
# Residual tolerance target = 1e-10
# Initial residual norm     = 3.35371e-10
     0     1
# FGMRES final (true) residual:
# Iteration = 4: |res|/|res0| = 2.87485e-12.

Computing volumes of the grid elements.
Non-linear iter.: 349/500. Linear iter.: 4. Min. area: 0.000148453. Error: 2.87485e-12.
Computing volumes of the grid elements.
Min. volume: 0.000148453, max. volume: 36.6088.

# FGMRES residual history
# Residual tolerance target = 1e-10
# Initial residual norm     = 3.35372e-10
     0     1
# FGMRES final (true) residual:
# Iteration = 4: |res|/|res0| = 2.87485e-12.

Computing volumes of the grid elements.
Non-linear iter.: 350/500. Linear iter.: 4. Min. area: 0.000148453. Error: 2.87485e-12.
Computing volumes of the grid elements.
Min. volume: 0.000148453, max. volume: 36.6088.

# FGMRES residual history
# Residual tolerance target = 1e-10
# Initial residual norm     = 3.35372e-10
     0     1
# FGMRES final (true) residual:
# Iteration = 4: |res|/|res0| = 2.87485e-12.

Computing volumes of the grid elements.
Non-linear iter.: 351/500. Linear iter.: 4. Min. area: 0.000148453. Error: 2.87485e-12.
Computing volumes of the grid elements.
Min. volume: 0.000148453, max. volume: 36.6088.

# FGMRES residual history
# Residual tolerance target = 1e-10
# Initial residual norm     = 3.35372e-10
     0     1
# FGMRES final (true) residual:
# Iteration = 4: |res|/|res0| = 2.87485e-12.

Computing volumes of the grid elements.
Non-linear iter.: 352/500. Linear iter.: 4. Min. area: 0.000148453. Error: 2.87485e-12.
Computing volumes of the grid elements.
Min. volume: 0.000148453, max. volume: 36.6088.

# FGMRES residual history
# Residual tolerance target = 1e-10
# Initial residual norm     = 3.35373e-10
     0     1
# FGMRES final (true) residual:
# Iteration = 4: |res|/|res0| = 2.87485e-12.

Computing volumes of the grid elements.
Non-linear iter.: 353/500. Linear iter.: 4. Min. area: 0.000148453. Error: 2.87485e-12.
Computing volumes of the grid elements.
Min. volume: 0.000148453, max. volume: 36.6088.

# FGMRES residual history
# Residual tolerance target = 1e-10
# Initial residual norm     = 3.35373e-10
     0     1
# FGMRES final (true) residual:
# Iteration = 4: |res|/|res0| = 2.87486e-12.

Computing volumes of the grid elements.
Non-linear iter.: 354/500. Linear iter.: 4. Min. area: 0.000148453. Error: 2.87486e-12.
Computing volumes of the grid elements.
Min. volume: 0.000148453, max. volume: 36.6088.

# FGMRES residual history
# Residual tolerance target = 1e-10
# Initial residual norm     = 3.35373e-10
     0     1
# FGMRES final (true) residual:
# Iteration = 4: |res|/|res0| = 2.87486e-12.

Computing volumes of the grid elements.
Non-linear iter.: 355/500. Linear iter.: 4. Min. area: 0.000148453. Error: 2.87486e-12.
Computing volumes of the grid elements.
Min. volume: 0.000148453, max. volume: 36.6088.

# FGMRES residual history
# Residual tolerance target = 1e-10
# Initial residual norm     = 3.35374e-10
     0     1
# FGMRES final (true) residual:
# Iteration = 4: |res|/|res0| = 2.87486e-12.

Computing volumes of the grid elements.
Non-linear iter.: 356/500. Linear iter.: 4. Min. area: 0.000148453. Error: 2.87486e-12.
Computing volumes of the grid elements.
Min. volume: 0.000148453, max. volume: 36.6088.

# FGMRES residual history
# Residual tolerance target = 1e-10
# Initial residual norm     = 3.35374e-10
     0     1
# FGMRES final (true) residual:
# Iteration = 4: |res|/|res0| = 2.87486e-12.

Computing volumes of the grid elements.
Non-linear iter.: 357/500. Linear iter.: 4. Min. area: 0.000148453. Error: 2.87486e-12.
Computing volumes of the grid elements.
Min. volume: 0.000148453, max. volume: 36.6088.

# FGMRES residual history
# Residual tolerance target = 1e-10
# Initial residual norm     = 3.35374e-10
     0     1
# FGMRES final (true) residual:
# Iteration = 4: |res|/|res0| = 2.87486e-12.

Computing volumes of the grid elements.
Non-linear iter.: 358/500. Linear iter.: 4. Min. area: 0.000148453. Error: 2.87486e-12.
Computing volumes of the grid elements.
Min. volume: 0.000148453, max. volume: 36.6088.

# FGMRES residual history
# Residual tolerance target = 1e-10
# Initial residual norm     = 3.35375e-10
     0     1
# FGMRES final (true) residual:
# Iteration = 4: |res|/|res0| = 2.87486e-12.

Computing volumes of the grid elements.
Non-linear iter.: 359/500. Linear iter.: 4. Min. area: 0.000148453. Error: 2.87486e-12.
Computing volumes of the grid elements.
Min. volume: 0.000148453, max. volume: 36.6088.

# FGMRES residual history
# Residual tolerance target = 1e-10
# Initial residual norm     = 3.35375e-10
     0     1
# FGMRES final (true) residual:
# Iteration = 4: |res|/|res0| = 2.87486e-12.

Computing volumes of the grid elements.
Non-linear iter.: 360/500. Linear iter.: 4. Min. area: 0.000148453. Error: 2.87486e-12.
Computing volumes of the grid elements.
Min. volume: 0.000148453, max. volume: 36.6088.

# FGMRES residual history
# Residual tolerance target = 1e-10
# Initial residual norm     = 3.35375e-10
     0     1
# FGMRES final (true) residual:
# Iteration = 4: |res|/|res0| = 2.87486e-12.

Computing volumes of the grid elements.
Non-linear iter.: 361/500. Linear iter.: 4. Min. area: 0.000148453. Error: 2.87486e-12.
Computing volumes of the grid elements.
Min. volume: 0.000148453, max. volume: 36.6088.

# FGMRES residual history
# Residual tolerance target = 1e-10
# Initial residual norm     = 3.35376e-10
     0     1
# FGMRES final (true) residual:
# Iteration = 4: |res|/|res0| = 2.87486e-12.

Computing volumes of the grid elements.
Non-linear iter.: 362/500. Linear iter.: 4. Min. area: 0.000148453. Error: 2.87486e-12.
Computing volumes of the grid elements.
Min. volume: 0.000148453, max. volume: 36.6088.

# FGMRES residual history
# Residual tolerance target = 1e-10
# Initial residual norm     = 3.35376e-10
     0     1
# FGMRES final (true) residual:
# Iteration = 4: |res|/|res0| = 2.87486e-12.

Computing volumes of the grid elements.
Non-linear iter.: 363/500. Linear iter.: 4. Min. area: 0.000148453. Error: 2.87486e-12.
Computing volumes of the grid elements.
Min. volume: 0.000148453, max. volume: 36.6088.

# FGMRES residual history
# Residual tolerance target = 1e-10
# Initial residual norm     = 3.35377e-10
     0     1
# FGMRES final (true) residual:
# Iteration = 4: |res|/|res0| = 2.87487e-12.

Computing volumes of the grid elements.
Non-linear iter.: 364/500. Linear iter.: 4. Min. area: 0.000148453. Error: 2.87487e-12.
Computing volumes of the grid elements.
Min. volume: 0.000148453, max. volume: 36.6088.

# FGMRES residual history
# Residual tolerance target = 1e-10
# Initial residual norm     = 3.35377e-10
     0     1
# FGMRES final (true) residual:
# Iteration = 4: |res|/|res0| = 2.87487e-12.

Computing volumes of the grid elements.
Non-linear iter.: 365/500. Linear iter.: 4. Min. area: 0.000148453. Error: 2.87487e-12.
Computing volumes of the grid elements.
Min. volume: 0.000148453, max. volume: 36.6088.

# FGMRES residual history
# Residual tolerance target = 1e-10
# Initial residual norm     = 3.35377e-10
     0     1
# FGMRES final (true) residual:
# Iteration = 4: |res|/|res0| = 2.87487e-12.

Computing volumes of the grid elements.
Non-linear iter.: 366/500. Linear iter.: 4. Min. area: 0.000148453. Error: 2.87487e-12.
Computing volumes of the grid elements.
Min. volume: 0.000148453, max. volume: 36.6088.

# FGMRES residual history
# Residual tolerance target = 1e-10
# Initial residual norm     = 3.35378e-10
     0     1
# FGMRES final (true) residual:
# Iteration = 4: |res|/|res0| = 2.87487e-12.

Computing volumes of the grid elements.
Non-linear iter.: 367/500. Linear iter.: 4. Min. area: 0.000148453. Error: 2.87487e-12.
Computing volumes of the grid elements.
Min. volume: 0.000148453, max. volume: 36.6088.

# FGMRES residual history
# Residual tolerance target = 1e-10
# Initial residual norm     = 3.35378e-10
     0     1
# FGMRES final (true) residual:
# Iteration = 4: |res|/|res0| = 2.87487e-12.

Computing volumes of the grid elements.
Non-linear iter.: 368/500. Linear iter.: 4. Min. area: 0.000148453. Error: 2.87487e-12.
Computing volumes of the grid elements.
Min. volume: 0.000148453, max. volume: 36.6088.

# FGMRES residual history
# Residual tolerance target = 1e-10
# Initial residual norm     = 3.35378e-10
     0     1
# FGMRES final (true) residual:
# Iteration = 4: |res|/|res0| = 2.87487e-12.

Computing volumes of the grid elements.
Non-linear iter.: 369/500. Linear iter.: 4. Min. area: 0.000148453. Error: 2.87487e-12.
Computing volumes of the grid elements.
Min. volume: 0.000148453, max. volume: 36.6088.

# FGMRES residual history
# Residual tolerance target = 1e-10
# Initial residual norm     = 3.35379e-10
     0     1
# FGMRES final (true) residual:
# Iteration = 4: |res|/|res0| = 2.87487e-12.

Computing volumes of the grid elements.
Non-linear iter.: 370/500. Linear iter.: 4. Min. area: 0.000148453. Error: 2.87487e-12.
Computing volumes of the grid elements.
Min. volume: 0.000148453, max. volume: 36.6088.

# FGMRES residual history
# Residual tolerance target = 1e-10
# Initial residual norm     = 3.35379e-10
     0     1
# FGMRES final (true) residual:
# Iteration = 4: |res|/|res0| = 2.87487e-12.

Computing volumes of the grid elements.
Non-linear iter.: 371/500. Linear iter.: 4. Min. area: 0.000148453. Error: 2.87487e-12.
Computing volumes of the grid elements.
Min. volume: 0.000148453, max. volume: 36.6088.

# FGMRES residual history
# Residual tolerance target = 1e-10
# Initial residual norm     = 3.35379e-10
     0     1
# FGMRES final (true) residual:
# Iteration = 4: |res|/|res0| = 2.87487e-12.

Computing volumes of the grid elements.
Non-linear iter.: 372/500. Linear iter.: 4. Min. area: 0.000148453. Error: 2.87487e-12.
Computing volumes of the grid elements.
Min. volume: 0.000148453, max. volume: 36.6088.

# FGMRES residual history
# Residual tolerance target = 1e-10
# Initial residual norm     = 3.3538e-10
     0     1
# FGMRES final (true) residual:
# Iteration = 4: |res|/|res0| = 2.87487e-12.

Computing volumes of the grid elements.
Non-linear iter.: 373/500. Linear iter.: 4. Min. area: 0.000148453. Error: 2.87487e-12.
Computing volumes of the grid elements.
Min. volume: 0.000148453, max. volume: 36.6088.

# FGMRES residual history
# Residual tolerance target = 1e-10
# Initial residual norm     = 3.3538e-10
     0     1
# FGMRES final (true) residual:
# Iteration = 4: |res|/|res0| = 2.87488e-12.

Computing volumes of the grid elements.
Non-linear iter.: 374/500. Linear iter.: 4. Min. area: 0.000148453. Error: 2.87488e-12.
Computing volumes of the grid elements.
Min. volume: 0.000148453, max. volume: 36.6088.

# FGMRES residual history
# Residual tolerance target = 1e-10
# Initial residual norm     = 3.3538e-10
     0     1
# FGMRES final (true) residual:
# Iteration = 4: |res|/|res0| = 2.87488e-12.

Computing volumes of the grid elements.
Non-linear iter.: 375/500. Linear iter.: 4. Min. area: 0.000148453. Error: 2.87488e-12.
Computing volumes of the grid elements.
Min. volume: 0.000148453, max. volume: 36.6088.

# FGMRES residual history
# Residual tolerance target = 1e-10
# Initial residual norm     = 3.35381e-10
     0     1
# FGMRES final (true) residual:
# Iteration = 4: |res|/|res0| = 2.87488e-12.

Computing volumes of the grid elements.
Non-linear iter.: 376/500. Linear iter.: 4. Min. area: 0.000148453. Error: 2.87488e-12.
Computing volumes of the grid elements.
Min. volume: 0.000148453, max. volume: 36.6088.

# FGMRES residual history
# Residual tolerance target = 1e-10
# Initial residual norm     = 3.35381e-10
     0     1
# FGMRES final (true) residual:
# Iteration = 4: |res|/|res0| = 2.87488e-12.

Computing volumes of the grid elements.
Non-linear iter.: 377/500. Linear iter.: 4. Min. area: 0.000148453. Error: 2.87488e-12.
Computing volumes of the grid elements.
Min. volume: 0.000148453, max. volume: 36.6088.

# FGMRES residual history
# Residual tolerance target = 1e-10
# Initial residual norm     = 3.35381e-10
     0     1
# FGMRES final (true) residual:
# Iteration = 4: |res|/|res0| = 2.87488e-12.

Computing volumes of the grid elements.
Non-linear iter.: 378/500. Linear iter.: 4. Min. area: 0.000148453. Error: 2.87488e-12.
Computing volumes of the grid elements.
Min. volume: 0.000148453, max. volume: 36.6088.

# FGMRES residual history
# Residual tolerance target = 1e-10
# Initial residual norm     = 3.35382e-10
     0     1
# FGMRES final (true) residual:
# Iteration = 4: |res|/|res0| = 2.87488e-12.

Computing volumes of the grid elements.
Non-linear iter.: 379/500. Linear iter.: 4. Min. area: 0.000148453. Error: 2.87488e-12.
Computing volumes of the grid elements.
Min. volume: 0.000148453, max. volume: 36.6088.

# FGMRES residual history
# Residual tolerance target = 1e-10
# Initial residual norm     = 3.35382e-10
     0     1
# FGMRES final (true) residual:
# Iteration = 4: |res|/|res0| = 2.87488e-12.

Computing volumes of the grid elements.
Non-linear iter.: 380/500. Linear iter.: 4. Min. area: 0.000148453. Error: 2.87488e-12.
Computing volumes of the grid elements.
Min. volume: 0.000148453, max. volume: 36.6088.

# FGMRES residual history
# Residual tolerance target = 1e-10
# Initial residual norm     = 3.35382e-10
     0     1
# FGMRES final (true) residual:
# Iteration = 4: |res|/|res0| = 2.87488e-12.

Computing volumes of the grid elements.
Non-linear iter.: 381/500. Linear iter.: 4. Min. area: 0.000148453. Error: 2.87488e-12.
Computing volumes of the grid elements.
Min. volume: 0.000148453, max. volume: 36.6088.

# FGMRES residual history
# Residual tolerance target = 1e-10
# Initial residual norm     = 3.35383e-10
     0     1
# FGMRES final (true) residual:
# Iteration = 4: |res|/|res0| = 2.87488e-12.

Computing volumes of the grid elements.
Non-linear iter.: 382/500. Linear iter.: 4. Min. area: 0.000148453. Error: 2.87488e-12.
Computing volumes of the grid elements.
Min. volume: 0.000148453, max. volume: 36.6088.

# FGMRES residual history
# Residual tolerance target = 1e-10
# Initial residual norm     = 3.35383e-10
     0     1
# FGMRES final (true) residual:
# Iteration = 4: |res|/|res0| = 2.87488e-12.

Computing volumes of the grid elements.
Non-linear iter.: 383/500. Linear iter.: 4. Min. area: 0.000148453. Error: 2.87488e-12.
Computing volumes of the grid elements.
Min. volume: 0.000148453, max. volume: 36.6088.

# FGMRES residual history
# Residual tolerance target = 1e-10
# Initial residual norm     = 3.35383e-10
     0     1
# FGMRES final (true) residual:
# Iteration = 4: |res|/|res0| = 2.87489e-12.

Computing volumes of the grid elements.
Non-linear iter.: 384/500. Linear iter.: 4. Min. area: 0.000148453. Error: 2.87489e-12.
Computing volumes of the grid elements.
Min. volume: 0.000148453, max. volume: 36.6088.

# FGMRES residual history
# Residual tolerance target = 1e-10
# Initial residual norm     = 3.35384e-10
     0     1
# FGMRES final (true) residual:
# Iteration = 4: |res|/|res0| = 2.87489e-12.

Computing volumes of the grid elements.
Non-linear iter.: 385/500. Linear iter.: 4. Min. area: 0.000148453. Error: 2.87489e-12.
Computing volumes of the grid elements.
Min. volume: 0.000148453, max. volume: 36.6088.

# FGMRES residual history
# Residual tolerance target = 1e-10
# Initial residual norm     = 3.35384e-10
     0     1
# FGMRES final (true) residual:
# Iteration = 4: |res|/|res0| = 2.87489e-12.

Computing volumes of the grid elements.
Non-linear iter.: 386/500. Linear iter.: 4. Min. area: 0.000148453. Error: 2.87489e-12.
Computing volumes of the grid elements.
Min. volume: 0.000148453, max. volume: 36.6088.

# FGMRES residual history
# Residual tolerance target = 1e-10
# Initial residual norm     = 3.35384e-10
     0     1
# FGMRES final (true) residual:
# Iteration = 4: |res|/|res0| = 2.87489e-12.

Computing volumes of the grid elements.
Non-linear iter.: 387/500. Linear iter.: 4. Min. area: 0.000148453. Error: 2.87489e-12.
Computing volumes of the grid elements.
Min. volume: 0.000148453, max. volume: 36.6088.

# FGMRES residual history
# Residual tolerance target = 1e-10
# Initial residual norm     = 3.35385e-10
     0     1
# FGMRES final (true) residual:
# Iteration = 4: |res|/|res0| = 2.87489e-12.

Computing volumes of the grid elements.
Non-linear iter.: 388/500. Linear iter.: 4. Min. area: 0.000148453. Error: 2.87489e-12.
Computing volumes of the grid elements.
Min. volume: 0.000148453, max. volume: 36.6088.

# FGMRES residual history
# Residual tolerance target = 1e-10
# Initial residual norm     = 3.35385e-10
     0     1
# FGMRES final (true) residual:
# Iteration = 4: |res|/|res0| = 2.87489e-12.

Computing volumes of the grid elements.
Non-linear iter.: 389/500. Linear iter.: 4. Min. area: 0.000148453. Error: 2.87489e-12.
Computing volumes of the grid elements.
Min. volume: 0.000148453, max. volume: 36.6088.

# FGMRES residual history
# Residual tolerance target = 1e-10
# Initial residual norm     = 3.35386e-10
     0     1
# FGMRES final (true) residual:
# Iteration = 4: |res|/|res0| = 2.87489e-12.

Computing volumes of the grid elements.
Non-linear iter.: 390/500. Linear iter.: 4. Min. area: 0.000148453. Error: 2.87489e-12.
Computing volumes of the grid elements.
Min. volume: 0.000148453, max. volume: 36.6088.

# FGMRES residual history
# Residual tolerance target = 1e-10
# Initial residual norm     = 3.35386e-10
     0     1
# FGMRES final (true) residual:
# Iteration = 4: |res|/|res0| = 2.87489e-12.

Computing volumes of the grid elements.
Non-linear iter.: 391/500. Linear iter.: 4. Min. area: 0.000148453. Error: 2.87489e-12.
Computing volumes of the grid elements.
Min. volume: 0.000148453, max. volume: 36.6088.

# FGMRES residual history
# Residual tolerance target = 1e-10
# Initial residual norm     = 3.35386e-10
     0     1
# FGMRES final (true) residual:
# Iteration = 4: |res|/|res0| = 2.87489e-12.

Computing volumes of the grid elements.
Non-linear iter.: 392/500. Linear iter.: 4. Min. area: 0.000148453. Error: 2.87489e-12.
Computing volumes of the grid elements.
Min. volume: 0.000148453, max. volume: 36.6088.

# FGMRES residual history
# Residual tolerance target = 1e-10
# Initial residual norm     = 3.35387e-10
     0     1
# FGMRES final (true) residual:
# Iteration = 4: |res|/|res0| = 2.87489e-12.

Computing volumes of the grid elements.
Non-linear iter.: 393/500. Linear iter.: 4. Min. area: 0.000148453. Error: 2.87489e-12.
Computing volumes of the grid elements.
Min. volume: 0.000148453, max. volume: 36.6088.

# FGMRES residual history
# Residual tolerance target = 1e-10
# Initial residual norm     = 3.35387e-10
     0     1
# FGMRES final (true) residual:
# Iteration = 4: |res|/|res0| = 2.8749e-12.

Computing volumes of the grid elements.
Non-linear iter.: 394/500. Linear iter.: 4. Min. area: 0.000148453. Error: 2.8749e-12.
Computing volumes of the grid elements.
Min. volume: 0.000148453, max. volume: 36.6088.

# FGMRES residual history
# Residual tolerance target = 1e-10
# Initial residual norm     = 3.35387e-10
     0     1
# FGMRES final (true) residual:
# Iteration = 4: |res|/|res0| = 2.8749e-12.

Computing volumes of the grid elements.
Non-linear iter.: 395/500. Linear iter.: 4. Min. area: 0.000148453. Error: 2.8749e-12.
Computing volumes of the grid elements.
Min. volume: 0.000148453, max. volume: 36.6088.

# FGMRES residual history
# Residual tolerance target = 1e-10
# Initial residual norm     = 3.35388e-10
     0     1
# FGMRES final (true) residual:
# Iteration = 4: |res|/|res0| = 2.8749e-12.

Computing volumes of the grid elements.
Non-linear iter.: 396/500. Linear iter.: 4. Min. area: 0.000148453. Error: 2.8749e-12.
Computing volumes of the grid elements.
Min. volume: 0.000148453, max. volume: 36.6088.

# FGMRES residual history
# Residual tolerance target = 1e-10
# Initial residual norm     = 3.35388e-10
     0     1
# FGMRES final (true) residual:
# Iteration = 4: |res|/|res0| = 2.8749e-12.

Computing volumes of the grid elements.
Non-linear iter.: 397/500. Linear iter.: 4. Min. area: 0.000148453. Error: 2.8749e-12.
Computing volumes of the grid elements.
Min. volume: 0.000148453, max. volume: 36.6088.

# FGMRES residual history
# Residual tolerance target = 1e-10
# Initial residual norm     = 3.35388e-10
     0     1
# FGMRES final (true) residual:
# Iteration = 4: |res|/|res0| = 2.8749e-12.

Computing volumes of the grid elements.
Non-linear iter.: 398/500. Linear iter.: 4. Min. area: 0.000148453. Error: 2.8749e-12.
Computing volumes of the grid elements.
Min. volume: 0.000148453, max. volume: 36.6088.

# FGMRES residual history
# Residual tolerance target = 1e-10
# Initial residual norm     = 3.35389e-10
     0     1
# FGMRES final (true) residual:
# Iteration = 4: |res|/|res0| = 2.8749e-12.

Computing volumes of the grid elements.
Non-linear iter.: 399/500. Linear iter.: 4. Min. area: 0.000148453. Error: 2.8749e-12.
Computing volumes of the grid elements.
Min. volume: 0.000148453, max. volume: 36.6088.

# FGMRES residual history
# Residual tolerance target = 1e-10
# Initial residual norm     = 3.35389e-10
     0     1
# FGMRES final (true) residual:
# Iteration = 4: |res|/|res0| = 2.8749e-12.

Computing volumes of the grid elements.
Non-linear iter.: 400/500. Linear iter.: 4. Min. area: 0.000148453. Error: 2.8749e-12.
Computing volumes of the grid elements.
Min. volume: 0.000148453, max. volume: 36.6088.

# FGMRES residual history
# Residual tolerance target = 1e-10
# Initial residual norm     = 3.35389e-10
     0     1
# FGMRES final (true) residual:
# Iteration = 4: |res|/|res0| = 2.8749e-12.

Computing volumes of the grid elements.
Non-linear iter.: 401/500. Linear iter.: 4. Min. area: 0.000148453. Error: 2.8749e-12.
Computing volumes of the grid elements.
Min. volume: 0.000148453, max. volume: 36.6088.

# FGMRES residual history
# Residual tolerance target = 1e-10
# Initial residual norm     = 3.3539e-10
     0     1
# FGMRES final (true) residual:
# Iteration = 4: |res|/|res0| = 2.8749e-12.

Computing volumes of the grid elements.
Non-linear iter.: 402/500. Linear iter.: 4. Min. area: 0.000148453. Error: 2.8749e-12.
Computing volumes of the grid elements.
Min. volume: 0.000148453, max. volume: 36.6088.

# FGMRES residual history
# Residual tolerance target = 1e-10
# Initial residual norm     = 3.3539e-10
     0     1
# FGMRES final (true) residual:
# Iteration = 4: |res|/|res0| = 2.8749e-12.

Computing volumes of the grid elements.
Non-linear iter.: 403/500. Linear iter.: 4. Min. area: 0.000148453. Error: 2.8749e-12.
Computing volumes of the grid elements.
Min. volume: 0.000148453, max. volume: 36.6088.

# FGMRES residual history
# Residual tolerance target = 1e-10
# Initial residual norm     = 3.3539e-10
     0     1
# FGMRES final (true) residual:
# Iteration = 4: |res|/|res0| = 2.87491e-12.

Computing volumes of the grid elements.
Non-linear iter.: 404/500. Linear iter.: 4. Min. area: 0.000148453. Error: 2.87491e-12.
Computing volumes of the grid elements.
Min. volume: 0.000148453, max. volume: 36.6088.

# FGMRES residual history
# Residual tolerance target = 1e-10
# Initial residual norm     = 3.35391e-10
     0     1
# FGMRES final (true) residual:
# Iteration = 4: |res|/|res0| = 2.87491e-12.

Computing volumes of the grid elements.
Non-linear iter.: 405/500. Linear iter.: 4. Min. area: 0.000148453. Error: 2.87491e-12.
Computing volumes of the grid elements.
Min. volume: 0.000148453, max. volume: 36.6088.

# FGMRES residual history
# Residual tolerance target = 1e-10
# Initial residual norm     = 3.35391e-10
     0     1
# FGMRES final (true) residual:
# Iteration = 4: |res|/|res0| = 2.87491e-12.

Computing volumes of the grid elements.
Non-linear iter.: 406/500. Linear iter.: 4. Min. area: 0.000148453. Error: 2.87491e-12.
Computing volumes of the grid elements.
Min. volume: 0.000148453, max. volume: 36.6088.

# FGMRES residual history
# Residual tolerance target = 1e-10
# Initial residual norm     = 3.35391e-10
     0     1
# FGMRES final (true) residual:
# Iteration = 4: |res|/|res0| = 2.87491e-12.

Computing volumes of the grid elements.
Non-linear iter.: 407/500. Linear iter.: 4. Min. area: 0.000148453. Error: 2.87491e-12.
Computing volumes of the grid elements.
Min. volume: 0.000148453, max. volume: 36.6088.

# FGMRES residual history
# Residual tolerance target = 1e-10
# Initial residual norm     = 3.35392e-10
     0     1
# FGMRES final (true) residual:
# Iteration = 4: |res|/|res0| = 2.87491e-12.

Computing volumes of the grid elements.
Non-linear iter.: 408/500. Linear iter.: 4. Min. area: 0.000148453. Error: 2.87491e-12.
Computing volumes of the grid elements.
Min. volume: 0.000148453, max. volume: 36.6088.

# FGMRES residual history
# Residual tolerance target = 1e-10
# Initial residual norm     = 3.35392e-10
     0     1
# FGMRES final (true) residual:
# Iteration = 4: |res|/|res0| = 2.87491e-12.

Computing volumes of the grid elements.
Non-linear iter.: 409/500. Linear iter.: 4. Min. area: 0.000148453. Error: 2.87491e-12.
Computing volumes of the grid elements.
Min. volume: 0.000148453, max. volume: 36.6088.

# FGMRES residual history
# Residual tolerance target = 1e-10
# Initial residual norm     = 3.35392e-10
     0     1
# FGMRES final (true) residual:
# Iteration = 4: |res|/|res0| = 2.87491e-12.

Computing volumes of the grid elements.
Non-linear iter.: 410/500. Linear iter.: 4. Min. area: 0.000148453. Error: 2.87491e-12.
Computing volumes of the grid elements.
Min. volume: 0.000148453, max. volume: 36.6088.

# FGMRES residual history
# Residual tolerance target = 1e-10
# Initial residual norm     = 3.35393e-10
     0     1
# FGMRES final (true) residual:
# Iteration = 4: |res|/|res0| = 2.87491e-12.

Computing volumes of the grid elements.
Non-linear iter.: 411/500. Linear iter.: 4. Min. area: 0.000148453. Error: 2.87491e-12.
Computing volumes of the grid elements.
Min. volume: 0.000148453, max. volume: 36.6088.

# FGMRES residual history
# Residual tolerance target = 1e-10
# Initial residual norm     = 3.35393e-10
     0     1
# FGMRES final (true) residual:
# Iteration = 4: |res|/|res0| = 2.87491e-12.

Computing volumes of the grid elements.
Non-linear iter.: 412/500. Linear iter.: 4. Min. area: 0.000148453. Error: 2.87491e-12.
Computing volumes of the grid elements.
Min. volume: 0.000148453, max. volume: 36.6088.

# FGMRES residual history
# Residual tolerance target = 1e-10
# Initial residual norm     = 3.35393e-10
     0     1
# FGMRES final (true) residual:
# Iteration = 4: |res|/|res0| = 2.87491e-12.

Computing volumes of the grid elements.
Non-linear iter.: 413/500. Linear iter.: 4. Min. area: 0.000148453. Error: 2.87491e-12.
Computing volumes of the grid elements.
Min. volume: 0.000148453, max. volume: 36.6088.

# FGMRES residual history
# Residual tolerance target = 1e-10
# Initial residual norm     = 3.35394e-10
     0     1
# FGMRES final (true) residual:
# Iteration = 4: |res|/|res0| = 2.87492e-12.

Computing volumes of the grid elements.
Non-linear iter.: 414/500. Linear iter.: 4. Min. area: 0.000148453. Error: 2.87492e-12.
Computing volumes of the grid elements.
Min. volume: 0.000148453, max. volume: 36.6088.

# FGMRES residual history
# Residual tolerance target = 1e-10
# Initial residual norm     = 3.35394e-10
     0     1
# FGMRES final (true) residual:
# Iteration = 4: |res|/|res0| = 2.87492e-12.

Computing volumes of the grid elements.
Non-linear iter.: 415/500. Linear iter.: 4. Min. area: 0.000148453. Error: 2.87492e-12.
Computing volumes of the grid elements.
Min. volume: 0.000148453, max. volume: 36.6088.

# FGMRES residual history
# Residual tolerance target = 1e-10
# Initial residual norm     = 3.35394e-10
     0     1
# FGMRES final (true) residual:
# Iteration = 4: |res|/|res0| = 2.87492e-12.

Computing volumes of the grid elements.
Non-linear iter.: 416/500. Linear iter.: 4. Min. area: 0.000148453. Error: 2.87492e-12.
Computing volumes of the grid elements.
Min. volume: 0.000148453, max. volume: 36.6088.

# FGMRES residual history
# Residual tolerance target = 1e-10
# Initial residual norm     = 3.35395e-10
     0     1
# FGMRES final (true) residual:
# Iteration = 4: |res|/|res0| = 2.87492e-12.

Computing volumes of the grid elements.
Non-linear iter.: 417/500. Linear iter.: 4. Min. area: 0.000148453. Error: 2.87492e-12.
Computing volumes of the grid elements.
Min. volume: 0.000148453, max. volume: 36.6089.

# FGMRES residual history
# Residual tolerance target = 1e-10
# Initial residual norm     = 3.35395e-10
     0     1
# FGMRES final (true) residual:
# Iteration = 4: |res|/|res0| = 2.87492e-12.

Computing volumes of the grid elements.
Non-linear iter.: 418/500. Linear iter.: 4. Min. area: 0.000148453. Error: 2.87492e-12.
Computing volumes of the grid elements.
Min. volume: 0.000148453, max. volume: 36.6089.

# FGMRES residual history
# Residual tolerance target = 1e-10
# Initial residual norm     = 3.35396e-10
     0     1
# FGMRES final (true) residual:
# Iteration = 4: |res|/|res0| = 2.87492e-12.

Computing volumes of the grid elements.
Non-linear iter.: 419/500. Linear iter.: 4. Min. area: 0.000148453. Error: 2.87492e-12.
Computing volumes of the grid elements.
Min. volume: 0.000148453, max. volume: 36.6089.

# FGMRES residual history
# Residual tolerance target = 1e-10
# Initial residual norm     = 3.35396e-10
     0     1
# FGMRES final (true) residual:
# Iteration = 4: |res|/|res0| = 2.87492e-12.

Computing volumes of the grid elements.
Non-linear iter.: 420/500. Linear iter.: 4. Min. area: 0.000148453. Error: 2.87492e-12.
Computing volumes of the grid elements.
Min. volume: 0.000148453, max. volume: 36.6089.

# FGMRES residual history
# Residual tolerance target = 1e-10
# Initial residual norm     = 3.35396e-10
     0     1
# FGMRES final (true) residual:
# Iteration = 4: |res|/|res0| = 2.87492e-12.

Computing volumes of the grid elements.
Non-linear iter.: 421/500. Linear iter.: 4. Min. area: 0.000148453. Error: 2.87492e-12.
Computing volumes of the grid elements.
Min. volume: 0.000148453, max. volume: 36.6089.

# FGMRES residual history
# Residual tolerance target = 1e-10
# Initial residual norm     = 3.35397e-10
     0     1
# FGMRES final (true) residual:
# Iteration = 4: |res|/|res0| = 2.87492e-12.

Computing volumes of the grid elements.
Non-linear iter.: 422/500. Linear iter.: 4. Min. area: 0.000148453. Error: 2.87492e-12.
Computing volumes of the grid elements.
Min. volume: 0.000148453, max. volume: 36.6089.

# FGMRES residual history
# Residual tolerance target = 1e-10
# Initial residual norm     = 3.35397e-10
     0     1
# FGMRES final (true) residual:
# Iteration = 4: |res|/|res0| = 2.87492e-12.

Computing volumes of the grid elements.
Non-linear iter.: 423/500. Linear iter.: 4. Min. area: 0.000148453. Error: 2.87492e-12.
Computing volumes of the grid elements.
Min. volume: 0.000148453, max. volume: 36.6089.

# FGMRES residual history
# Residual tolerance target = 1e-10
# Initial residual norm     = 3.35397e-10
     0     1
# FGMRES final (true) residual:
# Iteration = 4: |res|/|res0| = 2.87493e-12.

Computing volumes of the grid elements.
Non-linear iter.: 424/500. Linear iter.: 4. Min. area: 0.000148453. Error: 2.87493e-12.
Computing volumes of the grid elements.
Min. volume: 0.000148453, max. volume: 36.6089.

# FGMRES residual history
# Residual tolerance target = 1e-10
# Initial residual norm     = 3.35398e-10
     0     1
# FGMRES final (true) residual:
# Iteration = 4: |res|/|res0| = 2.87493e-12.

Computing volumes of the grid elements.
Non-linear iter.: 425/500. Linear iter.: 4. Min. area: 0.000148453. Error: 2.87493e-12.
Computing volumes of the grid elements.
Min. volume: 0.000148453, max. volume: 36.6089.

# FGMRES residual history
# Residual tolerance target = 1e-10
# Initial residual norm     = 3.35398e-10
     0     1
# FGMRES final (true) residual:
# Iteration = 4: |res|/|res0| = 2.87493e-12.

Computing volumes of the grid elements.
Non-linear iter.: 426/500. Linear iter.: 4. Min. area: 0.000148453. Error: 2.87493e-12.
Computing volumes of the grid elements.
Min. volume: 0.000148453, max. volume: 36.6089.

# FGMRES residual history
# Residual tolerance target = 1e-10
# Initial residual norm     = 3.35398e-10
     0     1
# FGMRES final (true) residual:
# Iteration = 4: |res|/|res0| = 2.87493e-12.

Computing volumes of the grid elements.
Non-linear iter.: 427/500. Linear iter.: 4. Min. area: 0.000148453. Error: 2.87493e-12.
Computing volumes of the grid elements.
Min. volume: 0.000148453, max. volume: 36.6089.

# FGMRES residual history
# Residual tolerance target = 1e-10
# Initial residual norm     = 3.35399e-10
     0     1
# FGMRES final (true) residual:
# Iteration = 4: |res|/|res0| = 2.87493e-12.

Computing volumes of the grid elements.
Non-linear iter.: 428/500. Linear iter.: 4. Min. area: 0.000148453. Error: 2.87493e-12.
Computing volumes of the grid elements.
Min. volume: 0.000148453, max. volume: 36.6089.

# FGMRES residual history
# Residual tolerance target = 1e-10
# Initial residual norm     = 3.35399e-10
     0     1
# FGMRES final (true) residual:
# Iteration = 4: |res|/|res0| = 2.87493e-12.

Computing volumes of the grid elements.
Non-linear iter.: 429/500. Linear iter.: 4. Min. area: 0.000148453. Error: 2.87493e-12.
Computing volumes of the grid elements.
Min. volume: 0.000148453, max. volume: 36.6089.

# FGMRES residual history
# Residual tolerance target = 1e-10
# Initial residual norm     = 3.35399e-10
     0     1
# FGMRES final (true) residual:
# Iteration = 4: |res|/|res0| = 2.87493e-12.

Computing volumes of the grid elements.
Non-linear iter.: 430/500. Linear iter.: 4. Min. area: 0.000148453. Error: 2.87493e-12.
Computing volumes of the grid elements.
Min. volume: 0.000148453, max. volume: 36.6089.

# FGMRES residual history
# Residual tolerance target = 1e-10
# Initial residual norm     = 3.354e-10
     0     1
# FGMRES final (true) residual:
# Iteration = 4: |res|/|res0| = 2.87493e-12.

Computing volumes of the grid elements.
Non-linear iter.: 431/500. Linear iter.: 4. Min. area: 0.000148453. Error: 2.87493e-12.
Computing volumes of the grid elements.
Min. volume: 0.000148453, max. volume: 36.6089.

# FGMRES residual history
# Residual tolerance target = 1e-10
# Initial residual norm     = 3.354e-10
     0     1
# FGMRES final (true) residual:
# Iteration = 4: |res|/|res0| = 2.87493e-12.

Computing volumes of the grid elements.
Non-linear iter.: 432/500. Linear iter.: 4. Min. area: 0.000148453. Error: 2.87493e-12.
Computing volumes of the grid elements.
Min. volume: 0.000148453, max. volume: 36.6089.

# FGMRES residual history
# Residual tolerance target = 1e-10
# Initial residual norm     = 3.354e-10
     0     1
# FGMRES final (true) residual:
# Iteration = 4: |res|/|res0| = 2.87493e-12.

Computing volumes of the grid elements.
Non-linear iter.: 433/500. Linear iter.: 4. Min. area: 0.000148453. Error: 2.87493e-12.
Computing volumes of the grid elements.
Min. volume: 0.000148453, max. volume: 36.6089.

# FGMRES residual history
# Residual tolerance target = 1e-10
# Initial residual norm     = 3.35401e-10
     0     1
# FGMRES final (true) residual:
# Iteration = 4: |res|/|res0| = 2.87494e-12.

Computing volumes of the grid elements.
Non-linear iter.: 434/500. Linear iter.: 4. Min. area: 0.000148453. Error: 2.87494e-12.
Computing volumes of the grid elements.
Min. volume: 0.000148453, max. volume: 36.6089.

# FGMRES residual history
# Residual tolerance target = 1e-10
# Initial residual norm     = 3.35401e-10
     0     1
# FGMRES final (true) residual:
# Iteration = 4: |res|/|res0| = 2.87494e-12.

Computing volumes of the grid elements.
Non-linear iter.: 435/500. Linear iter.: 4. Min. area: 0.000148453. Error: 2.87494e-12.
Computing volumes of the grid elements.
Min. volume: 0.000148453, max. volume: 36.6089.

# FGMRES residual history
# Residual tolerance target = 1e-10
# Initial residual norm     = 3.35401e-10
     0     1
# FGMRES final (true) residual:
# Iteration = 4: |res|/|res0| = 2.87494e-12.

Computing volumes of the grid elements.
Non-linear iter.: 436/500. Linear iter.: 4. Min. area: 0.000148453. Error: 2.87494e-12.
Computing volumes of the grid elements.
Min. volume: 0.000148453, max. volume: 36.6089.

# FGMRES residual history
# Residual tolerance target = 1e-10
# Initial residual norm     = 3.35402e-10
     0     1
# FGMRES final (true) residual:
# Iteration = 4: |res|/|res0| = 2.87494e-12.

Computing volumes of the grid elements.
Non-linear iter.: 437/500. Linear iter.: 4. Min. area: 0.000148453. Error: 2.87494e-12.
Computing volumes of the grid elements.
Min. volume: 0.000148453, max. volume: 36.6089.

# FGMRES residual history
# Residual tolerance target = 1e-10
# Initial residual norm     = 3.35402e-10
     0     1
# FGMRES final (true) residual:
# Iteration = 4: |res|/|res0| = 2.87494e-12.

Computing volumes of the grid elements.
Non-linear iter.: 438/500. Linear iter.: 4. Min. area: 0.000148453. Error: 2.87494e-12.
Computing volumes of the grid elements.
Min. volume: 0.000148453, max. volume: 36.6089.

# FGMRES residual history
# Residual tolerance target = 1e-10
# Initial residual norm     = 3.35402e-10
     0     1
# FGMRES final (true) residual:
# Iteration = 4: |res|/|res0| = 2.87494e-12.

Computing volumes of the grid elements.
Non-linear iter.: 439/500. Linear iter.: 4. Min. area: 0.000148453. Error: 2.87494e-12.
Computing volumes of the grid elements.
Min. volume: 0.000148453, max. volume: 36.6089.

# FGMRES residual history
# Residual tolerance target = 1e-10
# Initial residual norm     = 3.35403e-10
     0     1
# FGMRES final (true) residual:
# Iteration = 4: |res|/|res0| = 2.87494e-12.

Computing volumes of the grid elements.
Non-linear iter.: 440/500. Linear iter.: 4. Min. area: 0.000148453. Error: 2.87494e-12.
Computing volumes of the grid elements.
Min. volume: 0.000148453, max. volume: 36.6089.

# FGMRES residual history
# Residual tolerance target = 1e-10
# Initial residual norm     = 3.35403e-10
     0     1
# FGMRES final (true) residual:
# Iteration = 4: |res|/|res0| = 2.87494e-12.

Computing volumes of the grid elements.
Non-linear iter.: 441/500. Linear iter.: 4. Min. area: 0.000148453. Error: 2.87494e-12.
Computing volumes of the grid elements.
Min. volume: 0.000148453, max. volume: 36.6089.

# FGMRES residual history
# Residual tolerance target = 1e-10
# Initial residual norm     = 3.35403e-10
     0     1
# FGMRES final (true) residual:
# Iteration = 4: |res|/|res0| = 2.87494e-12.

Computing volumes of the grid elements.
Non-linear iter.: 442/500. Linear iter.: 4. Min. area: 0.000148453. Error: 2.87494e-12.
Computing volumes of the grid elements.
Min. volume: 0.000148453, max. volume: 36.6089.

# FGMRES residual history
# Residual tolerance target = 1e-10
# Initial residual norm     = 3.35404e-10
     0     1
# FGMRES final (true) residual:
# Iteration = 4: |res|/|res0| = 2.87494e-12.

Computing volumes of the grid elements.
Non-linear iter.: 443/500. Linear iter.: 4. Min. area: 0.000148453. Error: 2.87494e-12.
Computing volumes of the grid elements.
Min. volume: 0.000148453, max. volume: 36.6089.

# FGMRES residual history
# Residual tolerance target = 1e-10
# Initial residual norm     = 3.35404e-10
     0     1
# FGMRES final (true) residual:
# Iteration = 4: |res|/|res0| = 2.87495e-12.

Computing volumes of the grid elements.
Non-linear iter.: 444/500. Linear iter.: 4. Min. area: 0.000148453. Error: 2.87495e-12.
Computing volumes of the grid elements.
Min. volume: 0.000148453, max. volume: 36.6089.

# FGMRES residual history
# Residual tolerance target = 1e-10
# Initial residual norm     = 3.35404e-10
     0     1
# FGMRES final (true) residual:
# Iteration = 4: |res|/|res0| = 2.87495e-12.

Computing volumes of the grid elements.
Non-linear iter.: 445/500. Linear iter.: 4. Min. area: 0.000148453. Error: 2.87495e-12.
Computing volumes of the grid elements.
Min. volume: 0.000148453, max. volume: 36.6089.

# FGMRES residual history
# Residual tolerance target = 1e-10
# Initial residual norm     = 3.35405e-10
     0     1
# FGMRES final (true) residual:
# Iteration = 4: |res|/|res0| = 2.87495e-12.

Computing volumes of the grid elements.
Non-linear iter.: 446/500. Linear iter.: 4. Min. area: 0.000148453. Error: 2.87495e-12.
Computing volumes of the grid elements.
Min. volume: 0.000148453, max. volume: 36.6089.

# FGMRES residual history
# Residual tolerance target = 1e-10
# Initial residual norm     = 3.35405e-10
     0     1
# FGMRES final (true) residual:
# Iteration = 4: |res|/|res0| = 2.87495e-12.

Computing volumes of the grid elements.
Non-linear iter.: 447/500. Linear iter.: 4. Min. area: 0.000148453. Error: 2.87495e-12.
Computing volumes of the grid elements.
Min. volume: 0.000148453, max. volume: 36.6089.

# FGMRES residual history
# Residual tolerance target = 1e-10
# Initial residual norm     = 3.35406e-10
     0     1
# FGMRES final (true) residual:
# Iteration = 4: |res|/|res0| = 2.87495e-12.

Computing volumes of the grid elements.
Non-linear iter.: 448/500. Linear iter.: 4. Min. area: 0.000148453. Error: 2.87495e-12.
Computing volumes of the grid elements.
Min. volume: 0.000148453, max. volume: 36.6089.

# FGMRES residual history
# Residual tolerance target = 1e-10
# Initial residual norm     = 3.35406e-10
     0     1
# FGMRES final (true) residual:
# Iteration = 4: |res|/|res0| = 2.87495e-12.

Computing volumes of the grid elements.
Non-linear iter.: 449/500. Linear iter.: 4. Min. area: 0.000148453. Error: 2.87495e-12.
Computing volumes of the grid elements.
Min. volume: 0.000148453, max. volume: 36.6089.

# FGMRES residual history
# Residual tolerance target = 1e-10
# Initial residual norm     = 3.35406e-10
     0     1
# FGMRES final (true) residual:
# Iteration = 4: |res|/|res0| = 2.87495e-12.

Computing volumes of the grid elements.
Non-linear iter.: 450/500. Linear iter.: 4. Min. area: 0.000148453. Error: 2.87495e-12.
Computing volumes of the grid elements.
Min. volume: 0.000148453, max. volume: 36.6089.

# FGMRES residual history
# Residual tolerance target = 1e-10
# Initial residual norm     = 3.35407e-10
     0     1
# FGMRES final (true) residual:
# Iteration = 4: |res|/|res0| = 2.87495e-12.

Computing volumes of the grid elements.
Non-linear iter.: 451/500. Linear iter.: 4. Min. area: 0.000148453. Error: 2.87495e-12.
Computing volumes of the grid elements.
Min. volume: 0.000148453, max. volume: 36.6089.

# FGMRES residual history
# Residual tolerance target = 1e-10
# Initial residual norm     = 3.35407e-10
     0     1
# FGMRES final (true) residual:
# Iteration = 4: |res|/|res0| = 2.87495e-12.

Computing volumes of the grid elements.
Non-linear iter.: 452/500. Linear iter.: 4. Min. area: 0.000148453. Error: 2.87495e-12.
Computing volumes of the grid elements.
Min. volume: 0.000148453, max. volume: 36.6089.

# FGMRES residual history
# Residual tolerance target = 1e-10
# Initial residual norm     = 3.35407e-10
     0     1
# FGMRES final (true) residual:
# Iteration = 4: |res|/|res0| = 2.87495e-12.

Computing volumes of the grid elements.
Non-linear iter.: 453/500. Linear iter.: 4. Min. area: 0.000148453. Error: 2.87495e-12.
Computing volumes of the grid elements.
Min. volume: 0.000148453, max. volume: 36.6089.

# FGMRES residual history
# Residual tolerance target = 1e-10
# Initial residual norm     = 3.35408e-10
     0     1
# FGMRES final (true) residual:
# Iteration = 4: |res|/|res0| = 2.87496e-12.

Computing volumes of the grid elements.
Non-linear iter.: 454/500. Linear iter.: 4. Min. area: 0.000148453. Error: 2.87496e-12.
Computing volumes of the grid elements.
Min. volume: 0.000148453, max. volume: 36.6089.

# FGMRES residual history
# Residual tolerance target = 1e-10
# Initial residual norm     = 3.35408e-10
     0     1
# FGMRES final (true) residual:
# Iteration = 4: |res|/|res0| = 2.87496e-12.

Computing volumes of the grid elements.
Non-linear iter.: 455/500. Linear iter.: 4. Min. area: 0.000148453. Error: 2.87496e-12.
Computing volumes of the grid elements.
Min. volume: 0.000148453, max. volume: 36.6089.

# FGMRES residual history
# Residual tolerance target = 1e-10
# Initial residual norm     = 3.35408e-10
     0     1
# FGMRES final (true) residual:
# Iteration = 4: |res|/|res0| = 2.87496e-12.

Computing volumes of the grid elements.
Non-linear iter.: 456/500. Linear iter.: 4. Min. area: 0.000148453. Error: 2.87496e-12.
Computing volumes of the grid elements.
Min. volume: 0.000148453, max. volume: 36.6089.

# FGMRES residual history
# Residual tolerance target = 1e-10
# Initial residual norm     = 3.35409e-10
     0     1
# FGMRES final (true) residual:
# Iteration = 4: |res|/|res0| = 2.87496e-12.

Computing volumes of the grid elements.
Non-linear iter.: 457/500. Linear iter.: 4. Min. area: 0.000148453. Error: 2.87496e-12.
Computing volumes of the grid elements.
Min. volume: 0.000148453, max. volume: 36.6089.

# FGMRES residual history
# Residual tolerance target = 1e-10
# Initial residual norm     = 3.35409e-10
     0     1
# FGMRES final (true) residual:
# Iteration = 4: |res|/|res0| = 2.87496e-12.

Computing volumes of the grid elements.
Non-linear iter.: 458/500. Linear iter.: 4. Min. area: 0.000148453. Error: 2.87496e-12.
Computing volumes of the grid elements.
Min. volume: 0.000148453, max. volume: 36.6089.

# FGMRES residual history
# Residual tolerance target = 1e-10
# Initial residual norm     = 3.35409e-10
     0     1
# FGMRES final (true) residual:
# Iteration = 4: |res|/|res0| = 2.87496e-12.

Computing volumes of the grid elements.
Non-linear iter.: 459/500. Linear iter.: 4. Min. area: 0.000148453. Error: 2.87496e-12.
Computing volumes of the grid elements.
Min. volume: 0.000148453, max. volume: 36.6089.

# FGMRES residual history
# Residual tolerance target = 1e-10
# Initial residual norm     = 3.3541e-10
     0     1
# FGMRES final (true) residual:
# Iteration = 4: |res|/|res0| = 2.87496e-12.

Computing volumes of the grid elements.
Non-linear iter.: 460/500. Linear iter.: 4. Min. area: 0.000148453. Error: 2.87496e-12.
Computing volumes of the grid elements.
Min. volume: 0.000148453, max. volume: 36.6089.

# FGMRES residual history
# Residual tolerance target = 1e-10
# Initial residual norm     = 3.3541e-10
     0     1
# FGMRES final (true) residual:
# Iteration = 4: |res|/|res0| = 2.87496e-12.

Computing volumes of the grid elements.
Non-linear iter.: 461/500. Linear iter.: 4. Min. area: 0.000148453. Error: 2.87496e-12.
Computing volumes of the grid elements.
Min. volume: 0.000148453, max. volume: 36.6089.

# FGMRES residual history
# Residual tolerance target = 1e-10
# Initial residual norm     = 3.3541e-10
     0     1
# FGMRES final (true) residual:
# Iteration = 4: |res|/|res0| = 2.87496e-12.

Computing volumes of the grid elements.
Non-linear iter.: 462/500. Linear iter.: 4. Min. area: 0.000148453. Error: 2.87496e-12.
Computing volumes of the grid elements.
Min. volume: 0.000148453, max. volume: 36.6089.

# FGMRES residual history
# Residual tolerance target = 1e-10
# Initial residual norm     = 3.35411e-10
     0     1
# FGMRES final (true) residual:
# Iteration = 4: |res|/|res0| = 2.87496e-12.

Computing volumes of the grid elements.
Non-linear iter.: 463/500. Linear iter.: 4. Min. area: 0.000148453. Error: 2.87496e-12.
Computing volumes of the grid elements.
Min. volume: 0.000148453, max. volume: 36.6089.

# FGMRES residual history
# Residual tolerance target = 1e-10
# Initial residual norm     = 3.35411e-10
     0     1
# FGMRES final (true) residual:
# Iteration = 4: |res|/|res0| = 2.87497e-12.

Computing volumes of the grid elements.
Non-linear iter.: 464/500. Linear iter.: 4. Min. area: 0.000148453. Error: 2.87497e-12.
Computing volumes of the grid elements.
Min. volume: 0.000148453, max. volume: 36.6089.

# FGMRES residual history
# Residual tolerance target = 1e-10
# Initial residual norm     = 3.35411e-10
     0     1
# FGMRES final (true) residual:
# Iteration = 4: |res|/|res0| = 2.87497e-12.

Computing volumes of the grid elements.
Non-linear iter.: 465/500. Linear iter.: 4. Min. area: 0.000148453. Error: 2.87497e-12.
Computing volumes of the grid elements.
Min. volume: 0.000148453, max. volume: 36.6089.

# FGMRES residual history
# Residual tolerance target = 1e-10
# Initial residual norm     = 3.35412e-10
     0     1
# FGMRES final (true) residual:
# Iteration = 4: |res|/|res0| = 2.87497e-12.

Computing volumes of the grid elements.
Non-linear iter.: 466/500. Linear iter.: 4. Min. area: 0.000148453. Error: 2.87497e-12.
Computing volumes of the grid elements.
Min. volume: 0.000148453, max. volume: 36.6089.

# FGMRES residual history
# Residual tolerance target = 1e-10
# Initial residual norm     = 3.35412e-10
     0     1
# FGMRES final (true) residual:
# Iteration = 4: |res|/|res0| = 2.87497e-12.

Computing volumes of the grid elements.
Non-linear iter.: 467/500. Linear iter.: 4. Min. area: 0.000148453. Error: 2.87497e-12.
Computing volumes of the grid elements.
Min. volume: 0.000148453, max. volume: 36.6089.

# FGMRES residual history
# Residual tolerance target = 1e-10
# Initial residual norm     = 3.35412e-10
     0     1
# FGMRES final (true) residual:
# Iteration = 4: |res|/|res0| = 2.87497e-12.

Computing volumes of the grid elements.
Non-linear iter.: 468/500. Linear iter.: 4. Min. area: 0.000148453. Error: 2.87497e-12.
Computing volumes of the grid elements.
Min. volume: 0.000148453, max. volume: 36.6089.

# FGMRES residual history
# Residual tolerance target = 1e-10
# Initial residual norm     = 3.35413e-10
     0     1
# FGMRES final (true) residual:
# Iteration = 4: |res|/|res0| = 2.87497e-12.

Computing volumes of the grid elements.
Non-linear iter.: 469/500. Linear iter.: 4. Min. area: 0.000148453. Error: 2.87497e-12.
Computing volumes of the grid elements.
Min. volume: 0.000148453, max. volume: 36.6089.

# FGMRES residual history
# Residual tolerance target = 1e-10
# Initial residual norm     = 3.35413e-10
     0     1
# FGMRES final (true) residual:
# Iteration = 4: |res|/|res0| = 2.87497e-12.

Computing volumes of the grid elements.
Non-linear iter.: 470/500. Linear iter.: 4. Min. area: 0.000148453. Error: 2.87497e-12.
Computing volumes of the grid elements.
Min. volume: 0.000148453, max. volume: 36.6089.

# FGMRES residual history
# Residual tolerance target = 1e-10
# Initial residual norm     = 3.35413e-10
     0     1
# FGMRES final (true) residual:
# Iteration = 4: |res|/|res0| = 2.87497e-12.

Computing volumes of the grid elements.
Non-linear iter.: 471/500. Linear iter.: 4. Min. area: 0.000148453. Error: 2.87497e-12.
Computing volumes of the grid elements.
Min. volume: 0.000148453, max. volume: 36.6089.

# FGMRES residual history
# Residual tolerance target = 1e-10
# Initial residual norm     = 3.35414e-10
     0     1
# FGMRES final (true) residual:
# Iteration = 4: |res|/|res0| = 2.87497e-12.

Computing volumes of the grid elements.
Non-linear iter.: 472/500. Linear iter.: 4. Min. area: 0.000148453. Error: 2.87497e-12.
Computing volumes of the grid elements.
Min. volume: 0.000148453, max. volume: 36.6089.

# FGMRES residual history
# Residual tolerance target = 1e-10
# Initial residual norm     = 3.35414e-10
     0     1
# FGMRES final (true) residual:
# Iteration = 4: |res|/|res0| = 2.87497e-12.

Computing volumes of the grid elements.
Non-linear iter.: 473/500. Linear iter.: 4. Min. area: 0.000148453. Error: 2.87497e-12.
Computing volumes of the grid elements.
Min. volume: 0.000148453, max. volume: 36.6089.

# FGMRES residual history
# Residual tolerance target = 1e-10
# Initial residual norm     = 3.35415e-10
     0     1
# FGMRES final (true) residual:
# Iteration = 4: |res|/|res0| = 2.87498e-12.

Computing volumes of the grid elements.
Non-linear iter.: 474/500. Linear iter.: 4. Min. area: 0.000148453. Error: 2.87498e-12.
Computing volumes of the grid elements.
Min. volume: 0.000148453, max. volume: 36.6089.

# FGMRES residual history
# Residual tolerance target = 1e-10
# Initial residual norm     = 3.35415e-10
     0     1
# FGMRES final (true) residual:
# Iteration = 4: |res|/|res0| = 2.87498e-12.

Computing volumes of the grid elements.
Non-linear iter.: 475/500. Linear iter.: 4. Min. area: 0.000148453. Error: 2.87498e-12.
Computing volumes of the grid elements.
Min. volume: 0.000148453, max. volume: 36.6089.

# FGMRES residual history
# Residual tolerance target = 1e-10
# Initial residual norm     = 3.35415e-10
     0     1
# FGMRES final (true) residual:
# Iteration = 4: |res|/|res0| = 2.87498e-12.

Computing volumes of the grid elements.
Non-linear iter.: 476/500. Linear iter.: 4. Min. area: 0.000148453. Error: 2.87498e-12.
Computing volumes of the grid elements.
Min. volume: 0.000148453, max. volume: 36.6089.

# FGMRES residual history
# Residual tolerance target = 1e-10
# Initial residual norm     = 3.35416e-10
     0     1
# FGMRES final (true) residual:
# Iteration = 4: |res|/|res0| = 2.87498e-12.

Computing volumes of the grid elements.
Non-linear iter.: 477/500. Linear iter.: 4. Min. area: 0.000148453. Error: 2.87498e-12.
Computing volumes of the grid elements.
Min. volume: 0.000148453, max. volume: 36.6089.

# FGMRES residual history
# Residual tolerance target = 1e-10
# Initial residual norm     = 3.35416e-10
     0     1
# FGMRES final (true) residual:
# Iteration = 4: |res|/|res0| = 2.87498e-12.

Computing volumes of the grid elements.
Non-linear iter.: 478/500. Linear iter.: 4. Min. area: 0.000148453. Error: 2.87498e-12.
Computing volumes of the grid elements.
Min. volume: 0.000148453, max. volume: 36.6089.

# FGMRES residual history
# Residual tolerance target = 1e-10
# Initial residual norm     = 3.35416e-10
     0     1
# FGMRES final (true) residual:
# Iteration = 4: |res|/|res0| = 2.87498e-12.

Computing volumes of the grid elements.
Non-linear iter.: 479/500. Linear iter.: 4. Min. area: 0.000148453. Error: 2.87498e-12.
Computing volumes of the grid elements.
Min. volume: 0.000148453, max. volume: 36.6089.

# FGMRES residual history
# Residual tolerance target = 1e-10
# Initial residual norm     = 3.35417e-10
     0     1
# FGMRES final (true) residual:
# Iteration = 4: |res|/|res0| = 2.87498e-12.

Computing volumes of the grid elements.
Non-linear iter.: 480/500. Linear iter.: 4. Min. area: 0.000148453. Error: 2.87498e-12.
Computing volumes of the grid elements.
Min. volume: 0.000148453, max. volume: 36.6089.

# FGMRES residual history
# Residual tolerance target = 1e-10
# Initial residual norm     = 3.35417e-10
     0     1
# FGMRES final (true) residual:
# Iteration = 4: |res|/|res0| = 2.87498e-12.

Computing volumes of the grid elements.
Non-linear iter.: 481/500. Linear iter.: 4. Min. area: 0.000148453. Error: 2.87498e-12.
Computing volumes of the grid elements.
Min. volume: 0.000148453, max. volume: 36.6089.

# FGMRES residual history
# Residual tolerance target = 1e-10
# Initial residual norm     = 3.35417e-10
     0     1
# FGMRES final (true) residual:
# Iteration = 4: |res|/|res0| = 2.87498e-12.

Computing volumes of the grid elements.
Non-linear iter.: 482/500. Linear iter.: 4. Min. area: 0.000148453. Error: 2.87498e-12.
Computing volumes of the grid elements.
Min. volume: 0.000148453, max. volume: 36.6089.

# FGMRES residual history
# Residual tolerance target = 1e-10
# Initial residual norm     = 3.35418e-10
     0     1
# FGMRES final (true) residual:
# Iteration = 4: |res|/|res0| = 2.87498e-12.

Computing volumes of the grid elements.
Non-linear iter.: 483/500. Linear iter.: 4. Min. area: 0.000148453. Error: 2.87498e-12.
Computing volumes of the grid elements.
Min. volume: 0.000148453, max. volume: 36.6089.

# FGMRES residual history
# Residual tolerance target = 1e-10
# Initial residual norm     = 3.35418e-10
     0     1
# FGMRES final (true) residual:
# Iteration = 4: |res|/|res0| = 2.87499e-12.

Computing volumes of the grid elements.
Non-linear iter.: 484/500. Linear iter.: 4. Min. area: 0.000148453. Error: 2.87499e-12.
Computing volumes of the grid elements.
Min. volume: 0.000148453, max. volume: 36.6089.

# FGMRES residual history
# Residual tolerance target = 1e-10
# Initial residual norm     = 3.35418e-10
     0     1
# FGMRES final (true) residual:
# Iteration = 4: |res|/|res0| = 2.87499e-12.

Computing volumes of the grid elements.
Non-linear iter.: 485/500. Linear iter.: 4. Min. area: 0.000148453. Error: 2.87499e-12.
Computing volumes of the grid elements.
Min. volume: 0.000148453, max. volume: 36.6089.

# FGMRES residual history
# Residual tolerance target = 1e-10
# Initial residual norm     = 3.35419e-10
     0     1
# FGMRES final (true) residual:
# Iteration = 4: |res|/|res0| = 2.87499e-12.

Computing volumes of the grid elements.
Non-linear iter.: 486/500. Linear iter.: 4. Min. area: 0.000148453. Error: 2.87499e-12.
Computing volumes of the grid elements.
Min. volume: 0.000148453, max. volume: 36.6089.

# FGMRES residual history
# Residual tolerance target = 1e-10
# Initial residual norm     = 3.35419e-10
     0     1
# FGMRES final (true) residual:
# Iteration = 4: |res|/|res0| = 2.87499e-12.

Computing volumes of the grid elements.
Non-linear iter.: 487/500. Linear iter.: 4. Min. area: 0.000148453. Error: 2.87499e-12.
Computing volumes of the grid elements.
Min. volume: 0.000148453, max. volume: 36.6089.

# FGMRES residual history
# Residual tolerance target = 1e-10
# Initial residual norm     = 3.35419e-10
     0     1
# FGMRES final (true) residual:
# Iteration = 4: |res|/|res0| = 2.87499e-12.

Computing volumes of the grid elements.
Non-linear iter.: 488/500. Linear iter.: 4. Min. area: 0.000148453. Error: 2.87499e-12.
Computing volumes of the grid elements.
Min. volume: 0.000148453, max. volume: 36.6089.

# FGMRES residual history
# Residual tolerance target = 1e-10
# Initial residual norm     = 3.3542e-10
     0     1
# FGMRES final (true) residual:
# Iteration = 4: |res|/|res0| = 2.87499e-12.

Computing volumes of the grid elements.
Non-linear iter.: 489/500. Linear iter.: 4. Min. area: 0.000148453. Error: 2.87499e-12.
Computing volumes of the grid elements.
Min. volume: 0.000148453, max. volume: 36.6089.

# FGMRES residual history
# Residual tolerance target = 1e-10
# Initial residual norm     = 3.3542e-10
     0     1
# FGMRES final (true) residual:
# Iteration = 4: |res|/|res0| = 2.87499e-12.

Computing volumes of the grid elements.
Non-linear iter.: 490/500. Linear iter.: 4. Min. area: 0.000148453. Error: 2.87499e-12.
Computing volumes of the grid elements.
Min. volume: 0.000148453, max. volume: 36.6089.

# FGMRES residual history
# Residual tolerance target = 1e-10
# Initial residual norm     = 3.3542e-10
     0     1
# FGMRES final (true) residual:
# Iteration = 4: |res|/|res0| = 2.87499e-12.

Computing volumes of the grid elements.
Non-linear iter.: 491/500. Linear iter.: 4. Min. area: 0.000148453. Error: 2.87499e-12.
Computing volumes of the grid elements.
Min. volume: 0.000148453, max. volume: 36.6089.

# FGMRES residual history
# Residual tolerance target = 1e-10
# Initial residual norm     = 3.35421e-10
     0     1
# FGMRES final (true) residual:
# Iteration = 4: |res|/|res0| = 2.87499e-12.

Computing volumes of the grid elements.
Non-linear iter.: 492/500. Linear iter.: 4. Min. area: 0.000148453. Error: 2.87499e-12.
Computing volumes of the grid elements.
Min. volume: 0.000148453, max. volume: 36.6089.

# FGMRES residual history
# Residual tolerance target = 1e-10
# Initial residual norm     = 3.35421e-10
     0     1
# FGMRES final (true) residual:
# Iteration = 4: |res|/|res0| = 2.87499e-12.

Computing volumes of the grid elements.
Non-linear iter.: 493/500. Linear iter.: 4. Min. area: 0.000148453. Error: 2.87499e-12.
Computing volumes of the grid elements.
Min. volume: 0.000148453, max. volume: 36.6089.

# FGMRES residual history
# Residual tolerance target = 1e-10
# Initial residual norm     = 3.35421e-10
     0     1
# FGMRES final (true) residual:
# Iteration = 4: |res|/|res0| = 2.875e-12.

Computing volumes of the grid elements.
Non-linear iter.: 494/500. Linear iter.: 4. Min. area: 0.000148453. Error: 2.875e-12.
Computing volumes of the grid elements.
Min. volume: 0.000148453, max. volume: 36.6089.

# FGMRES residual history
# Residual tolerance target = 1e-10
# Initial residual norm     = 3.35422e-10
     0     1
# FGMRES final (true) residual:
# Iteration = 4: |res|/|res0| = 2.875e-12.

Computing volumes of the grid elements.
Non-linear iter.: 495/500. Linear iter.: 4. Min. area: 0.000148453. Error: 2.875e-12.
Computing volumes of the grid elements.
Min. volume: 0.000148453, max. volume: 36.6089.

# FGMRES residual history
# Residual tolerance target = 1e-10
# Initial residual norm     = 3.35422e-10
     0     1
# FGMRES final (true) residual:
# Iteration = 4: |res|/|res0| = 2.875e-12.

Computing volumes of the grid elements.
Non-linear iter.: 496/500. Linear iter.: 4. Min. area: 0.000148453. Error: 2.875e-12.
Computing volumes of the grid elements.
Min. volume: 0.000148453, max. volume: 36.6089.

# FGMRES residual history
# Residual tolerance target = 1e-10
# Initial residual norm     = 3.35422e-10
     0     1
# FGMRES final (true) residual:
# Iteration = 4: |res|/|res0| = 2.875e-12.

Computing volumes of the grid elements.
Non-linear iter.: 497/500. Linear iter.: 4. Min. area: 0.000148453. Error: 2.875e-12.
Computing volumes of the grid elements.
Min. volume: 0.000148453, max. volume: 36.6089.

# FGMRES residual history
# Residual tolerance target = 1e-10
# Initial residual norm     = 3.35423e-10
     0     1
# FGMRES final (true) residual:
# Iteration = 4: |res|/|res0| = 2.875e-12.

Computing volumes of the grid elements.
Non-linear iter.: 498/500. Linear iter.: 4. Min. area: 0.000148453. Error: 2.875e-12.
Computing volumes of the grid elements.
Min. volume: 0.000148453, max. volume: 36.6089.

# FGMRES residual history
# Residual tolerance target = 1e-10
# Initial residual norm     = 3.35423e-10
     0     1
# FGMRES final (true) residual:
# Iteration = 4: |res|/|res0| = 2.875e-12.

Computing volumes of the grid elements.
Non-linear iter.: 499/500. Linear iter.: 4. Min. area: 0.000148453. Error: 2.875e-12.
Computing volumes of the grid elements.
Min. volume: 0.000148453, max. volume: 36.6089.

# FGMRES residual history
# Residual tolerance target = 1e-10
# Initial residual norm     = 3.35423e-10
     0     1
# FGMRES final (true) residual:
# Iteration = 4: |res|/|res0| = 2.875e-12.

Computing volumes of the grid elements.
Non-linear iter.: 500/500. Linear iter.: 4. Min. area: 0.000148453. Error: 2.875e-12.

Completed in 0.144988 seconds on 1 core.

----------------------- Write deformed grid files -----------------------
|SU2 mesh                           |mesh_deformed.su2                  |
Adding any FFD information to the SU2 file.

------------------------- Finalize Solver -------------------------
Deleted CNumerics container.
Deleted CSolver container.
Deleted CGeometry container.
Deleted CSurfaceMovement class.
Deleted CVolumetricMovement class.
Deleted CConfig container.
Deleted COutput class.

------------------------- Exit Success (SU2_DEF) ------------------------

