"Time_Iter","Outer_Iter","Inner_Iter",     "rms[P]"     ,     "rms[U]"     ,     "rms[V]"     ,     "rms[k]"     ,     "rms[w]"     ,    "rms[LM_1]"   ,    "rms[LM_2]"   ,    "RefForce"    ,       "CD"       ,       "CL"       ,       "CSF"      ,       "CMx"      ,       "CMy"      ,       "CMz"      ,       "CFx"      ,       "CFy"      ,       "CFz"      ,      "CEff"      
          0,           0,           0,      -2.830131475,      -15.65023844,      -16.90553729,      -6.527734549,      -2.646171956,    -0.01204768447,       4.046254229,               0.5,    0.008862570386,      0.0488191856,                 0,                 0,                 0,     0.02572554493,    0.005435527555,     0.04931848615,                 0,       5.508468026
          0,           0,           1,      -1.137371532,     -0.9327297551,      -1.128154338,      -6.694401145,     -0.8113494921,     -0.6620199608,        3.64613291,               0.5,     0.01925369226,      0.0752555647,                 0,                 0,                 0,     0.03816705612,     0.01395722869,     0.07641531555,                 0,       3.908630287
          0,           0,           2,      -1.501081111,      -1.228215954,      -1.432728037,       -6.31841685,      -1.009142419,      0.8119880423,       3.319457543,               0.5,      0.0288878387,      0.1045261703,                 0,                 0,                 0,     0.05224452436,     0.02152609272,      0.1062866635,                 0,       3.618345125
          0,           0,           3,      -1.805634222,      -1.446225203,       -1.68408167,      -5.993538371,      -1.600141364,      0.3562481183,       3.074608498,               0.5,     0.03814462324,      0.1359049696,                 0,                 0,                 0,     0.06753042422,     0.02857145393,      0.1382347462,                 0,       3.562886667
          0,           0,           4,      -2.089237341,      -1.642976749,      -1.953413375,      -5.930906293,      -1.635106096,      -0.522906164,       3.156948062,               0.5,     0.04729225818,       0.169097776,                 0,                 0,                 0,     0.08387758119,     0.03538139268,      0.1719848033,                 0,       3.575591069
          0,           0,           5,      -2.377585329,      -1.843296747,      -2.270296806,      -5.828089004,      -1.636342505,      -0.575481577,       2.945259529,               0.5,     0.05640966561,      0.2037352243,                 0,                 0,                 0,      0.1010883644,     0.04206040445,      0.2071738747,                 0,       3.611707712
          0,           0,           6,      -2.661366637,      -2.057147982,      -2.610034515,      -5.693145343,      -1.549976758,     -0.5298972527,       2.752384468,               0.5,     0.06540456791,       0.239256892,                 0,                 0,                 0,       0.118869855,     0.04855552947,      0.2432364661,                 0,        3.65810676
          0,           0,           7,       -2.88590069,      -2.290531536,      -2.909759111,      -5.505041451,      -1.481808393,     -0.3307295769,       2.720605075,               0.5,     0.07406978723,      0.2749212613,                 0,                 0,                 0,      0.1368371277,     0.05471182024,      0.2794184139,                 0,        3.71165183
          0,           0,           8,      -3.067018072,      -2.546772394,      -3.146804513,      -5.265936929,      -1.358111552,    -0.04250887332,       2.800747436,               0.5,     0.08216455334,       0.309844895,                 0,                 0,                 0,      0.1545320985,     0.06035071851,      0.3148216376,                 0,       3.771028775
          0,           0,           9,      -3.260641197,      -2.827373867,       -3.37032468,      -4.958963549,      -1.197758229,     0.01826693043,       2.945628267,               0.5,     0.08947446956,      0.3430285616,                 0,                 0,                 0,      0.1714374561,     0.06532805269,      0.3484343845,                 0,       3.833814979
          0,           0,          10,      -3.470792471,      -3.134608188,      -3.632100601,      -4.572608702,     -0.9887846713,       -0.47565941,       3.184755117,               0.5,     0.09584815415,      0.3734545595,                 0,                 0,                 0,      0.1870249062,     0.06956380111,      0.3792308719,                 0,       3.896314569
          0,           0,          11,      -3.692616918,       -3.47529568,      -3.930020486,      -4.129221331,     -0.7436479305,     -0.8874171657,       3.452592376,               0.5,      0.1012021673,        0.40020783,                 0,                 0,                 0,      0.2008150226,     0.07303855847,      0.4062924499,                 0,       3.954538134
          0,           0,          12,      -3.918576543,      -3.844443289,      -4.208055515,      -3.707363308,     -0.4970948827,      -1.035293772,       3.602629666,               0.5,      0.1055194488,      0.4226251395,                 0,                 0,                 0,      0.2124512403,     0.07578157092,      0.4289563103,                 0,       4.005187139
          0,           0,          13,      -4.131153196,      -4.135179078,      -4.393848578,      -3.469630745,     -0.2733161143,       -1.13076833,       3.734963196,               0.5,      0.1086997572,      0.4396176898,                 0,                 0,                 0,      0.2213407061,     0.07776879186,      0.4461293146,                 0,       4.044330007
          0,           0,          14,       -4.32600895,      -4.066613839,      -4.471137714,      -3.092472155,     -0.1597337664,      -1.192078884,        3.83304152,               0.5,      0.1108162758,      0.4511384151,                 0,                 0,                 0,      0.2274165979,     0.07907650963,      0.4577696169,                 0,       4.071048334
          0,           0,          15,      -4.509379382,      -3.878125167,      -4.359898773,      -2.845111076,     -0.4034619066,     -0.1075701929,       3.699595448,               0.5,      0.1122384032,      0.4589507963,                 0,                 0,                 0,      0.2315723556,     0.07995020863,      0.4656621702,                 0,       4.089070971
          0,           0,          16,       -4.68439171,      -3.728533966,      -4.136042703,      -2.750174813,     -0.7913219226,     -0.7634622832,       3.464265833,               0.5,      0.1132012968,      0.4642464574,                 0,                 0,                 0,       0.234415064,     0.08054135004,      0.4710120994,                 0,       4.101070135
          0,           0,          17,      -4.815983563,         -3.731336,      -4.037396098,      -2.889833536,      -1.382167036,      -1.052214903,       3.237508607,               0.5,      0.1138573496,      0.4678377362,                 0,                 0,                 0,      0.2363611591,     0.08094528987,      0.4746403939,                 0,       4.108981437
          0,           0,          18,      -4.911535936,      -3.811693438,      -4.077717163,      -3.037065755,      -1.652644497,      -1.180242417,       2.981135464,               0.5,      0.1143063928,      0.4702730238,                 0,                 0,                 0,      0.2376938791,     0.08122336213,       0.477101073,                 0,       4.114144557
          0,           0,          19,      -5.035287513,      -3.918896398,      -4.183718466,      -3.156307305,      -1.763710141,      -1.312718533,       2.739951211,               0.5,      0.1146149215,      0.4719254329,                 0,                 0,                 0,      0.2386073468,     0.08141587299,      0.4787709787,                 0,       4.117486858
          0,           0,          20,      -5.178979413,      -4.026409284,      -4.302034041,      -3.256030153,      -1.852087746,      -1.392648194,       2.537502253,               0.5,      0.1148275448,      0.4730467619,                 0,                 0,                 0,      0.2392337027,     0.08154975842,      0.4799044081,                 0,       4.119627941
          0,           0,          21,      -5.313112542,      -4.121437703,      -4.405509949,      -3.343670485,      -1.932607045,      -1.430206939,       2.375291063,               0.5,      0.1149744356,      0.4738073708,                 0,                 0,                 0,      0.2396631464,     0.08164323405,      0.4806734107,                 0,       4.120980183
          0,           0,          22,      -5.428585563,      -4.206478567,       -4.49714677,      -3.422938084,      -2.007939236,      -1.444468635,       2.249591241,               0.5,      0.1150761274,       0.474322834,                 0,                 0,                 0,      0.2399574262,     0.08170872124,       0.481194712,                 0,       4.121817831
          0,           0,          23,      -5.531413917,      -4.284480459,      -4.580841542,      -3.496112592,      -2.079079088,      -1.448900549,       2.145170937,               0.5,       0.115146658,      0.4746716118,                 0,                 0,                 0,      0.2401588595,     0.08175475045,      0.4815475601,                 0,       4.122322091
          0,           0,          24,      -5.624015723,       -4.35704302,      -4.657768776,      -3.564960721,      -2.146586865,       -1.44967489,       2.049037813,               0.5,      0.1151956515,        0.47490699,                 0,                 0,                 0,      0.2402964659,     0.08178720549,      0.4817857826,                 0,       4.122612129
          0,           0,          25,      -5.706472848,      -4.425524508,      -4.729633278,      -3.630625687,      -2.211427888,      -1.449130549,       1.960195448,               0.5,      0.1152297303,      0.4750652226,                 0,                 0,                 0,      0.2403901846,      0.0818101635,      0.4819460069,                 0,       4.122766073
          0,           0,          26,        -5.7809547,      -4.490959663,      -4.797792439,      -3.693881982,      -2.274202463,      -1.448074325,       1.890792353,               0.5,      0.1152534632,      0.4751710033,                 0,                 0,                 0,      0.2404537345,     0.08182645968,      0.4820531855,                 0,       4.122834927
          0,           0,          27,       -5.84966341,      -4.554087316,      -4.863176525,      -3.755272845,      -2.335345032,      -1.446744805,       1.830777959,               0.5,      0.1152700092,      0.4752411637,                 0,                 0,                 0,      0.2404965628,     0.08183807128,      0.4821243291,                 0,       4.122851789
          0,           0,          28,      -5.914179162,      -4.615423079,      -4.926428998,      -3.815172975,      -2.395173478,      -1.445163524,       1.777710503,               0.5,      0.1152815565,      0.4752871798,                 0,                 0,                 0,      0.2405251785,     0.08184638056,      0.4821710387,                 0,       4.122837981
          0,           0,          29,      -5.975701788,      -4.675321696,      -4.987985732,       -3.87388061,      -2.453906234,      -1.443269386,       1.730402687,               0.5,      0.1152896231,      0.4753168769,                 0,                 0,                 0,      0.2405440675,     0.08185235594,      0.4822012262,                 0,       4.122807101
          0,           0,          30,      -6.035108906,      -4.734064201,      -5.048186251,      -3.931618632,      -2.511739699,      -1.440973035,       1.688479517,               0.5,      0.1152952635,      0.4753355888,                 0,                 0,                 0,      0.2405563208,     0.08185667726,      0.4822202859,                 0,       4.122767706
          0,           0,          31,      -6.093029461,      -4.791862319,      -5.107281631,      -3.988559005,      -2.568820017,      -1.438420888,       1.650263359,               0.5,      0.1152992109,      0.4753469482,                 0,                 0,                 0,      0.2405640672,     0.08185982271,       0.482231893,                 0,       4.122725077
          0,           0,          32,      -6.149890135,      -4.848881186,      -5.165468482,      -4.044968072,      -2.625264525,      -1.441254091,       1.615685968,               0.5,      0.1153019761,      0.4753534258,                 0,                 0,                 0,      0.2405687716,      0.0818621293,      0.4822385477,                 0,       4.122682385
          0,           0,          33,       -6.20598028,      -4.905417974,      -5.223190779,      -4.100831677,      -2.681314259,      -1.443951544,       1.584327167,               0.5,      0.1153039147,      0.4753566988,                 0,                 0,                 0,      0.2405714401,     0.08186383489,      0.4822419479,                 0,       4.122641455
          0,           0,          34,      -6.261717947,      -4.961403281,      -5.280211648,      -4.156237259,      -2.736896134,      -1.446659815,       1.555896015,               0.5,      0.1153052751,      0.4753579025,                 0,                 0,                 0,      0.2405727624,     0.08186510795,      0.4822432436,                 0,       4.122603257
          0,           0,          35,      -6.316988326,       -5.01692974,      -5.336687041,        -4.2112552,      -2.792095123,       -1.44934062,       1.530075507,               0.5,      0.1153062305,      0.4753578019,                 0,                 0,                 0,      0.2405732098,     0.08186606804,      0.4822432099,                 0,       4.122568226
          0,           0,          36,      -6.371888641,      -5.072069848,      -5.392711387,      -4.265942422,      -2.846960534,      -1.451973148,       1.506588537,               0.5,       0.115306902,      0.4753569096,                 0,                 0,                 0,      0.2405731027,     0.08186680024,      0.4822423666,                 0,       4.122536476
          0,           0,          37,      -6.426517795,      -5.126881162,      -5.448351859,      -4.320345948,      -2.901537173,      -1.454541535,       1.485190132,               0.5,      0.1153073745,       0.475355566,                 0,                 0,                 0,      0.2405726575,      0.0818673653,      0.4822410592,                 0,        4.12250793
          0,           0,          38,      -6.480923153,      -5.181410077,      -5.503662043,       -4.37450498,      -2.955862409,      -1.457033698,        1.46566101,               0.5,      0.1153077072,      0.4753539948,                 0,                 0,                 0,      0.2405720194,      0.0818678068,      0.4822395151,                 0,        4.12248241
          0,           0,          39,       -6.53513545,      -5.235695088,      -5.558686625,      -4.428452466,       -3.00996816,      -1.459440696,       1.447803957,               0.5,      0.1153079417,      0.4753523405,                 0,                 0,                 0,      0.2405712845,     0.08186815609,      0.4822378812,                 0,        4.12245968
          0,           0,          40,      -6.589181294,      -5.289768752,      -5.613463426,        -4.4822163,       -3.06388177,      -1.461756204,       1.431441413,               0.5,      0.1153081071,      0.4753506943,                 0,                 0,                 0,      0.2405705153,     0.08186843587,      0.4822362505,                 0,       4.122439492
          0,           0,          41,      -6.643082414,      -5.343658813,      -5.668024734,      -4.535820259,      -3.117626816,      -1.463976062,       1.416413708,               0.5,      0.1153082237,      0.4753491113,                 0,                 0,                 0,      0.2405697516,     0.08186866269,      0.4822346796,                 0,       4.122421593
          0,           0,          42,      -6.696856328,       -5.39738904,      -5.722398294,      -4.589284744,      -3.171223733,      -1.466097888,       1.402577578,               0.5,      0.1153083061,      0.4753476232,                 0,                 0,                 0,      0.2405690177,     0.08186884866,      0.4822332008,                 0,       4.122405742
          0,           0,          43,      -6.750517835,      -5.450979926,      -5.776608108,      -4.642627375,      -3.224690333,      -1.468120751,       1.389804868,               0.5,      0.1153083642,      0.4753462458,                 0,                 0,                 0,      0.2405683276,     0.08186900274,      0.4822318308,                 0,       4.122391718
          0,           0,          44,      -6.804079836,      -5.504449261,      -5.830675064,      -4.695863467,      -3.278042224,      -1.470044889,       1.377981202,               0.5,      0.1153084053,      0.4753449848,                 0,                 0,                 0,      0.2405676883,     0.08186913164,      0.4822305758,                 0,       4.122379316
          0,           0,          45,       -6.85755374,       -5.55781258,      -5.884617456,      -4.749006421,      -3.331293157,      -1.471871474,       1.367004934,               0.5,      0.1153084342,      0.4753438397,                 0,                 0,                 0,      0.2405671025,     0.08186924037,      0.4822294355,                 0,       4.122368351
          0,           0,          46,      -6.910949777,      -5.611083536,        -5.9384514,      -4.802068046,      -3.384455317,      -1.473602414,       1.356785838,               0.5,      0.1153084545,      0.4753428059,                 0,                 0,                 0,        0.24056657,     0.08186933278,      0.4822284056,                 0,       4.122358658
          0,           0,          47,      -6.964277237,      -5.664274208,      -5.992191183,      -4.855049239,      -3.437539562,      -1.475240182,       1.347244045,               0.5,      0.1153084688,      0.4753418768,                 0,                 0,                 0,      0.2405660886,     0.08186941182,      0.4822274798,                 0,        4.12235009
          0,           0,          48,      -7.017544631,      -5.717385925,      -6.045837219,      -4.907922158,      -3.490543953,      -1.476787675,       1.338309063,               0.5,      0.1153084788,      0.4753410446,                 0,                 0,                 0,      0.2405656556,      0.0818694798,      0.4822266502,                 0,       4.122342517
          0,           0,          49,        -7.0707484,      -5.770390783,      -6.099352075,      -4.960737101,      -3.543434056,      -1.478248097,       1.329918863,               0.5,      0.1153084856,       0.475340301,                 0,                 0,                 0,      0.2405652672,     0.08186953854,      0.4822259089,                 0,       4.122335822
          0,           0,          50,      -7.123849971,      -5.823335639,      -6.152797533,      -5.013502503,      -3.596277069,      -1.479624875,       1.322017755,               0.5,      0.1153084904,      0.4753396379,                 0,                 0,                 0,      0.2405649198,      0.0818695895,      0.4822252478,                 0,       4.122329903
          0,           0,          51,      -7.176902719,      -5.876231464,      -6.206184739,      -5.066225052,       -3.64907032,      -1.480921573,       1.314557605,               0.5,      0.1153084935,      0.4753390475,                 0,                 0,                 0,      0.2405646098,     0.08186963384,       0.482224659,                 0,        4.12232467
          0,           0,          52,      -7.229922556,      -5.929086196,      -6.259523155,       -5.11891101,      -3.701821899,      -1.482141825,       1.307495574,               0.5,      0.1153084956,      0.4753385223,                 0,                 0,                 0,      0.2405643334,     0.08186967253,      0.4822241353,                 0,       4.122320042
          0,           0,          53,      -7.282911161,      -5.981906198,      -6.312820328,      -5.171566175,      -3.754537559,      -1.483289284,       1.300793703,               0.5,      0.1153084969,      0.4753380557,                 0,                 0,                 0,      0.2405640874,     0.08186970637,      0.4822236699,                 0,       4.122315948
          0,           0,          54,      -7.335872774,        -6.0346974,      -6.366083235,      -5.224195999,      -3.807222986,      -1.484367577,       1.294418577,               0.5,      0.1153084976,      0.4753376413,                 0,                 0,                 0,      0.2405638686,     0.08186973601,      0.4822232566,                 0,       4.122312328
          0,           0,          55,      -7.388813064,      -6.087465436,      -6.419318414,       -5.27680567,      -3.859883515,      -1.485380276,       1.288340621,               0.5,       0.115308498,      0.4753372735,                 0,                 0,                 0,      0.2405636741,     0.08186976202,      0.4822228897,                 0,       4.122309126
          0,           0,          56,      -7.441737144,      -6.140215667,      -6.472532066,      -5.329400176,      -3.912524257,      -1.486330871,       1.282533609,               0.5,      0.1153084981,      0.4753369472,                 0,                 0,                 0,      0.2405635013,     0.08186978487,      0.4822225642,                 0,       4.122306293
          0,           0,          57,      -7.494649811,      -6.192953249,      -6.525730138,      -5.381984379,      -3.965150151,      -1.487222752,       1.276974242,               0.5,       0.115308498,      0.4753366577,                 0,                 0,                 0,      0.2405633479,     0.08186980496,      0.4822222754,                 0,       4.122303786
          0,           0,          58,      -7.547555814,      -6.245683207,      -6.578918398,      -5.434563068,      -4.017766034,      -1.488059192,       1.271641776,               0.5,      0.1153084977,      0.4753364011,                 0,                 0,                 0,      0.2405632118,     0.08186982264,      0.4822220194,                 0,       4.122301569
          0,           0,          59,      -7.600459925,      -6.298410495,       -6.63210251,      -5.487141021,      -4.070376686,      -1.488843339,       1.266517709,               0.5,      0.1153084974,      0.4753361736,                 0,                 0,                 0,       0.240563091,      0.0818698382,      0.4822217925,                 0,       4.122299607
          0,           0,          60,      -7.653366909,      -6.351140057,      -6.685288103,      -5.539723055,      -4.122986893,      -1.489578207,         1.2615855,               0.5,      0.1153084971,       0.475335972,                 0,                 0,                 0,      0.2405629838,     0.08186985191,      0.4822215913,                 0,       4.122297871
          0,           0,          61,      -7.706281601,      -6.403876886,      -6.738480838,      -5.592314084,      -4.175601498,      -1.490266678,       1.256830328,               0.5,      0.1153084967,      0.4753357933,                 0,                 0,                 0,      0.2405628888,     0.08186986399,       0.482221413,                 0,       4.122296335
          0,           0,          62,       -7.75920897,      -6.456626074,      -6.791686471,      -5.644919166,      -4.228225449,      -1.490911493,       1.252238887,               0.5,      0.1153084963,       0.475335635,                 0,                 0,                 0,      0.2405628045,     0.08186987464,       0.482221255,                 0,       4.122294976
          0,           0,          63,      -7.812154118,      -6.509392873,       -6.84491092,      -5.697543561,      -4.280863854,      -1.491515257,       1.247799202,               0.5,      0.1153084959,      0.4753354947,                 0,                 0,                 0,      0.2405627298,     0.08186988403,       0.482221115,                 0,       4.122293774
          0,           0,          64,      -7.865122409,      -6.562182751,       -6.89816033,      -5.750192781,       -4.33352203,      -1.492080439,       1.243500476,               0.5,      0.1153084955,      0.4753353704,                 0,                 0,                 0,      0.2405626635,     0.08186989231,       0.482220991,                 0,        4.12229271
          0,           0,          65,      -7.918119443,      -6.615001443,       -6.95144114,       -5.80287265,       -4.38620556,      -1.492609375,       1.239332949,               0.5,      0.1153084951,      0.4753352603,                 0,                 0,                 0,      0.2405626048,     0.08186989961,      0.4822208812,                 0,       4.122291769
          0,           0,          66,      -7.971151172,      -6.667855022,      -7.004760152,      -5.855589357,      -4.438920349,      -1.493104272,       1.235287787,               0.5,      0.1153084948,      0.4753351628,                 0,                 0,                 0,      0.2405625528,     0.08186990605,      0.4822207839,                 0,       4.122290936
          0,           0,          67,      -8.024223942,      -6.720749953,      -7.058124604,      -5.908349523,      -4.491672678,      -1.493567211,       1.231356972,               0.5,      0.1153084944,      0.4753350764,                 0,                 0,                 0,      0.2405625066,     0.08186991173,      0.4822206977,                 0,       4.122290199
          0,           0,          68,      -8.077344534,      -6.773693164,       -7.11154225,      -5.961160267,      -4.544469273,      -1.494000155,       1.227533216,               0.5,      0.1153084941,      0.4753349999,                 0,                 0,                 0,      0.2405624658,     0.08186991674,      0.4822206214,                 0,       4.122289548
          0,           0,          69,      -8.130520275,      -6.826692116,      -7.165021441,      -6.014029277,      -4.597317368,      -1.494404948,       1.223809883,               0.5,      0.1153084938,      0.4753349322,                 0,                 0,                 0,      0.2405624295,     0.08186992115,      0.4822205538,                 0,       4.122288971
          0,           0,          70,      -8.183759122,      -6.879754892,      -7.218571222,      -6.066964888,      -4.650224783,      -1.494783328,        1.22018092,               0.5,      0.1153084935,      0.4753348723,                 0,                 0,                 0,      0.2405623974,     0.08186992505,       0.482220494,                 0,       4.122288462
          0,           0,          71,      -8.237069666,      -6.932890263,      -7.272201425,      -6.119976175,           -4.7032,      -1.495136924,       1.216640793,               0.5,      0.1153084932,      0.4753348192,                 0,                 0,                 0,       0.240562369,     0.08186992848,       0.482220441,                 0,       4.122288011
          0,           0,          72,      -8.290461321,      -6.986107811,      -7.325922785,      -6.173073043,      -4.756252251,       -1.49546727,       1.213184438,               0.5,       0.115308493,      0.4753347722,                 0,                 0,                 0,      0.2405623439,     0.08186993151,      0.4822203942,                 0,       4.122287613
          0,           0,          73,      -8.343944426,      -7.039418008,      -7.379747066,      -6.226266335,      -4.809391623,      -1.495775801,       1.209807215,               0.5,      0.1153084927,      0.4753347307,                 0,                 0,                 0,      0.2405623216,     0.08186993417,      0.4822203527,                 0,       4.122287261
          0,           0,          74,      -8.397530292,      -7.092832355,      -7.433687193,      -6.279567954,      -4.862629158,      -1.496063866,       1.206504862,               0.5,      0.1153084925,      0.4753346939,                 0,                 0,                 0,      0.2405623018,     0.08186993652,       0.482220316,                 0,        4.12228695
          0,           0,          75,       -8.45123136,      -7.146363502,       -7.48775741,      -6.332990999,      -4.915976982,      -1.496332729,        1.20327346,               0.5,      0.1153084923,      0.4753346614,                 0,                 0,                 0,      0.2405622844,     0.08186993859,      0.4822202836,                 0,       4.122286675
          0,           0,          76,      -8.505061383,      -7.200025403,      -7.541973463,      -6.386549909,      -4.969448437,      -1.496583573,       1.200109401,               0.5,      0.1153084921,      0.4753346326,                 0,                 0,                 0,      0.2405622689,     0.08186994041,      0.4822202549,                 0,       4.122286432
          0,           0,          77,      -8.559035707,      -7.253833497,      -7.596352794,      -6.440260644,       -5.02305824,       -1.49681751,       1.197009358,               0.5,       0.115308492,      0.4753346072,                 0,                 0,                 0,      0.2405622552,     0.08186994202,      0.4822202295,                 0,       4.122286218
          0,           0,          78,      -8.613171093,      -7.307804885,       -7.65091477,       -6.49414087,      -5.076822654,      -1.497035578,       1.193970261,               0.5,      0.1153084918,      0.4753345847,                 0,                 0,                 0,      0.2405622431,     0.08186994343,      0.4822202071,                 0,       4.122286028
          0,           0,          79,      -8.667486366,      -7.361958548,      -7.705680956,      -6.548210189,      -5.130759691,      -1.497238751,        1.19098927,               0.5,      0.1153084917,      0.4753345649,                 0,                 0,                 0,      0.2405622325,     0.08186994467,      0.4822201872,                 0,       4.122285861
          0,           0,          80,      -8.722002517,       -7.41631564,       -7.76067541,      -6.602490387,      -5.184889332,      -1.497427941,       1.188063755,               0.5,      0.1153084915,      0.4753345474,                 0,                 0,                 0,       0.240562223,     0.08186994576,      0.4822201697,                 0,       4.122285714
          0,           0,          81,       -8.77674299,      -7.470899728,      -7.815925043,      -6.657005724,      -5.239233791,      -1.497604001,       1.185191278,               0.5,      0.1153084914,      0.4753345319,                 0,                 0,                 0,      0.2405622147,     0.08186994672,      0.4822201543,                 0,       4.122285584
          0,           0,          82,      -8.831733846,      -7.525737158,      -7.871460021,      -6.711783269,      -5.293817809,      -1.497767731,       1.182369578,               0.5,      0.1153084913,      0.4753345182,                 0,                 0,                 0,      0.2405622073,     0.08186994756,      0.4822201407,                 0,        4.12228547
          0,           0,          83,      -8.887004522,      -7.580857469,      -7.927314256,      -6.766853283,      -5.348668992,       -1.49791988,       1.179596551,               0.5,      0.1153084912,      0.4753345062,                 0,                 0,                 0,      0.2405622008,     0.08186994829,      0.4822201286,                 0,       4.122285369
          0,           0,          84,      -8.942588149,      -7.636293807,      -7.983525956,      -6.822249659,      -5.403818205,      -1.498061147,       1.176870239,               0.5,      0.1153084911,      0.4753344956,                 0,                 0,                 0,       0.240562195,     0.08186994894,       0.482220118,                 0,       4.122285281
          0,           0,          85,      -8.998521942,      -7.692083484,      -8.040138302,       -6.87801044,      -5.459300024,      -1.498192189,       1.174188819,               0.5,       0.115308491,      0.4753344862,                 0,                 0,                 0,        0.24056219,      0.0818699495,      0.4822201087,                 0,       4.122285203
          0,           0,          86,      -9.054848472,      -7.748268641,      -8.097200223,      -6.934178408,      -5.515153256,      -1.498313621,       1.171550588,               0.5,      0.1153084909,       0.475334478,                 0,                 0,                 0,      0.2405621855,        0.08186995,      0.4822201005,                 0,       4.122285134
          0,           0,          87,      -9.111615212,      -7.804896921,      -8.154767334,      -6.990801775,      -5.571421544,      -1.498426017,       1.168953954,               0.5,      0.1153084909,      0.4753344707,                 0,                 0,                 0,      0.2405621816,     0.08186995043,      0.4822200933,                 0,       4.122285074
          0,           0,          88,      -9.168876889,      -7.862022382,       -8.21290308,      -7.047934981,      -5.628154071,      -1.498529918,       1.166397429,               0.5,      0.1153084908,      0.4753344644,                 0,                 0,                 0,      0.2405621781,     0.08186995081,      0.4822200869,                 0,       4.122285021
          0,           0,          89,      -9.226696229,      -7.919706607,      -8.271680032,      -7.105639622,      -5.685406368,      -1.498625827,       1.163879618,               0.5,      0.1153084907,      0.4753344588,                 0,                 0,                 0,      0.2405621751,     0.08186995113,      0.4822200813,                 0,       4.122284975
          0,           0,          90,      -9.285144313,      -7.978019856,      -8.331181551,      -7.163985518,      -5.743241247,      -1.498714218,       1.161399211,               0.5,      0.1153084907,      0.4753344539,                 0,                 0,                 0,      0.2405621724,     0.08186995142,      0.4822200764,                 0,       4.122284935
          0,           0,          91,      -9.344304085,      -8.037042589,      -8.391503715,      -7.223051936,      -5.801729893,      -1.498795533,       1.158954979,               0.5,      0.1153084906,      0.4753344496,                 0,                 0,                 0,      0.2405621701,     0.08186995166,      0.4822200722,                 0,       4.122284899
          0,           0,          92,      -9.404270575,      -8.096867293,      -8.452757753,      -7.282928977,       -5.86095307,      -1.498870189,       1.156545764,               0.5,      0.1153084906,      0.4753344459,                 0,                 0,                 0,       0.240562168,     0.08186995188,      0.4822200684,                 0,       4.122284868
          0,           0,          93,      -9.465155013,      -8.157600598,      -8.515072871,       -7.34371911,      -5.921002513,      -1.498938574,       1.154170476,               0.5,      0.1153084905,      0.4753344426,                 0,                 0,                 0,      0.2405621662,     0.08186995206,      0.4822200652,                 0,       4.122284842
          0,           0,          94,      -9.527086934,       -8.21936581,       -8.57859976,      -7.405538804,      -5.981982425,      -1.499001053,       1.151828086,               0.5,      0.1153084905,      0.4753344397,                 0,                 0,                 0,      0.2405621647,     0.08186995222,      0.4822200623,                 0,       4.122284818
          0,           0,          95,      -9.590218914,      -8.282305969,      -8.643514834,      -7.468520125,      -6.044011032,       -1.49905797,       1.149517623,               0.5,      0.1153084904,      0.4753344372,                 0,                 0,                 0,      0.2405621633,     0.08186995236,      0.4822200598,                 0,       4.122284798
          0,           0,          96,      -9.654731564,      -8.346587388,      -8.710025167,      -7.532812041,      -6.107222035,      -1.499109645,       1.147238167,               0.5,      0.1153084904,      0.4753344351,                 0,                 0,                 0,      0.2405621621,     0.08186995247,      0.4822200577,                 0,       4.122284781
          0,           0,          97,      -9.720837491,      -8.412403682,      -8.778374094,      -7.598580891,      -6.171765639,      -1.499156379,       1.144988848,               0.5,      0.1153084904,      0.4753344332,                 0,                 0,                 0,      0.2405621611,     0.08186995257,      0.4822200558,                 0,       4.122284766
          0,           0,          98,      -9.788796434,      -8.479979871,      -8.848847201,      -7.666008955,      -6.237808515,      -1.499198455,       1.142768839,               0.5,      0.1153084903,      0.4753344316,                 0,                 0,                 0,      0.2405621602,     0.08186995265,      0.4822200542,                 0,       4.122284753
          0,           0,          99,      -9.858913407,      -8.549576356,      -8.921777482,      -7.735289099,      -6.305531416,      -1.499236139,       1.140577356,               0.5,      0.1153084903,      0.4753344303,                 0,                 0,                 0,      0.2405621595,     0.08186995272,      0.4822200528,                 0,       4.122284742
          0,           0,         100,      -9.931563059,      -8.621490694,      -8.997546323,      -7.806611592,      -6.375122187,      -1.499269679,       1.138413652,               0.5,      0.1153084903,      0.4753344291,                 0,                 0,                 0,      0.2405621588,     0.08186995278,      0.4822200517,                 0,       4.122284733
          0,           0,         101,      -10.00719524,      -8.696054173,       -9.07657426,      -7.880135658,      -6.446759497,      -1.499299311,       1.136277018,               0.5,      0.1153084903,      0.4753344281,                 0,                 0,                 0,      0.2405621582,     0.08186995282,      0.4822200507,                 0,       4.122284725
          0,           0,         102,      -10.08634963,      -8.773615404,      -9.159283699,      -7.955931819,      -6.520579014,      -1.499325254,       1.134166777,               0.5,      0.1153084902,      0.4753344272,                 0,                 0,                 0,      0.2405621578,     0.08186995286,      0.4822200498,                 0,       4.122284718
          0,           0,         103,      -10.16967039,      -8.854492761,      -9.245996614,      -8.033869618,      -6.596606132,      -1.499347714,        1.13208228,               0.5,      0.1153084902,      0.4753344265,                 0,                 0,                 0,      0.2405621574,     0.08186995289,      0.4822200491,                 0,       4.122284713
          0,           0,         104,      -10.25786339,      -8.938861702,      -9.336679982,      -8.113408066,      -6.674627346,      -1.499366887,       1.130022912,               0.5,      0.1153084902,      0.4753344259,                 0,                 0,                 0,       0.240562157,     0.08186995291,      0.4822200485,                 0,       4.122284708
          0,           0,         105,      -10.35161805,      -9.026495952,       -9.43035769,      -8.193231173,      -6.753955505,      -1.499382954,        1.12798808,               0.5,      0.1153084902,      0.4753344255,                 0,                 0,                 0,      0.2405621568,     0.08186995293,       0.482220048,                 0,       4.122284705
          0,           0,         106,      -10.45124746,      -9.116219595,      -9.523888136,      -8.270702125,      -6.833035451,      -1.499396088,       1.125977219,               0.5,      0.1153084902,      0.4753344251,                 0,                 0,                 0,      0.2405621565,     0.08186995294,      0.4822200477,                 0,       4.122284702
          0,           0,         107,      -10.55574669,      -9.204865887,      -9.610008961,      -8.341316879,      -6.908893546,      -1.499406451,       1.123989784,               0.5,      0.1153084902,      0.4753344248,                 0,                 0,                 0,      0.2405621564,     0.08186995295,      0.4822200474,                 0,         4.1222847
          0,           0,         108,      -10.66042331,      -9.285819826,      -9.676355114,      -8.398874899,      -6.976697914,      -1.499414193,       1.122025256,               0.5,      0.1153084901,      0.4753344245,                 0,                 0,                 0,      0.2405621562,     0.08186995295,      0.4822200471,                 0,       4.122284698
          0,           0,         109,      -10.75259626,      -9.348636534,      -9.710547011,      -8.437479993,      -7.030250583,       -1.49941946,       1.120083133,               0.5,      0.1153084901,      0.4753344244,                 0,                 0,                 0,      0.2405621561,     0.08186995295,      0.4822200469,                 0,       4.122284697
          0,           0,         110,      -10.81073865,      -9.383259044,      -9.711111952,      -8.454987499,      -7.064350585,      -1.499422386,       1.118162934,               0.5,      0.1153084901,      0.4753344242,                 0,                 0,                 0,       0.240562156,     0.08186995295,      0.4822200468,                 0,       4.122284697
          0,           0,         111,      -10.82050333,       -9.38811569,      -9.689082616,      -8.454578924,       -7.07801717,      -1.499423098,       1.116264193,               0.5,      0.1153084901,      0.4753344242,                 0,                 0,                 0,       0.240562156,     0.08186995294,      0.4822200468,                 0,       4.122284697
          0,           0,         112,      -10.79292827,      -9.371672293,      -9.657521062,      -8.436600687,      -7.075207931,      -1.499421154,       1.114386465,               0.5,      0.1153084901,      0.4753344241,                 0,                 0,                 0,       0.240562156,     0.08186995293,      0.4822200467,                 0,       4.122284697
          0,           0,         113,        -10.750008,      -9.338050529,      -9.614162856,      -8.403229822,      -7.055975955,       -1.49941605,       1.112529334,               0.5,      0.1153084901,      0.4753344242,                 0,                 0,                 0,      0.2405621559,     0.08186995292,      0.4822200467,                 0,       4.122284697
          0,           0,         114,      -10.69711002,        -9.2914989,       -9.55941143,       -8.36228053,      -7.022765834,      -1.499407695,       1.110692389,               0.5,      0.1153084901,      0.4753344242,                 0,                 0,                 0,       0.240562156,     0.08186995291,      0.4822200468,                 0,       4.122284698
          0,           0,         115,      -10.63720611,      -9.241067177,      -9.503260517,      -8.318529433,      -6.983174199,      -1.499395792,       1.108875218,               0.5,      0.1153084901,      0.4753344243,                 0,                 0,                 0,       0.240562156,     0.08186995289,      0.4822200469,                 0,       4.122284699
          0,           0,         116,      -10.57904937,      -9.190949647,      -9.448767267,      -8.274301466,      -6.941164596,      -1.499379971,       1.107077431,               0.5,      0.1153084901,      0.4753344244,                 0,                 0,                 0,       0.240562156,     0.08186995287,       0.482220047,                 0,         4.1222847
          0,           0,         117,      -10.52479786,      -9.142612294,      -9.396610955,      -8.230530254,      -6.898737982,      -1.499359782,       1.105298649,               0.5,        0.11530849,      0.4753344245,                 0,                 0,                 0,      0.2405621561,     0.08186995285,      0.4822200471,                 0,       4.122284702
          0,           0,         118,      -10.47412246,      -9.096316266,      -9.346730787,      -8.187473687,      -6.856681142,      -1.499334681,       1.103538509,               0.5,        0.11530849,      0.4753344246,                 0,                 0,                 0,      0.2405621562,     0.08186995283,      0.4822200472,                 0,       4.122284703
          0,           0,         119,      -10.42644657,      -9.051875296,      -9.298848622,      -8.145106022,      -6.815200606,      -1.499304018,       1.101796656,               0.5,        0.11530849,      0.4753344248,                 0,                 0,                 0,      0.2405621562,      0.0818699528,      0.4822200474,                 0,       4.122284705
          0,           0,         120,      -10.38122166,       -9.00897369,        -9.2526512,       -8.10330952,      -6.774258798,      -1.499267014,        1.10007275,               0.5,        0.11530849,       0.475334425,                 0,                 0,                 0,      0.2405621563,     0.08186995277,      0.4822200476,                 0,       4.122284708
          0,           0,         121,      -10.33793809,      -8.967294667,      -9.207853881,      -8.061959774,      -6.733741923,      -1.499222747,       1.098366459,               0.5,        0.11530849,      0.4753344252,                 0,                 0,                 0,      0.2405621564,     0.08186995274,      0.4822200478,                 0,        4.12228471
          0,           0,         122,      -10.29617043,      -8.926565289,      -9.164219186,       -8.02095812,      -6.693535195,      -1.499170125,       1.096677459,               0.5,        0.11530849,      0.4753344255,                 0,                 0,                 0,      0.2405621566,      0.0818699527,      0.4822200481,                 0,       4.122284713
          0,           0,         123,      -10.25557809,      -8.886569965,      -9.121557249,      -7.980239036,      -6.653551253,      -1.499107858,       1.095005439,               0.5,      0.1153084899,      0.4753344257,                 0,                 0,                 0,      0.2405621567,     0.08186995266,      0.4822200483,                 0,       4.122284716
          0,           0,         124,      -10.21590751,      -8.847145212,      -9.079719182,      -7.939766717,      -6.613736183,      -1.499034429,       1.093350094,               0.5,      0.1153084899,       0.475334426,                 0,                 0,                 0,      0.2405621568,     0.08186995262,      0.4822200486,                 0,        4.12228472
          0,           0,         125,      -10.17695846,      -8.808173555,       -9.03858946,      -7.899527889,      -6.574065513,      -1.498948052,        1.09171113,               0.5,      0.1153084899,      0.4753344264,                 0,                 0,                 0,       0.240562157,     0.08186995257,      0.4822200489,                 0,       4.122284723
          0,           0,         126,      -10.13858565,      -8.769572214,      -8.998078651,      -7.859524267,      -6.534536853,      -1.498846638,        1.09008826,               0.5,      0.1153084899,      0.4753344267,                 0,                 0,                 0,      0.2405621571,     0.08186995251,      0.4822200493,                 0,       4.122284727
          0,           0,         127,      -10.10067824,      -8.731285185,      -8.958116973,      -7.819766101,      -6.495162192,      -1.498727734,       1.088481203,               0.5,      0.1153084898,      0.4753344271,                 0,                 0,                 0,      0.2405621573,     0.08186995245,      0.4822200496,                 0,       4.122284732
          0,           0,         128,      -10.06315764,      -8.693275895,      -8.918649601,      -7.780267276,      -6.455961338,      -1.498588478,        1.08688969,               0.5,      0.1153084898,      0.4753344275,                 0,                 0,                 0,      0.2405621575,     0.08186995238,        0.48222005,                 0,       4.122284737
          0,           0,         129,      -10.02595865,      -8.655520725,      -8.879632493,      -7.741041929,      -6.416956957,      -1.498425525,       1.085313454,               0.5,      0.1153084897,      0.4753344279,                 0,                 0,                 0,      0.2405621577,     0.08186995231,      0.4822200504,                 0,       4.122284742
          0,           0,         130,      -9.989046038,      -8.618005421,      -8.841029784,      -7.702102334,      -6.378171123,      -1.498234975,       1.083752239,               0.5,      0.1153084897,      0.4753344284,                 0,                 0,                 0,      0.2405621579,     0.08186995223,      0.4822200509,                 0,       4.122284748
          0,           0,         131,      -9.952384952,      -8.580720762,      -8.802811464,      -7.663457762,      -6.339623202,      -1.498012286,       1.082205793,               0.5,      0.1153084896,      0.4753344288,                 0,                 0,                 0,      0.2405621582,     0.08186995214,      0.4822200514,                 0,       4.122284754
          0,           0,         132,      -9.915951922,       -8.54366123,      -8.764951859,      -7.625114025,      -6.301328724,      -1.497752178,       1.080673873,               0.5,      0.1153084896,      0.4753344294,                 0,                 0,                 0,      0.2405621584,     0.08186995204,      0.4822200519,                 0,       4.122284761
          0,           0,         133,      -9.879730922,      -8.506822566,       -8.72742856,      -7.587073473,      -6.263298977,      -1.497448512,       1.079156239,               0.5,      0.1153084895,        0.47533443,                 0,                 0,                 0,      0.2405621587,     0.08186995194,      0.4822200525,                 0,       4.122284768
          0,           0,         134,      -9.843707883,      -8.470201412,      -8.690221559,      -7.549335262,      -6.225541065,      -1.497094173,        1.07765266,               0.5,      0.1153084894,      0.4753344306,                 0,                 0,                 0,       0.240562159,     0.08186995182,      0.4822200531,                 0,       4.122284776
          0,           0,         135,      -9.807873357,       -8.43379421,      -8.653312705,      -7.511895757,      -6.188058229,      -1.496680913,       1.076162909,               0.5,      0.1153084894,      0.4753344312,                 0,                 0,                 0,      0.2405621593,     0.08186995169,      0.4822200537,                 0,       4.122284785
          0,           0,         136,      -9.772218999,       -8.39759704,      -8.616685308,       -7.47474901,      -6.150850358,      -1.496199194,       1.074686765,               0.5,      0.1153084893,      0.4753344319,                 0,                 0,                 0,      0.2405621596,     0.08186995156,      0.4822200544,                 0,       4.122284794
          0,           0,         137,      -9.736736051,      -8.361605506,      -8.580323891,      -7.437887215,      -6.113914502,      -1.495638001,       1.073224012,               0.5,      0.1153084892,      0.4753344327,                 0,                 0,                 0,      0.2405621599,     0.08186995141,      0.4822200552,                 0,       4.122284804
          0,           0,         138,      -9.701420328,      -8.325814537,      -8.544213937,      -7.401301155,      -6.077245428,      -1.494984636,       1.071774441,               0.5,      0.1153084891,      0.4753344335,                 0,                 0,                 0,      0.2405621603,     0.08186995124,       0.482220056,                 0,       4.122284815
          0,           0,         139,      -9.666265088,      -8.290218581,      -8.508341832,      -7.364980583,      -6.040836098,      -1.494224491,       1.070337846,               0.5,      0.1153084889,      0.4753344344,                 0,                 0,                 0,      0.2405621607,     0.08186995107,      0.4822200569,                 0,       4.122284827
          0,           0,         140,      -9.631263691,      -8.254811528,      -8.472694684,      -7.328914557,      -6.004678134,      -1.493340797,       1.068914028,               0.5,      0.1153084888,      0.4753344353,                 0,                 0,                 0,      0.2405621612,     0.08186995087,      0.4822200578,                 0,        4.12228484
          0,           0,         141,      -9.596411891,      -8.219586959,      -8.437260307,      -7.293091725,      -5.968762188,      -1.492314354,        1.06750279,               0.5,      0.1153084887,      0.4753344364,                 0,                 0,                 0,      0.2405621616,     0.08186995066,      0.4822200588,                 0,       4.122284853
          0,           0,         142,      -9.561703841,      -8.184538145,      -8.402027167,      -7.257500549,      -5.933078266,       -1.49112324,       1.066103942,               0.5,      0.1153084885,      0.4753344375,                 0,                 0,                 0,      0.2405621621,     0.08186995044,      0.4822200599,                 0,       4.122284868
          0,           0,         143,      -9.527134417,      -8.149658115,      -8.366984339,      -7.222129487,         -5.897616,       -1.48974251,       1.064717298,               0.5,      0.1153084884,      0.4753344386,                 0,                 0,                 0,      0.2405621626,     0.08186995019,      0.4822200611,                 0,       4.122284884
          0,           0,         144,      -9.492698475,       -8.11493992,      -8.332121453,      -7.186967143,      -5.862364851,      -1.488143878,       1.063342677,               0.5,      0.1153084882,      0.4753344399,                 0,                 0,                 0,      0.2405621632,     0.08186994992,      0.4822200623,                 0,       4.122284902
          0,           0,         145,      -9.458390315,      -8.080376445,      -8.297428693,       -7.15200237,      -5.827314287,       -1.48629541,       1.061979902,               0.5,       0.115308488,      0.4753344413,                 0,                 0,                 0,      0.2405621638,     0.08186994963,      0.4822200637,                 0,       4.122284921
          0,           0,         146,      -9.424205324,      -8.045960776,      -8.262896776,      -7.117224356,      -5.792453915,      -1.484161231,         1.0606288,               0.5,      0.1153084878,      0.4753344427,                 0,                 0,                 0,      0.2405621645,     0.08186994932,      0.4822200651,                 0,       4.122284941
          0,           0,         147,      -9.390138501,      -8.011685973,      -8.228516893,      -7.082622683,      -5.757773575,      -1.481701255,       1.059289203,               0.5,      0.1153084875,      0.4753344443,                 0,                 0,                 0,      0.2405621652,     0.08186994897,      0.4822200667,                 0,       4.122284963
          0,           0,         148,      -9.356184866,      -7.977545351,      -8.194280742,      -7.048187365,      -5.723263421,      -1.478870985,       1.057960947,               0.5,      0.1153084873,       0.475334446,                 0,                 0,                 0,       0.240562166,     0.08186994861,      0.4822200684,                 0,       4.122284987
          0,           0,         149,      -9.322339311,      -7.943532372,      -8.160180455,      -7.013908875,      -5.688913968,      -1.475621384,       1.056643871,               0.5,       0.115308487,      0.4753344479,                 0,                 0,                 0,      0.2405621668,     0.08186994821,      0.4822200702,                 0,       4.122285012
          0,           0,         150,      -9.288597468,      -7.909640686,      -8.126208619,      -6.979778158,      -5.654716135,      -1.471898872,        1.05533782,               0.5,      0.1153084867,      0.4753344498,                 0,                 0,                 0,      0.2405621677,     0.08186994777,      0.4822200721,                 0,        4.12228504
          0,           0,         151,      -9.254954818,      -7.875864221,      -8.092358242,      -6.945786639,      -5.620661263,      -1.467645469,       1.054042643,               0.5,      0.1153084864,       0.475334452,                 0,                 0,                 0,      0.2405621686,     0.08186994731,      0.4822200742,                 0,        4.12228507
          0,           0,         152,      -9.221406695,      -7.842197156,      -8.058622725,      -6.911926216,      -5.586741128,      -1.462799134,       1.052758191,               0.5,      0.1153084861,      0.4753344543,                 0,                 0,                 0,      0.2405621697,      0.0818699468,      0.4822200765,                 0,       4.122285102
          0,           0,         153,      -9.187949296,      -7.808633882,      -8.024995861,      -6.878189257,      -5.552947945,      -1.457294339,       1.051484322,               0.5,      0.1153084857,      0.4753344567,                 0,                 0,                 0,      0.2405621708,     0.08186994625,      0.4822200789,                 0,       4.122285137
          0,           0,         154,      -9.154577999,      -7.775169118,      -7.991471815,      -6.844568585,      -5.519274369,      -1.451062899,       1.050220896,               0.5,      0.1153084853,      0.4753344594,                 0,                 0,                 0,       0.240562172,     0.08186994566,      0.4822200816,                 0,       4.122285175
          0,           0,         155,      -9.121289314,      -7.741797799,      -7.958045096,      -6.811057468,      -5.485713482,      -1.444035095,        1.04896778,               0.5,      0.1153084848,      0.4753344623,                 0,                 0,                 0,      0.2405621732,     0.08186994503,      0.4822200844,                 0,       4.122285215
          0,           0,         156,      -9.088079267,      -7.708515148,      -7.924710555,      -6.777649601,       -5.45225879,      -1.436141087,       1.047724841,               0.5,      0.1153084844,      0.4753344654,                 0,                 0,                 0,      0.2405621746,     0.08186994434,      0.4822200875,                 0,       4.122285259
          0,           0,         157,      -9.054944528,      -7.675316682,      -7.891463364,      -6.744339091,      -5.418904204,      -1.427312596,       1.046491954,               0.5,      0.1153084839,      0.4753344687,                 0,                 0,                 0,      0.2405621761,     0.08186994359,      0.4822200907,                 0,       4.122285306
          0,           0,         158,      -9.021881493,      -7.642198103,      -7.858298999,      -6.711120439,      -5.385644031,       -1.41748481,       1.045268998,               0.5,      0.1153084833,      0.4753344723,                 0,                 0,                 0,      0.2405621777,     0.08186994279,      0.4822200943,                 0,       4.122285357
          0,           0,         159,      -8.988887204,      -7.609155452,      -7.825213234,      -6.677988523,      -5.352472957,      -1.406598436,       1.044055856,               0.5,      0.1153084827,      0.4753344761,                 0,                 0,                 0,      0.2405621794,     0.08186994192,      0.4822200981,                 0,       4.122285412
          0,           0,         160,      -8.955958291,      -7.576184955,      -7.792202122,       -6.64493858,       -5.31938603,       -1.39460177,       1.042852415,               0.5,      0.1153084821,      0.4753344803,                 0,                 0,                 0,      0.2405621812,     0.08186994098,      0.4822201022,                 0,       4.122285472
          0,           0,         161,      -8.923092153,       -7.54328311,      -7.759261985,      -6.611966193,      -5.286378647,      -1.381452671,        1.04165857,               0.5,      0.1153084814,      0.4753344848,                 0,                 0,                 0,      0.2405621832,     0.08186993997,      0.4822201066,                 0,       4.122285536
          0,           0,         162,      -8.890286073,      -7.510446647,      -7.726389406,       -6.57906727,      -5.253446539,      -1.367120282,       1.040474219,               0.5,      0.1153084806,      0.4753344896,                 0,                 0,                 0,      0.2405621854,     0.08186993888,      0.4822201114,                 0,       4.122285604
          0,           0,         163,      -8.857537394,      -7.477672528,      -7.693581212,       -6.54674209,      -5.220585755,      -1.351586349,       1.039299267,               0.5,      0.1153084798,      0.4753344948,                 0,                 0,                 0,      0.2405621877,      0.0818699377,      0.4822201165,                 0,       4.122285679
          0,           0,         164,      -8.824843927,      -7.445508615,      -7.662186287,      -6.537870759,      -5.187787585,       -1.33484604,       1.038133341,               0.5,      0.1153084789,      0.4753345004,                 0,                 0,                 0,      0.2405621901,     0.08186993643,      0.4822201221,                 0,       4.122285759
          0,           0,         165,      -8.793202181,      -7.454906959,      -7.742967194,      -6.505958235,      -5.154665254,      -1.316907913,       1.036953476,               0.5,      0.1153084781,       0.475334506,                 0,                 0,                 0,      0.2405621926,     0.08186993523,      0.4822201275,                 0,       4.122285836
          0,           0,         166,      -8.842634448,      -7.428412787,      -7.728571369,      -6.473418147,       -5.12201415,      -1.297794234,       1.035800183,               0.5,      0.1153084773,      0.4753345113,                 0,                 0,                 0,      0.2405621949,     0.08186993407,      0.4822201328,                 0,       4.122285911
          0,           0,         167,      -8.819540642,      -7.396526325,      -7.698200329,      -6.440854874,       -5.08938291,      -1.277539478,       1.034658797,               0.5,      0.1153084765,      0.4753345165,                 0,                 0,                 0,      0.2405621971,     0.08186993291,      0.4822201379,                 0,       4.122285984
          0,           0,         168,      -8.781055443,      -7.363950404,      -7.665884525,      -6.408334798,      -5.056813493,      -1.256189025,       1.033526586,               0.5,      0.1153084757,      0.4753345217,                 0,                 0,                 0,      0.2405621992,     0.08186993174,      0.4822201431,                 0,       4.122286059
          0,           0,         169,      -8.747755266,       -7.33146045,      -7.633427279,      -6.375866418,      -5.024301315,      -1.233797387,       1.032403109,               0.5,      0.1153084748,      0.4753345272,                 0,                 0,                 0,      0.2405622015,     0.08186993053,      0.4822201484,                 0,       4.122286135
          0,           0,         170,      -8.715614083,      -7.299050776,      -7.601017827,      -6.343449114,      -4.991842727,      -1.210426213,       1.031288243,               0.5,       0.115308474,      0.4753345328,                 0,                 0,                 0,      0.2405622038,     0.08186992926,       0.482220154,                 0,       4.122286216
          0,           0,         171,      -8.683185586,      -7.266684935,      -7.568659983,      -6.311081161,      -4.959435328,      -1.186142206,       1.030181917,               0.5,      0.1153084731,      0.4753345388,                 0,                 0,                 0,      0.2405622062,     0.08186992793,        0.48222016,                 0,       4.122286301
          0,           0,         172,      -8.650771564,      -7.234362479,       -7.53635012,      -6.278760877,      -4.927077352,      -1.161015101,       1.029084074,               0.5,      0.1153084721,      0.4753345452,                 0,                 0,                 0,      0.2405622088,     0.08186992651,      0.4822201663,                 0,       4.122286391
          0,           0,         173,      -8.618464892,      -7.202084643,      -7.504085903,      -6.262949149,      -4.894767123,       -1.14208157,       1.027994663,               0.5,      0.1153084711,      0.4753345521,                 0,                 0,                 0,      0.2405622116,       0.081869925,       0.482220173,                 0,       4.122286487
          0,           0,         174,      -8.586223169,        -7.1851618,      -7.487007197,      -6.352688909,      -4.881591574,      -1.158585966,       1.026911023,               0.5,        0.11530847,      0.4753345595,                 0,                 0,                 0,      0.2405622146,     0.08186992341,      0.4822201804,                 0,        4.12228659
          0,           0,         175,      -8.570040814,       -7.26649097,       -7.56694935,      -6.451605381,      -4.990888942,      -1.173802416,       1.025822007,               0.5,      0.1153084691,       0.475334568,                 0,                 0,                 0,       0.240562218,     0.08186992191,      0.4822201888,                 0,       4.122286696
          0,           0,         176,      -8.656775257,      -7.363536219,       -7.66272149,      -6.559546949,      -5.088021156,       -1.18876762,        1.02474063,               0.5,      0.1153084683,      0.4753345768,                 0,                 0,                 0,      0.2405622216,     0.08186992057,      0.4822201975,                 0,       4.122286799
          0,           0,         177,      -8.766601141,      -7.471571509,      -7.770574695,      -6.680387789,      -5.198398406,      -1.203433638,       1.023668311,               0.5,      0.1153084678,      0.4753345852,                 0,                 0,                 0,      0.2405622251,      0.0818699194,      0.4822202058,                 0,       4.122286892
          0,           0,         178,      -8.878774506,      -7.592131437,      -7.891561681,      -6.820194932,      -5.321659137,      -1.217785228,       1.022605434,               0.5,      0.1153084673,      0.4753345928,                 0,                 0,                 0,      0.2405622282,     0.08186991842,      0.4822202134,                 0,       4.122286974
          0,           0,         179,      -9.001875147,      -7.731363265,       -8.03163644,      -6.990782862,      -5.465394654,      -1.231808329,       1.021551669,               0.5,      0.1153084669,      0.4753345993,                 0,                 0,                 0,      0.2405622309,     0.08186991761,      0.4822202199,                 0,       4.122287044
          0,           0,         180,      -9.146298934,      -7.900981355,      -8.202657509,      -7.219629507,       -5.64276184,      -1.245489066,       1.020506611,               0.5,      0.1153084667,      0.4753346049,                 0,                 0,                 0,      0.2405622332,     0.08186991698,      0.4822202254,                 0,       4.122287101
          0,           0,         181,      -9.324773696,       -8.12787946,      -8.432604473,      -7.599254157,      -5.886153622,      -1.258813854,       1.019469893,               0.5,      0.1153084665,      0.4753346093,                 0,                 0,                 0,       0.240562235,      0.0818699165,      0.4822202298,                 0,       4.122287145
          0,           0,         182,      -9.567953781,      -8.502182873,      -8.818837307,      -8.038914465,      -6.315418095,      -1.271769558,       1.018441202,               0.5,      0.1153084664,      0.4753346128,                 0,                 0,                 0,      0.2405622365,     0.08186991617,      0.4822202333,                 0,       4.122287179
          0,           0,         183,      -9.971791029,      -8.997158759,      -9.306065862,      -7.491580161,      -6.528260428,      -1.284343658,       1.017420273,               0.5,      0.1153084664,      0.4753346154,                 0,                 0,                 0,      0.2405622375,     0.08186991595,      0.4822202359,                 0,       4.122287202
          0,           0,         184,       -10.0879143,      -8.416774191,      -8.706178425,        -7.2734365,      -6.066645444,      -1.296524419,       1.016406876,               0.5,      0.1153084664,      0.4753346171,                 0,                 0,                 0,      0.2405622382,     0.08186991585,      0.4822202376,                 0,       4.122287217
          0,           0,         185,      -9.719762414,      -8.193670657,       -8.48585351,      -7.149282271,      -5.870045085,      -1.308301056,       1.015400814,               0.5,      0.1153084665,      0.4753346182,                 0,                 0,                 0,      0.2405622386,     0.08186991585,      0.4822202387,                 0,       4.122287223
          0,           0,         186,       -9.53601294,      -8.067727666,      -8.361262819,      -7.068109376,      -5.754703248,      -1.319663889,       1.014401915,               0.5,      0.1153084666,      0.4753346186,                 0,                 0,                 0,      0.2405622388,     0.08186991593,      0.4822202391,                 0,       4.122287223
          0,           0,         187,      -9.425193258,       -7.98565791,       -8.27997276,      -7.011494905,      -5.678277435,      -1.330604501,       1.013410023,               0.5,      0.1153084667,      0.4753346185,                 0,                 0,                 0,      0.2405622387,     0.08186991608,      0.4822202389,                 0,       4.122287217
          0,           0,         188,      -9.351048262,      -7.928518038,      -8.223339833,      -6.970717909,       -5.62461539,      -1.341115868,       1.012425002,               0.5,      0.1153084669,      0.4753346179,                 0,                 0,                 0,      0.2405622385,     0.08186991629,      0.4822202384,                 0,       4.122287206
          0,           0,         189,      -9.298772551,      -7.887405214,       -8.18258417,      -6.940962431,      -5.585843352,      -1.351192476,       1.011446727,               0.5,      0.1153084671,      0.4753346169,                 0,                 0,                 0,      0.2405622381,     0.08186991654,      0.4822202374,                 0,        4.12228719
          0,           0,         190,      -9.260945015,      -7.857423714,      -8.152868944,       -6.91928824,       -5.55753231,      -1.360830424,       1.010475081,               0.5,      0.1153084673,      0.4753346156,                 0,                 0,                 0,      0.2405622375,     0.08186991684,      0.4822202361,                 0,       4.122287171
          0,           0,         191,      -9.233328959,      -7.835592803,      -8.131245111,      -6.903768463,       -5.53694368,       -1.37002749,        1.00950996,               0.5,      0.1153084675,       0.475334614,                 0,                 0,                 0,      0.2405622368,     0.08186991718,      0.4822202345,                 0,        4.12228715
          0,           0,         192,      -9.213281465,      -7.819962893,      -8.115781606,      -6.893071841,      -5.522265935,      -1.378783181,       1.008551263,               0.5,      0.1153084678,      0.4753346122,                 0,                 0,                 0,      0.2405622361,     0.08186991754,      0.4822202327,                 0,       4.122287126
          0,           0,         193,       -9.19904299,      -7.809189015,       -8.10514501,      -6.886240192,      -5.512238547,      -1.387098747,       1.007598898,               0.5,       0.115308468,      0.4753346102,                 0,                 0,                 0,      0.2405622352,     0.08186991792,      0.4822202308,                 0,         4.1222871
          0,           0,         194,      -9.189384633,      -7.802304229,      -8.098375953,      -6.882560962,      -5.505949117,      -1.394977173,       1.006652776,               0.5,      0.1153084683,       0.475334608,                 0,                 0,                 0,      0.2405622343,     0.08186991832,      0.4822202286,                 0,       4.122287072
          0,           0,         195,      -9.183413379,      -7.798590121,      -8.094761193,      -6.881489936,      -5.502716029,       -1.40242314,       1.005712812,               0.5,      0.1153084685,      0.4753346058,                 0,                 0,                 0,      0.2405622334,     0.08186991873,      0.4822202264,                 0,       4.122287043
          0,           0,         196,      -9.180461114,      -7.797498417,      -8.093756118,      -6.882602151,      -5.502016733,      -1.409442956,       1.004778927,               0.5,      0.1153084688,      0.4753346034,                 0,                 0,                 0,      0.2405622324,     0.08186991915,      0.4822202241,                 0,       4.122287014
          0,           0,         197,      -9.180014102,      -7.798601238,      -8.094935532,      -6.885559488,      -5.503441882,      -1.416044469,       1.003851043,               0.5,       0.115308469,      0.4753346011,                 0,                 0,                 0,      0.2405622314,     0.08186991957,      0.4822202217,                 0,       4.122286984
          0,           0,         198,      -9.181669538,      -7.801558355,      -8.097961171,      -6.890088589,      -5.506664905,      -1.422236956,       1.002929085,               0.5,      0.1153084693,      0.4753345986,                 0,                 0,                 0,      0.2405622304,        0.08186992,      0.4822202193,                 0,       4.122286954
          0,           0,         199,      -9.185105631,      -7.806094808,      -8.102559599,      -6.895965373,      -5.511421167,      -1.428030988,       1.002012982,               0.5,      0.1153084695,      0.4753345962,                 0,                 0,                 0,      0.2405622293,     0.08186992042,      0.4822202169,                 0,       4.122286924
          0,           0,         200,      -9.190061257,      -7.811985325,      -8.108506703,      -6.903003929,      -5.517493296,      -1.433438293,       1.001102662,               0.5,      0.1153084698,      0.4753345937,                 0,                 0,                 0,      0.2405622283,     0.08186992085,      0.4822202145,                 0,       4.122286893
          0,           0,         201,      -9.196321927,      -7.819043036,      -8.115616553,       -6.91104837,      -5.524700632,      -1.438471597,       1.000198059,               0.5,      0.1153084701,      0.4753345913,                 0,                 0,                 0,      0.2405622273,     0.08186992127,      0.4822202121,                 0,       4.122286863
          0,           0,         202,      -9.203708859,      -7.827111333,      -8.123733273,      -6.919966755,       -5.53289145,      -1.443144465,      0.9992991056,               0.5,      0.1153084703,      0.4753345889,                 0,                 0,                 0,      0.2405622263,     0.08186992168,      0.4822202097,                 0,       4.122286833
          0,           0,         203,      -9.212072324,      -7.836057684,       -8.13272494,      -6.929646479,      -5.541937158,      -1.447471144,      0.9984057374,               0.5,      0.1153084705,      0.4753345865,                 0,                 0,                 0,      0.2405622253,     0.08186992209,      0.4822202073,                 0,       4.122286804
          0,           0,         204,      -9.221285204,      -7.845769043,      -8.142478975,      -6.939990719,      -5.551727871,      -1.451466398,      0.9975178914,               0.5,      0.1153084708,      0.4753345841,                 0,                 0,                 0,      0.2405622243,     0.08186992249,      0.4822202049,                 0,       4.122286775
          0,           0,         205,      -9.231238476,      -7.856148177,      -8.152898585,      -6.950915664,      -5.562168999,      -1.455145356,      0.9966355058,               0.5,       0.115308471,      0.4753345818,                 0,                 0,                 0,      0.2405622233,     0.08186992289,      0.4822202026,                 0,       4.122286746
          0,           0,         206,      -9.241838426,      -7.867110996,           -8.1639,      -6.962348326,      -5.573178584,      -1.458523366,      0.9957585203,               0.5,      0.1153084712,      0.4753345795,                 0,                 0,                 0,      0.2405622224,     0.08186992327,      0.4822202004,                 0,       4.122286718
          0,           0,         207,      -9.253004239,      -7.878584265,      -8.175410268,      -6.974224798,      -5.584685188,      -1.461615858,      0.9948868756,               0.5,      0.1153084715,      0.4753345772,                 0,                 0,                 0,      0.2405622214,     0.08186992365,      0.4822201982,                 0,       4.122286691
          0,           0,         208,      -9.264664907,       -7.89050383,      -8.187365524,       -6.98648884,      -5.596626205,      -1.464438217,      0.9940205137,               0.5,      0.1153084717,       0.475334575,                 0,                 0,                 0,      0.2405622205,     0.08186992402,       0.482220196,                 0,       4.122286664
          0,           0,         209,      -9.276758225,      -7.902813324,      -8.199709577,      -6.999090742,      -5.608946506,      -1.467005674,      0.9931593778,               0.5,      0.1153084719,      0.4753345729,                 0,                 0,                 0,      0.2405622196,     0.08186992438,      0.4822201939,                 0,       4.122286638
          0,           0,         210,      -9.289230192,      -7.915462879,      -8.212392751,      -7.011986377,      -5.621597324,      -1.469333207,      0.9923034119,               0.5,      0.1153084721,      0.4753345708,                 0,                 0,                 0,      0.2405622188,     0.08186992473,      0.4822201918,                 0,       4.122286613
          0,           0,         211,      -9.302031845,      -7.928408262,      -8.225370971,      -7.025136431,      -5.634535344,      -1.471435452,      0.9914525611,               0.5,      0.1153084723,      0.4753345688,                 0,                 0,                 0,      0.2405622179,     0.08186992506,      0.4822201898,                 0,       4.122286588
          0,           0,         212,      -9.315120287,      -7.941610063,      -8.238604959,      -7.038505752,      -5.647721954,      -1.473326638,      0.9906067715,               0.5,      0.1153084725,      0.4753345669,                 0,                 0,                 0,      0.2405622171,     0.08186992539,      0.4822201879,                 0,       4.122286564
          0,           0,         213,      -9.328457606,      -7.955033017,      -8.252059609,      -7.052062814,      -5.661122611,      -1.475020524,        0.98976599,               0.5,      0.1153084727,      0.4753345649,                 0,                 0,                 0,      0.2405622163,     0.08186992571,       0.482220186,                 0,       4.122286541
          0,           0,         214,      -9.342009422,      -7.968645569,      -8.265703438,      -7.065779252,      -5.674706319,      -1.476530353,      0.9889301646,               0.5,      0.1153084728,      0.4753345631,                 0,                 0,                 0,      0.2405622155,     0.08186992602,      0.4822201841,                 0,       4.122286519
          0,           0,         215,      -9.355744675,      -7.982419272,      -8.279508119,      -7.079629485,       -5.68844518,      -1.477868818,      0.9880992439,               0.5,       0.115308473,      0.4753345613,                 0,                 0,                 0,      0.2405622148,     0.08186992633,      0.4822201824,                 0,       4.122286497
          0,           0,         216,      -9.369636222,      -7.996328504,      -8.293448116,      -7.093590378,      -5.702314022,      -1.479048036,      0.9872731774,               0.5,      0.1153084732,      0.4753345596,                 0,                 0,                 0,      0.2405622141,     0.08186992662,      0.4822201806,                 0,       4.122286476
          0,           0,         217,      -9.383658818,       -8.01035009,      -8.307500325,      -7.107640961,      -5.716290069,      -1.480079536,      0.9864519154,               0.5,      0.1153084734,      0.4753345579,                 0,                 0,                 0,      0.2405622134,      0.0818699269,       0.482220179,                 0,       4.122286455
          0,           0,         218,      -9.397789804,      -8.024463029,      -8.321643819,      -7.121762189,      -5.730352676,      -1.480974245,      0.9856354091,               0.5,      0.1153084735,      0.4753345562,                 0,                 0,                 0,      0.2405622127,     0.08186992717,      0.4822201774,                 0,       4.122286435
          0,           0,         219,      -9.412009018,      -8.038648215,      -8.335859586,      -7.135936727,      -5.744483079,      -1.481742493,      0.9848236102,               0.5,      0.1153084737,      0.4753345547,                 0,                 0,                 0,       0.240562212,     0.08186992744,      0.4822201758,                 0,       4.122286416
          0,           0,         220,      -9.426297462,      -8.052888354,      -8.350130317,      -7.150148771,      -5.758664199,      -1.482394018,      0.9840164712,               0.5,      0.1153084738,      0.4753345531,                 0,                 0,                 0,      0.2405622114,     0.08186992769,      0.4822201743,                 0,       4.122286397
          0,           0,         221,      -9.440638357,      -8.067167545,       -8.36444025,      -7.164383888,       -5.77288046,      -1.482937971,      0.9832139456,               0.5,       0.115308474,      0.4753345517,                 0,                 0,                 0,      0.2405622108,     0.08186992794,      0.4822201728,                 0,       4.122286379
          0,           0,         222,      -9.455016374,       -8.08147136,       -8.37877498,      -7.178628876,      -5.787117633,      -1.483382939,      0.9824159871,               0.5,      0.1153084741,      0.4753345502,                 0,                 0,                 0,      0.2405622102,     0.08186992818,      0.4822201714,                 0,       4.122286362
          0,           0,         223,      -9.469417338,      -8.095786577,      -8.393121317,      -7.192871642,      -5.801362698,      -1.483736954,      0.9816225505,               0.5,      0.1153084742,      0.4753345489,                 0,                 0,                 0,      0.2405622096,     0.08186992842,        0.48222017,                 0,       4.122286345
          0,           0,         224,      -9.483828159,      -8.110101128,      -8.407467211,      -7.207101098,       -5.81560373,      -1.484007519,      0.9808335909,               0.5,      0.1153084744,      0.4753345475,                 0,                 0,                 0,      0.2405622091,     0.08186992864,      0.4822201687,                 0,       4.122286329
          0,           0,         225,      -9.498237412,      -8.124403846,      -8.421801572,      -7.221307064,      -5.829829791,      -1.484201629,      0.9800490644,               0.5,      0.1153084745,      0.4753345462,                 0,                 0,                 0,      0.2405622085,     0.08186992886,      0.4822201674,                 0,       4.122286313
          0,           0,         226,      -9.512633829,      -8.138684574,      -8.436114268,      -7.235480182,      -5.844030835,       -1.48432579,      0.9792689274,               0.5,      0.1153084746,       0.475334545,                 0,                 0,                 0,       0.240562208,     0.08186992907,      0.4822201662,                 0,       4.122286298
          0,           0,         227,      -9.527007256,      -8.152933928,      -8.450395938,      -7.249611849,       -5.85819763,       -1.48438605,      0.9784931371,               0.5,      0.1153084748,      0.4753345438,                 0,                 0,                 0,      0.2405622075,     0.08186992927,       0.482220165,                 0,       4.122286283
          0,           0,         228,      -9.541349451,      -8.167143278,      -8.464637991,      -7.263694144,      -5.872321686,      -1.484388017,      0.9777216513,               0.5,      0.1153084749,      0.4753345426,                 0,                 0,                 0,       0.240562207,     0.08186992947,      0.4822201639,                 0,       4.122286269
          0,           0,         229,      -9.555650752,      -8.181304691,      -8.478832527,      -7.272118488,      -5.886395184,      -1.484330994,      0.9769544283,               0.5,       0.115308475,      0.4753345415,                 0,                 0,                 0,      0.2405622066,     0.08186992966,      0.4822201627,                 0,       4.122286255
          0,           0,         230,      -9.569904792,      -8.190250205,      -8.487922078,      -7.273516831,        -5.8938295,      -1.484203831,      0.9761913975,               0.5,      0.1153084751,      0.4753345404,                 0,                 0,                 0,      0.2405622061,     0.08186992985,      0.4822201617,                 0,       4.122286242
          0,           0,         231,      -9.578694866,      -8.192343188,      -8.490274866,       -7.26816008,      -5.894168884,      -1.483987805,       0.975432498,               0.5,      0.1153084752,      0.4753345394,                 0,                 0,                 0,      0.2405622057,     0.08186993003,      0.4822201606,                 0,       4.122286229
          0,           0,         232,      -9.580088398,      -8.187661749,      -8.485905619,      -7.256562473,      -5.887822991,      -1.483659422,      0.9746776887,               0.5,      0.1153084753,      0.4753345384,                 0,                 0,                 0,      0.2405622053,     0.08186993021,      0.4822201596,                 0,       4.122286216
          0,           0,         233,      -9.574580033,       -8.17669031,       -8.47525893,      -7.239399431,      -5.875326653,      -1.483190851,      0.9739269338,               0.5,      0.1153084754,      0.4753345374,                 0,                 0,                 0,      0.2405622049,     0.08186993039,      0.4822201587,                 0,       4.122286203
          0,           0,         234,      -9.562856558,      -8.160094862,      -8.458983054,      -7.217435012,      -5.857376524,      -1.482549286,      0.9731801983,               0.5,      0.1153084755,      0.4753345364,                 0,                 0,                 0,      0.2405622045,     0.08186993057,      0.4822201577,                 0,       4.122286191
          0,           0,         235,      -9.545595585,      -8.138631739,      -8.437826104,       -7.19145374,      -5.834744077,      -1.481696297,      0.9724374469,               0.5,      0.1153084757,      0.4753345354,                 0,                 0,                 0,      0.2405622041,     0.08186993076,      0.4822201567,                 0,       4.122286178
          0,           0,         236,        -9.5235554,      -8.113083131,      -8.412564799,      -7.162207107,      -5.808212101,      -1.480587167,      0.9716986445,               0.5,      0.1153084758,      0.4753345344,                 0,                 0,                 0,      0.2405622037,     0.08186993096,      0.4822201558,                 0,       4.122286165
          0,           0,         237,       -9.49752728,      -8.084203017,      -8.383949569,      -7.130377963,      -5.778523614,      -1.479170249,      0.9709637561,               0.5,      0.1153084759,      0.4753345334,                 0,                 0,                 0,      0.2405622033,     0.08186993116,      0.4822201548,                 0,       4.122286151
          0,           0,         238,      -9.468263193,      -8.052679539,       -8.35266715,      -7.096561758,       -5.74634909,      -1.477386375,       0.970232747,               0.5,      0.1153084761,      0.4753345324,                 0,                 0,                 0,      0.2405622029,     0.08186993138,      0.4822201538,                 0,       4.122286137
          0,           0,         239,      -9.436442686,      -8.019115267,      -8.319320017,      -7.061261011,      -5.712269985,      -1.475168398,      0.9695055826,               0.5,      0.1153084762,      0.4753345313,                 0,                 0,                 0,      0.2405622024,     0.08186993162,      0.4822201527,                 0,       4.122286122
          0,           0,         240,      -9.402658812,      -7.984020186,      -8.284419295,      -7.024888731,      -5.676774865,      -1.472440915,      0.9687822289,               0.5,      0.1153084764,      0.4753345302,                 0,                 0,                 0,       0.240562202,     0.08186993187,      0.4822201515,                 0,       4.122286106
          0,           0,         241,      -9.367408601,        -7.9478147,      -8.248387067,      -6.987777001,      -5.640263828,      -1.469120289,      0.9680626522,               0.5,      0.1153084766,      0.4753345289,                 0,                 0,                 0,      0.2405622015,     0.08186993214,      0.4822201503,                 0,       4.122286089
          0,           0,         242,      -9.331101435,      -7.910837667,      -8.211564123,      -6.950187853,      -5.603057598,      -1.465115056,      0.9673468193,               0.5,      0.1153084768,      0.4753345276,                 0,                 0,                 0,      0.2405622009,     0.08186993243,       0.482220149,                 0,        4.12228607
          0,           0,         243,      -9.294065396,      -7.873356957,      -8.174220502,      -6.912324571,      -5.565408572,      -1.460326832,      0.9666346976,               0.5,       0.115308477,      0.4753345262,                 0,                 0,                 0,      0.2405622004,     0.08186993274,      0.4822201476,                 0,        4.12228605
          0,           0,         244,      -9.256559174,      -7.835580968,      -8.136566533,       -6.87434231,      -5.527512066,      -1.454651826,      0.9659262554,               0.5,      0.1153084772,      0.4753345247,                 0,                 0,                 0,      0.2405621997,     0.08186993309,      0.4822201461,                 0,       4.122286028
          0,           0,         245,      -9.218783891,      -7.797668997,      -8.098763432,      -6.836357491,      -5.489516776,      -1.447983028,      0.9652214614,               0.5,      0.1153084775,       0.475334523,                 0,                 0,                 0,      0.2405621991,     0.08186993346,      0.4822201445,                 0,       4.122286005
          0,           0,         246,      -9.180891703,      -7.759740901,      -8.060932743,      -6.798455802,      -5.451533963,       -1.44021309,      0.9645202858,               0.5,      0.1153084778,      0.4753345212,                 0,                 0,                 0,      0.2405621984,     0.08186993387,      0.4822201427,                 0,       4.122285979
          0,           0,         247,       -9.14299797,      -7.721885174,      -8.023164425,      -6.760698824,      -5.413645246,       -1.43123787,      0.9638226995,               0.5,      0.1153084781,      0.4753345192,                 0,                 0,                 0,      0.2405621976,     0.08186993431,      0.4822201408,                 0,       4.122285951
          0,           0,         248,      -9.105186841,      -7.684165598,      -7.985523597,      -6.723129413,      -5.375909027,      -1.420960463,      0.9631286748,               0.5,      0.1153084784,      0.4753345171,                 0,                 0,                 0,      0.2405621967,      0.0818699348,      0.4822201387,                 0,        4.12228592
          0,           0,         249,      -9.067518811,      -7.646626832,      -7.948056019,      -6.685776011,      -5.338365698,      -1.409295498,      0.9624381853,               0.5,      0.1153084788,      0.4753345148,                 0,                 0,                 0,      0.2405621958,     0.08186993532,      0.4822201364,                 0,       4.122285887
          0,           0,         250,      -9.030036398,      -7.609298707,       -7.91079251,      -6.648656057,      -5.301041809,      -1.396173347,      0.9617512067,               0.5,      0.1153084792,      0.4753345123,                 0,                 0,                 0,      0.2405621948,      0.0818699359,      0.4822201339,                 0,       4.122285851
          0,           0,         251,      -8.992767137,      -7.572199775,      -7.873752457,      -6.611778673,      -5.263953354,      -1.381543846,      0.9610677162,               0.5,      0.1153084796,      0.4753345095,                 0,                 0,                 0,      0.2405621937,     0.08186993652,      0.4822201311,                 0,       4.122285812
          0,           0,         252,      -8.955728286,      -7.535340032,      -7.836946569,      -6.575146754,      -5.227108364,      -1.365379149,      0.9603876935,               0.5,      0.1153084801,      0.4753345065,                 0,                 0,                 0,      0.2405621924,      0.0818699372,      0.4822201282,                 0,       4.122285769
          0,           0,         253,      -8.918928648,      -7.498723063,      -7.800379038,      -6.538758594,      -5.190508915,       -1.34767536,      0.9597111211,               0.5,      0.1153084806,      0.4753345032,                 0,                 0,                 0,      0.2405621911,     0.08186993794,      0.4822201249,                 0,       4.122285722
          0,           0,         254,      -8.882371207,      -7.462347677,      -7.764049222,       -6.48691688,      -5.154152695,      -1.328452768,      0.9590379842,               0.5,      0.1153084812,      0.4753344996,                 0,                 0,                 0,      0.2405621897,     0.08186993875,      0.4822201214,                 0,       4.122285671
          0,           0,         255,      -8.846053875,      -7.411139667,      -7.712385341,      -6.394124122,      -5.099962995,      -1.307754441,      0.9583671213,               0.5,      0.1153084818,      0.4753344958,                 0,                 0,                 0,      0.2405621882,     0.08186993964,      0.4822201176,                 0,       4.122285615
          0,           0,         256,      -8.793729255,      -7.319766935,      -7.619650216,       -6.31680126,      -5.001688541,      -1.285643098,      0.9576972007,               0.5,      0.1153084826,      0.4753344917,                 0,                 0,                 0,      0.2405621865,     0.08186994069,      0.4822201136,                 0,       4.122285552
          0,           0,         257,      -8.698107182,      -7.241328199,      -7.541060342,      -6.247105644,       -4.92716215,      -1.262198758,      0.9570326756,               0.5,      0.1153084835,      0.4753344871,                 0,                 0,                 0,      0.2405621847,     0.08186994194,       0.482220109,                 0,       4.122285479
          0,           0,         258,       -8.61733332,      -7.159424465,      -7.430891257,      -6.180813559,      -4.862055754,      -1.237514311,      0.9563636586,               0.5,      0.1153084847,      0.4753344812,                 0,                 0,                 0,      0.2405621823,     0.08186994351,      0.4822201033,                 0,       4.122285387
          0,           0,         259,      -8.521786161,      -7.084869229,      -7.329941887,      -6.127139587,      -4.804311855,      -1.211691085,      0.9556993306,               0.5,      0.1153084861,      0.4753344735,                 0,                 0,                 0,      0.2405621791,     0.08186994553,      0.4822200957,                 0,       4.122285266
          0,           0,         260,      -8.435650904,      -7.029862536,      -7.273158757,      -6.078410638,      -4.751732791,      -1.184834754,      0.9550477364,               0.5,      0.1153084879,      0.4753344636,                 0,                 0,                 0,      0.2405621749,     0.08186994799,      0.4822200859,                 0,       4.122285117
          0,           0,         261,      -8.383179621,      -6.981008637,      -7.225320695,      -6.032826357,      -4.703148166,      -1.157051734,      0.9544016124,               0.5,        0.11530849,      0.4753344516,                 0,                 0,                 0,      0.2405621698,     0.08186995087,      0.4822200741,                 0,        4.12228494
          0,           0,         262,       -8.33741152,      -6.935456269,      -7.180791583,      -5.989615631,      -4.657607253,      -1.128446026,      0.9537603688,               0.5,      0.1153084923,      0.4753344376,                 0,                 0,                 0,      0.2405621638,     0.08186995418,      0.4822200603,                 0,       4.122284735
          0,           0,         263,      -8.292784151,      -6.892250785,      -7.138418614,      -5.948264141,      -4.614431245,      -1.099116787,      0.9531242455,               0.5,      0.1153084949,      0.4753344215,                 0,                 0,                 0,      0.2405621568,     0.08186995791,      0.4822200445,                 0,       4.122284502
          0,           0,         264,      -8.250107867,      -6.850893273,      -7.097708185,      -5.931028912,      -4.573113734,      -1.078321658,      0.9524935729,               0.5,      0.1153084978,      0.4753344034,                 0,                 0,                 0,       0.240562149,     0.08186996207,      0.4822200266,                 0,       4.122284241
          0,           0,         265,      -8.209253608,      -6.833989756,      -7.087134981,      -6.023530031,      -4.557388687,       -1.09374044,      0.9518663813,               0.5,      0.1153085009,      0.4753343831,                 0,                 0,                 0,      0.2405621402,     0.08186996652,      0.4822200066,                 0,       4.122283956
          0,           0,         266,      -8.196828348,      -6.931545095,       -7.22127822,      -6.117571816,      -4.661591509,      -1.107844865,      0.9512388777,               0.5,      0.1153085034,       0.475334361,                 0,                 0,                 0,      0.2405621307,     0.08186997055,      0.4822199847,                 0,       4.122283676
          0,           0,         267,      -8.320992625,       -7.02812027,      -7.326707377,      -6.218138374,      -4.752880146,      -1.121752187,      0.9506026255,               0.5,      0.1153085053,      0.4753343394,                 0,                 0,                 0,      0.2405621214,     0.08186997404,      0.4822199632,                 0,       4.122283417
          0,           0,         268,      -8.435334547,      -7.129733908,      -7.430393893,       -6.32858388,      -4.855317411,      -1.135413082,      0.9499690186,               0.5,      0.1153085069,      0.4753343194,                 0,                 0,                 0,      0.2405621129,     0.08186997701,      0.4822199434,                 0,       4.122283187
          0,           0,         269,      -8.535265794,      -7.240159851,      -7.542228447,      -6.452957761,      -4.967496329,      -1.148816978,      0.9493410651,               0.5,      0.1153085081,      0.4753343017,                 0,                 0,                 0,      0.2405621054,     0.08186997947,      0.4822199259,                 0,        4.12228299
          0,           0,         270,        -8.6463967,      -7.364395569,      -7.668140295,       -6.59832998,      -5.094588787,      -1.161955129,      0.9487185587,               0.5,      0.1153085091,      0.4753342865,                 0,                 0,                 0,       0.240562099,     0.08186998146,      0.4822199107,                 0,       4.122282824
          0,           0,         271,       -8.77544726,      -7.509639098,      -7.815813089,      -6.778719108,      -5.244214013,      -1.174819289,      0.9481007362,               0.5,      0.1153085098,      0.4753342737,                 0,                 0,                 0,      0.2405620936,     0.08186998304,       0.482219898,                 0,       4.122282689
          0,           0,         272,      -8.927548229,      -7.689763534,      -8.000243126,      -7.028928353,      -5.432275618,      -1.187401699,      0.9474868944,               0.5,      0.1153085103,      0.4753342633,                 0,                 0,                 0,      0.2405620892,     0.08186998425,      0.4822198876,                 0,       4.122282581
          0,           0,         273,      -9.118653462,      -7.939180563,      -8.259465519,      -7.484704032,       -5.70018819,      -1.199695122,      0.9468764913,               0.5,      0.1153085106,       0.475334255,                 0,                 0,                 0,      0.2405620857,     0.08186998514,      0.4822198794,                 0,       4.122282498
          0,           0,         274,      -9.390483493,      -8.389568365,      -8.748900435,      -7.605771523,      -6.229257289,      -1.211692892,      0.9462691354,               0.5,      0.1153085107,      0.4753342487,                 0,                 0,                 0,      0.2405620831,     0.08186998574,      0.4822198732,                 0,       4.122282438
          0,           0,         275,       -9.86477866,      -8.513610558,      -8.747467317,      -7.172875449,      -6.123568214,      -1.223388955,      0.9456645548,               0.5,      0.1153085108,      0.4753342442,                 0,                 0,                 0,      0.2405620812,      0.0818699861,      0.4822198687,                 0,       4.122282397
          0,           0,         276,       -9.69751735,      -8.085104172,      -8.355427904,      -6.983928264,      -5.756012057,       -1.23477791,      0.9450625669,               0.5,      0.1153085107,      0.4753342413,                 0,                 0,                 0,        0.24056208,     0.08186998625,      0.4822198657,                 0,       4.122282374
          0,           0,         277,      -9.396040872,      -7.896262062,      -8.176263544,      -6.871996251,      -5.583797566,       -1.24585505,      0.9444630543,               0.5,      0.1153085106,      0.4753342397,                 0,                 0,                 0,      0.2405620793,     0.08186998622,      0.4822198641,                 0,       4.122282365
          0,           0,         278,      -9.237924254,      -7.784298519,      -8.068567333,       -6.79755669,      -5.479257465,      -1.256616398,      0.9438659456,               0.5,      0.1153085104,      0.4753342392,                 0,                 0,                 0,      0.2405620792,     0.08186998604,      0.4822198637,                 0,       4.122282369
          0,           0,         279,      -9.139193708,      -7.709825231,      -7.996479313,      -6.745248021,      -5.408956386,      -1.267058739,      0.9432712016,               0.5,      0.1153085101,      0.4753342398,                 0,                 0,                 0,      0.2405620794,     0.08186998572,      0.4822198642,                 0,       4.122282383
          0,           0,         280,      -9.072023491,      -7.657490951,      -7.945661894,      -6.707502136,      -5.359282302,      -1.277179643,      0.9426788049,               0.5,      0.1153085098,      0.4753342411,                 0,                 0,                 0,      0.2405620801,      0.0818699853,      0.4822198656,                 0,       4.122282407
          0,           0,         281,      -9.024297614,       -7.61972651,       -7.90894319,      -6.680032695,      -5.323354135,      -1.286977487,       0.942088752,               0.5,      0.1153085094,      0.4753342433,                 0,                 0,                 0,       0.240562081,     0.08186998479,      0.4822198676,                 0,       4.122282438
          0,           0,         282,        -8.9896941,      -7.592243672,      -7.882222096,      -6.660176541,      -5.297209703,      -1.296451467,      0.9415010481,               0.5,       0.115308509,       0.475334246,                 0,                 0,                 0,      0.2405620821,     0.08186998421,      0.4822198703,                 0,       4.122282476
          0,           0,         283,       -8.96450635,      -7.572377773,      -7.862933554,      -6.646165717,      -5.278358631,      -1.305601601,      0.9409157031,               0.5,      0.1153085086,      0.4753342491,                 0,                 0,                 0,      0.2405620835,     0.08186998357,      0.4822198735,                 0,       4.122282519
          0,           0,         284,      -8.946376517,      -7.558359746,      -7.849366406,      -6.636766591,      -5.265133452,      -1.314428729,      0.9403327291,               0.5,      0.1153085081,      0.4753342527,                 0,                 0,                 0,      0.2405620851,     0.08186998288,       0.482219877,                 0,       4.122282565
          0,           0,         285,      -8.933712483,      -7.548955184,      -7.840322164,      -6.631084236,      -5.256362949,      -1.322934497,      0.9397521381,               0.5,      0.1153085077,      0.4753342566,                 0,                 0,                 0,      0.2405620867,     0.08186998215,      0.4822198809,                 0,       4.122282616
          0,           0,         286,      -8.925389452,      -7.543268599,      -7.834928822,      -6.628448865,      -5.251193005,      -1.331121344,      0.9391739412,               0.5,      0.1153085072,      0.4753342608,                 0,                 0,                 0,      0.2405620885,      0.0818699814,       0.482219885,                 0,       4.122282668
          0,           0,         287,      -8.920583145,      -7.540629773,      -7.832532169,        -6.6283462,      -5.248981642,      -1.338992472,      0.9385981476,               0.5,      0.1153085068,      0.4753342652,                 0,                 0,                 0,      0.2405620904,     0.08186998063,      0.4822198893,                 0,       4.122282723
          0,           0,         288,       -8.91867169,      -7.540524131,      -7.832628891,      -6.630372846,      -5.249234186,      -1.346551815,      0.9380247645,               0.5,      0.1153085063,      0.4753342697,                 0,                 0,                 0,      0.2405620923,     0.08186997985,      0.4822198938,                 0,       4.122282779
          0,           0,         289,      -8.919174339,      -7.542548032,      -7.834823521,      -6.634206611,      -5.251561459,      -1.353803996,      0.9374537965,               0.5,      0.1153085058,      0.4753342743,                 0,                 0,                 0,      0.2405620942,     0.08186997905,      0.4822198983,                 0,       4.122282835
          0,           0,         290,      -8.921712197,      -7.546379089,      -7.838799755,      -6.639586142,      -5.255651832,      -1.360754287,      0.9368852458,               0.5,      0.1153085053,      0.4753342789,                 0,                 0,                 0,      0.2405620962,     0.08186997826,      0.4822199029,                 0,       4.122282892
          0,           0,         291,      -8.925981019,      -7.551755815,      -7.844300701,      -6.646296574,      -5.261251966,      -1.367408554,      0.9363191121,               0.5,      0.1153085049,      0.4753342836,                 0,                 0,                 0,      0.2405620982,     0.08186997747,      0.4822199076,                 0,        4.12228295
          0,           0,         292,      -8.931732913,      -7.558463221,      -7.851114918,      -6.654159181,      -5.268153184,      -1.373773205,      0.9357553932,               0.5,      0.1153085044,      0.4753342883,                 0,                 0,                 0,      0.2405621002,     0.08186997669,      0.4822199122,                 0,       4.122283007
          0,           0,         293,      -8.938763895,      -7.566322472,      -7.859066381,      -6.663023757,      -5.276181619,      -1.379855134,      0.9351940844,               0.5,       0.115308504,      0.4753342929,                 0,                 0,                 0,      0.2405621022,     0.08186997591,      0.4822199168,                 0,       4.122283063
          0,           0,         294,      -8.946903213,      -7.575183294,      -7.868007017,      -6.672762907,      -5.285190929,      -1.385661661,      0.9346351795,               0.5,      0.1153085035,      0.4753342976,                 0,                 0,                 0,      0.2405621042,     0.08186997515,      0.4822199214,                 0,       4.122283119
          0,           0,         295,      -8.956007195,      -7.584918222,       -7.87781115,      -6.683267701,      -5.295056835,      -1.391200474,      0.9340786704,               0.5,      0.1153085031,      0.4753343021,                 0,                 0,                 0,      0.2405621061,      0.0818699744,      0.4822199259,                 0,       4.122283174
          0,           0,         296,      -8.965953682,      -7.595418261,      -7.888371251,      -6.694444318,      -5.305672946,      -1.396479567,      0.9335245477,               0.5,      0.1153085027,      0.4753343066,                 0,                 0,                 0,       0.240562108,     0.08186997366,      0.4822199304,                 0,       4.122283228
          0,           0,         297,      -8.976638222,      -7.606589549,      -7.899594645,       -6.70621142,      -5.316947531,      -1.401507183,      0.9329728007,               0.5,      0.1153085022,       0.475334311,                 0,                 0,                 0,      0.2405621099,     0.08186997294,      0.4822199347,                 0,       4.122283282
          0,           0,         298,      -8.987970304,      -7.618350698,      -7.911400943,      -6.718498069,      -5.328800985,      -1.406291755,      0.9324234175,               0.5,      0.1153085018,      0.4753343154,                 0,                 0,                 0,      0.2405621118,     0.08186997223,       0.482219939,                 0,       4.122283333
          0,           0,         299,      -8.999871419,      -7.630630746,      -7.923720004,      -6.731242069,      -5.341163827,      -1.410841854,      0.9318763854,               0.5,      0.1153085014,      0.4753343196,                 0,                 0,                 0,      0.2405621136,     0.08186997154,      0.4822199432,                 0,       4.122283384
          0,           0,         300,      -9.012273346,      -7.643367443,      -7.936490298,      -6.744388618,      -5.353975087,      -1.415166132,      0.9313316908,               0.5,      0.1153085011,      0.4753343237,                 0,                 0,                 0,      0.2405621153,     0.08186997087,      0.4822199473,                 0,       4.122283434
          0,           0,         301,      -9.025115621,      -7.656505976,      -7.949657593,      -6.757889214,      -5.367181006,      -1.419273277,      0.9307893196,               0.5,      0.1153085007,      0.4753343277,                 0,                 0,                 0,       0.240562117,     0.08186997022,      0.4822199513,                 0,       4.122283482
          0,           0,         302,      -9.038345568,      -7.669997807,      -7.963173866,      -6.771700756,      -5.380733975,      -1.423171966,      0.9302492571,               0.5,      0.1153085003,      0.4753343317,                 0,                 0,                 0,      0.2405621187,     0.08186996959,      0.4822199552,                 0,       4.122283529
          0,           0,         303,        -9.0519157,      -7.683799826,      -7.976996433,      -6.785784798,       -5.39459166,      -1.426870824,      0.9297114881,               0.5,         0.1153085,      0.4753343355,                 0,                 0,                 0,      0.2405621203,     0.08186996898,       0.482219959,                 0,       4.122283574
          0,           0,         304,      -9.065784508,       -7.69787355,      -7.991087201,      -6.800106925,      -5.408716278,      -1.430378383,      0.9291759973,               0.5,      0.1153084996,      0.4753343392,                 0,                 0,                 0,      0.2405621219,     0.08186996838,      0.4822199626,                 0,       4.122283618
          0,           0,         305,      -9.079914568,      -7.712184552,      -8.005412066,      -6.814636231,      -5.423073989,      -1.433703054,      0.9286427689,               0.5,      0.1153084993,      0.4753343428,                 0,                 0,                 0,      0.2405621234,      0.0818699678,      0.4822199662,                 0,       4.122283661
          0,           0,         306,      -9.094272351,      -7.726701915,      -8.019940388,      -6.829344883,      -5.437634395,      -1.436853093,      0.9281117869,               0.5,       0.115308499,      0.4753343462,                 0,                 0,                 0,      0.2405621249,     0.08186996724,      0.4822199696,                 0,       4.122283703
          0,           0,         307,      -9.108827978,      -7.741397779,       -8.03464457,      -6.844207739,        -5.4523701,      -1.439836579,      0.9275830355,               0.5,      0.1153084987,      0.4753343496,                 0,                 0,                 0,      0.2405621263,      0.0818699667,       0.482219973,                 0,       4.122283743
          0,           0,         308,      -9.123553931,      -7.756246994,      -8.049499674,      -6.859202034,      -5.467256353,      -1.442661387,      0.9270564986,               0.5,      0.1153084984,      0.4753343529,                 0,                 0,                 0,      0.2405621277,     0.08186996618,      0.4822199762,                 0,       4.122283782
          0,           0,         309,      -9.138426127,      -7.771226779,      -8.064483114,      -6.874307104,      -5.482270732,      -1.445335176,      0.9265321599,               0.5,      0.1153084981,      0.4753343561,                 0,                 0,                 0,      0.2405621291,     0.08186996567,      0.4822199794,                 0,        4.12228382
          0,           0,         310,       -9.15342229,      -7.786316478,      -8.079574388,      -6.889504146,      -5.497392877,      -1.447865371,      0.9260100034,               0.5,      0.1153084978,      0.4753343591,                 0,                 0,                 0,      0.2405621304,     0.08186996518,      0.4822199824,                 0,       4.122283856
          0,           0,         311,      -9.168522031,      -7.801497221,      -8.094754831,      -6.904776019,      -5.512604256,      -1.450259149,       0.925490013,               0.5,      0.1153084976,      0.4753343621,                 0,                 0,                 0,      0.2405621316,     0.08186996471,      0.4822199853,                 0,       4.122283891
          0,           0,         312,       -9.18370705,      -7.816751917,      -8.110007429,       -6.92010706,      -5.527887969,      -1.452523437,      0.9249721728,               0.5,      0.1153084973,      0.4753343649,                 0,                 0,                 0,      0.2405621329,     0.08186996425,      0.4822199882,                 0,       4.122283925
          0,           0,         313,      -9.198960867,      -7.832064868,      -8.125316628,      -6.935482935,       -5.54322857,      -1.454664901,      0.9244564667,               0.5,      0.1153084971,      0.4753343677,                 0,                 0,                 0,       0.240562134,     0.08186996381,      0.4822199909,                 0,       4.122283958
          0,           0,         314,      -9.214267817,      -7.847421732,      -8.140668196,      -6.950890497,      -5.558611916,      -1.456689944,       0.923942879,               0.5,      0.1153084968,      0.4753343704,                 0,                 0,                 0,      0.2405621352,     0.08186996339,      0.4822199936,                 0,        4.12228399
          0,           0,         315,      -9.229614045,      -7.862809364,      -8.156049069,      -6.966317669,      -5.574025037,      -1.458604704,      0.9234313938,               0.5,      0.1153084966,      0.4753343729,                 0,                 0,                 0,      0.2405621363,     0.08186996297,      0.4822199961,                 0,       4.122284021
          0,           0,         316,       -9.24498679,      -7.878215657,      -8.171447257,      -6.981753342,      -5.589456012,      -1.460415056,      0.9229219957,               0.5,      0.1153084964,      0.4753343754,                 0,                 0,                 0,      0.2405621373,     0.08186996258,      0.4822199986,                 0,        4.12228405
          0,           0,         317,      -9.260373853,      -7.893629498,      -8.186851718,      -6.997187276,      -5.604893873,      -1.462126613,      0.9224146692,               0.5,      0.1153084962,      0.4753343778,                 0,                 0,                 0,      0.2405621384,     0.08186996219,       0.482220001,                 0,       4.122284079
          0,           0,         318,      -9.275764818,       -7.90904066,      -8.202252279,      -7.012610024,       -5.62032851,      -1.463744729,      0.9219093989,               0.5,      0.1153084959,      0.4753343802,                 0,                 0,                 0,      0.2405621394,     0.08186996182,      0.4822200033,                 0,       4.122284107
          0,           0,         319,      -9.291149454,      -7.924439665,      -8.217639549,      -7.028012853,      -5.635750591,      -1.465274506,      0.9214061698,               0.5,      0.1153084957,      0.4753343824,                 0,                 0,                 0,      0.2405621403,     0.08186996147,      0.4822200055,                 0,       4.122284133
          0,           0,         320,      -9.306518178,      -7.939817821,      -8.233004849,      -7.043387686,      -5.651151488,      -1.466720798,      0.9209049666,               0.5,      0.1153084955,      0.4753343846,                 0,                 0,                 0,      0.2405621412,     0.08186996112,      0.4822200077,                 0,       4.122284159
          0,           0,         321,      -9.321862961,      -7.955166978,      -8.248340151,      -7.058727038,      -5.666523223,      -1.468088217,      0.9204057747,               0.5,      0.1153084954,      0.4753343867,                 0,                 0,                 0,      0.2405621421,     0.08186996079,      0.4822200097,                 0,       4.122284184
          0,           0,         322,      -9.337175734,      -7.970479692,      -8.263638018,      -7.074023968,      -5.681858397,      -1.469381143,      0.9199085793,               0.5,      0.1153084952,      0.4753343887,                 0,                 0,                 0,       0.240562143,     0.08186996047,      0.4822200117,                 0,       4.122284208
          0,           0,         323,      -9.352448909,      -7.985749018,      -8.278891544,      -7.089272032,      -5.697150149,      -1.470603727,      0.9194133658,               0.5,       0.115308495,      0.4753343907,                 0,                 0,                 0,      0.2405621438,     0.08186996016,      0.4822200137,                 0,       4.122284231
          0,           0,         324,      -9.367675734,      -8.000968466,      -8.294094326,      -7.104465243,      -5.712392111,      -1.471759905,      0.9189201199,               0.5,      0.1153084948,      0.4753343925,                 0,                 0,                 0,      0.2405621446,     0.08186995986,      0.4822200155,                 0,       4.122284253
          0,           0,         325,      -9.382850106,      -8.016132099,      -8.309240413,      -7.119598031,      -5.727578363,      -1.472853402,      0.9184288274,               0.5,      0.1153084947,      0.4753343944,                 0,                 0,                 0,      0.2405621454,     0.08186995957,      0.4822200173,                 0,       4.122284275
          0,           0,         326,      -9.397965939,      -8.031234335,      -8.324324265,      -7.134665214,      -5.742703396,      -1.473887742,      0.9179394741,               0.5,      0.1153084945,      0.4753343961,                 0,                 0,                 0,      0.2405621461,     0.08186995929,      0.4822200191,                 0,       4.122284296
          0,           0,         327,       -9.41301806,      -8.046269936,      -8.339340732,      -7.149661964,      -5.757762087,      -1.474866257,      0.9174520461,               0.5,      0.1153084944,      0.4753343978,                 0,                 0,                 0,      0.2405621469,     0.08186995902,      0.4822200208,                 0,       4.122284316
          0,           0,         328,      -9.428001018,      -8.061234144,      -8.354285018,      -7.164583786,      -5.772749661,      -1.475792093,      0.9169665296,               0.5,      0.1153084942,      0.4753343995,                 0,                 0,                 0,      0.2405621476,     0.08186995876,      0.4822200224,                 0,       4.122284336
          0,           0,         329,       -9.44291002,      -8.076122441,      -8.369152649,      -7.179426486,      -5.787661671,      -1.476668224,      0.9164829112,               0.5,      0.1153084941,       0.475334401,                 0,                 0,                 0,      0.2405621483,      0.0818699585,       0.482220024,                 0,       4.122284354
          0,           0,         330,      -9.457741248,      -8.090930571,      -8.383939468,      -7.194186159,      -5.802493972,      -1.477497453,      0.9160011772,               0.5,      0.1153084939,      0.4753344026,                 0,                 0,                 0,      0.2405621489,     0.08186995826,      0.4822200255,                 0,       4.122284373
          0,           0,         331,      -9.472489947,      -8.105654721,      -8.398641582,      -7.208859159,      -5.817242695,      -1.478282428,      0.9155213144,               0.5,      0.1153084938,      0.4753344041,                 0,                 0,                 0,      0.2405621495,     0.08186995802,       0.482220027,                 0,        4.12228439
          0,           0,         332,      -9.487152556,       -8.12029121,      -8.413255389,      -7.223442092,      -5.831904241,      -1.479025643,      0.9150433096,               0.5,      0.1153084937,      0.4753344055,                 0,                 0,                 0,      0.2405621501,      0.0818699578,      0.4822200284,                 0,       4.122284407
          0,           0,         333,      -9.501725173,      -8.134836633,      -8.427777499,      -7.237931792,      -5.846475248,       -1.47972945,      0.9145671498,               0.5,      0.1153084936,      0.4753344069,                 0,                 0,                 0,      0.2405621507,     0.08186995758,      0.4822200298,                 0,       4.122284424
          0,           0,         334,      -9.516205214,      -8.149287828,      -8.442204786,      -7.252325312,      -5.860952586,      -1.480396067,      0.9140928221,               0.5,      0.1153084934,      0.4753344082,                 0,                 0,                 0,      0.2405621513,     0.08186995736,      0.4822200311,                 0,       4.122284439
          0,           0,         335,      -9.530589154,      -8.163641837,      -8.456534313,      -7.266619906,      -5.875333341,      -1.481027581,      0.9136203138,               0.5,      0.1153084933,      0.4753344095,                 0,                 0,                 0,      0.2405621519,     0.08186995716,      0.4822200324,                 0,       4.122284455
          0,           0,         336,      -9.544873563,      -8.177895968,      -8.470763372,      -7.280813023,      -5.889614797,       -1.48162596,      0.9131496123,               0.5,      0.1153084932,      0.4753344108,                 0,                 0,                 0,      0.2405621524,     0.08186995696,      0.4822200336,                 0,        4.12228447
          0,           0,         337,      -9.559056899,      -8.192047618,       -8.48488943,      -7.294902294,      -5.903794433,      -1.482193056,       0.912680705,               0.5,      0.1153084931,       0.475334412,                 0,                 0,                 0,      0.2405621529,     0.08186995677,      0.4822200348,                 0,       4.122284484
          0,           0,         338,      -9.573135631,      -8.206094447,      -8.498910138,      -7.317490041,      -5.917869907,      -1.482730614,      0.9122135798,               0.5,       0.115308493,      0.4753344132,                 0,                 0,                 0,      0.2405621534,     0.08186995658,       0.482220036,                 0,       4.122284498
          0,           0,         339,       -9.58710814,        -8.2280581,      -8.520947892,      -7.348976934,      -5.941975476,      -1.483240271,      0.9117481528,               0.5,      0.1153084929,      0.4753344143,                 0,                 0,                 0,      0.2405621539,      0.0818699564,      0.4822200371,                 0,       4.122284512
          0,           0,         340,      -9.609484369,      -8.258760633,      -8.551629465,      -7.379584398,      -5.974845987,       -1.48372357,      0.9112844118,               0.5,      0.1153084928,      0.4753344154,                 0,                 0,                 0,      0.2405621544,     0.08186995623,      0.4822200382,                 0,       4.122284524
          0,           0,         341,      -9.641382932,      -8.289234287,       -8.58188421,      -7.409144132,      -6.005092958,      -1.484181968,      0.9108224284,               0.5,      0.1153084927,      0.4753344165,                 0,                 0,                 0,      0.2405621548,     0.08186995607,      0.4822200393,                 0,       4.122284537
          0,           0,         342,      -9.672560072,      -8.318769669,       -8.61125017,      -7.437687996,      -6.034547968,      -1.484616838,       0.910362196,               0.5,      0.1153084926,      0.4753344175,                 0,                 0,                 0,      0.2405621553,     0.08186995592,      0.4822200403,                 0,       4.122284548
          0,           0,         343,      -9.701808027,      -8.347252835,      -8.639588295,       -7.46522844,       -6.06294079,      -1.485029469,      0.9099037035,               0.5,      0.1153084926,      0.4753344184,                 0,                 0,                 0,      0.2405621557,     0.08186995578,      0.4822200412,                 0,       4.122284559
          0,           0,         344,      -9.729942937,       -8.37472225,      -8.666913537,      -7.491786944,      -6.090338433,      -1.485421078,      0.9094469375,               0.5,      0.1153084925,      0.4753344193,                 0,                 0,                 0,      0.2405621561,     0.08186995564,      0.4822200421,                 0,        4.12228457
          0,           0,         345,      -9.757134947,      -8.401205344,      -8.693248601,      -7.517387625,      -6.116756068,      -1.485792808,      0.9089918843,               0.5,      0.1153084924,      0.4753344202,                 0,                 0,                 0,      0.2405621564,     0.08186995552,      0.4822200429,                 0,        4.12228458
          0,           0,         346,      -9.783330016,      -8.426725625,      -8.718620099,      -7.542057516,        -6.1422199,      -1.486145736,      0.9085385305,               0.5,      0.1153084924,       0.475334421,                 0,                 0,                 0,      0.2405621568,      0.0818699554,      0.4822200437,                 0,       4.122284589
          0,           0,         347,       -9.80854477,      -8.451309868,       -8.74305651,      -7.565825993,      -6.166757296,      -1.486480874,      0.9080868631,               0.5,      0.1153084923,      0.4753344217,                 0,                 0,                 0,      0.2405621571,     0.08186995528,      0.4822200445,                 0,       4.122284597
          0,           0,         348,      -9.832818943,      -8.474987968,      -8.766588408,      -7.588724351,      -6.190398031,      -1.486799177,      0.9076368697,               0.5,      0.1153084922,      0.4753344224,                 0,                 0,                 0,      0.2405621574,     0.08186995518,      0.4822200452,                 0,       4.122284606
          0,           0,         349,      -9.856185186,      -8.497791576,      -8.789247997,      -7.610785373,      -6.213173651,      -1.487101544,      0.9071885378,               0.5,      0.1153084922,      0.4753344231,                 0,                 0,                 0,      0.2405621577,     0.08186995508,      0.4822200458,                 0,       4.122284613
          0,           0,         350,      -9.878676515,      -8.519753695,       -8.81106879,      -7.632042913,      -6.235117122,       -1.48738882,      0.9067418556,               0.5,      0.1153084921,      0.4753344237,                 0,                 0,                 0,       0.240562158,     0.08186995498,      0.4822200465,                 0,       4.122284621
          0,           0,         351,      -9.900327939,      -8.540908377,      -8.832085225,      -7.652531503,       -6.25626241,      -1.487661803,      0.9062968113,               0.5,      0.1153084921,      0.4753344243,                 0,                 0,                 0,      0.2405621582,     0.08186995489,      0.4822200471,                 0,       4.122284628
          0,           0,         352,      -9.921173974,      -8.561290559,      -8.852332409,      -7.672285993,      -6.276644113,      -1.487921242,      0.9058533934,               0.5,       0.115308492,      0.4753344249,                 0,                 0,                 0,      0.2405621585,      0.0818699548,      0.4822200476,                 0,       4.122284634
          0,           0,         353,      -9.941251837,      -8.580935197,      -8.871845639,      -7.691341211,      -6.296297083,      -1.488167847,      0.9054115908,               0.5,       0.115308492,      0.4753344255,                 0,                 0,                 0,      0.2405621587,     0.08186995472,      0.4822200482,                 0,       4.122284641
          0,           0,         354,      -9.960595888,      -8.599877454,      -8.890660118,      -7.709731671,      -6.315256106,      -1.488402282,      0.9049713923,               0.5,      0.1153084919,       0.475334426,                 0,                 0,                 0,      0.2405621589,     0.08186995464,      0.4822200487,                 0,       4.122284647
          0,           0,         355,      -9.979243427,      -8.618152155,      -8.908810689,      -7.727491312,      -6.333555614,      -1.488625177,      0.9045327871,               0.5,      0.1153084919,      0.4753344265,                 0,                 0,                 0,      0.2405621591,     0.08186995457,      0.4822200492,                 0,       4.122284652
          0,           0,         356,      -9.997227194,      -8.635793452,      -8.926331594,      -7.744653281,      -6.351229431,      -1.488837124,      0.9040957645,               0.5,      0.1153084919,      0.4753344269,                 0,                 0,                 0,      0.2405621593,     0.08186995449,      0.4822200496,                 0,       4.122284658
          0,           0,         357,      -10.01458426,      -8.652834568,      -8.943256178,      -7.761249745,      -6.368310562,      -1.489038682,      0.9036603139,               0.5,      0.1153084918,      0.4753344274,                 0,                 0,                 0,      0.2405621595,     0.08186995442,      0.4822200501,                 0,       4.122284663
          0,           0,         358,      -10.03134605,      -8.669308227,      -8.959616797,      -7.777311748,      -6.384830992,      -1.489230377,       0.903226425,               0.5,      0.1153084918,      0.4753344278,                 0,                 0,                 0,      0.2405621597,     0.08186995436,      0.4822200505,                 0,       4.122284668
          0,           0,         359,      -10.04754685,      -8.685245443,      -8.975444643,      -7.792869099,      -6.400821596,      -1.489412706,      0.9027940875,               0.5,      0.1153084918,      0.4753344282,                 0,                 0,                 0,      0.2405621599,     0.08186995429,      0.4822200509,                 0,       4.122284673
          0,           0,         360,      -10.06321624,      -8.700676153,      -8.990769639,      -7.807950285,      -6.416311967,      -1.489586139,      0.9023632914,               0.5,      0.1153084917,      0.4753344286,                 0,                 0,                 0,      0.2405621601,     0.08186995423,      0.4822200513,                 0,       4.122284678
          0,           0,         361,      -10.07838489,      -8.715629283,       -9.00562032,      -7.822582422,      -6.431330389,      -1.489751118,      0.9019340265,               0.5,      0.1153084917,       0.475334429,                 0,                 0,                 0,      0.2405621603,     0.08186995417,      0.4822200517,                 0,       4.122284682
          0,           0,         362,      -10.09308234,      -8.730131814,      -9.020023877,      -7.836791219,      -6.445903767,      -1.489908061,      0.9015062831,               0.5,      0.1153084917,      0.4753344294,                 0,                 0,                 0,      0.2405621604,     0.08186995412,      0.4822200521,                 0,       4.122284687
          0,           0,         363,      -10.10733258,      -8.744209909,      -9.034006014,      -7.850600971,      -6.460057582,      -1.490057364,      0.9010800515,               0.5,      0.1153084916,      0.4753344298,                 0,                 0,                 0,      0.2405621606,     0.08186995406,      0.4822200525,                 0,       4.122284691
          0,           0,         364,      -10.12116524,      -8.757887776,       -9.04759105,      -7.864034571,       -6.47381592,      -1.490199398,      0.9006553219,               0.5,      0.1153084916,      0.4753344301,                 0,                 0,                 0,      0.2405621607,     0.08186995401,      0.4822200528,                 0,       4.122284695
          0,           0,         365,      -10.13460259,      -8.771188502,      -9.060801853,      -7.877113526,      -6.487201462,      -1.490334517,      0.9002320849,               0.5,      0.1153084916,      0.4753344305,                 0,                 0,                 0,      0.2405621609,     0.08186995395,      0.4822200531,                 0,       4.122284699
          0,           0,         366,      -10.14766714,      -8.784133838,      -9.073659946,      -7.889857997,      -6.500235502,      -1.490463054,       0.899810331,               0.5,      0.1153084915,      0.4753344308,                 0,                 0,                 0,       0.240562161,      0.0818699539,      0.4822200535,                 0,       4.122284703
          0,           0,         367,      -10.16038114,      -8.796743785,      -9.086185388,      -7.902286843,      -6.512938006,      -1.490585323,      0.8993900509,               0.5,      0.1153084915,      0.4753344311,                 0,                 0,                 0,      0.2405621612,     0.08186995386,      0.4822200538,                 0,       4.122284706
          0,           0,         368,      -10.17276468,      -8.809037539,       -9.09839704,       -7.91441767,      -6.525327632,      -1.490701622,      0.8989712353,               0.5,      0.1153084915,      0.4753344314,                 0,                 0,                 0,      0.2405621613,     0.08186995381,      0.4822200541,                 0,        4.12228471
          0,           0,         369,      -10.18483399,      -8.821032502,      -9.110312423,      -7.926266893,      -6.537421809,      -1.490812234,      0.8985538752,               0.5,      0.1153084915,      0.4753344317,                 0,                 0,                 0,      0.2405621614,     0.08186995376,      0.4822200544,                 0,       4.122284714
          0,           0,         370,      -10.19660974,       -8.83274558,       -9.12194797,      -7.937849789,      -6.549236765,      -1.490917425,      0.8981379614,               0.5,      0.1153084914,       0.475334432,                 0,                 0,                 0,      0.2405621615,     0.08186995372,      0.4822200547,                 0,       4.122284717
          0,           0,         371,      -10.20810889,      -8.844191773,      -9.133318794,      -7.949180568,      -6.560787625,      -1.491017447,       0.897723485,               0.5,      0.1153084914,      0.4753344323,                 0,                 0,                 0,      0.2405621617,     0.08186995367,      0.4822200549,                 0,        4.12228472
          0,           0,         372,      -10.21934191,      -8.855385431,      -9.144439116,      -7.960272427,      -6.572088433,      -1.491112539,      0.8973104372,               0.5,      0.1153084914,      0.4753344326,                 0,                 0,                 0,      0.2405621618,     0.08186995363,      0.4822200552,                 0,       4.122284724
          0,           0,         373,      -10.23032741,      -8.866339826,      -9.155322092,      -7.971137623,      -6.583152238,      -1.491202928,      0.8968988091,               0.5,      0.1153084914,      0.4753344328,                 0,                 0,                 0,      0.2405621619,     0.08186995359,      0.4822200555,                 0,       4.122284727
          0,           0,         374,      -10.24107634,      -8.877067307,       -9.16597989,      -7.981787525,      -6.593991168,      -1.491288828,      0.8964885921,               0.5,      0.1153084913,      0.4753344331,                 0,                 0,                 0,       0.240562162,     0.08186995355,      0.4822200558,                 0,        4.12228473
          0,           0,         375,      -10.25159948,      -8.887579178,      -9.176423809,      -7.992232684,      -6.604616455,      -1.491370443,      0.8960797774,               0.5,      0.1153084913,      0.4753344334,                 0,                 0,                 0,      0.2405621621,     0.08186995351,       0.482220056,                 0,       4.122284733
          0,           0,         376,      -10.26191423,      -8.897886187,      -9.186664357,      -8.002482883,       -6.61503854,      -1.491447965,      0.8956723566,               0.5,      0.1153084913,      0.4753344336,                 0,                 0,                 0,      0.2405621622,     0.08186995347,      0.4822200563,                 0,       4.122284736
          0,           0,         377,      -10.27202271,      -8.907997973,      -9.196711294,      -8.012547202,      -6.625267095,      -1.491521578,      0.8952663212,               0.5,      0.1153084913,      0.4753344338,                 0,                 0,                 0,      0.2405621624,     0.08186995343,      0.4822200565,                 0,       4.122284739
          0,           0,         378,      -10.28194048,      -8.917923813,      -9.206573596,      -8.022434059,      -6.635311082,      -1.491591455,      0.8948616627,               0.5,      0.1153084913,      0.4753344341,                 0,                 0,                 0,      0.2405621625,      0.0818699534,      0.4822200567,                 0,       4.122284741
          0,           0,         379,      -10.29167192,      -8.927671988,      -9.216259723,      -8.032151276,      -6.645178851,       -1.49165776,      0.8944583729,               0.5,      0.1153084912,      0.4753344343,                 0,                 0,                 0,      0.2405621626,     0.08186995336,       0.482220057,                 0,       4.122284744
          0,           0,         380,      -10.30123162,      -8.937250354,      -9.225777354,      -8.041706112,      -6.654878114,       -1.49172065,      0.8940564436,               0.5,      0.1153084912,      0.4753344346,                 0,                 0,                 0,      0.2405621627,     0.08186995333,      0.4822200572,                 0,       4.122284747
          0,           0,         381,      -10.31062079,      -8.946666549,      -9.235133758,      -8.051105316,      -6.664416063,      -1.491780274,      0.8936558665,               0.5,      0.1153084912,      0.4753344348,                 0,                 0,                 0,      0.2405621628,     0.08186995329,      0.4822200574,                 0,       4.122284749
          0,           0,         382,      -10.31985092,      -8.955926751,      -9.244335656,      -8.060355168,      -6.673799377,      -1.491836772,      0.8932566335,               0.5,      0.1153084912,       0.475334435,                 0,                 0,                 0,      0.2405621629,     0.08186995326,      0.4822200576,                 0,       4.122284752
          0,           0,         383,      -10.32892608,      -8.965037787,      -9.253389325,      -8.069461513,      -6.683034251,      -1.491890279,      0.8928587367,               0.5,      0.1153084912,      0.4753344352,                 0,                 0,                 0,       0.240562163,     0.08186995323,      0.4822200579,                 0,       4.122284754
          0,           0,         384,      -10.33785581,      -8.974005117,       -9.26230051,      -8.078429804,      -6.692126491,      -1.491940921,       0.892462168,               0.5,      0.1153084912,      0.4753344354,                 0,                 0,                 0,       0.240562163,     0.08186995319,      0.4822200581,                 0,       4.122284757
          0,           0,         385,      -10.34664143,      -8.982834652,      -9.271074636,      -8.087265126,      -6.701081465,      -1.491988821,      0.8920669195,               0.5,      0.1153084911,      0.4753344356,                 0,                 0,                 0,      0.2405621631,     0.08186995316,      0.4822200583,                 0,       4.122284759
          0,           0,         386,      -10.35529034,       -8.99153091,      -9.279716796,      -8.095972239,      -6.709904242,      -1.492034094,      0.8916729835,               0.5,      0.1153084911,      0.4753344358,                 0,                 0,                 0,      0.2405621632,     0.08186995313,      0.4822200585,                 0,       4.122284762
          0,           0,         387,      -10.36380902,      -9.000099283,      -9.288231809,      -8.104555592,        -6.7185995,      -1.492076849,      0.8912803522,               0.5,      0.1153084911,       0.475334436,                 0,                 0,                 0,      0.2405621633,      0.0818699531,      0.4822200587,                 0,       4.122284764
          0,           0,         388,      -10.37219921,      -9.008543854,      -9.296623901,      -8.113019361,      -6.727171668,      -1.492117191,      0.8908890179,               0.5,      0.1153084911,      0.4753344362,                 0,                 0,                 0,      0.2405621634,     0.08186995307,      0.4822200589,                 0,       4.122284766
          0,           0,         389,      -10.38046988,      -9.016868774,      -9.304897422,      -8.121367466,      -6.735624871,      -1.492155219,      0.8904989729,               0.5,      0.1153084911,      0.4753344364,                 0,                 0,                 0,      0.2405621635,     0.08186995304,      0.4822200591,                 0,       4.122284768
          0,           0,         390,      -10.38862329,      -9.025078318,        -9.3130562,      -8.129603596,         -6.743963,      -1.492191028,      0.8901102097,               0.5,      0.1153084911,      0.4753344366,                 0,                 0,                 0,      0.2405621636,     0.08186995301,      0.4822200592,                 0,       4.122284771
          0,           0,         391,      -10.39665739,      -9.033175856,      -9.321103896,      -8.137731224,      -6.752189703,      -1.492224709,      0.8897227208,               0.5,       0.115308491,      0.4753344368,                 0,                 0,                 0,      0.2405621637,     0.08186995299,      0.4822200594,                 0,       4.122284773
          0,           0,         392,      -10.40458338,      -9.041165121,      -9.329043984,      -8.145753631,      -6.760308422,      -1.492256348,      0.8893364987,               0.5,       0.115308491,       0.475334437,                 0,                 0,                 0,      0.2405621637,     0.08186995296,      0.4822200596,                 0,       4.122284775
          0,           0,         393,      -10.41240431,      -9.049049177,      -9.336879794,      -8.153673921,      -6.768322424,      -1.492286026,      0.8889515362,               0.5,       0.115308491,      0.4753344372,                 0,                 0,                 0,      0.2405621638,     0.08186995293,      0.4822200598,                 0,       4.122284777
          0,           0,         394,      -10.42011807,      -9.056831242,      -9.344614327,      -8.161495032,       -6.77623477,      -1.492313822,      0.8885678258,               0.5,       0.115308491,      0.4753344373,                 0,                 0,                 0,      0.2405621639,      0.0818699529,        0.48222006,                 0,       4.122284779
          0,           0,         395,       -10.4277326,      -9.064514188,      -9.352250543,      -8.169219753,      -6.784048384,      -1.492339812,      0.8881853603,               0.5,       0.115308491,      0.4753344375,                 0,                 0,                 0,       0.240562164,     0.08186995288,      0.4822200601,                 0,       4.122284781
          0,           0,         396,      -10.43524951,      -9.072101067,      -9.359791234,      -8.176850738,      -6.791766034,      -1.492364065,      0.8878041326,               0.5,       0.115308491,      0.4753344377,                 0,                 0,                 0,       0.240562164,     0.08186995285,      0.4822200603,                 0,       4.122284783
          0,           0,         397,      -10.44267127,      -9.079594298,      -9.367238996,      -8.184390512,      -6.799390345,      -1.492386651,      0.8874241354,               0.5,       0.115308491,      0.4753344379,                 0,                 0,                 0,      0.2405621641,     0.08186995283,      0.4822200605,                 0,       4.122284785
          0,           0,         398,      -10.44999761,      -9.086996553,      -9.374596481,      -8.191841485,      -6.806923829,      -1.492407635,      0.8870453618,               0.5,      0.1153084909,       0.475334438,                 0,                 0,                 0,      0.2405621642,      0.0818699528,      0.4822200606,                 0,       4.122284787
          0,           0,         399,       -10.4572368,      -9.094309927,      -9.381865986,      -8.199205962,      -6.814368893,      -1.492427078,      0.8866678046,               0.5,      0.1153084909,      0.4753344382,                 0,                 0,                 0,      0.2405621643,     0.08186995278,      0.4822200608,                 0,       4.122284789
          0,           0,         400,      -10.46438891,      -9.101537067,      -9.389049801,      -8.206486146,      -6.821727805,      -1.492445041,       0.886291457,               0.5,      0.1153084909,      0.4753344383,                 0,                 0,                 0,      0.2405621643,     0.08186995275,       0.482220061,                 0,       4.122284791
          0,           0,         401,       -10.4714526,      -9.108680302,      -9.396150187,      -8.213684151,      -6.829002754,       -1.49246158,      0.8859163121,               0.5,      0.1153084909,      0.4753344385,                 0,                 0,                 0,      0.2405621644,     0.08186995273,      0.4822200611,                 0,       4.122284792
          0,           0,         402,      -10.47843672,      -9.115741476,      -9.403169234,      -8.220802007,      -6.836195873,       -1.49247675,      0.8855423629,               0.5,      0.1153084909,      0.4753344387,                 0,                 0,                 0,      0.2405621645,     0.08186995271,      0.4822200613,                 0,       4.122284794
          0,           0,         403,      -10.48533723,      -9.122722675,      -9.410108884,      -8.227841662,      -6.843309136,      -1.492490602,      0.8851696027,               0.5,      0.1153084909,      0.4753344388,                 0,                 0,                 0,      0.2405621645,     0.08186995268,      0.4822200614,                 0,       4.122284796
          0,           0,         404,      -10.49215972,      -9.129625813,      -9.416971258,      -8.234804997,      -6.850344505,      -1.492503186,      0.8847980248,               0.5,      0.1153084909,       0.475334439,                 0,                 0,                 0,      0.2405621646,     0.08186995266,      0.4822200616,                 0,       4.122284798
          0,           0,         405,        -10.498906,      -9.136452861,      -9.423758047,       -8.24169382,      -6.857303845,      -1.492514551,      0.8844276225,               0.5,      0.1153084909,      0.4753344391,                 0,                 0,                 0,      0.2405621647,     0.08186995264,      0.4822200617,                 0,       4.122284799
          0,           0,         406,      -10.50557477,      -9.143205631,      -9.430471184,      -8.248509878,      -6.864188958,      -1.492524742,      0.8840583891,               0.5,      0.1153084908,      0.4753344393,                 0,                 0,                 0,      0.2405621647,     0.08186995262,      0.4822200619,                 0,       4.122284801
          0,           0,         407,      -10.51217512,      -9.149886034,      -9.437112421,      -8.255254858,      -6.871001577,      -1.492533802,      0.8836903181,               0.5,      0.1153084908,      0.4753344394,                 0,                 0,                 0,      0.2405621648,      0.0818699526,       0.482220062,                 0,       4.122284803
          0,           0,         408,      -10.51869424,      -9.156495277,      -9.443683279,       -8.26193039,      -6.877743371,      -1.492541774,      0.8833234029,               0.5,      0.1153084908,      0.4753344395,                 0,                 0,                 0,      0.2405621649,     0.08186995258,      0.4822200621,                 0,       4.122284804
          0,           0,         409,      -10.52515535,      -9.163035437,      -9.450185563,      -8.268538055,      -6.884415987,      -1.492548698,      0.8829576372,               0.5,      0.1153084908,      0.4753344397,                 0,                 0,                 0,      0.2405621649,     0.08186995256,      0.4822200623,                 0,       4.122284806
          0,           0,         410,      -10.53153818,      -9.169508075,      -9.456620785,      -8.275079379,      -6.891020966,      -1.492554613,      0.8825930144,               0.5,      0.1153084908,      0.4753344398,                 0,                 0,                 0,       0.240562165,     0.08186995253,      0.4822200624,                 0,       4.122284808
          0,           0,         411,      -10.53786175,      -9.175914463,      -9.462990383,      -8.281555848,      -6.897559866,      -1.492559555,      0.8822295282,               0.5,      0.1153084908,        0.47533444,                 0,                 0,                 0,      0.2405621651,     0.08186995251,      0.4822200626,                 0,       4.122284809
          0,           0,         412,      -10.54411179,      -9.182256279,      -9.469296053,      -8.287968895,      -6.904034124,      -1.492563559,      0.8818671722,               0.5,      0.1153084908,      0.4753344401,                 0,                 0,                 0,      0.2405621651,     0.08186995249,      0.4822200627,                 0,       4.122284811
          0,           0,         413,      -10.55030577,      -9.188534956,       -9.47553894,      -8.294319917,      -6.910445192,      -1.492566661,      0.8815059403,               0.5,      0.1153084908,      0.4753344402,                 0,                 0,                 0,      0.2405621652,     0.08186995247,      0.4822200628,                 0,       4.122284812
          0,           0,         414,      -10.55643268,      -9.194751684,      -9.481720755,      -8.300610269,      -6.916794453,      -1.492568893,      0.8811458262,               0.5,      0.1153084908,      0.4753344404,                 0,                 0,                 0,      0.2405621652,     0.08186995246,       0.482220063,                 0,       4.122284814
          0,           0,         415,      -10.56250131,      -9.200908445,      -9.487842539,      -8.306841268,      -6.923083268,      -1.492570286,      0.8807868237,               0.5,      0.1153084908,      0.4753344405,                 0,                 0,                 0,      0.2405621653,     0.08186995244,      0.4822200631,                 0,       4.122284815
          0,           0,         416,      -10.56851113,      -9.207005718,      -9.493905838,      -8.313014193,      -6.929312929,      -1.492570871,      0.8804289266,               0.5,      0.1153084907,      0.4753344406,                 0,                 0,                 0,      0.2405621654,     0.08186995242,      0.4822200632,                 0,       4.122284817
          0,           0,         417,      -10.57445908,      -9.213045203,      -9.499911755,      -8.319130289,      -6.935484732,      -1.492570676,       0.880072129,               0.5,      0.1153084907,      0.4753344407,                 0,                 0,                 0,      0.2405621654,      0.0818699524,      0.4822200633,                 0,       4.122284818
          0,           0,         418,      -10.58035156,      -9.219027916,      -9.505861648,      -8.325190763,      -6.941599885,      -1.492569729,      0.8797164248,               0.5,      0.1153084907,      0.4753344409,                 0,                 0,                 0,      0.2405621655,     0.08186995238,      0.4822200635,                 0,        4.12228482
          0,           0,         419,      -10.58618687,      -9.224955905,       -9.51175671,      -8.331196796,      -6.947659614,      -1.492568058,      0.8793618081,               0.5,      0.1153084907,       0.475334441,                 0,                 0,                 0,      0.2405621655,     0.08186995236,      0.4822200636,                 0,       4.122284821
          0,           0,         420,      -10.59197268,      -9.230828878,       -9.51759805,      -8.337149533,      -6.953665113,      -1.492565687,      0.8790082728,               0.5,      0.1153084907,      0.4753344411,                 0,                 0,                 0,      0.2405621656,     0.08186995235,      0.4822200637,                 0,       4.122284822
          0,           0,         421,       -10.5976992,      -9.236649495,      -9.523386834,      -8.343050087,      -6.959617469,      -1.492562643,      0.8786558131,               0.5,      0.1153084907,      0.4753344412,                 0,                 0,                 0,      0.2405621656,     0.08186995233,      0.4822200638,                 0,       4.122284824
          0,           0,         422,      -10.60337976,      -9.242417933,      -9.529124235,      -8.348899547,      -6.965517837,      -1.492558948,      0.8783044231,               0.5,      0.1153084907,      0.4753344414,                 0,                 0,                 0,      0.2405621657,     0.08186995231,      0.4822200639,                 0,       4.122284825
          0,           0,         423,      -10.60899919,        -9.2481353,      -9.534811252,      -8.354698968,      -6.971367279,      -1.492554626,      0.8779540971,               0.5,      0.1153084907,      0.4753344415,                 0,                 0,                 0,      0.2405621657,     0.08186995229,      0.4822200641,                 0,       4.122284827
          0,           0,         424,      -10.61457758,      -9.253803226,       -9.54044888,       -8.36044938,      -6.977166859,      -1.492549699,      0.8776048293,               0.5,      0.1153084907,      0.4753344416,                 0,                 0,                 0,      0.2405621658,     0.08186995228,      0.4822200642,                 0,       4.122284828
          0,           0,         425,       -10.6201042,      -9.259422417,      -9.546038447,      -8.366151785,      -6.982917592,      -1.492544188,      0.8772566141,               0.5,      0.1153084907,      0.4753344417,                 0,                 0,                 0,      0.2405621658,     0.08186995226,      0.4822200643,                 0,       4.122284829
          0,           0,         426,      -10.62558012,      -9.264993336,      -9.551580483,      -8.371807162,      -6.988620487,      -1.492538114,      0.8769094456,               0.5,      0.1153084906,      0.4753344418,                 0,                 0,                 0,      0.2405621659,     0.08186995224,      0.4822200644,                 0,        4.12228483
          0,           0,         427,      -10.63101171,      -9.270517961,      -9.557076303,      -8.377416461,      -6.994276512,      -1.492531496,      0.8765633184,               0.5,      0.1153084906,      0.4753344419,                 0,                 0,                 0,      0.2405621659,     0.08186995223,      0.4822200645,                 0,       4.122284832
          0,           0,         428,      -10.63639689,      -9.275996461,       -9.56252685,      -8.382980606,       -6.99988661,      -1.492524354,      0.8762182268,               0.5,      0.1153084906,       0.475334442,                 0,                 0,                 0,       0.240562166,     0.08186995221,      0.4822200646,                 0,       4.122284833
          0,           0,         429,      -10.64173939,      -9.281430411,      -9.567932789,      -8.388500501,       -7.00545171,      -1.492516706,      0.8758741653,               0.5,      0.1153084906,      0.4753344422,                 0,                 0,                 0,       0.240562166,     0.08186995219,      0.4822200647,                 0,       4.122284834
          0,           0,         430,      -10.64703125,      -9.286820186,      -9.573295246,      -8.393977025,      -7.010972702,       -1.49250857,      0.8755311284,               0.5,      0.1153084906,      0.4753344423,                 0,                 0,                 0,      0.2405621661,     0.08186995218,      0.4822200648,                 0,       4.122284835
          0,           0,         431,      -10.65228651,      -9.292166863,      -9.578615036,      -8.399411033,      -7.016450478,      -1.492499962,      0.8751891106,               0.5,      0.1153084906,      0.4753344424,                 0,                 0,                 0,      0.2405621661,     0.08186995216,       0.482220065,                 0,       4.122284837
          0,           0,         432,      -10.65749586,      -9.297471102,      -9.583893031,      -8.404803358,      -7.021885867,        -1.4924909,      0.8748481066,               0.5,      0.1153084906,      0.4753344425,                 0,                 0,                 0,      0.2405621662,     0.08186995215,      0.4822200651,                 0,       4.122284838
          0,           0,         433,      -10.66266198,      -9.302733803,      -9.589129931,      -8.410154812,      -7.027279721,      -1.492481399,      0.8745081109,               0.5,      0.1153084906,      0.4753344426,                 0,                 0,                 0,      0.2405621662,     0.08186995213,      0.4822200652,                 0,       4.122284839
          0,           0,         434,      -10.66778844,      -9.307956192,       -9.59432667,      -8.415466188,      -7.032632855,      -1.492471475,      0.8741691183,               0.5,      0.1153084906,      0.4753344427,                 0,                 0,                 0,      0.2405621663,     0.08186995212,      0.4822200653,                 0,        4.12228484
          0,           0,         435,      -10.67287854,      -9.313138659,       -9.59948406,      -8.420738251,      -7.037946013,      -1.492461142,      0.8738311235,               0.5,      0.1153084906,      0.4753344428,                 0,                 0,                 0,      0.2405621663,      0.0818699521,      0.4822200654,                 0,       4.122284841
          0,           0,         436,      -10.67792654,      -9.318282203,      -9.604602665,      -8.425971754,      -7.043220006,      -1.492450415,      0.8734941211,               0.5,      0.1153084906,      0.4753344429,                 0,                 0,                 0,      0.2405621664,     0.08186995209,      0.4822200655,                 0,       4.122284843
          0,           0,         437,      -10.68293396,      -9.323386829,      -9.609683445,      -8.431167424,      -7.048455556,      -1.492439307,       0.873158106,               0.5,      0.1153084906,       0.475334443,                 0,                 0,                 0,      0.2405621664,     0.08186995207,      0.4822200656,                 0,       4.122284844
          0,           0,         438,      -10.68790677,      -9.328454228,      -9.614727038,      -8.436325973,      -7.053653413,      -1.492427832,      0.8728230731,               0.5,      0.1153084906,      0.4753344431,                 0,                 0,                 0,      0.2405621665,     0.08186995206,      0.4822200657,                 0,       4.122284845
          0,           0,         439,      -10.69284209,       -9.33348495,      -9.619734194,      -8.441448094,      -7.058814264,      -1.492416004,      0.8724890171,               0.5,      0.1153084905,      0.4753344432,                 0,                 0,                 0,      0.2405621665,     0.08186995205,      0.4822200658,                 0,       4.122284846
          0,           0,         440,      -10.69774525,      -9.338479276,       -9.62470544,      -8.446534455,      -7.063938797,      -1.492403833,       0.872155933,               0.5,      0.1153084905,      0.4753344433,                 0,                 0,                 0,      0.2405621666,     0.08186995203,      0.4822200659,                 0,       4.122284847
          0,           0,         441,      -10.70260472,      -9.343438322,      -9.629641744,      -8.451585714,      -7.069027682,      -1.492391333,      0.8718238157,               0.5,      0.1153084905,      0.4753344434,                 0,                 0,                 0,      0.2405621666,     0.08186995202,       0.482220066,                 0,       4.122284848
          0,           0,         442,       -10.7074294,      -9.348361579,      -9.634543345,      -8.456602512,      -7.074081609,      -1.492378515,      0.8714926602,               0.5,      0.1153084905,      0.4753344435,                 0,                 0,                 0,      0.2405621666,     0.08186995201,      0.4822200661,                 0,       4.122284849
          0,           0,         443,      -10.71222818,      -9.353251387,      -9.639411233,      -8.461585464,      -7.079101158,       -1.49236539,      0.8711624615,               0.5,      0.1153084905,      0.4753344436,                 0,                 0,                 0,      0.2405621667,     0.08186995199,      0.4822200662,                 0,        4.12228485
          0,           0,         444,      -10.71698447,      -9.358107168,      -9.644245884,      -8.466535178,       -7.08408699,      -1.492351969,      0.8708332147,               0.5,      0.1153084905,      0.4753344437,                 0,                 0,                 0,      0.2405621667,     0.08186995198,      0.4822200662,                 0,       4.122284851
          0,           0,         445,      -10.72171373,      -9.362930567,      -9.649047871,      -8.471452238,      -7.089039675,      -1.492338263,      0.8705049149,               0.5,      0.1153084905,      0.4753344438,                 0,                 0,                 0,      0.2405621668,     0.08186995197,      0.4822200663,                 0,       4.122284852
          0,           0,         446,      -10.72640603,      -9.367721257,      -9.653817856,      -8.476337218,      -7.093959815,      -1.492324281,      0.8701775571,               0.5,      0.1153084905,      0.4753344439,                 0,                 0,                 0,      0.2405621668,     0.08186995195,      0.4822200664,                 0,       4.122284853
          0,           0,         447,      -10.73107153,       -9.37247991,      -9.658556306,      -8.481190673,      -7.098847976,      -1.492310034,      0.8698511366,               0.5,      0.1153084905,       0.475334444,                 0,                 0,                 0,      0.2405621669,     0.08186995194,      0.4822200665,                 0,       4.122284854
          0,           0,         448,      -10.73569874,      -9.377207176,      -9.663263838,      -8.486013144,       -7.10370471,      -1.492295532,      0.8695256485,               0.5,      0.1153084905,       0.475334444,                 0,                 0,                 0,      0.2405621669,     0.08186995193,      0.4822200666,                 0,       4.122284855
          0,           0,         449,      -10.74030092,      -9.381903827,      -9.667940991,      -8.490805158,      -7.108530563,      -1.492280783,      0.8692010881,               0.5,      0.1153084905,      0.4753344441,                 0,                 0,                 0,      0.2405621669,     0.08186995191,      0.4822200667,                 0,       4.122284856
          0,           0,         450,       -10.7448732,      -9.386569771,      -9.672588265,      -8.495078843,      -7.113326059,      -1.492265783,      0.8688774506,               0.5,      0.1153084905,      0.4753344442,                 0,                 0,                 0,       0.240562167,      0.0818699519,      0.4822200668,                 0,       4.122284857
          0,           0,         451,      -10.74941339,      -9.390617579,      -9.676285064,      -8.490852772,      -7.117564129,      -1.492250304,      0.8685547322,               0.5,      0.1153084905,      0.4753344443,                 0,                 0,                 0,       0.240562167,     0.08186995189,      0.4822200669,                 0,       4.122284858
          0,           0,         452,       -10.7531687,      -9.384614345,      -9.664556729,      -8.478784179,      -7.112786109,      -1.492234287,      0.8682329418,               0.5,      0.1153084905,      0.4753344444,                 0,                 0,                 0,      0.2405621671,     0.08186995188,       0.482220067,                 0,       4.122284859
          0,           0,         453,      -10.74415656,      -9.370695985,      -9.643896085,       -8.45973066,      -7.100781448,      -1.492217587,      0.8679120674,               0.5,      0.1153084905,      0.4753344445,                 0,                 0,                 0,      0.2405621671,     0.08186995186,      0.4822200671,                 0,        4.12228486
          0,           0,         454,      -10.72677715,      -9.350161934,      -9.616702177,      -8.434668828,       -7.08213282,      -1.492200028,      0.8675921028,               0.5,      0.1153084904,      0.4753344446,                 0,                 0,                 0,      0.2405621671,     0.08186995185,      0.4822200671,                 0,       4.122284861
          0,           0,         455,      -10.70360831,      -9.324106534,       -9.58438894,      -8.404646609,      -7.057784933,      -1.492181397,      0.8672730433,               0.5,      0.1153084904,      0.4753344447,                 0,                 0,                 0,      0.2405621672,     0.08186995184,      0.4822200672,                 0,       4.122284863
          0,           0,         456,      -10.67545233,      -9.293546367,      -9.548136029,      -8.370691256,      -7.028703389,      -1.492161446,      0.8669548844,               0.5,      0.1153084904,      0.4753344448,                 0,                 0,                 0,      0.2405621672,     0.08186995182,      0.4822200673,                 0,       4.122284864
          0,           0,         457,      -10.64318701,      -9.259434367,      -9.508968994,      -8.333741418,      -6.995833136,      -1.492139874,      0.8666376219,               0.5,      0.1153084904,      0.4753344449,                 0,                 0,                 0,      0.2405621673,      0.0818699518,      0.4822200674,                 0,       4.122284865
          0,           0,         458,      -10.60775142,      -9.222624705,      -9.467747671,      -8.294608403,      -6.960037863,      -1.492116328,      0.8663212515,               0.5,      0.1153084904,       0.475334445,                 0,                 0,                 0,      0.2405621673,     0.08186995179,      0.4822200675,                 0,       4.122284866
          0,           0,         459,      -10.56995254,      -9.183844822,      -9.425165581,      -8.253963407,       -6.92206941,      -1.492090387,      0.8660057691,               0.5,      0.1153084904,      0.4753344451,                 0,                 0,                 0,      0.2405621674,     0.08186995177,      0.4822200676,                 0,       4.122284868
          0,           0,         460,      -10.53046374,      -9.143694522,       -9.38176411,      -8.212342541,      -6.882556715,      -1.492061553,      0.8656911707,               0.5,      0.1153084904,      0.4753344452,                 0,                 0,                 0,      0.2405621674,     0.08186995174,      0.4822200678,                 0,       4.122284869
          0,           0,         461,      -10.48983009,      -9.102652215,      -9.337954738,      -8.170161772,      -6.842009094,      -1.492029242,      0.8653774523,               0.5,      0.1153084904,      0.4753344453,                 0,                 0,                 0,      0.2405621675,     0.08186995172,      0.4822200679,                 0,       4.122284871
          0,           0,         462,      -10.44847897,      -9.061090982,      -9.294042324,      -8.127735805,      -6.800827906,       -1.49199276,        0.86506461,               0.5,      0.1153084904,      0.4753344455,                 0,                 0,                 0,      0.2405621675,     0.08186995169,       0.482220068,                 0,       4.122284873
          0,           0,         463,      -10.40674004,      -9.019294329,      -9.250247708,      -8.085297165,      -6.759322009,      -1.491951294,        0.86475264,               0.5,      0.1153084903,      0.4753344456,                 0,                 0,                 0,      0.2405621676,     0.08186995166,      0.4822200682,                 0,       4.122284875
          0,           0,         464,      -10.36487066,      -8.977474871,      -9.206725995,       -8.04301348,      -6.717723811,      -1.491903886,      0.8644415385,               0.5,      0.1153084903,      0.4753344458,                 0,                 0,                 0,      0.2405621677,     0.08186995163,      0.4822200683,                 0,       4.122284877
          0,           0,         465,      -10.32304829,      -8.935786388,      -9.163582844,      -8.001002185,      -6.676204355,       -1.49184941,       0.864131302,               0.5,      0.1153084903,       0.475334446,                 0,                 0,                 0,      0.2405621678,     0.08186995159,      0.4822200685,                 0,       4.122284879
          0,           0,         466,      -10.28141029,      -8.894338935,      -9.120886446,      -7.959342514,      -6.634886353,      -1.491786549,      0.8638219269,               0.5,      0.1153084903,      0.4753344462,                 0,                 0,                 0,      0.2405621679,     0.08186995155,      0.4822200687,                 0,       4.122284882
          0,           0,         467,      -10.24004612,      -8.853207331,      -9.078677426,       -7.91808502,      -6.593855192,      -1.491713755,      0.8635134099,               0.5,      0.1153084902,      0.4753344464,                 0,                 0,                 0,       0.240562168,      0.0818699515,      0.4822200689,                 0,       4.122284885
          0,           0,         468,      -10.19902446,       -8.81244079,      -9.036976213,      -7.877258995,      -6.553167707,      -1.491629218,      0.8632057474,               0.5,      0.1153084902,      0.4753344466,                 0,                 0,                 0,      0.2405621681,     0.08186995145,      0.4822200692,                 0,       4.122284888
          0,           0,         469,      -10.15838056,      -8.772069069,      -8.995788719,      -7.836878155,      -6.512859244,      -1.491530822,      0.8628989364,               0.5,      0.1153084902,      0.4753344469,                 0,                 0,                 0,      0.2405621682,      0.0818699514,      0.4822200694,                 0,       4.122284892
          0,           0,         470,      -10.11813744,      -8.732106553,      -8.955110519,      -7.796944977,      -6.472949164,      -1.491416092,      0.8625929737,               0.5,      0.1153084901,      0.4753344472,                 0,                 0,                 0,      0.2405621683,     0.08186995133,      0.4822200697,                 0,       4.122284896
          0,           0,         471,      -10.07830705,      -8.692557967,      -8.914930089,      -7.757453961,      -6.433445052,      -1.491282141,      0.8622878563,               0.5,      0.1153084901,      0.4753344475,                 0,                 0,                 0,      0.2405621684,     0.08186995127,        0.48222007,                 0,         4.1222849
          0,           0,         472,      -10.03889003,      -8.653419738,      -8.875231064,      -7.718394071,      -6.394345961,      -1.491125603,      0.8619835814,               0.5,        0.11530849,      0.4753344478,                 0,                 0,                 0,      0.2405621686,     0.08186995119,      0.4822200703,                 0,       4.122284905
          0,           0,         473,      -9.999877069,      -8.614683317,      -8.835994032,      -7.679750554,      -6.355644899,      -1.490942556,      0.8616801464,               0.5,        0.11530849,      0.4753344482,                 0,                 0,                 0,      0.2405621688,     0.08186995111,      0.4822200707,                 0,        4.12228491
          0,           0,         474,      -9.961263449,      -8.576336014,      -8.797197693,      -7.641506293,      -6.317330655,      -1.490728435,      0.8613775485,               0.5,      0.1153084899,      0.4753344486,                 0,                 0,                 0,      0.2405621689,     0.08186995102,      0.4822200711,                 0,       4.122284916
          0,           0,         475,      -9.923031184,      -8.538363064,      -8.758819956,      -7.603642784,       -6.27938922,      -1.490477934,      0.8610757855,               0.5,      0.1153084898,       0.475334449,                 0,                 0,                 0,      0.2405621691,     0.08186995092,      0.4822200715,                 0,       4.122284922
          0,           0,         476,      -9.885167644,      -8.500748123,       -8.72083839,      -7.566140864,      -6.241804807,      -1.490184891,      0.8607748552,               0.5,      0.1153084898,      0.4753344495,                 0,                 0,                 0,      0.2405621694,     0.08186995081,       0.482220072,                 0,       4.122284929
          0,           0,         477,      -9.847654443,      -8.463473818,      -8.683230786,      -7.528981222,      -6.204560634,       -1.48984216,      0.8604747556,               0.5,      0.1153084897,        0.47533445,                 0,                 0,                 0,      0.2405621696,      0.0818699507,      0.4822200725,                 0,       4.122284936
          0,           0,         478,      -9.810474834,      -8.426522863,      -8.645975534,      -7.492144768,      -6.167639469,      -1.489441464,      0.8601754849,               0.5,      0.1153084896,      0.4753344506,                 0,                 0,                 0,      0.2405621698,     0.08186995057,      0.4822200731,                 0,       4.122284945
          0,           0,         479,      -9.773611452,      -8.389877729,      -8.609051687,       -7.45561289,      -6.131024051,      -1.488973227,      0.8598770416,               0.5,      0.1153084895,      0.4753344512,                 0,                 0,                 0,      0.2405621701,     0.08186995043,      0.4822200737,                 0,       4.122284953
          0,           0,         480,      -9.737047618,      -8.353521369,      -8.572439208,       -7.41936762,      -6.094697372,      -1.488426394,      0.8595794244,               0.5,      0.1153084894,      0.4753344519,                 0,                 0,                 0,      0.2405621704,     0.08186995028,      0.4822200744,                 0,       4.122284963
          0,           0,         481,      -9.700765216,      -8.317437214,      -8.536119037,      -7.383391749,      -6.058642881,      -1.487788218,      0.8592826323,               0.5,      0.1153084893,      0.4753344526,                 0,                 0,                 0,      0.2405621707,     0.08186995011,      0.4822200751,                 0,       4.122284973
          0,           0,         482,      -9.664750112,      -8.281609289,      -8.500073099,      -7.347668886,      -6.022844622,      -1.487044034,      0.8589866647,               0.5,      0.1153084891,      0.4753344534,                 0,                 0,                 0,      0.2405621711,     0.08186994993,      0.4822200759,                 0,       4.122284985
          0,           0,         483,      -9.628985096,      -8.246022399,      -8.464284327,      -7.312183494,      -5.987287316,      -1.486177006,      0.8586915213,               0.5,       0.115308489,      0.4753344543,                 0,                 0,                 0,      0.2405621715,     0.08186994973,      0.4822200767,                 0,       4.122284997
          0,           0,         484,      -9.593455913,      -8.210662074,      -8.428736668,      -7.276920897,      -5.951956418,      -1.485167856,      0.8583972023,               0.5,      0.1153084889,      0.4753344552,                 0,                 0,                 0,      0.2405621719,     0.08186994952,      0.4822200777,                 0,       4.122285011
          0,           0,         485,      -9.558148045,      -8.175514521,      -8.393415015,      -7.241867269,      -5.916838134,      -1.483994568,      0.8581037081,               0.5,      0.1153084887,      0.4753344562,                 0,                 0,                 0,      0.2405621723,     0.08186994929,      0.4822200787,                 0,       4.122285025
          0,           0,         486,      -9.523048786,      -8.140566852,      -8.358305219,      -7.207009616,      -5.881919435,      -1.482632088,      0.8578110399,               0.5,      0.1153084885,      0.4753344574,                 0,                 0,                 0,      0.2405621728,     0.08186994904,      0.4822200798,                 0,       4.122285041
          0,           0,         487,      -9.488144949,      -8.105806781,      -8.323394038,      -7.172335747,      -5.847188041,      -1.481052003,      0.8575191993,               0.5,      0.1153084883,      0.4753344586,                 0,                 0,                 0,      0.2405621734,     0.08186994877,      0.4822200809,                 0,       4.122285058
          0,           0,         488,       -9.45342481,      -8.071222891,      -8.288669062,      -7.137834239,      -5.812632408,      -1.479222232,      0.8572281884,               0.5,      0.1153084881,      0.4753344599,                 0,                 0,                 0,      0.2405621739,     0.08186994847,      0.4822200822,                 0,       4.122285077
          0,           0,         489,      -9.418877493,      -8.036804358,      -8.254118704,      -7.103494403,      -5.778241696,      -1.477106729,      0.8569380103,               0.5,      0.1153084879,      0.4753344613,                 0,                 0,                 0,      0.2405621746,     0.08186994815,      0.4822200836,                 0,       4.122285097
          0,           0,         490,      -9.384492521,      -8.002541092,      -8.219732144,      -7.069306248,      -5.744005752,      -1.474665214,      0.8566486688,               0.5,      0.1153084877,      0.4753344628,                 0,                 0,                 0,      0.2405621752,      0.0818699478,      0.4822200851,                 0,       4.122285119
          0,           0,         491,      -9.350259287,      -7.968423655,      -8.185499279,      -7.035260438,      -5.709915066,       -1.47185297,      0.8563601684,               0.5,      0.1153084874,      0.4753344644,                 0,                 0,                 0,       0.240562176,     0.08186994743,      0.4822200867,                 0,       4.122285143
          0,           0,         492,      -9.316169561,      -7.934443168,      -8.151410674,      -7.001348258,      -5.675960748,      -1.468620716,      0.8560725148,               0.5,      0.1153084871,      0.4753344662,                 0,                 0,                 0,      0.2405621767,     0.08186994702,      0.4822200885,                 0,       4.122285168
          0,           0,         493,      -9.282214408,      -7.900591396,      -8.117457545,      -6.967561579,       -5.64213449,      -1.464914601,      0.8557857149,               0.5,      0.1153084868,      0.4753344681,                 0,                 0,                 0,      0.2405621776,     0.08186994658,      0.4822200904,                 0,       4.122285196
          0,           0,         494,      -9.248385439,      -7.866860575,      -8.083631682,       -6.93389282,      -5.608428538,      -1.460676354,      0.8554997767,               0.5,      0.1153084865,      0.4753344702,                 0,                 0,                 0,      0.2405621785,      0.0818699461,      0.4822200924,                 0,       4.122285226
          0,           0,         495,      -9.214675497,      -7.833243503,      -8.049925455,      -6.900334919,      -5.574835656,      -1.455843627,      0.8552147098,               0.5,      0.1153084861,      0.4753344725,                 0,                 0,                 0,      0.2405621795,     0.08186994559,      0.4822200947,                 0,       4.122285258
          0,           0,         496,      -9.181077701,      -7.799733482,      -8.016331748,      -6.866881297,      -5.541349099,      -1.450350571,      0.8549305256,               0.5,      0.1153084857,      0.4753344749,                 0,                 0,                 0,      0.2405621806,     0.08186994503,      0.4822200971,                 0,       4.122285293
          0,           0,         497,      -9.147585146,      -7.766324212,      -7.982843925,      -6.833525831,      -5.507962583,      -1.444128683,       0.854647237,               0.5,      0.1153084853,      0.4753344775,                 0,                 0,                 0,      0.2405621817,     0.08186994443,      0.4822200997,                 0,       4.122285331
          0,           0,         498,      -9.114191766,      -7.733009864,      -7.949455827,      -6.800262827,      -5.474670262,      -1.437107934,      0.8543648595,               0.5,      0.1153084849,      0.4753344804,                 0,                 0,                 0,       0.240562183,     0.08186994378,      0.4822201025,                 0,       4.122285372
          0,           0,         499,      -9.080892098,      -7.699785016,      -7.916161715,      -6.767086992,      -5.441466693,      -1.429218202,       0.854083411,               0.5,      0.1153084844,      0.4753344834,                 0,                 0,                 0,      0.2405621843,     0.08186994307,      0.4822201055,                 0,       4.122285416
