
-------------------------------------------------------------------------
|    ___ _   _ ___                                                      |
|   / __| | | |_  )   Release 8.4.0 "Harrier"                           |
|   \__ \ |_| |/ /                                                      |
|   |___/\___//___|   Suite (Mesh Deformation Code)                     |
|                                                                       |
-------------------------------------------------------------------------
| SU2 Project Website: https://su2code.github.io                        |
|                                                                       |
| The SU2 Project is maintained by the SU2 Foundation                   |
| (http://su2foundation.org)                                            |
-------------------------------------------------------------------------
| Copyright 2012-2026, SU2 Contributors                                 |
|                                                                       |
| SU2 is free software; you can redistribute it and/or                  |
| modify it under the terms of the GNU Lesser General Public            |
| License as published by the Free Software Foundation; either          |
| version 2.1 of the License, or (at your option) any later version.    |
|                                                                       |
| SU2 is distributed in the hope that it will be useful,                |
| but WITHOUT ANY WARRANTY; without even the implied warranty of        |
| MERCHANTABILITY or FITNESS FOR A PARTICULAR PURPOSE. See the GNU      |
| Lesser General Public License for more details.                       |
|                                                                       |
| You should have received a copy of the GNU Lesser General Public      |
| License along with SU2. If not, see <http://www.gnu.org/licenses/>.   |
-------------------------------------------------------------------------

----------------- Physical Case Definition ( Zone 0 ) -------------------
Input mesh file name: mesh_original.su2

---------------- Grid deformation parameters ( Zone 0 )  ----------------
Grid deformation using linear elasticity method.


-------------------- Output Information ( Zone 0 ) ----------------------
Output mesh file name: mesh_deformed.su2. 
Cell stiffness scaled by inverse of the cell volume.

------------- Config File Boundary Information ( Zone 0 ) ---------------
+-----------------------------------------------------------------------+
|                        Marker Type|                        Marker Name|
+-----------------------------------------------------------------------+
|                          Far-field|                           farfield|
+-----------------------------------------------------------------------+
|                     Heat flux wall|                            airfoil|
+-----------------------------------------------------------------------+
Two dimensional problem.
222 grid points.
235 volume elements.
2 surface markers.
50 boundary elements in index 0 (Marker = farfield).
159 boundary elements in index 1 (Marker = airfoil).
235 triangles.

----------------------- Preprocessing computations ----------------------
Setting local point connectivity.
Checking the numerical grid orientation of the interior elements.
All volume elements are correctly oriented.
There has been a re-orientation of 159 LINE surface elements.
Identify edges and vertices.
Setting the bound control volume structure.
Area of the computational grid: 599.943.
  Info: Ignoring the following volume output fields/groups:
  SOLUTION
Volume output fields: COORDINATES
Screen output fields: 
History output group(s): 
Warning: No (valid) fields chosen for convergence monitoring. Convergence monitoring inactive.
Warning: No (valid) fields chosen for time convergence monitoring. Time convergence monitoring inactive.

--------------------- Surface grid deformation (ZONE 0) -----------------
Performing the deformation of the surface grid.
Updating the surface coordinates from the input file.

------------------- Volumetric grid deformation (ZONE 0) ----------------
Performing the deformation of the volumetric grid.
Computing volumes of the grid elements.
Min. volume: 0.000151846, max. volume: 36.5349.

# FGMRES residual history
# Residual tolerance target = 1e-10
# Initial residual norm     = 6.91276e-10
     0     1
# FGMRES final (true) residual:
# Iteration = 4: |res|/|res0| = 3.15459e-11.

Computing volumes of the grid elements.
Non-linear iter.: 1/500. Linear iter.: 4. Min. area: 0.000151846. Error: 3.15459e-11.
Computing volumes of the grid elements.
Min. volume: 0.000151846, max. volume: 36.5349.

# FGMRES residual history
# Residual tolerance target = 1e-10
# Initial residual norm     = 6.91269e-10
     0     1
# FGMRES final (true) residual:
# Iteration = 4: |res|/|res0| = 3.15465e-11.

Computing volumes of the grid elements.
Non-linear iter.: 2/500. Linear iter.: 4. Min. area: 0.000151846. Error: 3.15465e-11.
Computing volumes of the grid elements.
Min. volume: 0.000151846, max. volume: 36.5349.

# FGMRES residual history
# Residual tolerance target = 1e-10
# Initial residual norm     = 6.91262e-10
     0     1
# FGMRES final (true) residual:
# Iteration = 4: |res|/|res0| = 3.1547e-11.

Computing volumes of the grid elements.
Non-linear iter.: 3/500. Linear iter.: 4. Min. area: 0.000151846. Error: 3.1547e-11.
Computing volumes of the grid elements.
Min. volume: 0.000151846, max. volume: 36.5349.

# FGMRES residual history
# Residual tolerance target = 1e-10
# Initial residual norm     = 6.91255e-10
     0     1
# FGMRES final (true) residual:
# Iteration = 4: |res|/|res0| = 3.15476e-11.

Computing volumes of the grid elements.
Non-linear iter.: 4/500. Linear iter.: 4. Min. area: 0.000151846. Error: 3.15476e-11.
Computing volumes of the grid elements.
Min. volume: 0.000151846, max. volume: 36.5349.

# FGMRES residual history
# Residual tolerance target = 1e-10
# Initial residual norm     = 6.91248e-10
     0     1
# FGMRES final (true) residual:
# Iteration = 4: |res|/|res0| = 3.15481e-11.

Computing volumes of the grid elements.
Non-linear iter.: 5/500. Linear iter.: 4. Min. area: 0.000151846. Error: 3.15481e-11.
Computing volumes of the grid elements.
Min. volume: 0.000151846, max. volume: 36.5349.

# FGMRES residual history
# Residual tolerance target = 1e-10
# Initial residual norm     = 6.91241e-10
     0     1
# FGMRES final (true) residual:
# Iteration = 4: |res|/|res0| = 3.15487e-11.

Computing volumes of the grid elements.
Non-linear iter.: 6/500. Linear iter.: 4. Min. area: 0.000151846. Error: 3.15487e-11.
Computing volumes of the grid elements.
Min. volume: 0.000151846, max. volume: 36.5349.

# FGMRES residual history
# Residual tolerance target = 1e-10
# Initial residual norm     = 6.91233e-10
     0     1
# FGMRES final (true) residual:
# Iteration = 4: |res|/|res0| = 3.15492e-11.

Computing volumes of the grid elements.
Non-linear iter.: 7/500. Linear iter.: 4. Min. area: 0.000151846. Error: 3.15492e-11.
Computing volumes of the grid elements.
Min. volume: 0.000151846, max. volume: 36.5349.

# FGMRES residual history
# Residual tolerance target = 1e-10
# Initial residual norm     = 6.91226e-10
     0     1
# FGMRES final (true) residual:
# Iteration = 4: |res|/|res0| = 3.15498e-11.

Computing volumes of the grid elements.
Non-linear iter.: 8/500. Linear iter.: 4. Min. area: 0.000151846. Error: 3.15498e-11.
Computing volumes of the grid elements.
Min. volume: 0.000151846, max. volume: 36.5349.

# FGMRES residual history
# Residual tolerance target = 1e-10
# Initial residual norm     = 6.91219e-10
     0     1
# FGMRES final (true) residual:
# Iteration = 4: |res|/|res0| = 3.15503e-11.

Computing volumes of the grid elements.
Non-linear iter.: 9/500. Linear iter.: 4. Min. area: 0.000151846. Error: 3.15503e-11.
Computing volumes of the grid elements.
Min. volume: 0.000151846, max. volume: 36.5349.

# FGMRES residual history
# Residual tolerance target = 1e-10
# Initial residual norm     = 6.91212e-10
     0     1
# FGMRES final (true) residual:
# Iteration = 4: |res|/|res0| = 3.15509e-11.

Computing volumes of the grid elements.
Non-linear iter.: 10/500. Linear iter.: 4. Min. area: 0.000151846. Error: 3.15509e-11.
Computing volumes of the grid elements.
Min. volume: 0.000151846, max. volume: 36.5349.

# FGMRES residual history
# Residual tolerance target = 1e-10
# Initial residual norm     = 6.91205e-10
     0     1
# FGMRES final (true) residual:
# Iteration = 4: |res|/|res0| = 3.15514e-11.

Computing volumes of the grid elements.
Non-linear iter.: 11/500. Linear iter.: 4. Min. area: 0.000151846. Error: 3.15514e-11.
Computing volumes of the grid elements.
Min. volume: 0.000151846, max. volume: 36.5349.

# FGMRES residual history
# Residual tolerance target = 1e-10
# Initial residual norm     = 6.91198e-10
     0     1
# FGMRES final (true) residual:
# Iteration = 4: |res|/|res0| = 3.1552e-11.

Computing volumes of the grid elements.
Non-linear iter.: 12/500. Linear iter.: 4. Min. area: 0.000151846. Error: 3.1552e-11.
Computing volumes of the grid elements.
Min. volume: 0.000151846, max. volume: 36.5349.

# FGMRES residual history
# Residual tolerance target = 1e-10
# Initial residual norm     = 6.91191e-10
     0     1
# FGMRES final (true) residual:
# Iteration = 4: |res|/|res0| = 3.15525e-11.

Computing volumes of the grid elements.
Non-linear iter.: 13/500. Linear iter.: 4. Min. area: 0.000151846. Error: 3.15525e-11.
Computing volumes of the grid elements.
Min. volume: 0.000151846, max. volume: 36.5349.

# FGMRES residual history
# Residual tolerance target = 1e-10
# Initial residual norm     = 6.91184e-10
     0     1
# FGMRES final (true) residual:
# Iteration = 4: |res|/|res0| = 3.15531e-11.

Computing volumes of the grid elements.
Non-linear iter.: 14/500. Linear iter.: 4. Min. area: 0.000151846. Error: 3.15531e-11.
Computing volumes of the grid elements.
Min. volume: 0.000151846, max. volume: 36.5349.

# FGMRES residual history
# Residual tolerance target = 1e-10
# Initial residual norm     = 6.91177e-10
     0     1
# FGMRES final (true) residual:
# Iteration = 4: |res|/|res0| = 3.15536e-11.

Computing volumes of the grid elements.
Non-linear iter.: 15/500. Linear iter.: 4. Min. area: 0.000151846. Error: 3.15536e-11.
Computing volumes of the grid elements.
Min. volume: 0.000151846, max. volume: 36.5349.

# FGMRES residual history
# Residual tolerance target = 1e-10
# Initial residual norm     = 6.9117e-10
     0     1
# FGMRES final (true) residual:
# Iteration = 4: |res|/|res0| = 3.15542e-11.

Computing volumes of the grid elements.
Non-linear iter.: 16/500. Linear iter.: 4. Min. area: 0.000151846. Error: 3.15542e-11.
Computing volumes of the grid elements.
Min. volume: 0.000151846, max. volume: 36.5349.

# FGMRES residual history
# Residual tolerance target = 1e-10
# Initial residual norm     = 6.91163e-10
     0     1
# FGMRES final (true) residual:
# Iteration = 4: |res|/|res0| = 3.15547e-11.

Computing volumes of the grid elements.
Non-linear iter.: 17/500. Linear iter.: 4. Min. area: 0.000151846. Error: 3.15547e-11.
Computing volumes of the grid elements.
Min. volume: 0.000151846, max. volume: 36.5349.

# FGMRES residual history
# Residual tolerance target = 1e-10
# Initial residual norm     = 6.91155e-10
     0     1
# FGMRES final (true) residual:
# Iteration = 4: |res|/|res0| = 3.15553e-11.

Computing volumes of the grid elements.
Non-linear iter.: 18/500. Linear iter.: 4. Min. area: 0.000151846. Error: 3.15553e-11.
Computing volumes of the grid elements.
Min. volume: 0.000151846, max. volume: 36.5349.

# FGMRES residual history
# Residual tolerance target = 1e-10
# Initial residual norm     = 6.91148e-10
     0     1
# FGMRES final (true) residual:
# Iteration = 4: |res|/|res0| = 3.15558e-11.

Computing volumes of the grid elements.
Non-linear iter.: 19/500. Linear iter.: 4. Min. area: 0.000151846. Error: 3.15558e-11.
Computing volumes of the grid elements.
Min. volume: 0.000151846, max. volume: 36.5349.

# FGMRES residual history
# Residual tolerance target = 1e-10
# Initial residual norm     = 6.91141e-10
     0     1
# FGMRES final (true) residual:
# Iteration = 4: |res|/|res0| = 3.15564e-11.

Computing volumes of the grid elements.
Non-linear iter.: 20/500. Linear iter.: 4. Min. area: 0.000151846. Error: 3.15564e-11.
Computing volumes of the grid elements.
Min. volume: 0.000151846, max. volume: 36.5349.

# FGMRES residual history
# Residual tolerance target = 1e-10
# Initial residual norm     = 6.91134e-10
     0     1
# FGMRES final (true) residual:
# Iteration = 4: |res|/|res0| = 3.15569e-11.

Computing volumes of the grid elements.
Non-linear iter.: 21/500. Linear iter.: 4. Min. area: 0.000151846. Error: 3.15569e-11.
Computing volumes of the grid elements.
Min. volume: 0.000151846, max. volume: 36.5349.

# FGMRES residual history
# Residual tolerance target = 1e-10
# Initial residual norm     = 6.91127e-10
     0     1
# FGMRES final (true) residual:
# Iteration = 4: |res|/|res0| = 3.15575e-11.

Computing volumes of the grid elements.
Non-linear iter.: 22/500. Linear iter.: 4. Min. area: 0.000151846. Error: 3.15575e-11.
Computing volumes of the grid elements.
Min. volume: 0.000151846, max. volume: 36.5349.

# FGMRES residual history
# Residual tolerance target = 1e-10
# Initial residual norm     = 6.9112e-10
     0     1
# FGMRES final (true) residual:
# Iteration = 4: |res|/|res0| = 3.15581e-11.

Computing volumes of the grid elements.
Non-linear iter.: 23/500. Linear iter.: 4. Min. area: 0.000151846. Error: 3.15581e-11.
Computing volumes of the grid elements.
Min. volume: 0.000151846, max. volume: 36.5349.

# FGMRES residual history
# Residual tolerance target = 1e-10
# Initial residual norm     = 6.91113e-10
     0     1
# FGMRES final (true) residual:
# Iteration = 4: |res|/|res0| = 3.15586e-11.

Computing volumes of the grid elements.
Non-linear iter.: 24/500. Linear iter.: 4. Min. area: 0.000151846. Error: 3.15586e-11.
Computing volumes of the grid elements.
Min. volume: 0.000151846, max. volume: 36.5349.

# FGMRES residual history
# Residual tolerance target = 1e-10
# Initial residual norm     = 6.91106e-10
     0     1
# FGMRES final (true) residual:
# Iteration = 4: |res|/|res0| = 3.15592e-11.

Computing volumes of the grid elements.
Non-linear iter.: 25/500. Linear iter.: 4. Min. area: 0.000151846. Error: 3.15592e-11.
Computing volumes of the grid elements.
Min. volume: 0.000151846, max. volume: 36.5349.

# FGMRES residual history
# Residual tolerance target = 1e-10
# Initial residual norm     = 6.91099e-10
     0     1
# FGMRES final (true) residual:
# Iteration = 4: |res|/|res0| = 3.15597e-11.

Computing volumes of the grid elements.
Non-linear iter.: 26/500. Linear iter.: 4. Min. area: 0.000151846. Error: 3.15597e-11.
Computing volumes of the grid elements.
Min. volume: 0.000151846, max. volume: 36.5349.

# FGMRES residual history
# Residual tolerance target = 1e-10
# Initial residual norm     = 6.91092e-10
     0     1
# FGMRES final (true) residual:
# Iteration = 4: |res|/|res0| = 3.15603e-11.

Computing volumes of the grid elements.
Non-linear iter.: 27/500. Linear iter.: 4. Min. area: 0.000151846. Error: 3.15603e-11.
Computing volumes of the grid elements.
Min. volume: 0.000151846, max. volume: 36.5349.

# FGMRES residual history
# Residual tolerance target = 1e-10
# Initial residual norm     = 6.91085e-10
     0     1
# FGMRES final (true) residual:
# Iteration = 4: |res|/|res0| = 3.15608e-11.

Computing volumes of the grid elements.
Non-linear iter.: 28/500. Linear iter.: 4. Min. area: 0.000151846. Error: 3.15608e-11.
Computing volumes of the grid elements.
Min. volume: 0.000151846, max. volume: 36.5349.

# FGMRES residual history
# Residual tolerance target = 1e-10
# Initial residual norm     = 6.91077e-10
     0     1
# FGMRES final (true) residual:
# Iteration = 4: |res|/|res0| = 3.15614e-11.

Computing volumes of the grid elements.
Non-linear iter.: 29/500. Linear iter.: 4. Min. area: 0.000151846. Error: 3.15614e-11.
Computing volumes of the grid elements.
Min. volume: 0.000151846, max. volume: 36.5349.

# FGMRES residual history
# Residual tolerance target = 1e-10
# Initial residual norm     = 6.9107e-10
     0     1
# FGMRES final (true) residual:
# Iteration = 4: |res|/|res0| = 3.15619e-11.

Computing volumes of the grid elements.
Non-linear iter.: 30/500. Linear iter.: 4. Min. area: 0.000151846. Error: 3.15619e-11.
Computing volumes of the grid elements.
Min. volume: 0.000151846, max. volume: 36.5349.

# FGMRES residual history
# Residual tolerance target = 1e-10
# Initial residual norm     = 6.91063e-10
     0     1
# FGMRES final (true) residual:
# Iteration = 4: |res|/|res0| = 3.15625e-11.

Computing volumes of the grid elements.
Non-linear iter.: 31/500. Linear iter.: 4. Min. area: 0.000151846. Error: 3.15625e-11.
Computing volumes of the grid elements.
Min. volume: 0.000151846, max. volume: 36.5349.

# FGMRES residual history
# Residual tolerance target = 1e-10
# Initial residual norm     = 6.91056e-10
     0     1
# FGMRES final (true) residual:
# Iteration = 4: |res|/|res0| = 3.1563e-11.

Computing volumes of the grid elements.
Non-linear iter.: 32/500. Linear iter.: 4. Min. area: 0.000151846. Error: 3.1563e-11.
Computing volumes of the grid elements.
Min. volume: 0.000151846, max. volume: 36.5349.

# FGMRES residual history
# Residual tolerance target = 1e-10
# Initial residual norm     = 6.91049e-10
     0     1
# FGMRES final (true) residual:
# Iteration = 4: |res|/|res0| = 3.15636e-11.

Computing volumes of the grid elements.
Non-linear iter.: 33/500. Linear iter.: 4. Min. area: 0.000151846. Error: 3.15636e-11.
Computing volumes of the grid elements.
Min. volume: 0.000151846, max. volume: 36.5349.

# FGMRES residual history
# Residual tolerance target = 1e-10
# Initial residual norm     = 6.91042e-10
     0     1
# FGMRES final (true) residual:
# Iteration = 4: |res|/|res0| = 3.15641e-11.

Computing volumes of the grid elements.
Non-linear iter.: 34/500. Linear iter.: 4. Min. area: 0.000151846. Error: 3.15641e-11.
Computing volumes of the grid elements.
Min. volume: 0.000151846, max. volume: 36.5349.

# FGMRES residual history
# Residual tolerance target = 1e-10
# Initial residual norm     = 6.91035e-10
     0     1
# FGMRES final (true) residual:
# Iteration = 4: |res|/|res0| = 3.15647e-11.

Computing volumes of the grid elements.
Non-linear iter.: 35/500. Linear iter.: 4. Min. area: 0.000151846. Error: 3.15647e-11.
Computing volumes of the grid elements.
Min. volume: 0.000151846, max. volume: 36.5349.

# FGMRES residual history
# Residual tolerance target = 1e-10
# Initial residual norm     = 6.91028e-10
     0     1
# FGMRES final (true) residual:
# Iteration = 4: |res|/|res0| = 3.15652e-11.

Computing volumes of the grid elements.
Non-linear iter.: 36/500. Linear iter.: 4. Min. area: 0.000151846. Error: 3.15652e-11.
Computing volumes of the grid elements.
Min. volume: 0.000151846, max. volume: 36.5349.

# FGMRES residual history
# Residual tolerance target = 1e-10
# Initial residual norm     = 6.91021e-10
     0     1
# FGMRES final (true) residual:
# Iteration = 4: |res|/|res0| = 3.15658e-11.

Computing volumes of the grid elements.
Non-linear iter.: 37/500. Linear iter.: 4. Min. area: 0.000151846. Error: 3.15658e-11.
Computing volumes of the grid elements.
Min. volume: 0.000151846, max. volume: 36.5349.

# FGMRES residual history
# Residual tolerance target = 1e-10
# Initial residual norm     = 6.91014e-10
     0     1
# FGMRES final (true) residual:
# Iteration = 4: |res|/|res0| = 3.15663e-11.

Computing volumes of the grid elements.
Non-linear iter.: 38/500. Linear iter.: 4. Min. area: 0.000151846. Error: 3.15663e-11.
Computing volumes of the grid elements.
Min. volume: 0.000151846, max. volume: 36.5349.

# FGMRES residual history
# Residual tolerance target = 1e-10
# Initial residual norm     = 6.91007e-10
     0     1
# FGMRES final (true) residual:
# Iteration = 4: |res|/|res0| = 3.15669e-11.

Computing volumes of the grid elements.
Non-linear iter.: 39/500. Linear iter.: 4. Min. area: 0.000151846. Error: 3.15669e-11.
Computing volumes of the grid elements.
Min. volume: 0.000151846, max. volume: 36.5349.

# FGMRES residual history
# Residual tolerance target = 1e-10
# Initial residual norm     = 6.90999e-10
     0     1
# FGMRES final (true) residual:
# Iteration = 4: |res|/|res0| = 3.15674e-11.

Computing volumes of the grid elements.
Non-linear iter.: 40/500. Linear iter.: 4. Min. area: 0.000151846. Error: 3.15674e-11.
Computing volumes of the grid elements.
Min. volume: 0.000151846, max. volume: 36.5349.

# FGMRES residual history
# Residual tolerance target = 1e-10
# Initial residual norm     = 6.90992e-10
     0     1
# FGMRES final (true) residual:
# Iteration = 4: |res|/|res0| = 3.1568e-11.

Computing volumes of the grid elements.
Non-linear iter.: 41/500. Linear iter.: 4. Min. area: 0.000151846. Error: 3.1568e-11.
Computing volumes of the grid elements.
Min. volume: 0.000151846, max. volume: 36.5349.

# FGMRES residual history
# Residual tolerance target = 1e-10
# Initial residual norm     = 6.90985e-10
     0     1
# FGMRES final (true) residual:
# Iteration = 4: |res|/|res0| = 3.15685e-11.

Computing volumes of the grid elements.
Non-linear iter.: 42/500. Linear iter.: 4. Min. area: 0.000151846. Error: 3.15685e-11.
Computing volumes of the grid elements.
Min. volume: 0.000151846, max. volume: 36.5349.

# FGMRES residual history
# Residual tolerance target = 1e-10
# Initial residual norm     = 6.90978e-10
     0     1
# FGMRES final (true) residual:
# Iteration = 4: |res|/|res0| = 3.15691e-11.

Computing volumes of the grid elements.
Non-linear iter.: 43/500. Linear iter.: 4. Min. area: 0.000151846. Error: 3.15691e-11.
Computing volumes of the grid elements.
Min. volume: 0.000151846, max. volume: 36.5349.

# FGMRES residual history
# Residual tolerance target = 1e-10
# Initial residual norm     = 6.90971e-10
     0     1
# FGMRES final (true) residual:
# Iteration = 4: |res|/|res0| = 3.15696e-11.

Computing volumes of the grid elements.
Non-linear iter.: 44/500. Linear iter.: 4. Min. area: 0.000151847. Error: 3.15696e-11.
Computing volumes of the grid elements.
Min. volume: 0.000151847, max. volume: 36.5349.

# FGMRES residual history
# Residual tolerance target = 1e-10
# Initial residual norm     = 6.90964e-10
     0     1
# FGMRES final (true) residual:
# Iteration = 4: |res|/|res0| = 3.15702e-11.

Computing volumes of the grid elements.
Non-linear iter.: 45/500. Linear iter.: 4. Min. area: 0.000151847. Error: 3.15702e-11.
Computing volumes of the grid elements.
Min. volume: 0.000151847, max. volume: 36.5349.

# FGMRES residual history
# Residual tolerance target = 1e-10
# Initial residual norm     = 6.90957e-10
     0     1
# FGMRES final (true) residual:
# Iteration = 4: |res|/|res0| = 3.15707e-11.

Computing volumes of the grid elements.
Non-linear iter.: 46/500. Linear iter.: 4. Min. area: 0.000151847. Error: 3.15707e-11.
Computing volumes of the grid elements.
Min. volume: 0.000151847, max. volume: 36.5349.

# FGMRES residual history
# Residual tolerance target = 1e-10
# Initial residual norm     = 6.9095e-10
     0     1
# FGMRES final (true) residual:
# Iteration = 4: |res|/|res0| = 3.15713e-11.

Computing volumes of the grid elements.
Non-linear iter.: 47/500. Linear iter.: 4. Min. area: 0.000151847. Error: 3.15713e-11.
Computing volumes of the grid elements.
Min. volume: 0.000151847, max. volume: 36.5349.

# FGMRES residual history
# Residual tolerance target = 1e-10
# Initial residual norm     = 6.90943e-10
     0     1
# FGMRES final (true) residual:
# Iteration = 4: |res|/|res0| = 3.15718e-11.

Computing volumes of the grid elements.
Non-linear iter.: 48/500. Linear iter.: 4. Min. area: 0.000151847. Error: 3.15718e-11.
Computing volumes of the grid elements.
Min. volume: 0.000151847, max. volume: 36.5349.

# FGMRES residual history
# Residual tolerance target = 1e-10
# Initial residual norm     = 6.90936e-10
     0     1
# FGMRES final (true) residual:
# Iteration = 4: |res|/|res0| = 3.15724e-11.

Computing volumes of the grid elements.
Non-linear iter.: 49/500. Linear iter.: 4. Min. area: 0.000151847. Error: 3.15724e-11.
Computing volumes of the grid elements.
Min. volume: 0.000151847, max. volume: 36.5349.

# FGMRES residual history
# Residual tolerance target = 1e-10
# Initial residual norm     = 6.90929e-10
     0     1
# FGMRES final (true) residual:
# Iteration = 4: |res|/|res0| = 3.15729e-11.

Computing volumes of the grid elements.
Non-linear iter.: 50/500. Linear iter.: 4. Min. area: 0.000151847. Error: 3.15729e-11.
Computing volumes of the grid elements.
Min. volume: 0.000151847, max. volume: 36.5349.

# FGMRES residual history
# Residual tolerance target = 1e-10
# Initial residual norm     = 6.90922e-10
     0     1
# FGMRES final (true) residual:
# Iteration = 4: |res|/|res0| = 3.15735e-11.

Computing volumes of the grid elements.
Non-linear iter.: 51/500. Linear iter.: 4. Min. area: 0.000151847. Error: 3.15735e-11.
Computing volumes of the grid elements.
Min. volume: 0.000151847, max. volume: 36.5349.

# FGMRES residual history
# Residual tolerance target = 1e-10
# Initial residual norm     = 6.90914e-10
     0     1
# FGMRES final (true) residual:
# Iteration = 4: |res|/|res0| = 3.1574e-11.

Computing volumes of the grid elements.
Non-linear iter.: 52/500. Linear iter.: 4. Min. area: 0.000151847. Error: 3.1574e-11.
Computing volumes of the grid elements.
Min. volume: 0.000151847, max. volume: 36.5349.

# FGMRES residual history
# Residual tolerance target = 1e-10
# Initial residual norm     = 6.90907e-10
     0     1
# FGMRES final (true) residual:
# Iteration = 4: |res|/|res0| = 3.15746e-11.

Computing volumes of the grid elements.
Non-linear iter.: 53/500. Linear iter.: 4. Min. area: 0.000151847. Error: 3.15746e-11.
Computing volumes of the grid elements.
Min. volume: 0.000151847, max. volume: 36.5349.

# FGMRES residual history
# Residual tolerance target = 1e-10
# Initial residual norm     = 6.909e-10
     0     1
# FGMRES final (true) residual:
# Iteration = 4: |res|/|res0| = 3.15751e-11.

Computing volumes of the grid elements.
Non-linear iter.: 54/500. Linear iter.: 4. Min. area: 0.000151847. Error: 3.15751e-11.
Computing volumes of the grid elements.
Min. volume: 0.000151847, max. volume: 36.5349.

# FGMRES residual history
# Residual tolerance target = 1e-10
# Initial residual norm     = 6.90893e-10
     0     1
# FGMRES final (true) residual:
# Iteration = 4: |res|/|res0| = 3.15757e-11.

Computing volumes of the grid elements.
Non-linear iter.: 55/500. Linear iter.: 4. Min. area: 0.000151847. Error: 3.15757e-11.
Computing volumes of the grid elements.
Min. volume: 0.000151847, max. volume: 36.5349.

# FGMRES residual history
# Residual tolerance target = 1e-10
# Initial residual norm     = 6.90886e-10
     0     1
# FGMRES final (true) residual:
# Iteration = 4: |res|/|res0| = 3.15762e-11.

Computing volumes of the grid elements.
Non-linear iter.: 56/500. Linear iter.: 4. Min. area: 0.000151847. Error: 3.15762e-11.
Computing volumes of the grid elements.
Min. volume: 0.000151847, max. volume: 36.5349.

# FGMRES residual history
# Residual tolerance target = 1e-10
# Initial residual norm     = 6.90879e-10
     0     1
# FGMRES final (true) residual:
# Iteration = 4: |res|/|res0| = 3.15768e-11.

Computing volumes of the grid elements.
Non-linear iter.: 57/500. Linear iter.: 4. Min. area: 0.000151847. Error: 3.15768e-11.
Computing volumes of the grid elements.
Min. volume: 0.000151847, max. volume: 36.5349.

# FGMRES residual history
# Residual tolerance target = 1e-10
# Initial residual norm     = 6.90872e-10
     0     1
# FGMRES final (true) residual:
# Iteration = 4: |res|/|res0| = 3.15774e-11.

Computing volumes of the grid elements.
Non-linear iter.: 58/500. Linear iter.: 4. Min. area: 0.000151847. Error: 3.15774e-11.
Computing volumes of the grid elements.
Min. volume: 0.000151847, max. volume: 36.5349.

# FGMRES residual history
# Residual tolerance target = 1e-10
# Initial residual norm     = 6.90865e-10
     0     1
# FGMRES final (true) residual:
# Iteration = 4: |res|/|res0| = 3.15779e-11.

Computing volumes of the grid elements.
Non-linear iter.: 59/500. Linear iter.: 4. Min. area: 0.000151847. Error: 3.15779e-11.
Computing volumes of the grid elements.
Min. volume: 0.000151847, max. volume: 36.5349.

# FGMRES residual history
# Residual tolerance target = 1e-10
# Initial residual norm     = 6.90858e-10
     0     1
# FGMRES final (true) residual:
# Iteration = 4: |res|/|res0| = 3.15785e-11.

Computing volumes of the grid elements.
Non-linear iter.: 60/500. Linear iter.: 4. Min. area: 0.000151847. Error: 3.15785e-11.
Computing volumes of the grid elements.
Min. volume: 0.000151847, max. volume: 36.5349.

# FGMRES residual history
# Residual tolerance target = 1e-10
# Initial residual norm     = 6.90851e-10
     0     1
# FGMRES final (true) residual:
# Iteration = 4: |res|/|res0| = 3.1579e-11.

Computing volumes of the grid elements.
Non-linear iter.: 61/500. Linear iter.: 4. Min. area: 0.000151847. Error: 3.1579e-11.
Computing volumes of the grid elements.
Min. volume: 0.000151847, max. volume: 36.5349.

# FGMRES residual history
# Residual tolerance target = 1e-10
# Initial residual norm     = 6.90844e-10
     0     1
# FGMRES final (true) residual:
# Iteration = 4: |res|/|res0| = 3.15796e-11.

Computing volumes of the grid elements.
Non-linear iter.: 62/500. Linear iter.: 4. Min. area: 0.000151847. Error: 3.15796e-11.
Computing volumes of the grid elements.
Min. volume: 0.000151847, max. volume: 36.5349.

# FGMRES residual history
# Residual tolerance target = 1e-10
# Initial residual norm     = 6.90837e-10
     0     1
# FGMRES final (true) residual:
# Iteration = 4: |res|/|res0| = 3.15801e-11.

Computing volumes of the grid elements.
Non-linear iter.: 63/500. Linear iter.: 4. Min. area: 0.000151847. Error: 3.15801e-11.
Computing volumes of the grid elements.
Min. volume: 0.000151847, max. volume: 36.5349.

# FGMRES residual history
# Residual tolerance target = 1e-10
# Initial residual norm     = 6.90829e-10
     0     1
# FGMRES final (true) residual:
# Iteration = 4: |res|/|res0| = 3.15807e-11.

Computing volumes of the grid elements.
Non-linear iter.: 64/500. Linear iter.: 4. Min. area: 0.000151847. Error: 3.15807e-11.
Computing volumes of the grid elements.
Min. volume: 0.000151847, max. volume: 36.5349.

# FGMRES residual history
# Residual tolerance target = 1e-10
# Initial residual norm     = 6.90822e-10
     0     1
# FGMRES final (true) residual:
# Iteration = 4: |res|/|res0| = 3.15812e-11.

Computing volumes of the grid elements.
Non-linear iter.: 65/500. Linear iter.: 4. Min. area: 0.000151847. Error: 3.15812e-11.
Computing volumes of the grid elements.
Min. volume: 0.000151847, max. volume: 36.5349.

# FGMRES residual history
# Residual tolerance target = 1e-10
# Initial residual norm     = 6.90815e-10
     0     1
# FGMRES final (true) residual:
# Iteration = 4: |res|/|res0| = 3.15818e-11.

Computing volumes of the grid elements.
Non-linear iter.: 66/500. Linear iter.: 4. Min. area: 0.000151847. Error: 3.15818e-11.
Computing volumes of the grid elements.
Min. volume: 0.000151847, max. volume: 36.5349.

# FGMRES residual history
# Residual tolerance target = 1e-10
# Initial residual norm     = 6.90808e-10
     0     1
# FGMRES final (true) residual:
# Iteration = 4: |res|/|res0| = 3.15823e-11.

Computing volumes of the grid elements.
Non-linear iter.: 67/500. Linear iter.: 4. Min. area: 0.000151847. Error: 3.15823e-11.
Computing volumes of the grid elements.
Min. volume: 0.000151847, max. volume: 36.5349.

# FGMRES residual history
# Residual tolerance target = 1e-10
# Initial residual norm     = 6.90801e-10
     0     1
# FGMRES final (true) residual:
# Iteration = 4: |res|/|res0| = 3.15829e-11.

Computing volumes of the grid elements.
Non-linear iter.: 68/500. Linear iter.: 4. Min. area: 0.000151847. Error: 3.15829e-11.
Computing volumes of the grid elements.
Min. volume: 0.000151847, max. volume: 36.5349.

# FGMRES residual history
# Residual tolerance target = 1e-10
# Initial residual norm     = 6.90794e-10
     0     1
# FGMRES final (true) residual:
# Iteration = 4: |res|/|res0| = 3.15834e-11.

Computing volumes of the grid elements.
Non-linear iter.: 69/500. Linear iter.: 4. Min. area: 0.000151847. Error: 3.15834e-11.
Computing volumes of the grid elements.
Min. volume: 0.000151847, max. volume: 36.5349.

# FGMRES residual history
# Residual tolerance target = 1e-10
# Initial residual norm     = 6.90787e-10
     0     1
# FGMRES final (true) residual:
# Iteration = 4: |res|/|res0| = 3.1584e-11.

Computing volumes of the grid elements.
Non-linear iter.: 70/500. Linear iter.: 4. Min. area: 0.000151847. Error: 3.1584e-11.
Computing volumes of the grid elements.
Min. volume: 0.000151847, max. volume: 36.5349.

# FGMRES residual history
# Residual tolerance target = 1e-10
# Initial residual norm     = 6.9078e-10
     0     1
# FGMRES final (true) residual:
# Iteration = 4: |res|/|res0| = 3.15845e-11.

Computing volumes of the grid elements.
Non-linear iter.: 71/500. Linear iter.: 4. Min. area: 0.000151847. Error: 3.15845e-11.
Computing volumes of the grid elements.
Min. volume: 0.000151847, max. volume: 36.5349.

# FGMRES residual history
# Residual tolerance target = 1e-10
# Initial residual norm     = 6.90773e-10
     0     1
# FGMRES final (true) residual:
# Iteration = 4: |res|/|res0| = 3.15851e-11.

Computing volumes of the grid elements.
Non-linear iter.: 72/500. Linear iter.: 4. Min. area: 0.000151847. Error: 3.15851e-11.
Computing volumes of the grid elements.
Min. volume: 0.000151847, max. volume: 36.5349.

# FGMRES residual history
# Residual tolerance target = 1e-10
# Initial residual norm     = 6.90766e-10
     0     1
# FGMRES final (true) residual:
# Iteration = 4: |res|/|res0| = 3.15856e-11.

Computing volumes of the grid elements.
Non-linear iter.: 73/500. Linear iter.: 4. Min. area: 0.000151847. Error: 3.15856e-11.
Computing volumes of the grid elements.
Min. volume: 0.000151847, max. volume: 36.5349.

# FGMRES residual history
# Residual tolerance target = 1e-10
# Initial residual norm     = 6.90759e-10
     0     1
# FGMRES final (true) residual:
# Iteration = 4: |res|/|res0| = 3.15862e-11.

Computing volumes of the grid elements.
Non-linear iter.: 74/500. Linear iter.: 4. Min. area: 0.000151847. Error: 3.15862e-11.
Computing volumes of the grid elements.
Min. volume: 0.000151847, max. volume: 36.5349.

# FGMRES residual history
# Residual tolerance target = 1e-10
# Initial residual norm     = 6.90752e-10
     0     1
# FGMRES final (true) residual:
# Iteration = 4: |res|/|res0| = 3.15867e-11.

Computing volumes of the grid elements.
Non-linear iter.: 75/500. Linear iter.: 4. Min. area: 0.000151847. Error: 3.15867e-11.
Computing volumes of the grid elements.
Min. volume: 0.000151847, max. volume: 36.5349.

# FGMRES residual history
# Residual tolerance target = 1e-10
# Initial residual norm     = 6.90744e-10
     0     1
# FGMRES final (true) residual:
# Iteration = 4: |res|/|res0| = 3.15873e-11.

Computing volumes of the grid elements.
Non-linear iter.: 76/500. Linear iter.: 4. Min. area: 0.000151847. Error: 3.15873e-11.
Computing volumes of the grid elements.
Min. volume: 0.000151847, max. volume: 36.5349.

# FGMRES residual history
# Residual tolerance target = 1e-10
# Initial residual norm     = 6.90737e-10
     0     1
# FGMRES final (true) residual:
# Iteration = 4: |res|/|res0| = 3.15878e-11.

Computing volumes of the grid elements.
Non-linear iter.: 77/500. Linear iter.: 4. Min. area: 0.000151847. Error: 3.15878e-11.
Computing volumes of the grid elements.
Min. volume: 0.000151847, max. volume: 36.5349.

# FGMRES residual history
# Residual tolerance target = 1e-10
# Initial residual norm     = 6.9073e-10
     0     1
# FGMRES final (true) residual:
# Iteration = 4: |res|/|res0| = 3.15884e-11.

Computing volumes of the grid elements.
Non-linear iter.: 78/500. Linear iter.: 4. Min. area: 0.000151847. Error: 3.15884e-11.
Computing volumes of the grid elements.
Min. volume: 0.000151847, max. volume: 36.5349.

# FGMRES residual history
# Residual tolerance target = 1e-10
# Initial residual norm     = 6.90723e-10
     0     1
# FGMRES final (true) residual:
# Iteration = 4: |res|/|res0| = 3.15889e-11.

Computing volumes of the grid elements.
Non-linear iter.: 79/500. Linear iter.: 4. Min. area: 0.000151847. Error: 3.15889e-11.
Computing volumes of the grid elements.
Min. volume: 0.000151847, max. volume: 36.5349.

# FGMRES residual history
# Residual tolerance target = 1e-10
# Initial residual norm     = 6.90716e-10
     0     1
# FGMRES final (true) residual:
# Iteration = 4: |res|/|res0| = 3.15895e-11.

Computing volumes of the grid elements.
Non-linear iter.: 80/500. Linear iter.: 4. Min. area: 0.000151847. Error: 3.15895e-11.
Computing volumes of the grid elements.
Min. volume: 0.000151847, max. volume: 36.5349.

# FGMRES residual history
# Residual tolerance target = 1e-10
# Initial residual norm     = 6.90709e-10
     0     1
# FGMRES final (true) residual:
# Iteration = 4: |res|/|res0| = 3.159e-11.

Computing volumes of the grid elements.
Non-linear iter.: 81/500. Linear iter.: 4. Min. area: 0.000151847. Error: 3.159e-11.
Computing volumes of the grid elements.
Min. volume: 0.000151847, max. volume: 36.5349.

# FGMRES residual history
# Residual tolerance target = 1e-10
# Initial residual norm     = 6.90702e-10
     0     1
# FGMRES final (true) residual:
# Iteration = 4: |res|/|res0| = 3.15906e-11.

Computing volumes of the grid elements.
Non-linear iter.: 82/500. Linear iter.: 4. Min. area: 0.000151847. Error: 3.15906e-11.
Computing volumes of the grid elements.
Min. volume: 0.000151847, max. volume: 36.5349.

# FGMRES residual history
# Residual tolerance target = 1e-10
# Initial residual norm     = 6.90695e-10
     0     1
# FGMRES final (true) residual:
# Iteration = 4: |res|/|res0| = 3.15911e-11.

Computing volumes of the grid elements.
Non-linear iter.: 83/500. Linear iter.: 4. Min. area: 0.000151847. Error: 3.15911e-11.
Computing volumes of the grid elements.
Min. volume: 0.000151847, max. volume: 36.5349.

# FGMRES residual history
# Residual tolerance target = 1e-10
# Initial residual norm     = 6.90688e-10
     0     1
# FGMRES final (true) residual:
# Iteration = 4: |res|/|res0| = 3.15917e-11.

Computing volumes of the grid elements.
Non-linear iter.: 84/500. Linear iter.: 4. Min. area: 0.000151847. Error: 3.15917e-11.
Computing volumes of the grid elements.
Min. volume: 0.000151847, max. volume: 36.5349.

# FGMRES residual history
# Residual tolerance target = 1e-10
# Initial residual norm     = 6.90681e-10
     0     1
# FGMRES final (true) residual:
# Iteration = 4: |res|/|res0| = 3.15922e-11.

Computing volumes of the grid elements.
Non-linear iter.: 85/500. Linear iter.: 4. Min. area: 0.000151847. Error: 3.15922e-11.
Computing volumes of the grid elements.
Min. volume: 0.000151847, max. volume: 36.5349.

# FGMRES residual history
# Residual tolerance target = 1e-10
# Initial residual norm     = 6.90674e-10
     0     1
# FGMRES final (true) residual:
# Iteration = 4: |res|/|res0| = 3.15928e-11.

Computing volumes of the grid elements.
Non-linear iter.: 86/500. Linear iter.: 4. Min. area: 0.000151847. Error: 3.15928e-11.
Computing volumes of the grid elements.
Min. volume: 0.000151847, max. volume: 36.5349.

# FGMRES residual history
# Residual tolerance target = 1e-10
# Initial residual norm     = 6.90667e-10
     0     1
# FGMRES final (true) residual:
# Iteration = 4: |res|/|res0| = 3.15933e-11.

Computing volumes of the grid elements.
Non-linear iter.: 87/500. Linear iter.: 4. Min. area: 0.000151847. Error: 3.15933e-11.
Computing volumes of the grid elements.
Min. volume: 0.000151847, max. volume: 36.5349.

# FGMRES residual history
# Residual tolerance target = 1e-10
# Initial residual norm     = 6.9066e-10
     0     1
# FGMRES final (true) residual:
# Iteration = 4: |res|/|res0| = 3.15939e-11.

Computing volumes of the grid elements.
Non-linear iter.: 88/500. Linear iter.: 4. Min. area: 0.000151847. Error: 3.15939e-11.
Computing volumes of the grid elements.
Min. volume: 0.000151847, max. volume: 36.5349.

# FGMRES residual history
# Residual tolerance target = 1e-10
# Initial residual norm     = 6.90652e-10
     0     1
# FGMRES final (true) residual:
# Iteration = 4: |res|/|res0| = 3.15944e-11.

Computing volumes of the grid elements.
Non-linear iter.: 89/500. Linear iter.: 4. Min. area: 0.000151847. Error: 3.15944e-11.
Computing volumes of the grid elements.
Min. volume: 0.000151847, max. volume: 36.5349.

# FGMRES residual history
# Residual tolerance target = 1e-10
# Initial residual norm     = 6.90645e-10
     0     1
# FGMRES final (true) residual:
# Iteration = 4: |res|/|res0| = 3.1595e-11.

Computing volumes of the grid elements.
Non-linear iter.: 90/500. Linear iter.: 4. Min. area: 0.000151848. Error: 3.1595e-11.
Computing volumes of the grid elements.
Min. volume: 0.000151848, max. volume: 36.5349.

# FGMRES residual history
# Residual tolerance target = 1e-10
# Initial residual norm     = 6.90638e-10
     0     1
# FGMRES final (true) residual:
# Iteration = 4: |res|/|res0| = 3.15955e-11.

Computing volumes of the grid elements.
Non-linear iter.: 91/500. Linear iter.: 4. Min. area: 0.000151848. Error: 3.15955e-11.
Computing volumes of the grid elements.
Min. volume: 0.000151848, max. volume: 36.5349.

# FGMRES residual history
# Residual tolerance target = 1e-10
# Initial residual norm     = 6.90631e-10
     0     1
# FGMRES final (true) residual:
# Iteration = 4: |res|/|res0| = 3.15961e-11.

Computing volumes of the grid elements.
Non-linear iter.: 92/500. Linear iter.: 4. Min. area: 0.000151848. Error: 3.15961e-11.
Computing volumes of the grid elements.
Min. volume: 0.000151848, max. volume: 36.5349.

# FGMRES residual history
# Residual tolerance target = 1e-10
# Initial residual norm     = 6.90624e-10
     0     1
# FGMRES final (true) residual:
# Iteration = 4: |res|/|res0| = 3.15966e-11.

Computing volumes of the grid elements.
Non-linear iter.: 93/500. Linear iter.: 4. Min. area: 0.000151848. Error: 3.15966e-11.
Computing volumes of the grid elements.
Min. volume: 0.000151848, max. volume: 36.5349.

# FGMRES residual history
# Residual tolerance target = 1e-10
# Initial residual norm     = 6.90617e-10
     0     1
# FGMRES final (true) residual:
# Iteration = 4: |res|/|res0| = 3.15972e-11.

Computing volumes of the grid elements.
Non-linear iter.: 94/500. Linear iter.: 4. Min. area: 0.000151848. Error: 3.15972e-11.
Computing volumes of the grid elements.
Min. volume: 0.000151848, max. volume: 36.5349.

# FGMRES residual history
# Residual tolerance target = 1e-10
# Initial residual norm     = 6.9061e-10
     0     1
# FGMRES final (true) residual:
# Iteration = 4: |res|/|res0| = 3.15977e-11.

Computing volumes of the grid elements.
Non-linear iter.: 95/500. Linear iter.: 4. Min. area: 0.000151848. Error: 3.15977e-11.
Computing volumes of the grid elements.
Min. volume: 0.000151848, max. volume: 36.5349.

# FGMRES residual history
# Residual tolerance target = 1e-10
# Initial residual norm     = 6.90603e-10
     0     1
# FGMRES final (true) residual:
# Iteration = 4: |res|/|res0| = 3.15983e-11.

Computing volumes of the grid elements.
Non-linear iter.: 96/500. Linear iter.: 4. Min. area: 0.000151848. Error: 3.15983e-11.
Computing volumes of the grid elements.
Min. volume: 0.000151848, max. volume: 36.5349.

# FGMRES residual history
# Residual tolerance target = 1e-10
# Initial residual norm     = 6.90596e-10
     0     1
# FGMRES final (true) residual:
# Iteration = 4: |res|/|res0| = 3.15988e-11.

Computing volumes of the grid elements.
Non-linear iter.: 97/500. Linear iter.: 4. Min. area: 0.000151848. Error: 3.15988e-11.
Computing volumes of the grid elements.
Min. volume: 0.000151848, max. volume: 36.5349.

# FGMRES residual history
# Residual tolerance target = 1e-10
# Initial residual norm     = 6.90589e-10
     0     1
# FGMRES final (true) residual:
# Iteration = 4: |res|/|res0| = 3.15994e-11.

Computing volumes of the grid elements.
Non-linear iter.: 98/500. Linear iter.: 4. Min. area: 0.000151848. Error: 3.15994e-11.
Computing volumes of the grid elements.
Min. volume: 0.000151848, max. volume: 36.5349.

# FGMRES residual history
# Residual tolerance target = 1e-10
# Initial residual norm     = 6.90582e-10
     0     1
# FGMRES final (true) residual:
# Iteration = 4: |res|/|res0| = 3.15999e-11.

Computing volumes of the grid elements.
Non-linear iter.: 99/500. Linear iter.: 4. Min. area: 0.000151848. Error: 3.15999e-11.
Computing volumes of the grid elements.
Min. volume: 0.000151848, max. volume: 36.5349.

# FGMRES residual history
# Residual tolerance target = 1e-10
# Initial residual norm     = 6.90575e-10
     0     1
# FGMRES final (true) residual:
# Iteration = 4: |res|/|res0| = 3.16005e-11.

Computing volumes of the grid elements.
Non-linear iter.: 100/500. Linear iter.: 4. Min. area: 0.000151848. Error: 3.16005e-11.
Computing volumes of the grid elements.
Min. volume: 0.000151848, max. volume: 36.5349.

# FGMRES residual history
# Residual tolerance target = 1e-10
# Initial residual norm     = 6.90568e-10
     0     1
# FGMRES final (true) residual:
# Iteration = 4: |res|/|res0| = 3.16011e-11.

Computing volumes of the grid elements.
Non-linear iter.: 101/500. Linear iter.: 4. Min. area: 0.000151848. Error: 3.16011e-11.
Computing volumes of the grid elements.
Min. volume: 0.000151848, max. volume: 36.5349.

# FGMRES residual history
# Residual tolerance target = 1e-10
# Initial residual norm     = 6.9056e-10
     0     1
# FGMRES final (true) residual:
# Iteration = 4: |res|/|res0| = 3.16016e-11.

Computing volumes of the grid elements.
Non-linear iter.: 102/500. Linear iter.: 4. Min. area: 0.000151848. Error: 3.16016e-11.
Computing volumes of the grid elements.
Min. volume: 0.000151848, max. volume: 36.5349.

# FGMRES residual history
# Residual tolerance target = 1e-10
# Initial residual norm     = 6.90553e-10
     0     1
# FGMRES final (true) residual:
# Iteration = 4: |res|/|res0| = 3.16022e-11.

Computing volumes of the grid elements.
Non-linear iter.: 103/500. Linear iter.: 4. Min. area: 0.000151848. Error: 3.16022e-11.
Computing volumes of the grid elements.
Min. volume: 0.000151848, max. volume: 36.5349.

# FGMRES residual history
# Residual tolerance target = 1e-10
# Initial residual norm     = 6.90546e-10
     0     1
# FGMRES final (true) residual:
# Iteration = 4: |res|/|res0| = 3.16027e-11.

Computing volumes of the grid elements.
Non-linear iter.: 104/500. Linear iter.: 4. Min. area: 0.000151848. Error: 3.16027e-11.
Computing volumes of the grid elements.
Min. volume: 0.000151848, max. volume: 36.5349.

# FGMRES residual history
# Residual tolerance target = 1e-10
# Initial residual norm     = 6.90539e-10
     0     1
# FGMRES final (true) residual:
# Iteration = 4: |res|/|res0| = 3.16033e-11.

Computing volumes of the grid elements.
Non-linear iter.: 105/500. Linear iter.: 4. Min. area: 0.000151848. Error: 3.16033e-11.
Computing volumes of the grid elements.
Min. volume: 0.000151848, max. volume: 36.5349.

# FGMRES residual history
# Residual tolerance target = 1e-10
# Initial residual norm     = 6.90532e-10
     0     1
# FGMRES final (true) residual:
# Iteration = 4: |res|/|res0| = 3.16038e-11.

Computing volumes of the grid elements.
Non-linear iter.: 106/500. Linear iter.: 4. Min. area: 0.000151848. Error: 3.16038e-11.
Computing volumes of the grid elements.
Min. volume: 0.000151848, max. volume: 36.5349.

# FGMRES residual history
# Residual tolerance target = 1e-10
# Initial residual norm     = 6.90525e-10
     0     1
# FGMRES final (true) residual:
# Iteration = 4: |res|/|res0| = 3.16044e-11.

Computing volumes of the grid elements.
Non-linear iter.: 107/500. Linear iter.: 4. Min. area: 0.000151848. Error: 3.16044e-11.
Computing volumes of the grid elements.
Min. volume: 0.000151848, max. volume: 36.5349.

# FGMRES residual history
# Residual tolerance target = 1e-10
# Initial residual norm     = 6.90518e-10
     0     1
# FGMRES final (true) residual:
# Iteration = 4: |res|/|res0| = 3.16049e-11.

Computing volumes of the grid elements.
Non-linear iter.: 108/500. Linear iter.: 4. Min. area: 0.000151848. Error: 3.16049e-11.
Computing volumes of the grid elements.
Min. volume: 0.000151848, max. volume: 36.5349.

# FGMRES residual history
# Residual tolerance target = 1e-10
# Initial residual norm     = 6.90511e-10
     0     1
# FGMRES final (true) residual:
# Iteration = 4: |res|/|res0| = 3.16055e-11.

Computing volumes of the grid elements.
Non-linear iter.: 109/500. Linear iter.: 4. Min. area: 0.000151848. Error: 3.16055e-11.
Computing volumes of the grid elements.
Min. volume: 0.000151848, max. volume: 36.5349.

# FGMRES residual history
# Residual tolerance target = 1e-10
# Initial residual norm     = 6.90504e-10
     0     1
# FGMRES final (true) residual:
# Iteration = 4: |res|/|res0| = 3.1606e-11.

Computing volumes of the grid elements.
Non-linear iter.: 110/500. Linear iter.: 4. Min. area: 0.000151848. Error: 3.1606e-11.
Computing volumes of the grid elements.
Min. volume: 0.000151848, max. volume: 36.5349.

# FGMRES residual history
# Residual tolerance target = 1e-10
# Initial residual norm     = 6.90497e-10
     0     1
# FGMRES final (true) residual:
# Iteration = 4: |res|/|res0| = 3.16066e-11.

Computing volumes of the grid elements.
Non-linear iter.: 111/500. Linear iter.: 4. Min. area: 0.000151848. Error: 3.16066e-11.
Computing volumes of the grid elements.
Min. volume: 0.000151848, max. volume: 36.5349.

# FGMRES residual history
# Residual tolerance target = 1e-10
# Initial residual norm     = 6.9049e-10
     0     1
# FGMRES final (true) residual:
# Iteration = 4: |res|/|res0| = 3.16071e-11.

Computing volumes of the grid elements.
Non-linear iter.: 112/500. Linear iter.: 4. Min. area: 0.000151848. Error: 3.16071e-11.
Computing volumes of the grid elements.
Min. volume: 0.000151848, max. volume: 36.5349.

# FGMRES residual history
# Residual tolerance target = 1e-10
# Initial residual norm     = 6.90483e-10
     0     1
# FGMRES final (true) residual:
# Iteration = 4: |res|/|res0| = 3.16077e-11.

Computing volumes of the grid elements.
Non-linear iter.: 113/500. Linear iter.: 4. Min. area: 0.000151848. Error: 3.16077e-11.
Computing volumes of the grid elements.
Min. volume: 0.000151848, max. volume: 36.5349.

# FGMRES residual history
# Residual tolerance target = 1e-10
# Initial residual norm     = 6.90476e-10
     0     1
# FGMRES final (true) residual:
# Iteration = 4: |res|/|res0| = 3.16082e-11.

Computing volumes of the grid elements.
Non-linear iter.: 114/500. Linear iter.: 4. Min. area: 0.000151848. Error: 3.16082e-11.
Computing volumes of the grid elements.
Min. volume: 0.000151848, max. volume: 36.5349.

# FGMRES residual history
# Residual tolerance target = 1e-10
# Initial residual norm     = 6.90469e-10
     0     1
# FGMRES final (true) residual:
# Iteration = 4: |res|/|res0| = 3.16088e-11.

Computing volumes of the grid elements.
Non-linear iter.: 115/500. Linear iter.: 4. Min. area: 0.000151848. Error: 3.16088e-11.
Computing volumes of the grid elements.
Min. volume: 0.000151848, max. volume: 36.5349.

# FGMRES residual history
# Residual tolerance target = 1e-10
# Initial residual norm     = 6.90461e-10
     0     1
# FGMRES final (true) residual:
# Iteration = 4: |res|/|res0| = 3.16093e-11.

Computing volumes of the grid elements.
Non-linear iter.: 116/500. Linear iter.: 4. Min. area: 0.000151848. Error: 3.16093e-11.
Computing volumes of the grid elements.
Min. volume: 0.000151848, max. volume: 36.5349.

# FGMRES residual history
# Residual tolerance target = 1e-10
# Initial residual norm     = 6.90454e-10
     0     1
# FGMRES final (true) residual:
# Iteration = 4: |res|/|res0| = 3.16099e-11.

Computing volumes of the grid elements.
Non-linear iter.: 117/500. Linear iter.: 4. Min. area: 0.000151848. Error: 3.16099e-11.
Computing volumes of the grid elements.
Min. volume: 0.000151848, max. volume: 36.5349.

# FGMRES residual history
# Residual tolerance target = 1e-10
# Initial residual norm     = 6.90447e-10
     0     1
# FGMRES final (true) residual:
# Iteration = 4: |res|/|res0| = 3.16104e-11.

Computing volumes of the grid elements.
Non-linear iter.: 118/500. Linear iter.: 4. Min. area: 0.000151848. Error: 3.16104e-11.
Computing volumes of the grid elements.
Min. volume: 0.000151848, max. volume: 36.5349.

# FGMRES residual history
# Residual tolerance target = 1e-10
# Initial residual norm     = 6.9044e-10
     0     1
# FGMRES final (true) residual:
# Iteration = 4: |res|/|res0| = 3.1611e-11.

Computing volumes of the grid elements.
Non-linear iter.: 119/500. Linear iter.: 4. Min. area: 0.000151848. Error: 3.1611e-11.
Computing volumes of the grid elements.
Min. volume: 0.000151848, max. volume: 36.5349.

# FGMRES residual history
# Residual tolerance target = 1e-10
# Initial residual norm     = 6.90433e-10
     0     1
# FGMRES final (true) residual:
# Iteration = 4: |res|/|res0| = 3.16115e-11.

Computing volumes of the grid elements.
Non-linear iter.: 120/500. Linear iter.: 4. Min. area: 0.000151848. Error: 3.16115e-11.
Computing volumes of the grid elements.
Min. volume: 0.000151848, max. volume: 36.5349.

# FGMRES residual history
# Residual tolerance target = 1e-10
# Initial residual norm     = 6.90426e-10
     0     1
# FGMRES final (true) residual:
# Iteration = 4: |res|/|res0| = 3.16121e-11.

Computing volumes of the grid elements.
Non-linear iter.: 121/500. Linear iter.: 4. Min. area: 0.000151848. Error: 3.16121e-11.
Computing volumes of the grid elements.
Min. volume: 0.000151848, max. volume: 36.5349.

# FGMRES residual history
# Residual tolerance target = 1e-10
# Initial residual norm     = 6.90419e-10
     0     1
# FGMRES final (true) residual:
# Iteration = 4: |res|/|res0| = 3.16126e-11.

Computing volumes of the grid elements.
Non-linear iter.: 122/500. Linear iter.: 4. Min. area: 0.000151848. Error: 3.16126e-11.
Computing volumes of the grid elements.
Min. volume: 0.000151848, max. volume: 36.5349.

# FGMRES residual history
# Residual tolerance target = 1e-10
# Initial residual norm     = 6.90412e-10
     0     1
# FGMRES final (true) residual:
# Iteration = 4: |res|/|res0| = 3.16132e-11.

Computing volumes of the grid elements.
Non-linear iter.: 123/500. Linear iter.: 4. Min. area: 0.000151848. Error: 3.16132e-11.
Computing volumes of the grid elements.
Min. volume: 0.000151848, max. volume: 36.5349.

# FGMRES residual history
# Residual tolerance target = 1e-10
# Initial residual norm     = 6.90405e-10
     0     1
# FGMRES final (true) residual:
# Iteration = 4: |res|/|res0| = 3.16137e-11.

Computing volumes of the grid elements.
Non-linear iter.: 124/500. Linear iter.: 4. Min. area: 0.000151848. Error: 3.16137e-11.
Computing volumes of the grid elements.
Min. volume: 0.000151848, max. volume: 36.5349.

# FGMRES residual history
# Residual tolerance target = 1e-10
# Initial residual norm     = 6.90398e-10
     0     1
# FGMRES final (true) residual:
# Iteration = 4: |res|/|res0| = 3.16143e-11.

Computing volumes of the grid elements.
Non-linear iter.: 125/500. Linear iter.: 4. Min. area: 0.000151848. Error: 3.16143e-11.
Computing volumes of the grid elements.
Min. volume: 0.000151848, max. volume: 36.5349.

# FGMRES residual history
# Residual tolerance target = 1e-10
# Initial residual norm     = 6.90391e-10
     0     1
# FGMRES final (true) residual:
# Iteration = 4: |res|/|res0| = 3.16148e-11.

Computing volumes of the grid elements.
Non-linear iter.: 126/500. Linear iter.: 4. Min. area: 0.000151848. Error: 3.16148e-11.
Computing volumes of the grid elements.
Min. volume: 0.000151848, max. volume: 36.5349.

# FGMRES residual history
# Residual tolerance target = 1e-10
# Initial residual norm     = 6.90384e-10
     0     1
# FGMRES final (true) residual:
# Iteration = 4: |res|/|res0| = 3.16154e-11.

Computing volumes of the grid elements.
Non-linear iter.: 127/500. Linear iter.: 4. Min. area: 0.000151848. Error: 3.16154e-11.
Computing volumes of the grid elements.
Min. volume: 0.000151848, max. volume: 36.5349.

# FGMRES residual history
# Residual tolerance target = 1e-10
# Initial residual norm     = 6.90377e-10
     0     1
# FGMRES final (true) residual:
# Iteration = 4: |res|/|res0| = 3.16159e-11.

Computing volumes of the grid elements.
Non-linear iter.: 128/500. Linear iter.: 4. Min. area: 0.000151848. Error: 3.16159e-11.
Computing volumes of the grid elements.
Min. volume: 0.000151848, max. volume: 36.5349.

# FGMRES residual history
# Residual tolerance target = 1e-10
# Initial residual norm     = 6.9037e-10
     0     1
# FGMRES final (true) residual:
# Iteration = 4: |res|/|res0| = 3.16165e-11.

Computing volumes of the grid elements.
Non-linear iter.: 129/500. Linear iter.: 4. Min. area: 0.000151848. Error: 3.16165e-11.
Computing volumes of the grid elements.
Min. volume: 0.000151848, max. volume: 36.5349.

# FGMRES residual history
# Residual tolerance target = 1e-10
# Initial residual norm     = 6.90363e-10
     0     1
# FGMRES final (true) residual:
# Iteration = 4: |res|/|res0| = 3.1617e-11.

Computing volumes of the grid elements.
Non-linear iter.: 130/500. Linear iter.: 4. Min. area: 0.000151848. Error: 3.1617e-11.
Computing volumes of the grid elements.
Min. volume: 0.000151848, max. volume: 36.5349.

# FGMRES residual history
# Residual tolerance target = 1e-10
# Initial residual norm     = 6.90355e-10
     0     1
# FGMRES final (true) residual:
# Iteration = 4: |res|/|res0| = 3.16176e-11.

Computing volumes of the grid elements.
Non-linear iter.: 131/500. Linear iter.: 4. Min. area: 0.000151848. Error: 3.16176e-11.
Computing volumes of the grid elements.
Min. volume: 0.000151848, max. volume: 36.5349.

# FGMRES residual history
# Residual tolerance target = 1e-10
# Initial residual norm     = 6.90348e-10
     0     1
# FGMRES final (true) residual:
# Iteration = 4: |res|/|res0| = 3.16181e-11.

Computing volumes of the grid elements.
Non-linear iter.: 132/500. Linear iter.: 4. Min. area: 0.000151848. Error: 3.16181e-11.
Computing volumes of the grid elements.
Min. volume: 0.000151848, max. volume: 36.5349.

# FGMRES residual history
# Residual tolerance target = 1e-10
# Initial residual norm     = 6.90341e-10
     0     1
# FGMRES final (true) residual:
# Iteration = 4: |res|/|res0| = 3.16187e-11.

Computing volumes of the grid elements.
Non-linear iter.: 133/500. Linear iter.: 4. Min. area: 0.000151848. Error: 3.16187e-11.
Computing volumes of the grid elements.
Min. volume: 0.000151848, max. volume: 36.5349.

# FGMRES residual history
# Residual tolerance target = 1e-10
# Initial residual norm     = 6.90334e-10
     0     1
# FGMRES final (true) residual:
# Iteration = 4: |res|/|res0| = 3.16192e-11.

Computing volumes of the grid elements.
Non-linear iter.: 134/500. Linear iter.: 4. Min. area: 0.000151848. Error: 3.16192e-11.
Computing volumes of the grid elements.
Min. volume: 0.000151848, max. volume: 36.5349.

# FGMRES residual history
# Residual tolerance target = 1e-10
# Initial residual norm     = 6.90327e-10
     0     1
# FGMRES final (true) residual:
# Iteration = 4: |res|/|res0| = 3.16198e-11.

Computing volumes of the grid elements.
Non-linear iter.: 135/500. Linear iter.: 4. Min. area: 0.000151848. Error: 3.16198e-11.
Computing volumes of the grid elements.
Min. volume: 0.000151848, max. volume: 36.5349.

# FGMRES residual history
# Residual tolerance target = 1e-10
# Initial residual norm     = 6.9032e-10
     0     1
# FGMRES final (true) residual:
# Iteration = 4: |res|/|res0| = 3.16203e-11.

Computing volumes of the grid elements.
Non-linear iter.: 136/500. Linear iter.: 4. Min. area: 0.000151848. Error: 3.16203e-11.
Computing volumes of the grid elements.
Min. volume: 0.000151848, max. volume: 36.5349.

# FGMRES residual history
# Residual tolerance target = 1e-10
# Initial residual norm     = 6.90313e-10
     0     1
# FGMRES final (true) residual:
# Iteration = 4: |res|/|res0| = 3.16209e-11.

Computing volumes of the grid elements.
Non-linear iter.: 137/500. Linear iter.: 4. Min. area: 0.000151849. Error: 3.16209e-11.
Computing volumes of the grid elements.
Min. volume: 0.000151849, max. volume: 36.5349.

# FGMRES residual history
# Residual tolerance target = 1e-10
# Initial residual norm     = 6.90306e-10
     0     1
# FGMRES final (true) residual:
# Iteration = 4: |res|/|res0| = 3.16214e-11.

Computing volumes of the grid elements.
Non-linear iter.: 138/500. Linear iter.: 4. Min. area: 0.000151849. Error: 3.16214e-11.
Computing volumes of the grid elements.
Min. volume: 0.000151849, max. volume: 36.5349.

# FGMRES residual history
# Residual tolerance target = 1e-10
# Initial residual norm     = 6.90299e-10
     0     1
# FGMRES final (true) residual:
# Iteration = 4: |res|/|res0| = 3.1622e-11.

Computing volumes of the grid elements.
Non-linear iter.: 139/500. Linear iter.: 4. Min. area: 0.000151849. Error: 3.1622e-11.
Computing volumes of the grid elements.
Min. volume: 0.000151849, max. volume: 36.5349.

# FGMRES residual history
# Residual tolerance target = 1e-10
# Initial residual norm     = 6.90292e-10
     0     1
# FGMRES final (true) residual:
# Iteration = 4: |res|/|res0| = 3.16225e-11.

Computing volumes of the grid elements.
Non-linear iter.: 140/500. Linear iter.: 4. Min. area: 0.000151849. Error: 3.16225e-11.
Computing volumes of the grid elements.
Min. volume: 0.000151849, max. volume: 36.5349.

# FGMRES residual history
# Residual tolerance target = 1e-10
# Initial residual norm     = 6.90285e-10
     0     1
# FGMRES final (true) residual:
# Iteration = 4: |res|/|res0| = 3.16231e-11.

Computing volumes of the grid elements.
Non-linear iter.: 141/500. Linear iter.: 4. Min. area: 0.000151849. Error: 3.16231e-11.
Computing volumes of the grid elements.
Min. volume: 0.000151849, max. volume: 36.5349.

# FGMRES residual history
# Residual tolerance target = 1e-10
# Initial residual norm     = 6.90278e-10
     0     1
# FGMRES final (true) residual:
# Iteration = 4: |res|/|res0| = 3.16236e-11.

Computing volumes of the grid elements.
Non-linear iter.: 142/500. Linear iter.: 4. Min. area: 0.000151849. Error: 3.16236e-11.
Computing volumes of the grid elements.
Min. volume: 0.000151849, max. volume: 36.5349.

# FGMRES residual history
# Residual tolerance target = 1e-10
# Initial residual norm     = 6.90271e-10
     0     1
# FGMRES final (true) residual:
# Iteration = 4: |res|/|res0| = 3.16242e-11.

Computing volumes of the grid elements.
Non-linear iter.: 143/500. Linear iter.: 4. Min. area: 0.000151849. Error: 3.16242e-11.
Computing volumes of the grid elements.
Min. volume: 0.000151849, max. volume: 36.5349.

# FGMRES residual history
# Residual tolerance target = 1e-10
# Initial residual norm     = 6.90264e-10
     0     1
# FGMRES final (true) residual:
# Iteration = 4: |res|/|res0| = 3.16247e-11.

Computing volumes of the grid elements.
Non-linear iter.: 144/500. Linear iter.: 4. Min. area: 0.000151849. Error: 3.16247e-11.
Computing volumes of the grid elements.
Min. volume: 0.000151849, max. volume: 36.5349.

# FGMRES residual history
# Residual tolerance target = 1e-10
# Initial residual norm     = 6.90257e-10
     0     1
# FGMRES final (true) residual:
# Iteration = 4: |res|/|res0| = 3.16253e-11.

Computing volumes of the grid elements.
Non-linear iter.: 145/500. Linear iter.: 4. Min. area: 0.000151849. Error: 3.16253e-11.
Computing volumes of the grid elements.
Min. volume: 0.000151849, max. volume: 36.5349.

# FGMRES residual history
# Residual tolerance target = 1e-10
# Initial residual norm     = 6.90249e-10
     0     1
# FGMRES final (true) residual:
# Iteration = 4: |res|/|res0| = 3.16258e-11.

Computing volumes of the grid elements.
Non-linear iter.: 146/500. Linear iter.: 4. Min. area: 0.000151849. Error: 3.16258e-11.
Computing volumes of the grid elements.
Min. volume: 0.000151849, max. volume: 36.5349.

# FGMRES residual history
# Residual tolerance target = 1e-10
# Initial residual norm     = 6.90242e-10
     0     1
# FGMRES final (true) residual:
# Iteration = 4: |res|/|res0| = 3.16264e-11.

Computing volumes of the grid elements.
Non-linear iter.: 147/500. Linear iter.: 4. Min. area: 0.000151849. Error: 3.16264e-11.
Computing volumes of the grid elements.
Min. volume: 0.000151849, max. volume: 36.5349.

# FGMRES residual history
# Residual tolerance target = 1e-10
# Initial residual norm     = 6.90235e-10
     0     1
# FGMRES final (true) residual:
# Iteration = 4: |res|/|res0| = 3.16269e-11.

Computing volumes of the grid elements.
Non-linear iter.: 148/500. Linear iter.: 4. Min. area: 0.000151849. Error: 3.16269e-11.
Computing volumes of the grid elements.
Min. volume: 0.000151849, max. volume: 36.5349.

# FGMRES residual history
# Residual tolerance target = 1e-10
# Initial residual norm     = 6.90228e-10
     0     1
# FGMRES final (true) residual:
# Iteration = 4: |res|/|res0| = 3.16275e-11.

Computing volumes of the grid elements.
Non-linear iter.: 149/500. Linear iter.: 4. Min. area: 0.000151849. Error: 3.16275e-11.
Computing volumes of the grid elements.
Min. volume: 0.000151849, max. volume: 36.5349.

# FGMRES residual history
# Residual tolerance target = 1e-10
# Initial residual norm     = 6.90221e-10
     0     1
# FGMRES final (true) residual:
# Iteration = 4: |res|/|res0| = 3.1628e-11.

Computing volumes of the grid elements.
Non-linear iter.: 150/500. Linear iter.: 4. Min. area: 0.000151849. Error: 3.1628e-11.
Computing volumes of the grid elements.
Min. volume: 0.000151849, max. volume: 36.5349.

# FGMRES residual history
# Residual tolerance target = 1e-10
# Initial residual norm     = 6.90214e-10
     0     1
# FGMRES final (true) residual:
# Iteration = 4: |res|/|res0| = 3.16286e-11.

Computing volumes of the grid elements.
Non-linear iter.: 151/500. Linear iter.: 4. Min. area: 0.000151849. Error: 3.16286e-11.
Computing volumes of the grid elements.
Min. volume: 0.000151849, max. volume: 36.5349.

# FGMRES residual history
# Residual tolerance target = 1e-10
# Initial residual norm     = 6.90207e-10
     0     1
# FGMRES final (true) residual:
# Iteration = 4: |res|/|res0| = 3.16291e-11.

Computing volumes of the grid elements.
Non-linear iter.: 152/500. Linear iter.: 4. Min. area: 0.000151849. Error: 3.16291e-11.
Computing volumes of the grid elements.
Min. volume: 0.000151849, max. volume: 36.5349.

# FGMRES residual history
# Residual tolerance target = 1e-10
# Initial residual norm     = 6.902e-10
     0     1
# FGMRES final (true) residual:
# Iteration = 4: |res|/|res0| = 3.16297e-11.

Computing volumes of the grid elements.
Non-linear iter.: 153/500. Linear iter.: 4. Min. area: 0.000151849. Error: 3.16297e-11.
Computing volumes of the grid elements.
Min. volume: 0.000151849, max. volume: 36.5349.

# FGMRES residual history
# Residual tolerance target = 1e-10
# Initial residual norm     = 6.90193e-10
     0     1
# FGMRES final (true) residual:
# Iteration = 4: |res|/|res0| = 3.16302e-11.

Computing volumes of the grid elements.
Non-linear iter.: 154/500. Linear iter.: 4. Min. area: 0.000151849. Error: 3.16302e-11.
Computing volumes of the grid elements.
Min. volume: 0.000151849, max. volume: 36.5349.

# FGMRES residual history
# Residual tolerance target = 1e-10
# Initial residual norm     = 6.90186e-10
     0     1
# FGMRES final (true) residual:
# Iteration = 4: |res|/|res0| = 3.16308e-11.

Computing volumes of the grid elements.
Non-linear iter.: 155/500. Linear iter.: 4. Min. area: 0.000151849. Error: 3.16308e-11.
Computing volumes of the grid elements.
Min. volume: 0.000151849, max. volume: 36.5349.

# FGMRES residual history
# Residual tolerance target = 1e-10
# Initial residual norm     = 6.90179e-10
     0     1
# FGMRES final (true) residual:
# Iteration = 4: |res|/|res0| = 3.16313e-11.

Computing volumes of the grid elements.
Non-linear iter.: 156/500. Linear iter.: 4. Min. area: 0.000151849. Error: 3.16313e-11.
Computing volumes of the grid elements.
Min. volume: 0.000151849, max. volume: 36.5349.

# FGMRES residual history
# Residual tolerance target = 1e-10
# Initial residual norm     = 6.90172e-10
     0     1
# FGMRES final (true) residual:
# Iteration = 4: |res|/|res0| = 3.16319e-11.

Computing volumes of the grid elements.
Non-linear iter.: 157/500. Linear iter.: 4. Min. area: 0.000151849. Error: 3.16319e-11.
Computing volumes of the grid elements.
Min. volume: 0.000151849, max. volume: 36.5349.

# FGMRES residual history
# Residual tolerance target = 1e-10
# Initial residual norm     = 6.90165e-10
     0     1
# FGMRES final (true) residual:
# Iteration = 4: |res|/|res0| = 3.16324e-11.

Computing volumes of the grid elements.
Non-linear iter.: 158/500. Linear iter.: 4. Min. area: 0.000151849. Error: 3.16324e-11.
Computing volumes of the grid elements.
Min. volume: 0.000151849, max. volume: 36.5349.

# FGMRES residual history
# Residual tolerance target = 1e-10
# Initial residual norm     = 6.90158e-10
     0     1
# FGMRES final (true) residual:
# Iteration = 4: |res|/|res0| = 3.1633e-11.

Computing volumes of the grid elements.
Non-linear iter.: 159/500. Linear iter.: 4. Min. area: 0.000151849. Error: 3.1633e-11.
Computing volumes of the grid elements.
Min. volume: 0.000151849, max. volume: 36.5349.

# FGMRES residual history
# Residual tolerance target = 1e-10
# Initial residual norm     = 6.90151e-10
     0     1
# FGMRES final (true) residual:
# Iteration = 4: |res|/|res0| = 3.16335e-11.

Computing volumes of the grid elements.
Non-linear iter.: 160/500. Linear iter.: 4. Min. area: 0.000151849. Error: 3.16335e-11.
Computing volumes of the grid elements.
Min. volume: 0.000151849, max. volume: 36.5349.

# FGMRES residual history
# Residual tolerance target = 1e-10
# Initial residual norm     = 6.90144e-10
     0     1
# FGMRES final (true) residual:
# Iteration = 4: |res|/|res0| = 3.16341e-11.

Computing volumes of the grid elements.
Non-linear iter.: 161/500. Linear iter.: 4. Min. area: 0.000151849. Error: 3.16341e-11.
Computing volumes of the grid elements.
Min. volume: 0.000151849, max. volume: 36.5349.

# FGMRES residual history
# Residual tolerance target = 1e-10
# Initial residual norm     = 6.90137e-10
     0     1
# FGMRES final (true) residual:
# Iteration = 4: |res|/|res0| = 3.16346e-11.

Computing volumes of the grid elements.
Non-linear iter.: 162/500. Linear iter.: 4. Min. area: 0.000151849. Error: 3.16346e-11.
Computing volumes of the grid elements.
Min. volume: 0.000151849, max. volume: 36.5349.

# FGMRES residual history
# Residual tolerance target = 1e-10
# Initial residual norm     = 6.90129e-10
     0     1
# FGMRES final (true) residual:
# Iteration = 4: |res|/|res0| = 3.16352e-11.

Computing volumes of the grid elements.
Non-linear iter.: 163/500. Linear iter.: 4. Min. area: 0.000151849. Error: 3.16352e-11.
Computing volumes of the grid elements.
Min. volume: 0.000151849, max. volume: 36.5349.

# FGMRES residual history
# Residual tolerance target = 1e-10
# Initial residual norm     = 6.90122e-10
     0     1
# FGMRES final (true) residual:
# Iteration = 4: |res|/|res0| = 3.16357e-11.

Computing volumes of the grid elements.
Non-linear iter.: 164/500. Linear iter.: 4. Min. area: 0.000151849. Error: 3.16357e-11.
Computing volumes of the grid elements.
Min. volume: 0.000151849, max. volume: 36.5349.

# FGMRES residual history
# Residual tolerance target = 1e-10
# Initial residual norm     = 6.90115e-10
     0     1
# FGMRES final (true) residual:
# Iteration = 4: |res|/|res0| = 3.16363e-11.

Computing volumes of the grid elements.
Non-linear iter.: 165/500. Linear iter.: 4. Min. area: 0.000151849. Error: 3.16363e-11.
Computing volumes of the grid elements.
Min. volume: 0.000151849, max. volume: 36.5349.

# FGMRES residual history
# Residual tolerance target = 1e-10
# Initial residual norm     = 6.90108e-10
     0     1
# FGMRES final (true) residual:
# Iteration = 4: |res|/|res0| = 3.16368e-11.

Computing volumes of the grid elements.
Non-linear iter.: 166/500. Linear iter.: 4. Min. area: 0.000151849. Error: 3.16368e-11.
Computing volumes of the grid elements.
Min. volume: 0.000151849, max. volume: 36.5349.

# FGMRES residual history
# Residual tolerance target = 1e-10
# Initial residual norm     = 6.90101e-10
     0     1
# FGMRES final (true) residual:
# Iteration = 4: |res|/|res0| = 3.16374e-11.

Computing volumes of the grid elements.
Non-linear iter.: 167/500. Linear iter.: 4. Min. area: 0.000151849. Error: 3.16374e-11.
Computing volumes of the grid elements.
Min. volume: 0.000151849, max. volume: 36.5349.

# FGMRES residual history
# Residual tolerance target = 1e-10
# Initial residual norm     = 6.90094e-10
     0     1
# FGMRES final (true) residual:
# Iteration = 4: |res|/|res0| = 3.16379e-11.

Computing volumes of the grid elements.
Non-linear iter.: 168/500. Linear iter.: 4. Min. area: 0.000151849. Error: 3.16379e-11.
Computing volumes of the grid elements.
Min. volume: 0.000151849, max. volume: 36.5349.

# FGMRES residual history
# Residual tolerance target = 1e-10
# Initial residual norm     = 6.90087e-10
     0     1
# FGMRES final (true) residual:
# Iteration = 4: |res|/|res0| = 3.16385e-11.

Computing volumes of the grid elements.
Non-linear iter.: 169/500. Linear iter.: 4. Min. area: 0.000151849. Error: 3.16385e-11.
Computing volumes of the grid elements.
Min. volume: 0.000151849, max. volume: 36.5349.

# FGMRES residual history
# Residual tolerance target = 1e-10
# Initial residual norm     = 6.9008e-10
     0     1
# FGMRES final (true) residual:
# Iteration = 4: |res|/|res0| = 3.1639e-11.

Computing volumes of the grid elements.
Non-linear iter.: 170/500. Linear iter.: 4. Min. area: 0.000151849. Error: 3.1639e-11.
Computing volumes of the grid elements.
Min. volume: 0.000151849, max. volume: 36.5349.

# FGMRES residual history
# Residual tolerance target = 1e-10
# Initial residual norm     = 6.90073e-10
     0     1
# FGMRES final (true) residual:
# Iteration = 4: |res|/|res0| = 3.16396e-11.

Computing volumes of the grid elements.
Non-linear iter.: 171/500. Linear iter.: 4. Min. area: 0.000151849. Error: 3.16396e-11.
Computing volumes of the grid elements.
Min. volume: 0.000151849, max. volume: 36.5349.

# FGMRES residual history
# Residual tolerance target = 1e-10
# Initial residual norm     = 6.90066e-10
     0     1
# FGMRES final (true) residual:
# Iteration = 4: |res|/|res0| = 3.16402e-11.

Computing volumes of the grid elements.
Non-linear iter.: 172/500. Linear iter.: 4. Min. area: 0.000151849. Error: 3.16402e-11.
Computing volumes of the grid elements.
Min. volume: 0.000151849, max. volume: 36.5349.

# FGMRES residual history
# Residual tolerance target = 1e-10
# Initial residual norm     = 6.90059e-10
     0     1
# FGMRES final (true) residual:
# Iteration = 4: |res|/|res0| = 3.16407e-11.

Computing volumes of the grid elements.
Non-linear iter.: 173/500. Linear iter.: 4. Min. area: 0.000151849. Error: 3.16407e-11.
Computing volumes of the grid elements.
Min. volume: 0.000151849, max. volume: 36.5349.

# FGMRES residual history
# Residual tolerance target = 1e-10
# Initial residual norm     = 6.90052e-10
     0     1
# FGMRES final (true) residual:
# Iteration = 4: |res|/|res0| = 3.16413e-11.

Computing volumes of the grid elements.
Non-linear iter.: 174/500. Linear iter.: 4. Min. area: 0.000151849. Error: 3.16413e-11.
Computing volumes of the grid elements.
Min. volume: 0.000151849, max. volume: 36.5349.

# FGMRES residual history
# Residual tolerance target = 1e-10
# Initial residual norm     = 6.90045e-10
     0     1
# FGMRES final (true) residual:
# Iteration = 4: |res|/|res0| = 3.16418e-11.

Computing volumes of the grid elements.
Non-linear iter.: 175/500. Linear iter.: 4. Min. area: 0.000151849. Error: 3.16418e-11.
Computing volumes of the grid elements.
Min. volume: 0.000151849, max. volume: 36.5349.

# FGMRES residual history
# Residual tolerance target = 1e-10
# Initial residual norm     = 6.90038e-10
     0     1
# FGMRES final (true) residual:
# Iteration = 4: |res|/|res0| = 3.16424e-11.

Computing volumes of the grid elements.
Non-linear iter.: 176/500. Linear iter.: 4. Min. area: 0.000151849. Error: 3.16424e-11.
Computing volumes of the grid elements.
Min. volume: 0.000151849, max. volume: 36.5349.

# FGMRES residual history
# Residual tolerance target = 1e-10
# Initial residual norm     = 6.90031e-10
     0     1
# FGMRES final (true) residual:
# Iteration = 4: |res|/|res0| = 3.16429e-11.

Computing volumes of the grid elements.
Non-linear iter.: 177/500. Linear iter.: 4. Min. area: 0.000151849. Error: 3.16429e-11.
Computing volumes of the grid elements.
Min. volume: 0.000151849, max. volume: 36.5349.

# FGMRES residual history
# Residual tolerance target = 1e-10
# Initial residual norm     = 6.90024e-10
     0     1
# FGMRES final (true) residual:
# Iteration = 4: |res|/|res0| = 3.16435e-11.

Computing volumes of the grid elements.
Non-linear iter.: 178/500. Linear iter.: 4. Min. area: 0.000151849. Error: 3.16435e-11.
Computing volumes of the grid elements.
Min. volume: 0.000151849, max. volume: 36.5349.

# FGMRES residual history
# Residual tolerance target = 1e-10
# Initial residual norm     = 6.90017e-10
     0     1
# FGMRES final (true) residual:
# Iteration = 4: |res|/|res0| = 3.1644e-11.

Computing volumes of the grid elements.
Non-linear iter.: 179/500. Linear iter.: 4. Min. area: 0.000151849. Error: 3.1644e-11.
Computing volumes of the grid elements.
Min. volume: 0.000151849, max. volume: 36.5349.

# FGMRES residual history
# Residual tolerance target = 1e-10
# Initial residual norm     = 6.90009e-10
     0     1
# FGMRES final (true) residual:
# Iteration = 4: |res|/|res0| = 3.16446e-11.

Computing volumes of the grid elements.
Non-linear iter.: 180/500. Linear iter.: 4. Min. area: 0.000151849. Error: 3.16446e-11.
Computing volumes of the grid elements.
Min. volume: 0.000151849, max. volume: 36.5349.

# FGMRES residual history
# Residual tolerance target = 1e-10
# Initial residual norm     = 6.90002e-10
     0     1
# FGMRES final (true) residual:
# Iteration = 4: |res|/|res0| = 3.16451e-11.

Computing volumes of the grid elements.
Non-linear iter.: 181/500. Linear iter.: 4. Min. area: 0.000151849. Error: 3.16451e-11.
Computing volumes of the grid elements.
Min. volume: 0.000151849, max. volume: 36.5349.

# FGMRES residual history
# Residual tolerance target = 1e-10
# Initial residual norm     = 6.89995e-10
     0     1
# FGMRES final (true) residual:
# Iteration = 4: |res|/|res0| = 3.16457e-11.

Computing volumes of the grid elements.
Non-linear iter.: 182/500. Linear iter.: 4. Min. area: 0.000151849. Error: 3.16457e-11.
Computing volumes of the grid elements.
Min. volume: 0.000151849, max. volume: 36.5349.

# FGMRES residual history
# Residual tolerance target = 1e-10
# Initial residual norm     = 6.89988e-10
     0     1
# FGMRES final (true) residual:
# Iteration = 4: |res|/|res0| = 3.16462e-11.

Computing volumes of the grid elements.
Non-linear iter.: 183/500. Linear iter.: 4. Min. area: 0.000151849. Error: 3.16462e-11.
Computing volumes of the grid elements.
Min. volume: 0.000151849, max. volume: 36.5349.

# FGMRES residual history
# Residual tolerance target = 1e-10
# Initial residual norm     = 6.89981e-10
     0     1
# FGMRES final (true) residual:
# Iteration = 4: |res|/|res0| = 3.16468e-11.

Computing volumes of the grid elements.
Non-linear iter.: 184/500. Linear iter.: 4. Min. area: 0.00015185. Error: 3.16468e-11.
Computing volumes of the grid elements.
Min. volume: 0.00015185, max. volume: 36.5349.

# FGMRES residual history
# Residual tolerance target = 1e-10
# Initial residual norm     = 6.89974e-10
     0     1
# FGMRES final (true) residual:
# Iteration = 4: |res|/|res0| = 3.16473e-11.

Computing volumes of the grid elements.
Non-linear iter.: 185/500. Linear iter.: 4. Min. area: 0.00015185. Error: 3.16473e-11.
Computing volumes of the grid elements.
Min. volume: 0.00015185, max. volume: 36.5349.

# FGMRES residual history
# Residual tolerance target = 1e-10
# Initial residual norm     = 6.89967e-10
     0     1
# FGMRES final (true) residual:
# Iteration = 4: |res|/|res0| = 3.16479e-11.

Computing volumes of the grid elements.
Non-linear iter.: 186/500. Linear iter.: 4. Min. area: 0.00015185. Error: 3.16479e-11.
Computing volumes of the grid elements.
Min. volume: 0.00015185, max. volume: 36.5349.

# FGMRES residual history
# Residual tolerance target = 1e-10
# Initial residual norm     = 6.8996e-10
     0     1
# FGMRES final (true) residual:
# Iteration = 4: |res|/|res0| = 3.16484e-11.

Computing volumes of the grid elements.
Non-linear iter.: 187/500. Linear iter.: 4. Min. area: 0.00015185. Error: 3.16484e-11.
Computing volumes of the grid elements.
Min. volume: 0.00015185, max. volume: 36.5349.

# FGMRES residual history
# Residual tolerance target = 1e-10
# Initial residual norm     = 6.89953e-10
     0     1
# FGMRES final (true) residual:
# Iteration = 4: |res|/|res0| = 3.1649e-11.

Computing volumes of the grid elements.
Non-linear iter.: 188/500. Linear iter.: 4. Min. area: 0.00015185. Error: 3.1649e-11.
Computing volumes of the grid elements.
Min. volume: 0.00015185, max. volume: 36.5349.

# FGMRES residual history
# Residual tolerance target = 1e-10
# Initial residual norm     = 6.89946e-10
     0     1
# FGMRES final (true) residual:
# Iteration = 4: |res|/|res0| = 3.16495e-11.

Computing volumes of the grid elements.
Non-linear iter.: 189/500. Linear iter.: 4. Min. area: 0.00015185. Error: 3.16495e-11.
Computing volumes of the grid elements.
Min. volume: 0.00015185, max. volume: 36.5349.

# FGMRES residual history
# Residual tolerance target = 1e-10
# Initial residual norm     = 6.89939e-10
     0     1
# FGMRES final (true) residual:
# Iteration = 4: |res|/|res0| = 3.16501e-11.

Computing volumes of the grid elements.
Non-linear iter.: 190/500. Linear iter.: 4. Min. area: 0.00015185. Error: 3.16501e-11.
Computing volumes of the grid elements.
Min. volume: 0.00015185, max. volume: 36.5349.

# FGMRES residual history
# Residual tolerance target = 1e-10
# Initial residual norm     = 6.89932e-10
     0     1
# FGMRES final (true) residual:
# Iteration = 4: |res|/|res0| = 3.16506e-11.

Computing volumes of the grid elements.
Non-linear iter.: 191/500. Linear iter.: 4. Min. area: 0.00015185. Error: 3.16506e-11.
Computing volumes of the grid elements.
Min. volume: 0.00015185, max. volume: 36.5349.

# FGMRES residual history
# Residual tolerance target = 1e-10
# Initial residual norm     = 6.89925e-10
     0     1
# FGMRES final (true) residual:
# Iteration = 4: |res|/|res0| = 3.16512e-11.

Computing volumes of the grid elements.
Non-linear iter.: 192/500. Linear iter.: 4. Min. area: 0.00015185. Error: 3.16512e-11.
Computing volumes of the grid elements.
Min. volume: 0.00015185, max. volume: 36.5349.

# FGMRES residual history
# Residual tolerance target = 1e-10
# Initial residual norm     = 6.89918e-10
     0     1
# FGMRES final (true) residual:
# Iteration = 4: |res|/|res0| = 3.16517e-11.

Computing volumes of the grid elements.
Non-linear iter.: 193/500. Linear iter.: 4. Min. area: 0.00015185. Error: 3.16517e-11.
Computing volumes of the grid elements.
Min. volume: 0.00015185, max. volume: 36.5349.

# FGMRES residual history
# Residual tolerance target = 1e-10
# Initial residual norm     = 6.89911e-10
     0     1
# FGMRES final (true) residual:
# Iteration = 4: |res|/|res0| = 3.16523e-11.

Computing volumes of the grid elements.
Non-linear iter.: 194/500. Linear iter.: 4. Min. area: 0.00015185. Error: 3.16523e-11.
Computing volumes of the grid elements.
Min. volume: 0.00015185, max. volume: 36.5349.

# FGMRES residual history
# Residual tolerance target = 1e-10
# Initial residual norm     = 6.89904e-10
     0     1
# FGMRES final (true) residual:
# Iteration = 4: |res|/|res0| = 3.16528e-11.

Computing volumes of the grid elements.
Non-linear iter.: 195/500. Linear iter.: 4. Min. area: 0.00015185. Error: 3.16528e-11.
Computing volumes of the grid elements.
Min. volume: 0.00015185, max. volume: 36.5349.

# FGMRES residual history
# Residual tolerance target = 1e-10
# Initial residual norm     = 6.89897e-10
     0     1
# FGMRES final (true) residual:
# Iteration = 4: |res|/|res0| = 3.16534e-11.

Computing volumes of the grid elements.
Non-linear iter.: 196/500. Linear iter.: 4. Min. area: 0.00015185. Error: 3.16534e-11.
Computing volumes of the grid elements.
Min. volume: 0.00015185, max. volume: 36.5349.

# FGMRES residual history
# Residual tolerance target = 1e-10
# Initial residual norm     = 6.8989e-10
     0     1
# FGMRES final (true) residual:
# Iteration = 4: |res|/|res0| = 3.16539e-11.

Computing volumes of the grid elements.
Non-linear iter.: 197/500. Linear iter.: 4. Min. area: 0.00015185. Error: 3.16539e-11.
Computing volumes of the grid elements.
Min. volume: 0.00015185, max. volume: 36.5349.

# FGMRES residual history
# Residual tolerance target = 1e-10
# Initial residual norm     = 6.89883e-10
     0     1
# FGMRES final (true) residual:
# Iteration = 4: |res|/|res0| = 3.16545e-11.

Computing volumes of the grid elements.
Non-linear iter.: 198/500. Linear iter.: 4. Min. area: 0.00015185. Error: 3.16545e-11.
Computing volumes of the grid elements.
Min. volume: 0.00015185, max. volume: 36.5349.

# FGMRES residual history
# Residual tolerance target = 1e-10
# Initial residual norm     = 6.89875e-10
     0     1
# FGMRES final (true) residual:
# Iteration = 4: |res|/|res0| = 3.1655e-11.

Computing volumes of the grid elements.
Non-linear iter.: 199/500. Linear iter.: 4. Min. area: 0.00015185. Error: 3.1655e-11.
Computing volumes of the grid elements.
Min. volume: 0.00015185, max. volume: 36.5349.

# FGMRES residual history
# Residual tolerance target = 1e-10
# Initial residual norm     = 6.89868e-10
     0     1
# FGMRES final (true) residual:
# Iteration = 4: |res|/|res0| = 3.16556e-11.

Computing volumes of the grid elements.
Non-linear iter.: 200/500. Linear iter.: 4. Min. area: 0.00015185. Error: 3.16556e-11.
Computing volumes of the grid elements.
Min. volume: 0.00015185, max. volume: 36.5349.

# FGMRES residual history
# Residual tolerance target = 1e-10
# Initial residual norm     = 6.89861e-10
     0     1
# FGMRES final (true) residual:
# Iteration = 4: |res|/|res0| = 3.16561e-11.

Computing volumes of the grid elements.
Non-linear iter.: 201/500. Linear iter.: 4. Min. area: 0.00015185. Error: 3.16561e-11.
Computing volumes of the grid elements.
Min. volume: 0.00015185, max. volume: 36.5349.

# FGMRES residual history
# Residual tolerance target = 1e-10
# Initial residual norm     = 6.89854e-10
     0     1
# FGMRES final (true) residual:
# Iteration = 4: |res|/|res0| = 3.16567e-11.

Computing volumes of the grid elements.
Non-linear iter.: 202/500. Linear iter.: 4. Min. area: 0.00015185. Error: 3.16567e-11.
Computing volumes of the grid elements.
Min. volume: 0.00015185, max. volume: 36.5349.

# FGMRES residual history
# Residual tolerance target = 1e-10
# Initial residual norm     = 6.89847e-10
     0     1
# FGMRES final (true) residual:
# Iteration = 4: |res|/|res0| = 3.16572e-11.

Computing volumes of the grid elements.
Non-linear iter.: 203/500. Linear iter.: 4. Min. area: 0.00015185. Error: 3.16572e-11.
Computing volumes of the grid elements.
Min. volume: 0.00015185, max. volume: 36.5349.

# FGMRES residual history
# Residual tolerance target = 1e-10
# Initial residual norm     = 6.8984e-10
     0     1
# FGMRES final (true) residual:
# Iteration = 4: |res|/|res0| = 3.16578e-11.

Computing volumes of the grid elements.
Non-linear iter.: 204/500. Linear iter.: 4. Min. area: 0.00015185. Error: 3.16578e-11.
Computing volumes of the grid elements.
Min. volume: 0.00015185, max. volume: 36.5349.

# FGMRES residual history
# Residual tolerance target = 1e-10
# Initial residual norm     = 6.89833e-10
     0     1
# FGMRES final (true) residual:
# Iteration = 4: |res|/|res0| = 3.16583e-11.

Computing volumes of the grid elements.
Non-linear iter.: 205/500. Linear iter.: 4. Min. area: 0.00015185. Error: 3.16583e-11.
Computing volumes of the grid elements.
Min. volume: 0.00015185, max. volume: 36.5349.

# FGMRES residual history
# Residual tolerance target = 1e-10
# Initial residual norm     = 6.89826e-10
     0     1
# FGMRES final (true) residual:
# Iteration = 4: |res|/|res0| = 3.16589e-11.

Computing volumes of the grid elements.
Non-linear iter.: 206/500. Linear iter.: 4. Min. area: 0.00015185. Error: 3.16589e-11.
Computing volumes of the grid elements.
Min. volume: 0.00015185, max. volume: 36.5349.

# FGMRES residual history
# Residual tolerance target = 1e-10
# Initial residual norm     = 6.89819e-10
     0     1
# FGMRES final (true) residual:
# Iteration = 4: |res|/|res0| = 3.16594e-11.

Computing volumes of the grid elements.
Non-linear iter.: 207/500. Linear iter.: 4. Min. area: 0.00015185. Error: 3.16594e-11.
Computing volumes of the grid elements.
Min. volume: 0.00015185, max. volume: 36.5349.

# FGMRES residual history
# Residual tolerance target = 1e-10
# Initial residual norm     = 6.89812e-10
     0     1
# FGMRES final (true) residual:
# Iteration = 4: |res|/|res0| = 3.166e-11.

Computing volumes of the grid elements.
Non-linear iter.: 208/500. Linear iter.: 4. Min. area: 0.00015185. Error: 3.166e-11.
Computing volumes of the grid elements.
Min. volume: 0.00015185, max. volume: 36.5349.

# FGMRES residual history
# Residual tolerance target = 1e-10
# Initial residual norm     = 6.89805e-10
     0     1
# FGMRES final (true) residual:
# Iteration = 4: |res|/|res0| = 3.16605e-11.

Computing volumes of the grid elements.
Non-linear iter.: 209/500. Linear iter.: 4. Min. area: 0.00015185. Error: 3.16605e-11.
Computing volumes of the grid elements.
Min. volume: 0.00015185, max. volume: 36.5349.

# FGMRES residual history
# Residual tolerance target = 1e-10
# Initial residual norm     = 6.89798e-10
     0     1
# FGMRES final (true) residual:
# Iteration = 4: |res|/|res0| = 3.16611e-11.

Computing volumes of the grid elements.
Non-linear iter.: 210/500. Linear iter.: 4. Min. area: 0.00015185. Error: 3.16611e-11.
Computing volumes of the grid elements.
Min. volume: 0.00015185, max. volume: 36.5349.

# FGMRES residual history
# Residual tolerance target = 1e-10
# Initial residual norm     = 6.89791e-10
     0     1
# FGMRES final (true) residual:
# Iteration = 4: |res|/|res0| = 3.16616e-11.

Computing volumes of the grid elements.
Non-linear iter.: 211/500. Linear iter.: 4. Min. area: 0.00015185. Error: 3.16616e-11.
Computing volumes of the grid elements.
Min. volume: 0.00015185, max. volume: 36.5349.

# FGMRES residual history
# Residual tolerance target = 1e-10
# Initial residual norm     = 6.89784e-10
     0     1
# FGMRES final (true) residual:
# Iteration = 4: |res|/|res0| = 3.16622e-11.

Computing volumes of the grid elements.
Non-linear iter.: 212/500. Linear iter.: 4. Min. area: 0.00015185. Error: 3.16622e-11.
Computing volumes of the grid elements.
Min. volume: 0.00015185, max. volume: 36.5349.

# FGMRES residual history
# Residual tolerance target = 1e-10
# Initial residual norm     = 6.89777e-10
     0     1
# FGMRES final (true) residual:
# Iteration = 4: |res|/|res0| = 3.16627e-11.

Computing volumes of the grid elements.
Non-linear iter.: 213/500. Linear iter.: 4. Min. area: 0.00015185. Error: 3.16627e-11.
Computing volumes of the grid elements.
Min. volume: 0.00015185, max. volume: 36.5349.

# FGMRES residual history
# Residual tolerance target = 1e-10
# Initial residual norm     = 6.8977e-10
     0     1
# FGMRES final (true) residual:
# Iteration = 4: |res|/|res0| = 3.16633e-11.

Computing volumes of the grid elements.
Non-linear iter.: 214/500. Linear iter.: 4. Min. area: 0.00015185. Error: 3.16633e-11.
Computing volumes of the grid elements.
Min. volume: 0.00015185, max. volume: 36.5349.

# FGMRES residual history
# Residual tolerance target = 1e-10
# Initial residual norm     = 6.89763e-10
     0     1
# FGMRES final (true) residual:
# Iteration = 4: |res|/|res0| = 3.16638e-11.

Computing volumes of the grid elements.
Non-linear iter.: 215/500. Linear iter.: 4. Min. area: 0.00015185. Error: 3.16638e-11.
Computing volumes of the grid elements.
Min. volume: 0.00015185, max. volume: 36.5349.

# FGMRES residual history
# Residual tolerance target = 1e-10
# Initial residual norm     = 6.89756e-10
     0     1
# FGMRES final (true) residual:
# Iteration = 4: |res|/|res0| = 3.16644e-11.

Computing volumes of the grid elements.
Non-linear iter.: 216/500. Linear iter.: 4. Min. area: 0.00015185. Error: 3.16644e-11.
Computing volumes of the grid elements.
Min. volume: 0.00015185, max. volume: 36.5349.

# FGMRES residual history
# Residual tolerance target = 1e-10
# Initial residual norm     = 6.89749e-10
     0     1
# FGMRES final (true) residual:
# Iteration = 4: |res|/|res0| = 3.16649e-11.

Computing volumes of the grid elements.
Non-linear iter.: 217/500. Linear iter.: 4. Min. area: 0.00015185. Error: 3.16649e-11.
Computing volumes of the grid elements.
Min. volume: 0.00015185, max. volume: 36.5349.

# FGMRES residual history
# Residual tolerance target = 1e-10
# Initial residual norm     = 6.89742e-10
     0     1
# FGMRES final (true) residual:
# Iteration = 4: |res|/|res0| = 3.16655e-11.

Computing volumes of the grid elements.
Non-linear iter.: 218/500. Linear iter.: 4. Min. area: 0.00015185. Error: 3.16655e-11.
Computing volumes of the grid elements.
Min. volume: 0.00015185, max. volume: 36.5349.

# FGMRES residual history
# Residual tolerance target = 1e-10
# Initial residual norm     = 6.89735e-10
     0     1
# FGMRES final (true) residual:
# Iteration = 4: |res|/|res0| = 3.1666e-11.

Computing volumes of the grid elements.
Non-linear iter.: 219/500. Linear iter.: 4. Min. area: 0.00015185. Error: 3.1666e-11.
Computing volumes of the grid elements.
Min. volume: 0.00015185, max. volume: 36.5349.

# FGMRES residual history
# Residual tolerance target = 1e-10
# Initial residual norm     = 6.89727e-10
     0     1
# FGMRES final (true) residual:
# Iteration = 4: |res|/|res0| = 3.16666e-11.

Computing volumes of the grid elements.
Non-linear iter.: 220/500. Linear iter.: 4. Min. area: 0.00015185. Error: 3.16666e-11.
Computing volumes of the grid elements.
Min. volume: 0.00015185, max. volume: 36.5349.

# FGMRES residual history
# Residual tolerance target = 1e-10
# Initial residual norm     = 6.8972e-10
     0     1
# FGMRES final (true) residual:
# Iteration = 4: |res|/|res0| = 3.16671e-11.

Computing volumes of the grid elements.
Non-linear iter.: 221/500. Linear iter.: 4. Min. area: 0.00015185. Error: 3.16671e-11.
Computing volumes of the grid elements.
Min. volume: 0.00015185, max. volume: 36.5349.

# FGMRES residual history
# Residual tolerance target = 1e-10
# Initial residual norm     = 6.89713e-10
     0     1
# FGMRES final (true) residual:
# Iteration = 4: |res|/|res0| = 3.16677e-11.

Computing volumes of the grid elements.
Non-linear iter.: 222/500. Linear iter.: 4. Min. area: 0.00015185. Error: 3.16677e-11.
Computing volumes of the grid elements.
Min. volume: 0.00015185, max. volume: 36.5349.

# FGMRES residual history
# Residual tolerance target = 1e-10
# Initial residual norm     = 6.89706e-10
     0     1
# FGMRES final (true) residual:
# Iteration = 4: |res|/|res0| = 3.16682e-11.

Computing volumes of the grid elements.
Non-linear iter.: 223/500. Linear iter.: 4. Min. area: 0.00015185. Error: 3.16682e-11.
Computing volumes of the grid elements.
Min. volume: 0.00015185, max. volume: 36.5349.

# FGMRES residual history
# Residual tolerance target = 1e-10
# Initial residual norm     = 6.89699e-10
     0     1
# FGMRES final (true) residual:
# Iteration = 4: |res|/|res0| = 3.16688e-11.

Computing volumes of the grid elements.
Non-linear iter.: 224/500. Linear iter.: 4. Min. area: 0.00015185. Error: 3.16688e-11.
Computing volumes of the grid elements.
Min. volume: 0.00015185, max. volume: 36.5349.

# FGMRES residual history
# Residual tolerance target = 1e-10
# Initial residual norm     = 6.89692e-10
     0     1
# FGMRES final (true) residual:
# Iteration = 4: |res|/|res0| = 3.16693e-11.

Computing volumes of the grid elements.
Non-linear iter.: 225/500. Linear iter.: 4. Min. area: 0.00015185. Error: 3.16693e-11.
Computing volumes of the grid elements.
Min. volume: 0.00015185, max. volume: 36.5349.

# FGMRES residual history
# Residual tolerance target = 1e-10
# Initial residual norm     = 6.89685e-10
     0     1
# FGMRES final (true) residual:
# Iteration = 4: |res|/|res0| = 3.16699e-11.

Computing volumes of the grid elements.
Non-linear iter.: 226/500. Linear iter.: 4. Min. area: 0.00015185. Error: 3.16699e-11.
Computing volumes of the grid elements.
Min. volume: 0.00015185, max. volume: 36.5349.

# FGMRES residual history
# Residual tolerance target = 1e-10
# Initial residual norm     = 6.89678e-10
     0     1
# FGMRES final (true) residual:
# Iteration = 4: |res|/|res0| = 3.16704e-11.

Computing volumes of the grid elements.
Non-linear iter.: 227/500. Linear iter.: 4. Min. area: 0.00015185. Error: 3.16704e-11.
Computing volumes of the grid elements.
Min. volume: 0.00015185, max. volume: 36.5349.

# FGMRES residual history
# Residual tolerance target = 1e-10
# Initial residual norm     = 6.89671e-10
     0     1
# FGMRES final (true) residual:
# Iteration = 4: |res|/|res0| = 3.1671e-11.

Computing volumes of the grid elements.
Non-linear iter.: 228/500. Linear iter.: 4. Min. area: 0.00015185. Error: 3.1671e-11.
Computing volumes of the grid elements.
Min. volume: 0.00015185, max. volume: 36.5349.

# FGMRES residual history
# Residual tolerance target = 1e-10
# Initial residual norm     = 6.89664e-10
     0     1
# FGMRES final (true) residual:
# Iteration = 4: |res|/|res0| = 3.16715e-11.

Computing volumes of the grid elements.
Non-linear iter.: 229/500. Linear iter.: 4. Min. area: 0.00015185. Error: 3.16715e-11.
Computing volumes of the grid elements.
Min. volume: 0.00015185, max. volume: 36.5349.

# FGMRES residual history
# Residual tolerance target = 1e-10
# Initial residual norm     = 6.89657e-10
     0     1
# FGMRES final (true) residual:
# Iteration = 4: |res|/|res0| = 3.16721e-11.

Computing volumes of the grid elements.
Non-linear iter.: 230/500. Linear iter.: 4. Min. area: 0.00015185. Error: 3.16721e-11.
Computing volumes of the grid elements.
Min. volume: 0.00015185, max. volume: 36.5349.

# FGMRES residual history
# Residual tolerance target = 1e-10
# Initial residual norm     = 6.8965e-10
     0     1
# FGMRES final (true) residual:
# Iteration = 4: |res|/|res0| = 3.16726e-11.

Computing volumes of the grid elements.
Non-linear iter.: 231/500. Linear iter.: 4. Min. area: 0.000151851. Error: 3.16726e-11.
Computing volumes of the grid elements.
Min. volume: 0.000151851, max. volume: 36.5349.

# FGMRES residual history
# Residual tolerance target = 1e-10
# Initial residual norm     = 6.89643e-10
     0     1
# FGMRES final (true) residual:
# Iteration = 4: |res|/|res0| = 3.16732e-11.

Computing volumes of the grid elements.
Non-linear iter.: 232/500. Linear iter.: 4. Min. area: 0.000151851. Error: 3.16732e-11.
Computing volumes of the grid elements.
Min. volume: 0.000151851, max. volume: 36.5349.

# FGMRES residual history
# Residual tolerance target = 1e-10
# Initial residual norm     = 6.89636e-10
     0     1
# FGMRES final (true) residual:
# Iteration = 4: |res|/|res0| = 3.16737e-11.

Computing volumes of the grid elements.
Non-linear iter.: 233/500. Linear iter.: 4. Min. area: 0.000151851. Error: 3.16737e-11.
Computing volumes of the grid elements.
Min. volume: 0.000151851, max. volume: 36.5349.

# FGMRES residual history
# Residual tolerance target = 1e-10
# Initial residual norm     = 6.89629e-10
     0     1
# FGMRES final (true) residual:
# Iteration = 4: |res|/|res0| = 3.16743e-11.

Computing volumes of the grid elements.
Non-linear iter.: 234/500. Linear iter.: 4. Min. area: 0.000151851. Error: 3.16743e-11.
Computing volumes of the grid elements.
Min. volume: 0.000151851, max. volume: 36.5349.

# FGMRES residual history
# Residual tolerance target = 1e-10
# Initial residual norm     = 6.89622e-10
     0     1
# FGMRES final (true) residual:
# Iteration = 4: |res|/|res0| = 3.16748e-11.

Computing volumes of the grid elements.
Non-linear iter.: 235/500. Linear iter.: 4. Min. area: 0.000151851. Error: 3.16748e-11.
Computing volumes of the grid elements.
Min. volume: 0.000151851, max. volume: 36.5349.

# FGMRES residual history
# Residual tolerance target = 1e-10
# Initial residual norm     = 6.89615e-10
     0     1
# FGMRES final (true) residual:
# Iteration = 4: |res|/|res0| = 3.16754e-11.

Computing volumes of the grid elements.
Non-linear iter.: 236/500. Linear iter.: 4. Min. area: 0.000151851. Error: 3.16754e-11.
Computing volumes of the grid elements.
Min. volume: 0.000151851, max. volume: 36.5349.

# FGMRES residual history
# Residual tolerance target = 1e-10
# Initial residual norm     = 6.89608e-10
     0     1
# FGMRES final (true) residual:
# Iteration = 4: |res|/|res0| = 3.16759e-11.

Computing volumes of the grid elements.
Non-linear iter.: 237/500. Linear iter.: 4. Min. area: 0.000151851. Error: 3.16759e-11.
Computing volumes of the grid elements.
Min. volume: 0.000151851, max. volume: 36.5349.

# FGMRES residual history
# Residual tolerance target = 1e-10
# Initial residual norm     = 6.89601e-10
     0     1
# FGMRES final (true) residual:
# Iteration = 4: |res|/|res0| = 3.16765e-11.

Computing volumes of the grid elements.
Non-linear iter.: 238/500. Linear iter.: 4. Min. area: 0.000151851. Error: 3.16765e-11.
Computing volumes of the grid elements.
Min. volume: 0.000151851, max. volume: 36.5349.

# FGMRES residual history
# Residual tolerance target = 1e-10
# Initial residual norm     = 6.89594e-10
     0     1
# FGMRES final (true) residual:
# Iteration = 4: |res|/|res0| = 3.1677e-11.

Computing volumes of the grid elements.
Non-linear iter.: 239/500. Linear iter.: 4. Min. area: 0.000151851. Error: 3.1677e-11.
Computing volumes of the grid elements.
Min. volume: 0.000151851, max. volume: 36.5349.

# FGMRES residual history
# Residual tolerance target = 1e-10
# Initial residual norm     = 6.89587e-10
     0     1
# FGMRES final (true) residual:
# Iteration = 4: |res|/|res0| = 3.16776e-11.

Computing volumes of the grid elements.
Non-linear iter.: 240/500. Linear iter.: 4. Min. area: 0.000151851. Error: 3.16776e-11.
Computing volumes of the grid elements.
Min. volume: 0.000151851, max. volume: 36.5349.

# FGMRES residual history
# Residual tolerance target = 1e-10
# Initial residual norm     = 6.8958e-10
     0     1
# FGMRES final (true) residual:
# Iteration = 4: |res|/|res0| = 3.16781e-11.

Computing volumes of the grid elements.
Non-linear iter.: 241/500. Linear iter.: 4. Min. area: 0.000151851. Error: 3.16781e-11.
Computing volumes of the grid elements.
Min. volume: 0.000151851, max. volume: 36.5349.

# FGMRES residual history
# Residual tolerance target = 1e-10
# Initial residual norm     = 6.89573e-10
     0     1
# FGMRES final (true) residual:
# Iteration = 4: |res|/|res0| = 3.16787e-11.

Computing volumes of the grid elements.
Non-linear iter.: 242/500. Linear iter.: 4. Min. area: 0.000151851. Error: 3.16787e-11.
Computing volumes of the grid elements.
Min. volume: 0.000151851, max. volume: 36.5349.

# FGMRES residual history
# Residual tolerance target = 1e-10
# Initial residual norm     = 6.89565e-10
     0     1
# FGMRES final (true) residual:
# Iteration = 4: |res|/|res0| = 3.16792e-11.

Computing volumes of the grid elements.
Non-linear iter.: 243/500. Linear iter.: 4. Min. area: 0.000151851. Error: 3.16792e-11.
Computing volumes of the grid elements.
Min. volume: 0.000151851, max. volume: 36.5349.

# FGMRES residual history
# Residual tolerance target = 1e-10
# Initial residual norm     = 6.89558e-10
     0     1
# FGMRES final (true) residual:
# Iteration = 4: |res|/|res0| = 3.16798e-11.

Computing volumes of the grid elements.
Non-linear iter.: 244/500. Linear iter.: 4. Min. area: 0.000151851. Error: 3.16798e-11.
Computing volumes of the grid elements.
Min. volume: 0.000151851, max. volume: 36.5349.

# FGMRES residual history
# Residual tolerance target = 1e-10
# Initial residual norm     = 6.89551e-10
     0     1
# FGMRES final (true) residual:
# Iteration = 4: |res|/|res0| = 3.16803e-11.

Computing volumes of the grid elements.
Non-linear iter.: 245/500. Linear iter.: 4. Min. area: 0.000151851. Error: 3.16803e-11.
Computing volumes of the grid elements.
Min. volume: 0.000151851, max. volume: 36.5349.

# FGMRES residual history
# Residual tolerance target = 1e-10
# Initial residual norm     = 6.89544e-10
     0     1
# FGMRES final (true) residual:
# Iteration = 4: |res|/|res0| = 3.16809e-11.

Computing volumes of the grid elements.
Non-linear iter.: 246/500. Linear iter.: 4. Min. area: 0.000151851. Error: 3.16809e-11.
Computing volumes of the grid elements.
Min. volume: 0.000151851, max. volume: 36.5349.

# FGMRES residual history
# Residual tolerance target = 1e-10
# Initial residual norm     = 6.89537e-10
     0     1
# FGMRES final (true) residual:
# Iteration = 4: |res|/|res0| = 3.16814e-11.

Computing volumes of the grid elements.
Non-linear iter.: 247/500. Linear iter.: 4. Min. area: 0.000151851. Error: 3.16814e-11.
Computing volumes of the grid elements.
Min. volume: 0.000151851, max. volume: 36.5349.

# FGMRES residual history
# Residual tolerance target = 1e-10
# Initial residual norm     = 6.8953e-10
     0     1
# FGMRES final (true) residual:
# Iteration = 4: |res|/|res0| = 3.1682e-11.

Computing volumes of the grid elements.
Non-linear iter.: 248/500. Linear iter.: 4. Min. area: 0.000151851. Error: 3.1682e-11.
Computing volumes of the grid elements.
Min. volume: 0.000151851, max. volume: 36.5349.

# FGMRES residual history
# Residual tolerance target = 1e-10
# Initial residual norm     = 6.89523e-10
     0     1
# FGMRES final (true) residual:
# Iteration = 4: |res|/|res0| = 3.16825e-11.

Computing volumes of the grid elements.
Non-linear iter.: 249/500. Linear iter.: 4. Min. area: 0.000151851. Error: 3.16825e-11.
Computing volumes of the grid elements.
Min. volume: 0.000151851, max. volume: 36.5349.

# FGMRES residual history
# Residual tolerance target = 1e-10
# Initial residual norm     = 6.89516e-10
     0     1
# FGMRES final (true) residual:
# Iteration = 4: |res|/|res0| = 3.16831e-11.

Computing volumes of the grid elements.
Non-linear iter.: 250/500. Linear iter.: 4. Min. area: 0.000151851. Error: 3.16831e-11.
Computing volumes of the grid elements.
Min. volume: 0.000151851, max. volume: 36.5349.

# FGMRES residual history
# Residual tolerance target = 1e-10
# Initial residual norm     = 6.89509e-10
     0     1
# FGMRES final (true) residual:
# Iteration = 4: |res|/|res0| = 3.16836e-11.

Computing volumes of the grid elements.
Non-linear iter.: 251/500. Linear iter.: 4. Min. area: 0.000151851. Error: 3.16836e-11.
Computing volumes of the grid elements.
Min. volume: 0.000151851, max. volume: 36.5349.

# FGMRES residual history
# Residual tolerance target = 1e-10
# Initial residual norm     = 6.89502e-10
     0     1
# FGMRES final (true) residual:
# Iteration = 4: |res|/|res0| = 3.16842e-11.

Computing volumes of the grid elements.
Non-linear iter.: 252/500. Linear iter.: 4. Min. area: 0.000151851. Error: 3.16842e-11.
Computing volumes of the grid elements.
Min. volume: 0.000151851, max. volume: 36.5349.

# FGMRES residual history
# Residual tolerance target = 1e-10
# Initial residual norm     = 6.89495e-10
     0     1
# FGMRES final (true) residual:
# Iteration = 4: |res|/|res0| = 3.16847e-11.

Computing volumes of the grid elements.
Non-linear iter.: 253/500. Linear iter.: 4. Min. area: 0.000151851. Error: 3.16847e-11.
Computing volumes of the grid elements.
Min. volume: 0.000151851, max. volume: 36.5349.

# FGMRES residual history
# Residual tolerance target = 1e-10
# Initial residual norm     = 6.89488e-10
     0     1
# FGMRES final (true) residual:
# Iteration = 4: |res|/|res0| = 3.16853e-11.

Computing volumes of the grid elements.
Non-linear iter.: 254/500. Linear iter.: 4. Min. area: 0.000151851. Error: 3.16853e-11.
Computing volumes of the grid elements.
Min. volume: 0.000151851, max. volume: 36.5349.

# FGMRES residual history
# Residual tolerance target = 1e-10
# Initial residual norm     = 6.89481e-10
     0     1
# FGMRES final (true) residual:
# Iteration = 4: |res|/|res0| = 3.16858e-11.

Computing volumes of the grid elements.
Non-linear iter.: 255/500. Linear iter.: 4. Min. area: 0.000151851. Error: 3.16858e-11.
Computing volumes of the grid elements.
Min. volume: 0.000151851, max. volume: 36.5349.

# FGMRES residual history
# Residual tolerance target = 1e-10
# Initial residual norm     = 6.89474e-10
     0     1
# FGMRES final (true) residual:
# Iteration = 4: |res|/|res0| = 3.16864e-11.

Computing volumes of the grid elements.
Non-linear iter.: 256/500. Linear iter.: 4. Min. area: 0.000151851. Error: 3.16864e-11.
Computing volumes of the grid elements.
Min. volume: 0.000151851, max. volume: 36.5349.

# FGMRES residual history
# Residual tolerance target = 1e-10
# Initial residual norm     = 6.89467e-10
     0     1
# FGMRES final (true) residual:
# Iteration = 4: |res|/|res0| = 3.16869e-11.

Computing volumes of the grid elements.
Non-linear iter.: 257/500. Linear iter.: 4. Min. area: 0.000151851. Error: 3.16869e-11.
Computing volumes of the grid elements.
Min. volume: 0.000151851, max. volume: 36.5349.

# FGMRES residual history
# Residual tolerance target = 1e-10
# Initial residual norm     = 6.8946e-10
     0     1
# FGMRES final (true) residual:
# Iteration = 4: |res|/|res0| = 3.16875e-11.

Computing volumes of the grid elements.
Non-linear iter.: 258/500. Linear iter.: 4. Min. area: 0.000151851. Error: 3.16875e-11.
Computing volumes of the grid elements.
Min. volume: 0.000151851, max. volume: 36.5349.

# FGMRES residual history
# Residual tolerance target = 1e-10
# Initial residual norm     = 6.89453e-10
     0     1
# FGMRES final (true) residual:
# Iteration = 4: |res|/|res0| = 3.1688e-11.

Computing volumes of the grid elements.
Non-linear iter.: 259/500. Linear iter.: 4. Min. area: 0.000151851. Error: 3.1688e-11.
Computing volumes of the grid elements.
Min. volume: 0.000151851, max. volume: 36.5349.

# FGMRES residual history
# Residual tolerance target = 1e-10
# Initial residual norm     = 6.89446e-10
     0     1
# FGMRES final (true) residual:
# Iteration = 4: |res|/|res0| = 3.16886e-11.

Computing volumes of the grid elements.
Non-linear iter.: 260/500. Linear iter.: 4. Min. area: 0.000151851. Error: 3.16886e-11.
Computing volumes of the grid elements.
Min. volume: 0.000151851, max. volume: 36.5349.

# FGMRES residual history
# Residual tolerance target = 1e-10
# Initial residual norm     = 6.89439e-10
     0     1
# FGMRES final (true) residual:
# Iteration = 4: |res|/|res0| = 3.16891e-11.

Computing volumes of the grid elements.
Non-linear iter.: 261/500. Linear iter.: 4. Min. area: 0.000151851. Error: 3.16891e-11.
Computing volumes of the grid elements.
Min. volume: 0.000151851, max. volume: 36.5349.

# FGMRES residual history
# Residual tolerance target = 1e-10
# Initial residual norm     = 6.89432e-10
     0     1
# FGMRES final (true) residual:
# Iteration = 4: |res|/|res0| = 3.16897e-11.

Computing volumes of the grid elements.
Non-linear iter.: 262/500. Linear iter.: 4. Min. area: 0.000151851. Error: 3.16897e-11.
Computing volumes of the grid elements.
Min. volume: 0.000151851, max. volume: 36.5349.

# FGMRES residual history
# Residual tolerance target = 1e-10
# Initial residual norm     = 6.89425e-10
     0     1
# FGMRES final (true) residual:
# Iteration = 4: |res|/|res0| = 3.16902e-11.

Computing volumes of the grid elements.
Non-linear iter.: 263/500. Linear iter.: 4. Min. area: 0.000151851. Error: 3.16902e-11.
Computing volumes of the grid elements.
Min. volume: 0.000151851, max. volume: 36.5349.

# FGMRES residual history
# Residual tolerance target = 1e-10
# Initial residual norm     = 6.89418e-10
     0     1
# FGMRES final (true) residual:
# Iteration = 4: |res|/|res0| = 3.16908e-11.

Computing volumes of the grid elements.
Non-linear iter.: 264/500. Linear iter.: 4. Min. area: 0.000151851. Error: 3.16908e-11.
Computing volumes of the grid elements.
Min. volume: 0.000151851, max. volume: 36.5349.

# FGMRES residual history
# Residual tolerance target = 1e-10
# Initial residual norm     = 6.89411e-10
     0     1
# FGMRES final (true) residual:
# Iteration = 4: |res|/|res0| = 3.16913e-11.

Computing volumes of the grid elements.
Non-linear iter.: 265/500. Linear iter.: 4. Min. area: 0.000151851. Error: 3.16913e-11.
Computing volumes of the grid elements.
Min. volume: 0.000151851, max. volume: 36.5349.

# FGMRES residual history
# Residual tolerance target = 1e-10
# Initial residual norm     = 6.89404e-10
     0     1
# FGMRES final (true) residual:
# Iteration = 4: |res|/|res0| = 3.16919e-11.

Computing volumes of the grid elements.
Non-linear iter.: 266/500. Linear iter.: 4. Min. area: 0.000151851. Error: 3.16919e-11.
Computing volumes of the grid elements.
Min. volume: 0.000151851, max. volume: 36.5349.

# FGMRES residual history
# Residual tolerance target = 1e-10
# Initial residual norm     = 6.89397e-10
     0     1
# FGMRES final (true) residual:
# Iteration = 4: |res|/|res0| = 3.16924e-11.

Computing volumes of the grid elements.
Non-linear iter.: 267/500. Linear iter.: 4. Min. area: 0.000151851. Error: 3.16924e-11.
Computing volumes of the grid elements.
Min. volume: 0.000151851, max. volume: 36.5349.

# FGMRES residual history
# Residual tolerance target = 1e-10
# Initial residual norm     = 6.8939e-10
     0     1
# FGMRES final (true) residual:
# Iteration = 4: |res|/|res0| = 3.16929e-11.

Computing volumes of the grid elements.
Non-linear iter.: 268/500. Linear iter.: 4. Min. area: 0.000151851. Error: 3.16929e-11.
Computing volumes of the grid elements.
Min. volume: 0.000151851, max. volume: 36.5349.

# FGMRES residual history
# Residual tolerance target = 1e-10
# Initial residual norm     = 6.89382e-10
     0     1
# FGMRES final (true) residual:
# Iteration = 4: |res|/|res0| = 3.16935e-11.

Computing volumes of the grid elements.
Non-linear iter.: 269/500. Linear iter.: 4. Min. area: 0.000151851. Error: 3.16935e-11.
Computing volumes of the grid elements.
Min. volume: 0.000151851, max. volume: 36.5349.

# FGMRES residual history
# Residual tolerance target = 1e-10
# Initial residual norm     = 6.89375e-10
     0     1
# FGMRES final (true) residual:
# Iteration = 4: |res|/|res0| = 3.1694e-11.

Computing volumes of the grid elements.
Non-linear iter.: 270/500. Linear iter.: 4. Min. area: 0.000151851. Error: 3.1694e-11.
Computing volumes of the grid elements.
Min. volume: 0.000151851, max. volume: 36.5349.

# FGMRES residual history
# Residual tolerance target = 1e-10
# Initial residual norm     = 6.89368e-10
     0     1
# FGMRES final (true) residual:
# Iteration = 4: |res|/|res0| = 3.16946e-11.

Computing volumes of the grid elements.
Non-linear iter.: 271/500. Linear iter.: 4. Min. area: 0.000151851. Error: 3.16946e-11.
Computing volumes of the grid elements.
Min. volume: 0.000151851, max. volume: 36.5349.

# FGMRES residual history
# Residual tolerance target = 1e-10
# Initial residual norm     = 6.89361e-10
     0     1
# FGMRES final (true) residual:
# Iteration = 4: |res|/|res0| = 3.16951e-11.

Computing volumes of the grid elements.
Non-linear iter.: 272/500. Linear iter.: 4. Min. area: 0.000151851. Error: 3.16951e-11.
Computing volumes of the grid elements.
Min. volume: 0.000151851, max. volume: 36.5349.

# FGMRES residual history
# Residual tolerance target = 1e-10
# Initial residual norm     = 6.89354e-10
     0     1
# FGMRES final (true) residual:
# Iteration = 4: |res|/|res0| = 3.16957e-11.

Computing volumes of the grid elements.
Non-linear iter.: 273/500. Linear iter.: 4. Min. area: 0.000151851. Error: 3.16957e-11.
Computing volumes of the grid elements.
Min. volume: 0.000151851, max. volume: 36.5349.

# FGMRES residual history
# Residual tolerance target = 1e-10
# Initial residual norm     = 6.89347e-10
     0     1
# FGMRES final (true) residual:
# Iteration = 4: |res|/|res0| = 3.16962e-11.

Computing volumes of the grid elements.
Non-linear iter.: 274/500. Linear iter.: 4. Min. area: 0.000151851. Error: 3.16962e-11.
Computing volumes of the grid elements.
Min. volume: 0.000151851, max. volume: 36.5349.

# FGMRES residual history
# Residual tolerance target = 1e-10
# Initial residual norm     = 6.8934e-10
     0     1
# FGMRES final (true) residual:
# Iteration = 4: |res|/|res0| = 3.16968e-11.

Computing volumes of the grid elements.
Non-linear iter.: 275/500. Linear iter.: 4. Min. area: 0.000151851. Error: 3.16968e-11.
Computing volumes of the grid elements.
Min. volume: 0.000151851, max. volume: 36.5349.

# FGMRES residual history
# Residual tolerance target = 1e-10
# Initial residual norm     = 6.89333e-10
     0     1
# FGMRES final (true) residual:
# Iteration = 4: |res|/|res0| = 3.16973e-11.

Computing volumes of the grid elements.
Non-linear iter.: 276/500. Linear iter.: 4. Min. area: 0.000151851. Error: 3.16973e-11.
Computing volumes of the grid elements.
Min. volume: 0.000151851, max. volume: 36.5349.

# FGMRES residual history
# Residual tolerance target = 1e-10
# Initial residual norm     = 6.89326e-10
     0     1
# FGMRES final (true) residual:
# Iteration = 4: |res|/|res0| = 3.16979e-11.

Computing volumes of the grid elements.
Non-linear iter.: 277/500. Linear iter.: 4. Min. area: 0.000151852. Error: 3.16979e-11.
Computing volumes of the grid elements.
Min. volume: 0.000151852, max. volume: 36.5349.

# FGMRES residual history
# Residual tolerance target = 1e-10
# Initial residual norm     = 6.89319e-10
     0     1
# FGMRES final (true) residual:
# Iteration = 4: |res|/|res0| = 3.16984e-11.

Computing volumes of the grid elements.
Non-linear iter.: 278/500. Linear iter.: 4. Min. area: 0.000151852. Error: 3.16984e-11.
Computing volumes of the grid elements.
Min. volume: 0.000151852, max. volume: 36.5349.

# FGMRES residual history
# Residual tolerance target = 1e-10
# Initial residual norm     = 6.89312e-10
     0     1
# FGMRES final (true) residual:
# Iteration = 4: |res|/|res0| = 3.1699e-11.

Computing volumes of the grid elements.
Non-linear iter.: 279/500. Linear iter.: 4. Min. area: 0.000151852. Error: 3.1699e-11.
Computing volumes of the grid elements.
Min. volume: 0.000151852, max. volume: 36.5349.

# FGMRES residual history
# Residual tolerance target = 1e-10
# Initial residual norm     = 6.89305e-10
     0     1
# FGMRES final (true) residual:
# Iteration = 4: |res|/|res0| = 3.16995e-11.

Computing volumes of the grid elements.
Non-linear iter.: 280/500. Linear iter.: 4. Min. area: 0.000151852. Error: 3.16995e-11.
Computing volumes of the grid elements.
Min. volume: 0.000151852, max. volume: 36.5349.

# FGMRES residual history
# Residual tolerance target = 1e-10
# Initial residual norm     = 6.89298e-10
     0     1
# FGMRES final (true) residual:
# Iteration = 4: |res|/|res0| = 3.17001e-11.

Computing volumes of the grid elements.
Non-linear iter.: 281/500. Linear iter.: 4. Min. area: 0.000151852. Error: 3.17001e-11.
Computing volumes of the grid elements.
Min. volume: 0.000151852, max. volume: 36.5349.

# FGMRES residual history
# Residual tolerance target = 1e-10
# Initial residual norm     = 6.89291e-10
     0     1
# FGMRES final (true) residual:
# Iteration = 4: |res|/|res0| = 3.17006e-11.

Computing volumes of the grid elements.
Non-linear iter.: 282/500. Linear iter.: 4. Min. area: 0.000151852. Error: 3.17006e-11.
Computing volumes of the grid elements.
Min. volume: 0.000151852, max. volume: 36.5349.

# FGMRES residual history
# Residual tolerance target = 1e-10
# Initial residual norm     = 6.89284e-10
     0     1
# FGMRES final (true) residual:
# Iteration = 4: |res|/|res0| = 3.17012e-11.

Computing volumes of the grid elements.
Non-linear iter.: 283/500. Linear iter.: 4. Min. area: 0.000151852. Error: 3.17012e-11.
Computing volumes of the grid elements.
Min. volume: 0.000151852, max. volume: 36.5349.

# FGMRES residual history
# Residual tolerance target = 1e-10
# Initial residual norm     = 6.89277e-10
     0     1
# FGMRES final (true) residual:
# Iteration = 4: |res|/|res0| = 3.17017e-11.

Computing volumes of the grid elements.
Non-linear iter.: 284/500. Linear iter.: 4. Min. area: 0.000151852. Error: 3.17017e-11.
Computing volumes of the grid elements.
Min. volume: 0.000151852, max. volume: 36.5349.

# FGMRES residual history
# Residual tolerance target = 1e-10
# Initial residual norm     = 6.8927e-10
     0     1
# FGMRES final (true) residual:
# Iteration = 4: |res|/|res0| = 3.17023e-11.

Computing volumes of the grid elements.
Non-linear iter.: 285/500. Linear iter.: 4. Min. area: 0.000151852. Error: 3.17023e-11.
Computing volumes of the grid elements.
Min. volume: 0.000151852, max. volume: 36.5349.

# FGMRES residual history
# Residual tolerance target = 1e-10
# Initial residual norm     = 6.89263e-10
     0     1
# FGMRES final (true) residual:
# Iteration = 4: |res|/|res0| = 3.17028e-11.

Computing volumes of the grid elements.
Non-linear iter.: 286/500. Linear iter.: 4. Min. area: 0.000151852. Error: 3.17028e-11.
Computing volumes of the grid elements.
Min. volume: 0.000151852, max. volume: 36.5349.

# FGMRES residual history
# Residual tolerance target = 1e-10
# Initial residual norm     = 6.89256e-10
     0     1
# FGMRES final (true) residual:
# Iteration = 4: |res|/|res0| = 3.17034e-11.

Computing volumes of the grid elements.
Non-linear iter.: 287/500. Linear iter.: 4. Min. area: 0.000151852. Error: 3.17034e-11.
Computing volumes of the grid elements.
Min. volume: 0.000151852, max. volume: 36.5349.

# FGMRES residual history
# Residual tolerance target = 1e-10
# Initial residual norm     = 6.89249e-10
     0     1
# FGMRES final (true) residual:
# Iteration = 4: |res|/|res0| = 3.17039e-11.

Computing volumes of the grid elements.
Non-linear iter.: 288/500. Linear iter.: 4. Min. area: 0.000151852. Error: 3.17039e-11.
Computing volumes of the grid elements.
Min. volume: 0.000151852, max. volume: 36.5349.

# FGMRES residual history
# Residual tolerance target = 1e-10
# Initial residual norm     = 6.89242e-10
     0     1
# FGMRES final (true) residual:
# Iteration = 4: |res|/|res0| = 3.17045e-11.

Computing volumes of the grid elements.
Non-linear iter.: 289/500. Linear iter.: 4. Min. area: 0.000151852. Error: 3.17045e-11.
Computing volumes of the grid elements.
Min. volume: 0.000151852, max. volume: 36.5349.

# FGMRES residual history
# Residual tolerance target = 1e-10
# Initial residual norm     = 6.89235e-10
     0     1
# FGMRES final (true) residual:
# Iteration = 4: |res|/|res0| = 3.1705e-11.

Computing volumes of the grid elements.
Non-linear iter.: 290/500. Linear iter.: 4. Min. area: 0.000151852. Error: 3.1705e-11.
Computing volumes of the grid elements.
Min. volume: 0.000151852, max. volume: 36.5349.

# FGMRES residual history
# Residual tolerance target = 1e-10
# Initial residual norm     = 6.89228e-10
     0     1
# FGMRES final (true) residual:
# Iteration = 4: |res|/|res0| = 3.17056e-11.

Computing volumes of the grid elements.
Non-linear iter.: 291/500. Linear iter.: 4. Min. area: 0.000151852. Error: 3.17056e-11.
Computing volumes of the grid elements.
Min. volume: 0.000151852, max. volume: 36.5349.

# FGMRES residual history
# Residual tolerance target = 1e-10
# Initial residual norm     = 6.89221e-10
     0     1
# FGMRES final (true) residual:
# Iteration = 4: |res|/|res0| = 3.17061e-11.

Computing volumes of the grid elements.
Non-linear iter.: 292/500. Linear iter.: 4. Min. area: 0.000151852. Error: 3.17061e-11.
Computing volumes of the grid elements.
Min. volume: 0.000151852, max. volume: 36.5349.

# FGMRES residual history
# Residual tolerance target = 1e-10
# Initial residual norm     = 6.89214e-10
     0     1
# FGMRES final (true) residual:
# Iteration = 4: |res|/|res0| = 3.17067e-11.

Computing volumes of the grid elements.
Non-linear iter.: 293/500. Linear iter.: 4. Min. area: 0.000151852. Error: 3.17067e-11.
Computing volumes of the grid elements.
Min. volume: 0.000151852, max. volume: 36.5349.

# FGMRES residual history
# Residual tolerance target = 1e-10
# Initial residual norm     = 6.89207e-10
     0     1
# FGMRES final (true) residual:
# Iteration = 4: |res|/|res0| = 3.17072e-11.

Computing volumes of the grid elements.
Non-linear iter.: 294/500. Linear iter.: 4. Min. area: 0.000151852. Error: 3.17072e-11.
Computing volumes of the grid elements.
Min. volume: 0.000151852, max. volume: 36.5349.

# FGMRES residual history
# Residual tolerance target = 1e-10
# Initial residual norm     = 6.892e-10
     0     1
# FGMRES final (true) residual:
# Iteration = 4: |res|/|res0| = 3.17078e-11.

Computing volumes of the grid elements.
Non-linear iter.: 295/500. Linear iter.: 4. Min. area: 0.000151852. Error: 3.17078e-11.
Computing volumes of the grid elements.
Min. volume: 0.000151852, max. volume: 36.5349.

# FGMRES residual history
# Residual tolerance target = 1e-10
# Initial residual norm     = 6.89193e-10
     0     1
# FGMRES final (true) residual:
# Iteration = 4: |res|/|res0| = 3.17083e-11.

Computing volumes of the grid elements.
Non-linear iter.: 296/500. Linear iter.: 4. Min. area: 0.000151852. Error: 3.17083e-11.
Computing volumes of the grid elements.
Min. volume: 0.000151852, max. volume: 36.5349.

# FGMRES residual history
# Residual tolerance target = 1e-10
# Initial residual norm     = 6.89186e-10
     0     1
# FGMRES final (true) residual:
# Iteration = 4: |res|/|res0| = 3.17089e-11.

Computing volumes of the grid elements.
Non-linear iter.: 297/500. Linear iter.: 4. Min. area: 0.000151852. Error: 3.17089e-11.
Computing volumes of the grid elements.
Min. volume: 0.000151852, max. volume: 36.5349.

# FGMRES residual history
# Residual tolerance target = 1e-10
# Initial residual norm     = 6.89179e-10
     0     1
# FGMRES final (true) residual:
# Iteration = 4: |res|/|res0| = 3.17094e-11.

Computing volumes of the grid elements.
Non-linear iter.: 298/500. Linear iter.: 4. Min. area: 0.000151852. Error: 3.17094e-11.
Computing volumes of the grid elements.
Min. volume: 0.000151852, max. volume: 36.5349.

# FGMRES residual history
# Residual tolerance target = 1e-10
# Initial residual norm     = 6.89172e-10
     0     1
# FGMRES final (true) residual:
# Iteration = 4: |res|/|res0| = 3.171e-11.

Computing volumes of the grid elements.
Non-linear iter.: 299/500. Linear iter.: 4. Min. area: 0.000151852. Error: 3.171e-11.
Computing volumes of the grid elements.
Min. volume: 0.000151852, max. volume: 36.5349.

# FGMRES residual history
# Residual tolerance target = 1e-10
# Initial residual norm     = 6.89165e-10
     0     1
# FGMRES final (true) residual:
# Iteration = 4: |res|/|res0| = 3.17105e-11.

Computing volumes of the grid elements.
Non-linear iter.: 300/500. Linear iter.: 4. Min. area: 0.000151852. Error: 3.17105e-11.
Computing volumes of the grid elements.
Min. volume: 0.000151852, max. volume: 36.5349.

# FGMRES residual history
# Residual tolerance target = 1e-10
# Initial residual norm     = 6.89158e-10
     0     1
# FGMRES final (true) residual:
# Iteration = 4: |res|/|res0| = 3.17111e-11.

Computing volumes of the grid elements.
Non-linear iter.: 301/500. Linear iter.: 4. Min. area: 0.000151852. Error: 3.17111e-11.
Computing volumes of the grid elements.
Min. volume: 0.000151852, max. volume: 36.5349.

# FGMRES residual history
# Residual tolerance target = 1e-10
# Initial residual norm     = 6.8915e-10
     0     1
# FGMRES final (true) residual:
# Iteration = 4: |res|/|res0| = 3.17116e-11.

Computing volumes of the grid elements.
Non-linear iter.: 302/500. Linear iter.: 4. Min. area: 0.000151852. Error: 3.17116e-11.
Computing volumes of the grid elements.
Min. volume: 0.000151852, max. volume: 36.5349.

# FGMRES residual history
# Residual tolerance target = 1e-10
# Initial residual norm     = 6.89143e-10
     0     1
# FGMRES final (true) residual:
# Iteration = 4: |res|/|res0| = 3.17122e-11.

Computing volumes of the grid elements.
Non-linear iter.: 303/500. Linear iter.: 4. Min. area: 0.000151852. Error: 3.17122e-11.
Computing volumes of the grid elements.
Min. volume: 0.000151852, max. volume: 36.5349.

# FGMRES residual history
# Residual tolerance target = 1e-10
# Initial residual norm     = 6.89136e-10
     0     1
# FGMRES final (true) residual:
# Iteration = 4: |res|/|res0| = 3.17127e-11.

Computing volumes of the grid elements.
Non-linear iter.: 304/500. Linear iter.: 4. Min. area: 0.000151852. Error: 3.17127e-11.
Computing volumes of the grid elements.
Min. volume: 0.000151852, max. volume: 36.5349.

# FGMRES residual history
# Residual tolerance target = 1e-10
# Initial residual norm     = 6.89129e-10
     0     1
# FGMRES final (true) residual:
# Iteration = 4: |res|/|res0| = 3.17133e-11.

Computing volumes of the grid elements.
Non-linear iter.: 305/500. Linear iter.: 4. Min. area: 0.000151852. Error: 3.17133e-11.
Computing volumes of the grid elements.
Min. volume: 0.000151852, max. volume: 36.5349.

# FGMRES residual history
# Residual tolerance target = 1e-10
# Initial residual norm     = 6.89122e-10
     0     1
# FGMRES final (true) residual:
# Iteration = 4: |res|/|res0| = 3.17138e-11.

Computing volumes of the grid elements.
Non-linear iter.: 306/500. Linear iter.: 4. Min. area: 0.000151852. Error: 3.17138e-11.
Computing volumes of the grid elements.
Min. volume: 0.000151852, max. volume: 36.5349.

# FGMRES residual history
# Residual tolerance target = 1e-10
# Initial residual norm     = 6.89115e-10
     0     1
# FGMRES final (true) residual:
# Iteration = 4: |res|/|res0| = 3.17144e-11.

Computing volumes of the grid elements.
Non-linear iter.: 307/500. Linear iter.: 4. Min. area: 0.000151852. Error: 3.17144e-11.
Computing volumes of the grid elements.
Min. volume: 0.000151852, max. volume: 36.5349.

# FGMRES residual history
# Residual tolerance target = 1e-10
# Initial residual norm     = 6.89108e-10
     0     1
# FGMRES final (true) residual:
# Iteration = 4: |res|/|res0| = 3.17149e-11.

Computing volumes of the grid elements.
Non-linear iter.: 308/500. Linear iter.: 4. Min. area: 0.000151852. Error: 3.17149e-11.
Computing volumes of the grid elements.
Min. volume: 0.000151852, max. volume: 36.5349.

# FGMRES residual history
# Residual tolerance target = 1e-10
# Initial residual norm     = 6.89101e-10
     0     1
# FGMRES final (true) residual:
# Iteration = 4: |res|/|res0| = 3.17155e-11.

Computing volumes of the grid elements.
Non-linear iter.: 309/500. Linear iter.: 4. Min. area: 0.000151852. Error: 3.17155e-11.
Computing volumes of the grid elements.
Min. volume: 0.000151852, max. volume: 36.5349.

# FGMRES residual history
# Residual tolerance target = 1e-10
# Initial residual norm     = 6.89094e-10
     0     1
# FGMRES final (true) residual:
# Iteration = 4: |res|/|res0| = 3.1716e-11.

Computing volumes of the grid elements.
Non-linear iter.: 310/500. Linear iter.: 4. Min. area: 0.000151852. Error: 3.1716e-11.
Computing volumes of the grid elements.
Min. volume: 0.000151852, max. volume: 36.5349.

# FGMRES residual history
# Residual tolerance target = 1e-10
# Initial residual norm     = 6.89087e-10
     0     1
# FGMRES final (true) residual:
# Iteration = 4: |res|/|res0| = 3.17166e-11.

Computing volumes of the grid elements.
Non-linear iter.: 311/500. Linear iter.: 4. Min. area: 0.000151852. Error: 3.17166e-11.
Computing volumes of the grid elements.
Min. volume: 0.000151852, max. volume: 36.5349.

# FGMRES residual history
# Residual tolerance target = 1e-10
# Initial residual norm     = 6.8908e-10
     0     1
# FGMRES final (true) residual:
# Iteration = 4: |res|/|res0| = 3.17171e-11.

Computing volumes of the grid elements.
Non-linear iter.: 312/500. Linear iter.: 4. Min. area: 0.000151852. Error: 3.17171e-11.
Computing volumes of the grid elements.
Min. volume: 0.000151852, max. volume: 36.5349.

# FGMRES residual history
# Residual tolerance target = 1e-10
# Initial residual norm     = 6.89073e-10
     0     1
# FGMRES final (true) residual:
# Iteration = 4: |res|/|res0| = 3.17177e-11.

Computing volumes of the grid elements.
Non-linear iter.: 313/500. Linear iter.: 4. Min. area: 0.000151852. Error: 3.17177e-11.
Computing volumes of the grid elements.
Min. volume: 0.000151852, max. volume: 36.5349.

# FGMRES residual history
# Residual tolerance target = 1e-10
# Initial residual norm     = 6.89066e-10
     0     1
# FGMRES final (true) residual:
# Iteration = 4: |res|/|res0| = 3.17182e-11.

Computing volumes of the grid elements.
Non-linear iter.: 314/500. Linear iter.: 4. Min. area: 0.000151852. Error: 3.17182e-11.
Computing volumes of the grid elements.
Min. volume: 0.000151852, max. volume: 36.5349.

# FGMRES residual history
# Residual tolerance target = 1e-10
# Initial residual norm     = 6.89059e-10
     0     1
# FGMRES final (true) residual:
# Iteration = 4: |res|/|res0| = 3.17188e-11.

Computing volumes of the grid elements.
Non-linear iter.: 315/500. Linear iter.: 4. Min. area: 0.000151852. Error: 3.17188e-11.
Computing volumes of the grid elements.
Min. volume: 0.000151852, max. volume: 36.5349.

# FGMRES residual history
# Residual tolerance target = 1e-10
# Initial residual norm     = 6.89052e-10
     0     1
# FGMRES final (true) residual:
# Iteration = 4: |res|/|res0| = 3.17193e-11.

Computing volumes of the grid elements.
Non-linear iter.: 316/500. Linear iter.: 4. Min. area: 0.000151852. Error: 3.17193e-11.
Computing volumes of the grid elements.
Min. volume: 0.000151852, max. volume: 36.5349.

# FGMRES residual history
# Residual tolerance target = 1e-10
# Initial residual norm     = 6.89045e-10
     0     1
# FGMRES final (true) residual:
# Iteration = 4: |res|/|res0| = 3.17199e-11.

Computing volumes of the grid elements.
Non-linear iter.: 317/500. Linear iter.: 4. Min. area: 0.000151852. Error: 3.17199e-11.
Computing volumes of the grid elements.
Min. volume: 0.000151852, max. volume: 36.5349.

# FGMRES residual history
# Residual tolerance target = 1e-10
# Initial residual norm     = 6.89038e-10
     0     1
# FGMRES final (true) residual:
# Iteration = 4: |res|/|res0| = 3.17204e-11.

Computing volumes of the grid elements.
Non-linear iter.: 318/500. Linear iter.: 4. Min. area: 0.000151852. Error: 3.17204e-11.
Computing volumes of the grid elements.
Min. volume: 0.000151852, max. volume: 36.5349.

# FGMRES residual history
# Residual tolerance target = 1e-10
# Initial residual norm     = 6.89031e-10
     0     1
# FGMRES final (true) residual:
# Iteration = 4: |res|/|res0| = 3.1721e-11.

Computing volumes of the grid elements.
Non-linear iter.: 319/500. Linear iter.: 4. Min. area: 0.000151852. Error: 3.1721e-11.
Computing volumes of the grid elements.
Min. volume: 0.000151852, max. volume: 36.5349.

# FGMRES residual history
# Residual tolerance target = 1e-10
# Initial residual norm     = 6.89024e-10
     0     1
# FGMRES final (true) residual:
# Iteration = 4: |res|/|res0| = 3.17215e-11.

Computing volumes of the grid elements.
Non-linear iter.: 320/500. Linear iter.: 4. Min. area: 0.000151852. Error: 3.17215e-11.
Computing volumes of the grid elements.
Min. volume: 0.000151852, max. volume: 36.5349.

# FGMRES residual history
# Residual tolerance target = 1e-10
# Initial residual norm     = 6.89017e-10
     0     1
# FGMRES final (true) residual:
# Iteration = 4: |res|/|res0| = 3.17221e-11.

Computing volumes of the grid elements.
Non-linear iter.: 321/500. Linear iter.: 4. Min. area: 0.000151852. Error: 3.17221e-11.
Computing volumes of the grid elements.
Min. volume: 0.000151852, max. volume: 36.5349.

# FGMRES residual history
# Residual tolerance target = 1e-10
# Initial residual norm     = 6.8901e-10
     0     1
# FGMRES final (true) residual:
# Iteration = 4: |res|/|res0| = 3.17226e-11.

Computing volumes of the grid elements.
Non-linear iter.: 322/500. Linear iter.: 4. Min. area: 0.000151852. Error: 3.17226e-11.
Computing volumes of the grid elements.
Min. volume: 0.000151852, max. volume: 36.5349.

# FGMRES residual history
# Residual tolerance target = 1e-10
# Initial residual norm     = 6.89003e-10
     0     1
# FGMRES final (true) residual:
# Iteration = 4: |res|/|res0| = 3.17232e-11.

Computing volumes of the grid elements.
Non-linear iter.: 323/500. Linear iter.: 4. Min. area: 0.000151852. Error: 3.17232e-11.
Computing volumes of the grid elements.
Min. volume: 0.000151852, max. volume: 36.5349.

# FGMRES residual history
# Residual tolerance target = 1e-10
# Initial residual norm     = 6.88996e-10
     0     1
# FGMRES final (true) residual:
# Iteration = 4: |res|/|res0| = 3.17237e-11.

Computing volumes of the grid elements.
Non-linear iter.: 324/500. Linear iter.: 4. Min. area: 0.000151853. Error: 3.17237e-11.
Computing volumes of the grid elements.
Min. volume: 0.000151853, max. volume: 36.5349.

# FGMRES residual history
# Residual tolerance target = 1e-10
# Initial residual norm     = 6.88989e-10
     0     1
# FGMRES final (true) residual:
# Iteration = 4: |res|/|res0| = 3.17243e-11.

Computing volumes of the grid elements.
Non-linear iter.: 325/500. Linear iter.: 4. Min. area: 0.000151853. Error: 3.17243e-11.
Computing volumes of the grid elements.
Min. volume: 0.000151853, max. volume: 36.5349.

# FGMRES residual history
# Residual tolerance target = 1e-10
# Initial residual norm     = 6.88982e-10
     0     1
# FGMRES final (true) residual:
# Iteration = 4: |res|/|res0| = 3.17248e-11.

Computing volumes of the grid elements.
Non-linear iter.: 326/500. Linear iter.: 4. Min. area: 0.000151853. Error: 3.17248e-11.
Computing volumes of the grid elements.
Min. volume: 0.000151853, max. volume: 36.5349.

# FGMRES residual history
# Residual tolerance target = 1e-10
# Initial residual norm     = 6.88975e-10
     0     1
# FGMRES final (true) residual:
# Iteration = 4: |res|/|res0| = 3.17254e-11.

Computing volumes of the grid elements.
Non-linear iter.: 327/500. Linear iter.: 4. Min. area: 0.000151853. Error: 3.17254e-11.
Computing volumes of the grid elements.
Min. volume: 0.000151853, max. volume: 36.5349.

# FGMRES residual history
# Residual tolerance target = 1e-10
# Initial residual norm     = 6.88968e-10
     0     1
# FGMRES final (true) residual:
# Iteration = 4: |res|/|res0| = 3.17259e-11.

Computing volumes of the grid elements.
Non-linear iter.: 328/500. Linear iter.: 4. Min. area: 0.000151853. Error: 3.17259e-11.
Computing volumes of the grid elements.
Min. volume: 0.000151853, max. volume: 36.5349.

# FGMRES residual history
# Residual tolerance target = 1e-10
# Initial residual norm     = 6.88961e-10
     0     1
# FGMRES final (true) residual:
# Iteration = 4: |res|/|res0| = 3.17265e-11.

Computing volumes of the grid elements.
Non-linear iter.: 329/500. Linear iter.: 4. Min. area: 0.000151853. Error: 3.17265e-11.
Computing volumes of the grid elements.
Min. volume: 0.000151853, max. volume: 36.5349.

# FGMRES residual history
# Residual tolerance target = 1e-10
# Initial residual norm     = 6.88954e-10
     0     1
# FGMRES final (true) residual:
# Iteration = 4: |res|/|res0| = 3.1727e-11.

Computing volumes of the grid elements.
Non-linear iter.: 330/500. Linear iter.: 4. Min. area: 0.000151853. Error: 3.1727e-11.
Computing volumes of the grid elements.
Min. volume: 0.000151853, max. volume: 36.5349.

# FGMRES residual history
# Residual tolerance target = 1e-10
# Initial residual norm     = 6.88947e-10
     0     1
# FGMRES final (true) residual:
# Iteration = 4: |res|/|res0| = 3.17276e-11.

Computing volumes of the grid elements.
Non-linear iter.: 331/500. Linear iter.: 4. Min. area: 0.000151853. Error: 3.17276e-11.
Computing volumes of the grid elements.
Min. volume: 0.000151853, max. volume: 36.5349.

# FGMRES residual history
# Residual tolerance target = 1e-10
# Initial residual norm     = 6.8894e-10
     0     1
# FGMRES final (true) residual:
# Iteration = 4: |res|/|res0| = 3.17281e-11.

Computing volumes of the grid elements.
Non-linear iter.: 332/500. Linear iter.: 4. Min. area: 0.000151853. Error: 3.17281e-11.
Computing volumes of the grid elements.
Min. volume: 0.000151853, max. volume: 36.5349.

# FGMRES residual history
# Residual tolerance target = 1e-10
# Initial residual norm     = 6.88933e-10
     0     1
# FGMRES final (true) residual:
# Iteration = 4: |res|/|res0| = 3.17287e-11.

Computing volumes of the grid elements.
Non-linear iter.: 333/500. Linear iter.: 4. Min. area: 0.000151853. Error: 3.17287e-11.
Computing volumes of the grid elements.
Min. volume: 0.000151853, max. volume: 36.5349.

# FGMRES residual history
# Residual tolerance target = 1e-10
# Initial residual norm     = 6.88926e-10
     0     1
# FGMRES final (true) residual:
# Iteration = 4: |res|/|res0| = 3.17292e-11.

Computing volumes of the grid elements.
Non-linear iter.: 334/500. Linear iter.: 4. Min. area: 0.000151853. Error: 3.17292e-11.
Computing volumes of the grid elements.
Min. volume: 0.000151853, max. volume: 36.5349.

# FGMRES residual history
# Residual tolerance target = 1e-10
# Initial residual norm     = 6.88919e-10
     0     1
# FGMRES final (true) residual:
# Iteration = 4: |res|/|res0| = 3.17298e-11.

Computing volumes of the grid elements.
Non-linear iter.: 335/500. Linear iter.: 4. Min. area: 0.000151853. Error: 3.17298e-11.
Computing volumes of the grid elements.
Min. volume: 0.000151853, max. volume: 36.5349.

# FGMRES residual history
# Residual tolerance target = 1e-10
# Initial residual norm     = 6.88912e-10
     0     1
# FGMRES final (true) residual:
# Iteration = 4: |res|/|res0| = 3.17303e-11.

Computing volumes of the grid elements.
Non-linear iter.: 336/500. Linear iter.: 4. Min. area: 0.000151853. Error: 3.17303e-11.
Computing volumes of the grid elements.
Min. volume: 0.000151853, max. volume: 36.5349.

# FGMRES residual history
# Residual tolerance target = 1e-10
# Initial residual norm     = 6.88905e-10
     0     1
# FGMRES final (true) residual:
# Iteration = 4: |res|/|res0| = 3.17309e-11.

Computing volumes of the grid elements.
Non-linear iter.: 337/500. Linear iter.: 4. Min. area: 0.000151853. Error: 3.17309e-11.
Computing volumes of the grid elements.
Min. volume: 0.000151853, max. volume: 36.5349.

# FGMRES residual history
# Residual tolerance target = 1e-10
# Initial residual norm     = 6.88898e-10
     0     1
# FGMRES final (true) residual:
# Iteration = 4: |res|/|res0| = 3.17314e-11.

Computing volumes of the grid elements.
Non-linear iter.: 338/500. Linear iter.: 4. Min. area: 0.000151853. Error: 3.17314e-11.
Computing volumes of the grid elements.
Min. volume: 0.000151853, max. volume: 36.5349.

# FGMRES residual history
# Residual tolerance target = 1e-10
# Initial residual norm     = 6.88891e-10
     0     1
# FGMRES final (true) residual:
# Iteration = 4: |res|/|res0| = 3.17319e-11.

Computing volumes of the grid elements.
Non-linear iter.: 339/500. Linear iter.: 4. Min. area: 0.000151853. Error: 3.17319e-11.
Computing volumes of the grid elements.
Min. volume: 0.000151853, max. volume: 36.5349.

# FGMRES residual history
# Residual tolerance target = 1e-10
# Initial residual norm     = 6.88884e-10
     0     1
# FGMRES final (true) residual:
# Iteration = 4: |res|/|res0| = 3.17325e-11.

Computing volumes of the grid elements.
Non-linear iter.: 340/500. Linear iter.: 4. Min. area: 0.000151853. Error: 3.17325e-11.
Computing volumes of the grid elements.
Min. volume: 0.000151853, max. volume: 36.5349.

# FGMRES residual history
# Residual tolerance target = 1e-10
# Initial residual norm     = 6.88877e-10
     0     1
# FGMRES final (true) residual:
# Iteration = 4: |res|/|res0| = 3.1733e-11.

Computing volumes of the grid elements.
Non-linear iter.: 341/500. Linear iter.: 4. Min. area: 0.000151853. Error: 3.1733e-11.
Computing volumes of the grid elements.
Min. volume: 0.000151853, max. volume: 36.5349.

# FGMRES residual history
# Residual tolerance target = 1e-10
# Initial residual norm     = 6.8887e-10
     0     1
# FGMRES final (true) residual:
# Iteration = 4: |res|/|res0| = 3.17336e-11.

Computing volumes of the grid elements.
Non-linear iter.: 342/500. Linear iter.: 4. Min. area: 0.000151853. Error: 3.17336e-11.
Computing volumes of the grid elements.
Min. volume: 0.000151853, max. volume: 36.5349.

# FGMRES residual history
# Residual tolerance target = 1e-10
# Initial residual norm     = 6.88863e-10
     0     1
# FGMRES final (true) residual:
# Iteration = 4: |res|/|res0| = 3.17341e-11.

Computing volumes of the grid elements.
Non-linear iter.: 343/500. Linear iter.: 4. Min. area: 0.000151853. Error: 3.17341e-11.
Computing volumes of the grid elements.
Min. volume: 0.000151853, max. volume: 36.5349.

# FGMRES residual history
# Residual tolerance target = 1e-10
# Initial residual norm     = 6.88856e-10
     0     1
# FGMRES final (true) residual:
# Iteration = 4: |res|/|res0| = 3.17347e-11.

Computing volumes of the grid elements.
Non-linear iter.: 344/500. Linear iter.: 4. Min. area: 0.000151853. Error: 3.17347e-11.
Computing volumes of the grid elements.
Min. volume: 0.000151853, max. volume: 36.5349.

# FGMRES residual history
# Residual tolerance target = 1e-10
# Initial residual norm     = 6.88849e-10
     0     1
# FGMRES final (true) residual:
# Iteration = 4: |res|/|res0| = 3.17352e-11.

Computing volumes of the grid elements.
Non-linear iter.: 345/500. Linear iter.: 4. Min. area: 0.000151853. Error: 3.17352e-11.
Computing volumes of the grid elements.
Min. volume: 0.000151853, max. volume: 36.5349.

# FGMRES residual history
# Residual tolerance target = 1e-10
# Initial residual norm     = 6.88842e-10
     0     1
# FGMRES final (true) residual:
# Iteration = 4: |res|/|res0| = 3.17358e-11.

Computing volumes of the grid elements.
Non-linear iter.: 346/500. Linear iter.: 4. Min. area: 0.000151853. Error: 3.17358e-11.
Computing volumes of the grid elements.
Min. volume: 0.000151853, max. volume: 36.5349.

# FGMRES residual history
# Residual tolerance target = 1e-10
# Initial residual norm     = 6.88835e-10
     0     1
# FGMRES final (true) residual:
# Iteration = 4: |res|/|res0| = 3.17363e-11.

Computing volumes of the grid elements.
Non-linear iter.: 347/500. Linear iter.: 4. Min. area: 0.000151853. Error: 3.17363e-11.
Computing volumes of the grid elements.
Min. volume: 0.000151853, max. volume: 36.5349.

# FGMRES residual history
# Residual tolerance target = 1e-10
# Initial residual norm     = 6.88827e-10
     0     1
# FGMRES final (true) residual:
# Iteration = 4: |res|/|res0| = 3.17369e-11.

Computing volumes of the grid elements.
Non-linear iter.: 348/500. Linear iter.: 4. Min. area: 0.000151853. Error: 3.17369e-11.
Computing volumes of the grid elements.
Min. volume: 0.000151853, max. volume: 36.5349.

# FGMRES residual history
# Residual tolerance target = 1e-10
# Initial residual norm     = 6.8882e-10
     0     1
# FGMRES final (true) residual:
# Iteration = 4: |res|/|res0| = 3.17374e-11.

Computing volumes of the grid elements.
Non-linear iter.: 349/500. Linear iter.: 4. Min. area: 0.000151853. Error: 3.17374e-11.
Computing volumes of the grid elements.
Min. volume: 0.000151853, max. volume: 36.5349.

# FGMRES residual history
# Residual tolerance target = 1e-10
# Initial residual norm     = 6.88813e-10
     0     1
# FGMRES final (true) residual:
# Iteration = 4: |res|/|res0| = 3.1738e-11.

Computing volumes of the grid elements.
Non-linear iter.: 350/500. Linear iter.: 4. Min. area: 0.000151853. Error: 3.1738e-11.
Computing volumes of the grid elements.
Min. volume: 0.000151853, max. volume: 36.5349.

# FGMRES residual history
# Residual tolerance target = 1e-10
# Initial residual norm     = 6.88806e-10
     0     1
# FGMRES final (true) residual:
# Iteration = 4: |res|/|res0| = 3.17385e-11.

Computing volumes of the grid elements.
Non-linear iter.: 351/500. Linear iter.: 4. Min. area: 0.000151853. Error: 3.17385e-11.
Computing volumes of the grid elements.
Min. volume: 0.000151853, max. volume: 36.5349.

# FGMRES residual history
# Residual tolerance target = 1e-10
# Initial residual norm     = 6.88799e-10
     0     1
# FGMRES final (true) residual:
# Iteration = 4: |res|/|res0| = 3.17391e-11.

Computing volumes of the grid elements.
Non-linear iter.: 352/500. Linear iter.: 4. Min. area: 0.000151853. Error: 3.17391e-11.
Computing volumes of the grid elements.
Min. volume: 0.000151853, max. volume: 36.5349.

# FGMRES residual history
# Residual tolerance target = 1e-10
# Initial residual norm     = 6.88792e-10
     0     1
# FGMRES final (true) residual:
# Iteration = 4: |res|/|res0| = 3.17396e-11.

Computing volumes of the grid elements.
Non-linear iter.: 353/500. Linear iter.: 4. Min. area: 0.000151853. Error: 3.17396e-11.
Computing volumes of the grid elements.
Min. volume: 0.000151853, max. volume: 36.5349.

# FGMRES residual history
# Residual tolerance target = 1e-10
# Initial residual norm     = 6.88785e-10
     0     1
# FGMRES final (true) residual:
# Iteration = 4: |res|/|res0| = 3.17402e-11.

Computing volumes of the grid elements.
Non-linear iter.: 354/500. Linear iter.: 4. Min. area: 0.000151853. Error: 3.17402e-11.
Computing volumes of the grid elements.
Min. volume: 0.000151853, max. volume: 36.5349.

# FGMRES residual history
# Residual tolerance target = 1e-10
# Initial residual norm     = 6.88778e-10
     0     1
# FGMRES final (true) residual:
# Iteration = 4: |res|/|res0| = 3.17407e-11.

Computing volumes of the grid elements.
Non-linear iter.: 355/500. Linear iter.: 4. Min. area: 0.000151853. Error: 3.17407e-11.
Computing volumes of the grid elements.
Min. volume: 0.000151853, max. volume: 36.5349.

# FGMRES residual history
# Residual tolerance target = 1e-10
# Initial residual norm     = 6.88771e-10
     0     1
# FGMRES final (true) residual:
# Iteration = 4: |res|/|res0| = 3.17413e-11.

Computing volumes of the grid elements.
Non-linear iter.: 356/500. Linear iter.: 4. Min. area: 0.000151853. Error: 3.17413e-11.
Computing volumes of the grid elements.
Min. volume: 0.000151853, max. volume: 36.5349.

# FGMRES residual history
# Residual tolerance target = 1e-10
# Initial residual norm     = 6.88764e-10
     0     1
# FGMRES final (true) residual:
# Iteration = 4: |res|/|res0| = 3.17418e-11.

Computing volumes of the grid elements.
Non-linear iter.: 357/500. Linear iter.: 4. Min. area: 0.000151853. Error: 3.17418e-11.
Computing volumes of the grid elements.
Min. volume: 0.000151853, max. volume: 36.5349.

# FGMRES residual history
# Residual tolerance target = 1e-10
# Initial residual norm     = 6.88757e-10
     0     1
# FGMRES final (true) residual:
# Iteration = 4: |res|/|res0| = 3.17424e-11.

Computing volumes of the grid elements.
Non-linear iter.: 358/500. Linear iter.: 4. Min. area: 0.000151853. Error: 3.17424e-11.
Computing volumes of the grid elements.
Min. volume: 0.000151853, max. volume: 36.5349.

# FGMRES residual history
# Residual tolerance target = 1e-10
# Initial residual norm     = 6.8875e-10
     0     1
# FGMRES final (true) residual:
# Iteration = 4: |res|/|res0| = 3.17429e-11.

Computing volumes of the grid elements.
Non-linear iter.: 359/500. Linear iter.: 4. Min. area: 0.000151853. Error: 3.17429e-11.
Computing volumes of the grid elements.
Min. volume: 0.000151853, max. volume: 36.5349.

# FGMRES residual history
# Residual tolerance target = 1e-10
# Initial residual norm     = 6.88743e-10
     0     1
# FGMRES final (true) residual:
# Iteration = 4: |res|/|res0| = 3.17435e-11.

Computing volumes of the grid elements.
Non-linear iter.: 360/500. Linear iter.: 4. Min. area: 0.000151853. Error: 3.17435e-11.
Computing volumes of the grid elements.
Min. volume: 0.000151853, max. volume: 36.5349.

# FGMRES residual history
# Residual tolerance target = 1e-10
# Initial residual norm     = 6.88736e-10
     0     1
# FGMRES final (true) residual:
# Iteration = 4: |res|/|res0| = 3.1744e-11.

Computing volumes of the grid elements.
Non-linear iter.: 361/500. Linear iter.: 4. Min. area: 0.000151853. Error: 3.1744e-11.
Computing volumes of the grid elements.
Min. volume: 0.000151853, max. volume: 36.5349.

# FGMRES residual history
# Residual tolerance target = 1e-10
# Initial residual norm     = 6.88729e-10
     0     1
# FGMRES final (true) residual:
# Iteration = 4: |res|/|res0| = 3.17446e-11.

Computing volumes of the grid elements.
Non-linear iter.: 362/500. Linear iter.: 4. Min. area: 0.000151853. Error: 3.17446e-11.
Computing volumes of the grid elements.
Min. volume: 0.000151853, max. volume: 36.5349.

# FGMRES residual history
# Residual tolerance target = 1e-10
# Initial residual norm     = 6.88722e-10
     0     1
# FGMRES final (true) residual:
# Iteration = 4: |res|/|res0| = 3.17451e-11.

Computing volumes of the grid elements.
Non-linear iter.: 363/500. Linear iter.: 4. Min. area: 0.000151853. Error: 3.17451e-11.
Computing volumes of the grid elements.
Min. volume: 0.000151853, max. volume: 36.5349.

# FGMRES residual history
# Residual tolerance target = 1e-10
# Initial residual norm     = 6.88715e-10
     0     1
# FGMRES final (true) residual:
# Iteration = 4: |res|/|res0| = 3.17457e-11.

Computing volumes of the grid elements.
Non-linear iter.: 364/500. Linear iter.: 4. Min. area: 0.000151853. Error: 3.17457e-11.
Computing volumes of the grid elements.
Min. volume: 0.000151853, max. volume: 36.5349.

# FGMRES residual history
# Residual tolerance target = 1e-10
# Initial residual norm     = 6.88708e-10
     0     1
# FGMRES final (true) residual:
# Iteration = 4: |res|/|res0| = 3.17462e-11.

Computing volumes of the grid elements.
Non-linear iter.: 365/500. Linear iter.: 4. Min. area: 0.000151853. Error: 3.17462e-11.
Computing volumes of the grid elements.
Min. volume: 0.000151853, max. volume: 36.5349.

# FGMRES residual history
# Residual tolerance target = 1e-10
# Initial residual norm     = 6.88701e-10
     0     1
# FGMRES final (true) residual:
# Iteration = 4: |res|/|res0| = 3.17468e-11.

Computing volumes of the grid elements.
Non-linear iter.: 366/500. Linear iter.: 4. Min. area: 0.000151853. Error: 3.17468e-11.
Computing volumes of the grid elements.
Min. volume: 0.000151853, max. volume: 36.5349.

# FGMRES residual history
# Residual tolerance target = 1e-10
# Initial residual norm     = 6.88694e-10
     0     1
# FGMRES final (true) residual:
# Iteration = 4: |res|/|res0| = 3.17473e-11.

Computing volumes of the grid elements.
Non-linear iter.: 367/500. Linear iter.: 4. Min. area: 0.000151853. Error: 3.17473e-11.
Computing volumes of the grid elements.
Min. volume: 0.000151853, max. volume: 36.5349.

# FGMRES residual history
# Residual tolerance target = 1e-10
# Initial residual norm     = 6.88687e-10
     0     1
# FGMRES final (true) residual:
# Iteration = 4: |res|/|res0| = 3.17479e-11.

Computing volumes of the grid elements.
Non-linear iter.: 368/500. Linear iter.: 4. Min. area: 0.000151853. Error: 3.17479e-11.
Computing volumes of the grid elements.
Min. volume: 0.000151853, max. volume: 36.5349.

# FGMRES residual history
# Residual tolerance target = 1e-10
# Initial residual norm     = 6.8868e-10
     0     1
# FGMRES final (true) residual:
# Iteration = 4: |res|/|res0| = 3.17484e-11.

Computing volumes of the grid elements.
Non-linear iter.: 369/500. Linear iter.: 4. Min. area: 0.000151853. Error: 3.17484e-11.
Computing volumes of the grid elements.
Min. volume: 0.000151853, max. volume: 36.5349.

# FGMRES residual history
# Residual tolerance target = 1e-10
# Initial residual norm     = 6.88673e-10
     0     1
# FGMRES final (true) residual:
# Iteration = 4: |res|/|res0| = 3.1749e-11.

Computing volumes of the grid elements.
Non-linear iter.: 370/500. Linear iter.: 4. Min. area: 0.000151853. Error: 3.1749e-11.
Computing volumes of the grid elements.
Min. volume: 0.000151853, max. volume: 36.5349.

# FGMRES residual history
# Residual tolerance target = 1e-10
# Initial residual norm     = 6.88666e-10
     0     1
# FGMRES final (true) residual:
# Iteration = 4: |res|/|res0| = 3.17495e-11.

Computing volumes of the grid elements.
Non-linear iter.: 371/500. Linear iter.: 4. Min. area: 0.000151854. Error: 3.17495e-11.
Computing volumes of the grid elements.
Min. volume: 0.000151854, max. volume: 36.5349.

# FGMRES residual history
# Residual tolerance target = 1e-10
# Initial residual norm     = 6.88659e-10
     0     1
# FGMRES final (true) residual:
# Iteration = 4: |res|/|res0| = 3.17501e-11.

Computing volumes of the grid elements.
Non-linear iter.: 372/500. Linear iter.: 4. Min. area: 0.000151854. Error: 3.17501e-11.
Computing volumes of the grid elements.
Min. volume: 0.000151854, max. volume: 36.5349.

# FGMRES residual history
# Residual tolerance target = 1e-10
# Initial residual norm     = 6.88652e-10
     0     1
# FGMRES final (true) residual:
# Iteration = 4: |res|/|res0| = 3.17506e-11.

Computing volumes of the grid elements.
Non-linear iter.: 373/500. Linear iter.: 4. Min. area: 0.000151854. Error: 3.17506e-11.
Computing volumes of the grid elements.
Min. volume: 0.000151854, max. volume: 36.5349.

# FGMRES residual history
# Residual tolerance target = 1e-10
# Initial residual norm     = 6.88645e-10
     0     1
# FGMRES final (true) residual:
# Iteration = 4: |res|/|res0| = 3.17512e-11.

Computing volumes of the grid elements.
Non-linear iter.: 374/500. Linear iter.: 4. Min. area: 0.000151854. Error: 3.17512e-11.
Computing volumes of the grid elements.
Min. volume: 0.000151854, max. volume: 36.5349.

# FGMRES residual history
# Residual tolerance target = 1e-10
# Initial residual norm     = 6.88638e-10
     0     1
# FGMRES final (true) residual:
# Iteration = 4: |res|/|res0| = 3.17517e-11.

Computing volumes of the grid elements.
Non-linear iter.: 375/500. Linear iter.: 4. Min. area: 0.000151854. Error: 3.17517e-11.
Computing volumes of the grid elements.
Min. volume: 0.000151854, max. volume: 36.5349.

# FGMRES residual history
# Residual tolerance target = 1e-10
# Initial residual norm     = 6.88631e-10
     0     1
# FGMRES final (true) residual:
# Iteration = 4: |res|/|res0| = 3.17523e-11.

Computing volumes of the grid elements.
Non-linear iter.: 376/500. Linear iter.: 4. Min. area: 0.000151854. Error: 3.17523e-11.
Computing volumes of the grid elements.
Min. volume: 0.000151854, max. volume: 36.5349.

# FGMRES residual history
# Residual tolerance target = 1e-10
# Initial residual norm     = 6.88624e-10
     0     1
# FGMRES final (true) residual:
# Iteration = 4: |res|/|res0| = 3.17528e-11.

Computing volumes of the grid elements.
Non-linear iter.: 377/500. Linear iter.: 4. Min. area: 0.000151854. Error: 3.17528e-11.
Computing volumes of the grid elements.
Min. volume: 0.000151854, max. volume: 36.5349.

# FGMRES residual history
# Residual tolerance target = 1e-10
# Initial residual norm     = 6.88617e-10
     0     1
# FGMRES final (true) residual:
# Iteration = 4: |res|/|res0| = 3.17534e-11.

Computing volumes of the grid elements.
Non-linear iter.: 378/500. Linear iter.: 4. Min. area: 0.000151854. Error: 3.17534e-11.
Computing volumes of the grid elements.
Min. volume: 0.000151854, max. volume: 36.5349.

# FGMRES residual history
# Residual tolerance target = 1e-10
# Initial residual norm     = 6.8861e-10
     0     1
# FGMRES final (true) residual:
# Iteration = 4: |res|/|res0| = 3.17539e-11.

Computing volumes of the grid elements.
Non-linear iter.: 379/500. Linear iter.: 4. Min. area: 0.000151854. Error: 3.17539e-11.
Computing volumes of the grid elements.
Min. volume: 0.000151854, max. volume: 36.5349.

# FGMRES residual history
# Residual tolerance target = 1e-10
# Initial residual norm     = 6.88603e-10
     0     1
# FGMRES final (true) residual:
# Iteration = 4: |res|/|res0| = 3.17545e-11.

Computing volumes of the grid elements.
Non-linear iter.: 380/500. Linear iter.: 4. Min. area: 0.000151854. Error: 3.17545e-11.
Computing volumes of the grid elements.
Min. volume: 0.000151854, max. volume: 36.5349.

# FGMRES residual history
# Residual tolerance target = 1e-10
# Initial residual norm     = 6.88596e-10
     0     1
# FGMRES final (true) residual:
# Iteration = 4: |res|/|res0| = 3.1755e-11.

Computing volumes of the grid elements.
Non-linear iter.: 381/500. Linear iter.: 4. Min. area: 0.000151854. Error: 3.1755e-11.
Computing volumes of the grid elements.
Min. volume: 0.000151854, max. volume: 36.5349.

# FGMRES residual history
# Residual tolerance target = 1e-10
# Initial residual norm     = 6.88589e-10
     0     1
# FGMRES final (true) residual:
# Iteration = 4: |res|/|res0| = 3.17555e-11.

Computing volumes of the grid elements.
Non-linear iter.: 382/500. Linear iter.: 4. Min. area: 0.000151854. Error: 3.17555e-11.
Computing volumes of the grid elements.
Min. volume: 0.000151854, max. volume: 36.5349.

# FGMRES residual history
# Residual tolerance target = 1e-10
# Initial residual norm     = 6.88582e-10
     0     1
# FGMRES final (true) residual:
# Iteration = 4: |res|/|res0| = 3.17561e-11.

Computing volumes of the grid elements.
Non-linear iter.: 383/500. Linear iter.: 4. Min. area: 0.000151854. Error: 3.17561e-11.
Computing volumes of the grid elements.
Min. volume: 0.000151854, max. volume: 36.5349.

# FGMRES residual history
# Residual tolerance target = 1e-10
# Initial residual norm     = 6.88575e-10
     0     1
# FGMRES final (true) residual:
# Iteration = 4: |res|/|res0| = 3.17566e-11.

Computing volumes of the grid elements.
Non-linear iter.: 384/500. Linear iter.: 4. Min. area: 0.000151854. Error: 3.17566e-11.
Computing volumes of the grid elements.
Min. volume: 0.000151854, max. volume: 36.5349.

# FGMRES residual history
# Residual tolerance target = 1e-10
# Initial residual norm     = 6.88568e-10
     0     1
# FGMRES final (true) residual:
# Iteration = 4: |res|/|res0| = 3.17572e-11.

Computing volumes of the grid elements.
Non-linear iter.: 385/500. Linear iter.: 4. Min. area: 0.000151854. Error: 3.17572e-11.
Computing volumes of the grid elements.
Min. volume: 0.000151854, max. volume: 36.5349.

# FGMRES residual history
# Residual tolerance target = 1e-10
# Initial residual norm     = 6.88561e-10
     0     1
# FGMRES final (true) residual:
# Iteration = 4: |res|/|res0| = 3.17577e-11.

Computing volumes of the grid elements.
Non-linear iter.: 386/500. Linear iter.: 4. Min. area: 0.000151854. Error: 3.17577e-11.
Computing volumes of the grid elements.
Min. volume: 0.000151854, max. volume: 36.5349.

# FGMRES residual history
# Residual tolerance target = 1e-10
# Initial residual norm     = 6.88554e-10
     0     1
# FGMRES final (true) residual:
# Iteration = 4: |res|/|res0| = 3.17583e-11.

Computing volumes of the grid elements.
Non-linear iter.: 387/500. Linear iter.: 4. Min. area: 0.000151854. Error: 3.17583e-11.
Computing volumes of the grid elements.
Min. volume: 0.000151854, max. volume: 36.5349.

# FGMRES residual history
# Residual tolerance target = 1e-10
# Initial residual norm     = 6.88547e-10
     0     1
# FGMRES final (true) residual:
# Iteration = 4: |res|/|res0| = 3.17588e-11.

Computing volumes of the grid elements.
Non-linear iter.: 388/500. Linear iter.: 4. Min. area: 0.000151854. Error: 3.17588e-11.
Computing volumes of the grid elements.
Min. volume: 0.000151854, max. volume: 36.5349.

# FGMRES residual history
# Residual tolerance target = 1e-10
# Initial residual norm     = 6.8854e-10
     0     1
# FGMRES final (true) residual:
# Iteration = 4: |res|/|res0| = 3.17594e-11.

Computing volumes of the grid elements.
Non-linear iter.: 389/500. Linear iter.: 4. Min. area: 0.000151854. Error: 3.17594e-11.
Computing volumes of the grid elements.
Min. volume: 0.000151854, max. volume: 36.5349.

# FGMRES residual history
# Residual tolerance target = 1e-10
# Initial residual norm     = 6.88533e-10
     0     1
# FGMRES final (true) residual:
# Iteration = 4: |res|/|res0| = 3.17599e-11.

Computing volumes of the grid elements.
Non-linear iter.: 390/500. Linear iter.: 4. Min. area: 0.000151854. Error: 3.17599e-11.
Computing volumes of the grid elements.
Min. volume: 0.000151854, max. volume: 36.5349.

# FGMRES residual history
# Residual tolerance target = 1e-10
# Initial residual norm     = 6.88526e-10
     0     1
# FGMRES final (true) residual:
# Iteration = 4: |res|/|res0| = 3.17605e-11.

Computing volumes of the grid elements.
Non-linear iter.: 391/500. Linear iter.: 4. Min. area: 0.000151854. Error: 3.17605e-11.
Computing volumes of the grid elements.
Min. volume: 0.000151854, max. volume: 36.5349.

# FGMRES residual history
# Residual tolerance target = 1e-10
# Initial residual norm     = 6.88519e-10
     0     1
# FGMRES final (true) residual:
# Iteration = 4: |res|/|res0| = 3.1761e-11.

Computing volumes of the grid elements.
Non-linear iter.: 392/500. Linear iter.: 4. Min. area: 0.000151854. Error: 3.1761e-11.
Computing volumes of the grid elements.
Min. volume: 0.000151854, max. volume: 36.5349.

# FGMRES residual history
# Residual tolerance target = 1e-10
# Initial residual norm     = 6.88512e-10
     0     1
# FGMRES final (true) residual:
# Iteration = 4: |res|/|res0| = 3.17616e-11.

Computing volumes of the grid elements.
Non-linear iter.: 393/500. Linear iter.: 4. Min. area: 0.000151854. Error: 3.17616e-11.
Computing volumes of the grid elements.
Min. volume: 0.000151854, max. volume: 36.5349.

# FGMRES residual history
# Residual tolerance target = 1e-10
# Initial residual norm     = 6.88505e-10
     0     1
# FGMRES final (true) residual:
# Iteration = 4: |res|/|res0| = 3.17621e-11.

Computing volumes of the grid elements.
Non-linear iter.: 394/500. Linear iter.: 4. Min. area: 0.000151854. Error: 3.17621e-11.
Computing volumes of the grid elements.
Min. volume: 0.000151854, max. volume: 36.5349.

# FGMRES residual history
# Residual tolerance target = 1e-10
# Initial residual norm     = 6.88498e-10
     0     1
# FGMRES final (true) residual:
# Iteration = 4: |res|/|res0| = 3.17627e-11.

Computing volumes of the grid elements.
Non-linear iter.: 395/500. Linear iter.: 4. Min. area: 0.000151854. Error: 3.17627e-11.
Computing volumes of the grid elements.
Min. volume: 0.000151854, max. volume: 36.5349.

# FGMRES residual history
# Residual tolerance target = 1e-10
# Initial residual norm     = 6.88491e-10
     0     1
# FGMRES final (true) residual:
# Iteration = 4: |res|/|res0| = 3.17632e-11.

Computing volumes of the grid elements.
Non-linear iter.: 396/500. Linear iter.: 4. Min. area: 0.000151854. Error: 3.17632e-11.
Computing volumes of the grid elements.
Min. volume: 0.000151854, max. volume: 36.5349.

# FGMRES residual history
# Residual tolerance target = 1e-10
# Initial residual norm     = 6.88484e-10
     0     1
# FGMRES final (true) residual:
# Iteration = 4: |res|/|res0| = 3.17638e-11.

Computing volumes of the grid elements.
Non-linear iter.: 397/500. Linear iter.: 4. Min. area: 0.000151854. Error: 3.17638e-11.
Computing volumes of the grid elements.
Min. volume: 0.000151854, max. volume: 36.5349.

# FGMRES residual history
# Residual tolerance target = 1e-10
# Initial residual norm     = 6.88477e-10
     0     1
# FGMRES final (true) residual:
# Iteration = 4: |res|/|res0| = 3.17643e-11.

Computing volumes of the grid elements.
Non-linear iter.: 398/500. Linear iter.: 4. Min. area: 0.000151854. Error: 3.17643e-11.
Computing volumes of the grid elements.
Min. volume: 0.000151854, max. volume: 36.5349.

# FGMRES residual history
# Residual tolerance target = 1e-10
# Initial residual norm     = 6.8847e-10
     0     1
# FGMRES final (true) residual:
# Iteration = 4: |res|/|res0| = 3.17649e-11.

Computing volumes of the grid elements.
Non-linear iter.: 399/500. Linear iter.: 4. Min. area: 0.000151854. Error: 3.17649e-11.
Computing volumes of the grid elements.
Min. volume: 0.000151854, max. volume: 36.5349.

# FGMRES residual history
# Residual tolerance target = 1e-10
# Initial residual norm     = 6.88463e-10
     0     1
# FGMRES final (true) residual:
# Iteration = 4: |res|/|res0| = 3.17654e-11.

Computing volumes of the grid elements.
Non-linear iter.: 400/500. Linear iter.: 4. Min. area: 0.000151854. Error: 3.17654e-11.
Computing volumes of the grid elements.
Min. volume: 0.000151854, max. volume: 36.5349.

# FGMRES residual history
# Residual tolerance target = 1e-10
# Initial residual norm     = 6.88456e-10
     0     1
# FGMRES final (true) residual:
# Iteration = 4: |res|/|res0| = 3.1766e-11.

Computing volumes of the grid elements.
Non-linear iter.: 401/500. Linear iter.: 4. Min. area: 0.000151854. Error: 3.1766e-11.
Computing volumes of the grid elements.
Min. volume: 0.000151854, max. volume: 36.5349.

# FGMRES residual history
# Residual tolerance target = 1e-10
# Initial residual norm     = 6.88449e-10
     0     1
# FGMRES final (true) residual:
# Iteration = 4: |res|/|res0| = 3.17665e-11.

Computing volumes of the grid elements.
Non-linear iter.: 402/500. Linear iter.: 4. Min. area: 0.000151854. Error: 3.17665e-11.
Computing volumes of the grid elements.
Min. volume: 0.000151854, max. volume: 36.5349.

# FGMRES residual history
# Residual tolerance target = 1e-10
# Initial residual norm     = 6.88442e-10
     0     1
# FGMRES final (true) residual:
# Iteration = 4: |res|/|res0| = 3.17671e-11.

Computing volumes of the grid elements.
Non-linear iter.: 403/500. Linear iter.: 4. Min. area: 0.000151854. Error: 3.17671e-11.
Computing volumes of the grid elements.
Min. volume: 0.000151854, max. volume: 36.5349.

# FGMRES residual history
# Residual tolerance target = 1e-10
# Initial residual norm     = 6.88435e-10
     0     1
# FGMRES final (true) residual:
# Iteration = 4: |res|/|res0| = 3.17676e-11.

Computing volumes of the grid elements.
Non-linear iter.: 404/500. Linear iter.: 4. Min. area: 0.000151854. Error: 3.17676e-11.
Computing volumes of the grid elements.
Min. volume: 0.000151854, max. volume: 36.5349.

# FGMRES residual history
# Residual tolerance target = 1e-10
# Initial residual norm     = 6.88428e-10
     0     1
# FGMRES final (true) residual:
# Iteration = 4: |res|/|res0| = 3.17682e-11.

Computing volumes of the grid elements.
Non-linear iter.: 405/500. Linear iter.: 4. Min. area: 0.000151854. Error: 3.17682e-11.
Computing volumes of the grid elements.
Min. volume: 0.000151854, max. volume: 36.5349.

# FGMRES residual history
# Residual tolerance target = 1e-10
# Initial residual norm     = 6.88421e-10
     0     1
# FGMRES final (true) residual:
# Iteration = 4: |res|/|res0| = 3.17687e-11.

Computing volumes of the grid elements.
Non-linear iter.: 406/500. Linear iter.: 4. Min. area: 0.000151854. Error: 3.17687e-11.
Computing volumes of the grid elements.
Min. volume: 0.000151854, max. volume: 36.5349.

# FGMRES residual history
# Residual tolerance target = 1e-10
# Initial residual norm     = 6.88414e-10
     0     1
# FGMRES final (true) residual:
# Iteration = 4: |res|/|res0| = 3.17693e-11.

Computing volumes of the grid elements.
Non-linear iter.: 407/500. Linear iter.: 4. Min. area: 0.000151854. Error: 3.17693e-11.
Computing volumes of the grid elements.
Min. volume: 0.000151854, max. volume: 36.5349.

# FGMRES residual history
# Residual tolerance target = 1e-10
# Initial residual norm     = 6.88407e-10
     0     1
# FGMRES final (true) residual:
# Iteration = 4: |res|/|res0| = 3.17698e-11.

Computing volumes of the grid elements.
Non-linear iter.: 408/500. Linear iter.: 4. Min. area: 0.000151854. Error: 3.17698e-11.
Computing volumes of the grid elements.
Min. volume: 0.000151854, max. volume: 36.5349.

# FGMRES residual history
# Residual tolerance target = 1e-10
# Initial residual norm     = 6.884e-10
     0     1
# FGMRES final (true) residual:
# Iteration = 4: |res|/|res0| = 3.17704e-11.

Computing volumes of the grid elements.
Non-linear iter.: 409/500. Linear iter.: 4. Min. area: 0.000151854. Error: 3.17704e-11.
Computing volumes of the grid elements.
Min. volume: 0.000151854, max. volume: 36.5349.

# FGMRES residual history
# Residual tolerance target = 1e-10
# Initial residual norm     = 6.88393e-10
     0     1
# FGMRES final (true) residual:
# Iteration = 4: |res|/|res0| = 3.17709e-11.

Computing volumes of the grid elements.
Non-linear iter.: 410/500. Linear iter.: 4. Min. area: 0.000151854. Error: 3.17709e-11.
Computing volumes of the grid elements.
Min. volume: 0.000151854, max. volume: 36.5349.

# FGMRES residual history
# Residual tolerance target = 1e-10
# Initial residual norm     = 6.88386e-10
     0     1
# FGMRES final (true) residual:
# Iteration = 4: |res|/|res0| = 3.17715e-11.

Computing volumes of the grid elements.
Non-linear iter.: 411/500. Linear iter.: 4. Min. area: 0.000151854. Error: 3.17715e-11.
Computing volumes of the grid elements.
Min. volume: 0.000151854, max. volume: 36.5349.

# FGMRES residual history
# Residual tolerance target = 1e-10
# Initial residual norm     = 6.88379e-10
     0     1
# FGMRES final (true) residual:
# Iteration = 4: |res|/|res0| = 3.1772e-11.

Computing volumes of the grid elements.
Non-linear iter.: 412/500. Linear iter.: 4. Min. area: 0.000151854. Error: 3.1772e-11.
Computing volumes of the grid elements.
Min. volume: 0.000151854, max. volume: 36.5349.

# FGMRES residual history
# Residual tolerance target = 1e-10
# Initial residual norm     = 6.88372e-10
     0     1
# FGMRES final (true) residual:
# Iteration = 4: |res|/|res0| = 3.17726e-11.

Computing volumes of the grid elements.
Non-linear iter.: 413/500. Linear iter.: 4. Min. area: 0.000151854. Error: 3.17726e-11.
Computing volumes of the grid elements.
Min. volume: 0.000151854, max. volume: 36.5349.

# FGMRES residual history
# Residual tolerance target = 1e-10
# Initial residual norm     = 6.88365e-10
     0     1
# FGMRES final (true) residual:
# Iteration = 4: |res|/|res0| = 3.17731e-11.

Computing volumes of the grid elements.
Non-linear iter.: 414/500. Linear iter.: 4. Min. area: 0.000151854. Error: 3.17731e-11.
Computing volumes of the grid elements.
Min. volume: 0.000151854, max. volume: 36.5349.

# FGMRES residual history
# Residual tolerance target = 1e-10
# Initial residual norm     = 6.88358e-10
     0     1
# FGMRES final (true) residual:
# Iteration = 4: |res|/|res0| = 3.17736e-11.

Computing volumes of the grid elements.
Non-linear iter.: 415/500. Linear iter.: 4. Min. area: 0.000151854. Error: 3.17736e-11.
Computing volumes of the grid elements.
Min. volume: 0.000151854, max. volume: 36.5349.

# FGMRES residual history
# Residual tolerance target = 1e-10
# Initial residual norm     = 6.88351e-10
     0     1
# FGMRES final (true) residual:
# Iteration = 4: |res|/|res0| = 3.17742e-11.

Computing volumes of the grid elements.
Non-linear iter.: 416/500. Linear iter.: 4. Min. area: 0.000151854. Error: 3.17742e-11.
Computing volumes of the grid elements.
Min. volume: 0.000151854, max. volume: 36.5349.

# FGMRES residual history
# Residual tolerance target = 1e-10
# Initial residual norm     = 6.88344e-10
     0     1
# FGMRES final (true) residual:
# Iteration = 4: |res|/|res0| = 3.17747e-11.

Computing volumes of the grid elements.
Non-linear iter.: 417/500. Linear iter.: 4. Min. area: 0.000151855. Error: 3.17747e-11.
Computing volumes of the grid elements.
Min. volume: 0.000151855, max. volume: 36.5349.

# FGMRES residual history
# Residual tolerance target = 1e-10
# Initial residual norm     = 6.88337e-10
     0     1
# FGMRES final (true) residual:
# Iteration = 4: |res|/|res0| = 3.17753e-11.

Computing volumes of the grid elements.
Non-linear iter.: 418/500. Linear iter.: 4. Min. area: 0.000151855. Error: 3.17753e-11.
Computing volumes of the grid elements.
Min. volume: 0.000151855, max. volume: 36.5349.

# FGMRES residual history
# Residual tolerance target = 1e-10
# Initial residual norm     = 6.8833e-10
     0     1
# FGMRES final (true) residual:
# Iteration = 4: |res|/|res0| = 3.17758e-11.

Computing volumes of the grid elements.
Non-linear iter.: 419/500. Linear iter.: 4. Min. area: 0.000151855. Error: 3.17758e-11.
Computing volumes of the grid elements.
Min. volume: 0.000151855, max. volume: 36.5349.

# FGMRES residual history
# Residual tolerance target = 1e-10
# Initial residual norm     = 6.88323e-10
     0     1
# FGMRES final (true) residual:
# Iteration = 4: |res|/|res0| = 3.17764e-11.

Computing volumes of the grid elements.
Non-linear iter.: 420/500. Linear iter.: 4. Min. area: 0.000151855. Error: 3.17764e-11.
Computing volumes of the grid elements.
Min. volume: 0.000151855, max. volume: 36.5349.

# FGMRES residual history
# Residual tolerance target = 1e-10
# Initial residual norm     = 6.88316e-10
     0     1
# FGMRES final (true) residual:
# Iteration = 4: |res|/|res0| = 3.17769e-11.

Computing volumes of the grid elements.
Non-linear iter.: 421/500. Linear iter.: 4. Min. area: 0.000151855. Error: 3.17769e-11.
Computing volumes of the grid elements.
Min. volume: 0.000151855, max. volume: 36.5349.

# FGMRES residual history
# Residual tolerance target = 1e-10
# Initial residual norm     = 6.88309e-10
     0     1
# FGMRES final (true) residual:
# Iteration = 4: |res|/|res0| = 3.17775e-11.

Computing volumes of the grid elements.
Non-linear iter.: 422/500. Linear iter.: 4. Min. area: 0.000151855. Error: 3.17775e-11.
Computing volumes of the grid elements.
Min. volume: 0.000151855, max. volume: 36.5349.

# FGMRES residual history
# Residual tolerance target = 1e-10
# Initial residual norm     = 6.88302e-10
     0     1
# FGMRES final (true) residual:
# Iteration = 4: |res|/|res0| = 3.1778e-11.

Computing volumes of the grid elements.
Non-linear iter.: 423/500. Linear iter.: 4. Min. area: 0.000151855. Error: 3.1778e-11.
Computing volumes of the grid elements.
Min. volume: 0.000151855, max. volume: 36.5349.

# FGMRES residual history
# Residual tolerance target = 1e-10
# Initial residual norm     = 6.88295e-10
     0     1
# FGMRES final (true) residual:
# Iteration = 4: |res|/|res0| = 3.17786e-11.

Computing volumes of the grid elements.
Non-linear iter.: 424/500. Linear iter.: 4. Min. area: 0.000151855. Error: 3.17786e-11.
Computing volumes of the grid elements.
Min. volume: 0.000151855, max. volume: 36.5349.

# FGMRES residual history
# Residual tolerance target = 1e-10
# Initial residual norm     = 6.88288e-10
     0     1
# FGMRES final (true) residual:
# Iteration = 4: |res|/|res0| = 3.17791e-11.

Computing volumes of the grid elements.
Non-linear iter.: 425/500. Linear iter.: 4. Min. area: 0.000151855. Error: 3.17791e-11.
Computing volumes of the grid elements.
Min. volume: 0.000151855, max. volume: 36.5349.

# FGMRES residual history
# Residual tolerance target = 1e-10
# Initial residual norm     = 6.88281e-10
     0     1
# FGMRES final (true) residual:
# Iteration = 4: |res|/|res0| = 3.17797e-11.

Computing volumes of the grid elements.
Non-linear iter.: 426/500. Linear iter.: 4. Min. area: 0.000151855. Error: 3.17797e-11.
Computing volumes of the grid elements.
Min. volume: 0.000151855, max. volume: 36.5349.

# FGMRES residual history
# Residual tolerance target = 1e-10
# Initial residual norm     = 6.88274e-10
     0     1
# FGMRES final (true) residual:
# Iteration = 4: |res|/|res0| = 3.17802e-11.

Computing volumes of the grid elements.
Non-linear iter.: 427/500. Linear iter.: 4. Min. area: 0.000151855. Error: 3.17802e-11.
Computing volumes of the grid elements.
Min. volume: 0.000151855, max. volume: 36.5349.

# FGMRES residual history
# Residual tolerance target = 1e-10
# Initial residual norm     = 6.88267e-10
     0     1
# FGMRES final (true) residual:
# Iteration = 4: |res|/|res0| = 3.17808e-11.

Computing volumes of the grid elements.
Non-linear iter.: 428/500. Linear iter.: 4. Min. area: 0.000151855. Error: 3.17808e-11.
Computing volumes of the grid elements.
Min. volume: 0.000151855, max. volume: 36.5349.

# FGMRES residual history
# Residual tolerance target = 1e-10
# Initial residual norm     = 6.8826e-10
     0     1
# FGMRES final (true) residual:
# Iteration = 4: |res|/|res0| = 3.17813e-11.

Computing volumes of the grid elements.
Non-linear iter.: 429/500. Linear iter.: 4. Min. area: 0.000151855. Error: 3.17813e-11.
Computing volumes of the grid elements.
Min. volume: 0.000151855, max. volume: 36.5349.

# FGMRES residual history
# Residual tolerance target = 1e-10
# Initial residual norm     = 6.88253e-10
     0     1
# FGMRES final (true) residual:
# Iteration = 4: |res|/|res0| = 3.17819e-11.

Computing volumes of the grid elements.
Non-linear iter.: 430/500. Linear iter.: 4. Min. area: 0.000151855. Error: 3.17819e-11.
Computing volumes of the grid elements.
Min. volume: 0.000151855, max. volume: 36.5349.

# FGMRES residual history
# Residual tolerance target = 1e-10
# Initial residual norm     = 6.88246e-10
     0     1
# FGMRES final (true) residual:
# Iteration = 4: |res|/|res0| = 3.17824e-11.

Computing volumes of the grid elements.
Non-linear iter.: 431/500. Linear iter.: 4. Min. area: 0.000151855. Error: 3.17824e-11.
Computing volumes of the grid elements.
Min. volume: 0.000151855, max. volume: 36.5349.

# FGMRES residual history
# Residual tolerance target = 1e-10
# Initial residual norm     = 6.88239e-10
     0     1
# FGMRES final (true) residual:
# Iteration = 4: |res|/|res0| = 3.1783e-11.

Computing volumes of the grid elements.
Non-linear iter.: 432/500. Linear iter.: 4. Min. area: 0.000151855. Error: 3.1783e-11.
Computing volumes of the grid elements.
Min. volume: 0.000151855, max. volume: 36.5349.

# FGMRES residual history
# Residual tolerance target = 1e-10
# Initial residual norm     = 6.88232e-10
     0     1
# FGMRES final (true) residual:
# Iteration = 4: |res|/|res0| = 3.17835e-11.

Computing volumes of the grid elements.
Non-linear iter.: 433/500. Linear iter.: 4. Min. area: 0.000151855. Error: 3.17835e-11.
Computing volumes of the grid elements.
Min. volume: 0.000151855, max. volume: 36.5349.

# FGMRES residual history
# Residual tolerance target = 1e-10
# Initial residual norm     = 6.88225e-10
     0     1
# FGMRES final (true) residual:
# Iteration = 4: |res|/|res0| = 3.17841e-11.

Computing volumes of the grid elements.
Non-linear iter.: 434/500. Linear iter.: 4. Min. area: 0.000151855. Error: 3.17841e-11.
Computing volumes of the grid elements.
Min. volume: 0.000151855, max. volume: 36.5349.

# FGMRES residual history
# Residual tolerance target = 1e-10
# Initial residual norm     = 6.88218e-10
     0     1
# FGMRES final (true) residual:
# Iteration = 4: |res|/|res0| = 3.17846e-11.

Computing volumes of the grid elements.
Non-linear iter.: 435/500. Linear iter.: 4. Min. area: 0.000151855. Error: 3.17846e-11.
Computing volumes of the grid elements.
Min. volume: 0.000151855, max. volume: 36.5349.

# FGMRES residual history
# Residual tolerance target = 1e-10
# Initial residual norm     = 6.88211e-10
     0     1
# FGMRES final (true) residual:
# Iteration = 4: |res|/|res0| = 3.17852e-11.

Computing volumes of the grid elements.
Non-linear iter.: 436/500. Linear iter.: 4. Min. area: 0.000151855. Error: 3.17852e-11.
Computing volumes of the grid elements.
Min. volume: 0.000151855, max. volume: 36.5349.

# FGMRES residual history
# Residual tolerance target = 1e-10
# Initial residual norm     = 6.88204e-10
     0     1
# FGMRES final (true) residual:
# Iteration = 4: |res|/|res0| = 3.17857e-11.

Computing volumes of the grid elements.
Non-linear iter.: 437/500. Linear iter.: 4. Min. area: 0.000151855. Error: 3.17857e-11.
Computing volumes of the grid elements.
Min. volume: 0.000151855, max. volume: 36.5349.

# FGMRES residual history
# Residual tolerance target = 1e-10
# Initial residual norm     = 6.88197e-10
     0     1
# FGMRES final (true) residual:
# Iteration = 4: |res|/|res0| = 3.17863e-11.

Computing volumes of the grid elements.
Non-linear iter.: 438/500. Linear iter.: 4. Min. area: 0.000151855. Error: 3.17863e-11.
Computing volumes of the grid elements.
Min. volume: 0.000151855, max. volume: 36.5349.

# FGMRES residual history
# Residual tolerance target = 1e-10
# Initial residual norm     = 6.8819e-10
     0     1
# FGMRES final (true) residual:
# Iteration = 4: |res|/|res0| = 3.17868e-11.

Computing volumes of the grid elements.
Non-linear iter.: 439/500. Linear iter.: 4. Min. area: 0.000151855. Error: 3.17868e-11.
Computing volumes of the grid elements.
Min. volume: 0.000151855, max. volume: 36.5349.

# FGMRES residual history
# Residual tolerance target = 1e-10
# Initial residual norm     = 6.88183e-10
     0     1
# FGMRES final (true) residual:
# Iteration = 4: |res|/|res0| = 3.17874e-11.

Computing volumes of the grid elements.
Non-linear iter.: 440/500. Linear iter.: 4. Min. area: 0.000151855. Error: 3.17874e-11.
Computing volumes of the grid elements.
Min. volume: 0.000151855, max. volume: 36.5349.

# FGMRES residual history
# Residual tolerance target = 1e-10
# Initial residual norm     = 6.88176e-10
     0     1
# FGMRES final (true) residual:
# Iteration = 4: |res|/|res0| = 3.17879e-11.

Computing volumes of the grid elements.
Non-linear iter.: 441/500. Linear iter.: 4. Min. area: 0.000151855. Error: 3.17879e-11.
Computing volumes of the grid elements.
Min. volume: 0.000151855, max. volume: 36.5349.

# FGMRES residual history
# Residual tolerance target = 1e-10
# Initial residual norm     = 6.88169e-10
     0     1
# FGMRES final (true) residual:
# Iteration = 4: |res|/|res0| = 3.17885e-11.

Computing volumes of the grid elements.
Non-linear iter.: 442/500. Linear iter.: 4. Min. area: 0.000151855. Error: 3.17885e-11.
Computing volumes of the grid elements.
Min. volume: 0.000151855, max. volume: 36.5349.

# FGMRES residual history
# Residual tolerance target = 1e-10
# Initial residual norm     = 6.88162e-10
     0     1
# FGMRES final (true) residual:
# Iteration = 4: |res|/|res0| = 3.1789e-11.

Computing volumes of the grid elements.
Non-linear iter.: 443/500. Linear iter.: 4. Min. area: 0.000151855. Error: 3.1789e-11.
Computing volumes of the grid elements.
Min. volume: 0.000151855, max. volume: 36.5349.

# FGMRES residual history
# Residual tolerance target = 1e-10
# Initial residual norm     = 6.88155e-10
     0     1
# FGMRES final (true) residual:
# Iteration = 4: |res|/|res0| = 3.17895e-11.

Computing volumes of the grid elements.
Non-linear iter.: 444/500. Linear iter.: 4. Min. area: 0.000151855. Error: 3.17895e-11.
Computing volumes of the grid elements.
Min. volume: 0.000151855, max. volume: 36.5349.

# FGMRES residual history
# Residual tolerance target = 1e-10
# Initial residual norm     = 6.88148e-10
     0     1
# FGMRES final (true) residual:
# Iteration = 4: |res|/|res0| = 3.17901e-11.

Computing volumes of the grid elements.
Non-linear iter.: 445/500. Linear iter.: 4. Min. area: 0.000151855. Error: 3.17901e-11.
Computing volumes of the grid elements.
Min. volume: 0.000151855, max. volume: 36.5349.

# FGMRES residual history
# Residual tolerance target = 1e-10
# Initial residual norm     = 6.88141e-10
     0     1
# FGMRES final (true) residual:
# Iteration = 4: |res|/|res0| = 3.17906e-11.

Computing volumes of the grid elements.
Non-linear iter.: 446/500. Linear iter.: 4. Min. area: 0.000151855. Error: 3.17906e-11.
Computing volumes of the grid elements.
Min. volume: 0.000151855, max. volume: 36.5349.

# FGMRES residual history
# Residual tolerance target = 1e-10
# Initial residual norm     = 6.88134e-10
     0     1
# FGMRES final (true) residual:
# Iteration = 4: |res|/|res0| = 3.17912e-11.

Computing volumes of the grid elements.
Non-linear iter.: 447/500. Linear iter.: 4. Min. area: 0.000151855. Error: 3.17912e-11.
Computing volumes of the grid elements.
Min. volume: 0.000151855, max. volume: 36.5349.

# FGMRES residual history
# Residual tolerance target = 1e-10
# Initial residual norm     = 6.88127e-10
     0     1
# FGMRES final (true) residual:
# Iteration = 4: |res|/|res0| = 3.17917e-11.

Computing volumes of the grid elements.
Non-linear iter.: 448/500. Linear iter.: 4. Min. area: 0.000151855. Error: 3.17917e-11.
Computing volumes of the grid elements.
Min. volume: 0.000151855, max. volume: 36.5349.

# FGMRES residual history
# Residual tolerance target = 1e-10
# Initial residual norm     = 6.8812e-10
     0     1
# FGMRES final (true) residual:
# Iteration = 4: |res|/|res0| = 3.17923e-11.

Computing volumes of the grid elements.
Non-linear iter.: 449/500. Linear iter.: 4. Min. area: 0.000151855. Error: 3.17923e-11.
Computing volumes of the grid elements.
Min. volume: 0.000151855, max. volume: 36.5349.

# FGMRES residual history
# Residual tolerance target = 1e-10
# Initial residual norm     = 6.88113e-10
     0     1
# FGMRES final (true) residual:
# Iteration = 4: |res|/|res0| = 3.17928e-11.

Computing volumes of the grid elements.
Non-linear iter.: 450/500. Linear iter.: 4. Min. area: 0.000151855. Error: 3.17928e-11.
Computing volumes of the grid elements.
Min. volume: 0.000151855, max. volume: 36.5349.

# FGMRES residual history
# Residual tolerance target = 1e-10
# Initial residual norm     = 6.88106e-10
     0     1
# FGMRES final (true) residual:
# Iteration = 4: |res|/|res0| = 3.17934e-11.

Computing volumes of the grid elements.
Non-linear iter.: 451/500. Linear iter.: 4. Min. area: 0.000151855. Error: 3.17934e-11.
Computing volumes of the grid elements.
Min. volume: 0.000151855, max. volume: 36.5349.

# FGMRES residual history
# Residual tolerance target = 1e-10
# Initial residual norm     = 6.88099e-10
     0     1
# FGMRES final (true) residual:
# Iteration = 4: |res|/|res0| = 3.17939e-11.

Computing volumes of the grid elements.
Non-linear iter.: 452/500. Linear iter.: 4. Min. area: 0.000151855. Error: 3.17939e-11.
Computing volumes of the grid elements.
Min. volume: 0.000151855, max. volume: 36.5349.

# FGMRES residual history
# Residual tolerance target = 1e-10
# Initial residual norm     = 6.88092e-10
     0     1
# FGMRES final (true) residual:
# Iteration = 4: |res|/|res0| = 3.17945e-11.

Computing volumes of the grid elements.
Non-linear iter.: 453/500. Linear iter.: 4. Min. area: 0.000151855. Error: 3.17945e-11.
Computing volumes of the grid elements.
Min. volume: 0.000151855, max. volume: 36.5349.

# FGMRES residual history
# Residual tolerance target = 1e-10
# Initial residual norm     = 6.88085e-10
     0     1
# FGMRES final (true) residual:
# Iteration = 4: |res|/|res0| = 3.1795e-11.

Computing volumes of the grid elements.
Non-linear iter.: 454/500. Linear iter.: 4. Min. area: 0.000151855. Error: 3.1795e-11.
Computing volumes of the grid elements.
Min. volume: 0.000151855, max. volume: 36.5349.

# FGMRES residual history
# Residual tolerance target = 1e-10
# Initial residual norm     = 6.88078e-10
     0     1
# FGMRES final (true) residual:
# Iteration = 4: |res|/|res0| = 3.17956e-11.

Computing volumes of the grid elements.
Non-linear iter.: 455/500. Linear iter.: 4. Min. area: 0.000151855. Error: 3.17956e-11.
Computing volumes of the grid elements.
Min. volume: 0.000151855, max. volume: 36.5349.

# FGMRES residual history
# Residual tolerance target = 1e-10
# Initial residual norm     = 6.88071e-10
     0     1
# FGMRES final (true) residual:
# Iteration = 4: |res|/|res0| = 3.17961e-11.

Computing volumes of the grid elements.
Non-linear iter.: 456/500. Linear iter.: 4. Min. area: 0.000151855. Error: 3.17961e-11.
Computing volumes of the grid elements.
Min. volume: 0.000151855, max. volume: 36.5349.

# FGMRES residual history
# Residual tolerance target = 1e-10
# Initial residual norm     = 6.88064e-10
     0     1
# FGMRES final (true) residual:
# Iteration = 4: |res|/|res0| = 3.17967e-11.

Computing volumes of the grid elements.
Non-linear iter.: 457/500. Linear iter.: 4. Min. area: 0.000151855. Error: 3.17967e-11.
Computing volumes of the grid elements.
Min. volume: 0.000151855, max. volume: 36.5349.

# FGMRES residual history
# Residual tolerance target = 1e-10
# Initial residual norm     = 6.88057e-10
     0     1
# FGMRES final (true) residual:
# Iteration = 4: |res|/|res0| = 3.17972e-11.

Computing volumes of the grid elements.
Non-linear iter.: 458/500. Linear iter.: 4. Min. area: 0.000151855. Error: 3.17972e-11.
Computing volumes of the grid elements.
Min. volume: 0.000151855, max. volume: 36.5349.

# FGMRES residual history
# Residual tolerance target = 1e-10
# Initial residual norm     = 6.8805e-10
     0     1
# FGMRES final (true) residual:
# Iteration = 4: |res|/|res0| = 3.17978e-11.

Computing volumes of the grid elements.
Non-linear iter.: 459/500. Linear iter.: 4. Min. area: 0.000151855. Error: 3.17978e-11.
Computing volumes of the grid elements.
Min. volume: 0.000151855, max. volume: 36.5349.

# FGMRES residual history
# Residual tolerance target = 1e-10
# Initial residual norm     = 6.88043e-10
     0     1
# FGMRES final (true) residual:
# Iteration = 4: |res|/|res0| = 3.17983e-11.

Computing volumes of the grid elements.
Non-linear iter.: 460/500. Linear iter.: 4. Min. area: 0.000151855. Error: 3.17983e-11.
Computing volumes of the grid elements.
Min. volume: 0.000151855, max. volume: 36.5349.

# FGMRES residual history
# Residual tolerance target = 1e-10
# Initial residual norm     = 6.88036e-10
     0     1
# FGMRES final (true) residual:
# Iteration = 4: |res|/|res0| = 3.17989e-11.

Computing volumes of the grid elements.
Non-linear iter.: 461/500. Linear iter.: 4. Min. area: 0.000151855. Error: 3.17989e-11.
Computing volumes of the grid elements.
Min. volume: 0.000151855, max. volume: 36.5349.

# FGMRES residual history
# Residual tolerance target = 1e-10
# Initial residual norm     = 6.88029e-10
     0     1
# FGMRES final (true) residual:
# Iteration = 4: |res|/|res0| = 3.17994e-11.

Computing volumes of the grid elements.
Non-linear iter.: 462/500. Linear iter.: 4. Min. area: 0.000151855. Error: 3.17994e-11.
Computing volumes of the grid elements.
Min. volume: 0.000151855, max. volume: 36.5349.

# FGMRES residual history
# Residual tolerance target = 1e-10
# Initial residual norm     = 6.88022e-10
     0     1
# FGMRES final (true) residual:
# Iteration = 4: |res|/|res0| = 3.18e-11.

Computing volumes of the grid elements.
Non-linear iter.: 463/500. Linear iter.: 4. Min. area: 0.000151855. Error: 3.18e-11.
Computing volumes of the grid elements.
Min. volume: 0.000151855, max. volume: 36.5349.

# FGMRES residual history
# Residual tolerance target = 1e-10
# Initial residual norm     = 6.88015e-10
     0     1
# FGMRES final (true) residual:
# Iteration = 4: |res|/|res0| = 3.18005e-11.

Computing volumes of the grid elements.
Non-linear iter.: 464/500. Linear iter.: 4. Min. area: 0.000151856. Error: 3.18005e-11.
Computing volumes of the grid elements.
Min. volume: 0.000151856, max. volume: 36.5349.

# FGMRES residual history
# Residual tolerance target = 1e-10
# Initial residual norm     = 6.88008e-10
     0     1
# FGMRES final (true) residual:
# Iteration = 4: |res|/|res0| = 3.18011e-11.

Computing volumes of the grid elements.
Non-linear iter.: 465/500. Linear iter.: 4. Min. area: 0.000151856. Error: 3.18011e-11.
Computing volumes of the grid elements.
Min. volume: 0.000151856, max. volume: 36.5349.

# FGMRES residual history
# Residual tolerance target = 1e-10
# Initial residual norm     = 6.88001e-10
     0     1
# FGMRES final (true) residual:
# Iteration = 4: |res|/|res0| = 3.18016e-11.

Computing volumes of the grid elements.
Non-linear iter.: 466/500. Linear iter.: 4. Min. area: 0.000151856. Error: 3.18016e-11.
Computing volumes of the grid elements.
Min. volume: 0.000151856, max. volume: 36.5349.

# FGMRES residual history
# Residual tolerance target = 1e-10
# Initial residual norm     = 6.87994e-10
     0     1
# FGMRES final (true) residual:
# Iteration = 4: |res|/|res0| = 3.18022e-11.

Computing volumes of the grid elements.
Non-linear iter.: 467/500. Linear iter.: 4. Min. area: 0.000151856. Error: 3.18022e-11.
Computing volumes of the grid elements.
Min. volume: 0.000151856, max. volume: 36.5349.

# FGMRES residual history
# Residual tolerance target = 1e-10
# Initial residual norm     = 6.87987e-10
     0     1
# FGMRES final (true) residual:
# Iteration = 4: |res|/|res0| = 3.18027e-11.

Computing volumes of the grid elements.
Non-linear iter.: 468/500. Linear iter.: 4. Min. area: 0.000151856. Error: 3.18027e-11.
Computing volumes of the grid elements.
Min. volume: 0.000151856, max. volume: 36.5349.

# FGMRES residual history
# Residual tolerance target = 1e-10
# Initial residual norm     = 6.8798e-10
     0     1
# FGMRES final (true) residual:
# Iteration = 4: |res|/|res0| = 3.18032e-11.

Computing volumes of the grid elements.
Non-linear iter.: 469/500. Linear iter.: 4. Min. area: 0.000151856. Error: 3.18032e-11.
Computing volumes of the grid elements.
Min. volume: 0.000151856, max. volume: 36.5349.

# FGMRES residual history
# Residual tolerance target = 1e-10
# Initial residual norm     = 6.87973e-10
     0     1
# FGMRES final (true) residual:
# Iteration = 4: |res|/|res0| = 3.18038e-11.

Computing volumes of the grid elements.
Non-linear iter.: 470/500. Linear iter.: 4. Min. area: 0.000151856. Error: 3.18038e-11.
Computing volumes of the grid elements.
Min. volume: 0.000151856, max. volume: 36.5349.

# FGMRES residual history
# Residual tolerance target = 1e-10
# Initial residual norm     = 6.87966e-10
     0     1
# FGMRES final (true) residual:
# Iteration = 4: |res|/|res0| = 3.18043e-11.

Computing volumes of the grid elements.
Non-linear iter.: 471/500. Linear iter.: 4. Min. area: 0.000151856. Error: 3.18043e-11.
Computing volumes of the grid elements.
Min. volume: 0.000151856, max. volume: 36.5349.

# FGMRES residual history
# Residual tolerance target = 1e-10
# Initial residual norm     = 6.87959e-10
     0     1
# FGMRES final (true) residual:
# Iteration = 4: |res|/|res0| = 3.18049e-11.

Computing volumes of the grid elements.
Non-linear iter.: 472/500. Linear iter.: 4. Min. area: 0.000151856. Error: 3.18049e-11.
Computing volumes of the grid elements.
Min. volume: 0.000151856, max. volume: 36.5349.

# FGMRES residual history
# Residual tolerance target = 1e-10
# Initial residual norm     = 6.87952e-10
     0     1
# FGMRES final (true) residual:
# Iteration = 4: |res|/|res0| = 3.18054e-11.

Computing volumes of the grid elements.
Non-linear iter.: 473/500. Linear iter.: 4. Min. area: 0.000151856. Error: 3.18054e-11.
Computing volumes of the grid elements.
Min. volume: 0.000151856, max. volume: 36.5349.

# FGMRES residual history
# Residual tolerance target = 1e-10
# Initial residual norm     = 6.87945e-10
     0     1
# FGMRES final (true) residual:
# Iteration = 4: |res|/|res0| = 3.1806e-11.

Computing volumes of the grid elements.
Non-linear iter.: 474/500. Linear iter.: 4. Min. area: 0.000151856. Error: 3.1806e-11.
Computing volumes of the grid elements.
Min. volume: 0.000151856, max. volume: 36.5349.

# FGMRES residual history
# Residual tolerance target = 1e-10
# Initial residual norm     = 6.87938e-10
     0     1
# FGMRES final (true) residual:
# Iteration = 4: |res|/|res0| = 3.18065e-11.

Computing volumes of the grid elements.
Non-linear iter.: 475/500. Linear iter.: 4. Min. area: 0.000151856. Error: 3.18065e-11.
Computing volumes of the grid elements.
Min. volume: 0.000151856, max. volume: 36.5349.

# FGMRES residual history
# Residual tolerance target = 1e-10
# Initial residual norm     = 6.87931e-10
     0     1
# FGMRES final (true) residual:
# Iteration = 4: |res|/|res0| = 3.18071e-11.

Computing volumes of the grid elements.
Non-linear iter.: 476/500. Linear iter.: 4. Min. area: 0.000151856. Error: 3.18071e-11.
Computing volumes of the grid elements.
Min. volume: 0.000151856, max. volume: 36.5349.

# FGMRES residual history
# Residual tolerance target = 1e-10
# Initial residual norm     = 6.87924e-10
     0     1
# FGMRES final (true) residual:
# Iteration = 4: |res|/|res0| = 3.18076e-11.

Computing volumes of the grid elements.
Non-linear iter.: 477/500. Linear iter.: 4. Min. area: 0.000151856. Error: 3.18076e-11.
Computing volumes of the grid elements.
Min. volume: 0.000151856, max. volume: 36.5349.

# FGMRES residual history
# Residual tolerance target = 1e-10
# Initial residual norm     = 6.87917e-10
     0     1
# FGMRES final (true) residual:
# Iteration = 4: |res|/|res0| = 3.18082e-11.

Computing volumes of the grid elements.
Non-linear iter.: 478/500. Linear iter.: 4. Min. area: 0.000151856. Error: 3.18082e-11.
Computing volumes of the grid elements.
Min. volume: 0.000151856, max. volume: 36.5349.

# FGMRES residual history
# Residual tolerance target = 1e-10
# Initial residual norm     = 6.8791e-10
     0     1
# FGMRES final (true) residual:
# Iteration = 4: |res|/|res0| = 3.18087e-11.

Computing volumes of the grid elements.
Non-linear iter.: 479/500. Linear iter.: 4. Min. area: 0.000151856. Error: 3.18087e-11.
Computing volumes of the grid elements.
Min. volume: 0.000151856, max. volume: 36.5349.

# FGMRES residual history
# Residual tolerance target = 1e-10
# Initial residual norm     = 6.87903e-10
     0     1
# FGMRES final (true) residual:
# Iteration = 4: |res|/|res0| = 3.18093e-11.

Computing volumes of the grid elements.
Non-linear iter.: 480/500. Linear iter.: 4. Min. area: 0.000151856. Error: 3.18093e-11.
Computing volumes of the grid elements.
Min. volume: 0.000151856, max. volume: 36.5349.

# FGMRES residual history
# Residual tolerance target = 1e-10
# Initial residual norm     = 6.87896e-10
     0     1
# FGMRES final (true) residual:
# Iteration = 4: |res|/|res0| = 3.18098e-11.

Computing volumes of the grid elements.
Non-linear iter.: 481/500. Linear iter.: 4. Min. area: 0.000151856. Error: 3.18098e-11.
Computing volumes of the grid elements.
Min. volume: 0.000151856, max. volume: 36.5349.

# FGMRES residual history
# Residual tolerance target = 1e-10
# Initial residual norm     = 6.87889e-10
     0     1
# FGMRES final (true) residual:
# Iteration = 4: |res|/|res0| = 3.18104e-11.

Computing volumes of the grid elements.
Non-linear iter.: 482/500. Linear iter.: 4. Min. area: 0.000151856. Error: 3.18104e-11.
Computing volumes of the grid elements.
Min. volume: 0.000151856, max. volume: 36.5349.

# FGMRES residual history
# Residual tolerance target = 1e-10
# Initial residual norm     = 6.87882e-10
     0     1
# FGMRES final (true) residual:
# Iteration = 4: |res|/|res0| = 3.18109e-11.

Computing volumes of the grid elements.
Non-linear iter.: 483/500. Linear iter.: 4. Min. area: 0.000151856. Error: 3.18109e-11.
Computing volumes of the grid elements.
Min. volume: 0.000151856, max. volume: 36.5349.

# FGMRES residual history
# Residual tolerance target = 1e-10
# Initial residual norm     = 6.87875e-10
     0     1
# FGMRES final (true) residual:
# Iteration = 4: |res|/|res0| = 3.18115e-11.

Computing volumes of the grid elements.
Non-linear iter.: 484/500. Linear iter.: 4. Min. area: 0.000151856. Error: 3.18115e-11.
Computing volumes of the grid elements.
Min. volume: 0.000151856, max. volume: 36.5349.

# FGMRES residual history
# Residual tolerance target = 1e-10
# Initial residual norm     = 6.87868e-10
     0     1
# FGMRES final (true) residual:
# Iteration = 4: |res|/|res0| = 3.1812e-11.

Computing volumes of the grid elements.
Non-linear iter.: 485/500. Linear iter.: 4. Min. area: 0.000151856. Error: 3.1812e-11.
Computing volumes of the grid elements.
Min. volume: 0.000151856, max. volume: 36.5349.

# FGMRES residual history
# Residual tolerance target = 1e-10
# Initial residual norm     = 6.87861e-10
     0     1
# FGMRES final (true) residual:
# Iteration = 4: |res|/|res0| = 3.18126e-11.

Computing volumes of the grid elements.
Non-linear iter.: 486/500. Linear iter.: 4. Min. area: 0.000151856. Error: 3.18126e-11.
Computing volumes of the grid elements.
Min. volume: 0.000151856, max. volume: 36.5349.

# FGMRES residual history
# Residual tolerance target = 1e-10
# Initial residual norm     = 6.87854e-10
     0     1
# FGMRES final (true) residual:
# Iteration = 4: |res|/|res0| = 3.18131e-11.

Computing volumes of the grid elements.
Non-linear iter.: 487/500. Linear iter.: 4. Min. area: 0.000151856. Error: 3.18131e-11.
Computing volumes of the grid elements.
Min. volume: 0.000151856, max. volume: 36.5349.

# FGMRES residual history
# Residual tolerance target = 1e-10
# Initial residual norm     = 6.87847e-10
     0     1
# FGMRES final (true) residual:
# Iteration = 4: |res|/|res0| = 3.18137e-11.

Computing volumes of the grid elements.
Non-linear iter.: 488/500. Linear iter.: 4. Min. area: 0.000151856. Error: 3.18137e-11.
Computing volumes of the grid elements.
Min. volume: 0.000151856, max. volume: 36.5349.

# FGMRES residual history
# Residual tolerance target = 1e-10
# Initial residual norm     = 6.8784e-10
     0     1
# FGMRES final (true) residual:
# Iteration = 4: |res|/|res0| = 3.18142e-11.

Computing volumes of the grid elements.
Non-linear iter.: 489/500. Linear iter.: 4. Min. area: 0.000151856. Error: 3.18142e-11.
Computing volumes of the grid elements.
Min. volume: 0.000151856, max. volume: 36.5349.

# FGMRES residual history
# Residual tolerance target = 1e-10
# Initial residual norm     = 6.87834e-10
     0     1
# FGMRES final (true) residual:
# Iteration = 4: |res|/|res0| = 3.18148e-11.

Computing volumes of the grid elements.
Non-linear iter.: 490/500. Linear iter.: 4. Min. area: 0.000151856. Error: 3.18148e-11.
Computing volumes of the grid elements.
Min. volume: 0.000151856, max. volume: 36.5349.

# FGMRES residual history
# Residual tolerance target = 1e-10
# Initial residual norm     = 6.87827e-10
     0     1
# FGMRES final (true) residual:
# Iteration = 4: |res|/|res0| = 3.18153e-11.

Computing volumes of the grid elements.
Non-linear iter.: 491/500. Linear iter.: 4. Min. area: 0.000151856. Error: 3.18153e-11.
Computing volumes of the grid elements.
Min. volume: 0.000151856, max. volume: 36.5349.

# FGMRES residual history
# Residual tolerance target = 1e-10
# Initial residual norm     = 6.8782e-10
     0     1
# FGMRES final (true) residual:
# Iteration = 4: |res|/|res0| = 3.18158e-11.

Computing volumes of the grid elements.
Non-linear iter.: 492/500. Linear iter.: 4. Min. area: 0.000151856. Error: 3.18158e-11.
Computing volumes of the grid elements.
Min. volume: 0.000151856, max. volume: 36.5349.

# FGMRES residual history
# Residual tolerance target = 1e-10
# Initial residual norm     = 6.87813e-10
     0     1
# FGMRES final (true) residual:
# Iteration = 4: |res|/|res0| = 3.18164e-11.

Computing volumes of the grid elements.
Non-linear iter.: 493/500. Linear iter.: 4. Min. area: 0.000151856. Error: 3.18164e-11.
Computing volumes of the grid elements.
Min. volume: 0.000151856, max. volume: 36.5349.

# FGMRES residual history
# Residual tolerance target = 1e-10
# Initial residual norm     = 6.87806e-10
     0     1
# FGMRES final (true) residual:
# Iteration = 4: |res|/|res0| = 3.18169e-11.

Computing volumes of the grid elements.
Non-linear iter.: 494/500. Linear iter.: 4. Min. area: 0.000151856. Error: 3.18169e-11.
Computing volumes of the grid elements.
Min. volume: 0.000151856, max. volume: 36.5349.

# FGMRES residual history
# Residual tolerance target = 1e-10
# Initial residual norm     = 6.87799e-10
     0     1
# FGMRES final (true) residual:
# Iteration = 4: |res|/|res0| = 3.18175e-11.

Computing volumes of the grid elements.
Non-linear iter.: 495/500. Linear iter.: 4. Min. area: 0.000151856. Error: 3.18175e-11.
Computing volumes of the grid elements.
Min. volume: 0.000151856, max. volume: 36.5349.

# FGMRES residual history
# Residual tolerance target = 1e-10
# Initial residual norm     = 6.87792e-10
     0     1
# FGMRES final (true) residual:
# Iteration = 4: |res|/|res0| = 3.1818e-11.

Computing volumes of the grid elements.
Non-linear iter.: 496/500. Linear iter.: 4. Min. area: 0.000151856. Error: 3.1818e-11.
Computing volumes of the grid elements.
Min. volume: 0.000151856, max. volume: 36.5349.

# FGMRES residual history
# Residual tolerance target = 1e-10
# Initial residual norm     = 6.87785e-10
     0     1
# FGMRES final (true) residual:
# Iteration = 4: |res|/|res0| = 3.18186e-11.

Computing volumes of the grid elements.
Non-linear iter.: 497/500. Linear iter.: 4. Min. area: 0.000151856. Error: 3.18186e-11.
Computing volumes of the grid elements.
Min. volume: 0.000151856, max. volume: 36.5349.

# FGMRES residual history
# Residual tolerance target = 1e-10
# Initial residual norm     = 6.87778e-10
     0     1
# FGMRES final (true) residual:
# Iteration = 4: |res|/|res0| = 3.18191e-11.

Computing volumes of the grid elements.
Non-linear iter.: 498/500. Linear iter.: 4. Min. area: 0.000151856. Error: 3.18191e-11.
Computing volumes of the grid elements.
Min. volume: 0.000151856, max. volume: 36.5349.

# FGMRES residual history
# Residual tolerance target = 1e-10
# Initial residual norm     = 6.87771e-10
     0     1
# FGMRES final (true) residual:
# Iteration = 4: |res|/|res0| = 3.18197e-11.

Computing volumes of the grid elements.
Non-linear iter.: 499/500. Linear iter.: 4. Min. area: 0.000151856. Error: 3.18197e-11.
Computing volumes of the grid elements.
Min. volume: 0.000151856, max. volume: 36.5349.

# FGMRES residual history
# Residual tolerance target = 1e-10
# Initial residual norm     = 6.87764e-10
     0     1
# FGMRES final (true) residual:
# Iteration = 4: |res|/|res0| = 3.18202e-11.

Computing volumes of the grid elements.
Non-linear iter.: 500/500. Linear iter.: 4. Min. area: 0.000151856. Error: 3.18202e-11.

Completed in 0.129671 seconds on 1 core.

----------------------- Write deformed grid files -----------------------
|SU2 mesh                           |mesh_deformed.su2                  |
Adding any FFD information to the SU2 file.

------------------------- Finalize Solver -------------------------
Deleted CNumerics container.
Deleted CSolver container.
Deleted CGeometry container.
Deleted CSurfaceMovement class.
Deleted CVolumetricMovement class.
Deleted CConfig container.
Deleted COutput class.

------------------------- Exit Success (SU2_DEF) ------------------------

