
-------------------------------------------------------------------------
|    ___ _   _ ___                                                      |
|   / __| | | |_  )   Release 8.4.0 "Harrier"                           |
|   \__ \ |_| |/ /                                                      |
|   |___/\___//___|   Suite (Mesh Deformation Code)                     |
|                                                                       |
-------------------------------------------------------------------------
| SU2 Project Website: https://su2code.github.io                        |
|                                                                       |
| The SU2 Project is maintained by the SU2 Foundation                   |
| (http://su2foundation.org)                                            |
-------------------------------------------------------------------------
| Copyright 2012-2026, SU2 Contributors                                 |
|                                                                       |
| SU2 is free software; you can redistribute it and/or                  |
| modify it under the terms of the GNU Lesser General Public            |
| License as published by the Free Software Foundation; either          |
| version 2.1 of the License, or (at your option) any later version.    |
|                                                                       |
| SU2 is distributed in the hope that it will be useful,                |
| but WITHOUT ANY WARRANTY; without even the implied warranty of        |
| MERCHANTABILITY or FITNESS FOR A PARTICULAR PURPOSE. See the GNU      |
| Lesser General Public License for more details.                       |
|                                                                       |
| You should have received a copy of the GNU Lesser General Public      |
| License along with SU2. If not, see <http://www.gnu.org/licenses/>.   |
-------------------------------------------------------------------------

----------------- Physical Case Definition ( Zone 0 ) -------------------
Input mesh file name: mesh_original.su2

---------------- Grid deformation parameters ( Zone 0 )  ----------------
Grid deformation using linear elasticity method.


-------------------- Output Information ( Zone 0 ) ----------------------
Output mesh file name: mesh_deformed.su2. 
Cell stiffness scaled by inverse of the cell volume.

------------- Config File Boundary Information ( Zone 0 ) ---------------
+-----------------------------------------------------------------------+
|                        Marker Type|                        Marker Name|
+-----------------------------------------------------------------------+
|                          Far-field|                           farfield|
+-----------------------------------------------------------------------+
|                     Heat flux wall|                            airfoil|
+-----------------------------------------------------------------------+
Two dimensional problem.
222 grid points.
235 volume elements.
2 surface markers.
50 boundary elements in index 0 (Marker = farfield).
159 boundary elements in index 1 (Marker = airfoil).
235 triangles.

----------------------- Preprocessing computations ----------------------
Setting local point connectivity.
Checking the numerical grid orientation of the interior elements.
All volume elements are correctly oriented.
There has been a re-orientation of 159 LINE surface elements.
Identify edges and vertices.
Setting the bound control volume structure.
Area of the computational grid: 599.962.
  Info: Ignoring the following volume output fields/groups:
  SOLUTION
Volume output fields: COORDINATES
Screen output fields: 
History output group(s): 
Warning: No (valid) fields chosen for convergence monitoring. Convergence monitoring inactive.
Warning: No (valid) fields chosen for time convergence monitoring. Time convergence monitoring inactive.

--------------------- Surface grid deformation (ZONE 0) -----------------
Performing the deformation of the surface grid.
Updating the surface coordinates from the input file.

------------------- Volumetric grid deformation (ZONE 0) ----------------
Performing the deformation of the volumetric grid.
Computing volumes of the grid elements.
Min. volume: 0.000148431, max. volume: 36.7302.

# FGMRES residual history
# Residual tolerance target = 1e-10
# Initial residual norm     = 1.87419e-06
     0     1
# FGMRES final (true) residual:
# Iteration = 4: |res|/|res0| = 2.04719e-12.

Computing volumes of the grid elements.
Non-linear iter.: 1/500. Linear iter.: 4. Min. area: 0.000148427. Error: 2.04719e-12.
Computing volumes of the grid elements.
Min. volume: 0.000148427, max. volume: 36.7275.

# FGMRES residual history
# Residual tolerance target = 1e-10
# Initial residual norm     = 1.85828e-06
     0     1
# FGMRES final (true) residual:
# Iteration = 4: |res|/|res0| = 2.05688e-12.

Computing volumes of the grid elements.
Non-linear iter.: 2/500. Linear iter.: 4. Min. area: 0.000148423. Error: 2.05688e-12.
Computing volumes of the grid elements.
Min. volume: 0.000148423, max. volume: 36.7249.

# FGMRES residual history
# Residual tolerance target = 1e-10
# Initial residual norm     = 1.84246e-06
     0     1
# FGMRES final (true) residual:
# Iteration = 4: |res|/|res0| = 2.06664e-12.

Computing volumes of the grid elements.
Non-linear iter.: 3/500. Linear iter.: 4. Min. area: 0.00014842. Error: 2.06664e-12.
Computing volumes of the grid elements.
Min. volume: 0.00014842, max. volume: 36.7222.

# FGMRES residual history
# Residual tolerance target = 1e-10
# Initial residual norm     = 1.82673e-06
     0     1
# FGMRES final (true) residual:
# Iteration = 4: |res|/|res0| = 2.07648e-12.

Computing volumes of the grid elements.
Non-linear iter.: 4/500. Linear iter.: 4. Min. area: 0.000148416. Error: 2.07648e-12.
Computing volumes of the grid elements.
Min. volume: 0.000148416, max. volume: 36.7195.

# FGMRES residual history
# Residual tolerance target = 1e-10
# Initial residual norm     = 1.81111e-06
     0     1
# FGMRES final (true) residual:
# Iteration = 4: |res|/|res0| = 2.08639e-12.

Computing volumes of the grid elements.
Non-linear iter.: 5/500. Linear iter.: 4. Min. area: 0.000148412. Error: 2.08639e-12.
Computing volumes of the grid elements.
Min. volume: 0.000148412, max. volume: 36.7169.

# FGMRES residual history
# Residual tolerance target = 1e-10
# Initial residual norm     = 1.79558e-06
     0     1
# FGMRES final (true) residual:
# Iteration = 4: |res|/|res0| = 2.09639e-12.

Computing volumes of the grid elements.
Non-linear iter.: 6/500. Linear iter.: 4. Min. area: 0.000148408. Error: 2.09639e-12.
Computing volumes of the grid elements.
Min. volume: 0.000148408, max. volume: 36.7143.

# FGMRES residual history
# Residual tolerance target = 1e-10
# Initial residual norm     = 1.78015e-06
     0     1
# FGMRES final (true) residual:
# Iteration = 4: |res|/|res0| = 2.10646e-12.

Computing volumes of the grid elements.
Non-linear iter.: 7/500. Linear iter.: 4. Min. area: 0.000148404. Error: 2.10646e-12.
Computing volumes of the grid elements.
Min. volume: 0.000148404, max. volume: 36.7117.

# FGMRES residual history
# Residual tolerance target = 1e-10
# Initial residual norm     = 1.76481e-06
     0     1
# FGMRES final (true) residual:
# Iteration = 4: |res|/|res0| = 2.11661e-12.

Computing volumes of the grid elements.
Non-linear iter.: 8/500. Linear iter.: 4. Min. area: 0.0001484. Error: 2.11661e-12.
Computing volumes of the grid elements.
Min. volume: 0.0001484, max. volume: 36.7091.

# FGMRES residual history
# Residual tolerance target = 1e-10
# Initial residual norm     = 1.74958e-06
     0     1
# FGMRES final (true) residual:
# Iteration = 4: |res|/|res0| = 2.12685e-12.

Computing volumes of the grid elements.
Non-linear iter.: 9/500. Linear iter.: 4. Min. area: 0.000148397. Error: 2.12685e-12.
Computing volumes of the grid elements.
Min. volume: 0.000148397, max. volume: 36.7065.

# FGMRES residual history
# Residual tolerance target = 1e-10
# Initial residual norm     = 1.73444e-06
     0     1
# FGMRES final (true) residual:
# Iteration = 4: |res|/|res0| = 2.13717e-12.

Computing volumes of the grid elements.
Non-linear iter.: 10/500. Linear iter.: 4. Min. area: 0.000148393. Error: 2.13717e-12.
Computing volumes of the grid elements.
Min. volume: 0.000148393, max. volume: 36.7039.

# FGMRES residual history
# Residual tolerance target = 1e-10
# Initial residual norm     = 1.7194e-06
     0     1
# FGMRES final (true) residual:
# Iteration = 4: |res|/|res0| = 2.14758e-12.

Computing volumes of the grid elements.
Non-linear iter.: 11/500. Linear iter.: 4. Min. area: 0.000148389. Error: 2.14758e-12.
Computing volumes of the grid elements.
Min. volume: 0.000148389, max. volume: 36.7013.

# FGMRES residual history
# Residual tolerance target = 1e-10
# Initial residual norm     = 1.70446e-06
     0     1
# FGMRES final (true) residual:
# Iteration = 4: |res|/|res0| = 2.15808e-12.

Computing volumes of the grid elements.
Non-linear iter.: 12/500. Linear iter.: 4. Min. area: 0.000148385. Error: 2.15808e-12.
Computing volumes of the grid elements.
Min. volume: 0.000148385, max. volume: 36.6988.

# FGMRES residual history
# Residual tolerance target = 1e-10
# Initial residual norm     = 1.68961e-06
     0     1
# FGMRES final (true) residual:
# Iteration = 4: |res|/|res0| = 2.16867e-12.

Computing volumes of the grid elements.
Non-linear iter.: 13/500. Linear iter.: 4. Min. area: 0.000148381. Error: 2.16867e-12.
Computing volumes of the grid elements.
Min. volume: 0.000148381, max. volume: 36.6962.

# FGMRES residual history
# Residual tolerance target = 1e-10
# Initial residual norm     = 1.67486e-06
     0     1
# FGMRES final (true) residual:
# Iteration = 4: |res|/|res0| = 2.17934e-12.

Computing volumes of the grid elements.
Non-linear iter.: 14/500. Linear iter.: 4. Min. area: 0.000148378. Error: 2.17934e-12.
Computing volumes of the grid elements.
Min. volume: 0.000148378, max. volume: 36.6937.

# FGMRES residual history
# Residual tolerance target = 1e-10
# Initial residual norm     = 1.66021e-06
     0     1
# FGMRES final (true) residual:
# Iteration = 4: |res|/|res0| = 2.19011e-12.

Computing volumes of the grid elements.
Non-linear iter.: 15/500. Linear iter.: 4. Min. area: 0.000148374. Error: 2.19011e-12.
Computing volumes of the grid elements.
Min. volume: 0.000148374, max. volume: 36.6912.

# FGMRES residual history
# Residual tolerance target = 1e-10
# Initial residual norm     = 1.64566e-06
     0     1
# FGMRES final (true) residual:
# Iteration = 4: |res|/|res0| = 2.20098e-12.

Computing volumes of the grid elements.
Non-linear iter.: 16/500. Linear iter.: 4. Min. area: 0.00014837. Error: 2.20098e-12.
Computing volumes of the grid elements.
Min. volume: 0.00014837, max. volume: 36.6887.

# FGMRES residual history
# Residual tolerance target = 1e-10
# Initial residual norm     = 1.6312e-06
     0     1
# FGMRES final (true) residual:
# Iteration = 4: |res|/|res0| = 2.21194e-12.

Computing volumes of the grid elements.
Non-linear iter.: 17/500. Linear iter.: 4. Min. area: 0.000148366. Error: 2.21194e-12.
Computing volumes of the grid elements.
Min. volume: 0.000148366, max. volume: 36.6862.

# FGMRES residual history
# Residual tolerance target = 1e-10
# Initial residual norm     = 1.61684e-06
     0     1
# FGMRES final (true) residual:
# Iteration = 4: |res|/|res0| = 2.22301e-12.

Computing volumes of the grid elements.
Non-linear iter.: 18/500. Linear iter.: 4. Min. area: 0.000148362. Error: 2.22301e-12.
Computing volumes of the grid elements.
Min. volume: 0.000148362, max. volume: 36.6837.

# FGMRES residual history
# Residual tolerance target = 1e-10
# Initial residual norm     = 1.60257e-06
     0     1
# FGMRES final (true) residual:
# Iteration = 4: |res|/|res0| = 2.23417e-12.

Computing volumes of the grid elements.
Non-linear iter.: 19/500. Linear iter.: 4. Min. area: 0.000148358. Error: 2.23417e-12.
Computing volumes of the grid elements.
Min. volume: 0.000148358, max. volume: 36.6813.

# FGMRES residual history
# Residual tolerance target = 1e-10
# Initial residual norm     = 1.58841e-06
     0     1
# FGMRES final (true) residual:
# Iteration = 4: |res|/|res0| = 2.24543e-12.

Computing volumes of the grid elements.
Non-linear iter.: 20/500. Linear iter.: 4. Min. area: 0.000148355. Error: 2.24543e-12.
Computing volumes of the grid elements.
Min. volume: 0.000148355, max. volume: 36.6788.

# FGMRES residual history
# Residual tolerance target = 1e-10
# Initial residual norm     = 1.57434e-06
     0     1
# FGMRES final (true) residual:
# Iteration = 4: |res|/|res0| = 2.2568e-12.

Computing volumes of the grid elements.
Non-linear iter.: 21/500. Linear iter.: 4. Min. area: 0.000148351. Error: 2.2568e-12.
Computing volumes of the grid elements.
Min. volume: 0.000148351, max. volume: 36.6764.

# FGMRES residual history
# Residual tolerance target = 1e-10
# Initial residual norm     = 1.56037e-06
     0     1
# FGMRES final (true) residual:
# Iteration = 4: |res|/|res0| = 2.26828e-12.

Computing volumes of the grid elements.
Non-linear iter.: 22/500. Linear iter.: 4. Min. area: 0.000148347. Error: 2.26828e-12.
Computing volumes of the grid elements.
Min. volume: 0.000148347, max. volume: 36.674.

# FGMRES residual history
# Residual tolerance target = 1e-10
# Initial residual norm     = 1.54649e-06
     0     1
# FGMRES final (true) residual:
# Iteration = 4: |res|/|res0| = 2.27987e-12.

Computing volumes of the grid elements.
Non-linear iter.: 23/500. Linear iter.: 4. Min. area: 0.000148343. Error: 2.27987e-12.
Computing volumes of the grid elements.
Min. volume: 0.000148343, max. volume: 36.6716.

# FGMRES residual history
# Residual tolerance target = 1e-10
# Initial residual norm     = 1.53271e-06
     0     1
# FGMRES final (true) residual:
# Iteration = 4: |res|/|res0| = 2.29157e-12.

Computing volumes of the grid elements.
Non-linear iter.: 24/500. Linear iter.: 4. Min. area: 0.000148339. Error: 2.29157e-12.
Computing volumes of the grid elements.
Min. volume: 0.000148339, max. volume: 36.6692.

# FGMRES residual history
# Residual tolerance target = 1e-10
# Initial residual norm     = 1.51902e-06
     0     1
# FGMRES final (true) residual:
# Iteration = 4: |res|/|res0| = 2.30338e-12.

Computing volumes of the grid elements.
Non-linear iter.: 25/500. Linear iter.: 4. Min. area: 0.000148336. Error: 2.30338e-12.
Computing volumes of the grid elements.
Min. volume: 0.000148336, max. volume: 36.6668.

# FGMRES residual history
# Residual tolerance target = 1e-10
# Initial residual norm     = 1.50543e-06
     0     1
# FGMRES final (true) residual:
# Iteration = 4: |res|/|res0| = 2.3153e-12.

Computing volumes of the grid elements.
Non-linear iter.: 26/500. Linear iter.: 4. Min. area: 0.000148332. Error: 2.3153e-12.
Computing volumes of the grid elements.
Min. volume: 0.000148332, max. volume: 36.6644.

# FGMRES residual history
# Residual tolerance target = 1e-10
# Initial residual norm     = 1.49194e-06
     0     1
# FGMRES final (true) residual:
# Iteration = 4: |res|/|res0| = 2.32735e-12.

Computing volumes of the grid elements.
Non-linear iter.: 27/500. Linear iter.: 4. Min. area: 0.000148328. Error: 2.32735e-12.
Computing volumes of the grid elements.
Min. volume: 0.000148328, max. volume: 36.6621.

# FGMRES residual history
# Residual tolerance target = 1e-10
# Initial residual norm     = 1.47854e-06
     0     1
# FGMRES final (true) residual:
# Iteration = 4: |res|/|res0| = 2.33951e-12.

Computing volumes of the grid elements.
Non-linear iter.: 28/500. Linear iter.: 4. Min. area: 0.000148324. Error: 2.33951e-12.
Computing volumes of the grid elements.
Min. volume: 0.000148324, max. volume: 36.6597.

# FGMRES residual history
# Residual tolerance target = 1e-10
# Initial residual norm     = 1.46524e-06
     0     1
# FGMRES final (true) residual:
# Iteration = 4: |res|/|res0| = 2.3518e-12.

Computing volumes of the grid elements.
Non-linear iter.: 29/500. Linear iter.: 4. Min. area: 0.00014832. Error: 2.3518e-12.
Computing volumes of the grid elements.
Min. volume: 0.00014832, max. volume: 36.6574.

# FGMRES residual history
# Residual tolerance target = 1e-10
# Initial residual norm     = 1.45203e-06
     0     1
# FGMRES final (true) residual:
# Iteration = 4: |res|/|res0| = 2.36422e-12.

Computing volumes of the grid elements.
Non-linear iter.: 30/500. Linear iter.: 4. Min. area: 0.000148317. Error: 2.36422e-12.
Computing volumes of the grid elements.
Min. volume: 0.000148317, max. volume: 36.6551.

# FGMRES residual history
# Residual tolerance target = 1e-10
# Initial residual norm     = 1.43891e-06
     0     1
# FGMRES final (true) residual:
# Iteration = 4: |res|/|res0| = 2.37676e-12.

Computing volumes of the grid elements.
Non-linear iter.: 31/500. Linear iter.: 4. Min. area: 0.000148313. Error: 2.37676e-12.
Computing volumes of the grid elements.
Min. volume: 0.000148313, max. volume: 36.6528.

# FGMRES residual history
# Residual tolerance target = 1e-10
# Initial residual norm     = 1.42589e-06
     0     1
# FGMRES final (true) residual:
# Iteration = 4: |res|/|res0| = 2.38943e-12.

Computing volumes of the grid elements.
Non-linear iter.: 32/500. Linear iter.: 4. Min. area: 0.000148309. Error: 2.38943e-12.
Computing volumes of the grid elements.
Min. volume: 0.000148309, max. volume: 36.6505.

# FGMRES residual history
# Residual tolerance target = 1e-10
# Initial residual norm     = 1.41297e-06
     0     1
# FGMRES final (true) residual:
# Iteration = 4: |res|/|res0| = 2.40224e-12.

Computing volumes of the grid elements.
Non-linear iter.: 33/500. Linear iter.: 4. Min. area: 0.000148305. Error: 2.40224e-12.
Computing volumes of the grid elements.
Min. volume: 0.000148305, max. volume: 36.6482.

# FGMRES residual history
# Residual tolerance target = 1e-10
# Initial residual norm     = 1.40014e-06
     0     1
# FGMRES final (true) residual:
# Iteration = 4: |res|/|res0| = 2.41518e-12.

Computing volumes of the grid elements.
Non-linear iter.: 34/500. Linear iter.: 4. Min. area: 0.000148301. Error: 2.41518e-12.
Computing volumes of the grid elements.
Min. volume: 0.000148301, max. volume: 36.6459.

# FGMRES residual history
# Residual tolerance target = 1e-10
# Initial residual norm     = 1.3874e-06
     0     1
# FGMRES final (true) residual:
# Iteration = 4: |res|/|res0| = 2.42826e-12.

Computing volumes of the grid elements.
Non-linear iter.: 35/500. Linear iter.: 4. Min. area: 0.000148298. Error: 2.42826e-12.
Computing volumes of the grid elements.
Min. volume: 0.000148298, max. volume: 36.6437.

# FGMRES residual history
# Residual tolerance target = 1e-10
# Initial residual norm     = 1.37475e-06
     0     1
# FGMRES final (true) residual:
# Iteration = 4: |res|/|res0| = 2.44148e-12.

Computing volumes of the grid elements.
Non-linear iter.: 36/500. Linear iter.: 4. Min. area: 0.000148294. Error: 2.44148e-12.
Computing volumes of the grid elements.
Min. volume: 0.000148294, max. volume: 36.6415.

# FGMRES residual history
# Residual tolerance target = 1e-10
# Initial residual norm     = 1.3622e-06
     0     1
# FGMRES final (true) residual:
# Iteration = 4: |res|/|res0| = 2.45485e-12.

Computing volumes of the grid elements.
Non-linear iter.: 37/500. Linear iter.: 4. Min. area: 0.00014829. Error: 2.45485e-12.
Computing volumes of the grid elements.
Min. volume: 0.00014829, max. volume: 36.6392.

# FGMRES residual history
# Residual tolerance target = 1e-10
# Initial residual norm     = 1.34974e-06
     0     1
# FGMRES final (true) residual:
# Iteration = 4: |res|/|res0| = 2.46836e-12.

Computing volumes of the grid elements.
Non-linear iter.: 38/500. Linear iter.: 4. Min. area: 0.000148286. Error: 2.46836e-12.
Computing volumes of the grid elements.
Min. volume: 0.000148286, max. volume: 36.637.

# FGMRES residual history
# Residual tolerance target = 1e-10
# Initial residual norm     = 1.33737e-06
     0     1
# FGMRES final (true) residual:
# Iteration = 4: |res|/|res0| = 2.48203e-12.

Computing volumes of the grid elements.
Non-linear iter.: 39/500. Linear iter.: 4. Min. area: 0.000148282. Error: 2.48203e-12.
Computing volumes of the grid elements.
Min. volume: 0.000148282, max. volume: 36.6348.

# FGMRES residual history
# Residual tolerance target = 1e-10
# Initial residual norm     = 1.32509e-06
     0     1
# FGMRES final (true) residual:
# Iteration = 4: |res|/|res0| = 2.49584e-12.

Computing volumes of the grid elements.
Non-linear iter.: 40/500. Linear iter.: 4. Min. area: 0.000148279. Error: 2.49584e-12.
Computing volumes of the grid elements.
Min. volume: 0.000148279, max. volume: 36.6326.

# FGMRES residual history
# Residual tolerance target = 1e-10
# Initial residual norm     = 1.3129e-06
     0     1
# FGMRES final (true) residual:
# Iteration = 4: |res|/|res0| = 2.50982e-12.

Computing volumes of the grid elements.
Non-linear iter.: 41/500. Linear iter.: 4. Min. area: 0.000148275. Error: 2.50982e-12.
Computing volumes of the grid elements.
Min. volume: 0.000148275, max. volume: 36.6305.

# FGMRES residual history
# Residual tolerance target = 1e-10
# Initial residual norm     = 1.30081e-06
     0     1
# FGMRES final (true) residual:
# Iteration = 4: |res|/|res0| = 2.52395e-12.

Computing volumes of the grid elements.
Non-linear iter.: 42/500. Linear iter.: 4. Min. area: 0.000148271. Error: 2.52395e-12.
Computing volumes of the grid elements.
Min. volume: 0.000148271, max. volume: 36.6283.

# FGMRES residual history
# Residual tolerance target = 1e-10
# Initial residual norm     = 1.2888e-06
     0     1
# FGMRES final (true) residual:
# Iteration = 4: |res|/|res0| = 2.53824e-12.

Computing volumes of the grid elements.
Non-linear iter.: 43/500. Linear iter.: 4. Min. area: 0.000148267. Error: 2.53824e-12.
Computing volumes of the grid elements.
Min. volume: 0.000148267, max. volume: 36.6262.

# FGMRES residual history
# Residual tolerance target = 1e-10
# Initial residual norm     = 1.27689e-06
     0     1
# FGMRES final (true) residual:
# Iteration = 4: |res|/|res0| = 2.5527e-12.

Computing volumes of the grid elements.
Non-linear iter.: 44/500. Linear iter.: 4. Min. area: 0.000148264. Error: 2.5527e-12.
Computing volumes of the grid elements.
Min. volume: 0.000148264, max. volume: 36.624.

# FGMRES residual history
# Residual tolerance target = 1e-10
# Initial residual norm     = 1.26506e-06
     0     1
# FGMRES final (true) residual:
# Iteration = 4: |res|/|res0| = 2.56733e-12.

Computing volumes of the grid elements.
Non-linear iter.: 45/500. Linear iter.: 4. Min. area: 0.00014826. Error: 2.56733e-12.
Computing volumes of the grid elements.
Min. volume: 0.00014826, max. volume: 36.6219.

# FGMRES residual history
# Residual tolerance target = 1e-10
# Initial residual norm     = 1.25333e-06
     0     1
# FGMRES final (true) residual:
# Iteration = 4: |res|/|res0| = 2.58213e-12.

Computing volumes of the grid elements.
Non-linear iter.: 46/500. Linear iter.: 4. Min. area: 0.000148256. Error: 2.58213e-12.
Computing volumes of the grid elements.
Min. volume: 0.000148256, max. volume: 36.6198.

# FGMRES residual history
# Residual tolerance target = 1e-10
# Initial residual norm     = 1.24168e-06
     0     1
# FGMRES final (true) residual:
# Iteration = 4: |res|/|res0| = 2.5971e-12.

Computing volumes of the grid elements.
Non-linear iter.: 47/500. Linear iter.: 4. Min. area: 0.000148252. Error: 2.5971e-12.
Computing volumes of the grid elements.
Min. volume: 0.000148252, max. volume: 36.6177.

# FGMRES residual history
# Residual tolerance target = 1e-10
# Initial residual norm     = 1.23012e-06
     0     1
# FGMRES final (true) residual:
# Iteration = 4: |res|/|res0| = 2.61226e-12.

Computing volumes of the grid elements.
Non-linear iter.: 48/500. Linear iter.: 4. Min. area: 0.000148248. Error: 2.61226e-12.
Computing volumes of the grid elements.
Min. volume: 0.000148248, max. volume: 36.6157.

# FGMRES residual history
# Residual tolerance target = 1e-10
# Initial residual norm     = 1.21865e-06
     0     1
# FGMRES final (true) residual:
# Iteration = 4: |res|/|res0| = 2.62759e-12.

Computing volumes of the grid elements.
Non-linear iter.: 49/500. Linear iter.: 4. Min. area: 0.000148245. Error: 2.62759e-12.
Computing volumes of the grid elements.
Min. volume: 0.000148245, max. volume: 36.6136.

# FGMRES residual history
# Residual tolerance target = 1e-10
# Initial residual norm     = 1.20727e-06
     0     1
# FGMRES final (true) residual:
# Iteration = 4: |res|/|res0| = 2.64312e-12.

Computing volumes of the grid elements.
Non-linear iter.: 50/500. Linear iter.: 4. Min. area: 0.000148241. Error: 2.64312e-12.
Computing volumes of the grid elements.
Min. volume: 0.000148241, max. volume: 36.6115.

# FGMRES residual history
# Residual tolerance target = 1e-10
# Initial residual norm     = 1.19597e-06
     0     1
# FGMRES final (true) residual:
# Iteration = 4: |res|/|res0| = 2.65883e-12.

Computing volumes of the grid elements.
Non-linear iter.: 51/500. Linear iter.: 4. Min. area: 0.000148237. Error: 2.65883e-12.
Computing volumes of the grid elements.
Min. volume: 0.000148237, max. volume: 36.6095.

# FGMRES residual history
# Residual tolerance target = 1e-10
# Initial residual norm     = 1.18476e-06
     0     1
# FGMRES final (true) residual:
# Iteration = 4: |res|/|res0| = 2.67473e-12.

Computing volumes of the grid elements.
Non-linear iter.: 52/500. Linear iter.: 4. Min. area: 0.000148233. Error: 2.67473e-12.
Computing volumes of the grid elements.
Min. volume: 0.000148233, max. volume: 36.6075.

# FGMRES residual history
# Residual tolerance target = 1e-10
# Initial residual norm     = 1.17364e-06
     0     1
# FGMRES final (true) residual:
# Iteration = 4: |res|/|res0| = 2.69083e-12.

Computing volumes of the grid elements.
Non-linear iter.: 53/500. Linear iter.: 4. Min. area: 0.00014823. Error: 2.69083e-12.
Computing volumes of the grid elements.
Min. volume: 0.00014823, max. volume: 36.6055.

# FGMRES residual history
# Residual tolerance target = 1e-10
# Initial residual norm     = 1.1626e-06
     0     1
# FGMRES final (true) residual:
# Iteration = 4: |res|/|res0| = 2.70713e-12.

Computing volumes of the grid elements.
Non-linear iter.: 54/500. Linear iter.: 4. Min. area: 0.000148226. Error: 2.70713e-12.
Computing volumes of the grid elements.
Min. volume: 0.000148226, max. volume: 36.6035.

# FGMRES residual history
# Residual tolerance target = 1e-10
# Initial residual norm     = 1.15165e-06
     0     1
# FGMRES final (true) residual:
# Iteration = 4: |res|/|res0| = 2.72364e-12.

Computing volumes of the grid elements.
Non-linear iter.: 55/500. Linear iter.: 4. Min. area: 0.000148222. Error: 2.72364e-12.
Computing volumes of the grid elements.
Min. volume: 0.000148222, max. volume: 36.6015.

# FGMRES residual history
# Residual tolerance target = 1e-10
# Initial residual norm     = 1.14079e-06
     0     1
# FGMRES final (true) residual:
# Iteration = 4: |res|/|res0| = 2.74035e-12.

Computing volumes of the grid elements.
Non-linear iter.: 56/500. Linear iter.: 4. Min. area: 0.000148218. Error: 2.74035e-12.
Computing volumes of the grid elements.
Min. volume: 0.000148218, max. volume: 36.5995.

# FGMRES residual history
# Residual tolerance target = 1e-10
# Initial residual norm     = 1.13e-06
     0     1
# FGMRES final (true) residual:
# Iteration = 4: |res|/|res0| = 2.75728e-12.

Computing volumes of the grid elements.
Non-linear iter.: 57/500. Linear iter.: 4. Min. area: 0.000148214. Error: 2.75728e-12.
Computing volumes of the grid elements.
Min. volume: 0.000148214, max. volume: 36.5976.

# FGMRES residual history
# Residual tolerance target = 1e-10
# Initial residual norm     = 1.1193e-06
     0     1
# FGMRES final (true) residual:
# Iteration = 4: |res|/|res0| = 2.77442e-12.

Computing volumes of the grid elements.
Non-linear iter.: 58/500. Linear iter.: 4. Min. area: 0.000148211. Error: 2.77442e-12.
Computing volumes of the grid elements.
Min. volume: 0.000148211, max. volume: 36.5956.

# FGMRES residual history
# Residual tolerance target = 1e-10
# Initial residual norm     = 1.10869e-06
     0     1
# FGMRES final (true) residual:
# Iteration = 4: |res|/|res0| = 2.79178e-12.

Computing volumes of the grid elements.
Non-linear iter.: 59/500. Linear iter.: 4. Min. area: 0.000148207. Error: 2.79178e-12.
Computing volumes of the grid elements.
Min. volume: 0.000148207, max. volume: 36.5937.

# FGMRES residual history
# Residual tolerance target = 1e-10
# Initial residual norm     = 1.09815e-06
     0     1
# FGMRES final (true) residual:
# Iteration = 4: |res|/|res0| = 2.80937e-12.

Computing volumes of the grid elements.
Non-linear iter.: 60/500. Linear iter.: 4. Min. area: 0.000148203. Error: 2.80937e-12.
Computing volumes of the grid elements.
Min. volume: 0.000148203, max. volume: 36.5918.

# FGMRES residual history
# Residual tolerance target = 1e-10
# Initial residual norm     = 1.0877e-06
     0     1
# FGMRES final (true) residual:
# Iteration = 4: |res|/|res0| = 2.82719e-12.

Computing volumes of the grid elements.
Non-linear iter.: 61/500. Linear iter.: 4. Min. area: 0.000148199. Error: 2.82719e-12.
Computing volumes of the grid elements.
Min. volume: 0.000148199, max. volume: 36.5899.

# FGMRES residual history
# Residual tolerance target = 1e-10
# Initial residual norm     = 1.07733e-06
     0     1
# FGMRES final (true) residual:
# Iteration = 4: |res|/|res0| = 2.84524e-12.

Computing volumes of the grid elements.
Non-linear iter.: 62/500. Linear iter.: 4. Min. area: 0.000148196. Error: 2.84524e-12.
Computing volumes of the grid elements.
Min. volume: 0.000148196, max. volume: 36.588.

# FGMRES residual history
# Residual tolerance target = 1e-10
# Initial residual norm     = 1.06705e-06
     0     1
# FGMRES final (true) residual:
# Iteration = 4: |res|/|res0| = 2.86352e-12.

Computing volumes of the grid elements.
Non-linear iter.: 63/500. Linear iter.: 4. Min. area: 0.000148192. Error: 2.86352e-12.
Computing volumes of the grid elements.
Min. volume: 0.000148192, max. volume: 36.5861.

# FGMRES residual history
# Residual tolerance target = 1e-10
# Initial residual norm     = 1.05684e-06
     0     1
# FGMRES final (true) residual:
# Iteration = 4: |res|/|res0| = 2.88205e-12.

Computing volumes of the grid elements.
Non-linear iter.: 64/500. Linear iter.: 4. Min. area: 0.000148188. Error: 2.88205e-12.
Computing volumes of the grid elements.
Min. volume: 0.000148188, max. volume: 36.5842.

# FGMRES residual history
# Residual tolerance target = 1e-10
# Initial residual norm     = 1.04671e-06
     0     1
# FGMRES final (true) residual:
# Iteration = 4: |res|/|res0| = 2.90082e-12.

Computing volumes of the grid elements.
Non-linear iter.: 65/500. Linear iter.: 4. Min. area: 0.000148184. Error: 2.90082e-12.
Computing volumes of the grid elements.
Min. volume: 0.000148184, max. volume: 36.5824.

# FGMRES residual history
# Residual tolerance target = 1e-10
# Initial residual norm     = 1.03666e-06
     0     1
# FGMRES final (true) residual:
# Iteration = 4: |res|/|res0| = 2.91984e-12.

Computing volumes of the grid elements.
Non-linear iter.: 66/500. Linear iter.: 4. Min. area: 0.000148181. Error: 2.91984e-12.
Computing volumes of the grid elements.
Min. volume: 0.000148181, max. volume: 36.5805.

# FGMRES residual history
# Residual tolerance target = 1e-10
# Initial residual norm     = 1.02669e-06
     0     1
# FGMRES final (true) residual:
# Iteration = 4: |res|/|res0| = 2.93912e-12.

Computing volumes of the grid elements.
Non-linear iter.: 67/500. Linear iter.: 4. Min. area: 0.000148177. Error: 2.93912e-12.
Computing volumes of the grid elements.
Min. volume: 0.000148177, max. volume: 36.5787.

# FGMRES residual history
# Residual tolerance target = 1e-10
# Initial residual norm     = 1.0168e-06
     0     1
# FGMRES final (true) residual:
# Iteration = 4: |res|/|res0| = 2.95866e-12.

Computing volumes of the grid elements.
Non-linear iter.: 68/500. Linear iter.: 4. Min. area: 0.000148173. Error: 2.95866e-12.
Computing volumes of the grid elements.
Min. volume: 0.000148173, max. volume: 36.5769.

# FGMRES residual history
# Residual tolerance target = 1e-10
# Initial residual norm     = 1.00699e-06
     0     1
# FGMRES final (true) residual:
# Iteration = 4: |res|/|res0| = 2.97847e-12.

Computing volumes of the grid elements.
Non-linear iter.: 69/500. Linear iter.: 4. Min. area: 0.000148169. Error: 2.97847e-12.
Computing volumes of the grid elements.
Min. volume: 0.000148169, max. volume: 36.5751.

# FGMRES residual history
# Residual tolerance target = 1e-10
# Initial residual norm     = 9.97256e-07
     0     1
# FGMRES final (true) residual:
# Iteration = 4: |res|/|res0| = 2.99854e-12.

Computing volumes of the grid elements.
Non-linear iter.: 70/500. Linear iter.: 4. Min. area: 0.000148166. Error: 2.99854e-12.
Computing volumes of the grid elements.
Min. volume: 0.000148166, max. volume: 36.5733.

# FGMRES residual history
# Residual tolerance target = 1e-10
# Initial residual norm     = 9.87598e-07
     0     1
# FGMRES final (true) residual:
# Iteration = 4: |res|/|res0| = 3.01889e-12.

Computing volumes of the grid elements.
Non-linear iter.: 71/500. Linear iter.: 4. Min. area: 0.000148162. Error: 3.01889e-12.
Computing volumes of the grid elements.
Min. volume: 0.000148162, max. volume: 36.5715.

# FGMRES residual history
# Residual tolerance target = 1e-10
# Initial residual norm     = 9.78016e-07
     0     1
# FGMRES final (true) residual:
# Iteration = 4: |res|/|res0| = 3.03951e-12.

Computing volumes of the grid elements.
Non-linear iter.: 72/500. Linear iter.: 4. Min. area: 0.000148158. Error: 3.03951e-12.
Computing volumes of the grid elements.
Min. volume: 0.000148158, max. volume: 36.5698.

# FGMRES residual history
# Residual tolerance target = 1e-10
# Initial residual norm     = 9.6851e-07
     0     1
# FGMRES final (true) residual:
# Iteration = 4: |res|/|res0| = 3.06043e-12.

Computing volumes of the grid elements.
Non-linear iter.: 73/500. Linear iter.: 4. Min. area: 0.000148154. Error: 3.06043e-12.
Computing volumes of the grid elements.
Min. volume: 0.000148154, max. volume: 36.568.

# FGMRES residual history
# Residual tolerance target = 1e-10
# Initial residual norm     = 9.59078e-07
     0     1
# FGMRES final (true) residual:
# Iteration = 4: |res|/|res0| = 3.08163e-12.

Computing volumes of the grid elements.
Non-linear iter.: 74/500. Linear iter.: 4. Min. area: 0.000148151. Error: 3.08163e-12.
Computing volumes of the grid elements.
Min. volume: 0.000148151, max. volume: 36.5663.

# FGMRES residual history
# Residual tolerance target = 1e-10
# Initial residual norm     = 9.49722e-07
     0     1
# FGMRES final (true) residual:
# Iteration = 4: |res|/|res0| = 3.10313e-12.

Computing volumes of the grid elements.
Non-linear iter.: 75/500. Linear iter.: 4. Min. area: 0.000148147. Error: 3.10313e-12.
Computing volumes of the grid elements.
Min. volume: 0.000148147, max. volume: 36.5646.

# FGMRES residual history
# Residual tolerance target = 1e-10
# Initial residual norm     = 9.40439e-07
     0     1
# FGMRES final (true) residual:
# Iteration = 4: |res|/|res0| = 3.12493e-12.

Computing volumes of the grid elements.
Non-linear iter.: 76/500. Linear iter.: 4. Min. area: 0.000148143. Error: 3.12493e-12.
Computing volumes of the grid elements.
Min. volume: 0.000148143, max. volume: 36.5628.

# FGMRES residual history
# Residual tolerance target = 1e-10
# Initial residual norm     = 9.31229e-07
     0     1
# FGMRES final (true) residual:
# Iteration = 4: |res|/|res0| = 3.14703e-12.

Computing volumes of the grid elements.
Non-linear iter.: 77/500. Linear iter.: 4. Min. area: 0.000148139. Error: 3.14703e-12.
Computing volumes of the grid elements.
Min. volume: 0.000148139, max. volume: 36.5611.

# FGMRES residual history
# Residual tolerance target = 1e-10
# Initial residual norm     = 9.22093e-07
     0     1
# FGMRES final (true) residual:
# Iteration = 4: |res|/|res0| = 3.16945e-12.

Computing volumes of the grid elements.
Non-linear iter.: 78/500. Linear iter.: 4. Min. area: 0.000148136. Error: 3.16945e-12.
Computing volumes of the grid elements.
Min. volume: 0.000148136, max. volume: 36.5595.

# FGMRES residual history
# Residual tolerance target = 1e-10
# Initial residual norm     = 9.13028e-07
     0     1
# FGMRES final (true) residual:
# Iteration = 4: |res|/|res0| = 3.19218e-12.

Computing volumes of the grid elements.
Non-linear iter.: 79/500. Linear iter.: 4. Min. area: 0.000148132. Error: 3.19218e-12.
Computing volumes of the grid elements.
Min. volume: 0.000148132, max. volume: 36.5578.

# FGMRES residual history
# Residual tolerance target = 1e-10
# Initial residual norm     = 9.04035e-07
     0     1
# FGMRES final (true) residual:
# Iteration = 4: |res|/|res0| = 3.21524e-12.

Computing volumes of the grid elements.
Non-linear iter.: 80/500. Linear iter.: 4. Min. area: 0.000148128. Error: 3.21524e-12.
Computing volumes of the grid elements.
Min. volume: 0.000148128, max. volume: 36.5561.

# FGMRES residual history
# Residual tolerance target = 1e-10
# Initial residual norm     = 8.95114e-07
     0     1
# FGMRES final (true) residual:
# Iteration = 4: |res|/|res0| = 3.23863e-12.

Computing volumes of the grid elements.
Non-linear iter.: 81/500. Linear iter.: 4. Min. area: 0.000148124. Error: 3.23863e-12.
Computing volumes of the grid elements.
Min. volume: 0.000148124, max. volume: 36.5545.

# FGMRES residual history
# Residual tolerance target = 1e-10
# Initial residual norm     = 8.86262e-07
     0     1
# FGMRES final (true) residual:
# Iteration = 4: |res|/|res0| = 3.26235e-12.

Computing volumes of the grid elements.
Non-linear iter.: 82/500. Linear iter.: 4. Min. area: 0.000148121. Error: 3.26235e-12.
Computing volumes of the grid elements.
Min. volume: 0.000148121, max. volume: 36.5528.

# FGMRES residual history
# Residual tolerance target = 1e-10
# Initial residual norm     = 8.77481e-07
     0     1
# FGMRES final (true) residual:
# Iteration = 4: |res|/|res0| = 3.28641e-12.

Computing volumes of the grid elements.
Non-linear iter.: 83/500. Linear iter.: 4. Min. area: 0.000148117. Error: 3.28641e-12.
Computing volumes of the grid elements.
Min. volume: 0.000148117, max. volume: 36.5512.

# FGMRES residual history
# Residual tolerance target = 1e-10
# Initial residual norm     = 8.68769e-07
     0     1
# FGMRES final (true) residual:
# Iteration = 4: |res|/|res0| = 3.31082e-12.

Computing volumes of the grid elements.
Non-linear iter.: 84/500. Linear iter.: 4. Min. area: 0.000148113. Error: 3.31082e-12.
Computing volumes of the grid elements.
Min. volume: 0.000148113, max. volume: 36.5496.

# FGMRES residual history
# Residual tolerance target = 1e-10
# Initial residual norm     = 8.60125e-07
     0     1
# FGMRES final (true) residual:
# Iteration = 4: |res|/|res0| = 3.33559e-12.

Computing volumes of the grid elements.
Non-linear iter.: 85/500. Linear iter.: 4. Min. area: 0.000148109. Error: 3.33559e-12.
Computing volumes of the grid elements.
Min. volume: 0.000148109, max. volume: 36.548.

# FGMRES residual history
# Residual tolerance target = 1e-10
# Initial residual norm     = 8.5155e-07
     0     1
# FGMRES final (true) residual:
# Iteration = 4: |res|/|res0| = 3.36071e-12.

Computing volumes of the grid elements.
Non-linear iter.: 86/500. Linear iter.: 4. Min. area: 0.000148106. Error: 3.36071e-12.
Computing volumes of the grid elements.
Min. volume: 0.000148106, max. volume: 36.5464.

# FGMRES residual history
# Residual tolerance target = 1e-10
# Initial residual norm     = 8.43042e-07
     0     1
# FGMRES final (true) residual:
# Iteration = 4: |res|/|res0| = 3.3862e-12.

Computing volumes of the grid elements.
Non-linear iter.: 87/500. Linear iter.: 4. Min. area: 0.000148102. Error: 3.3862e-12.
Computing volumes of the grid elements.
Min. volume: 0.000148102, max. volume: 36.5448.

# FGMRES residual history
# Residual tolerance target = 1e-10
# Initial residual norm     = 8.34601e-07
     0     1
# FGMRES final (true) residual:
# Iteration = 4: |res|/|res0| = 3.41207e-12.

Computing volumes of the grid elements.
Non-linear iter.: 88/500. Linear iter.: 4. Min. area: 0.000148098. Error: 3.41207e-12.
Computing volumes of the grid elements.
Min. volume: 0.000148098, max. volume: 36.5433.

# FGMRES residual history
# Residual tolerance target = 1e-10
# Initial residual norm     = 8.26226e-07
     0     1
# FGMRES final (true) residual:
# Iteration = 4: |res|/|res0| = 3.43832e-12.

Computing volumes of the grid elements.
Non-linear iter.: 89/500. Linear iter.: 4. Min. area: 0.000148094. Error: 3.43832e-12.
Computing volumes of the grid elements.
Min. volume: 0.000148094, max. volume: 36.5417.

# FGMRES residual history
# Residual tolerance target = 1e-10
# Initial residual norm     = 8.17917e-07
     0     1
# FGMRES final (true) residual:
# Iteration = 4: |res|/|res0| = 3.46495e-12.

Computing volumes of the grid elements.
Non-linear iter.: 90/500. Linear iter.: 4. Min. area: 0.000148091. Error: 3.46495e-12.
Computing volumes of the grid elements.
Min. volume: 0.000148091, max. volume: 36.5402.

# FGMRES residual history
# Residual tolerance target = 1e-10
# Initial residual norm     = 8.09673e-07
     0     1
# FGMRES final (true) residual:
# Iteration = 4: |res|/|res0| = 3.49198e-12.

Computing volumes of the grid elements.
Non-linear iter.: 91/500. Linear iter.: 4. Min. area: 0.000148087. Error: 3.49198e-12.
Computing volumes of the grid elements.
Min. volume: 0.000148087, max. volume: 36.5387.

# FGMRES residual history
# Residual tolerance target = 1e-10
# Initial residual norm     = 8.01494e-07
     0     1
# FGMRES final (true) residual:
# Iteration = 4: |res|/|res0| = 3.51942e-12.

Computing volumes of the grid elements.
Non-linear iter.: 92/500. Linear iter.: 4. Min. area: 0.000148083. Error: 3.51942e-12.
Computing volumes of the grid elements.
Min. volume: 0.000148083, max. volume: 36.5372.

# FGMRES residual history
# Residual tolerance target = 1e-10
# Initial residual norm     = 7.93378e-07
     0     1
# FGMRES final (true) residual:
# Iteration = 4: |res|/|res0| = 3.54726e-12.

Computing volumes of the grid elements.
Non-linear iter.: 93/500. Linear iter.: 4. Min. area: 0.000148079. Error: 3.54726e-12.
Computing volumes of the grid elements.
Min. volume: 0.000148079, max. volume: 36.5357.

# FGMRES residual history
# Residual tolerance target = 1e-10
# Initial residual norm     = 7.85326e-07
     0     1
# FGMRES final (true) residual:
# Iteration = 4: |res|/|res0| = 3.57552e-12.

Computing volumes of the grid elements.
Non-linear iter.: 94/500. Linear iter.: 4. Min. area: 0.000148076. Error: 3.57552e-12.
Computing volumes of the grid elements.
Min. volume: 0.000148076, max. volume: 36.5342.

# FGMRES residual history
# Residual tolerance target = 1e-10
# Initial residual norm     = 7.77337e-07
     0     1
# FGMRES final (true) residual:
# Iteration = 4: |res|/|res0| = 3.60421e-12.

Computing volumes of the grid elements.
Non-linear iter.: 95/500. Linear iter.: 4. Min. area: 0.000148072. Error: 3.60421e-12.
Computing volumes of the grid elements.
Min. volume: 0.000148072, max. volume: 36.5327.

# FGMRES residual history
# Residual tolerance target = 1e-10
# Initial residual norm     = 7.69409e-07
     0     1
# FGMRES final (true) residual:
# Iteration = 4: |res|/|res0| = 3.63333e-12.

Computing volumes of the grid elements.
Non-linear iter.: 96/500. Linear iter.: 4. Min. area: 0.000148068. Error: 3.63333e-12.
Computing volumes of the grid elements.
Min. volume: 0.000148068, max. volume: 36.5312.

# FGMRES residual history
# Residual tolerance target = 1e-10
# Initial residual norm     = 7.61543e-07
     0     1
# FGMRES final (true) residual:
# Iteration = 4: |res|/|res0| = 3.66289e-12.

Computing volumes of the grid elements.
Non-linear iter.: 97/500. Linear iter.: 4. Min. area: 0.000148065. Error: 3.66289e-12.
Computing volumes of the grid elements.
Min. volume: 0.000148065, max. volume: 36.5298.

# FGMRES residual history
# Residual tolerance target = 1e-10
# Initial residual norm     = 7.53738e-07
     0     1
# FGMRES final (true) residual:
# Iteration = 4: |res|/|res0| = 3.6929e-12.

Computing volumes of the grid elements.
Non-linear iter.: 98/500. Linear iter.: 4. Min. area: 0.000148061. Error: 3.6929e-12.
Computing volumes of the grid elements.
Min. volume: 0.000148061, max. volume: 36.5283.

# FGMRES residual history
# Residual tolerance target = 1e-10
# Initial residual norm     = 7.45994e-07
     0     1
# FGMRES final (true) residual:
# Iteration = 4: |res|/|res0| = 3.72337e-12.

Computing volumes of the grid elements.
Non-linear iter.: 99/500. Linear iter.: 4. Min. area: 0.000148057. Error: 3.72337e-12.
Computing volumes of the grid elements.
Min. volume: 0.000148057, max. volume: 36.5269.

# FGMRES residual history
# Residual tolerance target = 1e-10
# Initial residual norm     = 7.38309e-07
     0     1
# FGMRES final (true) residual:
# Iteration = 4: |res|/|res0| = 3.75431e-12.

Computing volumes of the grid elements.
Non-linear iter.: 100/500. Linear iter.: 4. Min. area: 0.000148053. Error: 3.75431e-12.
Computing volumes of the grid elements.
Min. volume: 0.000148053, max. volume: 36.5255.

# FGMRES residual history
# Residual tolerance target = 1e-10
# Initial residual norm     = 7.30683e-07
     0     1
# FGMRES final (true) residual:
# Iteration = 4: |res|/|res0| = 3.78573e-12.

Computing volumes of the grid elements.
Non-linear iter.: 101/500. Linear iter.: 4. Min. area: 0.00014805. Error: 3.78573e-12.
Computing volumes of the grid elements.
Min. volume: 0.00014805, max. volume: 36.5241.

# FGMRES residual history
# Residual tolerance target = 1e-10
# Initial residual norm     = 7.23116e-07
     0     1
# FGMRES final (true) residual:
# Iteration = 4: |res|/|res0| = 3.81763e-12.

Computing volumes of the grid elements.
Non-linear iter.: 102/500. Linear iter.: 4. Min. area: 0.000148046. Error: 3.81763e-12.
Computing volumes of the grid elements.
Min. volume: 0.000148046, max. volume: 36.5227.

# FGMRES residual history
# Residual tolerance target = 1e-10
# Initial residual norm     = 7.15606e-07
     0     1
# FGMRES final (true) residual:
# Iteration = 4: |res|/|res0| = 3.85003e-12.

Computing volumes of the grid elements.
Non-linear iter.: 103/500. Linear iter.: 4. Min. area: 0.000148042. Error: 3.85003e-12.
Computing volumes of the grid elements.
Min. volume: 0.000148042, max. volume: 36.5213.

# FGMRES residual history
# Residual tolerance target = 1e-10
# Initial residual norm     = 7.08154e-07
     0     1
# FGMRES final (true) residual:
# Iteration = 4: |res|/|res0| = 3.88293e-12.

Computing volumes of the grid elements.
Non-linear iter.: 104/500. Linear iter.: 4. Min. area: 0.000148039. Error: 3.88293e-12.
Computing volumes of the grid elements.
Min. volume: 0.000148039, max. volume: 36.5199.

# FGMRES residual history
# Residual tolerance target = 1e-10
# Initial residual norm     = 7.00759e-07
     0     1
# FGMRES final (true) residual:
# Iteration = 4: |res|/|res0| = 3.91635e-12.

Computing volumes of the grid elements.
Non-linear iter.: 105/500. Linear iter.: 4. Min. area: 0.000148035. Error: 3.91635e-12.
Computing volumes of the grid elements.
Min. volume: 0.000148035, max. volume: 36.5186.

# FGMRES residual history
# Residual tolerance target = 1e-10
# Initial residual norm     = 6.9342e-07
     0     1
# FGMRES final (true) residual:
# Iteration = 4: |res|/|res0| = 3.95029e-12.

Computing volumes of the grid elements.
Non-linear iter.: 106/500. Linear iter.: 4. Min. area: 0.000148031. Error: 3.95029e-12.
Computing volumes of the grid elements.
Min. volume: 0.000148031, max. volume: 36.5172.

# FGMRES residual history
# Residual tolerance target = 1e-10
# Initial residual norm     = 6.86136e-07
     0     1
# FGMRES final (true) residual:
# Iteration = 4: |res|/|res0| = 3.98477e-12.

Computing volumes of the grid elements.
Non-linear iter.: 107/500. Linear iter.: 4. Min. area: 0.000148027. Error: 3.98477e-12.
Computing volumes of the grid elements.
Min. volume: 0.000148027, max. volume: 36.5159.

# FGMRES residual history
# Residual tolerance target = 1e-10
# Initial residual norm     = 6.78908e-07
     0     1
# FGMRES final (true) residual:
# Iteration = 4: |res|/|res0| = 4.0198e-12.

Computing volumes of the grid elements.
Non-linear iter.: 108/500. Linear iter.: 4. Min. area: 0.000148024. Error: 4.0198e-12.
Computing volumes of the grid elements.
Min. volume: 0.000148024, max. volume: 36.5146.

# FGMRES residual history
# Residual tolerance target = 1e-10
# Initial residual norm     = 6.71733e-07
     0     1
# FGMRES final (true) residual:
# Iteration = 4: |res|/|res0| = 4.05538e-12.

Computing volumes of the grid elements.
Non-linear iter.: 109/500. Linear iter.: 4. Min. area: 0.00014802. Error: 4.05538e-12.
Computing volumes of the grid elements.
Min. volume: 0.00014802, max. volume: 36.5133.

# FGMRES residual history
# Residual tolerance target = 1e-10
# Initial residual norm     = 6.64613e-07
     0     1
# FGMRES final (true) residual:
# Iteration = 4: |res|/|res0| = 4.09154e-12.

Computing volumes of the grid elements.
Non-linear iter.: 110/500. Linear iter.: 4. Min. area: 0.000148016. Error: 4.09154e-12.
Computing volumes of the grid elements.
Min. volume: 0.000148016, max. volume: 36.512.

# FGMRES residual history
# Residual tolerance target = 1e-10
# Initial residual norm     = 6.57546e-07
     0     1
# FGMRES final (true) residual:
# Iteration = 4: |res|/|res0| = 4.12827e-12.

Computing volumes of the grid elements.
Non-linear iter.: 111/500. Linear iter.: 4. Min. area: 0.000148013. Error: 4.12827e-12.
Computing volumes of the grid elements.
Min. volume: 0.000148013, max. volume: 36.5107.

# FGMRES residual history
# Residual tolerance target = 1e-10
# Initial residual norm     = 6.50531e-07
     0     1
# FGMRES final (true) residual:
# Iteration = 4: |res|/|res0| = 4.1656e-12.

Computing volumes of the grid elements.
Non-linear iter.: 112/500. Linear iter.: 4. Min. area: 0.000148009. Error: 4.1656e-12.
Computing volumes of the grid elements.
Min. volume: 0.000148009, max. volume: 36.5094.

# FGMRES residual history
# Residual tolerance target = 1e-10
# Initial residual norm     = 6.43568e-07
     0     1
# FGMRES final (true) residual:
# Iteration = 4: |res|/|res0| = 4.20353e-12.

Computing volumes of the grid elements.
Non-linear iter.: 113/500. Linear iter.: 4. Min. area: 0.000148005. Error: 4.20353e-12.
Computing volumes of the grid elements.
Min. volume: 0.000148005, max. volume: 36.5081.

# FGMRES residual history
# Residual tolerance target = 1e-10
# Initial residual norm     = 6.36657e-07
     0     1
# FGMRES final (true) residual:
# Iteration = 4: |res|/|res0| = 4.24208e-12.

Computing volumes of the grid elements.
Non-linear iter.: 114/500. Linear iter.: 4. Min. area: 0.000148001. Error: 4.24208e-12.
Computing volumes of the grid elements.
Min. volume: 0.000148001, max. volume: 36.5069.

# FGMRES residual history
# Residual tolerance target = 1e-10
# Initial residual norm     = 6.29797e-07
     0     1
# FGMRES final (true) residual:
# Iteration = 4: |res|/|res0| = 4.28126e-12.

Computing volumes of the grid elements.
Non-linear iter.: 115/500. Linear iter.: 4. Min. area: 0.000147998. Error: 4.28126e-12.
Computing volumes of the grid elements.
Min. volume: 0.000147998, max. volume: 36.5056.

# FGMRES residual history
# Residual tolerance target = 1e-10
# Initial residual norm     = 6.22987e-07
     0     1
# FGMRES final (true) residual:
# Iteration = 4: |res|/|res0| = 4.32109e-12.

Computing volumes of the grid elements.
Non-linear iter.: 116/500. Linear iter.: 4. Min. area: 0.000147994. Error: 4.32109e-12.
Computing volumes of the grid elements.
Min. volume: 0.000147994, max. volume: 36.5044.

# FGMRES residual history
# Residual tolerance target = 1e-10
# Initial residual norm     = 6.16227e-07
     0     1
# FGMRES final (true) residual:
# Iteration = 4: |res|/|res0| = 4.36157e-12.

Computing volumes of the grid elements.
Non-linear iter.: 117/500. Linear iter.: 4. Min. area: 0.00014799. Error: 4.36157e-12.
Computing volumes of the grid elements.
Min. volume: 0.00014799, max. volume: 36.5032.

# FGMRES residual history
# Residual tolerance target = 1e-10
# Initial residual norm     = 6.09516e-07
     0     1
# FGMRES final (true) residual:
# Iteration = 4: |res|/|res0| = 4.40273e-12.

Computing volumes of the grid elements.
Non-linear iter.: 118/500. Linear iter.: 4. Min. area: 0.000147987. Error: 4.40273e-12.
Computing volumes of the grid elements.
Min. volume: 0.000147987, max. volume: 36.502.

# FGMRES residual history
# Residual tolerance target = 1e-10
# Initial residual norm     = 6.02853e-07
     0     1
# FGMRES final (true) residual:
# Iteration = 4: |res|/|res0| = 4.44458e-12.

Computing volumes of the grid elements.
Non-linear iter.: 119/500. Linear iter.: 4. Min. area: 0.000147983. Error: 4.44458e-12.
Computing volumes of the grid elements.
Min. volume: 0.000147983, max. volume: 36.5008.

# FGMRES residual history
# Residual tolerance target = 1e-10
# Initial residual norm     = 5.96239e-07
     0     1
# FGMRES final (true) residual:
# Iteration = 4: |res|/|res0| = 4.48713e-12.

Computing volumes of the grid elements.
Non-linear iter.: 120/500. Linear iter.: 4. Min. area: 0.000147979. Error: 4.48713e-12.
Computing volumes of the grid elements.
Min. volume: 0.000147979, max. volume: 36.4996.

# FGMRES residual history
# Residual tolerance target = 1e-10
# Initial residual norm     = 5.89672e-07
     0     1
# FGMRES final (true) residual:
# Iteration = 4: |res|/|res0| = 4.53039e-12.

Computing volumes of the grid elements.
Non-linear iter.: 121/500. Linear iter.: 4. Min. area: 0.000147975. Error: 4.53039e-12.
Computing volumes of the grid elements.
Min. volume: 0.000147975, max. volume: 36.4984.

# FGMRES residual history
# Residual tolerance target = 1e-10
# Initial residual norm     = 5.83152e-07
     0     1
# FGMRES final (true) residual:
# Iteration = 4: |res|/|res0| = 4.57439e-12.

Computing volumes of the grid elements.
Non-linear iter.: 122/500. Linear iter.: 4. Min. area: 0.000147972. Error: 4.57439e-12.
Computing volumes of the grid elements.
Min. volume: 0.000147972, max. volume: 36.4972.

# FGMRES residual history
# Residual tolerance target = 1e-10
# Initial residual norm     = 5.76678e-07
     0     1
# FGMRES final (true) residual:
# Iteration = 4: |res|/|res0| = 4.61914e-12.

Computing volumes of the grid elements.
Non-linear iter.: 123/500. Linear iter.: 4. Min. area: 0.000147968. Error: 4.61914e-12.
Computing volumes of the grid elements.
Min. volume: 0.000147968, max. volume: 36.4961.

# FGMRES residual history
# Residual tolerance target = 1e-10
# Initial residual norm     = 5.7025e-07
     0     1
# FGMRES final (true) residual:
# Iteration = 4: |res|/|res0| = 4.66466e-12.

Computing volumes of the grid elements.
Non-linear iter.: 124/500. Linear iter.: 4. Min. area: 0.000147964. Error: 4.66466e-12.
Computing volumes of the grid elements.
Min. volume: 0.000147964, max. volume: 36.4949.

# FGMRES residual history
# Residual tolerance target = 1e-10
# Initial residual norm     = 5.63867e-07
     0     1
# FGMRES final (true) residual:
# Iteration = 4: |res|/|res0| = 4.71097e-12.

Computing volumes of the grid elements.
Non-linear iter.: 125/500. Linear iter.: 4. Min. area: 0.000147961. Error: 4.71097e-12.
Computing volumes of the grid elements.
Min. volume: 0.000147961, max. volume: 36.4938.

# FGMRES residual history
# Residual tolerance target = 1e-10
# Initial residual norm     = 5.57529e-07
     0     1
# FGMRES final (true) residual:
# Iteration = 4: |res|/|res0| = 4.75808e-12.

Computing volumes of the grid elements.
Non-linear iter.: 126/500. Linear iter.: 4. Min. area: 0.000147957. Error: 4.75808e-12.
Computing volumes of the grid elements.
Min. volume: 0.000147957, max. volume: 36.4927.

# FGMRES residual history
# Residual tolerance target = 1e-10
# Initial residual norm     = 5.51234e-07
     0     1
# FGMRES final (true) residual:
# Iteration = 4: |res|/|res0| = 4.80601e-12.

Computing volumes of the grid elements.
Non-linear iter.: 127/500. Linear iter.: 4. Min. area: 0.000147953. Error: 4.80601e-12.
Computing volumes of the grid elements.
Min. volume: 0.000147953, max. volume: 36.4916.

# FGMRES residual history
# Residual tolerance target = 1e-10
# Initial residual norm     = 5.44984e-07
     0     1
# FGMRES final (true) residual:
# Iteration = 4: |res|/|res0| = 4.85479e-12.

Computing volumes of the grid elements.
Non-linear iter.: 128/500. Linear iter.: 4. Min. area: 0.00014795. Error: 4.85479e-12.
Computing volumes of the grid elements.
Min. volume: 0.00014795, max. volume: 36.4905.

# FGMRES residual history
# Residual tolerance target = 1e-10
# Initial residual norm     = 5.38776e-07
     0     1
# FGMRES final (true) residual:
# Iteration = 4: |res|/|res0| = 4.90443e-12.

Computing volumes of the grid elements.
Non-linear iter.: 129/500. Linear iter.: 4. Min. area: 0.000147946. Error: 4.90443e-12.
Computing volumes of the grid elements.
Min. volume: 0.000147946, max. volume: 36.4894.

# FGMRES residual history
# Residual tolerance target = 1e-10
# Initial residual norm     = 5.32611e-07
     0     1
# FGMRES final (true) residual:
# Iteration = 4: |res|/|res0| = 4.95495e-12.

Computing volumes of the grid elements.
Non-linear iter.: 130/500. Linear iter.: 4. Min. area: 0.000147942. Error: 4.95495e-12.
Computing volumes of the grid elements.
Min. volume: 0.000147942, max. volume: 36.4883.

# FGMRES residual history
# Residual tolerance target = 1e-10
# Initial residual norm     = 5.26488e-07
     0     1
# FGMRES final (true) residual:
# Iteration = 4: |res|/|res0| = 5.00638e-12.

Computing volumes of the grid elements.
Non-linear iter.: 131/500. Linear iter.: 4. Min. area: 0.000147939. Error: 5.00638e-12.
Computing volumes of the grid elements.
Min. volume: 0.000147939, max. volume: 36.4872.

# FGMRES residual history
# Residual tolerance target = 1e-10
# Initial residual norm     = 5.20406e-07
     0     1
# FGMRES final (true) residual:
# Iteration = 4: |res|/|res0| = 5.05874e-12.

Computing volumes of the grid elements.
Non-linear iter.: 132/500. Linear iter.: 4. Min. area: 0.000147935. Error: 5.05874e-12.
Computing volumes of the grid elements.
Min. volume: 0.000147935, max. volume: 36.4862.

# FGMRES residual history
# Residual tolerance target = 1e-10
# Initial residual norm     = 5.14365e-07
     0     1
# FGMRES final (true) residual:
# Iteration = 4: |res|/|res0| = 5.11205e-12.

Computing volumes of the grid elements.
Non-linear iter.: 133/500. Linear iter.: 4. Min. area: 0.000147931. Error: 5.11205e-12.
Computing volumes of the grid elements.
Min. volume: 0.000147931, max. volume: 36.4851.

# FGMRES residual history
# Residual tolerance target = 1e-10
# Initial residual norm     = 5.08364e-07
     0     1
# FGMRES final (true) residual:
# Iteration = 4: |res|/|res0| = 5.16633e-12.

Computing volumes of the grid elements.
Non-linear iter.: 134/500. Linear iter.: 4. Min. area: 0.000147927. Error: 5.16633e-12.
Computing volumes of the grid elements.
Min. volume: 0.000147927, max. volume: 36.4841.

# FGMRES residual history
# Residual tolerance target = 1e-10
# Initial residual norm     = 5.02403e-07
     0     1
# FGMRES final (true) residual:
# Iteration = 4: |res|/|res0| = 5.22162e-12.

Computing volumes of the grid elements.
Non-linear iter.: 135/500. Linear iter.: 4. Min. area: 0.000147924. Error: 5.22162e-12.
Computing volumes of the grid elements.
Min. volume: 0.000147924, max. volume: 36.4831.

# FGMRES residual history
# Residual tolerance target = 1e-10
# Initial residual norm     = 4.96482e-07
     0     1
# FGMRES final (true) residual:
# Iteration = 4: |res|/|res0| = 5.27793e-12.

Computing volumes of the grid elements.
Non-linear iter.: 136/500. Linear iter.: 4. Min. area: 0.00014792. Error: 5.27793e-12.
Computing volumes of the grid elements.
Min. volume: 0.00014792, max. volume: 36.482.

# FGMRES residual history
# Residual tolerance target = 1e-10
# Initial residual norm     = 4.90598e-07
     0     1
# FGMRES final (true) residual:
# Iteration = 4: |res|/|res0| = 5.33529e-12.

Computing volumes of the grid elements.
Non-linear iter.: 137/500. Linear iter.: 4. Min. area: 0.000147916. Error: 5.33529e-12.
Computing volumes of the grid elements.
Min. volume: 0.000147916, max. volume: 36.481.

# FGMRES residual history
# Residual tolerance target = 1e-10
# Initial residual norm     = 4.84754e-07
     0     1
# FGMRES final (true) residual:
# Iteration = 4: |res|/|res0| = 5.39373e-12.

Computing volumes of the grid elements.
Non-linear iter.: 138/500. Linear iter.: 4. Min. area: 0.000147913. Error: 5.39373e-12.
Computing volumes of the grid elements.
Min. volume: 0.000147913, max. volume: 36.48.

# FGMRES residual history
# Residual tolerance target = 1e-10
# Initial residual norm     = 4.78946e-07
     0     1
# FGMRES final (true) residual:
# Iteration = 4: |res|/|res0| = 5.45328e-12.

Computing volumes of the grid elements.
Non-linear iter.: 139/500. Linear iter.: 4. Min. area: 0.000147909. Error: 5.45328e-12.
Computing volumes of the grid elements.
Min. volume: 0.000147909, max. volume: 36.479.

# FGMRES residual history
# Residual tolerance target = 1e-10
# Initial residual norm     = 4.73176e-07
     0     1
# FGMRES final (true) residual:
# Iteration = 4: |res|/|res0| = 5.51397e-12.

Computing volumes of the grid elements.
Non-linear iter.: 140/500. Linear iter.: 4. Min. area: 0.000147905. Error: 5.51397e-12.
Computing volumes of the grid elements.
Min. volume: 0.000147905, max. volume: 36.4781.

# FGMRES residual history
# Residual tolerance target = 1e-10
# Initial residual norm     = 4.67443e-07
     0     1
# FGMRES final (true) residual:
# Iteration = 4: |res|/|res0| = 5.57583e-12.

Computing volumes of the grid elements.
Non-linear iter.: 141/500. Linear iter.: 4. Min. area: 0.000147902. Error: 5.57583e-12.
Computing volumes of the grid elements.
Min. volume: 0.000147902, max. volume: 36.4771.

# FGMRES residual history
# Residual tolerance target = 1e-10
# Initial residual norm     = 4.61746e-07
     0     1
# FGMRES final (true) residual:
# Iteration = 4: |res|/|res0| = 5.6389e-12.

Computing volumes of the grid elements.
Non-linear iter.: 142/500. Linear iter.: 4. Min. area: 0.000147898. Error: 5.6389e-12.
Computing volumes of the grid elements.
Min. volume: 0.000147898, max. volume: 36.4762.

# FGMRES residual history
# Residual tolerance target = 1e-10
# Initial residual norm     = 4.56084e-07
     0     1
# FGMRES final (true) residual:
# Iteration = 4: |res|/|res0| = 5.70319e-12.

Computing volumes of the grid elements.
Non-linear iter.: 143/500. Linear iter.: 4. Min. area: 0.000147894. Error: 5.70319e-12.
Computing volumes of the grid elements.
Min. volume: 0.000147894, max. volume: 36.4752.

# FGMRES residual history
# Residual tolerance target = 1e-10
# Initial residual norm     = 4.50458e-07
     0     1
# FGMRES final (true) residual:
# Iteration = 4: |res|/|res0| = 5.76876e-12.

Computing volumes of the grid elements.
Non-linear iter.: 144/500. Linear iter.: 4. Min. area: 0.000147891. Error: 5.76876e-12.
Computing volumes of the grid elements.
Min. volume: 0.000147891, max. volume: 36.4743.

# FGMRES residual history
# Residual tolerance target = 1e-10
# Initial residual norm     = 4.44866e-07
     0     1
# FGMRES final (true) residual:
# Iteration = 4: |res|/|res0| = 5.83564e-12.

Computing volumes of the grid elements.
Non-linear iter.: 145/500. Linear iter.: 4. Min. area: 0.000147887. Error: 5.83564e-12.
Computing volumes of the grid elements.
Min. volume: 0.000147887, max. volume: 36.4734.

# FGMRES residual history
# Residual tolerance target = 1e-10
# Initial residual norm     = 4.39308e-07
     0     1
# FGMRES final (true) residual:
# Iteration = 4: |res|/|res0| = 5.90386e-12.

Computing volumes of the grid elements.
Non-linear iter.: 146/500. Linear iter.: 4. Min. area: 0.000147883. Error: 5.90386e-12.
Computing volumes of the grid elements.
Min. volume: 0.000147883, max. volume: 36.4724.

# FGMRES residual history
# Residual tolerance target = 1e-10
# Initial residual norm     = 4.33784e-07
     0     1
# FGMRES final (true) residual:
# Iteration = 4: |res|/|res0| = 5.97346e-12.

Computing volumes of the grid elements.
Non-linear iter.: 147/500. Linear iter.: 4. Min. area: 0.00014788. Error: 5.97346e-12.
Computing volumes of the grid elements.
Min. volume: 0.00014788, max. volume: 36.4715.

# FGMRES residual history
# Residual tolerance target = 1e-10
# Initial residual norm     = 4.28293e-07
     0     1
# FGMRES final (true) residual:
# Iteration = 4: |res|/|res0| = 6.04448e-12.

Computing volumes of the grid elements.
Non-linear iter.: 148/500. Linear iter.: 4. Min. area: 0.000147876. Error: 6.04448e-12.
Computing volumes of the grid elements.
Min. volume: 0.000147876, max. volume: 36.4706.

# FGMRES residual history
# Residual tolerance target = 1e-10
# Initial residual norm     = 4.22834e-07
     0     1
# FGMRES final (true) residual:
# Iteration = 4: |res|/|res0| = 6.11697e-12.

Computing volumes of the grid elements.
Non-linear iter.: 149/500. Linear iter.: 4. Min. area: 0.000147872. Error: 6.11697e-12.
Computing volumes of the grid elements.
Min. volume: 0.000147872, max. volume: 36.4698.

# FGMRES residual history
# Residual tolerance target = 1e-10
# Initial residual norm     = 4.17408e-07
     0     1
# FGMRES final (true) residual:
# Iteration = 4: |res|/|res0| = 6.19098e-12.

Computing volumes of the grid elements.
Non-linear iter.: 150/500. Linear iter.: 4. Min. area: 0.000147869. Error: 6.19098e-12.
Computing volumes of the grid elements.
Min. volume: 0.000147869, max. volume: 36.4689.

# FGMRES residual history
# Residual tolerance target = 1e-10
# Initial residual norm     = 4.12014e-07
     0     1
# FGMRES final (true) residual:
# Iteration = 4: |res|/|res0| = 6.26653e-12.

Computing volumes of the grid elements.
Non-linear iter.: 151/500. Linear iter.: 4. Min. area: 0.000147865. Error: 6.26653e-12.
Computing volumes of the grid elements.
Min. volume: 0.000147865, max. volume: 36.468.

# FGMRES residual history
# Residual tolerance target = 1e-10
# Initial residual norm     = 4.06651e-07
     0     1
# FGMRES final (true) residual:
# Iteration = 4: |res|/|res0| = 6.3437e-12.

Computing volumes of the grid elements.
Non-linear iter.: 152/500. Linear iter.: 4. Min. area: 0.000147861. Error: 6.3437e-12.
Computing volumes of the grid elements.
Min. volume: 0.000147861, max. volume: 36.4672.

# FGMRES residual history
# Residual tolerance target = 1e-10
# Initial residual norm     = 4.01318e-07
     0     1
# FGMRES final (true) residual:
# Iteration = 4: |res|/|res0| = 6.42251e-12.

Computing volumes of the grid elements.
Non-linear iter.: 153/500. Linear iter.: 4. Min. area: 0.000147858. Error: 6.42251e-12.
Computing volumes of the grid elements.
Min. volume: 0.000147858, max. volume: 36.4663.

# FGMRES residual history
# Residual tolerance target = 1e-10
# Initial residual norm     = 3.96016e-07
     0     1
# FGMRES final (true) residual:
# Iteration = 4: |res|/|res0| = 6.50303e-12.

Computing volumes of the grid elements.
Non-linear iter.: 154/500. Linear iter.: 4. Min. area: 0.000147854. Error: 6.50303e-12.
Computing volumes of the grid elements.
Min. volume: 0.000147854, max. volume: 36.4655.

# FGMRES residual history
# Residual tolerance target = 1e-10
# Initial residual norm     = 3.90743e-07
     0     1
# FGMRES final (true) residual:
# Iteration = 4: |res|/|res0| = 6.58532e-12.

Computing volumes of the grid elements.
Non-linear iter.: 155/500. Linear iter.: 4. Min. area: 0.00014785. Error: 6.58532e-12.
Computing volumes of the grid elements.
Min. volume: 0.00014785, max. volume: 36.4647.

# FGMRES residual history
# Residual tolerance target = 1e-10
# Initial residual norm     = 3.855e-07
     0     1
# FGMRES final (true) residual:
# Iteration = 4: |res|/|res0| = 6.66942e-12.

Computing volumes of the grid elements.
Non-linear iter.: 156/500. Linear iter.: 4. Min. area: 0.000147847. Error: 6.66942e-12.
Computing volumes of the grid elements.
Min. volume: 0.000147847, max. volume: 36.4639.

# FGMRES residual history
# Residual tolerance target = 1e-10
# Initial residual norm     = 3.80286e-07
     0     1
# FGMRES final (true) residual:
# Iteration = 4: |res|/|res0| = 6.75539e-12.

Computing volumes of the grid elements.
Non-linear iter.: 157/500. Linear iter.: 4. Min. area: 0.000147843. Error: 6.75539e-12.
Computing volumes of the grid elements.
Min. volume: 0.000147843, max. volume: 36.4631.

# FGMRES residual history
# Residual tolerance target = 1e-10
# Initial residual norm     = 3.75101e-07
     0     1
# FGMRES final (true) residual:
# Iteration = 4: |res|/|res0| = 6.84331e-12.

Computing volumes of the grid elements.
Non-linear iter.: 158/500. Linear iter.: 4. Min. area: 0.000147839. Error: 6.84331e-12.
Computing volumes of the grid elements.
Min. volume: 0.000147839, max. volume: 36.4623.

# FGMRES residual history
# Residual tolerance target = 1e-10
# Initial residual norm     = 3.69943e-07
     0     1
# FGMRES final (true) residual:
# Iteration = 4: |res|/|res0| = 6.93323e-12.

Computing volumes of the grid elements.
Non-linear iter.: 159/500. Linear iter.: 4. Min. area: 0.000147836. Error: 6.93323e-12.
Computing volumes of the grid elements.
Min. volume: 0.000147836, max. volume: 36.4615.

# FGMRES residual history
# Residual tolerance target = 1e-10
# Initial residual norm     = 3.64813e-07
     0     1
# FGMRES final (true) residual:
# Iteration = 4: |res|/|res0| = 7.02522e-12.

Computing volumes of the grid elements.
Non-linear iter.: 160/500. Linear iter.: 4. Min. area: 0.000147832. Error: 7.02522e-12.
Computing volumes of the grid elements.
Min. volume: 0.000147832, max. volume: 36.4607.

# FGMRES residual history
# Residual tolerance target = 1e-10
# Initial residual norm     = 3.5971e-07
     0     1
# FGMRES final (true) residual:
# Iteration = 4: |res|/|res0| = 7.11935e-12.

Computing volumes of the grid elements.
Non-linear iter.: 161/500. Linear iter.: 4. Min. area: 0.000147828. Error: 7.11935e-12.
Computing volumes of the grid elements.
Min. volume: 0.000147828, max. volume: 36.4599.

# FGMRES residual history
# Residual tolerance target = 1e-10
# Initial residual norm     = 3.54634e-07
     0     1
# FGMRES final (true) residual:
# Iteration = 4: |res|/|res0| = 7.2157e-12.

Computing volumes of the grid elements.
Non-linear iter.: 162/500. Linear iter.: 4. Min. area: 0.000147825. Error: 7.2157e-12.
Computing volumes of the grid elements.
Min. volume: 0.000147825, max. volume: 36.4592.

# FGMRES residual history
# Residual tolerance target = 1e-10
# Initial residual norm     = 3.49584e-07
     0     1
# FGMRES final (true) residual:
# Iteration = 4: |res|/|res0| = 7.31434e-12.

Computing volumes of the grid elements.
Non-linear iter.: 163/500. Linear iter.: 4. Min. area: 0.000147821. Error: 7.31434e-12.
Computing volumes of the grid elements.
Min. volume: 0.000147821, max. volume: 36.4584.

# FGMRES residual history
# Residual tolerance target = 1e-10
# Initial residual norm     = 3.44561e-07
     0     1
# FGMRES final (true) residual:
# Iteration = 4: |res|/|res0| = 7.41536e-12.

Computing volumes of the grid elements.
Non-linear iter.: 164/500. Linear iter.: 4. Min. area: 0.000147817. Error: 7.41536e-12.
Computing volumes of the grid elements.
Min. volume: 0.000147817, max. volume: 36.4577.

# FGMRES residual history
# Residual tolerance target = 1e-10
# Initial residual norm     = 3.39562e-07
     0     1
# FGMRES final (true) residual:
# Iteration = 4: |res|/|res0| = 7.51883e-12.

Computing volumes of the grid elements.
Non-linear iter.: 165/500. Linear iter.: 4. Min. area: 0.000147814. Error: 7.51883e-12.
Computing volumes of the grid elements.
Min. volume: 0.000147814, max. volume: 36.457.

# FGMRES residual history
# Residual tolerance target = 1e-10
# Initial residual norm     = 3.34589e-07
     0     1
# FGMRES final (true) residual:
# Iteration = 4: |res|/|res0| = 7.62486e-12.

Computing volumes of the grid elements.
Non-linear iter.: 166/500. Linear iter.: 4. Min. area: 0.00014781. Error: 7.62486e-12.
Computing volumes of the grid elements.
Min. volume: 0.00014781, max. volume: 36.4563.

# FGMRES residual history
# Residual tolerance target = 1e-10
# Initial residual norm     = 3.2964e-07
     0     1
# FGMRES final (true) residual:
# Iteration = 4: |res|/|res0| = 7.73353e-12.

Computing volumes of the grid elements.
Non-linear iter.: 167/500. Linear iter.: 4. Min. area: 0.000147806. Error: 7.73353e-12.
Computing volumes of the grid elements.
Min. volume: 0.000147806, max. volume: 36.4556.

# FGMRES residual history
# Residual tolerance target = 1e-10
# Initial residual norm     = 3.24716e-07
     0     1
# FGMRES final (true) residual:
# Iteration = 4: |res|/|res0| = 7.84494e-12.

Computing volumes of the grid elements.
Non-linear iter.: 168/500. Linear iter.: 4. Min. area: 0.000147803. Error: 7.84494e-12.
Computing volumes of the grid elements.
Min. volume: 0.000147803, max. volume: 36.4549.

# FGMRES residual history
# Residual tolerance target = 1e-10
# Initial residual norm     = 3.19816e-07
     0     1
# FGMRES final (true) residual:
# Iteration = 4: |res|/|res0| = 7.9592e-12.

Computing volumes of the grid elements.
Non-linear iter.: 169/500. Linear iter.: 4. Min. area: 0.000147799. Error: 7.9592e-12.
Computing volumes of the grid elements.
Min. volume: 0.000147799, max. volume: 36.4542.

# FGMRES residual history
# Residual tolerance target = 1e-10
# Initial residual norm     = 3.14939e-07
     0     1
# FGMRES final (true) residual:
# Iteration = 4: |res|/|res0| = 8.07641e-12.

Computing volumes of the grid elements.
Non-linear iter.: 170/500. Linear iter.: 4. Min. area: 0.000147795. Error: 8.07641e-12.
Computing volumes of the grid elements.
Min. volume: 0.000147795, max. volume: 36.4535.

# FGMRES residual history
# Residual tolerance target = 1e-10
# Initial residual norm     = 3.10085e-07
     0     1
# FGMRES final (true) residual:
# Iteration = 4: |res|/|res0| = 8.19669e-12.

Computing volumes of the grid elements.
Non-linear iter.: 171/500. Linear iter.: 4. Min. area: 0.000147792. Error: 8.19669e-12.
Computing volumes of the grid elements.
Min. volume: 0.000147792, max. volume: 36.4528.

# FGMRES residual history
# Residual tolerance target = 1e-10
# Initial residual norm     = 3.05255e-07
     0     1
# FGMRES final (true) residual:
# Iteration = 4: |res|/|res0| = 8.32015e-12.

Computing volumes of the grid elements.
Non-linear iter.: 172/500. Linear iter.: 4. Min. area: 0.000147788. Error: 8.32015e-12.
Computing volumes of the grid elements.
Min. volume: 0.000147788, max. volume: 36.4522.

# FGMRES residual history
# Residual tolerance target = 1e-10
# Initial residual norm     = 3.00446e-07
     0     1
# FGMRES final (true) residual:
# Iteration = 4: |res|/|res0| = 8.44692e-12.

Computing volumes of the grid elements.
Non-linear iter.: 173/500. Linear iter.: 4. Min. area: 0.000147784. Error: 8.44692e-12.
Computing volumes of the grid elements.
Min. volume: 0.000147784, max. volume: 36.4515.

# FGMRES residual history
# Residual tolerance target = 1e-10
# Initial residual norm     = 2.9566e-07
     0     1
# FGMRES final (true) residual:
# Iteration = 4: |res|/|res0| = 8.57714e-12.

Computing volumes of the grid elements.
Non-linear iter.: 174/500. Linear iter.: 4. Min. area: 0.000147781. Error: 8.57714e-12.
Computing volumes of the grid elements.
Min. volume: 0.000147781, max. volume: 36.4509.

# FGMRES residual history
# Residual tolerance target = 1e-10
# Initial residual norm     = 2.90896e-07
     0     1
# FGMRES final (true) residual:
# Iteration = 4: |res|/|res0| = 8.71094e-12.

Computing volumes of the grid elements.
Non-linear iter.: 175/500. Linear iter.: 4. Min. area: 0.000147777. Error: 8.71094e-12.
Computing volumes of the grid elements.
Min. volume: 0.000147777, max. volume: 36.4503.

# FGMRES residual history
# Residual tolerance target = 1e-10
# Initial residual norm     = 2.86153e-07
     0     1
# FGMRES final (true) residual:
# Iteration = 4: |res|/|res0| = 8.84847e-12.

Computing volumes of the grid elements.
Non-linear iter.: 176/500. Linear iter.: 4. Min. area: 0.000147773. Error: 8.84847e-12.
Computing volumes of the grid elements.
Min. volume: 0.000147773, max. volume: 36.4496.

# FGMRES residual history
# Residual tolerance target = 1e-10
# Initial residual norm     = 2.81432e-07
     0     1
# FGMRES final (true) residual:
# Iteration = 4: |res|/|res0| = 8.98989e-12.

Computing volumes of the grid elements.
Non-linear iter.: 177/500. Linear iter.: 4. Min. area: 0.00014777. Error: 8.98989e-12.
Computing volumes of the grid elements.
Min. volume: 0.00014777, max. volume: 36.449.

# FGMRES residual history
# Residual tolerance target = 1e-10
# Initial residual norm     = 2.76731e-07
     0     1
# FGMRES final (true) residual:
# Iteration = 4: |res|/|res0| = 9.13534e-12.

Computing volumes of the grid elements.
Non-linear iter.: 178/500. Linear iter.: 4. Min. area: 0.000147766. Error: 9.13534e-12.
Computing volumes of the grid elements.
Min. volume: 0.000147766, max. volume: 36.4484.

# FGMRES residual history
# Residual tolerance target = 1e-10
# Initial residual norm     = 2.72051e-07
     0     1
# FGMRES final (true) residual:
# Iteration = 4: |res|/|res0| = 9.28502e-12.

Computing volumes of the grid elements.
Non-linear iter.: 179/500. Linear iter.: 4. Min. area: 0.000147763. Error: 9.28502e-12.
Computing volumes of the grid elements.
Min. volume: 0.000147763, max. volume: 36.4478.

# FGMRES residual history
# Residual tolerance target = 1e-10
# Initial residual norm     = 2.67391e-07
     0     1
# FGMRES final (true) residual:
# Iteration = 4: |res|/|res0| = 9.43909e-12.

Computing volumes of the grid elements.
Non-linear iter.: 180/500. Linear iter.: 4. Min. area: 0.000147759. Error: 9.43909e-12.
Computing volumes of the grid elements.
Min. volume: 0.000147759, max. volume: 36.4473.

# FGMRES residual history
# Residual tolerance target = 1e-10
# Initial residual norm     = 2.62752e-07
     0     1
# FGMRES final (true) residual:
# Iteration = 4: |res|/|res0| = 9.59775e-12.

Computing volumes of the grid elements.
Non-linear iter.: 181/500. Linear iter.: 4. Min. area: 0.000147755. Error: 9.59775e-12.
Computing volumes of the grid elements.
Min. volume: 0.000147755, max. volume: 36.4467.

# FGMRES residual history
# Residual tolerance target = 1e-10
# Initial residual norm     = 2.58132e-07
     0     1
# FGMRES final (true) residual:
# Iteration = 4: |res|/|res0| = 9.76119e-12.

Computing volumes of the grid elements.
Non-linear iter.: 182/500. Linear iter.: 4. Min. area: 0.000147752. Error: 9.76119e-12.
Computing volumes of the grid elements.
Min. volume: 0.000147752, max. volume: 36.4461.

# FGMRES residual history
# Residual tolerance target = 1e-10
# Initial residual norm     = 2.53532e-07
     0     1
# FGMRES final (true) residual:
# Iteration = 4: |res|/|res0| = 9.92962e-12.

Computing volumes of the grid elements.
Non-linear iter.: 183/500. Linear iter.: 4. Min. area: 0.000147748. Error: 9.92962e-12.
Computing volumes of the grid elements.
Min. volume: 0.000147748, max. volume: 36.4456.

# FGMRES residual history
# Residual tolerance target = 1e-10
# Initial residual norm     = 2.48952e-07
     0     1
# FGMRES final (true) residual:
# Iteration = 4: |res|/|res0| = 1.01033e-11.

Computing volumes of the grid elements.
Non-linear iter.: 184/500. Linear iter.: 4. Min. area: 0.000147744. Error: 1.01033e-11.
Computing volumes of the grid elements.
Min. volume: 0.000147744, max. volume: 36.445.

# FGMRES residual history
# Residual tolerance target = 1e-10
# Initial residual norm     = 2.44391e-07
     0     1
# FGMRES final (true) residual:
# Iteration = 4: |res|/|res0| = 1.02824e-11.

Computing volumes of the grid elements.
Non-linear iter.: 185/500. Linear iter.: 4. Min. area: 0.000147741. Error: 1.02824e-11.
Computing volumes of the grid elements.
Min. volume: 0.000147741, max. volume: 36.4445.

# FGMRES residual history
# Residual tolerance target = 1e-10
# Initial residual norm     = 2.39849e-07
     0     1
# FGMRES final (true) residual:
# Iteration = 4: |res|/|res0| = 1.04672e-11.

Computing volumes of the grid elements.
Non-linear iter.: 186/500. Linear iter.: 4. Min. area: 0.000147737. Error: 1.04672e-11.
Computing volumes of the grid elements.
Min. volume: 0.000147737, max. volume: 36.444.

# FGMRES residual history
# Residual tolerance target = 1e-10
# Initial residual norm     = 2.35327e-07
     0     1
# FGMRES final (true) residual:
# Iteration = 4: |res|/|res0| = 1.0658e-11.

Computing volumes of the grid elements.
Non-linear iter.: 187/500. Linear iter.: 4. Min. area: 0.000147733. Error: 1.0658e-11.
Computing volumes of the grid elements.
Min. volume: 0.000147733, max. volume: 36.4434.

# FGMRES residual history
# Residual tolerance target = 1e-10
# Initial residual norm     = 2.30823e-07
     0     1
# FGMRES final (true) residual:
# Iteration = 4: |res|/|res0| = 1.0855e-11.

Computing volumes of the grid elements.
Non-linear iter.: 188/500. Linear iter.: 4. Min. area: 0.00014773. Error: 1.0855e-11.
Computing volumes of the grid elements.
Min. volume: 0.00014773, max. volume: 36.4429.

# FGMRES residual history
# Residual tolerance target = 1e-10
# Initial residual norm     = 2.26338e-07
     0     1
# FGMRES final (true) residual:
# Iteration = 4: |res|/|res0| = 1.10585e-11.

Computing volumes of the grid elements.
Non-linear iter.: 189/500. Linear iter.: 4. Min. area: 0.000147726. Error: 1.10585e-11.
Computing volumes of the grid elements.
Min. volume: 0.000147726, max. volume: 36.4424.

# FGMRES residual history
# Residual tolerance target = 1e-10
# Initial residual norm     = 2.21872e-07
     0     1
# FGMRES final (true) residual:
# Iteration = 4: |res|/|res0| = 1.12689e-11.

Computing volumes of the grid elements.
Non-linear iter.: 190/500. Linear iter.: 4. Min. area: 0.000147722. Error: 1.12689e-11.
Computing volumes of the grid elements.
Min. volume: 0.000147722, max. volume: 36.4419.

# FGMRES residual history
# Residual tolerance target = 1e-10
# Initial residual norm     = 2.17425e-07
     0     1
# FGMRES final (true) residual:
# Iteration = 4: |res|/|res0| = 1.14864e-11.

Computing volumes of the grid elements.
Non-linear iter.: 191/500. Linear iter.: 4. Min. area: 0.000147719. Error: 1.14864e-11.
Computing volumes of the grid elements.
Min. volume: 0.000147719, max. volume: 36.4415.

# FGMRES residual history
# Residual tolerance target = 1e-10
# Initial residual norm     = 2.12997e-07
     0     1
# FGMRES final (true) residual:
# Iteration = 4: |res|/|res0| = 1.17114e-11.

Computing volumes of the grid elements.
Non-linear iter.: 192/500. Linear iter.: 4. Min. area: 0.000147715. Error: 1.17114e-11.
Computing volumes of the grid elements.
Min. volume: 0.000147715, max. volume: 36.441.

# FGMRES residual history
# Residual tolerance target = 1e-10
# Initial residual norm     = 2.08588e-07
     0     1
# FGMRES final (true) residual:
# Iteration = 4: |res|/|res0| = 1.19443e-11.

Computing volumes of the grid elements.
Non-linear iter.: 193/500. Linear iter.: 4. Min. area: 0.000147712. Error: 1.19443e-11.
Computing volumes of the grid elements.
Min. volume: 0.000147712, max. volume: 36.4405.

# FGMRES residual history
# Residual tolerance target = 1e-10
# Initial residual norm     = 2.04198e-07
     0     1
# FGMRES final (true) residual:
# Iteration = 4: |res|/|res0| = 1.21854e-11.

Computing volumes of the grid elements.
Non-linear iter.: 194/500. Linear iter.: 4. Min. area: 0.000147708. Error: 1.21854e-11.
Computing volumes of the grid elements.
Min. volume: 0.000147708, max. volume: 36.4401.

# FGMRES residual history
# Residual tolerance target = 1e-10
# Initial residual norm     = 1.99827e-07
     0     1
# FGMRES final (true) residual:
# Iteration = 4: |res|/|res0| = 1.24351e-11.

Computing volumes of the grid elements.
Non-linear iter.: 195/500. Linear iter.: 4. Min. area: 0.000147704. Error: 1.24351e-11.
Computing volumes of the grid elements.
Min. volume: 0.000147704, max. volume: 36.4396.

# FGMRES residual history
# Residual tolerance target = 1e-10
# Initial residual norm     = 1.95476e-07
     0     1
# FGMRES final (true) residual:
# Iteration = 4: |res|/|res0| = 1.26938e-11.

Computing volumes of the grid elements.
Non-linear iter.: 196/500. Linear iter.: 4. Min. area: 0.000147701. Error: 1.26938e-11.
Computing volumes of the grid elements.
Min. volume: 0.000147701, max. volume: 36.4392.

# FGMRES residual history
# Residual tolerance target = 1e-10
# Initial residual norm     = 1.91145e-07
     0     1
# FGMRES final (true) residual:
# Iteration = 4: |res|/|res0| = 1.2962e-11.

Computing volumes of the grid elements.
Non-linear iter.: 197/500. Linear iter.: 4. Min. area: 0.000147697. Error: 1.2962e-11.
Computing volumes of the grid elements.
Min. volume: 0.000147697, max. volume: 36.4388.

# FGMRES residual history
# Residual tolerance target = 1e-10
# Initial residual norm     = 1.86834e-07
     0     1
# FGMRES final (true) residual:
# Iteration = 4: |res|/|res0| = 1.32401e-11.

Computing volumes of the grid elements.
Non-linear iter.: 198/500. Linear iter.: 4. Min. area: 0.000147693. Error: 1.32401e-11.
Computing volumes of the grid elements.
Min. volume: 0.000147693, max. volume: 36.4384.

# FGMRES residual history
# Residual tolerance target = 1e-10
# Initial residual norm     = 1.82544e-07
     0     1
# FGMRES final (true) residual:
# Iteration = 4: |res|/|res0| = 1.35286e-11.

Computing volumes of the grid elements.
Non-linear iter.: 199/500. Linear iter.: 4. Min. area: 0.00014769. Error: 1.35286e-11.
Computing volumes of the grid elements.
Min. volume: 0.00014769, max. volume: 36.438.

# FGMRES residual history
# Residual tolerance target = 1e-10
# Initial residual norm     = 1.78275e-07
     0     1
# FGMRES final (true) residual:
# Iteration = 4: |res|/|res0| = 1.38279e-11.

Computing volumes of the grid elements.
Non-linear iter.: 200/500. Linear iter.: 4. Min. area: 0.000147686. Error: 1.38279e-11.
Computing volumes of the grid elements.
Min. volume: 0.000147686, max. volume: 36.4376.

# FGMRES residual history
# Residual tolerance target = 1e-10
# Initial residual norm     = 1.74028e-07
     0     1
# FGMRES final (true) residual:
# Iteration = 4: |res|/|res0| = 1.41386e-11.

Computing volumes of the grid elements.
Non-linear iter.: 201/500. Linear iter.: 4. Min. area: 0.000147683. Error: 1.41386e-11.
Computing volumes of the grid elements.
Min. volume: 0.000147683, max. volume: 36.4372.

# FGMRES residual history
# Residual tolerance target = 1e-10
# Initial residual norm     = 1.69804e-07
     0     1
# FGMRES final (true) residual:
# Iteration = 4: |res|/|res0| = 1.44611e-11.

Computing volumes of the grid elements.
Non-linear iter.: 202/500. Linear iter.: 4. Min. area: 0.000147679. Error: 1.44611e-11.
Computing volumes of the grid elements.
Min. volume: 0.000147679, max. volume: 36.4368.

# FGMRES residual history
# Residual tolerance target = 1e-10
# Initial residual norm     = 1.65603e-07
     0     1
# FGMRES final (true) residual:
# Iteration = 4: |res|/|res0| = 1.4796e-11.

Computing volumes of the grid elements.
Non-linear iter.: 203/500. Linear iter.: 4. Min. area: 0.000147675. Error: 1.4796e-11.
Computing volumes of the grid elements.
Min. volume: 0.000147675, max. volume: 36.4364.

# FGMRES residual history
# Residual tolerance target = 1e-10
# Initial residual norm     = 1.61427e-07
     0     1
# FGMRES final (true) residual:
# Iteration = 4: |res|/|res0| = 1.51437e-11.

Computing volumes of the grid elements.
Non-linear iter.: 204/500. Linear iter.: 4. Min. area: 0.000147672. Error: 1.51437e-11.
Computing volumes of the grid elements.
Min. volume: 0.000147672, max. volume: 36.4361.

# FGMRES residual history
# Residual tolerance target = 1e-10
# Initial residual norm     = 1.57276e-07
     0     1
# FGMRES final (true) residual:
# Iteration = 4: |res|/|res0| = 1.55049e-11.

Computing volumes of the grid elements.
Non-linear iter.: 205/500. Linear iter.: 4. Min. area: 0.000147668. Error: 1.55049e-11.
Computing volumes of the grid elements.
Min. volume: 0.000147668, max. volume: 36.4357.

# FGMRES residual history
# Residual tolerance target = 1e-10
# Initial residual norm     = 1.53152e-07
     0     1
# FGMRES final (true) residual:
# Iteration = 4: |res|/|res0| = 1.58799e-11.

Computing volumes of the grid elements.
Non-linear iter.: 206/500. Linear iter.: 4. Min. area: 0.000147664. Error: 1.58799e-11.
Computing volumes of the grid elements.
Min. volume: 0.000147664, max. volume: 36.4354.

# FGMRES residual history
# Residual tolerance target = 1e-10
# Initial residual norm     = 1.49057e-07
     0     1
# FGMRES final (true) residual:
# Iteration = 4: |res|/|res0| = 1.62692e-11.

Computing volumes of the grid elements.
Non-linear iter.: 207/500. Linear iter.: 4. Min. area: 0.000147661. Error: 1.62692e-11.
Computing volumes of the grid elements.
Min. volume: 0.000147661, max. volume: 36.435.

# FGMRES residual history
# Residual tolerance target = 1e-10
# Initial residual norm     = 1.44993e-07
     0     1
# FGMRES final (true) residual:
# Iteration = 4: |res|/|res0| = 1.66733e-11.

Computing volumes of the grid elements.
Non-linear iter.: 208/500. Linear iter.: 4. Min. area: 0.000147657. Error: 1.66733e-11.
Computing volumes of the grid elements.
Min. volume: 0.000147657, max. volume: 36.4347.

# FGMRES residual history
# Residual tolerance target = 1e-10
# Initial residual norm     = 1.4096e-07
     0     1
# FGMRES final (true) residual:
# Iteration = 4: |res|/|res0| = 1.70924e-11.

Computing volumes of the grid elements.
Non-linear iter.: 209/500. Linear iter.: 4. Min. area: 0.000147654. Error: 1.70924e-11.
Computing volumes of the grid elements.
Min. volume: 0.000147654, max. volume: 36.4344.

# FGMRES residual history
# Residual tolerance target = 1e-10
# Initial residual norm     = 1.36962e-07
     0     1
# FGMRES final (true) residual:
# Iteration = 4: |res|/|res0| = 1.75268e-11.

Computing volumes of the grid elements.
Non-linear iter.: 210/500. Linear iter.: 4. Min. area: 0.00014765. Error: 1.75268e-11.
Computing volumes of the grid elements.
Min. volume: 0.00014765, max. volume: 36.4341.

# FGMRES residual history
# Residual tolerance target = 1e-10
# Initial residual norm     = 1.33001e-07
     0     1
# FGMRES final (true) residual:
# Iteration = 4: |res|/|res0| = 1.79766e-11.

Computing volumes of the grid elements.
Non-linear iter.: 211/500. Linear iter.: 4. Min. area: 0.000147646. Error: 1.79766e-11.
Computing volumes of the grid elements.
Min. volume: 0.000147646, max. volume: 36.4338.

# FGMRES residual history
# Residual tolerance target = 1e-10
# Initial residual norm     = 1.2908e-07
     0     1
# FGMRES final (true) residual:
# Iteration = 4: |res|/|res0| = 1.84417e-11.

Computing volumes of the grid elements.
Non-linear iter.: 212/500. Linear iter.: 4. Min. area: 0.000147643. Error: 1.84417e-11.
Computing volumes of the grid elements.
Min. volume: 0.000147643, max. volume: 36.4335.

# FGMRES residual history
# Residual tolerance target = 1e-10
# Initial residual norm     = 1.25202e-07
     0     1
# FGMRES final (true) residual:
# Iteration = 4: |res|/|res0| = 1.89218e-11.

Computing volumes of the grid elements.
Non-linear iter.: 213/500. Linear iter.: 4. Min. area: 0.000147639. Error: 1.89218e-11.
Computing volumes of the grid elements.
Min. volume: 0.000147639, max. volume: 36.4332.

# FGMRES residual history
# Residual tolerance target = 1e-10
# Initial residual norm     = 1.21371e-07
     0     1
# FGMRES final (true) residual:
# Iteration = 4: |res|/|res0| = 1.94162e-11.

Computing volumes of the grid elements.
Non-linear iter.: 214/500. Linear iter.: 4. Min. area: 0.000147636. Error: 1.94162e-11.
Computing volumes of the grid elements.
Min. volume: 0.000147636, max. volume: 36.433.

# FGMRES residual history
# Residual tolerance target = 1e-10
# Initial residual norm     = 1.17591e-07
     0     1
# FGMRES final (true) residual:
# Iteration = 4: |res|/|res0| = 1.99238e-11.

Computing volumes of the grid elements.
Non-linear iter.: 215/500. Linear iter.: 4. Min. area: 0.000147632. Error: 1.99238e-11.
Computing volumes of the grid elements.
Min. volume: 0.000147632, max. volume: 36.4327.

# FGMRES residual history
# Residual tolerance target = 1e-10
# Initial residual norm     = 1.13868e-07
     0     1
# FGMRES final (true) residual:
# Iteration = 4: |res|/|res0| = 2.04431e-11.

Computing volumes of the grid elements.
Non-linear iter.: 216/500. Linear iter.: 4. Min. area: 0.000147628. Error: 2.04431e-11.
Computing volumes of the grid elements.
Min. volume: 0.000147628, max. volume: 36.4325.

# FGMRES residual history
# Residual tolerance target = 1e-10
# Initial residual norm     = 1.10206e-07
     0     1
# FGMRES final (true) residual:
# Iteration = 4: |res|/|res0| = 2.09719e-11.

Computing volumes of the grid elements.
Non-linear iter.: 217/500. Linear iter.: 4. Min. area: 0.000147625. Error: 2.09719e-11.
Computing volumes of the grid elements.
Min. volume: 0.000147625, max. volume: 36.4322.

# FGMRES residual history
# Residual tolerance target = 1e-10
# Initial residual norm     = 1.06612e-07
     0     1
# FGMRES final (true) residual:
# Iteration = 4: |res|/|res0| = 2.15071e-11.

Computing volumes of the grid elements.
Non-linear iter.: 218/500. Linear iter.: 4. Min. area: 0.000147621. Error: 2.15071e-11.
Computing volumes of the grid elements.
Min. volume: 0.000147621, max. volume: 36.432.

# FGMRES residual history
# Residual tolerance target = 1e-10
# Initial residual norm     = 1.03094e-07
     0     1
# FGMRES final (true) residual:
# Iteration = 4: |res|/|res0| = 2.20447e-11.

Computing volumes of the grid elements.
Non-linear iter.: 219/500. Linear iter.: 4. Min. area: 0.000147618. Error: 2.20447e-11.
Computing volumes of the grid elements.
Min. volume: 0.000147618, max. volume: 36.4318.

# FGMRES residual history
# Residual tolerance target = 1e-10
# Initial residual norm     = 9.96579e-08
     0     1
# FGMRES final (true) residual:
# Iteration = 4: |res|/|res0| = 2.25795e-11.

Computing volumes of the grid elements.
Non-linear iter.: 220/500. Linear iter.: 4. Min. area: 0.000147614. Error: 2.25795e-11.
Computing volumes of the grid elements.
Min. volume: 0.000147614, max. volume: 36.4316.

# FGMRES residual history
# Residual tolerance target = 1e-10
# Initial residual norm     = 9.63143e-08
     0     1
# FGMRES final (true) residual:
# Iteration = 4: |res|/|res0| = 2.31047e-11.

Computing volumes of the grid elements.
Non-linear iter.: 221/500. Linear iter.: 4. Min. area: 0.00014761. Error: 2.31047e-11.
Computing volumes of the grid elements.
Min. volume: 0.00014761, max. volume: 36.4314.

# FGMRES residual history
# Residual tolerance target = 1e-10
# Initial residual norm     = 9.30731e-08
     0     1
# FGMRES final (true) residual:
# Iteration = 4: |res|/|res0| = 2.3612e-11.

Computing volumes of the grid elements.
Non-linear iter.: 222/500. Linear iter.: 4. Min. area: 0.000147607. Error: 2.3612e-11.
Computing volumes of the grid elements.
Min. volume: 0.000147607, max. volume: 36.4312.

# FGMRES residual history
# Residual tolerance target = 1e-10
# Initial residual norm     = 8.99456e-08
     0     1
# FGMRES final (true) residual:
# Iteration = 4: |res|/|res0| = 2.40914e-11.

Computing volumes of the grid elements.
Non-linear iter.: 223/500. Linear iter.: 4. Min. area: 0.000147603. Error: 2.40914e-11.
Computing volumes of the grid elements.
Min. volume: 0.000147603, max. volume: 36.431.

# FGMRES residual history
# Residual tolerance target = 1e-10
# Initial residual norm     = 8.69446e-08
     0     1
# FGMRES final (true) residual:
# Iteration = 4: |res|/|res0| = 2.45309e-11.

Computing volumes of the grid elements.
Non-linear iter.: 224/500. Linear iter.: 4. Min. area: 0.000147599. Error: 2.45309e-11.
Computing volumes of the grid elements.
Min. volume: 0.000147599, max. volume: 36.4308.

# FGMRES residual history
# Residual tolerance target = 1e-10
# Initial residual norm     = 8.40844e-08
     0     1
# FGMRES final (true) residual:
# Iteration = 4: |res|/|res0| = 2.49169e-11.

Computing volumes of the grid elements.
Non-linear iter.: 225/500. Linear iter.: 4. Min. area: 0.000147596. Error: 2.49169e-11.
Computing volumes of the grid elements.
Min. volume: 0.000147596, max. volume: 36.4306.

# FGMRES residual history
# Residual tolerance target = 1e-10
# Initial residual norm     = 8.13807e-08
     0     1
# FGMRES final (true) residual:
# Iteration = 4: |res|/|res0| = 2.52346e-11.

Computing volumes of the grid elements.
Non-linear iter.: 226/500. Linear iter.: 4. Min. area: 0.000147592. Error: 2.52346e-11.
Computing volumes of the grid elements.
Min. volume: 0.000147592, max. volume: 36.4305.

# FGMRES residual history
# Residual tolerance target = 1e-10
# Initial residual norm     = 7.88503e-08
     0     1
# FGMRES final (true) residual:
# Iteration = 4: |res|/|res0| = 2.54693e-11.

Computing volumes of the grid elements.
Non-linear iter.: 227/500. Linear iter.: 4. Min. area: 0.000147589. Error: 2.54693e-11.
Computing volumes of the grid elements.
Min. volume: 0.000147589, max. volume: 36.4303.

# FGMRES residual history
# Residual tolerance target = 1e-10
# Initial residual norm     = 7.65116e-08
     0     1
# FGMRES final (true) residual:
# Iteration = 4: |res|/|res0| = 2.56082e-11.

Computing volumes of the grid elements.
Non-linear iter.: 228/500. Linear iter.: 4. Min. area: 0.000147585. Error: 2.56082e-11.
Computing volumes of the grid elements.
Min. volume: 0.000147585, max. volume: 36.4302.

# FGMRES residual history
# Residual tolerance target = 1e-10
# Initial residual norm     = 7.4384e-08
     0     1
# FGMRES final (true) residual:
# Iteration = 4: |res|/|res0| = 2.56435e-11.

Computing volumes of the grid elements.
Non-linear iter.: 229/500. Linear iter.: 4. Min. area: 0.000147581. Error: 2.56435e-11.
Computing volumes of the grid elements.
Min. volume: 0.000147581, max. volume: 36.4301.

# FGMRES residual history
# Residual tolerance target = 1e-10
# Initial residual norm     = 7.24875e-08
     0     1
# FGMRES final (true) residual:
# Iteration = 4: |res|/|res0| = 2.55764e-11.

Computing volumes of the grid elements.
Non-linear iter.: 230/500. Linear iter.: 4. Min. area: 0.000147578. Error: 2.55764e-11.
Computing volumes of the grid elements.
Min. volume: 0.000147578, max. volume: 36.43.

# FGMRES residual history
# Residual tolerance target = 1e-10
# Initial residual norm     = 7.08421e-08
     0     1
# FGMRES final (true) residual:
# Iteration = 4: |res|/|res0| = 2.54223e-11.

Computing volumes of the grid elements.
Non-linear iter.: 231/500. Linear iter.: 4. Min. area: 0.000147574. Error: 2.54223e-11.
Computing volumes of the grid elements.
Min. volume: 0.000147574, max. volume: 36.4298.

# FGMRES residual history
# Residual tolerance target = 1e-10
# Initial residual norm     = 6.94676e-08
     0     1
# FGMRES final (true) residual:
# Iteration = 4: |res|/|res0| = 2.52148e-11.

Computing volumes of the grid elements.
Non-linear iter.: 232/500. Linear iter.: 4. Min. area: 0.000147571. Error: 2.52148e-11.
Computing volumes of the grid elements.
Min. volume: 0.000147571, max. volume: 36.4297.

# FGMRES residual history
# Residual tolerance target = 1e-10
# Initial residual norm     = 6.83822e-08
     0     1
# FGMRES final (true) residual:
# Iteration = 4: |res|/|res0| = 2.5007e-11.

Computing volumes of the grid elements.
Non-linear iter.: 233/500. Linear iter.: 4. Min. area: 0.000147567. Error: 2.5007e-11.
Computing volumes of the grid elements.
Min. volume: 0.000147567, max. volume: 36.4297.

# FGMRES residual history
# Residual tolerance target = 1e-10
# Initial residual norm     = 6.7602e-08
     0     1
# FGMRES final (true) residual:
# Iteration = 4: |res|/|res0| = 2.48664e-11.

Computing volumes of the grid elements.
Non-linear iter.: 234/500. Linear iter.: 4. Min. area: 0.000147564. Error: 2.48664e-11.
Computing volumes of the grid elements.
Min. volume: 0.000147564, max. volume: 36.4296.

# FGMRES residual history
# Residual tolerance target = 1e-10
# Initial residual norm     = 6.71398e-08
     0     1
# FGMRES final (true) residual:
# Iteration = 4: |res|/|res0| = 2.48601e-11.

Computing volumes of the grid elements.
Non-linear iter.: 235/500. Linear iter.: 4. Min. area: 0.00014756. Error: 2.48601e-11.
Computing volumes of the grid elements.
Min. volume: 0.00014756, max. volume: 36.4295.

# FGMRES residual history
# Residual tolerance target = 1e-10
# Initial residual norm     = 6.70049e-08
     0     1
# FGMRES final (true) residual:
# Iteration = 4: |res|/|res0| = 2.50342e-11.

Computing volumes of the grid elements.
Non-linear iter.: 236/500. Linear iter.: 4. Min. area: 0.000147556. Error: 2.50342e-11.
Computing volumes of the grid elements.
Min. volume: 0.000147556, max. volume: 36.4294.

# FGMRES residual history
# Residual tolerance target = 1e-10
# Initial residual norm     = 6.72016e-08
     0     1
# FGMRES final (true) residual:
# Iteration = 4: |res|/|res0| = 2.53937e-11.

Computing volumes of the grid elements.
Non-linear iter.: 237/500. Linear iter.: 4. Min. area: 0.000147553. Error: 2.53937e-11.
Computing volumes of the grid elements.
Min. volume: 0.000147553, max. volume: 36.4294.

# FGMRES residual history
# Residual tolerance target = 1e-10
# Initial residual norm     = 6.773e-08
     0     1
# FGMRES final (true) residual:
# Iteration = 4: |res|/|res0| = 2.58973e-11.

Computing volumes of the grid elements.
Non-linear iter.: 238/500. Linear iter.: 4. Min. area: 0.000147549. Error: 2.58973e-11.
Computing volumes of the grid elements.
Min. volume: 0.000147549, max. volume: 36.4294.

# FGMRES residual history
# Residual tolerance target = 1e-10
# Initial residual norm     = 6.85852e-08
     0     1
# FGMRES final (true) residual:
# Iteration = 4: |res|/|res0| = 2.64681e-11.

Computing volumes of the grid elements.
Non-linear iter.: 239/500. Linear iter.: 4. Min. area: 0.000147546. Error: 2.64681e-11.
Computing volumes of the grid elements.
Min. volume: 0.000147546, max. volume: 36.4293.

# FGMRES residual history
# Residual tolerance target = 1e-10
# Initial residual norm     = 6.97582e-08
     0     1
# FGMRES final (true) residual:
# Iteration = 4: |res|/|res0| = 2.7017e-11.

Computing volumes of the grid elements.
Non-linear iter.: 240/500. Linear iter.: 4. Min. area: 0.000147542. Error: 2.7017e-11.
Computing volumes of the grid elements.
Min. volume: 0.000147542, max. volume: 36.4293.

# FGMRES residual history
# Residual tolerance target = 1e-10
# Initial residual norm     = 7.12365e-08
     0     1
# FGMRES final (true) residual:
# Iteration = 4: |res|/|res0| = 2.74645e-11.

Computing volumes of the grid elements.
Non-linear iter.: 241/500. Linear iter.: 4. Min. area: 0.000147538. Error: 2.74645e-11.
Computing volumes of the grid elements.
Min. volume: 0.000147538, max. volume: 36.4293.

# FGMRES residual history
# Residual tolerance target = 1e-10
# Initial residual norm     = 7.30046e-08
     0     1
# FGMRES final (true) residual:
# Iteration = 4: |res|/|res0| = 2.77528e-11.

Computing volumes of the grid elements.
Non-linear iter.: 242/500. Linear iter.: 4. Min. area: 0.000147535. Error: 2.77528e-11.
Computing volumes of the grid elements.
Min. volume: 0.000147535, max. volume: 36.4293.

# FGMRES residual history
# Residual tolerance target = 1e-10
# Initial residual norm     = 7.50453e-08
     0     1
# FGMRES final (true) residual:
# Iteration = 4: |res|/|res0| = 2.78482e-11.

Computing volumes of the grid elements.
Non-linear iter.: 243/500. Linear iter.: 4. Min. area: 0.000147531. Error: 2.78482e-11.
Computing volumes of the grid elements.
Min. volume: 0.000147531, max. volume: 36.4293.

# FGMRES residual history
# Residual tolerance target = 1e-10
# Initial residual norm     = 7.73404e-08
     0     1
# FGMRES final (true) residual:
# Iteration = 4: |res|/|res0| = 2.77328e-11.

Computing volumes of the grid elements.
Non-linear iter.: 244/500. Linear iter.: 4. Min. area: 0.000147528. Error: 2.77328e-11.
Computing volumes of the grid elements.
Min. volume: 0.000147528, max. volume: 36.4293.

# FGMRES residual history
# Residual tolerance target = 1e-10
# Initial residual norm     = 7.98712e-08
     0     1
# FGMRES final (true) residual:
# Iteration = 4: |res|/|res0| = 2.73891e-11.

Computing volumes of the grid elements.
Non-linear iter.: 245/500. Linear iter.: 4. Min. area: 0.000147524. Error: 2.73891e-11.
Computing volumes of the grid elements.
Min. volume: 0.000147524, max. volume: 36.4293.

# FGMRES residual history
# Residual tolerance target = 1e-10
# Initial residual norm     = 8.26197e-08
     0     1
# FGMRES final (true) residual:
# Iteration = 4: |res|/|res0| = 2.67612e-11.

Computing volumes of the grid elements.
Non-linear iter.: 246/500. Linear iter.: 4. Min. area: 0.00014752. Error: 2.67612e-11.
Computing volumes of the grid elements.
Min. volume: 0.00014752, max. volume: 36.4294.

# FGMRES residual history
# Residual tolerance target = 1e-10
# Initial residual norm     = 8.55681e-08
     0     1
# FGMRES final (true) residual:
# Iteration = 4: |res|/|res0| = 2.56112e-11.

Computing volumes of the grid elements.
Non-linear iter.: 247/500. Linear iter.: 4. Min. area: 0.000147517. Error: 2.56112e-11.
Computing volumes of the grid elements.
Min. volume: 0.000147517, max. volume: 36.4294.

# FGMRES residual history
# Residual tolerance target = 1e-10
# Initial residual norm     = 8.87e-08
     0     1
# FGMRES final (true) residual:
# Iteration = 4: |res|/|res0| = 2.25541e-11.

Computing volumes of the grid elements.
Non-linear iter.: 248/500. Linear iter.: 4. Min. area: 0.000147513. Error: 2.25541e-11.
Computing volumes of the grid elements.
Min. volume: 0.000147513, max. volume: 36.4295.

# FGMRES residual history
# Residual tolerance target = 1e-10
# Initial residual norm     = 9.20002e-08
     0     1
# FGMRES final (true) residual:
# Iteration = 4: |res|/|res0| = 1.82085e-11.

Computing volumes of the grid elements.
Non-linear iter.: 249/500. Linear iter.: 4. Min. area: 0.00014751. Error: 1.82085e-11.
Computing volumes of the grid elements.
Min. volume: 0.00014751, max. volume: 36.4295.

# FGMRES residual history
# Residual tolerance target = 1e-10
# Initial residual norm     = 9.54547e-08
     0     1
# FGMRES final (true) residual:
# Iteration = 4: |res|/|res0| = 2.53387e-11.

Computing volumes of the grid elements.
Non-linear iter.: 250/500. Linear iter.: 4. Min. area: 0.000147506. Error: 2.53387e-11.
Computing volumes of the grid elements.
Min. volume: 0.000147506, max. volume: 36.4296.

# FGMRES residual history
# Residual tolerance target = 1e-10
# Initial residual norm     = 9.90509e-08
     0     1
# FGMRES final (true) residual:
# Iteration = 4: |res|/|res0| = 2.52543e-11.

Computing volumes of the grid elements.
Non-linear iter.: 251/500. Linear iter.: 4. Min. area: 0.000147503. Error: 2.52543e-11.
Computing volumes of the grid elements.
Min. volume: 0.000147503, max. volume: 36.4297.

# FGMRES residual history
# Residual tolerance target = 1e-10
# Initial residual norm     = 1.02777e-07
     0     1
# FGMRES final (true) residual:
# Iteration = 4: |res|/|res0| = 2.45859e-11.

Computing volumes of the grid elements.
Non-linear iter.: 252/500. Linear iter.: 4. Min. area: 0.000147499. Error: 2.45859e-11.
Computing volumes of the grid elements.
Min. volume: 0.000147499, max. volume: 36.4298.

# FGMRES residual history
# Residual tolerance target = 1e-10
# Initial residual norm     = 1.06624e-07
     0     1
# FGMRES final (true) residual:
# Iteration = 4: |res|/|res0| = 2.38543e-11.

Computing volumes of the grid elements.
Non-linear iter.: 253/500. Linear iter.: 4. Min. area: 0.000147495. Error: 2.38543e-11.
Computing volumes of the grid elements.
Min. volume: 0.000147495, max. volume: 36.4299.

# FGMRES residual history
# Residual tolerance target = 1e-10
# Initial residual norm     = 1.10582e-07
     0     1
# FGMRES final (true) residual:
# Iteration = 4: |res|/|res0| = 2.31239e-11.

Computing volumes of the grid elements.
Non-linear iter.: 254/500. Linear iter.: 4. Min. area: 0.000147492. Error: 2.31239e-11.
Computing volumes of the grid elements.
Min. volume: 0.000147492, max. volume: 36.43.

# FGMRES residual history
# Residual tolerance target = 1e-10
# Initial residual norm     = 1.14642e-07
     0     1
# FGMRES final (true) residual:
# Iteration = 4: |res|/|res0| = 2.24091e-11.

Computing volumes of the grid elements.
Non-linear iter.: 255/500. Linear iter.: 4. Min. area: 0.000147488. Error: 2.24091e-11.
Computing volumes of the grid elements.
Min. volume: 0.000147488, max. volume: 36.4302.

# FGMRES residual history
# Residual tolerance target = 1e-10
# Initial residual norm     = 1.18799e-07
     0     1
# FGMRES final (true) residual:
# Iteration = 4: |res|/|res0| = 2.17145e-11.

Computing volumes of the grid elements.
Non-linear iter.: 256/500. Linear iter.: 4. Min. area: 0.000147485. Error: 2.17145e-11.
Computing volumes of the grid elements.
Min. volume: 0.000147485, max. volume: 36.4303.

# FGMRES residual history
# Residual tolerance target = 1e-10
# Initial residual norm     = 1.23046e-07
     0     1
# FGMRES final (true) residual:
# Iteration = 4: |res|/|res0| = 2.10424e-11.

Computing volumes of the grid elements.
Non-linear iter.: 257/500. Linear iter.: 4. Min. area: 0.000147481. Error: 2.10424e-11.
Computing volumes of the grid elements.
Min. volume: 0.000147481, max. volume: 36.4305.

# FGMRES residual history
# Residual tolerance target = 1e-10
# Initial residual norm     = 1.27377e-07
     0     1
# FGMRES final (true) residual:
# Iteration = 4: |res|/|res0| = 2.03939e-11.

Computing volumes of the grid elements.
Non-linear iter.: 258/500. Linear iter.: 4. Min. area: 0.000147478. Error: 2.03939e-11.
Computing volumes of the grid elements.
Min. volume: 0.000147478, max. volume: 36.4306.

# FGMRES residual history
# Residual tolerance target = 1e-10
# Initial residual norm     = 1.31788e-07
     0     1
# FGMRES final (true) residual:
# Iteration = 4: |res|/|res0| = 1.97697e-11.

Computing volumes of the grid elements.
Non-linear iter.: 259/500. Linear iter.: 4. Min. area: 0.000147474. Error: 1.97697e-11.
Computing volumes of the grid elements.
Min. volume: 0.000147474, max. volume: 36.4308.

# FGMRES residual history
# Residual tolerance target = 1e-10
# Initial residual norm     = 1.36275e-07
     0     1
# FGMRES final (true) residual:
# Iteration = 4: |res|/|res0| = 1.91698e-11.

Computing volumes of the grid elements.
Non-linear iter.: 260/500. Linear iter.: 4. Min. area: 0.00014747. Error: 1.91698e-11.
Computing volumes of the grid elements.
Min. volume: 0.00014747, max. volume: 36.431.

# FGMRES residual history
# Residual tolerance target = 1e-10
# Initial residual norm     = 1.40833e-07
     0     1
# FGMRES final (true) residual:
# Iteration = 4: |res|/|res0| = 1.8594e-11.

Computing volumes of the grid elements.
Non-linear iter.: 261/500. Linear iter.: 4. Min. area: 0.000147467. Error: 1.8594e-11.
Computing volumes of the grid elements.
Min. volume: 0.000147467, max. volume: 36.4311.

# FGMRES residual history
# Residual tolerance target = 1e-10
# Initial residual norm     = 1.45459e-07
     0     1
# FGMRES final (true) residual:
# Iteration = 4: |res|/|res0| = 1.80419e-11.

Computing volumes of the grid elements.
Non-linear iter.: 262/500. Linear iter.: 4. Min. area: 0.000147463. Error: 1.80419e-11.
Computing volumes of the grid elements.
Min. volume: 0.000147463, max. volume: 36.4313.

# FGMRES residual history
# Residual tolerance target = 1e-10
# Initial residual norm     = 1.50152e-07
     0     1
# FGMRES final (true) residual:
# Iteration = 4: |res|/|res0| = 1.75128e-11.

Computing volumes of the grid elements.
Non-linear iter.: 263/500. Linear iter.: 4. Min. area: 0.00014746. Error: 1.75128e-11.
Computing volumes of the grid elements.
Min. volume: 0.00014746, max. volume: 36.4316.

# FGMRES residual history
# Residual tolerance target = 1e-10
# Initial residual norm     = 1.54908e-07
     0     1
# FGMRES final (true) residual:
# Iteration = 4: |res|/|res0| = 1.7006e-11.

Computing volumes of the grid elements.
Non-linear iter.: 264/500. Linear iter.: 4. Min. area: 0.000147456. Error: 1.7006e-11.
Computing volumes of the grid elements.
Min. volume: 0.000147456, max. volume: 36.4318.

# FGMRES residual history
# Residual tolerance target = 1e-10
# Initial residual norm     = 1.59725e-07
     0     1
# FGMRES final (true) residual:
# Iteration = 4: |res|/|res0| = 1.65207e-11.

Computing volumes of the grid elements.
Non-linear iter.: 265/500. Linear iter.: 4. Min. area: 0.000147453. Error: 1.65207e-11.
Computing volumes of the grid elements.
Min. volume: 0.000147453, max. volume: 36.432.

# FGMRES residual history
# Residual tolerance target = 1e-10
# Initial residual norm     = 1.64601e-07
     0     1
# FGMRES final (true) residual:
# Iteration = 4: |res|/|res0| = 1.60561e-11.

Computing volumes of the grid elements.
Non-linear iter.: 266/500. Linear iter.: 4. Min. area: 0.000147449. Error: 1.60561e-11.
Computing volumes of the grid elements.
Min. volume: 0.000147449, max. volume: 36.4323.

# FGMRES residual history
# Residual tolerance target = 1e-10
# Initial residual norm     = 1.69536e-07
     0     1
# FGMRES final (true) residual:
# Iteration = 4: |res|/|res0| = 1.56111e-11.

Computing volumes of the grid elements.
Non-linear iter.: 267/500. Linear iter.: 4. Min. area: 0.000147446. Error: 1.56111e-11.
Computing volumes of the grid elements.
Min. volume: 0.000147446, max. volume: 36.4325.

# FGMRES residual history
# Residual tolerance target = 1e-10
# Initial residual norm     = 1.74527e-07
     0     1
# FGMRES final (true) residual:
# Iteration = 4: |res|/|res0| = 1.5185e-11.

Computing volumes of the grid elements.
Non-linear iter.: 268/500. Linear iter.: 4. Min. area: 0.000147442. Error: 1.5185e-11.
Computing volumes of the grid elements.
Min. volume: 0.000147442, max. volume: 36.4328.

# FGMRES residual history
# Residual tolerance target = 1e-10
# Initial residual norm     = 1.79573e-07
     0     1
# FGMRES final (true) residual:
# Iteration = 4: |res|/|res0| = 1.47768e-11.

Computing volumes of the grid elements.
Non-linear iter.: 269/500. Linear iter.: 4. Min. area: 0.000147438. Error: 1.47768e-11.
Computing volumes of the grid elements.
Min. volume: 0.000147438, max. volume: 36.4331.

# FGMRES residual history
# Residual tolerance target = 1e-10
# Initial residual norm     = 1.84674e-07
     0     1
# FGMRES final (true) residual:
# Iteration = 4: |res|/|res0| = 1.43856e-11.

Computing volumes of the grid elements.
Non-linear iter.: 270/500. Linear iter.: 4. Min. area: 0.000147435. Error: 1.43856e-11.
Computing volumes of the grid elements.
Min. volume: 0.000147435, max. volume: 36.4333.

# FGMRES residual history
# Residual tolerance target = 1e-10
# Initial residual norm     = 1.89829e-07
     0     1
# FGMRES final (true) residual:
# Iteration = 4: |res|/|res0| = 1.40106e-11.

Computing volumes of the grid elements.
Non-linear iter.: 271/500. Linear iter.: 4. Min. area: 0.000147431. Error: 1.40106e-11.
Computing volumes of the grid elements.
Min. volume: 0.000147431, max. volume: 36.4336.

# FGMRES residual history
# Residual tolerance target = 1e-10
# Initial residual norm     = 1.95036e-07
     0     1
# FGMRES final (true) residual:
# Iteration = 4: |res|/|res0| = 1.36511e-11.

Computing volumes of the grid elements.
Non-linear iter.: 272/500. Linear iter.: 4. Min. area: 0.000147428. Error: 1.36511e-11.
Computing volumes of the grid elements.
Min. volume: 0.000147428, max. volume: 36.4339.

# FGMRES residual history
# Residual tolerance target = 1e-10
# Initial residual norm     = 2.00297e-07
     0     1
# FGMRES final (true) residual:
# Iteration = 4: |res|/|res0| = 1.33061e-11.

Computing volumes of the grid elements.
Non-linear iter.: 273/500. Linear iter.: 4. Min. area: 0.000147424. Error: 1.33061e-11.
Computing volumes of the grid elements.
Min. volume: 0.000147424, max. volume: 36.4343.

# FGMRES residual history
# Residual tolerance target = 1e-10
# Initial residual norm     = 2.05609e-07
     0     1
# FGMRES final (true) residual:
# Iteration = 4: |res|/|res0| = 1.2975e-11.

Computing volumes of the grid elements.
Non-linear iter.: 274/500. Linear iter.: 4. Min. area: 0.000147421. Error: 1.2975e-11.
Computing volumes of the grid elements.
Min. volume: 0.000147421, max. volume: 36.4346.

# FGMRES residual history
# Residual tolerance target = 1e-10
# Initial residual norm     = 2.10974e-07
     0     1
# FGMRES final (true) residual:
# Iteration = 4: |res|/|res0| = 1.2657e-11.

Computing volumes of the grid elements.
Non-linear iter.: 275/500. Linear iter.: 4. Min. area: 0.000147417. Error: 1.2657e-11.
Computing volumes of the grid elements.
Min. volume: 0.000147417, max. volume: 36.4349.

# FGMRES residual history
# Residual tolerance target = 1e-10
# Initial residual norm     = 2.1639e-07
     0     1
# FGMRES final (true) residual:
# Iteration = 4: |res|/|res0| = 1.23515e-11.

Computing volumes of the grid elements.
Non-linear iter.: 276/500. Linear iter.: 4. Min. area: 0.000147414. Error: 1.23515e-11.
Computing volumes of the grid elements.
Min. volume: 0.000147414, max. volume: 36.4353.

# FGMRES residual history
# Residual tolerance target = 1e-10
# Initial residual norm     = 2.21858e-07
     0     1
# FGMRES final (true) residual:
# Iteration = 4: |res|/|res0| = 1.20578e-11.

Computing volumes of the grid elements.
Non-linear iter.: 277/500. Linear iter.: 4. Min. area: 0.00014741. Error: 1.20578e-11.
Computing volumes of the grid elements.
Min. volume: 0.00014741, max. volume: 36.4357.

# FGMRES residual history
# Residual tolerance target = 1e-10
# Initial residual norm     = 2.27377e-07
     0     1
# FGMRES final (true) residual:
# Iteration = 4: |res|/|res0| = 1.17753e-11.

Computing volumes of the grid elements.
Non-linear iter.: 278/500. Linear iter.: 4. Min. area: 0.000147406. Error: 1.17753e-11.
Computing volumes of the grid elements.
Min. volume: 0.000147406, max. volume: 36.436.

# FGMRES residual history
# Residual tolerance target = 1e-10
# Initial residual norm     = 2.32949e-07
     0     1
# FGMRES final (true) residual:
# Iteration = 4: |res|/|res0| = 1.15035e-11.

Computing volumes of the grid elements.
Non-linear iter.: 279/500. Linear iter.: 4. Min. area: 0.000147403. Error: 1.15035e-11.
Computing volumes of the grid elements.
Min. volume: 0.000147403, max. volume: 36.4364.

# FGMRES residual history
# Residual tolerance target = 1e-10
# Initial residual norm     = 2.38572e-07
     0     1
# FGMRES final (true) residual:
# Iteration = 4: |res|/|res0| = 1.12417e-11.

Computing volumes of the grid elements.
Non-linear iter.: 280/500. Linear iter.: 4. Min. area: 0.000147399. Error: 1.12417e-11.
Computing volumes of the grid elements.
Min. volume: 0.000147399, max. volume: 36.4368.

# FGMRES residual history
# Residual tolerance target = 1e-10
# Initial residual norm     = 2.44247e-07
     0     1
# FGMRES final (true) residual:
# Iteration = 4: |res|/|res0| = 1.09896e-11.

Computing volumes of the grid elements.
Non-linear iter.: 281/500. Linear iter.: 4. Min. area: 0.000147396. Error: 1.09896e-11.
Computing volumes of the grid elements.
Min. volume: 0.000147396, max. volume: 36.4372.

# FGMRES residual history
# Residual tolerance target = 1e-10
# Initial residual norm     = 2.49974e-07
     0     1
# FGMRES final (true) residual:
# Iteration = 4: |res|/|res0| = 1.07466e-11.

Computing volumes of the grid elements.
Non-linear iter.: 282/500. Linear iter.: 4. Min. area: 0.000147392. Error: 1.07466e-11.
Computing volumes of the grid elements.
Min. volume: 0.000147392, max. volume: 36.4376.

# FGMRES residual history
# Residual tolerance target = 1e-10
# Initial residual norm     = 2.55754e-07
     0     1
# FGMRES final (true) residual:
# Iteration = 4: |res|/|res0| = 1.05123e-11.

Computing volumes of the grid elements.
Non-linear iter.: 283/500. Linear iter.: 4. Min. area: 0.000147389. Error: 1.05123e-11.
Computing volumes of the grid elements.
Min. volume: 0.000147389, max. volume: 36.4381.

# FGMRES residual history
# Residual tolerance target = 1e-10
# Initial residual norm     = 2.61587e-07
     0     1
# FGMRES final (true) residual:
# Iteration = 4: |res|/|res0| = 1.02862e-11.

Computing volumes of the grid elements.
Non-linear iter.: 284/500. Linear iter.: 4. Min. area: 0.000147385. Error: 1.02862e-11.
Computing volumes of the grid elements.
Min. volume: 0.000147385, max. volume: 36.4385.

# FGMRES residual history
# Residual tolerance target = 1e-10
# Initial residual norm     = 2.67473e-07
     0     1
# FGMRES final (true) residual:
# Iteration = 4: |res|/|res0| = 1.00679e-11.

Computing volumes of the grid elements.
Non-linear iter.: 285/500. Linear iter.: 4. Min. area: 0.000147382. Error: 1.00679e-11.
Computing volumes of the grid elements.
Min. volume: 0.000147382, max. volume: 36.439.

# FGMRES residual history
# Residual tolerance target = 1e-10
# Initial residual norm     = 2.73413e-07
     0     1
# FGMRES final (true) residual:
# Iteration = 4: |res|/|res0| = 9.85713e-12.

Computing volumes of the grid elements.
Non-linear iter.: 286/500. Linear iter.: 4. Min. area: 0.000147378. Error: 9.85713e-12.
Computing volumes of the grid elements.
Min. volume: 0.000147378, max. volume: 36.4394.

# FGMRES residual history
# Residual tolerance target = 1e-10
# Initial residual norm     = 2.79407e-07
     0     1
# FGMRES final (true) residual:
# Iteration = 4: |res|/|res0| = 9.65345e-12.

Computing volumes of the grid elements.
Non-linear iter.: 287/500. Linear iter.: 4. Min. area: 0.000147374. Error: 9.65345e-12.
Computing volumes of the grid elements.
Min. volume: 0.000147374, max. volume: 36.4399.

# FGMRES residual history
# Residual tolerance target = 1e-10
# Initial residual norm     = 2.85456e-07
     0     1
# FGMRES final (true) residual:
# Iteration = 4: |res|/|res0| = 9.45654e-12.

Computing volumes of the grid elements.
Non-linear iter.: 288/500. Linear iter.: 4. Min. area: 0.000147371. Error: 9.45654e-12.
Computing volumes of the grid elements.
Min. volume: 0.000147371, max. volume: 36.4404.

# FGMRES residual history
# Residual tolerance target = 1e-10
# Initial residual norm     = 2.91561e-07
     0     1
# FGMRES final (true) residual:
# Iteration = 4: |res|/|res0| = 9.2661e-12.

Computing volumes of the grid elements.
Non-linear iter.: 289/500. Linear iter.: 4. Min. area: 0.000147367. Error: 9.2661e-12.
Computing volumes of the grid elements.
Min. volume: 0.000147367, max. volume: 36.4409.

# FGMRES residual history
# Residual tolerance target = 1e-10
# Initial residual norm     = 2.97721e-07
     0     1
# FGMRES final (true) residual:
# Iteration = 4: |res|/|res0| = 9.08182e-12.

Computing volumes of the grid elements.
Non-linear iter.: 290/500. Linear iter.: 4. Min. area: 0.000147364. Error: 9.08182e-12.
Computing volumes of the grid elements.
Min. volume: 0.000147364, max. volume: 36.4414.

# FGMRES residual history
# Residual tolerance target = 1e-10
# Initial residual norm     = 3.03937e-07
     0     1
# FGMRES final (true) residual:
# Iteration = 4: |res|/|res0| = 8.90343e-12.

Computing volumes of the grid elements.
Non-linear iter.: 291/500. Linear iter.: 4. Min. area: 0.00014736. Error: 8.90343e-12.
Computing volumes of the grid elements.
Min. volume: 0.00014736, max. volume: 36.442.

# FGMRES residual history
# Residual tolerance target = 1e-10
# Initial residual norm     = 3.10211e-07
     0     1
# FGMRES final (true) residual:
# Iteration = 4: |res|/|res0| = 8.73065e-12.

Computing volumes of the grid elements.
Non-linear iter.: 292/500. Linear iter.: 4. Min. area: 0.000147357. Error: 8.73065e-12.
Computing volumes of the grid elements.
Min. volume: 0.000147357, max. volume: 36.4425.

# FGMRES residual history
# Residual tolerance target = 1e-10
# Initial residual norm     = 3.16542e-07
     0     1
# FGMRES final (true) residual:
# Iteration = 4: |res|/|res0| = 8.56325e-12.

Computing volumes of the grid elements.
Non-linear iter.: 293/500. Linear iter.: 4. Min. area: 0.000147353. Error: 8.56325e-12.
Computing volumes of the grid elements.
Min. volume: 0.000147353, max. volume: 36.4431.

# FGMRES residual history
# Residual tolerance target = 1e-10
# Initial residual norm     = 3.22932e-07
     0     1
# FGMRES final (true) residual:
# Iteration = 4: |res|/|res0| = 8.40097e-12.

Computing volumes of the grid elements.
Non-linear iter.: 294/500. Linear iter.: 4. Min. area: 0.00014735. Error: 8.40097e-12.
Computing volumes of the grid elements.
Min. volume: 0.00014735, max. volume: 36.4436.

# FGMRES residual history
# Residual tolerance target = 1e-10
# Initial residual norm     = 3.29382e-07
     0     1
# FGMRES final (true) residual:
# Iteration = 4: |res|/|res0| = 8.24362e-12.

Computing volumes of the grid elements.
Non-linear iter.: 295/500. Linear iter.: 4. Min. area: 0.000147346. Error: 8.24362e-12.
Computing volumes of the grid elements.
Min. volume: 0.000147346, max. volume: 36.4442.

# FGMRES residual history
# Residual tolerance target = 1e-10
# Initial residual norm     = 3.35891e-07
     0     1
# FGMRES final (true) residual:
# Iteration = 4: |res|/|res0| = 8.09096e-12.

Computing volumes of the grid elements.
Non-linear iter.: 296/500. Linear iter.: 4. Min. area: 0.000147343. Error: 8.09096e-12.
Computing volumes of the grid elements.
Min. volume: 0.000147343, max. volume: 36.4448.

# FGMRES residual history
# Residual tolerance target = 1e-10
# Initial residual norm     = 3.42461e-07
     0     1
# FGMRES final (true) residual:
# Iteration = 4: |res|/|res0| = 7.94281e-12.

Computing volumes of the grid elements.
Non-linear iter.: 297/500. Linear iter.: 4. Min. area: 0.000147339. Error: 7.94281e-12.
Computing volumes of the grid elements.
Min. volume: 0.000147339, max. volume: 36.4454.

# FGMRES residual history
# Residual tolerance target = 1e-10
# Initial residual norm     = 3.49092e-07
     0     1
# FGMRES final (true) residual:
# Iteration = 4: |res|/|res0| = 7.79897e-12.

Computing volumes of the grid elements.
Non-linear iter.: 298/500. Linear iter.: 4. Min. area: 0.000147336. Error: 7.79897e-12.
Computing volumes of the grid elements.
Min. volume: 0.000147336, max. volume: 36.446.

# FGMRES residual history
# Residual tolerance target = 1e-10
# Initial residual norm     = 3.55785e-07
     0     1
# FGMRES final (true) residual:
# Iteration = 4: |res|/|res0| = 7.65927e-12.

Computing volumes of the grid elements.
Non-linear iter.: 299/500. Linear iter.: 4. Min. area: 0.000147332. Error: 7.65927e-12.
Computing volumes of the grid elements.
Min. volume: 0.000147332, max. volume: 36.4467.

# FGMRES residual history
# Residual tolerance target = 1e-10
# Initial residual norm     = 3.62542e-07
     0     1
# FGMRES final (true) residual:
# Iteration = 4: |res|/|res0| = 7.52354e-12.

Computing volumes of the grid elements.
Non-linear iter.: 300/500. Linear iter.: 4. Min. area: 0.000147329. Error: 7.52354e-12.
Computing volumes of the grid elements.
Min. volume: 0.000147329, max. volume: 36.4473.

# FGMRES residual history
# Residual tolerance target = 1e-10
# Initial residual norm     = 3.69363e-07
     0     1
# FGMRES final (true) residual:
# Iteration = 4: |res|/|res0| = 7.39162e-12.

Computing volumes of the grid elements.
Non-linear iter.: 301/500. Linear iter.: 4. Min. area: 0.000147325. Error: 7.39162e-12.
Computing volumes of the grid elements.
Min. volume: 0.000147325, max. volume: 36.448.

# FGMRES residual history
# Residual tolerance target = 1e-10
# Initial residual norm     = 3.76249e-07
     0     1
# FGMRES final (true) residual:
# Iteration = 4: |res|/|res0| = 7.26335e-12.

Computing volumes of the grid elements.
Non-linear iter.: 302/500. Linear iter.: 4. Min. area: 0.000147322. Error: 7.26335e-12.
Computing volumes of the grid elements.
Min. volume: 0.000147322, max. volume: 36.4486.

# FGMRES residual history
# Residual tolerance target = 1e-10
# Initial residual norm     = 3.832e-07
     0     1
# FGMRES final (true) residual:
# Iteration = 4: |res|/|res0| = 7.13861e-12.

Computing volumes of the grid elements.
Non-linear iter.: 303/500. Linear iter.: 4. Min. area: 0.000147318. Error: 7.13861e-12.
Computing volumes of the grid elements.
Min. volume: 0.000147318, max. volume: 36.4493.

# FGMRES residual history
# Residual tolerance target = 1e-10
# Initial residual norm     = 3.90218e-07
     0     1
# FGMRES final (true) residual:
# Iteration = 4: |res|/|res0| = 7.01724e-12.

Computing volumes of the grid elements.
Non-linear iter.: 304/500. Linear iter.: 4. Min. area: 0.000147314. Error: 7.01724e-12.
Computing volumes of the grid elements.
Min. volume: 0.000147314, max. volume: 36.45.

# FGMRES residual history
# Residual tolerance target = 1e-10
# Initial residual norm     = 3.97304e-07
     0     1
# FGMRES final (true) residual:
# Iteration = 4: |res|/|res0| = 6.89912e-12.

Computing volumes of the grid elements.
Non-linear iter.: 305/500. Linear iter.: 4. Min. area: 0.000147311. Error: 6.89912e-12.
Computing volumes of the grid elements.
Min. volume: 0.000147311, max. volume: 36.4507.

# FGMRES residual history
# Residual tolerance target = 1e-10
# Initial residual norm     = 4.04458e-07
     0     1
# FGMRES final (true) residual:
# Iteration = 4: |res|/|res0| = 6.78413e-12.

Computing volumes of the grid elements.
Non-linear iter.: 306/500. Linear iter.: 4. Min. area: 0.000147307. Error: 6.78413e-12.
Computing volumes of the grid elements.
Min. volume: 0.000147307, max. volume: 36.4514.

# FGMRES residual history
# Residual tolerance target = 1e-10
# Initial residual norm     = 4.11682e-07
     0     1
# FGMRES final (true) residual:
# Iteration = 4: |res|/|res0| = 6.67215e-12.

Computing volumes of the grid elements.
Non-linear iter.: 307/500. Linear iter.: 4. Min. area: 0.000147304. Error: 6.67215e-12.
Computing volumes of the grid elements.
Min. volume: 0.000147304, max. volume: 36.4522.

# FGMRES residual history
# Residual tolerance target = 1e-10
# Initial residual norm     = 4.18976e-07
     0     1
# FGMRES final (true) residual:
# Iteration = 4: |res|/|res0| = 6.56307e-12.

Computing volumes of the grid elements.
Non-linear iter.: 308/500. Linear iter.: 4. Min. area: 0.0001473. Error: 6.56307e-12.
Computing volumes of the grid elements.
Min. volume: 0.0001473, max. volume: 36.4529.

# FGMRES residual history
# Residual tolerance target = 1e-10
# Initial residual norm     = 4.26341e-07
     0     1
# FGMRES final (true) residual:
# Iteration = 4: |res|/|res0| = 6.45679e-12.

Computing volumes of the grid elements.
Non-linear iter.: 309/500. Linear iter.: 4. Min. area: 0.000147297. Error: 6.45679e-12.
Computing volumes of the grid elements.
Min. volume: 0.000147297, max. volume: 36.4537.

# FGMRES residual history
# Residual tolerance target = 1e-10
# Initial residual norm     = 4.33779e-07
     0     1
# FGMRES final (true) residual:
# Iteration = 4: |res|/|res0| = 6.3532e-12.

Computing volumes of the grid elements.
Non-linear iter.: 310/500. Linear iter.: 4. Min. area: 0.000147293. Error: 6.3532e-12.
Computing volumes of the grid elements.
Min. volume: 0.000147293, max. volume: 36.4545.

# FGMRES residual history
# Residual tolerance target = 1e-10
# Initial residual norm     = 4.41291e-07
     0     1
# FGMRES final (true) residual:
# Iteration = 4: |res|/|res0| = 6.25221e-12.

Computing volumes of the grid elements.
Non-linear iter.: 311/500. Linear iter.: 4. Min. area: 0.00014729. Error: 6.25221e-12.
Computing volumes of the grid elements.
Min. volume: 0.00014729, max. volume: 36.4552.

# FGMRES residual history
# Residual tolerance target = 1e-10
# Initial residual norm     = 4.48877e-07
     0     1
# FGMRES final (true) residual:
# Iteration = 4: |res|/|res0| = 6.15372e-12.

Computing volumes of the grid elements.
Non-linear iter.: 312/500. Linear iter.: 4. Min. area: 0.000147286. Error: 6.15372e-12.
Computing volumes of the grid elements.
Min. volume: 0.000147286, max. volume: 36.456.

# FGMRES residual history
# Residual tolerance target = 1e-10
# Initial residual norm     = 4.56539e-07
     0     1
# FGMRES final (true) residual:
# Iteration = 4: |res|/|res0| = 6.05766e-12.

Computing volumes of the grid elements.
Non-linear iter.: 313/500. Linear iter.: 4. Min. area: 0.000147283. Error: 6.05766e-12.
Computing volumes of the grid elements.
Min. volume: 0.000147283, max. volume: 36.4569.

# FGMRES residual history
# Residual tolerance target = 1e-10
# Initial residual norm     = 4.64278e-07
     0     1
# FGMRES final (true) residual:
# Iteration = 4: |res|/|res0| = 5.96394e-12.

Computing volumes of the grid elements.
Non-linear iter.: 314/500. Linear iter.: 4. Min. area: 0.000147279. Error: 5.96394e-12.
Computing volumes of the grid elements.
Min. volume: 0.000147279, max. volume: 36.4577.

# FGMRES residual history
# Residual tolerance target = 1e-10
# Initial residual norm     = 4.72094e-07
     0     1
# FGMRES final (true) residual:
# Iteration = 4: |res|/|res0| = 5.87247e-12.

Computing volumes of the grid elements.
Non-linear iter.: 315/500. Linear iter.: 4. Min. area: 0.000147276. Error: 5.87247e-12.
Computing volumes of the grid elements.
Min. volume: 0.000147276, max. volume: 36.4585.

# FGMRES residual history
# Residual tolerance target = 1e-10
# Initial residual norm     = 4.79989e-07
     0     1
# FGMRES final (true) residual:
# Iteration = 4: |res|/|res0| = 5.78319e-12.

Computing volumes of the grid elements.
Non-linear iter.: 316/500. Linear iter.: 4. Min. area: 0.000147272. Error: 5.78319e-12.
Computing volumes of the grid elements.
Min. volume: 0.000147272, max. volume: 36.4594.

# FGMRES residual history
# Residual tolerance target = 1e-10
# Initial residual norm     = 4.87964e-07
     0     1
# FGMRES final (true) residual:
# Iteration = 4: |res|/|res0| = 5.69603e-12.

Computing volumes of the grid elements.
Non-linear iter.: 317/500. Linear iter.: 4. Min. area: 0.000147269. Error: 5.69603e-12.
Computing volumes of the grid elements.
Min. volume: 0.000147269, max. volume: 36.4603.

# FGMRES residual history
# Residual tolerance target = 1e-10
# Initial residual norm     = 4.96021e-07
     0     1
# FGMRES final (true) residual:
# Iteration = 4: |res|/|res0| = 5.6109e-12.

Computing volumes of the grid elements.
Non-linear iter.: 318/500. Linear iter.: 4. Min. area: 0.000147265. Error: 5.6109e-12.
Computing volumes of the grid elements.
Min. volume: 0.000147265, max. volume: 36.4612.

# FGMRES residual history
# Residual tolerance target = 1e-10
# Initial residual norm     = 5.04159e-07
     0     1
# FGMRES final (true) residual:
# Iteration = 4: |res|/|res0| = 5.52776e-12.

Computing volumes of the grid elements.
Non-linear iter.: 319/500. Linear iter.: 4. Min. area: 0.000147262. Error: 5.52776e-12.
Computing volumes of the grid elements.
Min. volume: 0.000147262, max. volume: 36.4621.

# FGMRES residual history
# Residual tolerance target = 1e-10
# Initial residual norm     = 5.12381e-07
     0     1
# FGMRES final (true) residual:
# Iteration = 4: |res|/|res0| = 5.44653e-12.

Computing volumes of the grid elements.
Non-linear iter.: 320/500. Linear iter.: 4. Min. area: 0.000147258. Error: 5.44653e-12.
Computing volumes of the grid elements.
Min. volume: 0.000147258, max. volume: 36.463.

# FGMRES residual history
# Residual tolerance target = 1e-10
# Initial residual norm     = 5.20688e-07
     0     1
# FGMRES final (true) residual:
# Iteration = 4: |res|/|res0| = 5.36715e-12.

Computing volumes of the grid elements.
Non-linear iter.: 321/500. Linear iter.: 4. Min. area: 0.000147255. Error: 5.36715e-12.
Computing volumes of the grid elements.
Min. volume: 0.000147255, max. volume: 36.4639.

# FGMRES residual history
# Residual tolerance target = 1e-10
# Initial residual norm     = 5.29081e-07
     0     1
# FGMRES final (true) residual:
# Iteration = 4: |res|/|res0| = 5.28958e-12.

Computing volumes of the grid elements.
Non-linear iter.: 322/500. Linear iter.: 4. Min. area: 0.000147251. Error: 5.28958e-12.
Computing volumes of the grid elements.
Min. volume: 0.000147251, max. volume: 36.4649.

# FGMRES residual history
# Residual tolerance target = 1e-10
# Initial residual norm     = 5.3756e-07
     0     1
# FGMRES final (true) residual:
# Iteration = 4: |res|/|res0| = 5.21374e-12.

Computing volumes of the grid elements.
Non-linear iter.: 323/500. Linear iter.: 4. Min. area: 0.000147248. Error: 5.21374e-12.
Computing volumes of the grid elements.
Min. volume: 0.000147248, max. volume: 36.4658.

# FGMRES residual history
# Residual tolerance target = 1e-10
# Initial residual norm     = 5.46128e-07
     0     1
# FGMRES final (true) residual:
# Iteration = 4: |res|/|res0| = 5.1396e-12.

Computing volumes of the grid elements.
Non-linear iter.: 324/500. Linear iter.: 4. Min. area: 0.000147244. Error: 5.1396e-12.
Computing volumes of the grid elements.
Min. volume: 0.000147244, max. volume: 36.4668.

# FGMRES residual history
# Residual tolerance target = 1e-10
# Initial residual norm     = 5.54786e-07
     0     1
# FGMRES final (true) residual:
# Iteration = 4: |res|/|res0| = 5.06709e-12.

Computing volumes of the grid elements.
Non-linear iter.: 325/500. Linear iter.: 4. Min. area: 0.000147241. Error: 5.06709e-12.
Computing volumes of the grid elements.
Min. volume: 0.000147241, max. volume: 36.4678.

# FGMRES residual history
# Residual tolerance target = 1e-10
# Initial residual norm     = 5.63534e-07
     0     1
# FGMRES final (true) residual:
# Iteration = 4: |res|/|res0| = 4.99618e-12.

Computing volumes of the grid elements.
Non-linear iter.: 326/500. Linear iter.: 4. Min. area: 0.000147237. Error: 4.99618e-12.
Computing volumes of the grid elements.
Min. volume: 0.000147237, max. volume: 36.4688.

# FGMRES residual history
# Residual tolerance target = 1e-10
# Initial residual norm     = 5.72374e-07
     0     1
# FGMRES final (true) residual:
# Iteration = 4: |res|/|res0| = 4.92681e-12.

Computing volumes of the grid elements.
Non-linear iter.: 327/500. Linear iter.: 4. Min. area: 0.000147234. Error: 4.92681e-12.
Computing volumes of the grid elements.
Min. volume: 0.000147234, max. volume: 36.4698.

# FGMRES residual history
# Residual tolerance target = 1e-10
# Initial residual norm     = 5.81307e-07
     0     1
# FGMRES final (true) residual:
# Iteration = 4: |res|/|res0| = 4.85893e-12.

Computing volumes of the grid elements.
Non-linear iter.: 328/500. Linear iter.: 4. Min. area: 0.00014723. Error: 4.85893e-12.
Computing volumes of the grid elements.
Min. volume: 0.00014723, max. volume: 36.4709.

# FGMRES residual history
# Residual tolerance target = 1e-10
# Initial residual norm     = 5.90335e-07
     0     1
# FGMRES final (true) residual:
# Iteration = 4: |res|/|res0| = 4.79252e-12.

Computing volumes of the grid elements.
Non-linear iter.: 329/500. Linear iter.: 4. Min. area: 0.000147227. Error: 4.79252e-12.
Computing volumes of the grid elements.
Min. volume: 0.000147227, max. volume: 36.4719.

# FGMRES residual history
# Residual tolerance target = 1e-10
# Initial residual norm     = 5.99459e-07
     0     1
# FGMRES final (true) residual:
# Iteration = 4: |res|/|res0| = 4.72752e-12.

Computing volumes of the grid elements.
Non-linear iter.: 330/500. Linear iter.: 4. Min. area: 0.000147223. Error: 4.72752e-12.
Computing volumes of the grid elements.
Min. volume: 0.000147223, max. volume: 36.473.

# FGMRES residual history
# Residual tolerance target = 1e-10
# Initial residual norm     = 6.0868e-07
     0     1
# FGMRES final (true) residual:
# Iteration = 4: |res|/|res0| = 4.6639e-12.

Computing volumes of the grid elements.
Non-linear iter.: 331/500. Linear iter.: 4. Min. area: 0.00014722. Error: 4.6639e-12.
Computing volumes of the grid elements.
Min. volume: 0.00014722, max. volume: 36.4741.

# FGMRES residual history
# Residual tolerance target = 1e-10
# Initial residual norm     = 6.18e-07
     0     1
# FGMRES final (true) residual:
# Iteration = 4: |res|/|res0| = 4.60161e-12.

Computing volumes of the grid elements.
Non-linear iter.: 332/500. Linear iter.: 4. Min. area: 0.000147216. Error: 4.60161e-12.
Computing volumes of the grid elements.
Min. volume: 0.000147216, max. volume: 36.4752.

# FGMRES residual history
# Residual tolerance target = 1e-10
# Initial residual norm     = 6.27419e-07
     0     1
# FGMRES final (true) residual:
# Iteration = 4: |res|/|res0| = 4.54063e-12.

Computing volumes of the grid elements.
Non-linear iter.: 333/500. Linear iter.: 4. Min. area: 0.000147213. Error: 4.54063e-12.
Computing volumes of the grid elements.
Min. volume: 0.000147213, max. volume: 36.4763.

# FGMRES residual history
# Residual tolerance target = 1e-10
# Initial residual norm     = 6.3694e-07
     0     1
# FGMRES final (true) residual:
# Iteration = 4: |res|/|res0| = 4.48091e-12.

Computing volumes of the grid elements.
Non-linear iter.: 334/500. Linear iter.: 4. Min. area: 0.000147209. Error: 4.48091e-12.
Computing volumes of the grid elements.
Min. volume: 0.000147209, max. volume: 36.4774.

# FGMRES residual history
# Residual tolerance target = 1e-10
# Initial residual norm     = 6.46563e-07
     0     1
# FGMRES final (true) residual:
# Iteration = 4: |res|/|res0| = 4.42242e-12.

Computing volumes of the grid elements.
Non-linear iter.: 335/500. Linear iter.: 4. Min. area: 0.000147206. Error: 4.42242e-12.
Computing volumes of the grid elements.
Min. volume: 0.000147206, max. volume: 36.4786.

# FGMRES residual history
# Residual tolerance target = 1e-10
# Initial residual norm     = 6.5629e-07
     0     1
# FGMRES final (true) residual:
# Iteration = 4: |res|/|res0| = 4.36513e-12.

Computing volumes of the grid elements.
Non-linear iter.: 336/500. Linear iter.: 4. Min. area: 0.000147202. Error: 4.36513e-12.
Computing volumes of the grid elements.
Min. volume: 0.000147202, max. volume: 36.4797.

# FGMRES residual history
# Residual tolerance target = 1e-10
# Initial residual norm     = 6.66123e-07
     0     1
# FGMRES final (true) residual:
# Iteration = 4: |res|/|res0| = 4.30901e-12.

Computing volumes of the grid elements.
Non-linear iter.: 337/500. Linear iter.: 4. Min. area: 0.000147199. Error: 4.30901e-12.
Computing volumes of the grid elements.
Min. volume: 0.000147199, max. volume: 36.4809.

# FGMRES residual history
# Residual tolerance target = 1e-10
# Initial residual norm     = 6.76062e-07
     0     1
# FGMRES final (true) residual:
# Iteration = 4: |res|/|res0| = 4.25403e-12.

Computing volumes of the grid elements.
Non-linear iter.: 338/500. Linear iter.: 4. Min. area: 0.000147195. Error: 4.25403e-12.
Computing volumes of the grid elements.
Min. volume: 0.000147195, max. volume: 36.4821.

# FGMRES residual history
# Residual tolerance target = 1e-10
# Initial residual norm     = 6.86109e-07
     0     1
# FGMRES final (true) residual:
# Iteration = 4: |res|/|res0| = 4.20016e-12.

Computing volumes of the grid elements.
Non-linear iter.: 339/500. Linear iter.: 4. Min. area: 0.000147192. Error: 4.20016e-12.
Computing volumes of the grid elements.
Min. volume: 0.000147192, max. volume: 36.4833.

# FGMRES residual history
# Residual tolerance target = 1e-10
# Initial residual norm     = 6.96266e-07
     0     1
# FGMRES final (true) residual:
# Iteration = 4: |res|/|res0| = 4.14736e-12.

Computing volumes of the grid elements.
Non-linear iter.: 340/500. Linear iter.: 4. Min. area: 0.000147188. Error: 4.14736e-12.
Computing volumes of the grid elements.
Min. volume: 0.000147188, max. volume: 36.4846.

# FGMRES residual history
# Residual tolerance target = 1e-10
# Initial residual norm     = 7.06534e-07
     0     1
# FGMRES final (true) residual:
# Iteration = 4: |res|/|res0| = 4.09562e-12.

Computing volumes of the grid elements.
Non-linear iter.: 341/500. Linear iter.: 4. Min. area: 0.000147185. Error: 4.09562e-12.
Computing volumes of the grid elements.
Min. volume: 0.000147185, max. volume: 36.4858.

# FGMRES residual history
# Residual tolerance target = 1e-10
# Initial residual norm     = 7.16914e-07
     0     1
# FGMRES final (true) residual:
# Iteration = 4: |res|/|res0| = 4.0449e-12.

Computing volumes of the grid elements.
Non-linear iter.: 342/500. Linear iter.: 4. Min. area: 0.000147182. Error: 4.0449e-12.
Computing volumes of the grid elements.
Min. volume: 0.000147182, max. volume: 36.4871.

# FGMRES residual history
# Residual tolerance target = 1e-10
# Initial residual norm     = 7.27409e-07
     0     1
# FGMRES final (true) residual:
# Iteration = 4: |res|/|res0| = 3.99519e-12.

Computing volumes of the grid elements.
Non-linear iter.: 343/500. Linear iter.: 4. Min. area: 0.000147178. Error: 3.99519e-12.
Computing volumes of the grid elements.
Min. volume: 0.000147178, max. volume: 36.4884.

# FGMRES residual history
# Residual tolerance target = 1e-10
# Initial residual norm     = 7.38018e-07
     0     1
# FGMRES final (true) residual:
# Iteration = 4: |res|/|res0| = 3.94645e-12.

Computing volumes of the grid elements.
Non-linear iter.: 344/500. Linear iter.: 4. Min. area: 0.000147175. Error: 3.94645e-12.
Computing volumes of the grid elements.
Min. volume: 0.000147175, max. volume: 36.4897.

# FGMRES residual history
# Residual tolerance target = 1e-10
# Initial residual norm     = 7.48745e-07
     0     1
# FGMRES final (true) residual:
# Iteration = 4: |res|/|res0| = 3.89866e-12.

Computing volumes of the grid elements.
Non-linear iter.: 345/500. Linear iter.: 4. Min. area: 0.000147171. Error: 3.89866e-12.
Computing volumes of the grid elements.
Min. volume: 0.000147171, max. volume: 36.491.

# FGMRES residual history
# Residual tolerance target = 1e-10
# Initial residual norm     = 7.59589e-07
     0     1
# FGMRES final (true) residual:
# Iteration = 4: |res|/|res0| = 3.8518e-12.

Computing volumes of the grid elements.
Non-linear iter.: 346/500. Linear iter.: 4. Min. area: 0.000147168. Error: 3.8518e-12.
Computing volumes of the grid elements.
Min. volume: 0.000147168, max. volume: 36.4923.

# FGMRES residual history
# Residual tolerance target = 1e-10
# Initial residual norm     = 7.70554e-07
     0     1
# FGMRES final (true) residual:
# Iteration = 4: |res|/|res0| = 3.80585e-12.

Computing volumes of the grid elements.
Non-linear iter.: 347/500. Linear iter.: 4. Min. area: 0.000147164. Error: 3.80585e-12.
Computing volumes of the grid elements.
Min. volume: 0.000147164, max. volume: 36.4937.

# FGMRES residual history
# Residual tolerance target = 1e-10
# Initial residual norm     = 7.81639e-07
     0     1
# FGMRES final (true) residual:
# Iteration = 4: |res|/|res0| = 3.76078e-12.

Computing volumes of the grid elements.
Non-linear iter.: 348/500. Linear iter.: 4. Min. area: 0.000147161. Error: 3.76078e-12.
Computing volumes of the grid elements.
Min. volume: 0.000147161, max. volume: 36.495.

# FGMRES residual history
# Residual tolerance target = 1e-10
# Initial residual norm     = 7.92848e-07
     0     1
# FGMRES final (true) residual:
# Iteration = 4: |res|/|res0| = 3.71658e-12.

Computing volumes of the grid elements.
Non-linear iter.: 349/500. Linear iter.: 4. Min. area: 0.000147157. Error: 3.71658e-12.
Computing volumes of the grid elements.
Min. volume: 0.000147157, max. volume: 36.4964.

# FGMRES residual history
# Residual tolerance target = 1e-10
# Initial residual norm     = 8.04181e-07
     0     1
# FGMRES final (true) residual:
# Iteration = 4: |res|/|res0| = 3.67322e-12.

Computing volumes of the grid elements.
Non-linear iter.: 350/500. Linear iter.: 4. Min. area: 0.000147154. Error: 3.67322e-12.
Computing volumes of the grid elements.
Min. volume: 0.000147154, max. volume: 36.4978.

# FGMRES residual history
# Residual tolerance target = 1e-10
# Initial residual norm     = 8.1564e-07
     0     1
# FGMRES final (true) residual:
# Iteration = 4: |res|/|res0| = 3.63069e-12.

Computing volumes of the grid elements.
Non-linear iter.: 351/500. Linear iter.: 4. Min. area: 0.00014715. Error: 3.63069e-12.
Computing volumes of the grid elements.
Min. volume: 0.00014715, max. volume: 36.4992.

# FGMRES residual history
# Residual tolerance target = 1e-10
# Initial residual norm     = 8.27226e-07
     0     1
# FGMRES final (true) residual:
# Iteration = 4: |res|/|res0| = 3.58896e-12.

Computing volumes of the grid elements.
Non-linear iter.: 352/500. Linear iter.: 4. Min. area: 0.000147147. Error: 3.58896e-12.
Computing volumes of the grid elements.
Min. volume: 0.000147147, max. volume: 36.5007.

# FGMRES residual history
# Residual tolerance target = 1e-10
# Initial residual norm     = 8.38941e-07
     0     1
# FGMRES final (true) residual:
# Iteration = 4: |res|/|res0| = 3.54802e-12.

Computing volumes of the grid elements.
Non-linear iter.: 353/500. Linear iter.: 4. Min. area: 0.000147143. Error: 3.54802e-12.
Computing volumes of the grid elements.
Min. volume: 0.000147143, max. volume: 36.5021.

# FGMRES residual history
# Residual tolerance target = 1e-10
# Initial residual norm     = 8.50786e-07
     0     1
# FGMRES final (true) residual:
# Iteration = 4: |res|/|res0| = 3.50785e-12.

Computing volumes of the grid elements.
Non-linear iter.: 354/500. Linear iter.: 4. Min. area: 0.00014714. Error: 3.50785e-12.
Computing volumes of the grid elements.
Min. volume: 0.00014714, max. volume: 36.5036.

# FGMRES residual history
# Residual tolerance target = 1e-10
# Initial residual norm     = 8.62764e-07
     0     1
# FGMRES final (true) residual:
# Iteration = 4: |res|/|res0| = 3.46843e-12.

Computing volumes of the grid elements.
Non-linear iter.: 355/500. Linear iter.: 4. Min. area: 0.000147136. Error: 3.46843e-12.
Computing volumes of the grid elements.
Min. volume: 0.000147136, max. volume: 36.5051.

# FGMRES residual history
# Residual tolerance target = 1e-10
# Initial residual norm     = 8.74875e-07
     0     1
# FGMRES final (true) residual:
# Iteration = 4: |res|/|res0| = 3.42974e-12.

Computing volumes of the grid elements.
Non-linear iter.: 356/500. Linear iter.: 4. Min. area: 0.000147133. Error: 3.42974e-12.
Computing volumes of the grid elements.
Min. volume: 0.000147133, max. volume: 36.5066.

# FGMRES residual history
# Residual tolerance target = 1e-10
# Initial residual norm     = 8.87121e-07
     0     1
# FGMRES final (true) residual:
# Iteration = 4: |res|/|res0| = 3.39178e-12.

Computing volumes of the grid elements.
Non-linear iter.: 357/500. Linear iter.: 4. Min. area: 0.00014713. Error: 3.39178e-12.
Computing volumes of the grid elements.
Min. volume: 0.00014713, max. volume: 36.5081.

# FGMRES residual history
# Residual tolerance target = 1e-10
# Initial residual norm     = 8.99505e-07
     0     1
# FGMRES final (true) residual:
# Iteration = 4: |res|/|res0| = 3.35451e-12.

Computing volumes of the grid elements.
Non-linear iter.: 358/500. Linear iter.: 4. Min. area: 0.000147126. Error: 3.35451e-12.
Computing volumes of the grid elements.
Min. volume: 0.000147126, max. volume: 36.5097.

# FGMRES residual history
# Residual tolerance target = 1e-10
# Initial residual norm     = 9.12026e-07
     0     1
# FGMRES final (true) residual:
# Iteration = 4: |res|/|res0| = 3.31793e-12.

Computing volumes of the grid elements.
Non-linear iter.: 359/500. Linear iter.: 4. Min. area: 0.000147123. Error: 3.31793e-12.
Computing volumes of the grid elements.
Min. volume: 0.000147123, max. volume: 36.5112.

# FGMRES residual history
# Residual tolerance target = 1e-10
# Initial residual norm     = 9.24687e-07
     0     1
# FGMRES final (true) residual:
# Iteration = 4: |res|/|res0| = 3.28203e-12.

Computing volumes of the grid elements.
Non-linear iter.: 360/500. Linear iter.: 4. Min. area: 0.000147119. Error: 3.28203e-12.
Computing volumes of the grid elements.
Min. volume: 0.000147119, max. volume: 36.5128.

# FGMRES residual history
# Residual tolerance target = 1e-10
# Initial residual norm     = 9.3749e-07
     0     1
# FGMRES final (true) residual:
# Iteration = 4: |res|/|res0| = 3.24678e-12.

Computing volumes of the grid elements.
Non-linear iter.: 361/500. Linear iter.: 4. Min. area: 0.000147116. Error: 3.24678e-12.
Computing volumes of the grid elements.
Min. volume: 0.000147116, max. volume: 36.5144.

# FGMRES residual history
# Residual tolerance target = 1e-10
# Initial residual norm     = 9.50436e-07
     0     1
# FGMRES final (true) residual:
# Iteration = 4: |res|/|res0| = 3.21217e-12.

Computing volumes of the grid elements.
Non-linear iter.: 362/500. Linear iter.: 4. Min. area: 0.000147112. Error: 3.21217e-12.
Computing volumes of the grid elements.
Min. volume: 0.000147112, max. volume: 36.5161.

# FGMRES residual history
# Residual tolerance target = 1e-10
# Initial residual norm     = 9.63526e-07
     0     1
# FGMRES final (true) residual:
# Iteration = 4: |res|/|res0| = 3.17819e-12.

Computing volumes of the grid elements.
Non-linear iter.: 363/500. Linear iter.: 4. Min. area: 0.000147109. Error: 3.17819e-12.
Computing volumes of the grid elements.
Min. volume: 0.000147109, max. volume: 36.5177.

# FGMRES residual history
# Residual tolerance target = 1e-10
# Initial residual norm     = 9.76763e-07
     0     1
# FGMRES final (true) residual:
# Iteration = 4: |res|/|res0| = 3.14483e-12.

Computing volumes of the grid elements.
Non-linear iter.: 364/500. Linear iter.: 4. Min. area: 0.000147105. Error: 3.14483e-12.
Computing volumes of the grid elements.
Min. volume: 0.000147105, max. volume: 36.5194.

# FGMRES residual history
# Residual tolerance target = 1e-10
# Initial residual norm     = 9.90147e-07
     0     1
# FGMRES final (true) residual:
# Iteration = 4: |res|/|res0| = 3.11207e-12.

Computing volumes of the grid elements.
Non-linear iter.: 365/500. Linear iter.: 4. Min. area: 0.000147102. Error: 3.11207e-12.
Computing volumes of the grid elements.
Min. volume: 0.000147102, max. volume: 36.521.

# FGMRES residual history
# Residual tolerance target = 1e-10
# Initial residual norm     = 1.00368e-06
     0     1
# FGMRES final (true) residual:
# Iteration = 4: |res|/|res0| = 3.07989e-12.

Computing volumes of the grid elements.
Non-linear iter.: 366/500. Linear iter.: 4. Min. area: 0.000147098. Error: 3.07989e-12.
Computing volumes of the grid elements.
Min. volume: 0.000147098, max. volume: 36.5227.

# FGMRES residual history
# Residual tolerance target = 1e-10
# Initial residual norm     = 1.01737e-06
     0     1
# FGMRES final (true) residual:
# Iteration = 4: |res|/|res0| = 3.04829e-12.

Computing volumes of the grid elements.
Non-linear iter.: 367/500. Linear iter.: 4. Min. area: 0.000147095. Error: 3.04829e-12.
Computing volumes of the grid elements.
Min. volume: 0.000147095, max. volume: 36.5244.

# FGMRES residual history
# Residual tolerance target = 1e-10
# Initial residual norm     = 1.0312e-06
     0     1
# FGMRES final (true) residual:
# Iteration = 4: |res|/|res0| = 3.01726e-12.

Computing volumes of the grid elements.
Non-linear iter.: 368/500. Linear iter.: 4. Min. area: 0.000147092. Error: 3.01726e-12.
Computing volumes of the grid elements.
Min. volume: 0.000147092, max. volume: 36.5262.

# FGMRES residual history
# Residual tolerance target = 1e-10
# Initial residual norm     = 1.0452e-06
     0     1
# FGMRES final (true) residual:
# Iteration = 4: |res|/|res0| = 2.98678e-12.

Computing volumes of the grid elements.
Non-linear iter.: 369/500. Linear iter.: 4. Min. area: 0.000147088. Error: 2.98678e-12.
Computing volumes of the grid elements.
Min. volume: 0.000147088, max. volume: 36.5279.

# FGMRES residual history
# Residual tolerance target = 1e-10
# Initial residual norm     = 1.05934e-06
     0     1
# FGMRES final (true) residual:
# Iteration = 4: |res|/|res0| = 2.95683e-12.

Computing volumes of the grid elements.
Non-linear iter.: 370/500. Linear iter.: 4. Min. area: 0.000147085. Error: 2.95683e-12.
Computing volumes of the grid elements.
Min. volume: 0.000147085, max. volume: 36.5297.

# FGMRES residual history
# Residual tolerance target = 1e-10
# Initial residual norm     = 1.07365e-06
     0     1
# FGMRES final (true) residual:
# Iteration = 4: |res|/|res0| = 2.92742e-12.

Computing volumes of the grid elements.
Non-linear iter.: 371/500. Linear iter.: 4. Min. area: 0.000147081. Error: 2.92742e-12.
Computing volumes of the grid elements.
Min. volume: 0.000147081, max. volume: 36.5315.

# FGMRES residual history
# Residual tolerance target = 1e-10
# Initial residual norm     = 1.08811e-06
     0     1
# FGMRES final (true) residual:
# Iteration = 4: |res|/|res0| = 2.89852e-12.

Computing volumes of the grid elements.
Non-linear iter.: 372/500. Linear iter.: 4. Min. area: 0.000147078. Error: 2.89852e-12.
Computing volumes of the grid elements.
Min. volume: 0.000147078, max. volume: 36.5333.

# FGMRES residual history
# Residual tolerance target = 1e-10
# Initial residual norm     = 1.10274e-06
     0     1
# FGMRES final (true) residual:
# Iteration = 4: |res|/|res0| = 2.87013e-12.

Computing volumes of the grid elements.
Non-linear iter.: 373/500. Linear iter.: 4. Min. area: 0.000147074. Error: 2.87013e-12.
Computing volumes of the grid elements.
Min. volume: 0.000147074, max. volume: 36.5352.

# FGMRES residual history
# Residual tolerance target = 1e-10
# Initial residual norm     = 1.11753e-06
     0     1
# FGMRES final (true) residual:
# Iteration = 4: |res|/|res0| = 2.84223e-12.

Computing volumes of the grid elements.
Non-linear iter.: 374/500. Linear iter.: 4. Min. area: 0.000147071. Error: 2.84223e-12.
Computing volumes of the grid elements.
Min. volume: 0.000147071, max. volume: 36.537.

# FGMRES residual history
# Residual tolerance target = 1e-10
# Initial residual norm     = 1.13248e-06
     0     1
# FGMRES final (true) residual:
# Iteration = 4: |res|/|res0| = 2.81482e-12.

Computing volumes of the grid elements.
Non-linear iter.: 375/500. Linear iter.: 4. Min. area: 0.000147068. Error: 2.81482e-12.
Computing volumes of the grid elements.
Min. volume: 0.000147068, max. volume: 36.5389.

# FGMRES residual history
# Residual tolerance target = 1e-10
# Initial residual norm     = 1.14759e-06
     0     1
# FGMRES final (true) residual:
# Iteration = 4: |res|/|res0| = 2.78788e-12.

Computing volumes of the grid elements.
Non-linear iter.: 376/500. Linear iter.: 4. Min. area: 0.000147064. Error: 2.78788e-12.
Computing volumes of the grid elements.
Min. volume: 0.000147064, max. volume: 36.5408.

# FGMRES residual history
# Residual tolerance target = 1e-10
# Initial residual norm     = 1.16288e-06
     0     1
# FGMRES final (true) residual:
# Iteration = 4: |res|/|res0| = 2.76141e-12.

Computing volumes of the grid elements.
Non-linear iter.: 377/500. Linear iter.: 4. Min. area: 0.000147061. Error: 2.76141e-12.
Computing volumes of the grid elements.
Min. volume: 0.000147061, max. volume: 36.5427.

# FGMRES residual history
# Residual tolerance target = 1e-10
# Initial residual norm     = 1.17833e-06
     0     1
# FGMRES final (true) residual:
# Iteration = 4: |res|/|res0| = 2.73539e-12.

Computing volumes of the grid elements.
Non-linear iter.: 378/500. Linear iter.: 4. Min. area: 0.000147057. Error: 2.73539e-12.
Computing volumes of the grid elements.
Min. volume: 0.000147057, max. volume: 36.5446.

# FGMRES residual history
# Residual tolerance target = 1e-10
# Initial residual norm     = 1.19395e-06
     0     1
# FGMRES final (true) residual:
# Iteration = 4: |res|/|res0| = 2.70981e-12.

Computing volumes of the grid elements.
Non-linear iter.: 379/500. Linear iter.: 4. Min. area: 0.000147054. Error: 2.70981e-12.
Computing volumes of the grid elements.
Min. volume: 0.000147054, max. volume: 36.5466.

# FGMRES residual history
# Residual tolerance target = 1e-10
# Initial residual norm     = 1.20974e-06
     0     1
# FGMRES final (true) residual:
# Iteration = 4: |res|/|res0| = 2.68468e-12.

Computing volumes of the grid elements.
Non-linear iter.: 380/500. Linear iter.: 4. Min. area: 0.00014705. Error: 2.68468e-12.
Computing volumes of the grid elements.
Min. volume: 0.00014705, max. volume: 36.5485.

# FGMRES residual history
# Residual tolerance target = 1e-10
# Initial residual norm     = 1.22571e-06
     0     1
# FGMRES final (true) residual:
# Iteration = 4: |res|/|res0| = 2.65996e-12.

Computing volumes of the grid elements.
Non-linear iter.: 381/500. Linear iter.: 4. Min. area: 0.000147047. Error: 2.65996e-12.
Computing volumes of the grid elements.
Min. volume: 0.000147047, max. volume: 36.5505.

# FGMRES residual history
# Residual tolerance target = 1e-10
# Initial residual norm     = 1.24185e-06
     0     1
# FGMRES final (true) residual:
# Iteration = 4: |res|/|res0| = 2.63567e-12.

Computing volumes of the grid elements.
Non-linear iter.: 382/500. Linear iter.: 4. Min. area: 0.000147044. Error: 2.63567e-12.
Computing volumes of the grid elements.
Min. volume: 0.000147044, max. volume: 36.5525.

# FGMRES residual history
# Residual tolerance target = 1e-10
# Initial residual norm     = 1.25817e-06
     0     1
# FGMRES final (true) residual:
# Iteration = 4: |res|/|res0| = 2.61178e-12.

Computing volumes of the grid elements.
Non-linear iter.: 383/500. Linear iter.: 4. Min. area: 0.00014704. Error: 2.61178e-12.
Computing volumes of the grid elements.
Min. volume: 0.00014704, max. volume: 36.5546.

# FGMRES residual history
# Residual tolerance target = 1e-10
# Initial residual norm     = 1.27466e-06
     0     1
# FGMRES final (true) residual:
# Iteration = 4: |res|/|res0| = 2.58829e-12.

Computing volumes of the grid elements.
Non-linear iter.: 384/500. Linear iter.: 4. Min. area: 0.000147037. Error: 2.58829e-12.
Computing volumes of the grid elements.
Min. volume: 0.000147037, max. volume: 36.5566.

# FGMRES residual history
# Residual tolerance target = 1e-10
# Initial residual norm     = 1.29134e-06
     0     1
# FGMRES final (true) residual:
# Iteration = 4: |res|/|res0| = 2.56519e-12.

Computing volumes of the grid elements.
Non-linear iter.: 385/500. Linear iter.: 4. Min. area: 0.000147033. Error: 2.56519e-12.
Computing volumes of the grid elements.
Min. volume: 0.000147033, max. volume: 36.5587.

# FGMRES residual history
# Residual tolerance target = 1e-10
# Initial residual norm     = 1.30819e-06
     0     1
# FGMRES final (true) residual:
# Iteration = 4: |res|/|res0| = 2.54248e-12.

Computing volumes of the grid elements.
Non-linear iter.: 386/500. Linear iter.: 4. Min. area: 0.00014703. Error: 2.54248e-12.
Computing volumes of the grid elements.
Min. volume: 0.00014703, max. volume: 36.5608.

# FGMRES residual history
# Residual tolerance target = 1e-10
# Initial residual norm     = 1.32523e-06
     0     1
# FGMRES final (true) residual:
# Iteration = 4: |res|/|res0| = 2.52014e-12.

Computing volumes of the grid elements.
Non-linear iter.: 387/500. Linear iter.: 4. Min. area: 0.000147026. Error: 2.52014e-12.
Computing volumes of the grid elements.
Min. volume: 0.000147026, max. volume: 36.5629.

# FGMRES residual history
# Residual tolerance target = 1e-10
# Initial residual norm     = 1.34245e-06
     0     1
# FGMRES final (true) residual:
# Iteration = 4: |res|/|res0| = 2.49817e-12.

Computing volumes of the grid elements.
Non-linear iter.: 388/500. Linear iter.: 4. Min. area: 0.000147023. Error: 2.49817e-12.
Computing volumes of the grid elements.
Min. volume: 0.000147023, max. volume: 36.5651.

# FGMRES residual history
# Residual tolerance target = 1e-10
# Initial residual norm     = 1.35985e-06
     0     1
# FGMRES final (true) residual:
# Iteration = 4: |res|/|res0| = 2.47655e-12.

Computing volumes of the grid elements.
Non-linear iter.: 389/500. Linear iter.: 4. Min. area: 0.00014702. Error: 2.47655e-12.
Computing volumes of the grid elements.
Min. volume: 0.00014702, max. volume: 36.5672.

# FGMRES residual history
# Residual tolerance target = 1e-10
# Initial residual norm     = 1.37745e-06
     0     1
# FGMRES final (true) residual:
# Iteration = 4: |res|/|res0| = 2.45528e-12.

Computing volumes of the grid elements.
Non-linear iter.: 390/500. Linear iter.: 4. Min. area: 0.000147016. Error: 2.45528e-12.
Computing volumes of the grid elements.
Min. volume: 0.000147016, max. volume: 36.5694.

# FGMRES residual history
# Residual tolerance target = 1e-10
# Initial residual norm     = 1.39523e-06
     0     1
# FGMRES final (true) residual:
# Iteration = 4: |res|/|res0| = 2.43436e-12.

Computing volumes of the grid elements.
Non-linear iter.: 391/500. Linear iter.: 4. Min. area: 0.000147013. Error: 2.43436e-12.
Computing volumes of the grid elements.
Min. volume: 0.000147013, max. volume: 36.5716.

# FGMRES residual history
# Residual tolerance target = 1e-10
# Initial residual norm     = 1.41319e-06
     0     1
# FGMRES final (true) residual:
# Iteration = 4: |res|/|res0| = 2.41378e-12.

Computing volumes of the grid elements.
Non-linear iter.: 392/500. Linear iter.: 4. Min. area: 0.000147009. Error: 2.41378e-12.
Computing volumes of the grid elements.
Min. volume: 0.000147009, max. volume: 36.5738.

# FGMRES residual history
# Residual tolerance target = 1e-10
# Initial residual norm     = 1.43135e-06
     0     1
# FGMRES final (true) residual:
# Iteration = 4: |res|/|res0| = 2.39352e-12.

Computing volumes of the grid elements.
Non-linear iter.: 393/500. Linear iter.: 4. Min. area: 0.000147006. Error: 2.39352e-12.
Computing volumes of the grid elements.
Min. volume: 0.000147006, max. volume: 36.5761.

# FGMRES residual history
# Residual tolerance target = 1e-10
# Initial residual norm     = 1.44971e-06
     0     1
# FGMRES final (true) residual:
# Iteration = 4: |res|/|res0| = 2.37358e-12.

Computing volumes of the grid elements.
Non-linear iter.: 394/500. Linear iter.: 4. Min. area: 0.000147003. Error: 2.37358e-12.
Computing volumes of the grid elements.
Min. volume: 0.000147003, max. volume: 36.5783.

# FGMRES residual history
# Residual tolerance target = 1e-10
# Initial residual norm     = 1.46825e-06
     0     1
# FGMRES final (true) residual:
# Iteration = 4: |res|/|res0| = 2.35396e-12.

Computing volumes of the grid elements.
Non-linear iter.: 395/500. Linear iter.: 4. Min. area: 0.000146999. Error: 2.35396e-12.
Computing volumes of the grid elements.
Min. volume: 0.000146999, max. volume: 36.5806.

# FGMRES residual history
# Residual tolerance target = 1e-10
# Initial residual norm     = 1.48699e-06
     0     1
# FGMRES final (true) residual:
# Iteration = 4: |res|/|res0| = 2.33465e-12.

Computing volumes of the grid elements.
Non-linear iter.: 396/500. Linear iter.: 4. Min. area: 0.000146996. Error: 2.33465e-12.
Computing volumes of the grid elements.
Min. volume: 0.000146996, max. volume: 36.5829.

# FGMRES residual history
# Residual tolerance target = 1e-10
# Initial residual norm     = 1.50593e-06
     0     1
# FGMRES final (true) residual:
# Iteration = 4: |res|/|res0| = 2.31564e-12.

Computing volumes of the grid elements.
Non-linear iter.: 397/500. Linear iter.: 4. Min. area: 0.000146992. Error: 2.31564e-12.
Computing volumes of the grid elements.
Min. volume: 0.000146992, max. volume: 36.5852.

# FGMRES residual history
# Residual tolerance target = 1e-10
# Initial residual norm     = 1.52506e-06
     0     1
# FGMRES final (true) residual:
# Iteration = 4: |res|/|res0| = 2.29692e-12.

Computing volumes of the grid elements.
Non-linear iter.: 398/500. Linear iter.: 4. Min. area: 0.000146989. Error: 2.29692e-12.
Computing volumes of the grid elements.
Min. volume: 0.000146989, max. volume: 36.5876.

# FGMRES residual history
# Residual tolerance target = 1e-10
# Initial residual norm     = 1.54439e-06
     0     1
# FGMRES final (true) residual:
# Iteration = 4: |res|/|res0| = 2.27848e-12.

Computing volumes of the grid elements.
Non-linear iter.: 399/500. Linear iter.: 4. Min. area: 0.000146986. Error: 2.27848e-12.
Computing volumes of the grid elements.
Min. volume: 0.000146986, max. volume: 36.5899.

# FGMRES residual history
# Residual tolerance target = 1e-10
# Initial residual norm     = 1.56392e-06
     0     1
# FGMRES final (true) residual:
# Iteration = 4: |res|/|res0| = 2.26033e-12.

Computing volumes of the grid elements.
Non-linear iter.: 400/500. Linear iter.: 4. Min. area: 0.000146982. Error: 2.26033e-12.
Computing volumes of the grid elements.
Min. volume: 0.000146982, max. volume: 36.5923.

# FGMRES residual history
# Residual tolerance target = 1e-10
# Initial residual norm     = 1.58365e-06
     0     1
# FGMRES final (true) residual:
# Iteration = 4: |res|/|res0| = 2.24246e-12.

Computing volumes of the grid elements.
Non-linear iter.: 401/500. Linear iter.: 4. Min. area: 0.000146979. Error: 2.24246e-12.
Computing volumes of the grid elements.
Min. volume: 0.000146979, max. volume: 36.5947.

# FGMRES residual history
# Residual tolerance target = 1e-10
# Initial residual norm     = 1.60358e-06
     0     1
# FGMRES final (true) residual:
# Iteration = 4: |res|/|res0| = 2.22485e-12.

Computing volumes of the grid elements.
Non-linear iter.: 402/500. Linear iter.: 4. Min. area: 0.000146975. Error: 2.22485e-12.
Computing volumes of the grid elements.
Min. volume: 0.000146975, max. volume: 36.5972.

# FGMRES residual history
# Residual tolerance target = 1e-10
# Initial residual norm     = 1.62372e-06
     0     1
# FGMRES final (true) residual:
# Iteration = 4: |res|/|res0| = 2.20751e-12.

Computing volumes of the grid elements.
Non-linear iter.: 403/500. Linear iter.: 4. Min. area: 0.000146972. Error: 2.20751e-12.
Computing volumes of the grid elements.
Min. volume: 0.000146972, max. volume: 36.5996.

# FGMRES residual history
# Residual tolerance target = 1e-10
# Initial residual norm     = 1.64406e-06
     0     1
# FGMRES final (true) residual:
# Iteration = 4: |res|/|res0| = 2.19043e-12.

Computing volumes of the grid elements.
Non-linear iter.: 404/500. Linear iter.: 4. Min. area: 0.000146969. Error: 2.19043e-12.
Computing volumes of the grid elements.
Min. volume: 0.000146969, max. volume: 36.6021.

# FGMRES residual history
# Residual tolerance target = 1e-10
# Initial residual norm     = 1.6646e-06
     0     1
# FGMRES final (true) residual:
# Iteration = 4: |res|/|res0| = 2.17359e-12.

Computing volumes of the grid elements.
Non-linear iter.: 405/500. Linear iter.: 4. Min. area: 0.000146965. Error: 2.17359e-12.
Computing volumes of the grid elements.
Min. volume: 0.000146965, max. volume: 36.6046.

# FGMRES residual history
# Residual tolerance target = 1e-10
# Initial residual norm     = 1.68535e-06
     0     1
# FGMRES final (true) residual:
# Iteration = 4: |res|/|res0| = 2.15701e-12.

Computing volumes of the grid elements.
Non-linear iter.: 406/500. Linear iter.: 4. Min. area: 0.000146962. Error: 2.15701e-12.
Computing volumes of the grid elements.
Min. volume: 0.000146962, max. volume: 36.6071.

# FGMRES residual history
# Residual tolerance target = 1e-10
# Initial residual norm     = 1.70631e-06
     0     1
# FGMRES final (true) residual:
# Iteration = 4: |res|/|res0| = 2.14066e-12.

Computing volumes of the grid elements.
Non-linear iter.: 407/500. Linear iter.: 4. Min. area: 0.000146959. Error: 2.14066e-12.
Computing volumes of the grid elements.
Min. volume: 0.000146959, max. volume: 36.6096.

# FGMRES residual history
# Residual tolerance target = 1e-10
# Initial residual norm     = 1.72748e-06
     0     1
# FGMRES final (true) residual:
# Iteration = 4: |res|/|res0| = 2.12455e-12.

Computing volumes of the grid elements.
Non-linear iter.: 408/500. Linear iter.: 4. Min. area: 0.000146955. Error: 2.12455e-12.
Computing volumes of the grid elements.
Min. volume: 0.000146955, max. volume: 36.6122.

# FGMRES residual history
# Residual tolerance target = 1e-10
# Initial residual norm     = 1.74885e-06
     0     1
# FGMRES final (true) residual:
# Iteration = 4: |res|/|res0| = 2.10867e-12.

Computing volumes of the grid elements.
Non-linear iter.: 409/500. Linear iter.: 4. Min. area: 0.000146952. Error: 2.10867e-12.
Computing volumes of the grid elements.
Min. volume: 0.000146952, max. volume: 36.6148.

# FGMRES residual history
# Residual tolerance target = 1e-10
# Initial residual norm     = 1.77044e-06
     0     1
# FGMRES final (true) residual:
# Iteration = 4: |res|/|res0| = 2.09301e-12.

Computing volumes of the grid elements.
Non-linear iter.: 410/500. Linear iter.: 4. Min. area: 0.000146948. Error: 2.09301e-12.
Computing volumes of the grid elements.
Min. volume: 0.000146948, max. volume: 36.6174.

# FGMRES residual history
# Residual tolerance target = 1e-10
# Initial residual norm     = 1.79223e-06
     0     1
# FGMRES final (true) residual:
# Iteration = 4: |res|/|res0| = 2.07758e-12.

Computing volumes of the grid elements.
Non-linear iter.: 411/500. Linear iter.: 4. Min. area: 0.000146945. Error: 2.07758e-12.
Computing volumes of the grid elements.
Min. volume: 0.000146945, max. volume: 36.62.

# FGMRES residual history
# Residual tolerance target = 1e-10
# Initial residual norm     = 1.81424e-06
     0     1
# FGMRES final (true) residual:
# Iteration = 4: |res|/|res0| = 2.06236e-12.

Computing volumes of the grid elements.
Non-linear iter.: 412/500. Linear iter.: 4. Min. area: 0.000146942. Error: 2.06236e-12.
Computing volumes of the grid elements.
Min. volume: 0.000146942, max. volume: 36.6226.

# FGMRES residual history
# Residual tolerance target = 1e-10
# Initial residual norm     = 1.83646e-06
     0     1
# FGMRES final (true) residual:
# Iteration = 4: |res|/|res0| = 2.04735e-12.

Computing volumes of the grid elements.
Non-linear iter.: 413/500. Linear iter.: 4. Min. area: 0.000146938. Error: 2.04735e-12.
Computing volumes of the grid elements.
Min. volume: 0.000146938, max. volume: 36.6253.

# FGMRES residual history
# Residual tolerance target = 1e-10
# Initial residual norm     = 1.8589e-06
     0     1
# FGMRES final (true) residual:
# Iteration = 4: |res|/|res0| = 2.03254e-12.

Computing volumes of the grid elements.
Non-linear iter.: 414/500. Linear iter.: 4. Min. area: 0.000146935. Error: 2.03254e-12.
Computing volumes of the grid elements.
Min. volume: 0.000146935, max. volume: 36.628.

# FGMRES residual history
# Residual tolerance target = 1e-10
# Initial residual norm     = 1.88154e-06
     0     1
# FGMRES final (true) residual:
# Iteration = 4: |res|/|res0| = 2.01794e-12.

Computing volumes of the grid elements.
Non-linear iter.: 415/500. Linear iter.: 4. Min. area: 0.000146932. Error: 2.01794e-12.
Computing volumes of the grid elements.
Min. volume: 0.000146932, max. volume: 36.6307.

# FGMRES residual history
# Residual tolerance target = 1e-10
# Initial residual norm     = 1.9044e-06
     0     1
# FGMRES final (true) residual:
# Iteration = 4: |res|/|res0| = 2.00353e-12.

Computing volumes of the grid elements.
Non-linear iter.: 416/500. Linear iter.: 4. Min. area: 0.000146928. Error: 2.00353e-12.
Computing volumes of the grid elements.
Min. volume: 0.000146928, max. volume: 36.6334.

# FGMRES residual history
# Residual tolerance target = 1e-10
# Initial residual norm     = 1.92748e-06
     0     1
# FGMRES final (true) residual:
# Iteration = 4: |res|/|res0| = 1.98931e-12.

Computing volumes of the grid elements.
Non-linear iter.: 417/500. Linear iter.: 4. Min. area: 0.000146925. Error: 1.98931e-12.
Computing volumes of the grid elements.
Min. volume: 0.000146925, max. volume: 36.6361.

# FGMRES residual history
# Residual tolerance target = 1e-10
# Initial residual norm     = 1.95077e-06
     0     1
# FGMRES final (true) residual:
# Iteration = 4: |res|/|res0| = 1.97529e-12.

Computing volumes of the grid elements.
Non-linear iter.: 418/500. Linear iter.: 4. Min. area: 0.000146921. Error: 1.97529e-12.
Computing volumes of the grid elements.
Min. volume: 0.000146921, max. volume: 36.6389.

# FGMRES residual history
# Residual tolerance target = 1e-10
# Initial residual norm     = 1.97428e-06
     0     1
# FGMRES final (true) residual:
# Iteration = 4: |res|/|res0| = 1.96144e-12.

Computing volumes of the grid elements.
Non-linear iter.: 419/500. Linear iter.: 4. Min. area: 0.000146918. Error: 1.96144e-12.
Computing volumes of the grid elements.
Min. volume: 0.000146918, max. volume: 36.6417.

# FGMRES residual history
# Residual tolerance target = 1e-10
# Initial residual norm     = 1.99801e-06
     0     1
# FGMRES final (true) residual:
# Iteration = 4: |res|/|res0| = 1.94778e-12.

Computing volumes of the grid elements.
Non-linear iter.: 420/500. Linear iter.: 4. Min. area: 0.000146915. Error: 1.94778e-12.
Computing volumes of the grid elements.
Min. volume: 0.000146915, max. volume: 36.6445.

# FGMRES residual history
# Residual tolerance target = 1e-10
# Initial residual norm     = 2.02195e-06
     0     1
# FGMRES final (true) residual:
# Iteration = 4: |res|/|res0| = 1.93429e-12.

Computing volumes of the grid elements.
Non-linear iter.: 421/500. Linear iter.: 4. Min. area: 0.000146911. Error: 1.93429e-12.
Computing volumes of the grid elements.
Min. volume: 0.000146911, max. volume: 36.6473.

# FGMRES residual history
# Residual tolerance target = 1e-10
# Initial residual norm     = 2.04611e-06
     0     1
# FGMRES final (true) residual:
# Iteration = 4: |res|/|res0| = 1.92098e-12.

Computing volumes of the grid elements.
Non-linear iter.: 422/500. Linear iter.: 4. Min. area: 0.000146908. Error: 1.92098e-12.
Computing volumes of the grid elements.
Min. volume: 0.000146908, max. volume: 36.6502.

# FGMRES residual history
# Residual tolerance target = 1e-10
# Initial residual norm     = 2.07049e-06
     0     1
# FGMRES final (true) residual:
# Iteration = 4: |res|/|res0| = 1.90783e-12.

Computing volumes of the grid elements.
Non-linear iter.: 423/500. Linear iter.: 4. Min. area: 0.000146905. Error: 1.90783e-12.
Computing volumes of the grid elements.
Min. volume: 0.000146905, max. volume: 36.653.

# FGMRES residual history
# Residual tolerance target = 1e-10
# Initial residual norm     = 2.09509e-06
     0     1
# FGMRES final (true) residual:
# Iteration = 4: |res|/|res0| = 1.89485e-12.

Computing volumes of the grid elements.
Non-linear iter.: 424/500. Linear iter.: 4. Min. area: 0.000146901. Error: 1.89485e-12.
Computing volumes of the grid elements.
Min. volume: 0.000146901, max. volume: 36.6559.

# FGMRES residual history
# Residual tolerance target = 1e-10
# Initial residual norm     = 2.11991e-06
     0     1
# FGMRES final (true) residual:
# Iteration = 4: |res|/|res0| = 1.88203e-12.

Computing volumes of the grid elements.
Non-linear iter.: 425/500. Linear iter.: 4. Min. area: 0.000146898. Error: 1.88203e-12.
Computing volumes of the grid elements.
Min. volume: 0.000146898, max. volume: 36.6588.

# FGMRES residual history
# Residual tolerance target = 1e-10
# Initial residual norm     = 2.14494e-06
     0     1
# FGMRES final (true) residual:
# Iteration = 4: |res|/|res0| = 1.86936e-12.

Computing volumes of the grid elements.
Non-linear iter.: 426/500. Linear iter.: 4. Min. area: 0.000146895. Error: 1.86936e-12.
Computing volumes of the grid elements.
Min. volume: 0.000146895, max. volume: 36.6617.

# FGMRES residual history
# Residual tolerance target = 1e-10
# Initial residual norm     = 2.17019e-06
     0     1
# FGMRES final (true) residual:
# Iteration = 4: |res|/|res0| = 1.85686e-12.

Computing volumes of the grid elements.
Non-linear iter.: 427/500. Linear iter.: 4. Min. area: 0.000146891. Error: 1.85686e-12.
Computing volumes of the grid elements.
Min. volume: 0.000146891, max. volume: 36.6647.

# FGMRES residual history
# Residual tolerance target = 1e-10
# Initial residual norm     = 2.19567e-06
     0     1
# FGMRES final (true) residual:
# Iteration = 4: |res|/|res0| = 1.8445e-12.

Computing volumes of the grid elements.
Non-linear iter.: 428/500. Linear iter.: 4. Min. area: 0.000146888. Error: 1.8445e-12.
Computing volumes of the grid elements.
Min. volume: 0.000146888, max. volume: 36.6677.

# FGMRES residual history
# Residual tolerance target = 1e-10
# Initial residual norm     = 2.22136e-06
     0     1
# FGMRES final (true) residual:
# Iteration = 4: |res|/|res0| = 1.83229e-12.

Computing volumes of the grid elements.
Non-linear iter.: 429/500. Linear iter.: 4. Min. area: 0.000146884. Error: 1.83229e-12.
Computing volumes of the grid elements.
Min. volume: 0.000146884, max. volume: 36.6707.

# FGMRES residual history
# Residual tolerance target = 1e-10
# Initial residual norm     = 2.24727e-06
     0     1
# FGMRES final (true) residual:
# Iteration = 4: |res|/|res0| = 1.82022e-12.

Computing volumes of the grid elements.
Non-linear iter.: 430/500. Linear iter.: 4. Min. area: 0.000146881. Error: 1.82022e-12.
Computing volumes of the grid elements.
Min. volume: 0.000146881, max. volume: 36.6737.

# FGMRES residual history
# Residual tolerance target = 1e-10
# Initial residual norm     = 2.2734e-06
     0     1
# FGMRES final (true) residual:
# Iteration = 4: |res|/|res0| = 1.8083e-12.

Computing volumes of the grid elements.
Non-linear iter.: 431/500. Linear iter.: 4. Min. area: 0.000146878. Error: 1.8083e-12.
Computing volumes of the grid elements.
Min. volume: 0.000146878, max. volume: 36.6767.

# FGMRES residual history
# Residual tolerance target = 1e-10
# Initial residual norm     = 2.29975e-06
     0     1
# FGMRES final (true) residual:
# Iteration = 4: |res|/|res0| = 1.79651e-12.

Computing volumes of the grid elements.
Non-linear iter.: 432/500. Linear iter.: 4. Min. area: 0.000146874. Error: 1.79651e-12.
Computing volumes of the grid elements.
Min. volume: 0.000146874, max. volume: 36.6797.

# FGMRES residual history
# Residual tolerance target = 1e-10
# Initial residual norm     = 2.32632e-06
     0     1
# FGMRES final (true) residual:
# Iteration = 4: |res|/|res0| = 1.78486e-12.

Computing volumes of the grid elements.
Non-linear iter.: 433/500. Linear iter.: 4. Min. area: 0.000146871. Error: 1.78486e-12.
Computing volumes of the grid elements.
Min. volume: 0.000146871, max. volume: 36.6828.

# FGMRES residual history
# Residual tolerance target = 1e-10
# Initial residual norm     = 2.35311e-06
     0     1
# FGMRES final (true) residual:
# Iteration = 4: |res|/|res0| = 1.77335e-12.

Computing volumes of the grid elements.
Non-linear iter.: 434/500. Linear iter.: 4. Min. area: 0.000146868. Error: 1.77335e-12.
Computing volumes of the grid elements.
Min. volume: 0.000146868, max. volume: 36.6859.

# FGMRES residual history
# Residual tolerance target = 1e-10
# Initial residual norm     = 2.38012e-06
     0     1
# FGMRES final (true) residual:
# Iteration = 4: |res|/|res0| = 1.76197e-12.

Computing volumes of the grid elements.
Non-linear iter.: 435/500. Linear iter.: 4. Min. area: 0.000146864. Error: 1.76197e-12.
Computing volumes of the grid elements.
Min. volume: 0.000146864, max. volume: 36.689.

# FGMRES residual history
# Residual tolerance target = 1e-10
# Initial residual norm     = 2.40735e-06
     0     1
# FGMRES final (true) residual:
# Iteration = 4: |res|/|res0| = 1.75071e-12.

Computing volumes of the grid elements.
Non-linear iter.: 436/500. Linear iter.: 4. Min. area: 0.000146861. Error: 1.75071e-12.
Computing volumes of the grid elements.
Min. volume: 0.000146861, max. volume: 36.6921.

# FGMRES residual history
# Residual tolerance target = 1e-10
# Initial residual norm     = 2.43479e-06
     0     1
# FGMRES final (true) residual:
# Iteration = 4: |res|/|res0| = 1.73958e-12.

Computing volumes of the grid elements.
Non-linear iter.: 437/500. Linear iter.: 4. Min. area: 0.000146858. Error: 1.73958e-12.
Computing volumes of the grid elements.
Min. volume: 0.000146858, max. volume: 36.6953.

# FGMRES residual history
# Residual tolerance target = 1e-10
# Initial residual norm     = 2.46246e-06
     0     1
# FGMRES final (true) residual:
# Iteration = 4: |res|/|res0| = 1.72857e-12.

Computing volumes of the grid elements.
Non-linear iter.: 438/500. Linear iter.: 4. Min. area: 0.000146854. Error: 1.72857e-12.
Computing volumes of the grid elements.
Min. volume: 0.000146854, max. volume: 36.6985.

# FGMRES residual history
# Residual tolerance target = 1e-10
# Initial residual norm     = 2.49034e-06
     0     1
# FGMRES final (true) residual:
# Iteration = 4: |res|/|res0| = 1.71768e-12.

Computing volumes of the grid elements.
Non-linear iter.: 439/500. Linear iter.: 4. Min. area: 0.000146851. Error: 1.71768e-12.
Computing volumes of the grid elements.
Min. volume: 0.000146851, max. volume: 36.7016.

# FGMRES residual history
# Residual tolerance target = 1e-10
# Initial residual norm     = 2.51844e-06
     0     1
# FGMRES final (true) residual:
# Iteration = 4: |res|/|res0| = 1.70692e-12.

Computing volumes of the grid elements.
Non-linear iter.: 440/500. Linear iter.: 4. Min. area: 0.000146848. Error: 1.70692e-12.
Computing volumes of the grid elements.
Min. volume: 0.000146848, max. volume: 36.7048.

# FGMRES residual history
# Residual tolerance target = 1e-10
# Initial residual norm     = 2.54675e-06
     0     1
# FGMRES final (true) residual:
# Iteration = 4: |res|/|res0| = 1.69626e-12.

Computing volumes of the grid elements.
Non-linear iter.: 441/500. Linear iter.: 4. Min. area: 0.000146844. Error: 1.69626e-12.
Computing volumes of the grid elements.
Min. volume: 0.000146844, max. volume: 36.7081.

# FGMRES residual history
# Residual tolerance target = 1e-10
# Initial residual norm     = 2.57528e-06
     0     1
# FGMRES final (true) residual:
# Iteration = 4: |res|/|res0| = 1.68573e-12.

Computing volumes of the grid elements.
Non-linear iter.: 442/500. Linear iter.: 4. Min. area: 0.000146841. Error: 1.68573e-12.
Computing volumes of the grid elements.
Min. volume: 0.000146841, max. volume: 36.7113.

# FGMRES residual history
# Residual tolerance target = 1e-10
# Initial residual norm     = 2.60403e-06
     0     1
# FGMRES final (true) residual:
# Iteration = 4: |res|/|res0| = 1.6753e-12.

Computing volumes of the grid elements.
Non-linear iter.: 443/500. Linear iter.: 4. Min. area: 0.000146838. Error: 1.6753e-12.
Computing volumes of the grid elements.
Min. volume: 0.000146838, max. volume: 36.7146.

# FGMRES residual history
# Residual tolerance target = 1e-10
# Initial residual norm     = 2.63299e-06
     0     1
# FGMRES final (true) residual:
# Iteration = 4: |res|/|res0| = 1.66498e-12.

Computing volumes of the grid elements.
Non-linear iter.: 444/500. Linear iter.: 4. Min. area: 0.000146834. Error: 1.66498e-12.
Computing volumes of the grid elements.
Min. volume: 0.000146834, max. volume: 36.7179.

# FGMRES residual history
# Residual tolerance target = 1e-10
# Initial residual norm     = 2.66216e-06
     0     1
# FGMRES final (true) residual:
# Iteration = 4: |res|/|res0| = 1.65478e-12.

Computing volumes of the grid elements.
Non-linear iter.: 445/500. Linear iter.: 4. Min. area: 0.000146831. Error: 1.65478e-12.
Computing volumes of the grid elements.
Min. volume: 0.000146831, max. volume: 36.7211.

# FGMRES residual history
# Residual tolerance target = 1e-10
# Initial residual norm     = 2.69155e-06
     0     1
# FGMRES final (true) residual:
# Iteration = 4: |res|/|res0| = 1.64468e-12.

Computing volumes of the grid elements.
Non-linear iter.: 446/500. Linear iter.: 4. Min. area: 0.000146828. Error: 1.64468e-12.
Computing volumes of the grid elements.
Min. volume: 0.000146828, max. volume: 36.7245.

# FGMRES residual history
# Residual tolerance target = 1e-10
# Initial residual norm     = 2.72115e-06
     0     1
# FGMRES final (true) residual:
# Iteration = 4: |res|/|res0| = 1.63468e-12.

Computing volumes of the grid elements.
Non-linear iter.: 447/500. Linear iter.: 4. Min. area: 0.000146824. Error: 1.63468e-12.
Computing volumes of the grid elements.
Min. volume: 0.000146824, max. volume: 36.7278.

# FGMRES residual history
# Residual tolerance target = 1e-10
# Initial residual norm     = 2.75096e-06
     0     1
# FGMRES final (true) residual:
# Iteration = 4: |res|/|res0| = 1.62479e-12.

Computing volumes of the grid elements.
Non-linear iter.: 448/500. Linear iter.: 4. Min. area: 0.000146821. Error: 1.62479e-12.
Computing volumes of the grid elements.
Min. volume: 0.000146821, max. volume: 36.7312.

# FGMRES residual history
# Residual tolerance target = 1e-10
# Initial residual norm     = 2.78099e-06
     0     1
# FGMRES final (true) residual:
# Iteration = 4: |res|/|res0| = 1.61499e-12.

Computing volumes of the grid elements.
Non-linear iter.: 449/500. Linear iter.: 4. Min. area: 0.000146818. Error: 1.61499e-12.
Computing volumes of the grid elements.
Min. volume: 0.000146818, max. volume: 36.7345.

# FGMRES residual history
# Residual tolerance target = 1e-10
# Initial residual norm     = 2.81122e-06
     0     1
# FGMRES final (true) residual:
# Iteration = 4: |res|/|res0| = 1.6053e-12.

Computing volumes of the grid elements.
Non-linear iter.: 450/500. Linear iter.: 4. Min. area: 0.000146814. Error: 1.6053e-12.
Computing volumes of the grid elements.
Min. volume: 0.000146814, max. volume: 36.7379.

# FGMRES residual history
# Residual tolerance target = 1e-10
# Initial residual norm     = 2.84166e-06
     0     1
# FGMRES final (true) residual:
# Iteration = 4: |res|/|res0| = 1.59571e-12.

Computing volumes of the grid elements.
Non-linear iter.: 451/500. Linear iter.: 4. Min. area: 0.000146811. Error: 1.59571e-12.
Computing volumes of the grid elements.
Min. volume: 0.000146811, max. volume: 36.7413.

# FGMRES residual history
# Residual tolerance target = 1e-10
# Initial residual norm     = 2.87231e-06
     0     1
# FGMRES final (true) residual:
# Iteration = 4: |res|/|res0| = 1.58621e-12.

Computing volumes of the grid elements.
Non-linear iter.: 452/500. Linear iter.: 4. Min. area: 0.000146808. Error: 1.58621e-12.
Computing volumes of the grid elements.
Min. volume: 0.000146808, max. volume: 36.7447.

# FGMRES residual history
# Residual tolerance target = 1e-10
# Initial residual norm     = 2.90317e-06
     0     1
# FGMRES final (true) residual:
# Iteration = 4: |res|/|res0| = 1.5768e-12.

Computing volumes of the grid elements.
Non-linear iter.: 453/500. Linear iter.: 4. Min. area: 0.000146805. Error: 1.5768e-12.
Computing volumes of the grid elements.
Min. volume: 0.000146805, max. volume: 36.7482.

# FGMRES residual history
# Residual tolerance target = 1e-10
# Initial residual norm     = 2.93423e-06
     0     1
# FGMRES final (true) residual:
# Iteration = 4: |res|/|res0| = 1.56749e-12.

Computing volumes of the grid elements.
Non-linear iter.: 454/500. Linear iter.: 4. Min. area: 0.000146801. Error: 1.56749e-12.
Computing volumes of the grid elements.
Min. volume: 0.000146801, max. volume: 36.7516.

# FGMRES residual history
# Residual tolerance target = 1e-10
# Initial residual norm     = 2.9655e-06
     0     1
# FGMRES final (true) residual:
# Iteration = 4: |res|/|res0| = 1.55828e-12.

Computing volumes of the grid elements.
Non-linear iter.: 455/500. Linear iter.: 4. Min. area: 0.000146798. Error: 1.55828e-12.
Computing volumes of the grid elements.
Min. volume: 0.000146798, max. volume: 36.7551.

# FGMRES residual history
# Residual tolerance target = 1e-10
# Initial residual norm     = 2.99697e-06
     0     1
# FGMRES final (true) residual:
# Iteration = 4: |res|/|res0| = 1.54915e-12.

Computing volumes of the grid elements.
Non-linear iter.: 456/500. Linear iter.: 4. Min. area: 0.000146795. Error: 1.54915e-12.
Computing volumes of the grid elements.
Min. volume: 0.000146795, max. volume: 36.7586.

# FGMRES residual history
# Residual tolerance target = 1e-10
# Initial residual norm     = 3.02864e-06
     0     1
# FGMRES final (true) residual:
# Iteration = 4: |res|/|res0| = 1.54011e-12.

Computing volumes of the grid elements.
Non-linear iter.: 457/500. Linear iter.: 4. Min. area: 0.000146791. Error: 1.54011e-12.
Computing volumes of the grid elements.
Min. volume: 0.000146791, max. volume: 36.7621.

# FGMRES residual history
# Residual tolerance target = 1e-10
# Initial residual norm     = 3.06051e-06
     0     1
# FGMRES final (true) residual:
# Iteration = 4: |res|/|res0| = 1.53116e-12.

Computing volumes of the grid elements.
Non-linear iter.: 458/500. Linear iter.: 4. Min. area: 0.000146788. Error: 1.53116e-12.
Computing volumes of the grid elements.
Min. volume: 0.000146788, max. volume: 36.7656.

# FGMRES residual history
# Residual tolerance target = 1e-10
# Initial residual norm     = 3.09258e-06
     0     1
# FGMRES final (true) residual:
# Iteration = 4: |res|/|res0| = 1.5223e-12.

Computing volumes of the grid elements.
Non-linear iter.: 459/500. Linear iter.: 4. Min. area: 0.000146785. Error: 1.5223e-12.
Computing volumes of the grid elements.
Min. volume: 0.000146785, max. volume: 36.7692.

# FGMRES residual history
# Residual tolerance target = 1e-10
# Initial residual norm     = 3.12485e-06
     0     1
# FGMRES final (true) residual:
# Iteration = 4: |res|/|res0| = 1.51352e-12.

Computing volumes of the grid elements.
Non-linear iter.: 460/500. Linear iter.: 4. Min. area: 0.000146781. Error: 1.51352e-12.
Computing volumes of the grid elements.
Min. volume: 0.000146781, max. volume: 36.7727.

# FGMRES residual history
# Residual tolerance target = 1e-10
# Initial residual norm     = 3.15732e-06
     0     1
# FGMRES final (true) residual:
# Iteration = 4: |res|/|res0| = 1.50483e-12.

Computing volumes of the grid elements.
Non-linear iter.: 461/500. Linear iter.: 4. Min. area: 0.000146778. Error: 1.50483e-12.
Computing volumes of the grid elements.
Min. volume: 0.000146778, max. volume: 36.7763.

# FGMRES residual history
# Residual tolerance target = 1e-10
# Initial residual norm     = 3.18998e-06
     0     1
# FGMRES final (true) residual:
# Iteration = 4: |res|/|res0| = 1.49623e-12.

Computing volumes of the grid elements.
Non-linear iter.: 462/500. Linear iter.: 4. Min. area: 0.000146775. Error: 1.49623e-12.
Computing volumes of the grid elements.
Min. volume: 0.000146775, max. volume: 36.7799.

# FGMRES residual history
# Residual tolerance target = 1e-10
# Initial residual norm     = 3.22283e-06
     0     1
# FGMRES final (true) residual:
# Iteration = 4: |res|/|res0| = 1.4877e-12.

Computing volumes of the grid elements.
Non-linear iter.: 463/500. Linear iter.: 4. Min. area: 0.000146771. Error: 1.4877e-12.
Computing volumes of the grid elements.
Min. volume: 0.000146771, max. volume: 36.7835.

# FGMRES residual history
# Residual tolerance target = 1e-10
# Initial residual norm     = 3.25587e-06
     0     1
# FGMRES final (true) residual:
# Iteration = 4: |res|/|res0| = 1.47926e-12.

Computing volumes of the grid elements.
Non-linear iter.: 464/500. Linear iter.: 4. Min. area: 0.000146768. Error: 1.47926e-12.
Computing volumes of the grid elements.
Min. volume: 0.000146768, max. volume: 36.7871.

# FGMRES residual history
# Residual tolerance target = 1e-10
# Initial residual norm     = 3.28911e-06
     0     1
# FGMRES final (true) residual:
# Iteration = 4: |res|/|res0| = 1.4709e-12.

Computing volumes of the grid elements.
Non-linear iter.: 465/500. Linear iter.: 4. Min. area: 0.000146765. Error: 1.4709e-12.
Computing volumes of the grid elements.
Min. volume: 0.000146765, max. volume: 36.7907.

# FGMRES residual history
# Residual tolerance target = 1e-10
# Initial residual norm     = 3.32253e-06
     0     1
# FGMRES final (true) residual:
# Iteration = 4: |res|/|res0| = 1.46262e-12.

Computing volumes of the grid elements.
Non-linear iter.: 466/500. Linear iter.: 4. Min. area: 0.000146762. Error: 1.46262e-12.
Computing volumes of the grid elements.
Min. volume: 0.000146762, max. volume: 36.7944.

# FGMRES residual history
# Residual tolerance target = 1e-10
# Initial residual norm     = 3.35614e-06
     0     1
# FGMRES final (true) residual:
# Iteration = 4: |res|/|res0| = 1.45441e-12.

Computing volumes of the grid elements.
Non-linear iter.: 467/500. Linear iter.: 4. Min. area: 0.000146758. Error: 1.45441e-12.
Computing volumes of the grid elements.
Min. volume: 0.000146758, max. volume: 36.7981.

# FGMRES residual history
# Residual tolerance target = 1e-10
# Initial residual norm     = 3.38993e-06
     0     1
# FGMRES final (true) residual:
# Iteration = 4: |res|/|res0| = 1.44629e-12.

Computing volumes of the grid elements.
Non-linear iter.: 468/500. Linear iter.: 4. Min. area: 0.000146755. Error: 1.44629e-12.
Computing volumes of the grid elements.
Min. volume: 0.000146755, max. volume: 36.8017.

# FGMRES residual history
# Residual tolerance target = 1e-10
# Initial residual norm     = 3.42391e-06
     0     1
# FGMRES final (true) residual:
# Iteration = 4: |res|/|res0| = 1.43824e-12.

Computing volumes of the grid elements.
Non-linear iter.: 469/500. Linear iter.: 4. Min. area: 0.000146752. Error: 1.43824e-12.
Computing volumes of the grid elements.
Min. volume: 0.000146752, max. volume: 36.8054.

# FGMRES residual history
# Residual tolerance target = 1e-10
# Initial residual norm     = 3.45807e-06
     0     1
# FGMRES final (true) residual:
# Iteration = 4: |res|/|res0| = 1.43027e-12.

Computing volumes of the grid elements.
Non-linear iter.: 470/500. Linear iter.: 4. Min. area: 0.000146748. Error: 1.43027e-12.
Computing volumes of the grid elements.
Min. volume: 0.000146748, max. volume: 36.8091.

# FGMRES residual history
# Residual tolerance target = 1e-10
# Initial residual norm     = 3.4924e-06
     0     1
# FGMRES final (true) residual:
# Iteration = 4: |res|/|res0| = 1.42238e-12.

Computing volumes of the grid elements.
Non-linear iter.: 471/500. Linear iter.: 4. Min. area: 0.000146745. Error: 1.42238e-12.
Computing volumes of the grid elements.
Min. volume: 0.000146745, max. volume: 36.8129.

# FGMRES residual history
# Residual tolerance target = 1e-10
# Initial residual norm     = 3.52692e-06
     0     1
# FGMRES final (true) residual:
# Iteration = 4: |res|/|res0| = 1.41456e-12.

Computing volumes of the grid elements.
Non-linear iter.: 472/500. Linear iter.: 4. Min. area: 0.000146742. Error: 1.41456e-12.
Computing volumes of the grid elements.
Min. volume: 0.000146742, max. volume: 36.8166.

# FGMRES residual history
# Residual tolerance target = 1e-10
# Initial residual norm     = 3.56161e-06
     0     1
# FGMRES final (true) residual:
# Iteration = 4: |res|/|res0| = 1.40681e-12.

Computing volumes of the grid elements.
Non-linear iter.: 473/500. Linear iter.: 4. Min. area: 0.000146739. Error: 1.40681e-12.
Computing volumes of the grid elements.
Min. volume: 0.000146739, max. volume: 36.8204.

# FGMRES residual history
# Residual tolerance target = 1e-10
# Initial residual norm     = 3.59647e-06
     0     1
# FGMRES final (true) residual:
# Iteration = 4: |res|/|res0| = 1.39914e-12.

Computing volumes of the grid elements.
Non-linear iter.: 474/500. Linear iter.: 4. Min. area: 0.000146735. Error: 1.39914e-12.
Computing volumes of the grid elements.
Min. volume: 0.000146735, max. volume: 36.8241.

# FGMRES residual history
# Residual tolerance target = 1e-10
# Initial residual norm     = 3.6315e-06
     0     1
# FGMRES final (true) residual:
# Iteration = 4: |res|/|res0| = 1.39154e-12.

Computing volumes of the grid elements.
Non-linear iter.: 475/500. Linear iter.: 4. Min. area: 0.000146732. Error: 1.39154e-12.
Computing volumes of the grid elements.
Min. volume: 0.000146732, max. volume: 36.8279.

# FGMRES residual history
# Residual tolerance target = 1e-10
# Initial residual norm     = 3.6667e-06
     0     1
# FGMRES final (true) residual:
# Iteration = 4: |res|/|res0| = 1.38401e-12.

Computing volumes of the grid elements.
Non-linear iter.: 476/500. Linear iter.: 4. Min. area: 0.000146729. Error: 1.38401e-12.
Computing volumes of the grid elements.
Min. volume: 0.000146729, max. volume: 36.8317.

# FGMRES residual history
# Residual tolerance target = 1e-10
# Initial residual norm     = 3.70207e-06
     0     1
# FGMRES final (true) residual:
# Iteration = 4: |res|/|res0| = 1.37656e-12.

Computing volumes of the grid elements.
Non-linear iter.: 477/500. Linear iter.: 4. Min. area: 0.000146725. Error: 1.37656e-12.
Computing volumes of the grid elements.
Min. volume: 0.000146725, max. volume: 36.8355.

# FGMRES residual history
# Residual tolerance target = 1e-10
# Initial residual norm     = 3.73761e-06
     0     1
# FGMRES final (true) residual:
# Iteration = 4: |res|/|res0| = 1.36917e-12.

Computing volumes of the grid elements.
Non-linear iter.: 478/500. Linear iter.: 4. Min. area: 0.000146722. Error: 1.36917e-12.
Computing volumes of the grid elements.
Min. volume: 0.000146722, max. volume: 36.8393.

# FGMRES residual history
# Residual tolerance target = 1e-10
# Initial residual norm     = 3.77331e-06
     0     1
# FGMRES final (true) residual:
# Iteration = 4: |res|/|res0| = 1.36186e-12.

Computing volumes of the grid elements.
Non-linear iter.: 479/500. Linear iter.: 4. Min. area: 0.000146719. Error: 1.36186e-12.
Computing volumes of the grid elements.
Min. volume: 0.000146719, max. volume: 36.8431.

# FGMRES residual history
# Residual tolerance target = 1e-10
# Initial residual norm     = 3.80916e-06
     0     1
# FGMRES final (true) residual:
# Iteration = 4: |res|/|res0| = 1.35462e-12.

Computing volumes of the grid elements.
Non-linear iter.: 480/500. Linear iter.: 4. Min. area: 0.000146716. Error: 1.35462e-12.
Computing volumes of the grid elements.
Min. volume: 0.000146716, max. volume: 36.847.

# FGMRES residual history
# Residual tolerance target = 1e-10
# Initial residual norm     = 3.84518e-06
     0     1
# FGMRES final (true) residual:
# Iteration = 4: |res|/|res0| = 1.34744e-12.

Computing volumes of the grid elements.
Non-linear iter.: 481/500. Linear iter.: 4. Min. area: 0.000146712. Error: 1.34744e-12.
Computing volumes of the grid elements.
Min. volume: 0.000146712, max. volume: 36.8508.

# FGMRES residual history
# Residual tolerance target = 1e-10
# Initial residual norm     = 3.88135e-06
     0     1
# FGMRES final (true) residual:
# Iteration = 4: |res|/|res0| = 1.34033e-12.

Computing volumes of the grid elements.
Non-linear iter.: 482/500. Linear iter.: 4. Min. area: 0.000146709. Error: 1.34033e-12.
Computing volumes of the grid elements.
Min. volume: 0.000146709, max. volume: 36.8547.

# FGMRES residual history
# Residual tolerance target = 1e-10
# Initial residual norm     = 3.91768e-06
     0     1
# FGMRES final (true) residual:
# Iteration = 4: |res|/|res0| = 1.3333e-12.

Computing volumes of the grid elements.
Non-linear iter.: 483/500. Linear iter.: 4. Min. area: 0.000146706. Error: 1.3333e-12.
Computing volumes of the grid elements.
Min. volume: 0.000146706, max. volume: 36.8586.

# FGMRES residual history
# Residual tolerance target = 1e-10
# Initial residual norm     = 3.95416e-06
     0     1
# FGMRES final (true) residual:
# Iteration = 4: |res|/|res0| = 1.32633e-12.

Computing volumes of the grid elements.
Non-linear iter.: 484/500. Linear iter.: 4. Min. area: 0.000146702. Error: 1.32633e-12.
Computing volumes of the grid elements.
Min. volume: 0.000146702, max. volume: 36.8625.

# FGMRES residual history
# Residual tolerance target = 1e-10
# Initial residual norm     = 3.99078e-06
     0     1
# FGMRES final (true) residual:
# Iteration = 4: |res|/|res0| = 1.31942e-12.

Computing volumes of the grid elements.
Non-linear iter.: 485/500. Linear iter.: 4. Min. area: 0.000146699. Error: 1.31942e-12.
Computing volumes of the grid elements.
Min. volume: 0.000146699, max. volume: 36.8664.

# FGMRES residual history
# Residual tolerance target = 1e-10
# Initial residual norm     = 4.02756e-06
     0     1
# FGMRES final (true) residual:
# Iteration = 4: |res|/|res0| = 1.31258e-12.

Computing volumes of the grid elements.
Non-linear iter.: 486/500. Linear iter.: 4. Min. area: 0.000146696. Error: 1.31258e-12.
Computing volumes of the grid elements.
Min. volume: 0.000146696, max. volume: 36.8703.

# FGMRES residual history
# Residual tolerance target = 1e-10
# Initial residual norm     = 4.06448e-06
     0     1
# FGMRES final (true) residual:
# Iteration = 4: |res|/|res0| = 1.30581e-12.

Computing volumes of the grid elements.
Non-linear iter.: 487/500. Linear iter.: 4. Min. area: 0.000146693. Error: 1.30581e-12.
Computing volumes of the grid elements.
Min. volume: 0.000146693, max. volume: 36.8742.

# FGMRES residual history
# Residual tolerance target = 1e-10
# Initial residual norm     = 4.10154e-06
     0     1
# FGMRES final (true) residual:
# Iteration = 4: |res|/|res0| = 1.29911e-12.

Computing volumes of the grid elements.
Non-linear iter.: 488/500. Linear iter.: 4. Min. area: 0.000146689. Error: 1.29911e-12.
Computing volumes of the grid elements.
Min. volume: 0.000146689, max. volume: 36.8782.

# FGMRES residual history
# Residual tolerance target = 1e-10
# Initial residual norm     = 4.13874e-06
     0     1
# FGMRES final (true) residual:
# Iteration = 4: |res|/|res0| = 1.29246e-12.

Computing volumes of the grid elements.
Non-linear iter.: 489/500. Linear iter.: 4. Min. area: 0.000146686. Error: 1.29246e-12.
Computing volumes of the grid elements.
Min. volume: 0.000146686, max. volume: 36.8821.

# FGMRES residual history
# Residual tolerance target = 1e-10
# Initial residual norm     = 4.17607e-06
     0     1
# FGMRES final (true) residual:
# Iteration = 4: |res|/|res0| = 1.28589e-12.

Computing volumes of the grid elements.
Non-linear iter.: 490/500. Linear iter.: 4. Min. area: 0.000146683. Error: 1.28589e-12.
Computing volumes of the grid elements.
Min. volume: 0.000146683, max. volume: 36.8861.

# FGMRES residual history
# Residual tolerance target = 1e-10
# Initial residual norm     = 4.21355e-06
     0     1
# FGMRES final (true) residual:
# Iteration = 4: |res|/|res0| = 1.27937e-12.

Computing volumes of the grid elements.
Non-linear iter.: 491/500. Linear iter.: 4. Min. area: 0.00014668. Error: 1.27937e-12.
Computing volumes of the grid elements.
Min. volume: 0.00014668, max. volume: 36.89.

# FGMRES residual history
# Residual tolerance target = 1e-10
# Initial residual norm     = 4.25115e-06
     0     1
# FGMRES final (true) residual:
# Iteration = 4: |res|/|res0| = 1.27292e-12.

Computing volumes of the grid elements.
Non-linear iter.: 492/500. Linear iter.: 4. Min. area: 0.000146676. Error: 1.27292e-12.
Computing volumes of the grid elements.
Min. volume: 0.000146676, max. volume: 36.894.

# FGMRES residual history
# Residual tolerance target = 1e-10
# Initial residual norm     = 4.28889e-06
     0     1
# FGMRES final (true) residual:
# Iteration = 4: |res|/|res0| = 1.26654e-12.

Computing volumes of the grid elements.
Non-linear iter.: 493/500. Linear iter.: 4. Min. area: 0.000146673. Error: 1.26654e-12.
Computing volumes of the grid elements.
Min. volume: 0.000146673, max. volume: 36.898.

# FGMRES residual history
# Residual tolerance target = 1e-10
# Initial residual norm     = 4.32675e-06
     0     1
# FGMRES final (true) residual:
# Iteration = 4: |res|/|res0| = 1.26021e-12.

Computing volumes of the grid elements.
Non-linear iter.: 494/500. Linear iter.: 4. Min. area: 0.00014667. Error: 1.26021e-12.
Computing volumes of the grid elements.
Min. volume: 0.00014667, max. volume: 36.902.

# FGMRES residual history
# Residual tolerance target = 1e-10
# Initial residual norm     = 4.36474e-06
     0     1
# FGMRES final (true) residual:
# Iteration = 4: |res|/|res0| = 1.25395e-12.

Computing volumes of the grid elements.
Non-linear iter.: 495/500. Linear iter.: 4. Min. area: 0.000146666. Error: 1.25395e-12.
Computing volumes of the grid elements.
Min. volume: 0.000146666, max. volume: 36.906.

# FGMRES residual history
# Residual tolerance target = 1e-10
# Initial residual norm     = 4.40285e-06
     0     1
# FGMRES final (true) residual:
# Iteration = 4: |res|/|res0| = 1.24775e-12.

Computing volumes of the grid elements.
Non-linear iter.: 496/500. Linear iter.: 4. Min. area: 0.000146663. Error: 1.24775e-12.
Computing volumes of the grid elements.
Min. volume: 0.000146663, max. volume: 36.91.

# FGMRES residual history
# Residual tolerance target = 1e-10
# Initial residual norm     = 4.44108e-06
     0     1
# FGMRES final (true) residual:
# Iteration = 4: |res|/|res0| = 1.24161e-12.

Computing volumes of the grid elements.
Non-linear iter.: 497/500. Linear iter.: 4. Min. area: 0.00014666. Error: 1.24161e-12.
Computing volumes of the grid elements.
Min. volume: 0.00014666, max. volume: 36.9141.

# FGMRES residual history
# Residual tolerance target = 1e-10
# Initial residual norm     = 4.47942e-06
     0     1
# FGMRES final (true) residual:
# Iteration = 4: |res|/|res0| = 1.23554e-12.

Computing volumes of the grid elements.
Non-linear iter.: 498/500. Linear iter.: 4. Min. area: 0.000146657. Error: 1.23554e-12.
Computing volumes of the grid elements.
Min. volume: 0.000146657, max. volume: 36.9181.

# FGMRES residual history
# Residual tolerance target = 1e-10
# Initial residual norm     = 4.51788e-06
     0     1
# FGMRES final (true) residual:
# Iteration = 4: |res|/|res0| = 1.22952e-12.

Computing volumes of the grid elements.
Non-linear iter.: 499/500. Linear iter.: 4. Min. area: 0.000146653. Error: 1.22952e-12.
Computing volumes of the grid elements.
Min. volume: 0.000146653, max. volume: 36.9221.

# FGMRES residual history
# Residual tolerance target = 1e-10
# Initial residual norm     = 4.55646e-06
     0     1
# FGMRES final (true) residual:
# Iteration = 4: |res|/|res0| = 1.22356e-12.

Computing volumes of the grid elements.
Non-linear iter.: 500/500. Linear iter.: 4. Min. area: 0.00014665. Error: 1.22356e-12.

Completed in 0.086817 seconds on 1 core.

----------------------- Write deformed grid files -----------------------
|SU2 mesh                           |mesh_deformed.su2                  |
Adding any FFD information to the SU2 file.

------------------------- Finalize Solver -------------------------
Deleted CNumerics container.
Deleted CSolver container.
Deleted CGeometry container.
Deleted CSurfaceMovement class.
Deleted CVolumetricMovement class.
Deleted CConfig container.
Deleted COutput class.

------------------------- Exit Success (SU2_DEF) ------------------------

