
-------------------------------------------------------------------------
|    ___ _   _ ___                                                      |
|   / __| | | |_  )   Release 8.4.0 "Harrier"                           |
|   \__ \ |_| |/ /                                                      |
|   |___/\___//___|   Suite (Mesh Deformation Code)                     |
|                                                                       |
-------------------------------------------------------------------------
| SU2 Project Website: https://su2code.github.io                        |
|                                                                       |
| The SU2 Project is maintained by the SU2 Foundation                   |
| (http://su2foundation.org)                                            |
-------------------------------------------------------------------------
| Copyright 2012-2026, SU2 Contributors                                 |
|                                                                       |
| SU2 is free software; you can redistribute it and/or                  |
| modify it under the terms of the GNU Lesser General Public            |
| License as published by the Free Software Foundation; either          |
| version 2.1 of the License, or (at your option) any later version.    |
|                                                                       |
| SU2 is distributed in the hope that it will be useful,                |
| but WITHOUT ANY WARRANTY; without even the implied warranty of        |
| MERCHANTABILITY or FITNESS FOR A PARTICULAR PURPOSE. See the GNU      |
| Lesser General Public License for more details.                       |
|                                                                       |
| You should have received a copy of the GNU Lesser General Public      |
| License along with SU2. If not, see <http://www.gnu.org/licenses/>.   |
-------------------------------------------------------------------------

----------------- Physical Case Definition ( Zone 0 ) -------------------
Input mesh file name: mesh_original.su2

---------------- Grid deformation parameters ( Zone 0 )  ----------------
Grid deformation using linear elasticity method.


-------------------- Output Information ( Zone 0 ) ----------------------
Output mesh file name: mesh_deformed.su2. 
Cell stiffness scaled by inverse of the cell volume.

------------- Config File Boundary Information ( Zone 0 ) ---------------
+-----------------------------------------------------------------------+
|                        Marker Type|                        Marker Name|
+-----------------------------------------------------------------------+
|                          Far-field|                           farfield|
+-----------------------------------------------------------------------+
|                     Heat flux wall|                            airfoil|
+-----------------------------------------------------------------------+
Two dimensional problem.
222 grid points.
235 volume elements.
2 surface markers.
50 boundary elements in index 0 (Marker = farfield).
159 boundary elements in index 1 (Marker = airfoil).
235 triangles.

----------------------- Preprocessing computations ----------------------
Setting local point connectivity.
Checking the numerical grid orientation of the interior elements.
All volume elements are correctly oriented.
There has been a re-orientation of 159 LINE surface elements.
Identify edges and vertices.
Setting the bound control volume structure.
Area of the computational grid: 599.943.
  Info: Ignoring the following volume output fields/groups:
  SOLUTION
Volume output fields: COORDINATES
Screen output fields: 
History output group(s): 
Warning: No (valid) fields chosen for convergence monitoring. Convergence monitoring inactive.
Warning: No (valid) fields chosen for time convergence monitoring. Time convergence monitoring inactive.

--------------------- Surface grid deformation (ZONE 0) -----------------
Performing the deformation of the surface grid.
Updating the surface coordinates from the input file.

------------------- Volumetric grid deformation (ZONE 0) ----------------
Performing the deformation of the volumetric grid.
Computing volumes of the grid elements.
Min. volume: 0.000151846, max. volume: 36.5349.

# FGMRES residual history
# Residual tolerance target = 1e-10
# Initial residual norm     = 9.36098e-10
     0     1
# FGMRES final (true) residual:
# Iteration = 4: |res|/|res0| = 9.75071e-12.

Computing volumes of the grid elements.
Non-linear iter.: 1/500. Linear iter.: 4. Min. area: 0.000151846. Error: 9.75071e-12.
Computing volumes of the grid elements.
Min. volume: 0.000151846, max. volume: 36.5349.

# FGMRES residual history
# Residual tolerance target = 1e-10
# Initial residual norm     = 9.36094e-10
     0     1
# FGMRES final (true) residual:
# Iteration = 4: |res|/|res0| = 9.75075e-12.

Computing volumes of the grid elements.
Non-linear iter.: 2/500. Linear iter.: 4. Min. area: 0.000151846. Error: 9.75075e-12.
Computing volumes of the grid elements.
Min. volume: 0.000151846, max. volume: 36.5349.

# FGMRES residual history
# Residual tolerance target = 1e-10
# Initial residual norm     = 9.36089e-10
     0     1
# FGMRES final (true) residual:
# Iteration = 4: |res|/|res0| = 9.75079e-12.

Computing volumes of the grid elements.
Non-linear iter.: 3/500. Linear iter.: 4. Min. area: 0.000151846. Error: 9.75079e-12.
Computing volumes of the grid elements.
Min. volume: 0.000151846, max. volume: 36.5349.

# FGMRES residual history
# Residual tolerance target = 1e-10
# Initial residual norm     = 9.36084e-10
     0     1
# FGMRES final (true) residual:
# Iteration = 4: |res|/|res0| = 9.75083e-12.

Computing volumes of the grid elements.
Non-linear iter.: 4/500. Linear iter.: 4. Min. area: 0.000151846. Error: 9.75083e-12.
Computing volumes of the grid elements.
Min. volume: 0.000151846, max. volume: 36.5349.

# FGMRES residual history
# Residual tolerance target = 1e-10
# Initial residual norm     = 9.36079e-10
     0     1
# FGMRES final (true) residual:
# Iteration = 4: |res|/|res0| = 9.75087e-12.

Computing volumes of the grid elements.
Non-linear iter.: 5/500. Linear iter.: 4. Min. area: 0.000151846. Error: 9.75087e-12.
Computing volumes of the grid elements.
Min. volume: 0.000151846, max. volume: 36.5349.

# FGMRES residual history
# Residual tolerance target = 1e-10
# Initial residual norm     = 9.36074e-10
     0     1
# FGMRES final (true) residual:
# Iteration = 4: |res|/|res0| = 9.75091e-12.

Computing volumes of the grid elements.
Non-linear iter.: 6/500. Linear iter.: 4. Min. area: 0.000151846. Error: 9.75091e-12.
Computing volumes of the grid elements.
Min. volume: 0.000151846, max. volume: 36.5349.

# FGMRES residual history
# Residual tolerance target = 1e-10
# Initial residual norm     = 9.36069e-10
     0     1
# FGMRES final (true) residual:
# Iteration = 4: |res|/|res0| = 9.75095e-12.

Computing volumes of the grid elements.
Non-linear iter.: 7/500. Linear iter.: 4. Min. area: 0.000151846. Error: 9.75095e-12.
Computing volumes of the grid elements.
Min. volume: 0.000151846, max. volume: 36.5349.

# FGMRES residual history
# Residual tolerance target = 1e-10
# Initial residual norm     = 9.36064e-10
     0     1
# FGMRES final (true) residual:
# Iteration = 4: |res|/|res0| = 9.75099e-12.

Computing volumes of the grid elements.
Non-linear iter.: 8/500. Linear iter.: 4. Min. area: 0.000151846. Error: 9.75099e-12.
Computing volumes of the grid elements.
Min. volume: 0.000151846, max. volume: 36.5349.

# FGMRES residual history
# Residual tolerance target = 1e-10
# Initial residual norm     = 9.36059e-10
     0     1
# FGMRES final (true) residual:
# Iteration = 4: |res|/|res0| = 9.75103e-12.

Computing volumes of the grid elements.
Non-linear iter.: 9/500. Linear iter.: 4. Min. area: 0.000151846. Error: 9.75103e-12.
Computing volumes of the grid elements.
Min. volume: 0.000151846, max. volume: 36.5349.

# FGMRES residual history
# Residual tolerance target = 1e-10
# Initial residual norm     = 9.36055e-10
     0     1
# FGMRES final (true) residual:
# Iteration = 4: |res|/|res0| = 9.75107e-12.

Computing volumes of the grid elements.
Non-linear iter.: 10/500. Linear iter.: 4. Min. area: 0.000151846. Error: 9.75107e-12.
Computing volumes of the grid elements.
Min. volume: 0.000151846, max. volume: 36.5349.

# FGMRES residual history
# Residual tolerance target = 1e-10
# Initial residual norm     = 9.3605e-10
     0     1
# FGMRES final (true) residual:
# Iteration = 4: |res|/|res0| = 9.75111e-12.

Computing volumes of the grid elements.
Non-linear iter.: 11/500. Linear iter.: 4. Min. area: 0.000151846. Error: 9.75111e-12.
Computing volumes of the grid elements.
Min. volume: 0.000151846, max. volume: 36.5349.

# FGMRES residual history
# Residual tolerance target = 1e-10
# Initial residual norm     = 9.36045e-10
     0     1
# FGMRES final (true) residual:
# Iteration = 4: |res|/|res0| = 9.75115e-12.

Computing volumes of the grid elements.
Non-linear iter.: 12/500. Linear iter.: 4. Min. area: 0.000151846. Error: 9.75115e-12.
Computing volumes of the grid elements.
Min. volume: 0.000151846, max. volume: 36.5349.

# FGMRES residual history
# Residual tolerance target = 1e-10
# Initial residual norm     = 9.3604e-10
     0     1
# FGMRES final (true) residual:
# Iteration = 4: |res|/|res0| = 9.75119e-12.

Computing volumes of the grid elements.
Non-linear iter.: 13/500. Linear iter.: 4. Min. area: 0.000151846. Error: 9.75119e-12.
Computing volumes of the grid elements.
Min. volume: 0.000151846, max. volume: 36.5349.

# FGMRES residual history
# Residual tolerance target = 1e-10
# Initial residual norm     = 9.36035e-10
     0     1
# FGMRES final (true) residual:
# Iteration = 4: |res|/|res0| = 9.75123e-12.

Computing volumes of the grid elements.
Non-linear iter.: 14/500. Linear iter.: 4. Min. area: 0.000151846. Error: 9.75123e-12.
Computing volumes of the grid elements.
Min. volume: 0.000151846, max. volume: 36.5349.

# FGMRES residual history
# Residual tolerance target = 1e-10
# Initial residual norm     = 9.3603e-10
     0     1
# FGMRES final (true) residual:
# Iteration = 4: |res|/|res0| = 9.75127e-12.

Computing volumes of the grid elements.
Non-linear iter.: 15/500. Linear iter.: 4. Min. area: 0.000151846. Error: 9.75127e-12.
Computing volumes of the grid elements.
Min. volume: 0.000151846, max. volume: 36.5349.

# FGMRES residual history
# Residual tolerance target = 1e-10
# Initial residual norm     = 9.36025e-10
     0     1
# FGMRES final (true) residual:
# Iteration = 4: |res|/|res0| = 9.75131e-12.

Computing volumes of the grid elements.
Non-linear iter.: 16/500. Linear iter.: 4. Min. area: 0.000151846. Error: 9.75131e-12.
Computing volumes of the grid elements.
Min. volume: 0.000151846, max. volume: 36.5349.

# FGMRES residual history
# Residual tolerance target = 1e-10
# Initial residual norm     = 9.3602e-10
     0     1
# FGMRES final (true) residual:
# Iteration = 4: |res|/|res0| = 9.75135e-12.

Computing volumes of the grid elements.
Non-linear iter.: 17/500. Linear iter.: 4. Min. area: 0.000151846. Error: 9.75135e-12.
Computing volumes of the grid elements.
Min. volume: 0.000151846, max. volume: 36.5349.

# FGMRES residual history
# Residual tolerance target = 1e-10
# Initial residual norm     = 9.36015e-10
     0     1
# FGMRES final (true) residual:
# Iteration = 4: |res|/|res0| = 9.75139e-12.

Computing volumes of the grid elements.
Non-linear iter.: 18/500. Linear iter.: 4. Min. area: 0.000151846. Error: 9.75139e-12.
Computing volumes of the grid elements.
Min. volume: 0.000151846, max. volume: 36.5349.

# FGMRES residual history
# Residual tolerance target = 1e-10
# Initial residual norm     = 9.36011e-10
     0     1
# FGMRES final (true) residual:
# Iteration = 4: |res|/|res0| = 9.75143e-12.

Computing volumes of the grid elements.
Non-linear iter.: 19/500. Linear iter.: 4. Min. area: 0.000151846. Error: 9.75143e-12.
Computing volumes of the grid elements.
Min. volume: 0.000151846, max. volume: 36.5349.

# FGMRES residual history
# Residual tolerance target = 1e-10
# Initial residual norm     = 9.36006e-10
     0     1
# FGMRES final (true) residual:
# Iteration = 4: |res|/|res0| = 9.75147e-12.

Computing volumes of the grid elements.
Non-linear iter.: 20/500. Linear iter.: 4. Min. area: 0.000151846. Error: 9.75147e-12.
Computing volumes of the grid elements.
Min. volume: 0.000151846, max. volume: 36.5349.

# FGMRES residual history
# Residual tolerance target = 1e-10
# Initial residual norm     = 9.36001e-10
     0     1
# FGMRES final (true) residual:
# Iteration = 4: |res|/|res0| = 9.75151e-12.

Computing volumes of the grid elements.
Non-linear iter.: 21/500. Linear iter.: 4. Min. area: 0.000151846. Error: 9.75151e-12.
Computing volumes of the grid elements.
Min. volume: 0.000151846, max. volume: 36.5349.

# FGMRES residual history
# Residual tolerance target = 1e-10
# Initial residual norm     = 9.35996e-10
     0     1
# FGMRES final (true) residual:
# Iteration = 4: |res|/|res0| = 9.75155e-12.

Computing volumes of the grid elements.
Non-linear iter.: 22/500. Linear iter.: 4. Min. area: 0.000151846. Error: 9.75155e-12.
Computing volumes of the grid elements.
Min. volume: 0.000151846, max. volume: 36.5349.

# FGMRES residual history
# Residual tolerance target = 1e-10
# Initial residual norm     = 9.35991e-10
     0     1
# FGMRES final (true) residual:
# Iteration = 4: |res|/|res0| = 9.75159e-12.

Computing volumes of the grid elements.
Non-linear iter.: 23/500. Linear iter.: 4. Min. area: 0.000151846. Error: 9.75159e-12.
Computing volumes of the grid elements.
Min. volume: 0.000151846, max. volume: 36.5349.

# FGMRES residual history
# Residual tolerance target = 1e-10
# Initial residual norm     = 9.35986e-10
     0     1
# FGMRES final (true) residual:
# Iteration = 4: |res|/|res0| = 9.75163e-12.

Computing volumes of the grid elements.
Non-linear iter.: 24/500. Linear iter.: 4. Min. area: 0.000151846. Error: 9.75163e-12.
Computing volumes of the grid elements.
Min. volume: 0.000151846, max. volume: 36.5349.

# FGMRES residual history
# Residual tolerance target = 1e-10
# Initial residual norm     = 9.35981e-10
     0     1
# FGMRES final (true) residual:
# Iteration = 4: |res|/|res0| = 9.75167e-12.

Computing volumes of the grid elements.
Non-linear iter.: 25/500. Linear iter.: 4. Min. area: 0.000151846. Error: 9.75167e-12.
Computing volumes of the grid elements.
Min. volume: 0.000151846, max. volume: 36.5349.

# FGMRES residual history
# Residual tolerance target = 1e-10
# Initial residual norm     = 9.35976e-10
     0     1
# FGMRES final (true) residual:
# Iteration = 4: |res|/|res0| = 9.75171e-12.

Computing volumes of the grid elements.
Non-linear iter.: 26/500. Linear iter.: 4. Min. area: 0.000151846. Error: 9.75171e-12.
Computing volumes of the grid elements.
Min. volume: 0.000151846, max. volume: 36.5349.

# FGMRES residual history
# Residual tolerance target = 1e-10
# Initial residual norm     = 9.35972e-10
     0     1
# FGMRES final (true) residual:
# Iteration = 4: |res|/|res0| = 9.75175e-12.

Computing volumes of the grid elements.
Non-linear iter.: 27/500. Linear iter.: 4. Min. area: 0.000151846. Error: 9.75175e-12.
Computing volumes of the grid elements.
Min. volume: 0.000151846, max. volume: 36.5349.

# FGMRES residual history
# Residual tolerance target = 1e-10
# Initial residual norm     = 9.35967e-10
     0     1
# FGMRES final (true) residual:
# Iteration = 4: |res|/|res0| = 9.75179e-12.

Computing volumes of the grid elements.
Non-linear iter.: 28/500. Linear iter.: 4. Min. area: 0.000151846. Error: 9.75179e-12.
Computing volumes of the grid elements.
Min. volume: 0.000151846, max. volume: 36.5349.

# FGMRES residual history
# Residual tolerance target = 1e-10
# Initial residual norm     = 9.35962e-10
     0     1
# FGMRES final (true) residual:
# Iteration = 4: |res|/|res0| = 9.75183e-12.

Computing volumes of the grid elements.
Non-linear iter.: 29/500. Linear iter.: 4. Min. area: 0.000151846. Error: 9.75183e-12.
Computing volumes of the grid elements.
Min. volume: 0.000151846, max. volume: 36.5349.

# FGMRES residual history
# Residual tolerance target = 1e-10
# Initial residual norm     = 9.35957e-10
     0     1
# FGMRES final (true) residual:
# Iteration = 4: |res|/|res0| = 9.75187e-12.

Computing volumes of the grid elements.
Non-linear iter.: 30/500. Linear iter.: 4. Min. area: 0.000151846. Error: 9.75187e-12.
Computing volumes of the grid elements.
Min. volume: 0.000151846, max. volume: 36.5349.

# FGMRES residual history
# Residual tolerance target = 1e-10
# Initial residual norm     = 9.35952e-10
     0     1
# FGMRES final (true) residual:
# Iteration = 4: |res|/|res0| = 9.75191e-12.

Computing volumes of the grid elements.
Non-linear iter.: 31/500. Linear iter.: 4. Min. area: 0.000151846. Error: 9.75191e-12.
Computing volumes of the grid elements.
Min. volume: 0.000151846, max. volume: 36.5349.

# FGMRES residual history
# Residual tolerance target = 1e-10
# Initial residual norm     = 9.35947e-10
     0     1
# FGMRES final (true) residual:
# Iteration = 4: |res|/|res0| = 9.75195e-12.

Computing volumes of the grid elements.
Non-linear iter.: 32/500. Linear iter.: 4. Min. area: 0.000151846. Error: 9.75195e-12.
Computing volumes of the grid elements.
Min. volume: 0.000151846, max. volume: 36.5349.

# FGMRES residual history
# Residual tolerance target = 1e-10
# Initial residual norm     = 9.35942e-10
     0     1
# FGMRES final (true) residual:
# Iteration = 4: |res|/|res0| = 9.75199e-12.

Computing volumes of the grid elements.
Non-linear iter.: 33/500. Linear iter.: 4. Min. area: 0.000151846. Error: 9.75199e-12.
Computing volumes of the grid elements.
Min. volume: 0.000151846, max. volume: 36.5349.

# FGMRES residual history
# Residual tolerance target = 1e-10
# Initial residual norm     = 9.35937e-10
     0     1
# FGMRES final (true) residual:
# Iteration = 4: |res|/|res0| = 9.75203e-12.

Computing volumes of the grid elements.
Non-linear iter.: 34/500. Linear iter.: 4. Min. area: 0.000151846. Error: 9.75203e-12.
Computing volumes of the grid elements.
Min. volume: 0.000151846, max. volume: 36.5349.

# FGMRES residual history
# Residual tolerance target = 1e-10
# Initial residual norm     = 9.35932e-10
     0     1
# FGMRES final (true) residual:
# Iteration = 4: |res|/|res0| = 9.75207e-12.

Computing volumes of the grid elements.
Non-linear iter.: 35/500. Linear iter.: 4. Min. area: 0.000151846. Error: 9.75207e-12.
Computing volumes of the grid elements.
Min. volume: 0.000151846, max. volume: 36.5349.

# FGMRES residual history
# Residual tolerance target = 1e-10
# Initial residual norm     = 9.35928e-10
     0     1
# FGMRES final (true) residual:
# Iteration = 4: |res|/|res0| = 9.75211e-12.

Computing volumes of the grid elements.
Non-linear iter.: 36/500. Linear iter.: 4. Min. area: 0.000151846. Error: 9.75211e-12.
Computing volumes of the grid elements.
Min. volume: 0.000151846, max. volume: 36.5349.

# FGMRES residual history
# Residual tolerance target = 1e-10
# Initial residual norm     = 9.35923e-10
     0     1
# FGMRES final (true) residual:
# Iteration = 4: |res|/|res0| = 9.75215e-12.

Computing volumes of the grid elements.
Non-linear iter.: 37/500. Linear iter.: 4. Min. area: 0.000151846. Error: 9.75215e-12.
Computing volumes of the grid elements.
Min. volume: 0.000151846, max. volume: 36.5349.

# FGMRES residual history
# Residual tolerance target = 1e-10
# Initial residual norm     = 9.35918e-10
     0     1
# FGMRES final (true) residual:
# Iteration = 4: |res|/|res0| = 9.75219e-12.

Computing volumes of the grid elements.
Non-linear iter.: 38/500. Linear iter.: 4. Min. area: 0.000151846. Error: 9.75219e-12.
Computing volumes of the grid elements.
Min. volume: 0.000151846, max. volume: 36.5349.

# FGMRES residual history
# Residual tolerance target = 1e-10
# Initial residual norm     = 9.35913e-10
     0     1
# FGMRES final (true) residual:
# Iteration = 4: |res|/|res0| = 9.75223e-12.

Computing volumes of the grid elements.
Non-linear iter.: 39/500. Linear iter.: 4. Min. area: 0.000151846. Error: 9.75223e-12.
Computing volumes of the grid elements.
Min. volume: 0.000151846, max. volume: 36.5349.

# FGMRES residual history
# Residual tolerance target = 1e-10
# Initial residual norm     = 9.35908e-10
     0     1
# FGMRES final (true) residual:
# Iteration = 4: |res|/|res0| = 9.75227e-12.

Computing volumes of the grid elements.
Non-linear iter.: 40/500. Linear iter.: 4. Min. area: 0.000151846. Error: 9.75227e-12.
Computing volumes of the grid elements.
Min. volume: 0.000151846, max. volume: 36.5349.

# FGMRES residual history
# Residual tolerance target = 1e-10
# Initial residual norm     = 9.35903e-10
     0     1
# FGMRES final (true) residual:
# Iteration = 4: |res|/|res0| = 9.75231e-12.

Computing volumes of the grid elements.
Non-linear iter.: 41/500. Linear iter.: 4. Min. area: 0.000151846. Error: 9.75231e-12.
Computing volumes of the grid elements.
Min. volume: 0.000151846, max. volume: 36.5349.

# FGMRES residual history
# Residual tolerance target = 1e-10
# Initial residual norm     = 9.35898e-10
     0     1
# FGMRES final (true) residual:
# Iteration = 4: |res|/|res0| = 9.75235e-12.

Computing volumes of the grid elements.
Non-linear iter.: 42/500. Linear iter.: 4. Min. area: 0.000151846. Error: 9.75235e-12.
Computing volumes of the grid elements.
Min. volume: 0.000151846, max. volume: 36.5349.

# FGMRES residual history
# Residual tolerance target = 1e-10
# Initial residual norm     = 9.35893e-10
     0     1
# FGMRES final (true) residual:
# Iteration = 4: |res|/|res0| = 9.75239e-12.

Computing volumes of the grid elements.
Non-linear iter.: 43/500. Linear iter.: 4. Min. area: 0.000151846. Error: 9.75239e-12.
Computing volumes of the grid elements.
Min. volume: 0.000151846, max. volume: 36.5349.

# FGMRES residual history
# Residual tolerance target = 1e-10
# Initial residual norm     = 9.35889e-10
     0     1
# FGMRES final (true) residual:
# Iteration = 4: |res|/|res0| = 9.75243e-12.

Computing volumes of the grid elements.
Non-linear iter.: 44/500. Linear iter.: 4. Min. area: 0.000151846. Error: 9.75243e-12.
Computing volumes of the grid elements.
Min. volume: 0.000151846, max. volume: 36.5348.

# FGMRES residual history
# Residual tolerance target = 1e-10
# Initial residual norm     = 9.35884e-10
     0     1
# FGMRES final (true) residual:
# Iteration = 4: |res|/|res0| = 9.75247e-12.

Computing volumes of the grid elements.
Non-linear iter.: 45/500. Linear iter.: 4. Min. area: 0.000151846. Error: 9.75247e-12.
Computing volumes of the grid elements.
Min. volume: 0.000151846, max. volume: 36.5348.

# FGMRES residual history
# Residual tolerance target = 1e-10
# Initial residual norm     = 9.35879e-10
     0     1
# FGMRES final (true) residual:
# Iteration = 4: |res|/|res0| = 9.75251e-12.

Computing volumes of the grid elements.
Non-linear iter.: 46/500. Linear iter.: 4. Min. area: 0.000151846. Error: 9.75251e-12.
Computing volumes of the grid elements.
Min. volume: 0.000151846, max. volume: 36.5348.

# FGMRES residual history
# Residual tolerance target = 1e-10
# Initial residual norm     = 9.35874e-10
     0     1
# FGMRES final (true) residual:
# Iteration = 4: |res|/|res0| = 9.75255e-12.

Computing volumes of the grid elements.
Non-linear iter.: 47/500. Linear iter.: 4. Min. area: 0.000151846. Error: 9.75255e-12.
Computing volumes of the grid elements.
Min. volume: 0.000151846, max. volume: 36.5348.

# FGMRES residual history
# Residual tolerance target = 1e-10
# Initial residual norm     = 9.35869e-10
     0     1
# FGMRES final (true) residual:
# Iteration = 4: |res|/|res0| = 9.75259e-12.

Computing volumes of the grid elements.
Non-linear iter.: 48/500. Linear iter.: 4. Min. area: 0.000151846. Error: 9.75259e-12.
Computing volumes of the grid elements.
Min. volume: 0.000151846, max. volume: 36.5348.

# FGMRES residual history
# Residual tolerance target = 1e-10
# Initial residual norm     = 9.35864e-10
     0     1
# FGMRES final (true) residual:
# Iteration = 4: |res|/|res0| = 9.75263e-12.

Computing volumes of the grid elements.
Non-linear iter.: 49/500. Linear iter.: 4. Min. area: 0.000151846. Error: 9.75263e-12.
Computing volumes of the grid elements.
Min. volume: 0.000151846, max. volume: 36.5348.

# FGMRES residual history
# Residual tolerance target = 1e-10
# Initial residual norm     = 9.35859e-10
     0     1
# FGMRES final (true) residual:
# Iteration = 4: |res|/|res0| = 9.75267e-12.

Computing volumes of the grid elements.
Non-linear iter.: 50/500. Linear iter.: 4. Min. area: 0.000151846. Error: 9.75267e-12.
Computing volumes of the grid elements.
Min. volume: 0.000151846, max. volume: 36.5348.

# FGMRES residual history
# Residual tolerance target = 1e-10
# Initial residual norm     = 9.35854e-10
     0     1
# FGMRES final (true) residual:
# Iteration = 4: |res|/|res0| = 9.75271e-12.

Computing volumes of the grid elements.
Non-linear iter.: 51/500. Linear iter.: 4. Min. area: 0.000151846. Error: 9.75271e-12.
Computing volumes of the grid elements.
Min. volume: 0.000151846, max. volume: 36.5348.

# FGMRES residual history
# Residual tolerance target = 1e-10
# Initial residual norm     = 9.3585e-10
     0     1
# FGMRES final (true) residual:
# Iteration = 4: |res|/|res0| = 9.75275e-12.

Computing volumes of the grid elements.
Non-linear iter.: 52/500. Linear iter.: 4. Min. area: 0.000151846. Error: 9.75275e-12.
Computing volumes of the grid elements.
Min. volume: 0.000151846, max. volume: 36.5348.

# FGMRES residual history
# Residual tolerance target = 1e-10
# Initial residual norm     = 9.35845e-10
     0     1
# FGMRES final (true) residual:
# Iteration = 4: |res|/|res0| = 9.75279e-12.

Computing volumes of the grid elements.
Non-linear iter.: 53/500. Linear iter.: 4. Min. area: 0.000151846. Error: 9.75279e-12.
Computing volumes of the grid elements.
Min. volume: 0.000151846, max. volume: 36.5348.

# FGMRES residual history
# Residual tolerance target = 1e-10
# Initial residual norm     = 9.3584e-10
     0     1
# FGMRES final (true) residual:
# Iteration = 4: |res|/|res0| = 9.75283e-12.

Computing volumes of the grid elements.
Non-linear iter.: 54/500. Linear iter.: 4. Min. area: 0.000151846. Error: 9.75283e-12.
Computing volumes of the grid elements.
Min. volume: 0.000151846, max. volume: 36.5348.

# FGMRES residual history
# Residual tolerance target = 1e-10
# Initial residual norm     = 9.35835e-10
     0     1
# FGMRES final (true) residual:
# Iteration = 4: |res|/|res0| = 9.75287e-12.

Computing volumes of the grid elements.
Non-linear iter.: 55/500. Linear iter.: 4. Min. area: 0.000151846. Error: 9.75287e-12.
Computing volumes of the grid elements.
Min. volume: 0.000151846, max. volume: 36.5348.

# FGMRES residual history
# Residual tolerance target = 1e-10
# Initial residual norm     = 9.3583e-10
     0     1
# FGMRES final (true) residual:
# Iteration = 4: |res|/|res0| = 9.75291e-12.

Computing volumes of the grid elements.
Non-linear iter.: 56/500. Linear iter.: 4. Min. area: 0.000151846. Error: 9.75291e-12.
Computing volumes of the grid elements.
Min. volume: 0.000151846, max. volume: 36.5348.

# FGMRES residual history
# Residual tolerance target = 1e-10
# Initial residual norm     = 9.35825e-10
     0     1
# FGMRES final (true) residual:
# Iteration = 4: |res|/|res0| = 9.75295e-12.

Computing volumes of the grid elements.
Non-linear iter.: 57/500. Linear iter.: 4. Min. area: 0.000151846. Error: 9.75295e-12.
Computing volumes of the grid elements.
Min. volume: 0.000151846, max. volume: 36.5348.

# FGMRES residual history
# Residual tolerance target = 1e-10
# Initial residual norm     = 9.3582e-10
     0     1
# FGMRES final (true) residual:
# Iteration = 4: |res|/|res0| = 9.75299e-12.

Computing volumes of the grid elements.
Non-linear iter.: 58/500. Linear iter.: 4. Min. area: 0.000151846. Error: 9.75299e-12.
Computing volumes of the grid elements.
Min. volume: 0.000151846, max. volume: 36.5348.

# FGMRES residual history
# Residual tolerance target = 1e-10
# Initial residual norm     = 9.35815e-10
     0     1
# FGMRES final (true) residual:
# Iteration = 4: |res|/|res0| = 9.75303e-12.

Computing volumes of the grid elements.
Non-linear iter.: 59/500. Linear iter.: 4. Min. area: 0.000151846. Error: 9.75303e-12.
Computing volumes of the grid elements.
Min. volume: 0.000151846, max. volume: 36.5348.

# FGMRES residual history
# Residual tolerance target = 1e-10
# Initial residual norm     = 9.3581e-10
     0     1
# FGMRES final (true) residual:
# Iteration = 4: |res|/|res0| = 9.75307e-12.

Computing volumes of the grid elements.
Non-linear iter.: 60/500. Linear iter.: 4. Min. area: 0.000151846. Error: 9.75307e-12.
Computing volumes of the grid elements.
Min. volume: 0.000151846, max. volume: 36.5348.

# FGMRES residual history
# Residual tolerance target = 1e-10
# Initial residual norm     = 9.35806e-10
     0     1
# FGMRES final (true) residual:
# Iteration = 4: |res|/|res0| = 9.75311e-12.

Computing volumes of the grid elements.
Non-linear iter.: 61/500. Linear iter.: 4. Min. area: 0.000151846. Error: 9.75311e-12.
Computing volumes of the grid elements.
Min. volume: 0.000151846, max. volume: 36.5348.

# FGMRES residual history
# Residual tolerance target = 1e-10
# Initial residual norm     = 9.35801e-10
     0     1
# FGMRES final (true) residual:
# Iteration = 4: |res|/|res0| = 9.75315e-12.

Computing volumes of the grid elements.
Non-linear iter.: 62/500. Linear iter.: 4. Min. area: 0.000151846. Error: 9.75315e-12.
Computing volumes of the grid elements.
Min. volume: 0.000151846, max. volume: 36.5348.

# FGMRES residual history
# Residual tolerance target = 1e-10
# Initial residual norm     = 9.35796e-10
     0     1
# FGMRES final (true) residual:
# Iteration = 4: |res|/|res0| = 9.75319e-12.

Computing volumes of the grid elements.
Non-linear iter.: 63/500. Linear iter.: 4. Min. area: 0.000151846. Error: 9.75319e-12.
Computing volumes of the grid elements.
Min. volume: 0.000151846, max. volume: 36.5348.

# FGMRES residual history
# Residual tolerance target = 1e-10
# Initial residual norm     = 9.35791e-10
     0     1
# FGMRES final (true) residual:
# Iteration = 4: |res|/|res0| = 9.75323e-12.

Computing volumes of the grid elements.
Non-linear iter.: 64/500. Linear iter.: 4. Min. area: 0.000151846. Error: 9.75323e-12.
Computing volumes of the grid elements.
Min. volume: 0.000151846, max. volume: 36.5348.

# FGMRES residual history
# Residual tolerance target = 1e-10
# Initial residual norm     = 9.35786e-10
     0     1
# FGMRES final (true) residual:
# Iteration = 4: |res|/|res0| = 9.75327e-12.

Computing volumes of the grid elements.
Non-linear iter.: 65/500. Linear iter.: 4. Min. area: 0.000151846. Error: 9.75327e-12.
Computing volumes of the grid elements.
Min. volume: 0.000151846, max. volume: 36.5348.

# FGMRES residual history
# Residual tolerance target = 1e-10
# Initial residual norm     = 9.35781e-10
     0     1
# FGMRES final (true) residual:
# Iteration = 4: |res|/|res0| = 9.75331e-12.

Computing volumes of the grid elements.
Non-linear iter.: 66/500. Linear iter.: 4. Min. area: 0.000151846. Error: 9.75331e-12.
Computing volumes of the grid elements.
Min. volume: 0.000151846, max. volume: 36.5348.

# FGMRES residual history
# Residual tolerance target = 1e-10
# Initial residual norm     = 9.35776e-10
     0     1
# FGMRES final (true) residual:
# Iteration = 4: |res|/|res0| = 9.75335e-12.

Computing volumes of the grid elements.
Non-linear iter.: 67/500. Linear iter.: 4. Min. area: 0.000151846. Error: 9.75335e-12.
Computing volumes of the grid elements.
Min. volume: 0.000151846, max. volume: 36.5348.

# FGMRES residual history
# Residual tolerance target = 1e-10
# Initial residual norm     = 9.35771e-10
     0     1
# FGMRES final (true) residual:
# Iteration = 4: |res|/|res0| = 9.75339e-12.

Computing volumes of the grid elements.
Non-linear iter.: 68/500. Linear iter.: 4. Min. area: 0.000151846. Error: 9.75339e-12.
Computing volumes of the grid elements.
Min. volume: 0.000151846, max. volume: 36.5348.

# FGMRES residual history
# Residual tolerance target = 1e-10
# Initial residual norm     = 9.35767e-10
     0     1
# FGMRES final (true) residual:
# Iteration = 4: |res|/|res0| = 9.75343e-12.

Computing volumes of the grid elements.
Non-linear iter.: 69/500. Linear iter.: 4. Min. area: 0.000151846. Error: 9.75343e-12.
Computing volumes of the grid elements.
Min. volume: 0.000151846, max. volume: 36.5348.

# FGMRES residual history
# Residual tolerance target = 1e-10
# Initial residual norm     = 9.35762e-10
     0     1
# FGMRES final (true) residual:
# Iteration = 4: |res|/|res0| = 9.75347e-12.

Computing volumes of the grid elements.
Non-linear iter.: 70/500. Linear iter.: 4. Min. area: 0.000151846. Error: 9.75347e-12.
Computing volumes of the grid elements.
Min. volume: 0.000151846, max. volume: 36.5348.

# FGMRES residual history
# Residual tolerance target = 1e-10
# Initial residual norm     = 9.35757e-10
     0     1
# FGMRES final (true) residual:
# Iteration = 4: |res|/|res0| = 9.75351e-12.

Computing volumes of the grid elements.
Non-linear iter.: 71/500. Linear iter.: 4. Min. area: 0.000151846. Error: 9.75351e-12.
Computing volumes of the grid elements.
Min. volume: 0.000151846, max. volume: 36.5348.

# FGMRES residual history
# Residual tolerance target = 1e-10
# Initial residual norm     = 9.35752e-10
     0     1
# FGMRES final (true) residual:
# Iteration = 4: |res|/|res0| = 9.75355e-12.

Computing volumes of the grid elements.
Non-linear iter.: 72/500. Linear iter.: 4. Min. area: 0.000151846. Error: 9.75355e-12.
Computing volumes of the grid elements.
Min. volume: 0.000151846, max. volume: 36.5348.

# FGMRES residual history
# Residual tolerance target = 1e-10
# Initial residual norm     = 9.35747e-10
     0     1
# FGMRES final (true) residual:
# Iteration = 4: |res|/|res0| = 9.75359e-12.

Computing volumes of the grid elements.
Non-linear iter.: 73/500. Linear iter.: 4. Min. area: 0.000151846. Error: 9.75359e-12.
Computing volumes of the grid elements.
Min. volume: 0.000151846, max. volume: 36.5348.

# FGMRES residual history
# Residual tolerance target = 1e-10
# Initial residual norm     = 9.35742e-10
     0     1
# FGMRES final (true) residual:
# Iteration = 4: |res|/|res0| = 9.75362e-12.

Computing volumes of the grid elements.
Non-linear iter.: 74/500. Linear iter.: 4. Min. area: 0.000151846. Error: 9.75362e-12.
Computing volumes of the grid elements.
Min. volume: 0.000151846, max. volume: 36.5348.

# FGMRES residual history
# Residual tolerance target = 1e-10
# Initial residual norm     = 9.35737e-10
     0     1
# FGMRES final (true) residual:
# Iteration = 4: |res|/|res0| = 9.75366e-12.

Computing volumes of the grid elements.
Non-linear iter.: 75/500. Linear iter.: 4. Min. area: 0.000151846. Error: 9.75366e-12.
Computing volumes of the grid elements.
Min. volume: 0.000151846, max. volume: 36.5348.

# FGMRES residual history
# Residual tolerance target = 1e-10
# Initial residual norm     = 9.35732e-10
     0     1
# FGMRES final (true) residual:
# Iteration = 4: |res|/|res0| = 9.7537e-12.

Computing volumes of the grid elements.
Non-linear iter.: 76/500. Linear iter.: 4. Min. area: 0.000151846. Error: 9.7537e-12.
Computing volumes of the grid elements.
Min. volume: 0.000151846, max. volume: 36.5348.

# FGMRES residual history
# Residual tolerance target = 1e-10
# Initial residual norm     = 9.35727e-10
     0     1
# FGMRES final (true) residual:
# Iteration = 4: |res|/|res0| = 9.75374e-12.

Computing volumes of the grid elements.
Non-linear iter.: 77/500. Linear iter.: 4. Min. area: 0.000151846. Error: 9.75374e-12.
Computing volumes of the grid elements.
Min. volume: 0.000151846, max. volume: 36.5348.

# FGMRES residual history
# Residual tolerance target = 1e-10
# Initial residual norm     = 9.35723e-10
     0     1
# FGMRES final (true) residual:
# Iteration = 4: |res|/|res0| = 9.75378e-12.

Computing volumes of the grid elements.
Non-linear iter.: 78/500. Linear iter.: 4. Min. area: 0.000151846. Error: 9.75378e-12.
Computing volumes of the grid elements.
Min. volume: 0.000151846, max. volume: 36.5348.

# FGMRES residual history
# Residual tolerance target = 1e-10
# Initial residual norm     = 9.35718e-10
     0     1
# FGMRES final (true) residual:
# Iteration = 4: |res|/|res0| = 9.75382e-12.

Computing volumes of the grid elements.
Non-linear iter.: 79/500. Linear iter.: 4. Min. area: 0.000151846. Error: 9.75382e-12.
Computing volumes of the grid elements.
Min. volume: 0.000151846, max. volume: 36.5348.

# FGMRES residual history
# Residual tolerance target = 1e-10
# Initial residual norm     = 9.35713e-10
     0     1
# FGMRES final (true) residual:
# Iteration = 4: |res|/|res0| = 9.75386e-12.

Computing volumes of the grid elements.
Non-linear iter.: 80/500. Linear iter.: 4. Min. area: 0.000151846. Error: 9.75386e-12.
Computing volumes of the grid elements.
Min. volume: 0.000151846, max. volume: 36.5348.

# FGMRES residual history
# Residual tolerance target = 1e-10
# Initial residual norm     = 9.35708e-10
     0     1
# FGMRES final (true) residual:
# Iteration = 4: |res|/|res0| = 9.7539e-12.

Computing volumes of the grid elements.
Non-linear iter.: 81/500. Linear iter.: 4. Min. area: 0.000151846. Error: 9.7539e-12.
Computing volumes of the grid elements.
Min. volume: 0.000151846, max. volume: 36.5348.

# FGMRES residual history
# Residual tolerance target = 1e-10
# Initial residual norm     = 9.35703e-10
     0     1
# FGMRES final (true) residual:
# Iteration = 4: |res|/|res0| = 9.75394e-12.

Computing volumes of the grid elements.
Non-linear iter.: 82/500. Linear iter.: 4. Min. area: 0.000151846. Error: 9.75394e-12.
Computing volumes of the grid elements.
Min. volume: 0.000151846, max. volume: 36.5348.

# FGMRES residual history
# Residual tolerance target = 1e-10
# Initial residual norm     = 9.35698e-10
     0     1
# FGMRES final (true) residual:
# Iteration = 4: |res|/|res0| = 9.75398e-12.

Computing volumes of the grid elements.
Non-linear iter.: 83/500. Linear iter.: 4. Min. area: 0.000151846. Error: 9.75398e-12.
Computing volumes of the grid elements.
Min. volume: 0.000151846, max. volume: 36.5348.

# FGMRES residual history
# Residual tolerance target = 1e-10
# Initial residual norm     = 9.35693e-10
     0     1
# FGMRES final (true) residual:
# Iteration = 4: |res|/|res0| = 9.75402e-12.

Computing volumes of the grid elements.
Non-linear iter.: 84/500. Linear iter.: 4. Min. area: 0.000151846. Error: 9.75402e-12.
Computing volumes of the grid elements.
Min. volume: 0.000151846, max. volume: 36.5348.

# FGMRES residual history
# Residual tolerance target = 1e-10
# Initial residual norm     = 9.35688e-10
     0     1
# FGMRES final (true) residual:
# Iteration = 4: |res|/|res0| = 9.75406e-12.

Computing volumes of the grid elements.
Non-linear iter.: 85/500. Linear iter.: 4. Min. area: 0.000151846. Error: 9.75406e-12.
Computing volumes of the grid elements.
Min. volume: 0.000151846, max. volume: 36.5348.

# FGMRES residual history
# Residual tolerance target = 1e-10
# Initial residual norm     = 9.35684e-10
     0     1
# FGMRES final (true) residual:
# Iteration = 4: |res|/|res0| = 9.7541e-12.

Computing volumes of the grid elements.
Non-linear iter.: 86/500. Linear iter.: 4. Min. area: 0.000151846. Error: 9.7541e-12.
Computing volumes of the grid elements.
Min. volume: 0.000151846, max. volume: 36.5348.

# FGMRES residual history
# Residual tolerance target = 1e-10
# Initial residual norm     = 9.35679e-10
     0     1
# FGMRES final (true) residual:
# Iteration = 4: |res|/|res0| = 9.75414e-12.

Computing volumes of the grid elements.
Non-linear iter.: 87/500. Linear iter.: 4. Min. area: 0.000151846. Error: 9.75414e-12.
Computing volumes of the grid elements.
Min. volume: 0.000151846, max. volume: 36.5348.

# FGMRES residual history
# Residual tolerance target = 1e-10
# Initial residual norm     = 9.35674e-10
     0     1
# FGMRES final (true) residual:
# Iteration = 4: |res|/|res0| = 9.75418e-12.

Computing volumes of the grid elements.
Non-linear iter.: 88/500. Linear iter.: 4. Min. area: 0.000151846. Error: 9.75418e-12.
Computing volumes of the grid elements.
Min. volume: 0.000151846, max. volume: 36.5348.

# FGMRES residual history
# Residual tolerance target = 1e-10
# Initial residual norm     = 9.35669e-10
     0     1
# FGMRES final (true) residual:
# Iteration = 4: |res|/|res0| = 9.75422e-12.

Computing volumes of the grid elements.
Non-linear iter.: 89/500. Linear iter.: 4. Min. area: 0.000151846. Error: 9.75422e-12.
Computing volumes of the grid elements.
Min. volume: 0.000151846, max. volume: 36.5348.

# FGMRES residual history
# Residual tolerance target = 1e-10
# Initial residual norm     = 9.35664e-10
     0     1
# FGMRES final (true) residual:
# Iteration = 4: |res|/|res0| = 9.75426e-12.

Computing volumes of the grid elements.
Non-linear iter.: 90/500. Linear iter.: 4. Min. area: 0.000151846. Error: 9.75426e-12.
Computing volumes of the grid elements.
Min. volume: 0.000151846, max. volume: 36.5348.

# FGMRES residual history
# Residual tolerance target = 1e-10
# Initial residual norm     = 9.35659e-10
     0     1
# FGMRES final (true) residual:
# Iteration = 4: |res|/|res0| = 9.7543e-12.

Computing volumes of the grid elements.
Non-linear iter.: 91/500. Linear iter.: 4. Min. area: 0.000151846. Error: 9.7543e-12.
Computing volumes of the grid elements.
Min. volume: 0.000151846, max. volume: 36.5348.

# FGMRES residual history
# Residual tolerance target = 1e-10
# Initial residual norm     = 9.35654e-10
     0     1
# FGMRES final (true) residual:
# Iteration = 4: |res|/|res0| = 9.75434e-12.

Computing volumes of the grid elements.
Non-linear iter.: 92/500. Linear iter.: 4. Min. area: 0.000151846. Error: 9.75434e-12.
Computing volumes of the grid elements.
Min. volume: 0.000151846, max. volume: 36.5348.

# FGMRES residual history
# Residual tolerance target = 1e-10
# Initial residual norm     = 9.35649e-10
     0     1
# FGMRES final (true) residual:
# Iteration = 4: |res|/|res0| = 9.75438e-12.

Computing volumes of the grid elements.
Non-linear iter.: 93/500. Linear iter.: 4. Min. area: 0.000151846. Error: 9.75438e-12.
Computing volumes of the grid elements.
Min. volume: 0.000151846, max. volume: 36.5348.

# FGMRES residual history
# Residual tolerance target = 1e-10
# Initial residual norm     = 9.35644e-10
     0     1
# FGMRES final (true) residual:
# Iteration = 4: |res|/|res0| = 9.75442e-12.

Computing volumes of the grid elements.
Non-linear iter.: 94/500. Linear iter.: 4. Min. area: 0.000151846. Error: 9.75442e-12.
Computing volumes of the grid elements.
Min. volume: 0.000151846, max. volume: 36.5347.

# FGMRES residual history
# Residual tolerance target = 1e-10
# Initial residual norm     = 9.3564e-10
     0     1
# FGMRES final (true) residual:
# Iteration = 4: |res|/|res0| = 9.75446e-12.

Computing volumes of the grid elements.
Non-linear iter.: 95/500. Linear iter.: 4. Min. area: 0.000151846. Error: 9.75446e-12.
Computing volumes of the grid elements.
Min. volume: 0.000151846, max. volume: 36.5347.

# FGMRES residual history
# Residual tolerance target = 1e-10
# Initial residual norm     = 9.35635e-10
     0     1
# FGMRES final (true) residual:
# Iteration = 4: |res|/|res0| = 9.7545e-12.

Computing volumes of the grid elements.
Non-linear iter.: 96/500. Linear iter.: 4. Min. area: 0.000151846. Error: 9.7545e-12.
Computing volumes of the grid elements.
Min. volume: 0.000151846, max. volume: 36.5347.

# FGMRES residual history
# Residual tolerance target = 1e-10
# Initial residual norm     = 9.3563e-10
     0     1
# FGMRES final (true) residual:
# Iteration = 4: |res|/|res0| = 9.75454e-12.

Computing volumes of the grid elements.
Non-linear iter.: 97/500. Linear iter.: 4. Min. area: 0.000151846. Error: 9.75454e-12.
Computing volumes of the grid elements.
Min. volume: 0.000151846, max. volume: 36.5347.

# FGMRES residual history
# Residual tolerance target = 1e-10
# Initial residual norm     = 9.35625e-10
     0     1
# FGMRES final (true) residual:
# Iteration = 4: |res|/|res0| = 9.75458e-12.

Computing volumes of the grid elements.
Non-linear iter.: 98/500. Linear iter.: 4. Min. area: 0.000151846. Error: 9.75458e-12.
Computing volumes of the grid elements.
Min. volume: 0.000151846, max. volume: 36.5347.

# FGMRES residual history
# Residual tolerance target = 1e-10
# Initial residual norm     = 9.3562e-10
     0     1
# FGMRES final (true) residual:
# Iteration = 4: |res|/|res0| = 9.75462e-12.

Computing volumes of the grid elements.
Non-linear iter.: 99/500. Linear iter.: 4. Min. area: 0.000151846. Error: 9.75462e-12.
Computing volumes of the grid elements.
Min. volume: 0.000151846, max. volume: 36.5347.

# FGMRES residual history
# Residual tolerance target = 1e-10
# Initial residual norm     = 9.35615e-10
     0     1
# FGMRES final (true) residual:
# Iteration = 4: |res|/|res0| = 9.75466e-12.

Computing volumes of the grid elements.
Non-linear iter.: 100/500. Linear iter.: 4. Min. area: 0.000151846. Error: 9.75466e-12.
Computing volumes of the grid elements.
Min. volume: 0.000151846, max. volume: 36.5347.

# FGMRES residual history
# Residual tolerance target = 1e-10
# Initial residual norm     = 9.3561e-10
     0     1
# FGMRES final (true) residual:
# Iteration = 4: |res|/|res0| = 9.7547e-12.

Computing volumes of the grid elements.
Non-linear iter.: 101/500. Linear iter.: 4. Min. area: 0.000151846. Error: 9.7547e-12.
Computing volumes of the grid elements.
Min. volume: 0.000151846, max. volume: 36.5347.

# FGMRES residual history
# Residual tolerance target = 1e-10
# Initial residual norm     = 9.35605e-10
     0     1
# FGMRES final (true) residual:
# Iteration = 4: |res|/|res0| = 9.75474e-12.

Computing volumes of the grid elements.
Non-linear iter.: 102/500. Linear iter.: 4. Min. area: 0.000151846. Error: 9.75474e-12.
Computing volumes of the grid elements.
Min. volume: 0.000151846, max. volume: 36.5347.

# FGMRES residual history
# Residual tolerance target = 1e-10
# Initial residual norm     = 9.35601e-10
     0     1
# FGMRES final (true) residual:
# Iteration = 4: |res|/|res0| = 9.75478e-12.

Computing volumes of the grid elements.
Non-linear iter.: 103/500. Linear iter.: 4. Min. area: 0.000151846. Error: 9.75478e-12.
Computing volumes of the grid elements.
Min. volume: 0.000151846, max. volume: 36.5347.

# FGMRES residual history
# Residual tolerance target = 1e-10
# Initial residual norm     = 9.35596e-10
     0     1
# FGMRES final (true) residual:
# Iteration = 4: |res|/|res0| = 9.75482e-12.

Computing volumes of the grid elements.
Non-linear iter.: 104/500. Linear iter.: 4. Min. area: 0.000151846. Error: 9.75482e-12.
Computing volumes of the grid elements.
Min. volume: 0.000151846, max. volume: 36.5347.

# FGMRES residual history
# Residual tolerance target = 1e-10
# Initial residual norm     = 9.35591e-10
     0     1
# FGMRES final (true) residual:
# Iteration = 4: |res|/|res0| = 9.75486e-12.

Computing volumes of the grid elements.
Non-linear iter.: 105/500. Linear iter.: 4. Min. area: 0.000151846. Error: 9.75486e-12.
Computing volumes of the grid elements.
Min. volume: 0.000151846, max. volume: 36.5347.

# FGMRES residual history
# Residual tolerance target = 1e-10
# Initial residual norm     = 9.35586e-10
     0     1
# FGMRES final (true) residual:
# Iteration = 4: |res|/|res0| = 9.7549e-12.

Computing volumes of the grid elements.
Non-linear iter.: 106/500. Linear iter.: 4. Min. area: 0.000151846. Error: 9.7549e-12.
Computing volumes of the grid elements.
Min. volume: 0.000151846, max. volume: 36.5347.

# FGMRES residual history
# Residual tolerance target = 1e-10
# Initial residual norm     = 9.35581e-10
     0     1
# FGMRES final (true) residual:
# Iteration = 4: |res|/|res0| = 9.75494e-12.

Computing volumes of the grid elements.
Non-linear iter.: 107/500. Linear iter.: 4. Min. area: 0.000151846. Error: 9.75494e-12.
Computing volumes of the grid elements.
Min. volume: 0.000151846, max. volume: 36.5347.

# FGMRES residual history
# Residual tolerance target = 1e-10
# Initial residual norm     = 9.35576e-10
     0     1
# FGMRES final (true) residual:
# Iteration = 4: |res|/|res0| = 9.75498e-12.

Computing volumes of the grid elements.
Non-linear iter.: 108/500. Linear iter.: 4. Min. area: 0.000151846. Error: 9.75498e-12.
Computing volumes of the grid elements.
Min. volume: 0.000151846, max. volume: 36.5347.

# FGMRES residual history
# Residual tolerance target = 1e-10
# Initial residual norm     = 9.35571e-10
     0     1
# FGMRES final (true) residual:
# Iteration = 4: |res|/|res0| = 9.75502e-12.

Computing volumes of the grid elements.
Non-linear iter.: 109/500. Linear iter.: 4. Min. area: 0.000151846. Error: 9.75502e-12.
Computing volumes of the grid elements.
Min. volume: 0.000151846, max. volume: 36.5347.

# FGMRES residual history
# Residual tolerance target = 1e-10
# Initial residual norm     = 9.35566e-10
     0     1
# FGMRES final (true) residual:
# Iteration = 4: |res|/|res0| = 9.75506e-12.

Computing volumes of the grid elements.
Non-linear iter.: 110/500. Linear iter.: 4. Min. area: 0.000151846. Error: 9.75506e-12.
Computing volumes of the grid elements.
Min. volume: 0.000151846, max. volume: 36.5347.

# FGMRES residual history
# Residual tolerance target = 1e-10
# Initial residual norm     = 9.35562e-10
     0     1
# FGMRES final (true) residual:
# Iteration = 4: |res|/|res0| = 9.7551e-12.

Computing volumes of the grid elements.
Non-linear iter.: 111/500. Linear iter.: 4. Min. area: 0.000151846. Error: 9.7551e-12.
Computing volumes of the grid elements.
Min. volume: 0.000151846, max. volume: 36.5347.

# FGMRES residual history
# Residual tolerance target = 1e-10
# Initial residual norm     = 9.35557e-10
     0     1
# FGMRES final (true) residual:
# Iteration = 4: |res|/|res0| = 9.75514e-12.

Computing volumes of the grid elements.
Non-linear iter.: 112/500. Linear iter.: 4. Min. area: 0.000151846. Error: 9.75514e-12.
Computing volumes of the grid elements.
Min. volume: 0.000151846, max. volume: 36.5347.

# FGMRES residual history
# Residual tolerance target = 1e-10
# Initial residual norm     = 9.35552e-10
     0     1
# FGMRES final (true) residual:
# Iteration = 4: |res|/|res0| = 9.75518e-12.

Computing volumes of the grid elements.
Non-linear iter.: 113/500. Linear iter.: 4. Min. area: 0.000151846. Error: 9.75518e-12.
Computing volumes of the grid elements.
Min. volume: 0.000151846, max. volume: 36.5347.

# FGMRES residual history
# Residual tolerance target = 1e-10
# Initial residual norm     = 9.35547e-10
     0     1
# FGMRES final (true) residual:
# Iteration = 4: |res|/|res0| = 9.75522e-12.

Computing volumes of the grid elements.
Non-linear iter.: 114/500. Linear iter.: 4. Min. area: 0.000151846. Error: 9.75522e-12.
Computing volumes of the grid elements.
Min. volume: 0.000151846, max. volume: 36.5347.

# FGMRES residual history
# Residual tolerance target = 1e-10
# Initial residual norm     = 9.35542e-10
     0     1
# FGMRES final (true) residual:
# Iteration = 4: |res|/|res0| = 9.75526e-12.

Computing volumes of the grid elements.
Non-linear iter.: 115/500. Linear iter.: 4. Min. area: 0.000151846. Error: 9.75526e-12.
Computing volumes of the grid elements.
Min. volume: 0.000151846, max. volume: 36.5347.

# FGMRES residual history
# Residual tolerance target = 1e-10
# Initial residual norm     = 9.35537e-10
     0     1
# FGMRES final (true) residual:
# Iteration = 4: |res|/|res0| = 9.7553e-12.

Computing volumes of the grid elements.
Non-linear iter.: 116/500. Linear iter.: 4. Min. area: 0.000151846. Error: 9.7553e-12.
Computing volumes of the grid elements.
Min. volume: 0.000151846, max. volume: 36.5347.

# FGMRES residual history
# Residual tolerance target = 1e-10
# Initial residual norm     = 9.35532e-10
     0     1
# FGMRES final (true) residual:
# Iteration = 4: |res|/|res0| = 9.75534e-12.

Computing volumes of the grid elements.
Non-linear iter.: 117/500. Linear iter.: 4. Min. area: 0.000151846. Error: 9.75534e-12.
Computing volumes of the grid elements.
Min. volume: 0.000151846, max. volume: 36.5347.

# FGMRES residual history
# Residual tolerance target = 1e-10
# Initial residual norm     = 9.35527e-10
     0     1
# FGMRES final (true) residual:
# Iteration = 4: |res|/|res0| = 9.75538e-12.

Computing volumes of the grid elements.
Non-linear iter.: 118/500. Linear iter.: 4. Min. area: 0.000151846. Error: 9.75538e-12.
Computing volumes of the grid elements.
Min. volume: 0.000151846, max. volume: 36.5347.

# FGMRES residual history
# Residual tolerance target = 1e-10
# Initial residual norm     = 9.35522e-10
     0     1
# FGMRES final (true) residual:
# Iteration = 4: |res|/|res0| = 9.75542e-12.

Computing volumes of the grid elements.
Non-linear iter.: 119/500. Linear iter.: 4. Min. area: 0.000151846. Error: 9.75542e-12.
Computing volumes of the grid elements.
Min. volume: 0.000151846, max. volume: 36.5347.

# FGMRES residual history
# Residual tolerance target = 1e-10
# Initial residual norm     = 9.35518e-10
     0     1
# FGMRES final (true) residual:
# Iteration = 4: |res|/|res0| = 9.75546e-12.

Computing volumes of the grid elements.
Non-linear iter.: 120/500. Linear iter.: 4. Min. area: 0.000151846. Error: 9.75546e-12.
Computing volumes of the grid elements.
Min. volume: 0.000151846, max. volume: 36.5347.

# FGMRES residual history
# Residual tolerance target = 1e-10
# Initial residual norm     = 9.35513e-10
     0     1
# FGMRES final (true) residual:
# Iteration = 4: |res|/|res0| = 9.7555e-12.

Computing volumes of the grid elements.
Non-linear iter.: 121/500. Linear iter.: 4. Min. area: 0.000151846. Error: 9.7555e-12.
Computing volumes of the grid elements.
Min. volume: 0.000151846, max. volume: 36.5347.

# FGMRES residual history
# Residual tolerance target = 1e-10
# Initial residual norm     = 9.35508e-10
     0     1
# FGMRES final (true) residual:
# Iteration = 4: |res|/|res0| = 9.75554e-12.

Computing volumes of the grid elements.
Non-linear iter.: 122/500. Linear iter.: 4. Min. area: 0.000151846. Error: 9.75554e-12.
Computing volumes of the grid elements.
Min. volume: 0.000151846, max. volume: 36.5347.

# FGMRES residual history
# Residual tolerance target = 1e-10
# Initial residual norm     = 9.35503e-10
     0     1
# FGMRES final (true) residual:
# Iteration = 4: |res|/|res0| = 9.75558e-12.

Computing volumes of the grid elements.
Non-linear iter.: 123/500. Linear iter.: 4. Min. area: 0.000151846. Error: 9.75558e-12.
Computing volumes of the grid elements.
Min. volume: 0.000151846, max. volume: 36.5347.

# FGMRES residual history
# Residual tolerance target = 1e-10
# Initial residual norm     = 9.35498e-10
     0     1
# FGMRES final (true) residual:
# Iteration = 4: |res|/|res0| = 9.75562e-12.

Computing volumes of the grid elements.
Non-linear iter.: 124/500. Linear iter.: 4. Min. area: 0.000151846. Error: 9.75562e-12.
Computing volumes of the grid elements.
Min. volume: 0.000151846, max. volume: 36.5347.

# FGMRES residual history
# Residual tolerance target = 1e-10
# Initial residual norm     = 9.35493e-10
     0     1
# FGMRES final (true) residual:
# Iteration = 4: |res|/|res0| = 9.75566e-12.

Computing volumes of the grid elements.
Non-linear iter.: 125/500. Linear iter.: 4. Min. area: 0.000151846. Error: 9.75566e-12.
Computing volumes of the grid elements.
Min. volume: 0.000151846, max. volume: 36.5347.

# FGMRES residual history
# Residual tolerance target = 1e-10
# Initial residual norm     = 9.35488e-10
     0     1
# FGMRES final (true) residual:
# Iteration = 4: |res|/|res0| = 9.7557e-12.

Computing volumes of the grid elements.
Non-linear iter.: 126/500. Linear iter.: 4. Min. area: 0.000151846. Error: 9.7557e-12.
Computing volumes of the grid elements.
Min. volume: 0.000151846, max. volume: 36.5347.

# FGMRES residual history
# Residual tolerance target = 1e-10
# Initial residual norm     = 9.35483e-10
     0     1
# FGMRES final (true) residual:
# Iteration = 4: |res|/|res0| = 9.75574e-12.

Computing volumes of the grid elements.
Non-linear iter.: 127/500. Linear iter.: 4. Min. area: 0.000151846. Error: 9.75574e-12.
Computing volumes of the grid elements.
Min. volume: 0.000151846, max. volume: 36.5347.

# FGMRES residual history
# Residual tolerance target = 1e-10
# Initial residual norm     = 9.35479e-10
     0     1
# FGMRES final (true) residual:
# Iteration = 4: |res|/|res0| = 9.75578e-12.

Computing volumes of the grid elements.
Non-linear iter.: 128/500. Linear iter.: 4. Min. area: 0.000151846. Error: 9.75578e-12.
Computing volumes of the grid elements.
Min. volume: 0.000151846, max. volume: 36.5347.

# FGMRES residual history
# Residual tolerance target = 1e-10
# Initial residual norm     = 9.35474e-10
     0     1
# FGMRES final (true) residual:
# Iteration = 4: |res|/|res0| = 9.75582e-12.

Computing volumes of the grid elements.
Non-linear iter.: 129/500. Linear iter.: 4. Min. area: 0.000151846. Error: 9.75582e-12.
Computing volumes of the grid elements.
Min. volume: 0.000151846, max. volume: 36.5347.

# FGMRES residual history
# Residual tolerance target = 1e-10
# Initial residual norm     = 9.35469e-10
     0     1
# FGMRES final (true) residual:
# Iteration = 4: |res|/|res0| = 9.75586e-12.

Computing volumes of the grid elements.
Non-linear iter.: 130/500. Linear iter.: 4. Min. area: 0.000151846. Error: 9.75586e-12.
Computing volumes of the grid elements.
Min. volume: 0.000151846, max. volume: 36.5347.

# FGMRES residual history
# Residual tolerance target = 1e-10
# Initial residual norm     = 9.35464e-10
     0     1
# FGMRES final (true) residual:
# Iteration = 4: |res|/|res0| = 9.7559e-12.

Computing volumes of the grid elements.
Non-linear iter.: 131/500. Linear iter.: 4. Min. area: 0.000151846. Error: 9.7559e-12.
Computing volumes of the grid elements.
Min. volume: 0.000151846, max. volume: 36.5347.

# FGMRES residual history
# Residual tolerance target = 1e-10
# Initial residual norm     = 9.35459e-10
     0     1
# FGMRES final (true) residual:
# Iteration = 4: |res|/|res0| = 9.75594e-12.

Computing volumes of the grid elements.
Non-linear iter.: 132/500. Linear iter.: 4. Min. area: 0.000151846. Error: 9.75594e-12.
Computing volumes of the grid elements.
Min. volume: 0.000151846, max. volume: 36.5347.

# FGMRES residual history
# Residual tolerance target = 1e-10
# Initial residual norm     = 9.35454e-10
     0     1
# FGMRES final (true) residual:
# Iteration = 4: |res|/|res0| = 9.75598e-12.

Computing volumes of the grid elements.
Non-linear iter.: 133/500. Linear iter.: 4. Min. area: 0.000151846. Error: 9.75598e-12.
Computing volumes of the grid elements.
Min. volume: 0.000151846, max. volume: 36.5347.

# FGMRES residual history
# Residual tolerance target = 1e-10
# Initial residual norm     = 9.35449e-10
     0     1
# FGMRES final (true) residual:
# Iteration = 4: |res|/|res0| = 9.75602e-12.

Computing volumes of the grid elements.
Non-linear iter.: 134/500. Linear iter.: 4. Min. area: 0.000151846. Error: 9.75602e-12.
Computing volumes of the grid elements.
Min. volume: 0.000151846, max. volume: 36.5347.

# FGMRES residual history
# Residual tolerance target = 1e-10
# Initial residual norm     = 9.35444e-10
     0     1
# FGMRES final (true) residual:
# Iteration = 4: |res|/|res0| = 9.75606e-12.

Computing volumes of the grid elements.
Non-linear iter.: 135/500. Linear iter.: 4. Min. area: 0.000151846. Error: 9.75606e-12.
Computing volumes of the grid elements.
Min. volume: 0.000151846, max. volume: 36.5347.

# FGMRES residual history
# Residual tolerance target = 1e-10
# Initial residual norm     = 9.3544e-10
     0     1
# FGMRES final (true) residual:
# Iteration = 4: |res|/|res0| = 9.7561e-12.

Computing volumes of the grid elements.
Non-linear iter.: 136/500. Linear iter.: 4. Min. area: 0.000151846. Error: 9.7561e-12.
Computing volumes of the grid elements.
Min. volume: 0.000151846, max. volume: 36.5347.

# FGMRES residual history
# Residual tolerance target = 1e-10
# Initial residual norm     = 9.35435e-10
     0     1
# FGMRES final (true) residual:
# Iteration = 4: |res|/|res0| = 9.75614e-12.

Computing volumes of the grid elements.
Non-linear iter.: 137/500. Linear iter.: 4. Min. area: 0.000151846. Error: 9.75614e-12.
Computing volumes of the grid elements.
Min. volume: 0.000151846, max. volume: 36.5347.

# FGMRES residual history
# Residual tolerance target = 1e-10
# Initial residual norm     = 9.3543e-10
     0     1
# FGMRES final (true) residual:
# Iteration = 4: |res|/|res0| = 9.75618e-12.

Computing volumes of the grid elements.
Non-linear iter.: 138/500. Linear iter.: 4. Min. area: 0.000151846. Error: 9.75618e-12.
Computing volumes of the grid elements.
Min. volume: 0.000151846, max. volume: 36.5347.

# FGMRES residual history
# Residual tolerance target = 1e-10
# Initial residual norm     = 9.35425e-10
     0     1
# FGMRES final (true) residual:
# Iteration = 4: |res|/|res0| = 9.75622e-12.

Computing volumes of the grid elements.
Non-linear iter.: 139/500. Linear iter.: 4. Min. area: 0.000151846. Error: 9.75622e-12.
Computing volumes of the grid elements.
Min. volume: 0.000151846, max. volume: 36.5347.

# FGMRES residual history
# Residual tolerance target = 1e-10
# Initial residual norm     = 9.3542e-10
     0     1
# FGMRES final (true) residual:
# Iteration = 4: |res|/|res0| = 9.75626e-12.

Computing volumes of the grid elements.
Non-linear iter.: 140/500. Linear iter.: 4. Min. area: 0.000151846. Error: 9.75626e-12.
Computing volumes of the grid elements.
Min. volume: 0.000151846, max. volume: 36.5347.

# FGMRES residual history
# Residual tolerance target = 1e-10
# Initial residual norm     = 9.35415e-10
     0     1
# FGMRES final (true) residual:
# Iteration = 4: |res|/|res0| = 9.7563e-12.

Computing volumes of the grid elements.
Non-linear iter.: 141/500. Linear iter.: 4. Min. area: 0.000151846. Error: 9.7563e-12.
Computing volumes of the grid elements.
Min. volume: 0.000151846, max. volume: 36.5347.

# FGMRES residual history
# Residual tolerance target = 1e-10
# Initial residual norm     = 9.3541e-10
     0     1
# FGMRES final (true) residual:
# Iteration = 4: |res|/|res0| = 9.75634e-12.

Computing volumes of the grid elements.
Non-linear iter.: 142/500. Linear iter.: 4. Min. area: 0.000151846. Error: 9.75634e-12.
Computing volumes of the grid elements.
Min. volume: 0.000151846, max. volume: 36.5347.

# FGMRES residual history
# Residual tolerance target = 1e-10
# Initial residual norm     = 9.35405e-10
     0     1
# FGMRES final (true) residual:
# Iteration = 4: |res|/|res0| = 9.75638e-12.

Computing volumes of the grid elements.
Non-linear iter.: 143/500. Linear iter.: 4. Min. area: 0.000151846. Error: 9.75638e-12.
Computing volumes of the grid elements.
Min. volume: 0.000151846, max. volume: 36.5347.

# FGMRES residual history
# Residual tolerance target = 1e-10
# Initial residual norm     = 9.354e-10
     0     1
# FGMRES final (true) residual:
# Iteration = 4: |res|/|res0| = 9.75642e-12.

Computing volumes of the grid elements.
Non-linear iter.: 144/500. Linear iter.: 4. Min. area: 0.000151846. Error: 9.75642e-12.
Computing volumes of the grid elements.
Min. volume: 0.000151846, max. volume: 36.5347.

# FGMRES residual history
# Residual tolerance target = 1e-10
# Initial residual norm     = 9.35396e-10
     0     1
# FGMRES final (true) residual:
# Iteration = 4: |res|/|res0| = 9.75646e-12.

Computing volumes of the grid elements.
Non-linear iter.: 145/500. Linear iter.: 4. Min. area: 0.000151846. Error: 9.75646e-12.
Computing volumes of the grid elements.
Min. volume: 0.000151846, max. volume: 36.5346.

# FGMRES residual history
# Residual tolerance target = 1e-10
# Initial residual norm     = 9.35391e-10
     0     1
# FGMRES final (true) residual:
# Iteration = 4: |res|/|res0| = 9.7565e-12.

Computing volumes of the grid elements.
Non-linear iter.: 146/500. Linear iter.: 4. Min. area: 0.000151846. Error: 9.7565e-12.
Computing volumes of the grid elements.
Min. volume: 0.000151846, max. volume: 36.5346.

# FGMRES residual history
# Residual tolerance target = 1e-10
# Initial residual norm     = 9.35386e-10
     0     1
# FGMRES final (true) residual:
# Iteration = 4: |res|/|res0| = 9.75654e-12.

Computing volumes of the grid elements.
Non-linear iter.: 147/500. Linear iter.: 4. Min. area: 0.000151846. Error: 9.75654e-12.
Computing volumes of the grid elements.
Min. volume: 0.000151846, max. volume: 36.5346.

# FGMRES residual history
# Residual tolerance target = 1e-10
# Initial residual norm     = 9.35381e-10
     0     1
# FGMRES final (true) residual:
# Iteration = 4: |res|/|res0| = 9.75658e-12.

Computing volumes of the grid elements.
Non-linear iter.: 148/500. Linear iter.: 4. Min. area: 0.000151846. Error: 9.75658e-12.
Computing volumes of the grid elements.
Min. volume: 0.000151846, max. volume: 36.5346.

# FGMRES residual history
# Residual tolerance target = 1e-10
# Initial residual norm     = 9.35376e-10
     0     1
# FGMRES final (true) residual:
# Iteration = 4: |res|/|res0| = 9.75662e-12.

Computing volumes of the grid elements.
Non-linear iter.: 149/500. Linear iter.: 4. Min. area: 0.000151846. Error: 9.75662e-12.
Computing volumes of the grid elements.
Min. volume: 0.000151846, max. volume: 36.5346.

# FGMRES residual history
# Residual tolerance target = 1e-10
# Initial residual norm     = 9.35371e-10
     0     1
# FGMRES final (true) residual:
# Iteration = 4: |res|/|res0| = 9.75666e-12.

Computing volumes of the grid elements.
Non-linear iter.: 150/500. Linear iter.: 4. Min. area: 0.000151846. Error: 9.75666e-12.
Computing volumes of the grid elements.
Min. volume: 0.000151846, max. volume: 36.5346.

# FGMRES residual history
# Residual tolerance target = 1e-10
# Initial residual norm     = 9.35366e-10
     0     1
# FGMRES final (true) residual:
# Iteration = 4: |res|/|res0| = 9.7567e-12.

Computing volumes of the grid elements.
Non-linear iter.: 151/500. Linear iter.: 4. Min. area: 0.000151846. Error: 9.7567e-12.
Computing volumes of the grid elements.
Min. volume: 0.000151846, max. volume: 36.5346.

# FGMRES residual history
# Residual tolerance target = 1e-10
# Initial residual norm     = 9.35361e-10
     0     1
# FGMRES final (true) residual:
# Iteration = 4: |res|/|res0| = 9.75674e-12.

Computing volumes of the grid elements.
Non-linear iter.: 152/500. Linear iter.: 4. Min. area: 0.000151846. Error: 9.75674e-12.
Computing volumes of the grid elements.
Min. volume: 0.000151846, max. volume: 36.5346.

# FGMRES residual history
# Residual tolerance target = 1e-10
# Initial residual norm     = 9.35357e-10
     0     1
# FGMRES final (true) residual:
# Iteration = 4: |res|/|res0| = 9.75678e-12.

Computing volumes of the grid elements.
Non-linear iter.: 153/500. Linear iter.: 4. Min. area: 0.000151846. Error: 9.75678e-12.
Computing volumes of the grid elements.
Min. volume: 0.000151846, max. volume: 36.5346.

# FGMRES residual history
# Residual tolerance target = 1e-10
# Initial residual norm     = 9.35352e-10
     0     1
# FGMRES final (true) residual:
# Iteration = 4: |res|/|res0| = 9.75682e-12.

Computing volumes of the grid elements.
Non-linear iter.: 154/500. Linear iter.: 4. Min. area: 0.000151846. Error: 9.75682e-12.
Computing volumes of the grid elements.
Min. volume: 0.000151846, max. volume: 36.5346.

# FGMRES residual history
# Residual tolerance target = 1e-10
# Initial residual norm     = 9.35347e-10
     0     1
# FGMRES final (true) residual:
# Iteration = 4: |res|/|res0| = 9.75686e-12.

Computing volumes of the grid elements.
Non-linear iter.: 155/500. Linear iter.: 4. Min. area: 0.000151846. Error: 9.75686e-12.
Computing volumes of the grid elements.
Min. volume: 0.000151846, max. volume: 36.5346.

# FGMRES residual history
# Residual tolerance target = 1e-10
# Initial residual norm     = 9.35342e-10
     0     1
# FGMRES final (true) residual:
# Iteration = 4: |res|/|res0| = 9.7569e-12.

Computing volumes of the grid elements.
Non-linear iter.: 156/500. Linear iter.: 4. Min. area: 0.000151846. Error: 9.7569e-12.
Computing volumes of the grid elements.
Min. volume: 0.000151846, max. volume: 36.5346.

# FGMRES residual history
# Residual tolerance target = 1e-10
# Initial residual norm     = 9.35337e-10
     0     1
# FGMRES final (true) residual:
# Iteration = 4: |res|/|res0| = 9.75694e-12.

Computing volumes of the grid elements.
Non-linear iter.: 157/500. Linear iter.: 4. Min. area: 0.000151846. Error: 9.75694e-12.
Computing volumes of the grid elements.
Min. volume: 0.000151846, max. volume: 36.5346.

# FGMRES residual history
# Residual tolerance target = 1e-10
# Initial residual norm     = 9.35332e-10
     0     1
# FGMRES final (true) residual:
# Iteration = 4: |res|/|res0| = 9.75698e-12.

Computing volumes of the grid elements.
Non-linear iter.: 158/500. Linear iter.: 4. Min. area: 0.000151846. Error: 9.75698e-12.
Computing volumes of the grid elements.
Min. volume: 0.000151846, max. volume: 36.5346.

# FGMRES residual history
# Residual tolerance target = 1e-10
# Initial residual norm     = 9.35327e-10
     0     1
# FGMRES final (true) residual:
# Iteration = 4: |res|/|res0| = 9.75702e-12.

Computing volumes of the grid elements.
Non-linear iter.: 159/500. Linear iter.: 4. Min. area: 0.000151846. Error: 9.75702e-12.
Computing volumes of the grid elements.
Min. volume: 0.000151846, max. volume: 36.5346.

# FGMRES residual history
# Residual tolerance target = 1e-10
# Initial residual norm     = 9.35322e-10
     0     1
# FGMRES final (true) residual:
# Iteration = 4: |res|/|res0| = 9.75706e-12.

Computing volumes of the grid elements.
Non-linear iter.: 160/500. Linear iter.: 4. Min. area: 0.000151846. Error: 9.75706e-12.
Computing volumes of the grid elements.
Min. volume: 0.000151846, max. volume: 36.5346.

# FGMRES residual history
# Residual tolerance target = 1e-10
# Initial residual norm     = 9.35318e-10
     0     1
# FGMRES final (true) residual:
# Iteration = 4: |res|/|res0| = 9.7571e-12.

Computing volumes of the grid elements.
Non-linear iter.: 161/500. Linear iter.: 4. Min. area: 0.000151846. Error: 9.7571e-12.
Computing volumes of the grid elements.
Min. volume: 0.000151846, max. volume: 36.5346.

# FGMRES residual history
# Residual tolerance target = 1e-10
# Initial residual norm     = 9.35313e-10
     0     1
# FGMRES final (true) residual:
# Iteration = 4: |res|/|res0| = 9.75714e-12.

Computing volumes of the grid elements.
Non-linear iter.: 162/500. Linear iter.: 4. Min. area: 0.000151846. Error: 9.75714e-12.
Computing volumes of the grid elements.
Min. volume: 0.000151846, max. volume: 36.5346.

# FGMRES residual history
# Residual tolerance target = 1e-10
# Initial residual norm     = 9.35308e-10
     0     1
# FGMRES final (true) residual:
# Iteration = 4: |res|/|res0| = 9.75718e-12.

Computing volumes of the grid elements.
Non-linear iter.: 163/500. Linear iter.: 4. Min. area: 0.000151846. Error: 9.75718e-12.
Computing volumes of the grid elements.
Min. volume: 0.000151846, max. volume: 36.5346.

# FGMRES residual history
# Residual tolerance target = 1e-10
# Initial residual norm     = 9.35303e-10
     0     1
# FGMRES final (true) residual:
# Iteration = 4: |res|/|res0| = 9.75722e-12.

Computing volumes of the grid elements.
Non-linear iter.: 164/500. Linear iter.: 4. Min. area: 0.000151846. Error: 9.75722e-12.
Computing volumes of the grid elements.
Min. volume: 0.000151846, max. volume: 36.5346.

# FGMRES residual history
# Residual tolerance target = 1e-10
# Initial residual norm     = 9.35298e-10
     0     1
# FGMRES final (true) residual:
# Iteration = 4: |res|/|res0| = 9.75726e-12.

Computing volumes of the grid elements.
Non-linear iter.: 165/500. Linear iter.: 4. Min. area: 0.000151846. Error: 9.75726e-12.
Computing volumes of the grid elements.
Min. volume: 0.000151846, max. volume: 36.5346.

# FGMRES residual history
# Residual tolerance target = 1e-10
# Initial residual norm     = 9.35293e-10
     0     1
# FGMRES final (true) residual:
# Iteration = 4: |res|/|res0| = 9.7573e-12.

Computing volumes of the grid elements.
Non-linear iter.: 166/500. Linear iter.: 4. Min. area: 0.000151846. Error: 9.7573e-12.
Computing volumes of the grid elements.
Min. volume: 0.000151846, max. volume: 36.5346.

# FGMRES residual history
# Residual tolerance target = 1e-10
# Initial residual norm     = 9.35288e-10
     0     1
# FGMRES final (true) residual:
# Iteration = 4: |res|/|res0| = 9.75734e-12.

Computing volumes of the grid elements.
Non-linear iter.: 167/500. Linear iter.: 4. Min. area: 0.000151846. Error: 9.75734e-12.
Computing volumes of the grid elements.
Min. volume: 0.000151846, max. volume: 36.5346.

# FGMRES residual history
# Residual tolerance target = 1e-10
# Initial residual norm     = 9.35283e-10
     0     1
# FGMRES final (true) residual:
# Iteration = 4: |res|/|res0| = 9.75738e-12.

Computing volumes of the grid elements.
Non-linear iter.: 168/500. Linear iter.: 4. Min. area: 0.000151846. Error: 9.75738e-12.
Computing volumes of the grid elements.
Min. volume: 0.000151846, max. volume: 36.5346.

# FGMRES residual history
# Residual tolerance target = 1e-10
# Initial residual norm     = 9.35278e-10
     0     1
# FGMRES final (true) residual:
# Iteration = 4: |res|/|res0| = 9.75742e-12.

Computing volumes of the grid elements.
Non-linear iter.: 169/500. Linear iter.: 4. Min. area: 0.000151846. Error: 9.75742e-12.
Computing volumes of the grid elements.
Min. volume: 0.000151846, max. volume: 36.5346.

# FGMRES residual history
# Residual tolerance target = 1e-10
# Initial residual norm     = 9.35274e-10
     0     1
# FGMRES final (true) residual:
# Iteration = 4: |res|/|res0| = 9.75746e-12.

Computing volumes of the grid elements.
Non-linear iter.: 170/500. Linear iter.: 4. Min. area: 0.000151846. Error: 9.75746e-12.
Computing volumes of the grid elements.
Min. volume: 0.000151846, max. volume: 36.5346.

# FGMRES residual history
# Residual tolerance target = 1e-10
# Initial residual norm     = 9.35269e-10
     0     1
# FGMRES final (true) residual:
# Iteration = 4: |res|/|res0| = 9.7575e-12.

Computing volumes of the grid elements.
Non-linear iter.: 171/500. Linear iter.: 4. Min. area: 0.000151846. Error: 9.7575e-12.
Computing volumes of the grid elements.
Min. volume: 0.000151846, max. volume: 36.5346.

# FGMRES residual history
# Residual tolerance target = 1e-10
# Initial residual norm     = 9.35264e-10
     0     1
# FGMRES final (true) residual:
# Iteration = 4: |res|/|res0| = 9.75754e-12.

Computing volumes of the grid elements.
Non-linear iter.: 172/500. Linear iter.: 4. Min. area: 0.000151846. Error: 9.75754e-12.
Computing volumes of the grid elements.
Min. volume: 0.000151846, max. volume: 36.5346.

# FGMRES residual history
# Residual tolerance target = 1e-10
# Initial residual norm     = 9.35259e-10
     0     1
# FGMRES final (true) residual:
# Iteration = 4: |res|/|res0| = 9.75758e-12.

Computing volumes of the grid elements.
Non-linear iter.: 173/500. Linear iter.: 4. Min. area: 0.000151846. Error: 9.75758e-12.
Computing volumes of the grid elements.
Min. volume: 0.000151846, max. volume: 36.5346.

# FGMRES residual history
# Residual tolerance target = 1e-10
# Initial residual norm     = 9.35254e-10
     0     1
# FGMRES final (true) residual:
# Iteration = 4: |res|/|res0| = 9.75762e-12.

Computing volumes of the grid elements.
Non-linear iter.: 174/500. Linear iter.: 4. Min. area: 0.000151846. Error: 9.75762e-12.
Computing volumes of the grid elements.
Min. volume: 0.000151846, max. volume: 36.5346.

# FGMRES residual history
# Residual tolerance target = 1e-10
# Initial residual norm     = 9.35249e-10
     0     1
# FGMRES final (true) residual:
# Iteration = 4: |res|/|res0| = 9.75766e-12.

Computing volumes of the grid elements.
Non-linear iter.: 175/500. Linear iter.: 4. Min. area: 0.000151846. Error: 9.75766e-12.
Computing volumes of the grid elements.
Min. volume: 0.000151846, max. volume: 36.5346.

# FGMRES residual history
# Residual tolerance target = 1e-10
# Initial residual norm     = 9.35244e-10
     0     1
# FGMRES final (true) residual:
# Iteration = 4: |res|/|res0| = 9.7577e-12.

Computing volumes of the grid elements.
Non-linear iter.: 176/500. Linear iter.: 4. Min. area: 0.000151846. Error: 9.7577e-12.
Computing volumes of the grid elements.
Min. volume: 0.000151846, max. volume: 36.5346.

# FGMRES residual history
# Residual tolerance target = 1e-10
# Initial residual norm     = 9.35239e-10
     0     1
# FGMRES final (true) residual:
# Iteration = 4: |res|/|res0| = 9.75774e-12.

Computing volumes of the grid elements.
Non-linear iter.: 177/500. Linear iter.: 4. Min. area: 0.000151846. Error: 9.75774e-12.
Computing volumes of the grid elements.
Min. volume: 0.000151846, max. volume: 36.5346.

# FGMRES residual history
# Residual tolerance target = 1e-10
# Initial residual norm     = 9.35235e-10
     0     1
# FGMRES final (true) residual:
# Iteration = 4: |res|/|res0| = 9.75778e-12.

Computing volumes of the grid elements.
Non-linear iter.: 178/500. Linear iter.: 4. Min. area: 0.000151846. Error: 9.75778e-12.
Computing volumes of the grid elements.
Min. volume: 0.000151846, max. volume: 36.5346.

# FGMRES residual history
# Residual tolerance target = 1e-10
# Initial residual norm     = 9.3523e-10
     0     1
# FGMRES final (true) residual:
# Iteration = 4: |res|/|res0| = 9.75781e-12.

Computing volumes of the grid elements.
Non-linear iter.: 179/500. Linear iter.: 4. Min. area: 0.000151846. Error: 9.75781e-12.
Computing volumes of the grid elements.
Min. volume: 0.000151846, max. volume: 36.5346.

# FGMRES residual history
# Residual tolerance target = 1e-10
# Initial residual norm     = 9.35225e-10
     0     1
# FGMRES final (true) residual:
# Iteration = 4: |res|/|res0| = 9.75785e-12.

Computing volumes of the grid elements.
Non-linear iter.: 180/500. Linear iter.: 4. Min. area: 0.000151846. Error: 9.75785e-12.
Computing volumes of the grid elements.
Min. volume: 0.000151846, max. volume: 36.5346.

# FGMRES residual history
# Residual tolerance target = 1e-10
# Initial residual norm     = 9.3522e-10
     0     1
# FGMRES final (true) residual:
# Iteration = 4: |res|/|res0| = 9.75789e-12.

Computing volumes of the grid elements.
Non-linear iter.: 181/500. Linear iter.: 4. Min. area: 0.000151846. Error: 9.75789e-12.
Computing volumes of the grid elements.
Min. volume: 0.000151846, max. volume: 36.5346.

# FGMRES residual history
# Residual tolerance target = 1e-10
# Initial residual norm     = 9.35215e-10
     0     1
# FGMRES final (true) residual:
# Iteration = 4: |res|/|res0| = 9.75793e-12.

Computing volumes of the grid elements.
Non-linear iter.: 182/500. Linear iter.: 4. Min. area: 0.000151846. Error: 9.75793e-12.
Computing volumes of the grid elements.
Min. volume: 0.000151846, max. volume: 36.5346.

# FGMRES residual history
# Residual tolerance target = 1e-10
# Initial residual norm     = 9.3521e-10
     0     1
# FGMRES final (true) residual:
# Iteration = 4: |res|/|res0| = 9.75797e-12.

Computing volumes of the grid elements.
Non-linear iter.: 183/500. Linear iter.: 4. Min. area: 0.000151846. Error: 9.75797e-12.
Computing volumes of the grid elements.
Min. volume: 0.000151846, max. volume: 36.5346.

# FGMRES residual history
# Residual tolerance target = 1e-10
# Initial residual norm     = 9.35205e-10
     0     1
# FGMRES final (true) residual:
# Iteration = 4: |res|/|res0| = 9.75801e-12.

Computing volumes of the grid elements.
Non-linear iter.: 184/500. Linear iter.: 4. Min. area: 0.000151846. Error: 9.75801e-12.
Computing volumes of the grid elements.
Min. volume: 0.000151846, max. volume: 36.5346.

# FGMRES residual history
# Residual tolerance target = 1e-10
# Initial residual norm     = 9.352e-10
     0     1
# FGMRES final (true) residual:
# Iteration = 4: |res|/|res0| = 9.75805e-12.

Computing volumes of the grid elements.
Non-linear iter.: 185/500. Linear iter.: 4. Min. area: 0.000151846. Error: 9.75805e-12.
Computing volumes of the grid elements.
Min. volume: 0.000151846, max. volume: 36.5346.

# FGMRES residual history
# Residual tolerance target = 1e-10
# Initial residual norm     = 9.35196e-10
     0     1
# FGMRES final (true) residual:
# Iteration = 4: |res|/|res0| = 9.75809e-12.

Computing volumes of the grid elements.
Non-linear iter.: 186/500. Linear iter.: 4. Min. area: 0.000151846. Error: 9.75809e-12.
Computing volumes of the grid elements.
Min. volume: 0.000151846, max. volume: 36.5346.

# FGMRES residual history
# Residual tolerance target = 1e-10
# Initial residual norm     = 9.35191e-10
     0     1
# FGMRES final (true) residual:
# Iteration = 4: |res|/|res0| = 9.75813e-12.

Computing volumes of the grid elements.
Non-linear iter.: 187/500. Linear iter.: 4. Min. area: 0.000151846. Error: 9.75813e-12.
Computing volumes of the grid elements.
Min. volume: 0.000151846, max. volume: 36.5346.

# FGMRES residual history
# Residual tolerance target = 1e-10
# Initial residual norm     = 9.35186e-10
     0     1
# FGMRES final (true) residual:
# Iteration = 4: |res|/|res0| = 9.75817e-12.

Computing volumes of the grid elements.
Non-linear iter.: 188/500. Linear iter.: 4. Min. area: 0.000151846. Error: 9.75817e-12.
Computing volumes of the grid elements.
Min. volume: 0.000151846, max. volume: 36.5346.

# FGMRES residual history
# Residual tolerance target = 1e-10
# Initial residual norm     = 9.35181e-10
     0     1
# FGMRES final (true) residual:
# Iteration = 4: |res|/|res0| = 9.75821e-12.

Computing volumes of the grid elements.
Non-linear iter.: 189/500. Linear iter.: 4. Min. area: 0.000151846. Error: 9.75821e-12.
Computing volumes of the grid elements.
Min. volume: 0.000151846, max. volume: 36.5346.

# FGMRES residual history
# Residual tolerance target = 1e-10
# Initial residual norm     = 9.35176e-10
     0     1
# FGMRES final (true) residual:
# Iteration = 4: |res|/|res0| = 9.75825e-12.

Computing volumes of the grid elements.
Non-linear iter.: 190/500. Linear iter.: 4. Min. area: 0.000151846. Error: 9.75825e-12.
Computing volumes of the grid elements.
Min. volume: 0.000151846, max. volume: 36.5346.

# FGMRES residual history
# Residual tolerance target = 1e-10
# Initial residual norm     = 9.35171e-10
     0     1
# FGMRES final (true) residual:
# Iteration = 4: |res|/|res0| = 9.75829e-12.

Computing volumes of the grid elements.
Non-linear iter.: 191/500. Linear iter.: 4. Min. area: 0.000151846. Error: 9.75829e-12.
Computing volumes of the grid elements.
Min. volume: 0.000151846, max. volume: 36.5346.

# FGMRES residual history
# Residual tolerance target = 1e-10
# Initial residual norm     = 9.35166e-10
     0     1
# FGMRES final (true) residual:
# Iteration = 4: |res|/|res0| = 9.75833e-12.

Computing volumes of the grid elements.
Non-linear iter.: 192/500. Linear iter.: 4. Min. area: 0.000151846. Error: 9.75833e-12.
Computing volumes of the grid elements.
Min. volume: 0.000151846, max. volume: 36.5346.

# FGMRES residual history
# Residual tolerance target = 1e-10
# Initial residual norm     = 9.35161e-10
     0     1
# FGMRES final (true) residual:
# Iteration = 4: |res|/|res0| = 9.75837e-12.

Computing volumes of the grid elements.
Non-linear iter.: 193/500. Linear iter.: 4. Min. area: 0.000151846. Error: 9.75837e-12.
Computing volumes of the grid elements.
Min. volume: 0.000151846, max. volume: 36.5346.

# FGMRES residual history
# Residual tolerance target = 1e-10
# Initial residual norm     = 9.35157e-10
     0     1
# FGMRES final (true) residual:
# Iteration = 4: |res|/|res0| = 9.75841e-12.

Computing volumes of the grid elements.
Non-linear iter.: 194/500. Linear iter.: 4. Min. area: 0.000151846. Error: 9.75841e-12.
Computing volumes of the grid elements.
Min. volume: 0.000151846, max. volume: 36.5346.

# FGMRES residual history
# Residual tolerance target = 1e-10
# Initial residual norm     = 9.35152e-10
     0     1
# FGMRES final (true) residual:
# Iteration = 4: |res|/|res0| = 9.75845e-12.

Computing volumes of the grid elements.
Non-linear iter.: 195/500. Linear iter.: 4. Min. area: 0.000151846. Error: 9.75845e-12.
Computing volumes of the grid elements.
Min. volume: 0.000151846, max. volume: 36.5345.

# FGMRES residual history
# Residual tolerance target = 1e-10
# Initial residual norm     = 9.35147e-10
     0     1
# FGMRES final (true) residual:
# Iteration = 4: |res|/|res0| = 9.75849e-12.

Computing volumes of the grid elements.
Non-linear iter.: 196/500. Linear iter.: 4. Min. area: 0.000151846. Error: 9.75849e-12.
Computing volumes of the grid elements.
Min. volume: 0.000151846, max. volume: 36.5345.

# FGMRES residual history
# Residual tolerance target = 1e-10
# Initial residual norm     = 9.35142e-10
     0     1
# FGMRES final (true) residual:
# Iteration = 4: |res|/|res0| = 9.75853e-12.

Computing volumes of the grid elements.
Non-linear iter.: 197/500. Linear iter.: 4. Min. area: 0.000151846. Error: 9.75853e-12.
Computing volumes of the grid elements.
Min. volume: 0.000151846, max. volume: 36.5345.

# FGMRES residual history
# Residual tolerance target = 1e-10
# Initial residual norm     = 9.35137e-10
     0     1
# FGMRES final (true) residual:
# Iteration = 4: |res|/|res0| = 9.75857e-12.

Computing volumes of the grid elements.
Non-linear iter.: 198/500. Linear iter.: 4. Min. area: 0.000151846. Error: 9.75857e-12.
Computing volumes of the grid elements.
Min. volume: 0.000151846, max. volume: 36.5345.

# FGMRES residual history
# Residual tolerance target = 1e-10
# Initial residual norm     = 9.35132e-10
     0     1
# FGMRES final (true) residual:
# Iteration = 4: |res|/|res0| = 9.75861e-12.

Computing volumes of the grid elements.
Non-linear iter.: 199/500. Linear iter.: 4. Min. area: 0.000151846. Error: 9.75861e-12.
Computing volumes of the grid elements.
Min. volume: 0.000151846, max. volume: 36.5345.

# FGMRES residual history
# Residual tolerance target = 1e-10
# Initial residual norm     = 9.35127e-10
     0     1
# FGMRES final (true) residual:
# Iteration = 4: |res|/|res0| = 9.75865e-12.

Computing volumes of the grid elements.
Non-linear iter.: 200/500. Linear iter.: 4. Min. area: 0.000151846. Error: 9.75865e-12.
Computing volumes of the grid elements.
Min. volume: 0.000151846, max. volume: 36.5345.

# FGMRES residual history
# Residual tolerance target = 1e-10
# Initial residual norm     = 9.35122e-10
     0     1
# FGMRES final (true) residual:
# Iteration = 4: |res|/|res0| = 9.75869e-12.

Computing volumes of the grid elements.
Non-linear iter.: 201/500. Linear iter.: 4. Min. area: 0.000151846. Error: 9.75869e-12.
Computing volumes of the grid elements.
Min. volume: 0.000151846, max. volume: 36.5345.

# FGMRES residual history
# Residual tolerance target = 1e-10
# Initial residual norm     = 9.35117e-10
     0     1
# FGMRES final (true) residual:
# Iteration = 4: |res|/|res0| = 9.75873e-12.

Computing volumes of the grid elements.
Non-linear iter.: 202/500. Linear iter.: 4. Min. area: 0.000151846. Error: 9.75873e-12.
Computing volumes of the grid elements.
Min. volume: 0.000151846, max. volume: 36.5345.

# FGMRES residual history
# Residual tolerance target = 1e-10
# Initial residual norm     = 9.35113e-10
     0     1
# FGMRES final (true) residual:
# Iteration = 4: |res|/|res0| = 9.75877e-12.

Computing volumes of the grid elements.
Non-linear iter.: 203/500. Linear iter.: 4. Min. area: 0.000151846. Error: 9.75877e-12.
Computing volumes of the grid elements.
Min. volume: 0.000151846, max. volume: 36.5345.

# FGMRES residual history
# Residual tolerance target = 1e-10
# Initial residual norm     = 9.35108e-10
     0     1
# FGMRES final (true) residual:
# Iteration = 4: |res|/|res0| = 9.75881e-12.

Computing volumes of the grid elements.
Non-linear iter.: 204/500. Linear iter.: 4. Min. area: 0.000151846. Error: 9.75881e-12.
Computing volumes of the grid elements.
Min. volume: 0.000151846, max. volume: 36.5345.

# FGMRES residual history
# Residual tolerance target = 1e-10
# Initial residual norm     = 9.35103e-10
     0     1
# FGMRES final (true) residual:
# Iteration = 4: |res|/|res0| = 9.75885e-12.

Computing volumes of the grid elements.
Non-linear iter.: 205/500. Linear iter.: 4. Min. area: 0.000151846. Error: 9.75885e-12.
Computing volumes of the grid elements.
Min. volume: 0.000151846, max. volume: 36.5345.

# FGMRES residual history
# Residual tolerance target = 1e-10
# Initial residual norm     = 9.35098e-10
     0     1
# FGMRES final (true) residual:
# Iteration = 4: |res|/|res0| = 9.75889e-12.

Computing volumes of the grid elements.
Non-linear iter.: 206/500. Linear iter.: 4. Min. area: 0.000151846. Error: 9.75889e-12.
Computing volumes of the grid elements.
Min. volume: 0.000151846, max. volume: 36.5345.

# FGMRES residual history
# Residual tolerance target = 1e-10
# Initial residual norm     = 9.35093e-10
     0     1
# FGMRES final (true) residual:
# Iteration = 4: |res|/|res0| = 9.75893e-12.

Computing volumes of the grid elements.
Non-linear iter.: 207/500. Linear iter.: 4. Min. area: 0.000151846. Error: 9.75893e-12.
Computing volumes of the grid elements.
Min. volume: 0.000151846, max. volume: 36.5345.

# FGMRES residual history
# Residual tolerance target = 1e-10
# Initial residual norm     = 9.35088e-10
     0     1
# FGMRES final (true) residual:
# Iteration = 4: |res|/|res0| = 9.75897e-12.

Computing volumes of the grid elements.
Non-linear iter.: 208/500. Linear iter.: 4. Min. area: 0.000151846. Error: 9.75897e-12.
Computing volumes of the grid elements.
Min. volume: 0.000151846, max. volume: 36.5345.

# FGMRES residual history
# Residual tolerance target = 1e-10
# Initial residual norm     = 9.35083e-10
     0     1
# FGMRES final (true) residual:
# Iteration = 4: |res|/|res0| = 9.75901e-12.

Computing volumes of the grid elements.
Non-linear iter.: 209/500. Linear iter.: 4. Min. area: 0.000151846. Error: 9.75901e-12.
Computing volumes of the grid elements.
Min. volume: 0.000151846, max. volume: 36.5345.

# FGMRES residual history
# Residual tolerance target = 1e-10
# Initial residual norm     = 9.35078e-10
     0     1
# FGMRES final (true) residual:
# Iteration = 4: |res|/|res0| = 9.75905e-12.

Computing volumes of the grid elements.
Non-linear iter.: 210/500. Linear iter.: 4. Min. area: 0.000151846. Error: 9.75905e-12.
Computing volumes of the grid elements.
Min. volume: 0.000151846, max. volume: 36.5345.

# FGMRES residual history
# Residual tolerance target = 1e-10
# Initial residual norm     = 9.35074e-10
     0     1
# FGMRES final (true) residual:
# Iteration = 4: |res|/|res0| = 9.75909e-12.

Computing volumes of the grid elements.
Non-linear iter.: 211/500. Linear iter.: 4. Min. area: 0.000151846. Error: 9.75909e-12.
Computing volumes of the grid elements.
Min. volume: 0.000151846, max. volume: 36.5345.

# FGMRES residual history
# Residual tolerance target = 1e-10
# Initial residual norm     = 9.35069e-10
     0     1
# FGMRES final (true) residual:
# Iteration = 4: |res|/|res0| = 9.75913e-12.

Computing volumes of the grid elements.
Non-linear iter.: 212/500. Linear iter.: 4. Min. area: 0.000151846. Error: 9.75913e-12.
Computing volumes of the grid elements.
Min. volume: 0.000151846, max. volume: 36.5345.

# FGMRES residual history
# Residual tolerance target = 1e-10
# Initial residual norm     = 9.35064e-10
     0     1
# FGMRES final (true) residual:
# Iteration = 4: |res|/|res0| = 9.75917e-12.

Computing volumes of the grid elements.
Non-linear iter.: 213/500. Linear iter.: 4. Min. area: 0.000151846. Error: 9.75917e-12.
Computing volumes of the grid elements.
Min. volume: 0.000151846, max. volume: 36.5345.

# FGMRES residual history
# Residual tolerance target = 1e-10
# Initial residual norm     = 9.35059e-10
     0     1
# FGMRES final (true) residual:
# Iteration = 4: |res|/|res0| = 9.75921e-12.

Computing volumes of the grid elements.
Non-linear iter.: 214/500. Linear iter.: 4. Min. area: 0.000151846. Error: 9.75921e-12.
Computing volumes of the grid elements.
Min. volume: 0.000151846, max. volume: 36.5345.

# FGMRES residual history
# Residual tolerance target = 1e-10
# Initial residual norm     = 9.35054e-10
     0     1
# FGMRES final (true) residual:
# Iteration = 4: |res|/|res0| = 9.75925e-12.

Computing volumes of the grid elements.
Non-linear iter.: 215/500. Linear iter.: 4. Min. area: 0.000151846. Error: 9.75925e-12.
Computing volumes of the grid elements.
Min. volume: 0.000151846, max. volume: 36.5345.

# FGMRES residual history
# Residual tolerance target = 1e-10
# Initial residual norm     = 9.35049e-10
     0     1
# FGMRES final (true) residual:
# Iteration = 4: |res|/|res0| = 9.75929e-12.

Computing volumes of the grid elements.
Non-linear iter.: 216/500. Linear iter.: 4. Min. area: 0.000151846. Error: 9.75929e-12.
Computing volumes of the grid elements.
Min. volume: 0.000151846, max. volume: 36.5345.

# FGMRES residual history
# Residual tolerance target = 1e-10
# Initial residual norm     = 9.35044e-10
     0     1
# FGMRES final (true) residual:
# Iteration = 4: |res|/|res0| = 9.75933e-12.

Computing volumes of the grid elements.
Non-linear iter.: 217/500. Linear iter.: 4. Min. area: 0.000151846. Error: 9.75933e-12.
Computing volumes of the grid elements.
Min. volume: 0.000151846, max. volume: 36.5345.

# FGMRES residual history
# Residual tolerance target = 1e-10
# Initial residual norm     = 9.35039e-10
     0     1
# FGMRES final (true) residual:
# Iteration = 4: |res|/|res0| = 9.75937e-12.

Computing volumes of the grid elements.
Non-linear iter.: 218/500. Linear iter.: 4. Min. area: 0.000151846. Error: 9.75937e-12.
Computing volumes of the grid elements.
Min. volume: 0.000151846, max. volume: 36.5345.

# FGMRES residual history
# Residual tolerance target = 1e-10
# Initial residual norm     = 9.35035e-10
     0     1
# FGMRES final (true) residual:
# Iteration = 4: |res|/|res0| = 9.75941e-12.

Computing volumes of the grid elements.
Non-linear iter.: 219/500. Linear iter.: 4. Min. area: 0.000151846. Error: 9.75941e-12.
Computing volumes of the grid elements.
Min. volume: 0.000151846, max. volume: 36.5345.

# FGMRES residual history
# Residual tolerance target = 1e-10
# Initial residual norm     = 9.3503e-10
     0     1
# FGMRES final (true) residual:
# Iteration = 4: |res|/|res0| = 9.75945e-12.

Computing volumes of the grid elements.
Non-linear iter.: 220/500. Linear iter.: 4. Min. area: 0.000151846. Error: 9.75945e-12.
Computing volumes of the grid elements.
Min. volume: 0.000151846, max. volume: 36.5345.

# FGMRES residual history
# Residual tolerance target = 1e-10
# Initial residual norm     = 9.35025e-10
     0     1
# FGMRES final (true) residual:
# Iteration = 4: |res|/|res0| = 9.75949e-12.

Computing volumes of the grid elements.
Non-linear iter.: 221/500. Linear iter.: 4. Min. area: 0.000151846. Error: 9.75949e-12.
Computing volumes of the grid elements.
Min. volume: 0.000151846, max. volume: 36.5345.

# FGMRES residual history
# Residual tolerance target = 1e-10
# Initial residual norm     = 9.3502e-10
     0     1
# FGMRES final (true) residual:
# Iteration = 4: |res|/|res0| = 9.75953e-12.

Computing volumes of the grid elements.
Non-linear iter.: 222/500. Linear iter.: 4. Min. area: 0.000151846. Error: 9.75953e-12.
Computing volumes of the grid elements.
Min. volume: 0.000151846, max. volume: 36.5345.

# FGMRES residual history
# Residual tolerance target = 1e-10
# Initial residual norm     = 9.35015e-10
     0     1
# FGMRES final (true) residual:
# Iteration = 4: |res|/|res0| = 9.75957e-12.

Computing volumes of the grid elements.
Non-linear iter.: 223/500. Linear iter.: 4. Min. area: 0.000151846. Error: 9.75957e-12.
Computing volumes of the grid elements.
Min. volume: 0.000151846, max. volume: 36.5345.

# FGMRES residual history
# Residual tolerance target = 1e-10
# Initial residual norm     = 9.3501e-10
     0     1
# FGMRES final (true) residual:
# Iteration = 4: |res|/|res0| = 9.75961e-12.

Computing volumes of the grid elements.
Non-linear iter.: 224/500. Linear iter.: 4. Min. area: 0.000151846. Error: 9.75961e-12.
Computing volumes of the grid elements.
Min. volume: 0.000151846, max. volume: 36.5345.

# FGMRES residual history
# Residual tolerance target = 1e-10
# Initial residual norm     = 9.35005e-10
     0     1
# FGMRES final (true) residual:
# Iteration = 4: |res|/|res0| = 9.75965e-12.

Computing volumes of the grid elements.
Non-linear iter.: 225/500. Linear iter.: 4. Min. area: 0.000151846. Error: 9.75965e-12.
Computing volumes of the grid elements.
Min. volume: 0.000151846, max. volume: 36.5345.

# FGMRES residual history
# Residual tolerance target = 1e-10
# Initial residual norm     = 9.35e-10
     0     1
# FGMRES final (true) residual:
# Iteration = 4: |res|/|res0| = 9.75969e-12.

Computing volumes of the grid elements.
Non-linear iter.: 226/500. Linear iter.: 4. Min. area: 0.000151846. Error: 9.75969e-12.
Computing volumes of the grid elements.
Min. volume: 0.000151846, max. volume: 36.5345.

# FGMRES residual history
# Residual tolerance target = 1e-10
# Initial residual norm     = 9.34996e-10
     0     1
# FGMRES final (true) residual:
# Iteration = 4: |res|/|res0| = 9.75973e-12.

Computing volumes of the grid elements.
Non-linear iter.: 227/500. Linear iter.: 4. Min. area: 0.000151846. Error: 9.75973e-12.
Computing volumes of the grid elements.
Min. volume: 0.000151846, max. volume: 36.5345.

# FGMRES residual history
# Residual tolerance target = 1e-10
# Initial residual norm     = 9.34991e-10
     0     1
# FGMRES final (true) residual:
# Iteration = 4: |res|/|res0| = 9.75977e-12.

Computing volumes of the grid elements.
Non-linear iter.: 228/500. Linear iter.: 4. Min. area: 0.000151846. Error: 9.75977e-12.
Computing volumes of the grid elements.
Min. volume: 0.000151846, max. volume: 36.5345.

# FGMRES residual history
# Residual tolerance target = 1e-10
# Initial residual norm     = 9.34986e-10
     0     1
# FGMRES final (true) residual:
# Iteration = 4: |res|/|res0| = 9.75981e-12.

Computing volumes of the grid elements.
Non-linear iter.: 229/500. Linear iter.: 4. Min. area: 0.000151846. Error: 9.75981e-12.
Computing volumes of the grid elements.
Min. volume: 0.000151846, max. volume: 36.5345.

# FGMRES residual history
# Residual tolerance target = 1e-10
# Initial residual norm     = 9.34981e-10
     0     1
# FGMRES final (true) residual:
# Iteration = 4: |res|/|res0| = 9.75985e-12.

Computing volumes of the grid elements.
Non-linear iter.: 230/500. Linear iter.: 4. Min. area: 0.000151846. Error: 9.75985e-12.
Computing volumes of the grid elements.
Min. volume: 0.000151846, max. volume: 36.5345.

# FGMRES residual history
# Residual tolerance target = 1e-10
# Initial residual norm     = 9.34976e-10
     0     1
# FGMRES final (true) residual:
# Iteration = 4: |res|/|res0| = 9.75989e-12.

Computing volumes of the grid elements.
Non-linear iter.: 231/500. Linear iter.: 4. Min. area: 0.000151846. Error: 9.75989e-12.
Computing volumes of the grid elements.
Min. volume: 0.000151846, max. volume: 36.5345.

# FGMRES residual history
# Residual tolerance target = 1e-10
# Initial residual norm     = 9.34971e-10
     0     1
# FGMRES final (true) residual:
# Iteration = 4: |res|/|res0| = 9.75993e-12.

Computing volumes of the grid elements.
Non-linear iter.: 232/500. Linear iter.: 4. Min. area: 0.000151846. Error: 9.75993e-12.
Computing volumes of the grid elements.
Min. volume: 0.000151846, max. volume: 36.5345.

# FGMRES residual history
# Residual tolerance target = 1e-10
# Initial residual norm     = 9.34966e-10
     0     1
# FGMRES final (true) residual:
# Iteration = 4: |res|/|res0| = 9.75997e-12.

Computing volumes of the grid elements.
Non-linear iter.: 233/500. Linear iter.: 4. Min. area: 0.000151846. Error: 9.75997e-12.
Computing volumes of the grid elements.
Min. volume: 0.000151846, max. volume: 36.5345.

# FGMRES residual history
# Residual tolerance target = 1e-10
# Initial residual norm     = 9.34961e-10
     0     1
# FGMRES final (true) residual:
# Iteration = 4: |res|/|res0| = 9.76001e-12.

Computing volumes of the grid elements.
Non-linear iter.: 234/500. Linear iter.: 4. Min. area: 0.000151846. Error: 9.76001e-12.
Computing volumes of the grid elements.
Min. volume: 0.000151846, max. volume: 36.5345.

# FGMRES residual history
# Residual tolerance target = 1e-10
# Initial residual norm     = 9.34957e-10
     0     1
# FGMRES final (true) residual:
# Iteration = 4: |res|/|res0| = 9.76005e-12.

Computing volumes of the grid elements.
Non-linear iter.: 235/500. Linear iter.: 4. Min. area: 0.000151846. Error: 9.76005e-12.
Computing volumes of the grid elements.
Min. volume: 0.000151846, max. volume: 36.5345.

# FGMRES residual history
# Residual tolerance target = 1e-10
# Initial residual norm     = 9.34952e-10
     0     1
# FGMRES final (true) residual:
# Iteration = 4: |res|/|res0| = 9.76009e-12.

Computing volumes of the grid elements.
Non-linear iter.: 236/500. Linear iter.: 4. Min. area: 0.000151846. Error: 9.76009e-12.
Computing volumes of the grid elements.
Min. volume: 0.000151846, max. volume: 36.5345.

# FGMRES residual history
# Residual tolerance target = 1e-10
# Initial residual norm     = 9.34947e-10
     0     1
# FGMRES final (true) residual:
# Iteration = 4: |res|/|res0| = 9.76013e-12.

Computing volumes of the grid elements.
Non-linear iter.: 237/500. Linear iter.: 4. Min. area: 0.000151846. Error: 9.76013e-12.
Computing volumes of the grid elements.
Min. volume: 0.000151846, max. volume: 36.5345.

# FGMRES residual history
# Residual tolerance target = 1e-10
# Initial residual norm     = 9.34942e-10
     0     1
# FGMRES final (true) residual:
# Iteration = 4: |res|/|res0| = 9.76017e-12.

Computing volumes of the grid elements.
Non-linear iter.: 238/500. Linear iter.: 4. Min. area: 0.000151846. Error: 9.76017e-12.
Computing volumes of the grid elements.
Min. volume: 0.000151846, max. volume: 36.5345.

# FGMRES residual history
# Residual tolerance target = 1e-10
# Initial residual norm     = 9.34937e-10
     0     1
# FGMRES final (true) residual:
# Iteration = 4: |res|/|res0| = 9.76021e-12.

Computing volumes of the grid elements.
Non-linear iter.: 239/500. Linear iter.: 4. Min. area: 0.000151846. Error: 9.76021e-12.
Computing volumes of the grid elements.
Min. volume: 0.000151846, max. volume: 36.5345.

# FGMRES residual history
# Residual tolerance target = 1e-10
# Initial residual norm     = 9.34932e-10
     0     1
# FGMRES final (true) residual:
# Iteration = 4: |res|/|res0| = 9.76025e-12.

Computing volumes of the grid elements.
Non-linear iter.: 240/500. Linear iter.: 4. Min. area: 0.000151846. Error: 9.76025e-12.
Computing volumes of the grid elements.
Min. volume: 0.000151846, max. volume: 36.5345.

# FGMRES residual history
# Residual tolerance target = 1e-10
# Initial residual norm     = 9.34927e-10
     0     1
# FGMRES final (true) residual:
# Iteration = 4: |res|/|res0| = 9.76029e-12.

Computing volumes of the grid elements.
Non-linear iter.: 241/500. Linear iter.: 4. Min. area: 0.000151846. Error: 9.76029e-12.
Computing volumes of the grid elements.
Min. volume: 0.000151846, max. volume: 36.5345.

# FGMRES residual history
# Residual tolerance target = 1e-10
# Initial residual norm     = 9.34922e-10
     0     1
# FGMRES final (true) residual:
# Iteration = 4: |res|/|res0| = 9.76033e-12.

Computing volumes of the grid elements.
Non-linear iter.: 242/500. Linear iter.: 4. Min. area: 0.000151846. Error: 9.76033e-12.
Computing volumes of the grid elements.
Min. volume: 0.000151846, max. volume: 36.5345.

# FGMRES residual history
# Residual tolerance target = 1e-10
# Initial residual norm     = 9.34917e-10
     0     1
# FGMRES final (true) residual:
# Iteration = 4: |res|/|res0| = 9.76037e-12.

Computing volumes of the grid elements.
Non-linear iter.: 243/500. Linear iter.: 4. Min. area: 0.000151846. Error: 9.76037e-12.
Computing volumes of the grid elements.
Min. volume: 0.000151846, max. volume: 36.5345.

# FGMRES residual history
# Residual tolerance target = 1e-10
# Initial residual norm     = 9.34913e-10
     0     1
# FGMRES final (true) residual:
# Iteration = 4: |res|/|res0| = 9.76041e-12.

Computing volumes of the grid elements.
Non-linear iter.: 244/500. Linear iter.: 4. Min. area: 0.000151846. Error: 9.76041e-12.
Computing volumes of the grid elements.
Min. volume: 0.000151846, max. volume: 36.5345.

# FGMRES residual history
# Residual tolerance target = 1e-10
# Initial residual norm     = 9.34908e-10
     0     1
# FGMRES final (true) residual:
# Iteration = 4: |res|/|res0| = 9.76045e-12.

Computing volumes of the grid elements.
Non-linear iter.: 245/500. Linear iter.: 4. Min. area: 0.000151846. Error: 9.76045e-12.
Computing volumes of the grid elements.
Min. volume: 0.000151846, max. volume: 36.5345.

# FGMRES residual history
# Residual tolerance target = 1e-10
# Initial residual norm     = 9.34903e-10
     0     1
# FGMRES final (true) residual:
# Iteration = 4: |res|/|res0| = 9.76049e-12.

Computing volumes of the grid elements.
Non-linear iter.: 246/500. Linear iter.: 4. Min. area: 0.000151846. Error: 9.76049e-12.
Computing volumes of the grid elements.
Min. volume: 0.000151846, max. volume: 36.5344.

# FGMRES residual history
# Residual tolerance target = 1e-10
# Initial residual norm     = 9.34898e-10
     0     1
# FGMRES final (true) residual:
# Iteration = 4: |res|/|res0| = 9.76053e-12.

Computing volumes of the grid elements.
Non-linear iter.: 247/500. Linear iter.: 4. Min. area: 0.000151846. Error: 9.76053e-12.
Computing volumes of the grid elements.
Min. volume: 0.000151846, max. volume: 36.5344.

# FGMRES residual history
# Residual tolerance target = 1e-10
# Initial residual norm     = 9.34893e-10
     0     1
# FGMRES final (true) residual:
# Iteration = 4: |res|/|res0| = 9.76057e-12.

Computing volumes of the grid elements.
Non-linear iter.: 248/500. Linear iter.: 4. Min. area: 0.000151846. Error: 9.76057e-12.
Computing volumes of the grid elements.
Min. volume: 0.000151846, max. volume: 36.5344.

# FGMRES residual history
# Residual tolerance target = 1e-10
# Initial residual norm     = 9.34888e-10
     0     1
# FGMRES final (true) residual:
# Iteration = 4: |res|/|res0| = 9.76061e-12.

Computing volumes of the grid elements.
Non-linear iter.: 249/500. Linear iter.: 4. Min. area: 0.000151846. Error: 9.76061e-12.
Computing volumes of the grid elements.
Min. volume: 0.000151846, max. volume: 36.5344.

# FGMRES residual history
# Residual tolerance target = 1e-10
# Initial residual norm     = 9.34883e-10
     0     1
# FGMRES final (true) residual:
# Iteration = 4: |res|/|res0| = 9.76065e-12.

Computing volumes of the grid elements.
Non-linear iter.: 250/500. Linear iter.: 4. Min. area: 0.000151846. Error: 9.76065e-12.
Computing volumes of the grid elements.
Min. volume: 0.000151846, max. volume: 36.5344.

# FGMRES residual history
# Residual tolerance target = 1e-10
# Initial residual norm     = 9.34878e-10
     0     1
# FGMRES final (true) residual:
# Iteration = 4: |res|/|res0| = 9.76069e-12.

Computing volumes of the grid elements.
Non-linear iter.: 251/500. Linear iter.: 4. Min. area: 0.000151846. Error: 9.76069e-12.
Computing volumes of the grid elements.
Min. volume: 0.000151846, max. volume: 36.5344.

# FGMRES residual history
# Residual tolerance target = 1e-10
# Initial residual norm     = 9.34874e-10
     0     1
# FGMRES final (true) residual:
# Iteration = 4: |res|/|res0| = 9.76073e-12.

Computing volumes of the grid elements.
Non-linear iter.: 252/500. Linear iter.: 4. Min. area: 0.000151846. Error: 9.76073e-12.
Computing volumes of the grid elements.
Min. volume: 0.000151846, max. volume: 36.5344.

# FGMRES residual history
# Residual tolerance target = 1e-10
# Initial residual norm     = 9.34869e-10
     0     1
# FGMRES final (true) residual:
# Iteration = 4: |res|/|res0| = 9.76077e-12.

Computing volumes of the grid elements.
Non-linear iter.: 253/500. Linear iter.: 4. Min. area: 0.000151846. Error: 9.76077e-12.
Computing volumes of the grid elements.
Min. volume: 0.000151846, max. volume: 36.5344.

# FGMRES residual history
# Residual tolerance target = 1e-10
# Initial residual norm     = 9.34864e-10
     0     1
# FGMRES final (true) residual:
# Iteration = 4: |res|/|res0| = 9.76081e-12.

Computing volumes of the grid elements.
Non-linear iter.: 254/500. Linear iter.: 4. Min. area: 0.000151846. Error: 9.76081e-12.
Computing volumes of the grid elements.
Min. volume: 0.000151846, max. volume: 36.5344.

# FGMRES residual history
# Residual tolerance target = 1e-10
# Initial residual norm     = 9.34859e-10
     0     1
# FGMRES final (true) residual:
# Iteration = 4: |res|/|res0| = 9.76085e-12.

Computing volumes of the grid elements.
Non-linear iter.: 255/500. Linear iter.: 4. Min. area: 0.000151846. Error: 9.76085e-12.
Computing volumes of the grid elements.
Min. volume: 0.000151846, max. volume: 36.5344.

# FGMRES residual history
# Residual tolerance target = 1e-10
# Initial residual norm     = 9.34854e-10
     0     1
# FGMRES final (true) residual:
# Iteration = 4: |res|/|res0| = 9.76089e-12.

Computing volumes of the grid elements.
Non-linear iter.: 256/500. Linear iter.: 4. Min. area: 0.000151846. Error: 9.76089e-12.
Computing volumes of the grid elements.
Min. volume: 0.000151846, max. volume: 36.5344.

# FGMRES residual history
# Residual tolerance target = 1e-10
# Initial residual norm     = 9.34849e-10
     0     1
# FGMRES final (true) residual:
# Iteration = 4: |res|/|res0| = 9.76093e-12.

Computing volumes of the grid elements.
Non-linear iter.: 257/500. Linear iter.: 4. Min. area: 0.000151846. Error: 9.76093e-12.
Computing volumes of the grid elements.
Min. volume: 0.000151846, max. volume: 36.5344.

# FGMRES residual history
# Residual tolerance target = 1e-10
# Initial residual norm     = 9.34844e-10
     0     1
# FGMRES final (true) residual:
# Iteration = 4: |res|/|res0| = 9.76097e-12.

Computing volumes of the grid elements.
Non-linear iter.: 258/500. Linear iter.: 4. Min. area: 0.000151846. Error: 9.76097e-12.
Computing volumes of the grid elements.
Min. volume: 0.000151846, max. volume: 36.5344.

# FGMRES residual history
# Residual tolerance target = 1e-10
# Initial residual norm     = 9.34839e-10
     0     1
# FGMRES final (true) residual:
# Iteration = 4: |res|/|res0| = 9.76101e-12.

Computing volumes of the grid elements.
Non-linear iter.: 259/500. Linear iter.: 4. Min. area: 0.000151846. Error: 9.76101e-12.
Computing volumes of the grid elements.
Min. volume: 0.000151846, max. volume: 36.5344.

# FGMRES residual history
# Residual tolerance target = 1e-10
# Initial residual norm     = 9.34835e-10
     0     1
# FGMRES final (true) residual:
# Iteration = 4: |res|/|res0| = 9.76105e-12.

Computing volumes of the grid elements.
Non-linear iter.: 260/500. Linear iter.: 4. Min. area: 0.000151846. Error: 9.76105e-12.
Computing volumes of the grid elements.
Min. volume: 0.000151846, max. volume: 36.5344.

# FGMRES residual history
# Residual tolerance target = 1e-10
# Initial residual norm     = 9.3483e-10
     0     1
# FGMRES final (true) residual:
# Iteration = 4: |res|/|res0| = 9.76109e-12.

Computing volumes of the grid elements.
Non-linear iter.: 261/500. Linear iter.: 4. Min. area: 0.000151846. Error: 9.76109e-12.
Computing volumes of the grid elements.
Min. volume: 0.000151846, max. volume: 36.5344.

# FGMRES residual history
# Residual tolerance target = 1e-10
# Initial residual norm     = 9.34825e-10
     0     1
# FGMRES final (true) residual:
# Iteration = 4: |res|/|res0| = 9.76113e-12.

Computing volumes of the grid elements.
Non-linear iter.: 262/500. Linear iter.: 4. Min. area: 0.000151846. Error: 9.76113e-12.
Computing volumes of the grid elements.
Min. volume: 0.000151846, max. volume: 36.5344.

# FGMRES residual history
# Residual tolerance target = 1e-10
# Initial residual norm     = 9.3482e-10
     0     1
# FGMRES final (true) residual:
# Iteration = 4: |res|/|res0| = 9.76117e-12.

Computing volumes of the grid elements.
Non-linear iter.: 263/500. Linear iter.: 4. Min. area: 0.000151846. Error: 9.76117e-12.
Computing volumes of the grid elements.
Min. volume: 0.000151846, max. volume: 36.5344.

# FGMRES residual history
# Residual tolerance target = 1e-10
# Initial residual norm     = 9.34815e-10
     0     1
# FGMRES final (true) residual:
# Iteration = 4: |res|/|res0| = 9.76121e-12.

Computing volumes of the grid elements.
Non-linear iter.: 264/500. Linear iter.: 4. Min. area: 0.000151846. Error: 9.76121e-12.
Computing volumes of the grid elements.
Min. volume: 0.000151846, max. volume: 36.5344.

# FGMRES residual history
# Residual tolerance target = 1e-10
# Initial residual norm     = 9.3481e-10
     0     1
# FGMRES final (true) residual:
# Iteration = 4: |res|/|res0| = 9.76125e-12.

Computing volumes of the grid elements.
Non-linear iter.: 265/500. Linear iter.: 4. Min. area: 0.000151846. Error: 9.76125e-12.
Computing volumes of the grid elements.
Min. volume: 0.000151846, max. volume: 36.5344.

# FGMRES residual history
# Residual tolerance target = 1e-10
# Initial residual norm     = 9.34805e-10
     0     1
# FGMRES final (true) residual:
# Iteration = 4: |res|/|res0| = 9.76129e-12.

Computing volumes of the grid elements.
Non-linear iter.: 266/500. Linear iter.: 4. Min. area: 0.000151846. Error: 9.76129e-12.
Computing volumes of the grid elements.
Min. volume: 0.000151846, max. volume: 36.5344.

# FGMRES residual history
# Residual tolerance target = 1e-10
# Initial residual norm     = 9.348e-10
     0     1
# FGMRES final (true) residual:
# Iteration = 4: |res|/|res0| = 9.76133e-12.

Computing volumes of the grid elements.
Non-linear iter.: 267/500. Linear iter.: 4. Min. area: 0.000151846. Error: 9.76133e-12.
Computing volumes of the grid elements.
Min. volume: 0.000151846, max. volume: 36.5344.

# FGMRES residual history
# Residual tolerance target = 1e-10
# Initial residual norm     = 9.34796e-10
     0     1
# FGMRES final (true) residual:
# Iteration = 4: |res|/|res0| = 9.76137e-12.

Computing volumes of the grid elements.
Non-linear iter.: 268/500. Linear iter.: 4. Min. area: 0.000151846. Error: 9.76137e-12.
Computing volumes of the grid elements.
Min. volume: 0.000151846, max. volume: 36.5344.

# FGMRES residual history
# Residual tolerance target = 1e-10
# Initial residual norm     = 9.34791e-10
     0     1
# FGMRES final (true) residual:
# Iteration = 4: |res|/|res0| = 9.76141e-12.

Computing volumes of the grid elements.
Non-linear iter.: 269/500. Linear iter.: 4. Min. area: 0.000151846. Error: 9.76141e-12.
Computing volumes of the grid elements.
Min. volume: 0.000151846, max. volume: 36.5344.

# FGMRES residual history
# Residual tolerance target = 1e-10
# Initial residual norm     = 9.34786e-10
     0     1
# FGMRES final (true) residual:
# Iteration = 4: |res|/|res0| = 9.76145e-12.

Computing volumes of the grid elements.
Non-linear iter.: 270/500. Linear iter.: 4. Min. area: 0.000151846. Error: 9.76145e-12.
Computing volumes of the grid elements.
Min. volume: 0.000151846, max. volume: 36.5344.

# FGMRES residual history
# Residual tolerance target = 1e-10
# Initial residual norm     = 9.34781e-10
     0     1
# FGMRES final (true) residual:
# Iteration = 4: |res|/|res0| = 9.76149e-12.

Computing volumes of the grid elements.
Non-linear iter.: 271/500. Linear iter.: 4. Min. area: 0.000151846. Error: 9.76149e-12.
Computing volumes of the grid elements.
Min. volume: 0.000151846, max. volume: 36.5344.

# FGMRES residual history
# Residual tolerance target = 1e-10
# Initial residual norm     = 9.34776e-10
     0     1
# FGMRES final (true) residual:
# Iteration = 4: |res|/|res0| = 9.76153e-12.

Computing volumes of the grid elements.
Non-linear iter.: 272/500. Linear iter.: 4. Min. area: 0.000151846. Error: 9.76153e-12.
Computing volumes of the grid elements.
Min. volume: 0.000151846, max. volume: 36.5344.

# FGMRES residual history
# Residual tolerance target = 1e-10
# Initial residual norm     = 9.34771e-10
     0     1
# FGMRES final (true) residual:
# Iteration = 4: |res|/|res0| = 9.76157e-12.

Computing volumes of the grid elements.
Non-linear iter.: 273/500. Linear iter.: 4. Min. area: 0.000151846. Error: 9.76157e-12.
Computing volumes of the grid elements.
Min. volume: 0.000151846, max. volume: 36.5344.

# FGMRES residual history
# Residual tolerance target = 1e-10
# Initial residual norm     = 9.34766e-10
     0     1
# FGMRES final (true) residual:
# Iteration = 4: |res|/|res0| = 9.76161e-12.

Computing volumes of the grid elements.
Non-linear iter.: 274/500. Linear iter.: 4. Min. area: 0.000151846. Error: 9.76161e-12.
Computing volumes of the grid elements.
Min. volume: 0.000151846, max. volume: 36.5344.

# FGMRES residual history
# Residual tolerance target = 1e-10
# Initial residual norm     = 9.34761e-10
     0     1
# FGMRES final (true) residual:
# Iteration = 4: |res|/|res0| = 9.76165e-12.

Computing volumes of the grid elements.
Non-linear iter.: 275/500. Linear iter.: 4. Min. area: 0.000151846. Error: 9.76165e-12.
Computing volumes of the grid elements.
Min. volume: 0.000151846, max. volume: 36.5344.

# FGMRES residual history
# Residual tolerance target = 1e-10
# Initial residual norm     = 9.34757e-10
     0     1
# FGMRES final (true) residual:
# Iteration = 4: |res|/|res0| = 9.76169e-12.

Computing volumes of the grid elements.
Non-linear iter.: 276/500. Linear iter.: 4. Min. area: 0.000151846. Error: 9.76169e-12.
Computing volumes of the grid elements.
Min. volume: 0.000151846, max. volume: 36.5344.

# FGMRES residual history
# Residual tolerance target = 1e-10
# Initial residual norm     = 9.34752e-10
     0     1
# FGMRES final (true) residual:
# Iteration = 4: |res|/|res0| = 9.76173e-12.

Computing volumes of the grid elements.
Non-linear iter.: 277/500. Linear iter.: 4. Min. area: 0.000151846. Error: 9.76173e-12.
Computing volumes of the grid elements.
Min. volume: 0.000151846, max. volume: 36.5344.

# FGMRES residual history
# Residual tolerance target = 1e-10
# Initial residual norm     = 9.34747e-10
     0     1
# FGMRES final (true) residual:
# Iteration = 4: |res|/|res0| = 9.76177e-12.

Computing volumes of the grid elements.
Non-linear iter.: 278/500. Linear iter.: 4. Min. area: 0.000151846. Error: 9.76177e-12.
Computing volumes of the grid elements.
Min. volume: 0.000151846, max. volume: 36.5344.

# FGMRES residual history
# Residual tolerance target = 1e-10
# Initial residual norm     = 9.34742e-10
     0     1
# FGMRES final (true) residual:
# Iteration = 4: |res|/|res0| = 9.76181e-12.

Computing volumes of the grid elements.
Non-linear iter.: 279/500. Linear iter.: 4. Min. area: 0.000151846. Error: 9.76181e-12.
Computing volumes of the grid elements.
Min. volume: 0.000151846, max. volume: 36.5344.

# FGMRES residual history
# Residual tolerance target = 1e-10
# Initial residual norm     = 9.34737e-10
     0     1
# FGMRES final (true) residual:
# Iteration = 4: |res|/|res0| = 9.76185e-12.

Computing volumes of the grid elements.
Non-linear iter.: 280/500. Linear iter.: 4. Min. area: 0.000151846. Error: 9.76185e-12.
Computing volumes of the grid elements.
Min. volume: 0.000151846, max. volume: 36.5344.

# FGMRES residual history
# Residual tolerance target = 1e-10
# Initial residual norm     = 9.34732e-10
     0     1
# FGMRES final (true) residual:
# Iteration = 4: |res|/|res0| = 9.76189e-12.

Computing volumes of the grid elements.
Non-linear iter.: 281/500. Linear iter.: 4. Min. area: 0.000151846. Error: 9.76189e-12.
Computing volumes of the grid elements.
Min. volume: 0.000151846, max. volume: 36.5344.

# FGMRES residual history
# Residual tolerance target = 1e-10
# Initial residual norm     = 9.34727e-10
     0     1
# FGMRES final (true) residual:
# Iteration = 4: |res|/|res0| = 9.76193e-12.

Computing volumes of the grid elements.
Non-linear iter.: 282/500. Linear iter.: 4. Min. area: 0.000151846. Error: 9.76193e-12.
Computing volumes of the grid elements.
Min. volume: 0.000151846, max. volume: 36.5344.

# FGMRES residual history
# Residual tolerance target = 1e-10
# Initial residual norm     = 9.34722e-10
     0     1
# FGMRES final (true) residual:
# Iteration = 4: |res|/|res0| = 9.76197e-12.

Computing volumes of the grid elements.
Non-linear iter.: 283/500. Linear iter.: 4. Min. area: 0.000151846. Error: 9.76197e-12.
Computing volumes of the grid elements.
Min. volume: 0.000151846, max. volume: 36.5344.

# FGMRES residual history
# Residual tolerance target = 1e-10
# Initial residual norm     = 9.34718e-10
     0     1
# FGMRES final (true) residual:
# Iteration = 4: |res|/|res0| = 9.76201e-12.

Computing volumes of the grid elements.
Non-linear iter.: 284/500. Linear iter.: 4. Min. area: 0.000151846. Error: 9.76201e-12.
Computing volumes of the grid elements.
Min. volume: 0.000151846, max. volume: 36.5344.

# FGMRES residual history
# Residual tolerance target = 1e-10
# Initial residual norm     = 9.34713e-10
     0     1
# FGMRES final (true) residual:
# Iteration = 4: |res|/|res0| = 9.76205e-12.

Computing volumes of the grid elements.
Non-linear iter.: 285/500. Linear iter.: 4. Min. area: 0.000151846. Error: 9.76205e-12.
Computing volumes of the grid elements.
Min. volume: 0.000151846, max. volume: 36.5344.

# FGMRES residual history
# Residual tolerance target = 1e-10
# Initial residual norm     = 9.34708e-10
     0     1
# FGMRES final (true) residual:
# Iteration = 4: |res|/|res0| = 9.76209e-12.

Computing volumes of the grid elements.
Non-linear iter.: 286/500. Linear iter.: 4. Min. area: 0.000151846. Error: 9.76209e-12.
Computing volumes of the grid elements.
Min. volume: 0.000151846, max. volume: 36.5344.

# FGMRES residual history
# Residual tolerance target = 1e-10
# Initial residual norm     = 9.34703e-10
     0     1
# FGMRES final (true) residual:
# Iteration = 4: |res|/|res0| = 9.76213e-12.

Computing volumes of the grid elements.
Non-linear iter.: 287/500. Linear iter.: 4. Min. area: 0.000151846. Error: 9.76213e-12.
Computing volumes of the grid elements.
Min. volume: 0.000151846, max. volume: 36.5344.

# FGMRES residual history
# Residual tolerance target = 1e-10
# Initial residual norm     = 9.34698e-10
     0     1
# FGMRES final (true) residual:
# Iteration = 4: |res|/|res0| = 9.76217e-12.

Computing volumes of the grid elements.
Non-linear iter.: 288/500. Linear iter.: 4. Min. area: 0.000151846. Error: 9.76217e-12.
Computing volumes of the grid elements.
Min. volume: 0.000151846, max. volume: 36.5344.

# FGMRES residual history
# Residual tolerance target = 1e-10
# Initial residual norm     = 9.34693e-10
     0     1
# FGMRES final (true) residual:
# Iteration = 4: |res|/|res0| = 9.76221e-12.

Computing volumes of the grid elements.
Non-linear iter.: 289/500. Linear iter.: 4. Min. area: 0.000151846. Error: 9.76221e-12.
Computing volumes of the grid elements.
Min. volume: 0.000151846, max. volume: 36.5344.

# FGMRES residual history
# Residual tolerance target = 1e-10
# Initial residual norm     = 9.34688e-10
     0     1
# FGMRES final (true) residual:
# Iteration = 4: |res|/|res0| = 9.76225e-12.

Computing volumes of the grid elements.
Non-linear iter.: 290/500. Linear iter.: 4. Min. area: 0.000151846. Error: 9.76225e-12.
Computing volumes of the grid elements.
Min. volume: 0.000151846, max. volume: 36.5344.

# FGMRES residual history
# Residual tolerance target = 1e-10
# Initial residual norm     = 9.34683e-10
     0     1
# FGMRES final (true) residual:
# Iteration = 4: |res|/|res0| = 9.76229e-12.

Computing volumes of the grid elements.
Non-linear iter.: 291/500. Linear iter.: 4. Min. area: 0.000151846. Error: 9.76229e-12.
Computing volumes of the grid elements.
Min. volume: 0.000151846, max. volume: 36.5344.

# FGMRES residual history
# Residual tolerance target = 1e-10
# Initial residual norm     = 9.34678e-10
     0     1
# FGMRES final (true) residual:
# Iteration = 4: |res|/|res0| = 9.76232e-12.

Computing volumes of the grid elements.
Non-linear iter.: 292/500. Linear iter.: 4. Min. area: 0.000151846. Error: 9.76232e-12.
Computing volumes of the grid elements.
Min. volume: 0.000151846, max. volume: 36.5344.

# FGMRES residual history
# Residual tolerance target = 1e-10
# Initial residual norm     = 9.34674e-10
     0     1
# FGMRES final (true) residual:
# Iteration = 4: |res|/|res0| = 9.76236e-12.

Computing volumes of the grid elements.
Non-linear iter.: 293/500. Linear iter.: 4. Min. area: 0.000151846. Error: 9.76236e-12.
Computing volumes of the grid elements.
Min. volume: 0.000151846, max. volume: 36.5344.

# FGMRES residual history
# Residual tolerance target = 1e-10
# Initial residual norm     = 9.34669e-10
     0     1
# FGMRES final (true) residual:
# Iteration = 4: |res|/|res0| = 9.7624e-12.

Computing volumes of the grid elements.
Non-linear iter.: 294/500. Linear iter.: 4. Min. area: 0.000151846. Error: 9.7624e-12.
Computing volumes of the grid elements.
Min. volume: 0.000151846, max. volume: 36.5344.

# FGMRES residual history
# Residual tolerance target = 1e-10
# Initial residual norm     = 9.34664e-10
     0     1
# FGMRES final (true) residual:
# Iteration = 4: |res|/|res0| = 9.76244e-12.

Computing volumes of the grid elements.
Non-linear iter.: 295/500. Linear iter.: 4. Min. area: 0.000151846. Error: 9.76244e-12.
Computing volumes of the grid elements.
Min. volume: 0.000151846, max. volume: 36.5344.

# FGMRES residual history
# Residual tolerance target = 1e-10
# Initial residual norm     = 9.34659e-10
     0     1
# FGMRES final (true) residual:
# Iteration = 4: |res|/|res0| = 9.76248e-12.

Computing volumes of the grid elements.
Non-linear iter.: 296/500. Linear iter.: 4. Min. area: 0.000151846. Error: 9.76248e-12.
Computing volumes of the grid elements.
Min. volume: 0.000151846, max. volume: 36.5343.

# FGMRES residual history
# Residual tolerance target = 1e-10
# Initial residual norm     = 9.34654e-10
     0     1
# FGMRES final (true) residual:
# Iteration = 4: |res|/|res0| = 9.76252e-12.

Computing volumes of the grid elements.
Non-linear iter.: 297/500. Linear iter.: 4. Min. area: 0.000151846. Error: 9.76252e-12.
Computing volumes of the grid elements.
Min. volume: 0.000151846, max. volume: 36.5343.

# FGMRES residual history
# Residual tolerance target = 1e-10
# Initial residual norm     = 9.34649e-10
     0     1
# FGMRES final (true) residual:
# Iteration = 4: |res|/|res0| = 9.76256e-12.

Computing volumes of the grid elements.
Non-linear iter.: 298/500. Linear iter.: 4. Min. area: 0.000151846. Error: 9.76256e-12.
Computing volumes of the grid elements.
Min. volume: 0.000151846, max. volume: 36.5343.

# FGMRES residual history
# Residual tolerance target = 1e-10
# Initial residual norm     = 9.34644e-10
     0     1
# FGMRES final (true) residual:
# Iteration = 4: |res|/|res0| = 9.7626e-12.

Computing volumes of the grid elements.
Non-linear iter.: 299/500. Linear iter.: 4. Min. area: 0.000151846. Error: 9.7626e-12.
Computing volumes of the grid elements.
Min. volume: 0.000151846, max. volume: 36.5343.

# FGMRES residual history
# Residual tolerance target = 1e-10
# Initial residual norm     = 9.34639e-10
     0     1
# FGMRES final (true) residual:
# Iteration = 4: |res|/|res0| = 9.76264e-12.

Computing volumes of the grid elements.
Non-linear iter.: 300/500. Linear iter.: 4. Min. area: 0.000151846. Error: 9.76264e-12.
Computing volumes of the grid elements.
Min. volume: 0.000151846, max. volume: 36.5343.

# FGMRES residual history
# Residual tolerance target = 1e-10
# Initial residual norm     = 9.34635e-10
     0     1
# FGMRES final (true) residual:
# Iteration = 4: |res|/|res0| = 9.76268e-12.

Computing volumes of the grid elements.
Non-linear iter.: 301/500. Linear iter.: 4. Min. area: 0.000151846. Error: 9.76268e-12.
Computing volumes of the grid elements.
Min. volume: 0.000151846, max. volume: 36.5343.

# FGMRES residual history
# Residual tolerance target = 1e-10
# Initial residual norm     = 9.3463e-10
     0     1
# FGMRES final (true) residual:
# Iteration = 4: |res|/|res0| = 9.76272e-12.

Computing volumes of the grid elements.
Non-linear iter.: 302/500. Linear iter.: 4. Min. area: 0.000151846. Error: 9.76272e-12.
Computing volumes of the grid elements.
Min. volume: 0.000151846, max. volume: 36.5343.

# FGMRES residual history
# Residual tolerance target = 1e-10
# Initial residual norm     = 9.34625e-10
     0     1
# FGMRES final (true) residual:
# Iteration = 4: |res|/|res0| = 9.76276e-12.

Computing volumes of the grid elements.
Non-linear iter.: 303/500. Linear iter.: 4. Min. area: 0.000151846. Error: 9.76276e-12.
Computing volumes of the grid elements.
Min. volume: 0.000151846, max. volume: 36.5343.

# FGMRES residual history
# Residual tolerance target = 1e-10
# Initial residual norm     = 9.3462e-10
     0     1
# FGMRES final (true) residual:
# Iteration = 4: |res|/|res0| = 9.7628e-12.

Computing volumes of the grid elements.
Non-linear iter.: 304/500. Linear iter.: 4. Min. area: 0.000151846. Error: 9.7628e-12.
Computing volumes of the grid elements.
Min. volume: 0.000151846, max. volume: 36.5343.

# FGMRES residual history
# Residual tolerance target = 1e-10
# Initial residual norm     = 9.34615e-10
     0     1
# FGMRES final (true) residual:
# Iteration = 4: |res|/|res0| = 9.76284e-12.

Computing volumes of the grid elements.
Non-linear iter.: 305/500. Linear iter.: 4. Min. area: 0.000151846. Error: 9.76284e-12.
Computing volumes of the grid elements.
Min. volume: 0.000151846, max. volume: 36.5343.

# FGMRES residual history
# Residual tolerance target = 1e-10
# Initial residual norm     = 9.3461e-10
     0     1
# FGMRES final (true) residual:
# Iteration = 4: |res|/|res0| = 9.76288e-12.

Computing volumes of the grid elements.
Non-linear iter.: 306/500. Linear iter.: 4. Min. area: 0.000151846. Error: 9.76288e-12.
Computing volumes of the grid elements.
Min. volume: 0.000151846, max. volume: 36.5343.

# FGMRES residual history
# Residual tolerance target = 1e-10
# Initial residual norm     = 9.34605e-10
     0     1
# FGMRES final (true) residual:
# Iteration = 4: |res|/|res0| = 9.76292e-12.

Computing volumes of the grid elements.
Non-linear iter.: 307/500. Linear iter.: 4. Min. area: 0.000151846. Error: 9.76292e-12.
Computing volumes of the grid elements.
Min. volume: 0.000151846, max. volume: 36.5343.

# FGMRES residual history
# Residual tolerance target = 1e-10
# Initial residual norm     = 9.346e-10
     0     1
# FGMRES final (true) residual:
# Iteration = 4: |res|/|res0| = 9.76296e-12.

Computing volumes of the grid elements.
Non-linear iter.: 308/500. Linear iter.: 4. Min. area: 0.000151846. Error: 9.76296e-12.
Computing volumes of the grid elements.
Min. volume: 0.000151846, max. volume: 36.5343.

# FGMRES residual history
# Residual tolerance target = 1e-10
# Initial residual norm     = 9.34596e-10
     0     1
# FGMRES final (true) residual:
# Iteration = 4: |res|/|res0| = 9.763e-12.

Computing volumes of the grid elements.
Non-linear iter.: 309/500. Linear iter.: 4. Min. area: 0.000151846. Error: 9.763e-12.
Computing volumes of the grid elements.
Min. volume: 0.000151846, max. volume: 36.5343.

# FGMRES residual history
# Residual tolerance target = 1e-10
# Initial residual norm     = 9.34591e-10
     0     1
# FGMRES final (true) residual:
# Iteration = 4: |res|/|res0| = 9.76304e-12.

Computing volumes of the grid elements.
Non-linear iter.: 310/500. Linear iter.: 4. Min. area: 0.000151846. Error: 9.76304e-12.
Computing volumes of the grid elements.
Min. volume: 0.000151846, max. volume: 36.5343.

# FGMRES residual history
# Residual tolerance target = 1e-10
# Initial residual norm     = 9.34586e-10
     0     1
# FGMRES final (true) residual:
# Iteration = 4: |res|/|res0| = 9.76308e-12.

Computing volumes of the grid elements.
Non-linear iter.: 311/500. Linear iter.: 4. Min. area: 0.000151846. Error: 9.76308e-12.
Computing volumes of the grid elements.
Min. volume: 0.000151846, max. volume: 36.5343.

# FGMRES residual history
# Residual tolerance target = 1e-10
# Initial residual norm     = 9.34581e-10
     0     1
# FGMRES final (true) residual:
# Iteration = 4: |res|/|res0| = 9.76312e-12.

Computing volumes of the grid elements.
Non-linear iter.: 312/500. Linear iter.: 4. Min. area: 0.000151846. Error: 9.76312e-12.
Computing volumes of the grid elements.
Min. volume: 0.000151846, max. volume: 36.5343.

# FGMRES residual history
# Residual tolerance target = 1e-10
# Initial residual norm     = 9.34576e-10
     0     1
# FGMRES final (true) residual:
# Iteration = 4: |res|/|res0| = 9.76316e-12.

Computing volumes of the grid elements.
Non-linear iter.: 313/500. Linear iter.: 4. Min. area: 0.000151846. Error: 9.76316e-12.
Computing volumes of the grid elements.
Min. volume: 0.000151846, max. volume: 36.5343.

# FGMRES residual history
# Residual tolerance target = 1e-10
# Initial residual norm     = 9.34571e-10
     0     1
# FGMRES final (true) residual:
# Iteration = 4: |res|/|res0| = 9.7632e-12.

Computing volumes of the grid elements.
Non-linear iter.: 314/500. Linear iter.: 4. Min. area: 0.000151846. Error: 9.7632e-12.
Computing volumes of the grid elements.
Min. volume: 0.000151846, max. volume: 36.5343.

# FGMRES residual history
# Residual tolerance target = 1e-10
# Initial residual norm     = 9.34566e-10
     0     1
# FGMRES final (true) residual:
# Iteration = 4: |res|/|res0| = 9.76324e-12.

Computing volumes of the grid elements.
Non-linear iter.: 315/500. Linear iter.: 4. Min. area: 0.000151846. Error: 9.76324e-12.
Computing volumes of the grid elements.
Min. volume: 0.000151846, max. volume: 36.5343.

# FGMRES residual history
# Residual tolerance target = 1e-10
# Initial residual norm     = 9.34561e-10
     0     1
# FGMRES final (true) residual:
# Iteration = 4: |res|/|res0| = 9.76328e-12.

Computing volumes of the grid elements.
Non-linear iter.: 316/500. Linear iter.: 4. Min. area: 0.000151846. Error: 9.76328e-12.
Computing volumes of the grid elements.
Min. volume: 0.000151846, max. volume: 36.5343.

# FGMRES residual history
# Residual tolerance target = 1e-10
# Initial residual norm     = 9.34557e-10
     0     1
# FGMRES final (true) residual:
# Iteration = 4: |res|/|res0| = 9.76332e-12.

Computing volumes of the grid elements.
Non-linear iter.: 317/500. Linear iter.: 4. Min. area: 0.000151846. Error: 9.76332e-12.
Computing volumes of the grid elements.
Min. volume: 0.000151846, max. volume: 36.5343.

# FGMRES residual history
# Residual tolerance target = 1e-10
# Initial residual norm     = 9.34552e-10
     0     1
# FGMRES final (true) residual:
# Iteration = 4: |res|/|res0| = 9.76336e-12.

Computing volumes of the grid elements.
Non-linear iter.: 318/500. Linear iter.: 4. Min. area: 0.000151846. Error: 9.76336e-12.
Computing volumes of the grid elements.
Min. volume: 0.000151846, max. volume: 36.5343.

# FGMRES residual history
# Residual tolerance target = 1e-10
# Initial residual norm     = 9.34547e-10
     0     1
# FGMRES final (true) residual:
# Iteration = 4: |res|/|res0| = 9.7634e-12.

Computing volumes of the grid elements.
Non-linear iter.: 319/500. Linear iter.: 4. Min. area: 0.000151846. Error: 9.7634e-12.
Computing volumes of the grid elements.
Min. volume: 0.000151846, max. volume: 36.5343.

# FGMRES residual history
# Residual tolerance target = 1e-10
# Initial residual norm     = 9.34542e-10
     0     1
# FGMRES final (true) residual:
# Iteration = 4: |res|/|res0| = 9.76344e-12.

Computing volumes of the grid elements.
Non-linear iter.: 320/500. Linear iter.: 4. Min. area: 0.000151846. Error: 9.76344e-12.
Computing volumes of the grid elements.
Min. volume: 0.000151846, max. volume: 36.5343.

# FGMRES residual history
# Residual tolerance target = 1e-10
# Initial residual norm     = 9.34537e-10
     0     1
# FGMRES final (true) residual:
# Iteration = 4: |res|/|res0| = 9.76348e-12.

Computing volumes of the grid elements.
Non-linear iter.: 321/500. Linear iter.: 4. Min. area: 0.000151846. Error: 9.76348e-12.
Computing volumes of the grid elements.
Min. volume: 0.000151846, max. volume: 36.5343.

# FGMRES residual history
# Residual tolerance target = 1e-10
# Initial residual norm     = 9.34532e-10
     0     1
# FGMRES final (true) residual:
# Iteration = 4: |res|/|res0| = 9.76352e-12.

Computing volumes of the grid elements.
Non-linear iter.: 322/500. Linear iter.: 4. Min. area: 0.000151846. Error: 9.76352e-12.
Computing volumes of the grid elements.
Min. volume: 0.000151846, max. volume: 36.5343.

# FGMRES residual history
# Residual tolerance target = 1e-10
# Initial residual norm     = 9.34527e-10
     0     1
# FGMRES final (true) residual:
# Iteration = 4: |res|/|res0| = 9.76356e-12.

Computing volumes of the grid elements.
Non-linear iter.: 323/500. Linear iter.: 4. Min. area: 0.000151846. Error: 9.76356e-12.
Computing volumes of the grid elements.
Min. volume: 0.000151846, max. volume: 36.5343.

# FGMRES residual history
# Residual tolerance target = 1e-10
# Initial residual norm     = 9.34522e-10
     0     1
# FGMRES final (true) residual:
# Iteration = 4: |res|/|res0| = 9.7636e-12.

Computing volumes of the grid elements.
Non-linear iter.: 324/500. Linear iter.: 4. Min. area: 0.000151846. Error: 9.7636e-12.
Computing volumes of the grid elements.
Min. volume: 0.000151846, max. volume: 36.5343.

# FGMRES residual history
# Residual tolerance target = 1e-10
# Initial residual norm     = 9.34518e-10
     0     1
# FGMRES final (true) residual:
# Iteration = 4: |res|/|res0| = 9.76364e-12.

Computing volumes of the grid elements.
Non-linear iter.: 325/500. Linear iter.: 4. Min. area: 0.000151846. Error: 9.76364e-12.
Computing volumes of the grid elements.
Min. volume: 0.000151846, max. volume: 36.5343.

# FGMRES residual history
# Residual tolerance target = 1e-10
# Initial residual norm     = 9.34513e-10
     0     1
# FGMRES final (true) residual:
# Iteration = 4: |res|/|res0| = 9.76368e-12.

Computing volumes of the grid elements.
Non-linear iter.: 326/500. Linear iter.: 4. Min. area: 0.000151846. Error: 9.76368e-12.
Computing volumes of the grid elements.
Min. volume: 0.000151846, max. volume: 36.5343.

# FGMRES residual history
# Residual tolerance target = 1e-10
# Initial residual norm     = 9.34508e-10
     0     1
# FGMRES final (true) residual:
# Iteration = 4: |res|/|res0| = 9.76372e-12.

Computing volumes of the grid elements.
Non-linear iter.: 327/500. Linear iter.: 4. Min. area: 0.000151846. Error: 9.76372e-12.
Computing volumes of the grid elements.
Min. volume: 0.000151846, max. volume: 36.5343.

# FGMRES residual history
# Residual tolerance target = 1e-10
# Initial residual norm     = 9.34503e-10
     0     1
# FGMRES final (true) residual:
# Iteration = 4: |res|/|res0| = 9.76376e-12.

Computing volumes of the grid elements.
Non-linear iter.: 328/500. Linear iter.: 4. Min. area: 0.000151846. Error: 9.76376e-12.
Computing volumes of the grid elements.
Min. volume: 0.000151846, max. volume: 36.5343.

# FGMRES residual history
# Residual tolerance target = 1e-10
# Initial residual norm     = 9.34498e-10
     0     1
# FGMRES final (true) residual:
# Iteration = 4: |res|/|res0| = 9.7638e-12.

Computing volumes of the grid elements.
Non-linear iter.: 329/500. Linear iter.: 4. Min. area: 0.000151846. Error: 9.7638e-12.
Computing volumes of the grid elements.
Min. volume: 0.000151846, max. volume: 36.5343.

# FGMRES residual history
# Residual tolerance target = 1e-10
# Initial residual norm     = 9.34493e-10
     0     1
# FGMRES final (true) residual:
# Iteration = 4: |res|/|res0| = 9.76384e-12.

Computing volumes of the grid elements.
Non-linear iter.: 330/500. Linear iter.: 4. Min. area: 0.000151846. Error: 9.76384e-12.
Computing volumes of the grid elements.
Min. volume: 0.000151846, max. volume: 36.5343.

# FGMRES residual history
# Residual tolerance target = 1e-10
# Initial residual norm     = 9.34488e-10
     0     1
# FGMRES final (true) residual:
# Iteration = 4: |res|/|res0| = 9.76388e-12.

Computing volumes of the grid elements.
Non-linear iter.: 331/500. Linear iter.: 4. Min. area: 0.000151846. Error: 9.76388e-12.
Computing volumes of the grid elements.
Min. volume: 0.000151846, max. volume: 36.5343.

# FGMRES residual history
# Residual tolerance target = 1e-10
# Initial residual norm     = 9.34483e-10
     0     1
# FGMRES final (true) residual:
# Iteration = 4: |res|/|res0| = 9.76392e-12.

Computing volumes of the grid elements.
Non-linear iter.: 332/500. Linear iter.: 4. Min. area: 0.000151846. Error: 9.76392e-12.
Computing volumes of the grid elements.
Min. volume: 0.000151846, max. volume: 36.5343.

# FGMRES residual history
# Residual tolerance target = 1e-10
# Initial residual norm     = 9.34479e-10
     0     1
# FGMRES final (true) residual:
# Iteration = 4: |res|/|res0| = 9.76396e-12.

Computing volumes of the grid elements.
Non-linear iter.: 333/500. Linear iter.: 4. Min. area: 0.000151846. Error: 9.76396e-12.
Computing volumes of the grid elements.
Min. volume: 0.000151846, max. volume: 36.5343.

# FGMRES residual history
# Residual tolerance target = 1e-10
# Initial residual norm     = 9.34474e-10
     0     1
# FGMRES final (true) residual:
# Iteration = 4: |res|/|res0| = 9.764e-12.

Computing volumes of the grid elements.
Non-linear iter.: 334/500. Linear iter.: 4. Min. area: 0.000151846. Error: 9.764e-12.
Computing volumes of the grid elements.
Min. volume: 0.000151846, max. volume: 36.5343.

# FGMRES residual history
# Residual tolerance target = 1e-10
# Initial residual norm     = 9.34469e-10
     0     1
# FGMRES final (true) residual:
# Iteration = 4: |res|/|res0| = 9.76404e-12.

Computing volumes of the grid elements.
Non-linear iter.: 335/500. Linear iter.: 4. Min. area: 0.000151846. Error: 9.76404e-12.
Computing volumes of the grid elements.
Min. volume: 0.000151846, max. volume: 36.5343.

# FGMRES residual history
# Residual tolerance target = 1e-10
# Initial residual norm     = 9.34464e-10
     0     1
# FGMRES final (true) residual:
# Iteration = 4: |res|/|res0| = 9.76408e-12.

Computing volumes of the grid elements.
Non-linear iter.: 336/500. Linear iter.: 4. Min. area: 0.000151846. Error: 9.76408e-12.
Computing volumes of the grid elements.
Min. volume: 0.000151846, max. volume: 36.5343.

# FGMRES residual history
# Residual tolerance target = 1e-10
# Initial residual norm     = 9.34459e-10
     0     1
# FGMRES final (true) residual:
# Iteration = 4: |res|/|res0| = 9.76412e-12.

Computing volumes of the grid elements.
Non-linear iter.: 337/500. Linear iter.: 4. Min. area: 0.000151846. Error: 9.76412e-12.
Computing volumes of the grid elements.
Min. volume: 0.000151846, max. volume: 36.5343.

# FGMRES residual history
# Residual tolerance target = 1e-10
# Initial residual norm     = 9.34454e-10
     0     1
# FGMRES final (true) residual:
# Iteration = 4: |res|/|res0| = 9.76416e-12.

Computing volumes of the grid elements.
Non-linear iter.: 338/500. Linear iter.: 4. Min. area: 0.000151846. Error: 9.76416e-12.
Computing volumes of the grid elements.
Min. volume: 0.000151846, max. volume: 36.5343.

# FGMRES residual history
# Residual tolerance target = 1e-10
# Initial residual norm     = 9.34449e-10
     0     1
# FGMRES final (true) residual:
# Iteration = 4: |res|/|res0| = 9.7642e-12.

Computing volumes of the grid elements.
Non-linear iter.: 339/500. Linear iter.: 4. Min. area: 0.000151846. Error: 9.7642e-12.
Computing volumes of the grid elements.
Min. volume: 0.000151846, max. volume: 36.5343.

# FGMRES residual history
# Residual tolerance target = 1e-10
# Initial residual norm     = 9.34444e-10
     0     1
# FGMRES final (true) residual:
# Iteration = 4: |res|/|res0| = 9.76424e-12.

Computing volumes of the grid elements.
Non-linear iter.: 340/500. Linear iter.: 4. Min. area: 0.000151846. Error: 9.76424e-12.
Computing volumes of the grid elements.
Min. volume: 0.000151846, max. volume: 36.5343.

# FGMRES residual history
# Residual tolerance target = 1e-10
# Initial residual norm     = 9.3444e-10
     0     1
# FGMRES final (true) residual:
# Iteration = 4: |res|/|res0| = 9.76428e-12.

Computing volumes of the grid elements.
Non-linear iter.: 341/500. Linear iter.: 4. Min. area: 0.000151846. Error: 9.76428e-12.
Computing volumes of the grid elements.
Min. volume: 0.000151846, max. volume: 36.5343.

# FGMRES residual history
# Residual tolerance target = 1e-10
# Initial residual norm     = 9.34435e-10
     0     1
# FGMRES final (true) residual:
# Iteration = 4: |res|/|res0| = 9.76432e-12.

Computing volumes of the grid elements.
Non-linear iter.: 342/500. Linear iter.: 4. Min. area: 0.000151846. Error: 9.76432e-12.
Computing volumes of the grid elements.
Min. volume: 0.000151846, max. volume: 36.5343.

# FGMRES residual history
# Residual tolerance target = 1e-10
# Initial residual norm     = 9.3443e-10
     0     1
# FGMRES final (true) residual:
# Iteration = 4: |res|/|res0| = 9.76436e-12.

Computing volumes of the grid elements.
Non-linear iter.: 343/500. Linear iter.: 4. Min. area: 0.000151846. Error: 9.76436e-12.
Computing volumes of the grid elements.
Min. volume: 0.000151846, max. volume: 36.5343.

# FGMRES residual history
# Residual tolerance target = 1e-10
# Initial residual norm     = 9.34425e-10
     0     1
# FGMRES final (true) residual:
# Iteration = 4: |res|/|res0| = 9.7644e-12.

Computing volumes of the grid elements.
Non-linear iter.: 344/500. Linear iter.: 4. Min. area: 0.000151846. Error: 9.7644e-12.
Computing volumes of the grid elements.
Min. volume: 0.000151846, max. volume: 36.5343.

# FGMRES residual history
# Residual tolerance target = 1e-10
# Initial residual norm     = 9.3442e-10
     0     1
# FGMRES final (true) residual:
# Iteration = 4: |res|/|res0| = 9.76444e-12.

Computing volumes of the grid elements.
Non-linear iter.: 345/500. Linear iter.: 4. Min. area: 0.000151846. Error: 9.76444e-12.
Computing volumes of the grid elements.
Min. volume: 0.000151846, max. volume: 36.5343.

# FGMRES residual history
# Residual tolerance target = 1e-10
# Initial residual norm     = 9.34415e-10
     0     1
# FGMRES final (true) residual:
# Iteration = 4: |res|/|res0| = 9.76448e-12.

Computing volumes of the grid elements.
Non-linear iter.: 346/500. Linear iter.: 4. Min. area: 0.000151846. Error: 9.76448e-12.
Computing volumes of the grid elements.
Min. volume: 0.000151846, max. volume: 36.5342.

# FGMRES residual history
# Residual tolerance target = 1e-10
# Initial residual norm     = 9.3441e-10
     0     1
# FGMRES final (true) residual:
# Iteration = 4: |res|/|res0| = 9.76452e-12.

Computing volumes of the grid elements.
Non-linear iter.: 347/500. Linear iter.: 4. Min. area: 0.000151846. Error: 9.76452e-12.
Computing volumes of the grid elements.
Min. volume: 0.000151846, max. volume: 36.5342.

# FGMRES residual history
# Residual tolerance target = 1e-10
# Initial residual norm     = 9.34405e-10
     0     1
# FGMRES final (true) residual:
# Iteration = 4: |res|/|res0| = 9.76456e-12.

Computing volumes of the grid elements.
Non-linear iter.: 348/500. Linear iter.: 4. Min. area: 0.000151846. Error: 9.76456e-12.
Computing volumes of the grid elements.
Min. volume: 0.000151846, max. volume: 36.5342.

# FGMRES residual history
# Residual tolerance target = 1e-10
# Initial residual norm     = 9.34401e-10
     0     1
# FGMRES final (true) residual:
# Iteration = 4: |res|/|res0| = 9.7646e-12.

Computing volumes of the grid elements.
Non-linear iter.: 349/500. Linear iter.: 4. Min. area: 0.000151846. Error: 9.7646e-12.
Computing volumes of the grid elements.
Min. volume: 0.000151846, max. volume: 36.5342.

# FGMRES residual history
# Residual tolerance target = 1e-10
# Initial residual norm     = 9.34396e-10
     0     1
# FGMRES final (true) residual:
# Iteration = 4: |res|/|res0| = 9.76464e-12.

Computing volumes of the grid elements.
Non-linear iter.: 350/500. Linear iter.: 4. Min. area: 0.000151846. Error: 9.76464e-12.
Computing volumes of the grid elements.
Min. volume: 0.000151846, max. volume: 36.5342.

# FGMRES residual history
# Residual tolerance target = 1e-10
# Initial residual norm     = 9.34391e-10
     0     1
# FGMRES final (true) residual:
# Iteration = 4: |res|/|res0| = 9.76468e-12.

Computing volumes of the grid elements.
Non-linear iter.: 351/500. Linear iter.: 4. Min. area: 0.000151846. Error: 9.76468e-12.
Computing volumes of the grid elements.
Min. volume: 0.000151846, max. volume: 36.5342.

# FGMRES residual history
# Residual tolerance target = 1e-10
# Initial residual norm     = 9.34386e-10
     0     1
# FGMRES final (true) residual:
# Iteration = 4: |res|/|res0| = 9.76472e-12.

Computing volumes of the grid elements.
Non-linear iter.: 352/500. Linear iter.: 4. Min. area: 0.000151846. Error: 9.76472e-12.
Computing volumes of the grid elements.
Min. volume: 0.000151846, max. volume: 36.5342.

# FGMRES residual history
# Residual tolerance target = 1e-10
# Initial residual norm     = 9.34381e-10
     0     1
# FGMRES final (true) residual:
# Iteration = 4: |res|/|res0| = 9.76476e-12.

Computing volumes of the grid elements.
Non-linear iter.: 353/500. Linear iter.: 4. Min. area: 0.000151846. Error: 9.76476e-12.
Computing volumes of the grid elements.
Min. volume: 0.000151846, max. volume: 36.5342.

# FGMRES residual history
# Residual tolerance target = 1e-10
# Initial residual norm     = 9.34376e-10
     0     1
# FGMRES final (true) residual:
# Iteration = 4: |res|/|res0| = 9.7648e-12.

Computing volumes of the grid elements.
Non-linear iter.: 354/500. Linear iter.: 4. Min. area: 0.000151846. Error: 9.7648e-12.
Computing volumes of the grid elements.
Min. volume: 0.000151846, max. volume: 36.5342.

# FGMRES residual history
# Residual tolerance target = 1e-10
# Initial residual norm     = 9.34371e-10
     0     1
# FGMRES final (true) residual:
# Iteration = 4: |res|/|res0| = 9.76484e-12.

Computing volumes of the grid elements.
Non-linear iter.: 355/500. Linear iter.: 4. Min. area: 0.000151846. Error: 9.76484e-12.
Computing volumes of the grid elements.
Min. volume: 0.000151846, max. volume: 36.5342.

# FGMRES residual history
# Residual tolerance target = 1e-10
# Initial residual norm     = 9.34366e-10
     0     1
# FGMRES final (true) residual:
# Iteration = 4: |res|/|res0| = 9.76488e-12.

Computing volumes of the grid elements.
Non-linear iter.: 356/500. Linear iter.: 4. Min. area: 0.000151846. Error: 9.76488e-12.
Computing volumes of the grid elements.
Min. volume: 0.000151846, max. volume: 36.5342.

# FGMRES residual history
# Residual tolerance target = 1e-10
# Initial residual norm     = 9.34362e-10
     0     1
# FGMRES final (true) residual:
# Iteration = 4: |res|/|res0| = 9.76492e-12.

Computing volumes of the grid elements.
Non-linear iter.: 357/500. Linear iter.: 4. Min. area: 0.000151846. Error: 9.76492e-12.
Computing volumes of the grid elements.
Min. volume: 0.000151846, max. volume: 36.5342.

# FGMRES residual history
# Residual tolerance target = 1e-10
# Initial residual norm     = 9.34357e-10
     0     1
# FGMRES final (true) residual:
# Iteration = 4: |res|/|res0| = 9.76496e-12.

Computing volumes of the grid elements.
Non-linear iter.: 358/500. Linear iter.: 4. Min. area: 0.000151846. Error: 9.76496e-12.
Computing volumes of the grid elements.
Min. volume: 0.000151846, max. volume: 36.5342.

# FGMRES residual history
# Residual tolerance target = 1e-10
# Initial residual norm     = 9.34352e-10
     0     1
# FGMRES final (true) residual:
# Iteration = 4: |res|/|res0| = 9.765e-12.

Computing volumes of the grid elements.
Non-linear iter.: 359/500. Linear iter.: 4. Min. area: 0.000151846. Error: 9.765e-12.
Computing volumes of the grid elements.
Min. volume: 0.000151846, max. volume: 36.5342.

# FGMRES residual history
# Residual tolerance target = 1e-10
# Initial residual norm     = 9.34347e-10
     0     1
# FGMRES final (true) residual:
# Iteration = 4: |res|/|res0| = 9.76504e-12.

Computing volumes of the grid elements.
Non-linear iter.: 360/500. Linear iter.: 4. Min. area: 0.000151846. Error: 9.76504e-12.
Computing volumes of the grid elements.
Min. volume: 0.000151846, max. volume: 36.5342.

# FGMRES residual history
# Residual tolerance target = 1e-10
# Initial residual norm     = 9.34342e-10
     0     1
# FGMRES final (true) residual:
# Iteration = 4: |res|/|res0| = 9.76508e-12.

Computing volumes of the grid elements.
Non-linear iter.: 361/500. Linear iter.: 4. Min. area: 0.000151846. Error: 9.76508e-12.
Computing volumes of the grid elements.
Min. volume: 0.000151846, max. volume: 36.5342.

# FGMRES residual history
# Residual tolerance target = 1e-10
# Initial residual norm     = 9.34337e-10
     0     1
# FGMRES final (true) residual:
# Iteration = 4: |res|/|res0| = 9.76512e-12.

Computing volumes of the grid elements.
Non-linear iter.: 362/500. Linear iter.: 4. Min. area: 0.000151846. Error: 9.76512e-12.
Computing volumes of the grid elements.
Min. volume: 0.000151846, max. volume: 36.5342.

# FGMRES residual history
# Residual tolerance target = 1e-10
# Initial residual norm     = 9.34332e-10
     0     1
# FGMRES final (true) residual:
# Iteration = 4: |res|/|res0| = 9.76516e-12.

Computing volumes of the grid elements.
Non-linear iter.: 363/500. Linear iter.: 4. Min. area: 0.000151846. Error: 9.76516e-12.
Computing volumes of the grid elements.
Min. volume: 0.000151846, max. volume: 36.5342.

# FGMRES residual history
# Residual tolerance target = 1e-10
# Initial residual norm     = 9.34327e-10
     0     1
# FGMRES final (true) residual:
# Iteration = 4: |res|/|res0| = 9.7652e-12.

Computing volumes of the grid elements.
Non-linear iter.: 364/500. Linear iter.: 4. Min. area: 0.000151846. Error: 9.7652e-12.
Computing volumes of the grid elements.
Min. volume: 0.000151846, max. volume: 36.5342.

# FGMRES residual history
# Residual tolerance target = 1e-10
# Initial residual norm     = 9.34323e-10
     0     1
# FGMRES final (true) residual:
# Iteration = 4: |res|/|res0| = 9.76524e-12.

Computing volumes of the grid elements.
Non-linear iter.: 365/500. Linear iter.: 4. Min. area: 0.000151846. Error: 9.76524e-12.
Computing volumes of the grid elements.
Min. volume: 0.000151846, max. volume: 36.5342.

# FGMRES residual history
# Residual tolerance target = 1e-10
# Initial residual norm     = 9.34318e-10
     0     1
# FGMRES final (true) residual:
# Iteration = 4: |res|/|res0| = 9.76528e-12.

Computing volumes of the grid elements.
Non-linear iter.: 366/500. Linear iter.: 4. Min. area: 0.000151846. Error: 9.76528e-12.
Computing volumes of the grid elements.
Min. volume: 0.000151846, max. volume: 36.5342.

# FGMRES residual history
# Residual tolerance target = 1e-10
# Initial residual norm     = 9.34313e-10
     0     1
# FGMRES final (true) residual:
# Iteration = 4: |res|/|res0| = 9.76532e-12.

Computing volumes of the grid elements.
Non-linear iter.: 367/500. Linear iter.: 4. Min. area: 0.000151846. Error: 9.76532e-12.
Computing volumes of the grid elements.
Min. volume: 0.000151846, max. volume: 36.5342.

# FGMRES residual history
# Residual tolerance target = 1e-10
# Initial residual norm     = 9.34308e-10
     0     1
# FGMRES final (true) residual:
# Iteration = 4: |res|/|res0| = 9.76536e-12.

Computing volumes of the grid elements.
Non-linear iter.: 368/500. Linear iter.: 4. Min. area: 0.000151846. Error: 9.76536e-12.
Computing volumes of the grid elements.
Min. volume: 0.000151846, max. volume: 36.5342.

# FGMRES residual history
# Residual tolerance target = 1e-10
# Initial residual norm     = 9.34303e-10
     0     1
# FGMRES final (true) residual:
# Iteration = 4: |res|/|res0| = 9.7654e-12.

Computing volumes of the grid elements.
Non-linear iter.: 369/500. Linear iter.: 4. Min. area: 0.000151846. Error: 9.7654e-12.
Computing volumes of the grid elements.
Min. volume: 0.000151846, max. volume: 36.5342.

# FGMRES residual history
# Residual tolerance target = 1e-10
# Initial residual norm     = 9.34298e-10
     0     1
# FGMRES final (true) residual:
# Iteration = 4: |res|/|res0| = 9.76544e-12.

Computing volumes of the grid elements.
Non-linear iter.: 370/500. Linear iter.: 4. Min. area: 0.000151846. Error: 9.76544e-12.
Computing volumes of the grid elements.
Min. volume: 0.000151846, max. volume: 36.5342.

# FGMRES residual history
# Residual tolerance target = 1e-10
# Initial residual norm     = 9.34293e-10
     0     1
# FGMRES final (true) residual:
# Iteration = 4: |res|/|res0| = 9.76548e-12.

Computing volumes of the grid elements.
Non-linear iter.: 371/500. Linear iter.: 4. Min. area: 0.000151846. Error: 9.76548e-12.
Computing volumes of the grid elements.
Min. volume: 0.000151846, max. volume: 36.5342.

# FGMRES residual history
# Residual tolerance target = 1e-10
# Initial residual norm     = 9.34288e-10
     0     1
# FGMRES final (true) residual:
# Iteration = 4: |res|/|res0| = 9.76552e-12.

Computing volumes of the grid elements.
Non-linear iter.: 372/500. Linear iter.: 4. Min. area: 0.000151846. Error: 9.76552e-12.
Computing volumes of the grid elements.
Min. volume: 0.000151846, max. volume: 36.5342.

# FGMRES residual history
# Residual tolerance target = 1e-10
# Initial residual norm     = 9.34284e-10
     0     1
# FGMRES final (true) residual:
# Iteration = 4: |res|/|res0| = 9.76556e-12.

Computing volumes of the grid elements.
Non-linear iter.: 373/500. Linear iter.: 4. Min. area: 0.000151846. Error: 9.76556e-12.
Computing volumes of the grid elements.
Min. volume: 0.000151846, max. volume: 36.5342.

# FGMRES residual history
# Residual tolerance target = 1e-10
# Initial residual norm     = 9.34279e-10
     0     1
# FGMRES final (true) residual:
# Iteration = 4: |res|/|res0| = 9.7656e-12.

Computing volumes of the grid elements.
Non-linear iter.: 374/500. Linear iter.: 4. Min. area: 0.000151846. Error: 9.7656e-12.
Computing volumes of the grid elements.
Min. volume: 0.000151846, max. volume: 36.5342.

# FGMRES residual history
# Residual tolerance target = 1e-10
# Initial residual norm     = 9.34274e-10
     0     1
# FGMRES final (true) residual:
# Iteration = 4: |res|/|res0| = 9.76564e-12.

Computing volumes of the grid elements.
Non-linear iter.: 375/500. Linear iter.: 4. Min. area: 0.000151846. Error: 9.76564e-12.
Computing volumes of the grid elements.
Min. volume: 0.000151846, max. volume: 36.5342.

# FGMRES residual history
# Residual tolerance target = 1e-10
# Initial residual norm     = 9.34269e-10
     0     1
# FGMRES final (true) residual:
# Iteration = 4: |res|/|res0| = 9.76568e-12.

Computing volumes of the grid elements.
Non-linear iter.: 376/500. Linear iter.: 4. Min. area: 0.000151846. Error: 9.76568e-12.
Computing volumes of the grid elements.
Min. volume: 0.000151846, max. volume: 36.5342.

# FGMRES residual history
# Residual tolerance target = 1e-10
# Initial residual norm     = 9.34264e-10
     0     1
# FGMRES final (true) residual:
# Iteration = 4: |res|/|res0| = 9.76572e-12.

Computing volumes of the grid elements.
Non-linear iter.: 377/500. Linear iter.: 4. Min. area: 0.000151846. Error: 9.76572e-12.
Computing volumes of the grid elements.
Min. volume: 0.000151846, max. volume: 36.5342.

# FGMRES residual history
# Residual tolerance target = 1e-10
# Initial residual norm     = 9.34259e-10
     0     1
# FGMRES final (true) residual:
# Iteration = 4: |res|/|res0| = 9.76576e-12.

Computing volumes of the grid elements.
Non-linear iter.: 378/500. Linear iter.: 4. Min. area: 0.000151846. Error: 9.76576e-12.
Computing volumes of the grid elements.
Min. volume: 0.000151846, max. volume: 36.5342.

# FGMRES residual history
# Residual tolerance target = 1e-10
# Initial residual norm     = 9.34254e-10
     0     1
# FGMRES final (true) residual:
# Iteration = 4: |res|/|res0| = 9.7658e-12.

Computing volumes of the grid elements.
Non-linear iter.: 379/500. Linear iter.: 4. Min. area: 0.000151846. Error: 9.7658e-12.
Computing volumes of the grid elements.
Min. volume: 0.000151846, max. volume: 36.5342.

# FGMRES residual history
# Residual tolerance target = 1e-10
# Initial residual norm     = 9.34249e-10
     0     1
# FGMRES final (true) residual:
# Iteration = 4: |res|/|res0| = 9.76584e-12.

Computing volumes of the grid elements.
Non-linear iter.: 380/500. Linear iter.: 4. Min. area: 0.000151846. Error: 9.76584e-12.
Computing volumes of the grid elements.
Min. volume: 0.000151846, max. volume: 36.5342.

# FGMRES residual history
# Residual tolerance target = 1e-10
# Initial residual norm     = 9.34245e-10
     0     1
# FGMRES final (true) residual:
# Iteration = 4: |res|/|res0| = 9.76588e-12.

Computing volumes of the grid elements.
Non-linear iter.: 381/500. Linear iter.: 4. Min. area: 0.000151846. Error: 9.76588e-12.
Computing volumes of the grid elements.
Min. volume: 0.000151846, max. volume: 36.5342.

# FGMRES residual history
# Residual tolerance target = 1e-10
# Initial residual norm     = 9.3424e-10
     0     1
# FGMRES final (true) residual:
# Iteration = 4: |res|/|res0| = 9.76592e-12.

Computing volumes of the grid elements.
Non-linear iter.: 382/500. Linear iter.: 4. Min. area: 0.000151846. Error: 9.76592e-12.
Computing volumes of the grid elements.
Min. volume: 0.000151846, max. volume: 36.5342.

# FGMRES residual history
# Residual tolerance target = 1e-10
# Initial residual norm     = 9.34235e-10
     0     1
# FGMRES final (true) residual:
# Iteration = 4: |res|/|res0| = 9.76596e-12.

Computing volumes of the grid elements.
Non-linear iter.: 383/500. Linear iter.: 4. Min. area: 0.000151846. Error: 9.76596e-12.
Computing volumes of the grid elements.
Min. volume: 0.000151846, max. volume: 36.5342.

# FGMRES residual history
# Residual tolerance target = 1e-10
# Initial residual norm     = 9.3423e-10
     0     1
# FGMRES final (true) residual:
# Iteration = 4: |res|/|res0| = 9.766e-12.

Computing volumes of the grid elements.
Non-linear iter.: 384/500. Linear iter.: 4. Min. area: 0.000151846. Error: 9.766e-12.
Computing volumes of the grid elements.
Min. volume: 0.000151846, max. volume: 36.5342.

# FGMRES residual history
# Residual tolerance target = 1e-10
# Initial residual norm     = 9.34225e-10
     0     1
# FGMRES final (true) residual:
# Iteration = 4: |res|/|res0| = 9.76604e-12.

Computing volumes of the grid elements.
Non-linear iter.: 385/500. Linear iter.: 4. Min. area: 0.000151846. Error: 9.76604e-12.
Computing volumes of the grid elements.
Min. volume: 0.000151846, max. volume: 36.5342.

# FGMRES residual history
# Residual tolerance target = 1e-10
# Initial residual norm     = 9.3422e-10
     0     1
# FGMRES final (true) residual:
# Iteration = 4: |res|/|res0| = 9.76608e-12.

Computing volumes of the grid elements.
Non-linear iter.: 386/500. Linear iter.: 4. Min. area: 0.000151846. Error: 9.76608e-12.
Computing volumes of the grid elements.
Min. volume: 0.000151846, max. volume: 36.5342.

# FGMRES residual history
# Residual tolerance target = 1e-10
# Initial residual norm     = 9.34215e-10
     0     1
# FGMRES final (true) residual:
# Iteration = 4: |res|/|res0| = 9.76612e-12.

Computing volumes of the grid elements.
Non-linear iter.: 387/500. Linear iter.: 4. Min. area: 0.000151846. Error: 9.76612e-12.
Computing volumes of the grid elements.
Min. volume: 0.000151846, max. volume: 36.5342.

# FGMRES residual history
# Residual tolerance target = 1e-10
# Initial residual norm     = 9.3421e-10
     0     1
# FGMRES final (true) residual:
# Iteration = 4: |res|/|res0| = 9.76616e-12.

Computing volumes of the grid elements.
Non-linear iter.: 388/500. Linear iter.: 4. Min. area: 0.000151846. Error: 9.76616e-12.
Computing volumes of the grid elements.
Min. volume: 0.000151846, max. volume: 36.5342.

# FGMRES residual history
# Residual tolerance target = 1e-10
# Initial residual norm     = 9.34206e-10
     0     1
# FGMRES final (true) residual:
# Iteration = 4: |res|/|res0| = 9.7662e-12.

Computing volumes of the grid elements.
Non-linear iter.: 389/500. Linear iter.: 4. Min. area: 0.000151846. Error: 9.7662e-12.
Computing volumes of the grid elements.
Min. volume: 0.000151846, max. volume: 36.5342.

# FGMRES residual history
# Residual tolerance target = 1e-10
# Initial residual norm     = 9.34201e-10
     0     1
# FGMRES final (true) residual:
# Iteration = 4: |res|/|res0| = 9.76624e-12.

Computing volumes of the grid elements.
Non-linear iter.: 390/500. Linear iter.: 4. Min. area: 0.000151846. Error: 9.76624e-12.
Computing volumes of the grid elements.
Min. volume: 0.000151846, max. volume: 36.5342.

# FGMRES residual history
# Residual tolerance target = 1e-10
# Initial residual norm     = 9.34196e-10
     0     1
# FGMRES final (true) residual:
# Iteration = 4: |res|/|res0| = 9.76628e-12.

Computing volumes of the grid elements.
Non-linear iter.: 391/500. Linear iter.: 4. Min. area: 0.000151846. Error: 9.76628e-12.
Computing volumes of the grid elements.
Min. volume: 0.000151846, max. volume: 36.5342.

# FGMRES residual history
# Residual tolerance target = 1e-10
# Initial residual norm     = 9.34191e-10
     0     1
# FGMRES final (true) residual:
# Iteration = 4: |res|/|res0| = 9.76632e-12.

Computing volumes of the grid elements.
Non-linear iter.: 392/500. Linear iter.: 4. Min. area: 0.000151846. Error: 9.76632e-12.
Computing volumes of the grid elements.
Min. volume: 0.000151846, max. volume: 36.5342.

# FGMRES residual history
# Residual tolerance target = 1e-10
# Initial residual norm     = 9.34186e-10
     0     1
# FGMRES final (true) residual:
# Iteration = 4: |res|/|res0| = 9.76636e-12.

Computing volumes of the grid elements.
Non-linear iter.: 393/500. Linear iter.: 4. Min. area: 0.000151846. Error: 9.76636e-12.
Computing volumes of the grid elements.
Min. volume: 0.000151846, max. volume: 36.5342.

# FGMRES residual history
# Residual tolerance target = 1e-10
# Initial residual norm     = 9.34181e-10
     0     1
# FGMRES final (true) residual:
# Iteration = 4: |res|/|res0| = 9.7664e-12.

Computing volumes of the grid elements.
Non-linear iter.: 394/500. Linear iter.: 4. Min. area: 0.000151846. Error: 9.7664e-12.
Computing volumes of the grid elements.
Min. volume: 0.000151846, max. volume: 36.5342.

# FGMRES residual history
# Residual tolerance target = 1e-10
# Initial residual norm     = 9.34176e-10
     0     1
# FGMRES final (true) residual:
# Iteration = 4: |res|/|res0| = 9.76644e-12.

Computing volumes of the grid elements.
Non-linear iter.: 395/500. Linear iter.: 4. Min. area: 0.000151846. Error: 9.76644e-12.
Computing volumes of the grid elements.
Min. volume: 0.000151846, max. volume: 36.5342.

# FGMRES residual history
# Residual tolerance target = 1e-10
# Initial residual norm     = 9.34171e-10
     0     1
# FGMRES final (true) residual:
# Iteration = 4: |res|/|res0| = 9.76648e-12.

Computing volumes of the grid elements.
Non-linear iter.: 396/500. Linear iter.: 4. Min. area: 0.000151846. Error: 9.76648e-12.
Computing volumes of the grid elements.
Min. volume: 0.000151846, max. volume: 36.5342.

# FGMRES residual history
# Residual tolerance target = 1e-10
# Initial residual norm     = 9.34167e-10
     0     1
# FGMRES final (true) residual:
# Iteration = 4: |res|/|res0| = 9.76652e-12.

Computing volumes of the grid elements.
Non-linear iter.: 397/500. Linear iter.: 4. Min. area: 0.000151846. Error: 9.76652e-12.
Computing volumes of the grid elements.
Min. volume: 0.000151846, max. volume: 36.5341.

# FGMRES residual history
# Residual tolerance target = 1e-10
# Initial residual norm     = 9.34162e-10
     0     1
# FGMRES final (true) residual:
# Iteration = 4: |res|/|res0| = 9.76656e-12.

Computing volumes of the grid elements.
Non-linear iter.: 398/500. Linear iter.: 4. Min. area: 0.000151846. Error: 9.76656e-12.
Computing volumes of the grid elements.
Min. volume: 0.000151846, max. volume: 36.5341.

# FGMRES residual history
# Residual tolerance target = 1e-10
# Initial residual norm     = 9.34157e-10
     0     1
# FGMRES final (true) residual:
# Iteration = 4: |res|/|res0| = 9.7666e-12.

Computing volumes of the grid elements.
Non-linear iter.: 399/500. Linear iter.: 4. Min. area: 0.000151846. Error: 9.7666e-12.
Computing volumes of the grid elements.
Min. volume: 0.000151846, max. volume: 36.5341.

# FGMRES residual history
# Residual tolerance target = 1e-10
# Initial residual norm     = 9.34152e-10
     0     1
# FGMRES final (true) residual:
# Iteration = 4: |res|/|res0| = 9.76664e-12.

Computing volumes of the grid elements.
Non-linear iter.: 400/500. Linear iter.: 4. Min. area: 0.000151846. Error: 9.76664e-12.
Computing volumes of the grid elements.
Min. volume: 0.000151846, max. volume: 36.5341.

# FGMRES residual history
# Residual tolerance target = 1e-10
# Initial residual norm     = 9.34147e-10
     0     1
# FGMRES final (true) residual:
# Iteration = 4: |res|/|res0| = 9.76668e-12.

Computing volumes of the grid elements.
Non-linear iter.: 401/500. Linear iter.: 4. Min. area: 0.000151846. Error: 9.76668e-12.
Computing volumes of the grid elements.
Min. volume: 0.000151846, max. volume: 36.5341.

# FGMRES residual history
# Residual tolerance target = 1e-10
# Initial residual norm     = 9.34142e-10
     0     1
# FGMRES final (true) residual:
# Iteration = 4: |res|/|res0| = 9.76672e-12.

Computing volumes of the grid elements.
Non-linear iter.: 402/500. Linear iter.: 4. Min. area: 0.000151846. Error: 9.76672e-12.
Computing volumes of the grid elements.
Min. volume: 0.000151846, max. volume: 36.5341.

# FGMRES residual history
# Residual tolerance target = 1e-10
# Initial residual norm     = 9.34137e-10
     0     1
# FGMRES final (true) residual:
# Iteration = 4: |res|/|res0| = 9.76676e-12.

Computing volumes of the grid elements.
Non-linear iter.: 403/500. Linear iter.: 4. Min. area: 0.000151846. Error: 9.76676e-12.
Computing volumes of the grid elements.
Min. volume: 0.000151846, max. volume: 36.5341.

# FGMRES residual history
# Residual tolerance target = 1e-10
# Initial residual norm     = 9.34132e-10
     0     1
# FGMRES final (true) residual:
# Iteration = 4: |res|/|res0| = 9.7668e-12.

Computing volumes of the grid elements.
Non-linear iter.: 404/500. Linear iter.: 4. Min. area: 0.000151846. Error: 9.7668e-12.
Computing volumes of the grid elements.
Min. volume: 0.000151846, max. volume: 36.5341.

# FGMRES residual history
# Residual tolerance target = 1e-10
# Initial residual norm     = 9.34128e-10
     0     1
# FGMRES final (true) residual:
# Iteration = 4: |res|/|res0| = 9.76684e-12.

Computing volumes of the grid elements.
Non-linear iter.: 405/500. Linear iter.: 4. Min. area: 0.000151846. Error: 9.76684e-12.
Computing volumes of the grid elements.
Min. volume: 0.000151846, max. volume: 36.5341.

# FGMRES residual history
# Residual tolerance target = 1e-10
# Initial residual norm     = 9.34123e-10
     0     1
# FGMRES final (true) residual:
# Iteration = 4: |res|/|res0| = 9.76688e-12.

Computing volumes of the grid elements.
Non-linear iter.: 406/500. Linear iter.: 4. Min. area: 0.000151846. Error: 9.76688e-12.
Computing volumes of the grid elements.
Min. volume: 0.000151846, max. volume: 36.5341.

# FGMRES residual history
# Residual tolerance target = 1e-10
# Initial residual norm     = 9.34118e-10
     0     1
# FGMRES final (true) residual:
# Iteration = 4: |res|/|res0| = 9.76692e-12.

Computing volumes of the grid elements.
Non-linear iter.: 407/500. Linear iter.: 4. Min. area: 0.000151846. Error: 9.76692e-12.
Computing volumes of the grid elements.
Min. volume: 0.000151846, max. volume: 36.5341.

# FGMRES residual history
# Residual tolerance target = 1e-10
# Initial residual norm     = 9.34113e-10
     0     1
# FGMRES final (true) residual:
# Iteration = 4: |res|/|res0| = 9.76696e-12.

Computing volumes of the grid elements.
Non-linear iter.: 408/500. Linear iter.: 4. Min. area: 0.000151846. Error: 9.76696e-12.
Computing volumes of the grid elements.
Min. volume: 0.000151846, max. volume: 36.5341.

# FGMRES residual history
# Residual tolerance target = 1e-10
# Initial residual norm     = 9.34108e-10
     0     1
# FGMRES final (true) residual:
# Iteration = 4: |res|/|res0| = 9.767e-12.

Computing volumes of the grid elements.
Non-linear iter.: 409/500. Linear iter.: 4. Min. area: 0.000151846. Error: 9.767e-12.
Computing volumes of the grid elements.
Min. volume: 0.000151846, max. volume: 36.5341.

# FGMRES residual history
# Residual tolerance target = 1e-10
# Initial residual norm     = 9.34103e-10
     0     1
# FGMRES final (true) residual:
# Iteration = 4: |res|/|res0| = 9.76704e-12.

Computing volumes of the grid elements.
Non-linear iter.: 410/500. Linear iter.: 4. Min. area: 0.000151846. Error: 9.76704e-12.
Computing volumes of the grid elements.
Min. volume: 0.000151846, max. volume: 36.5341.

# FGMRES residual history
# Residual tolerance target = 1e-10
# Initial residual norm     = 9.34098e-10
     0     1
# FGMRES final (true) residual:
# Iteration = 4: |res|/|res0| = 9.76708e-12.

Computing volumes of the grid elements.
Non-linear iter.: 411/500. Linear iter.: 4. Min. area: 0.000151846. Error: 9.76708e-12.
Computing volumes of the grid elements.
Min. volume: 0.000151846, max. volume: 36.5341.

# FGMRES residual history
# Residual tolerance target = 1e-10
# Initial residual norm     = 9.34093e-10
     0     1
# FGMRES final (true) residual:
# Iteration = 4: |res|/|res0| = 9.76712e-12.

Computing volumes of the grid elements.
Non-linear iter.: 412/500. Linear iter.: 4. Min. area: 0.000151846. Error: 9.76712e-12.
Computing volumes of the grid elements.
Min. volume: 0.000151846, max. volume: 36.5341.

# FGMRES residual history
# Residual tolerance target = 1e-10
# Initial residual norm     = 9.34089e-10
     0     1
# FGMRES final (true) residual:
# Iteration = 4: |res|/|res0| = 9.76716e-12.

Computing volumes of the grid elements.
Non-linear iter.: 413/500. Linear iter.: 4. Min. area: 0.000151846. Error: 9.76716e-12.
Computing volumes of the grid elements.
Min. volume: 0.000151846, max. volume: 36.5341.

# FGMRES residual history
# Residual tolerance target = 1e-10
# Initial residual norm     = 9.34084e-10
     0     1
# FGMRES final (true) residual:
# Iteration = 4: |res|/|res0| = 9.7672e-12.

Computing volumes of the grid elements.
Non-linear iter.: 414/500. Linear iter.: 4. Min. area: 0.000151846. Error: 9.7672e-12.
Computing volumes of the grid elements.
Min. volume: 0.000151846, max. volume: 36.5341.

# FGMRES residual history
# Residual tolerance target = 1e-10
# Initial residual norm     = 9.34079e-10
     0     1
# FGMRES final (true) residual:
# Iteration = 4: |res|/|res0| = 9.76723e-12.

Computing volumes of the grid elements.
Non-linear iter.: 415/500. Linear iter.: 4. Min. area: 0.000151846. Error: 9.76723e-12.
Computing volumes of the grid elements.
Min. volume: 0.000151846, max. volume: 36.5341.

# FGMRES residual history
# Residual tolerance target = 1e-10
# Initial residual norm     = 9.34074e-10
     0     1
# FGMRES final (true) residual:
# Iteration = 4: |res|/|res0| = 9.76727e-12.

Computing volumes of the grid elements.
Non-linear iter.: 416/500. Linear iter.: 4. Min. area: 0.000151846. Error: 9.76727e-12.
Computing volumes of the grid elements.
Min. volume: 0.000151846, max. volume: 36.5341.

# FGMRES residual history
# Residual tolerance target = 1e-10
# Initial residual norm     = 9.34069e-10
     0     1
# FGMRES final (true) residual:
# Iteration = 4: |res|/|res0| = 9.76731e-12.

Computing volumes of the grid elements.
Non-linear iter.: 417/500. Linear iter.: 4. Min. area: 0.000151846. Error: 9.76731e-12.
Computing volumes of the grid elements.
Min. volume: 0.000151846, max. volume: 36.5341.

# FGMRES residual history
# Residual tolerance target = 1e-10
# Initial residual norm     = 9.34064e-10
     0     1
# FGMRES final (true) residual:
# Iteration = 4: |res|/|res0| = 9.76735e-12.

Computing volumes of the grid elements.
Non-linear iter.: 418/500. Linear iter.: 4. Min. area: 0.000151846. Error: 9.76735e-12.
Computing volumes of the grid elements.
Min. volume: 0.000151846, max. volume: 36.5341.

# FGMRES residual history
# Residual tolerance target = 1e-10
# Initial residual norm     = 9.34059e-10
     0     1
# FGMRES final (true) residual:
# Iteration = 4: |res|/|res0| = 9.76739e-12.

Computing volumes of the grid elements.
Non-linear iter.: 419/500. Linear iter.: 4. Min. area: 0.000151846. Error: 9.76739e-12.
Computing volumes of the grid elements.
Min. volume: 0.000151846, max. volume: 36.5341.

# FGMRES residual history
# Residual tolerance target = 1e-10
# Initial residual norm     = 9.34054e-10
     0     1
# FGMRES final (true) residual:
# Iteration = 4: |res|/|res0| = 9.76743e-12.

Computing volumes of the grid elements.
Non-linear iter.: 420/500. Linear iter.: 4. Min. area: 0.000151846. Error: 9.76743e-12.
Computing volumes of the grid elements.
Min. volume: 0.000151846, max. volume: 36.5341.

# FGMRES residual history
# Residual tolerance target = 1e-10
# Initial residual norm     = 9.3405e-10
     0     1
# FGMRES final (true) residual:
# Iteration = 4: |res|/|res0| = 9.76747e-12.

Computing volumes of the grid elements.
Non-linear iter.: 421/500. Linear iter.: 4. Min. area: 0.000151846. Error: 9.76747e-12.
Computing volumes of the grid elements.
Min. volume: 0.000151846, max. volume: 36.5341.

# FGMRES residual history
# Residual tolerance target = 1e-10
# Initial residual norm     = 9.34045e-10
     0     1
# FGMRES final (true) residual:
# Iteration = 4: |res|/|res0| = 9.76751e-12.

Computing volumes of the grid elements.
Non-linear iter.: 422/500. Linear iter.: 4. Min. area: 0.000151846. Error: 9.76751e-12.
Computing volumes of the grid elements.
Min. volume: 0.000151846, max. volume: 36.5341.

# FGMRES residual history
# Residual tolerance target = 1e-10
# Initial residual norm     = 9.3404e-10
     0     1
# FGMRES final (true) residual:
# Iteration = 4: |res|/|res0| = 9.76755e-12.

Computing volumes of the grid elements.
Non-linear iter.: 423/500. Linear iter.: 4. Min. area: 0.000151846. Error: 9.76755e-12.
Computing volumes of the grid elements.
Min. volume: 0.000151846, max. volume: 36.5341.

# FGMRES residual history
# Residual tolerance target = 1e-10
# Initial residual norm     = 9.34035e-10
     0     1
# FGMRES final (true) residual:
# Iteration = 4: |res|/|res0| = 9.76759e-12.

Computing volumes of the grid elements.
Non-linear iter.: 424/500. Linear iter.: 4. Min. area: 0.000151846. Error: 9.76759e-12.
Computing volumes of the grid elements.
Min. volume: 0.000151846, max. volume: 36.5341.

# FGMRES residual history
# Residual tolerance target = 1e-10
# Initial residual norm     = 9.3403e-10
     0     1
# FGMRES final (true) residual:
# Iteration = 4: |res|/|res0| = 9.76763e-12.

Computing volumes of the grid elements.
Non-linear iter.: 425/500. Linear iter.: 4. Min. area: 0.000151846. Error: 9.76763e-12.
Computing volumes of the grid elements.
Min. volume: 0.000151846, max. volume: 36.5341.

# FGMRES residual history
# Residual tolerance target = 1e-10
# Initial residual norm     = 9.34025e-10
     0     1
# FGMRES final (true) residual:
# Iteration = 4: |res|/|res0| = 9.76767e-12.

Computing volumes of the grid elements.
Non-linear iter.: 426/500. Linear iter.: 4. Min. area: 0.000151846. Error: 9.76767e-12.
Computing volumes of the grid elements.
Min. volume: 0.000151846, max. volume: 36.5341.

# FGMRES residual history
# Residual tolerance target = 1e-10
# Initial residual norm     = 9.3402e-10
     0     1
# FGMRES final (true) residual:
# Iteration = 4: |res|/|res0| = 9.76771e-12.

Computing volumes of the grid elements.
Non-linear iter.: 427/500. Linear iter.: 4. Min. area: 0.000151846. Error: 9.76771e-12.
Computing volumes of the grid elements.
Min. volume: 0.000151846, max. volume: 36.5341.

# FGMRES residual history
# Residual tolerance target = 1e-10
# Initial residual norm     = 9.34015e-10
     0     1
# FGMRES final (true) residual:
# Iteration = 4: |res|/|res0| = 9.76775e-12.

Computing volumes of the grid elements.
Non-linear iter.: 428/500. Linear iter.: 4. Min. area: 0.000151846. Error: 9.76775e-12.
Computing volumes of the grid elements.
Min. volume: 0.000151846, max. volume: 36.5341.

# FGMRES residual history
# Residual tolerance target = 1e-10
# Initial residual norm     = 9.34011e-10
     0     1
# FGMRES final (true) residual:
# Iteration = 4: |res|/|res0| = 9.76779e-12.

Computing volumes of the grid elements.
Non-linear iter.: 429/500. Linear iter.: 4. Min. area: 0.000151846. Error: 9.76779e-12.
Computing volumes of the grid elements.
Min. volume: 0.000151846, max. volume: 36.5341.

# FGMRES residual history
# Residual tolerance target = 1e-10
# Initial residual norm     = 9.34006e-10
     0     1
# FGMRES final (true) residual:
# Iteration = 4: |res|/|res0| = 9.76783e-12.

Computing volumes of the grid elements.
Non-linear iter.: 430/500. Linear iter.: 4. Min. area: 0.000151846. Error: 9.76783e-12.
Computing volumes of the grid elements.
Min. volume: 0.000151846, max. volume: 36.5341.

# FGMRES residual history
# Residual tolerance target = 1e-10
# Initial residual norm     = 9.34001e-10
     0     1
# FGMRES final (true) residual:
# Iteration = 4: |res|/|res0| = 9.76787e-12.

Computing volumes of the grid elements.
Non-linear iter.: 431/500. Linear iter.: 4. Min. area: 0.000151846. Error: 9.76787e-12.
Computing volumes of the grid elements.
Min. volume: 0.000151846, max. volume: 36.5341.

# FGMRES residual history
# Residual tolerance target = 1e-10
# Initial residual norm     = 9.33996e-10
     0     1
# FGMRES final (true) residual:
# Iteration = 4: |res|/|res0| = 9.76791e-12.

Computing volumes of the grid elements.
Non-linear iter.: 432/500. Linear iter.: 4. Min. area: 0.000151846. Error: 9.76791e-12.
Computing volumes of the grid elements.
Min. volume: 0.000151846, max. volume: 36.5341.

# FGMRES residual history
# Residual tolerance target = 1e-10
# Initial residual norm     = 9.33991e-10
     0     1
# FGMRES final (true) residual:
# Iteration = 4: |res|/|res0| = 9.76795e-12.

Computing volumes of the grid elements.
Non-linear iter.: 433/500. Linear iter.: 4. Min. area: 0.000151846. Error: 9.76795e-12.
Computing volumes of the grid elements.
Min. volume: 0.000151846, max. volume: 36.5341.

# FGMRES residual history
# Residual tolerance target = 1e-10
# Initial residual norm     = 9.33986e-10
     0     1
# FGMRES final (true) residual:
# Iteration = 4: |res|/|res0| = 9.76799e-12.

Computing volumes of the grid elements.
Non-linear iter.: 434/500. Linear iter.: 4. Min. area: 0.000151846. Error: 9.76799e-12.
Computing volumes of the grid elements.
Min. volume: 0.000151846, max. volume: 36.5341.

# FGMRES residual history
# Residual tolerance target = 1e-10
# Initial residual norm     = 9.33981e-10
     0     1
# FGMRES final (true) residual:
# Iteration = 4: |res|/|res0| = 9.76803e-12.

Computing volumes of the grid elements.
Non-linear iter.: 435/500. Linear iter.: 4. Min. area: 0.000151846. Error: 9.76803e-12.
Computing volumes of the grid elements.
Min. volume: 0.000151846, max. volume: 36.5341.

# FGMRES residual history
# Residual tolerance target = 1e-10
# Initial residual norm     = 9.33976e-10
     0     1
# FGMRES final (true) residual:
# Iteration = 4: |res|/|res0| = 9.76807e-12.

Computing volumes of the grid elements.
Non-linear iter.: 436/500. Linear iter.: 4. Min. area: 0.000151846. Error: 9.76807e-12.
Computing volumes of the grid elements.
Min. volume: 0.000151846, max. volume: 36.5341.

# FGMRES residual history
# Residual tolerance target = 1e-10
# Initial residual norm     = 9.33972e-10
     0     1
# FGMRES final (true) residual:
# Iteration = 4: |res|/|res0| = 9.76811e-12.

Computing volumes of the grid elements.
Non-linear iter.: 437/500. Linear iter.: 4. Min. area: 0.000151846. Error: 9.76811e-12.
Computing volumes of the grid elements.
Min. volume: 0.000151846, max. volume: 36.5341.

# FGMRES residual history
# Residual tolerance target = 1e-10
# Initial residual norm     = 9.33967e-10
     0     1
# FGMRES final (true) residual:
# Iteration = 4: |res|/|res0| = 9.76815e-12.

Computing volumes of the grid elements.
Non-linear iter.: 438/500. Linear iter.: 4. Min. area: 0.000151846. Error: 9.76815e-12.
Computing volumes of the grid elements.
Min. volume: 0.000151846, max. volume: 36.5341.

# FGMRES residual history
# Residual tolerance target = 1e-10
# Initial residual norm     = 9.33962e-10
     0     1
# FGMRES final (true) residual:
# Iteration = 4: |res|/|res0| = 9.76819e-12.

Computing volumes of the grid elements.
Non-linear iter.: 439/500. Linear iter.: 4. Min. area: 0.000151846. Error: 9.76819e-12.
Computing volumes of the grid elements.
Min. volume: 0.000151846, max. volume: 36.5341.

# FGMRES residual history
# Residual tolerance target = 1e-10
# Initial residual norm     = 9.33957e-10
     0     1
# FGMRES final (true) residual:
# Iteration = 4: |res|/|res0| = 9.76823e-12.

Computing volumes of the grid elements.
Non-linear iter.: 440/500. Linear iter.: 4. Min. area: 0.000151846. Error: 9.76823e-12.
Computing volumes of the grid elements.
Min. volume: 0.000151846, max. volume: 36.5341.

# FGMRES residual history
# Residual tolerance target = 1e-10
# Initial residual norm     = 9.33952e-10
     0     1
# FGMRES final (true) residual:
# Iteration = 4: |res|/|res0| = 9.76827e-12.

Computing volumes of the grid elements.
Non-linear iter.: 441/500. Linear iter.: 4. Min. area: 0.000151846. Error: 9.76827e-12.
Computing volumes of the grid elements.
Min. volume: 0.000151846, max. volume: 36.5341.

# FGMRES residual history
# Residual tolerance target = 1e-10
# Initial residual norm     = 9.33947e-10
     0     1
# FGMRES final (true) residual:
# Iteration = 4: |res|/|res0| = 9.76831e-12.

Computing volumes of the grid elements.
Non-linear iter.: 442/500. Linear iter.: 4. Min. area: 0.000151846. Error: 9.76831e-12.
Computing volumes of the grid elements.
Min. volume: 0.000151846, max. volume: 36.5341.

# FGMRES residual history
# Residual tolerance target = 1e-10
# Initial residual norm     = 9.33942e-10
     0     1
# FGMRES final (true) residual:
# Iteration = 4: |res|/|res0| = 9.76835e-12.

Computing volumes of the grid elements.
Non-linear iter.: 443/500. Linear iter.: 4. Min. area: 0.000151846. Error: 9.76835e-12.
Computing volumes of the grid elements.
Min. volume: 0.000151846, max. volume: 36.5341.

# FGMRES residual history
# Residual tolerance target = 1e-10
# Initial residual norm     = 9.33937e-10
     0     1
# FGMRES final (true) residual:
# Iteration = 4: |res|/|res0| = 9.76839e-12.

Computing volumes of the grid elements.
Non-linear iter.: 444/500. Linear iter.: 4. Min. area: 0.000151846. Error: 9.76839e-12.
Computing volumes of the grid elements.
Min. volume: 0.000151846, max. volume: 36.5341.

# FGMRES residual history
# Residual tolerance target = 1e-10
# Initial residual norm     = 9.33933e-10
     0     1
# FGMRES final (true) residual:
# Iteration = 4: |res|/|res0| = 9.76843e-12.

Computing volumes of the grid elements.
Non-linear iter.: 445/500. Linear iter.: 4. Min. area: 0.000151846. Error: 9.76843e-12.
Computing volumes of the grid elements.
Min. volume: 0.000151846, max. volume: 36.5341.

# FGMRES residual history
# Residual tolerance target = 1e-10
# Initial residual norm     = 9.33928e-10
     0     1
# FGMRES final (true) residual:
# Iteration = 4: |res|/|res0| = 9.76847e-12.

Computing volumes of the grid elements.
Non-linear iter.: 446/500. Linear iter.: 4. Min. area: 0.000151846. Error: 9.76847e-12.
Computing volumes of the grid elements.
Min. volume: 0.000151846, max. volume: 36.5341.

# FGMRES residual history
# Residual tolerance target = 1e-10
# Initial residual norm     = 9.33923e-10
     0     1
# FGMRES final (true) residual:
# Iteration = 4: |res|/|res0| = 9.76851e-12.

Computing volumes of the grid elements.
Non-linear iter.: 447/500. Linear iter.: 4. Min. area: 0.000151846. Error: 9.76851e-12.
Computing volumes of the grid elements.
Min. volume: 0.000151846, max. volume: 36.534.

# FGMRES residual history
# Residual tolerance target = 1e-10
# Initial residual norm     = 9.33918e-10
     0     1
# FGMRES final (true) residual:
# Iteration = 4: |res|/|res0| = 9.76855e-12.

Computing volumes of the grid elements.
Non-linear iter.: 448/500. Linear iter.: 4. Min. area: 0.000151846. Error: 9.76855e-12.
Computing volumes of the grid elements.
Min. volume: 0.000151846, max. volume: 36.534.

# FGMRES residual history
# Residual tolerance target = 1e-10
# Initial residual norm     = 9.33913e-10
     0     1
# FGMRES final (true) residual:
# Iteration = 4: |res|/|res0| = 9.76859e-12.

Computing volumes of the grid elements.
Non-linear iter.: 449/500. Linear iter.: 4. Min. area: 0.000151846. Error: 9.76859e-12.
Computing volumes of the grid elements.
Min. volume: 0.000151846, max. volume: 36.534.

# FGMRES residual history
# Residual tolerance target = 1e-10
# Initial residual norm     = 9.33908e-10
     0     1
# FGMRES final (true) residual:
# Iteration = 4: |res|/|res0| = 9.76863e-12.

Computing volumes of the grid elements.
Non-linear iter.: 450/500. Linear iter.: 4. Min. area: 0.000151846. Error: 9.76863e-12.
Computing volumes of the grid elements.
Min. volume: 0.000151846, max. volume: 36.534.

# FGMRES residual history
# Residual tolerance target = 1e-10
# Initial residual norm     = 9.33903e-10
     0     1
# FGMRES final (true) residual:
# Iteration = 4: |res|/|res0| = 9.76867e-12.

Computing volumes of the grid elements.
Non-linear iter.: 451/500. Linear iter.: 4. Min. area: 0.000151846. Error: 9.76867e-12.
Computing volumes of the grid elements.
Min. volume: 0.000151846, max. volume: 36.534.

# FGMRES residual history
# Residual tolerance target = 1e-10
# Initial residual norm     = 9.33898e-10
     0     1
# FGMRES final (true) residual:
# Iteration = 4: |res|/|res0| = 9.76871e-12.

Computing volumes of the grid elements.
Non-linear iter.: 452/500. Linear iter.: 4. Min. area: 0.000151846. Error: 9.76871e-12.
Computing volumes of the grid elements.
Min. volume: 0.000151846, max. volume: 36.534.

# FGMRES residual history
# Residual tolerance target = 1e-10
# Initial residual norm     = 9.33894e-10
     0     1
# FGMRES final (true) residual:
# Iteration = 4: |res|/|res0| = 9.76875e-12.

Computing volumes of the grid elements.
Non-linear iter.: 453/500. Linear iter.: 4. Min. area: 0.000151846. Error: 9.76875e-12.
Computing volumes of the grid elements.
Min. volume: 0.000151846, max. volume: 36.534.

# FGMRES residual history
# Residual tolerance target = 1e-10
# Initial residual norm     = 9.33889e-10
     0     1
# FGMRES final (true) residual:
# Iteration = 4: |res|/|res0| = 9.76879e-12.

Computing volumes of the grid elements.
Non-linear iter.: 454/500. Linear iter.: 4. Min. area: 0.000151846. Error: 9.76879e-12.
Computing volumes of the grid elements.
Min. volume: 0.000151846, max. volume: 36.534.

# FGMRES residual history
# Residual tolerance target = 1e-10
# Initial residual norm     = 9.33884e-10
     0     1
# FGMRES final (true) residual:
# Iteration = 4: |res|/|res0| = 9.76883e-12.

Computing volumes of the grid elements.
Non-linear iter.: 455/500. Linear iter.: 4. Min. area: 0.000151846. Error: 9.76883e-12.
Computing volumes of the grid elements.
Min. volume: 0.000151846, max. volume: 36.534.

# FGMRES residual history
# Residual tolerance target = 1e-10
# Initial residual norm     = 9.33879e-10
     0     1
# FGMRES final (true) residual:
# Iteration = 4: |res|/|res0| = 9.76887e-12.

Computing volumes of the grid elements.
Non-linear iter.: 456/500. Linear iter.: 4. Min. area: 0.000151846. Error: 9.76887e-12.
Computing volumes of the grid elements.
Min. volume: 0.000151846, max. volume: 36.534.

# FGMRES residual history
# Residual tolerance target = 1e-10
# Initial residual norm     = 9.33874e-10
     0     1
# FGMRES final (true) residual:
# Iteration = 4: |res|/|res0| = 9.76891e-12.

Computing volumes of the grid elements.
Non-linear iter.: 457/500. Linear iter.: 4. Min. area: 0.000151846. Error: 9.76891e-12.
Computing volumes of the grid elements.
Min. volume: 0.000151846, max. volume: 36.534.

# FGMRES residual history
# Residual tolerance target = 1e-10
# Initial residual norm     = 9.33869e-10
     0     1
# FGMRES final (true) residual:
# Iteration = 4: |res|/|res0| = 9.76895e-12.

Computing volumes of the grid elements.
Non-linear iter.: 458/500. Linear iter.: 4. Min. area: 0.000151846. Error: 9.76895e-12.
Computing volumes of the grid elements.
Min. volume: 0.000151846, max. volume: 36.534.

# FGMRES residual history
# Residual tolerance target = 1e-10
# Initial residual norm     = 9.33864e-10
     0     1
# FGMRES final (true) residual:
# Iteration = 4: |res|/|res0| = 9.76899e-12.

Computing volumes of the grid elements.
Non-linear iter.: 459/500. Linear iter.: 4. Min. area: 0.000151846. Error: 9.76899e-12.
Computing volumes of the grid elements.
Min. volume: 0.000151846, max. volume: 36.534.

# FGMRES residual history
# Residual tolerance target = 1e-10
# Initial residual norm     = 9.33859e-10
     0     1
# FGMRES final (true) residual:
# Iteration = 4: |res|/|res0| = 9.76903e-12.

Computing volumes of the grid elements.
Non-linear iter.: 460/500. Linear iter.: 4. Min. area: 0.000151846. Error: 9.76903e-12.
Computing volumes of the grid elements.
Min. volume: 0.000151846, max. volume: 36.534.

# FGMRES residual history
# Residual tolerance target = 1e-10
# Initial residual norm     = 9.33855e-10
     0     1
# FGMRES final (true) residual:
# Iteration = 4: |res|/|res0| = 9.76907e-12.

Computing volumes of the grid elements.
Non-linear iter.: 461/500. Linear iter.: 4. Min. area: 0.000151846. Error: 9.76907e-12.
Computing volumes of the grid elements.
Min. volume: 0.000151846, max. volume: 36.534.

# FGMRES residual history
# Residual tolerance target = 1e-10
# Initial residual norm     = 9.3385e-10
     0     1
# FGMRES final (true) residual:
# Iteration = 4: |res|/|res0| = 9.76911e-12.

Computing volumes of the grid elements.
Non-linear iter.: 462/500. Linear iter.: 4. Min. area: 0.000151846. Error: 9.76911e-12.
Computing volumes of the grid elements.
Min. volume: 0.000151846, max. volume: 36.534.

# FGMRES residual history
# Residual tolerance target = 1e-10
# Initial residual norm     = 9.33845e-10
     0     1
# FGMRES final (true) residual:
# Iteration = 4: |res|/|res0| = 9.76915e-12.

Computing volumes of the grid elements.
Non-linear iter.: 463/500. Linear iter.: 4. Min. area: 0.000151846. Error: 9.76915e-12.
Computing volumes of the grid elements.
Min. volume: 0.000151846, max. volume: 36.534.

# FGMRES residual history
# Residual tolerance target = 1e-10
# Initial residual norm     = 9.3384e-10
     0     1
# FGMRES final (true) residual:
# Iteration = 4: |res|/|res0| = 9.76919e-12.

Computing volumes of the grid elements.
Non-linear iter.: 464/500. Linear iter.: 4. Min. area: 0.000151846. Error: 9.76919e-12.
Computing volumes of the grid elements.
Min. volume: 0.000151846, max. volume: 36.534.

# FGMRES residual history
# Residual tolerance target = 1e-10
# Initial residual norm     = 9.33835e-10
     0     1
# FGMRES final (true) residual:
# Iteration = 4: |res|/|res0| = 9.76923e-12.

Computing volumes of the grid elements.
Non-linear iter.: 465/500. Linear iter.: 4. Min. area: 0.000151846. Error: 9.76923e-12.
Computing volumes of the grid elements.
Min. volume: 0.000151846, max. volume: 36.534.

# FGMRES residual history
# Residual tolerance target = 1e-10
# Initial residual norm     = 9.3383e-10
     0     1
# FGMRES final (true) residual:
# Iteration = 4: |res|/|res0| = 9.76927e-12.

Computing volumes of the grid elements.
Non-linear iter.: 466/500. Linear iter.: 4. Min. area: 0.000151846. Error: 9.76927e-12.
Computing volumes of the grid elements.
Min. volume: 0.000151846, max. volume: 36.534.

# FGMRES residual history
# Residual tolerance target = 1e-10
# Initial residual norm     = 9.33825e-10
     0     1
# FGMRES final (true) residual:
# Iteration = 4: |res|/|res0| = 9.76931e-12.

Computing volumes of the grid elements.
Non-linear iter.: 467/500. Linear iter.: 4. Min. area: 0.000151846. Error: 9.76931e-12.
Computing volumes of the grid elements.
Min. volume: 0.000151846, max. volume: 36.534.

# FGMRES residual history
# Residual tolerance target = 1e-10
# Initial residual norm     = 9.33821e-10
     0     1
# FGMRES final (true) residual:
# Iteration = 4: |res|/|res0| = 9.76935e-12.

Computing volumes of the grid elements.
Non-linear iter.: 468/500. Linear iter.: 4. Min. area: 0.000151846. Error: 9.76935e-12.
Computing volumes of the grid elements.
Min. volume: 0.000151846, max. volume: 36.534.

# FGMRES residual history
# Residual tolerance target = 1e-10
# Initial residual norm     = 9.33816e-10
     0     1
# FGMRES final (true) residual:
# Iteration = 4: |res|/|res0| = 9.76939e-12.

Computing volumes of the grid elements.
Non-linear iter.: 469/500. Linear iter.: 4. Min. area: 0.000151846. Error: 9.76939e-12.
Computing volumes of the grid elements.
Min. volume: 0.000151846, max. volume: 36.534.

# FGMRES residual history
# Residual tolerance target = 1e-10
# Initial residual norm     = 9.33811e-10
     0     1
# FGMRES final (true) residual:
# Iteration = 4: |res|/|res0| = 9.76943e-12.

Computing volumes of the grid elements.
Non-linear iter.: 470/500. Linear iter.: 4. Min. area: 0.000151846. Error: 9.76943e-12.
Computing volumes of the grid elements.
Min. volume: 0.000151846, max. volume: 36.534.

# FGMRES residual history
# Residual tolerance target = 1e-10
# Initial residual norm     = 9.33806e-10
     0     1
# FGMRES final (true) residual:
# Iteration = 4: |res|/|res0| = 9.76947e-12.

Computing volumes of the grid elements.
Non-linear iter.: 471/500. Linear iter.: 4. Min. area: 0.000151846. Error: 9.76947e-12.
Computing volumes of the grid elements.
Min. volume: 0.000151846, max. volume: 36.534.

# FGMRES residual history
# Residual tolerance target = 1e-10
# Initial residual norm     = 9.33801e-10
     0     1
# FGMRES final (true) residual:
# Iteration = 4: |res|/|res0| = 9.76951e-12.

Computing volumes of the grid elements.
Non-linear iter.: 472/500. Linear iter.: 4. Min. area: 0.000151846. Error: 9.76951e-12.
Computing volumes of the grid elements.
Min. volume: 0.000151846, max. volume: 36.534.

# FGMRES residual history
# Residual tolerance target = 1e-10
# Initial residual norm     = 9.33796e-10
     0     1
# FGMRES final (true) residual:
# Iteration = 4: |res|/|res0| = 9.76955e-12.

Computing volumes of the grid elements.
Non-linear iter.: 473/500. Linear iter.: 4. Min. area: 0.000151846. Error: 9.76955e-12.
Computing volumes of the grid elements.
Min. volume: 0.000151846, max. volume: 36.534.

# FGMRES residual history
# Residual tolerance target = 1e-10
# Initial residual norm     = 9.33791e-10
     0     1
# FGMRES final (true) residual:
# Iteration = 4: |res|/|res0| = 9.76959e-12.

Computing volumes of the grid elements.
Non-linear iter.: 474/500. Linear iter.: 4. Min. area: 0.000151846. Error: 9.76959e-12.
Computing volumes of the grid elements.
Min. volume: 0.000151846, max. volume: 36.534.

# FGMRES residual history
# Residual tolerance target = 1e-10
# Initial residual norm     = 9.33786e-10
     0     1
# FGMRES final (true) residual:
# Iteration = 4: |res|/|res0| = 9.76963e-12.

Computing volumes of the grid elements.
Non-linear iter.: 475/500. Linear iter.: 4. Min. area: 0.000151846. Error: 9.76963e-12.
Computing volumes of the grid elements.
Min. volume: 0.000151846, max. volume: 36.534.

# FGMRES residual history
# Residual tolerance target = 1e-10
# Initial residual norm     = 9.33782e-10
     0     1
# FGMRES final (true) residual:
# Iteration = 4: |res|/|res0| = 9.76967e-12.

Computing volumes of the grid elements.
Non-linear iter.: 476/500. Linear iter.: 4. Min. area: 0.000151846. Error: 9.76967e-12.
Computing volumes of the grid elements.
Min. volume: 0.000151846, max. volume: 36.534.

# FGMRES residual history
# Residual tolerance target = 1e-10
# Initial residual norm     = 9.33777e-10
     0     1
# FGMRES final (true) residual:
# Iteration = 4: |res|/|res0| = 9.76971e-12.

Computing volumes of the grid elements.
Non-linear iter.: 477/500. Linear iter.: 4. Min. area: 0.000151846. Error: 9.76971e-12.
Computing volumes of the grid elements.
Min. volume: 0.000151846, max. volume: 36.534.

# FGMRES residual history
# Residual tolerance target = 1e-10
# Initial residual norm     = 9.33772e-10
     0     1
# FGMRES final (true) residual:
# Iteration = 4: |res|/|res0| = 9.76975e-12.

Computing volumes of the grid elements.
Non-linear iter.: 478/500. Linear iter.: 4. Min. area: 0.000151846. Error: 9.76975e-12.
Computing volumes of the grid elements.
Min. volume: 0.000151846, max. volume: 36.534.

# FGMRES residual history
# Residual tolerance target = 1e-10
# Initial residual norm     = 9.33767e-10
     0     1
# FGMRES final (true) residual:
# Iteration = 4: |res|/|res0| = 9.76979e-12.

Computing volumes of the grid elements.
Non-linear iter.: 479/500. Linear iter.: 4. Min. area: 0.000151846. Error: 9.76979e-12.
Computing volumes of the grid elements.
Min. volume: 0.000151846, max. volume: 36.534.

# FGMRES residual history
# Residual tolerance target = 1e-10
# Initial residual norm     = 9.33762e-10
     0     1
# FGMRES final (true) residual:
# Iteration = 4: |res|/|res0| = 9.76983e-12.

Computing volumes of the grid elements.
Non-linear iter.: 480/500. Linear iter.: 4. Min. area: 0.000151846. Error: 9.76983e-12.
Computing volumes of the grid elements.
Min. volume: 0.000151846, max. volume: 36.534.

# FGMRES residual history
# Residual tolerance target = 1e-10
# Initial residual norm     = 9.33757e-10
     0     1
# FGMRES final (true) residual:
# Iteration = 4: |res|/|res0| = 9.76987e-12.

Computing volumes of the grid elements.
Non-linear iter.: 481/500. Linear iter.: 4. Min. area: 0.000151846. Error: 9.76987e-12.
Computing volumes of the grid elements.
Min. volume: 0.000151846, max. volume: 36.534.

# FGMRES residual history
# Residual tolerance target = 1e-10
# Initial residual norm     = 9.33752e-10
     0     1
# FGMRES final (true) residual:
# Iteration = 4: |res|/|res0| = 9.76991e-12.

Computing volumes of the grid elements.
Non-linear iter.: 482/500. Linear iter.: 4. Min. area: 0.000151846. Error: 9.76991e-12.
Computing volumes of the grid elements.
Min. volume: 0.000151846, max. volume: 36.534.

# FGMRES residual history
# Residual tolerance target = 1e-10
# Initial residual norm     = 9.33747e-10
     0     1
# FGMRES final (true) residual:
# Iteration = 4: |res|/|res0| = 9.76995e-12.

Computing volumes of the grid elements.
Non-linear iter.: 483/500. Linear iter.: 4. Min. area: 0.000151846. Error: 9.76995e-12.
Computing volumes of the grid elements.
Min. volume: 0.000151846, max. volume: 36.534.

# FGMRES residual history
# Residual tolerance target = 1e-10
# Initial residual norm     = 9.33743e-10
     0     1
# FGMRES final (true) residual:
# Iteration = 4: |res|/|res0| = 9.76999e-12.

Computing volumes of the grid elements.
Non-linear iter.: 484/500. Linear iter.: 4. Min. area: 0.000151846. Error: 9.76999e-12.
Computing volumes of the grid elements.
Min. volume: 0.000151846, max. volume: 36.534.

# FGMRES residual history
# Residual tolerance target = 1e-10
# Initial residual norm     = 9.33738e-10
     0     1
# FGMRES final (true) residual:
# Iteration = 4: |res|/|res0| = 9.77003e-12.

Computing volumes of the grid elements.
Non-linear iter.: 485/500. Linear iter.: 4. Min. area: 0.000151846. Error: 9.77003e-12.
Computing volumes of the grid elements.
Min. volume: 0.000151846, max. volume: 36.534.

# FGMRES residual history
# Residual tolerance target = 1e-10
# Initial residual norm     = 9.33733e-10
     0     1
# FGMRES final (true) residual:
# Iteration = 4: |res|/|res0| = 9.77007e-12.

Computing volumes of the grid elements.
Non-linear iter.: 486/500. Linear iter.: 4. Min. area: 0.000151846. Error: 9.77007e-12.
Computing volumes of the grid elements.
Min. volume: 0.000151846, max. volume: 36.534.

# FGMRES residual history
# Residual tolerance target = 1e-10
# Initial residual norm     = 9.33728e-10
     0     1
# FGMRES final (true) residual:
# Iteration = 4: |res|/|res0| = 9.77011e-12.

Computing volumes of the grid elements.
Non-linear iter.: 487/500. Linear iter.: 4. Min. area: 0.000151846. Error: 9.77011e-12.
Computing volumes of the grid elements.
Min. volume: 0.000151846, max. volume: 36.534.

# FGMRES residual history
# Residual tolerance target = 1e-10
# Initial residual norm     = 9.33723e-10
     0     1
# FGMRES final (true) residual:
# Iteration = 4: |res|/|res0| = 9.77015e-12.

Computing volumes of the grid elements.
Non-linear iter.: 488/500. Linear iter.: 4. Min. area: 0.000151846. Error: 9.77015e-12.
Computing volumes of the grid elements.
Min. volume: 0.000151846, max. volume: 36.534.

# FGMRES residual history
# Residual tolerance target = 1e-10
# Initial residual norm     = 9.33718e-10
     0     1
# FGMRES final (true) residual:
# Iteration = 4: |res|/|res0| = 9.77019e-12.

Computing volumes of the grid elements.
Non-linear iter.: 489/500. Linear iter.: 4. Min. area: 0.000151846. Error: 9.77019e-12.
Computing volumes of the grid elements.
Min. volume: 0.000151846, max. volume: 36.534.

# FGMRES residual history
# Residual tolerance target = 1e-10
# Initial residual norm     = 9.33713e-10
     0     1
# FGMRES final (true) residual:
# Iteration = 4: |res|/|res0| = 9.77023e-12.

Computing volumes of the grid elements.
Non-linear iter.: 490/500. Linear iter.: 4. Min. area: 0.000151846. Error: 9.77023e-12.
Computing volumes of the grid elements.
Min. volume: 0.000151846, max. volume: 36.534.

# FGMRES residual history
# Residual tolerance target = 1e-10
# Initial residual norm     = 9.33708e-10
     0     1
# FGMRES final (true) residual:
# Iteration = 4: |res|/|res0| = 9.77027e-12.

Computing volumes of the grid elements.
Non-linear iter.: 491/500. Linear iter.: 4. Min. area: 0.000151846. Error: 9.77027e-12.
Computing volumes of the grid elements.
Min. volume: 0.000151846, max. volume: 36.534.

# FGMRES residual history
# Residual tolerance target = 1e-10
# Initial residual norm     = 9.33704e-10
     0     1
# FGMRES final (true) residual:
# Iteration = 4: |res|/|res0| = 9.77031e-12.

Computing volumes of the grid elements.
Non-linear iter.: 492/500. Linear iter.: 4. Min. area: 0.000151846. Error: 9.77031e-12.
Computing volumes of the grid elements.
Min. volume: 0.000151846, max. volume: 36.534.

# FGMRES residual history
# Residual tolerance target = 1e-10
# Initial residual norm     = 9.33699e-10
     0     1
# FGMRES final (true) residual:
# Iteration = 4: |res|/|res0| = 9.77035e-12.

Computing volumes of the grid elements.
Non-linear iter.: 493/500. Linear iter.: 4. Min. area: 0.000151846. Error: 9.77035e-12.
Computing volumes of the grid elements.
Min. volume: 0.000151846, max. volume: 36.534.

# FGMRES residual history
# Residual tolerance target = 1e-10
# Initial residual norm     = 9.33694e-10
     0     1
# FGMRES final (true) residual:
# Iteration = 4: |res|/|res0| = 9.77039e-12.

Computing volumes of the grid elements.
Non-linear iter.: 494/500. Linear iter.: 4. Min. area: 0.000151846. Error: 9.77039e-12.
Computing volumes of the grid elements.
Min. volume: 0.000151846, max. volume: 36.534.

# FGMRES residual history
# Residual tolerance target = 1e-10
# Initial residual norm     = 9.33689e-10
     0     1
# FGMRES final (true) residual:
# Iteration = 4: |res|/|res0| = 9.77043e-12.

Computing volumes of the grid elements.
Non-linear iter.: 495/500. Linear iter.: 4. Min. area: 0.000151846. Error: 9.77043e-12.
Computing volumes of the grid elements.
Min. volume: 0.000151846, max. volume: 36.534.

# FGMRES residual history
# Residual tolerance target = 1e-10
# Initial residual norm     = 9.33684e-10
     0     1
# FGMRES final (true) residual:
# Iteration = 4: |res|/|res0| = 9.77047e-12.

Computing volumes of the grid elements.
Non-linear iter.: 496/500. Linear iter.: 4. Min. area: 0.000151846. Error: 9.77047e-12.
Computing volumes of the grid elements.
Min. volume: 0.000151846, max. volume: 36.534.

# FGMRES residual history
# Residual tolerance target = 1e-10
# Initial residual norm     = 9.33679e-10
     0     1
# FGMRES final (true) residual:
# Iteration = 4: |res|/|res0| = 9.77051e-12.

Computing volumes of the grid elements.
Non-linear iter.: 497/500. Linear iter.: 4. Min. area: 0.000151846. Error: 9.77051e-12.
Computing volumes of the grid elements.
Min. volume: 0.000151846, max. volume: 36.534.

# FGMRES residual history
# Residual tolerance target = 1e-10
# Initial residual norm     = 9.33674e-10
     0     1
# FGMRES final (true) residual:
# Iteration = 4: |res|/|res0| = 9.77055e-12.

Computing volumes of the grid elements.
Non-linear iter.: 498/500. Linear iter.: 4. Min. area: 0.000151846. Error: 9.77055e-12.
Computing volumes of the grid elements.
Min. volume: 0.000151846, max. volume: 36.5339.

# FGMRES residual history
# Residual tolerance target = 1e-10
# Initial residual norm     = 9.33669e-10
     0     1
# FGMRES final (true) residual:
# Iteration = 4: |res|/|res0| = 9.77059e-12.

Computing volumes of the grid elements.
Non-linear iter.: 499/500. Linear iter.: 4. Min. area: 0.000151846. Error: 9.77059e-12.
Computing volumes of the grid elements.
Min. volume: 0.000151846, max. volume: 36.5339.

# FGMRES residual history
# Residual tolerance target = 1e-10
# Initial residual norm     = 9.33665e-10
     0     1
# FGMRES final (true) residual:
# Iteration = 4: |res|/|res0| = 9.77063e-12.

Computing volumes of the grid elements.
Non-linear iter.: 500/500. Linear iter.: 4. Min. area: 0.000151846. Error: 9.77063e-12.

Completed in 0.120187 seconds on 1 core.

----------------------- Write deformed grid files -----------------------
|SU2 mesh                           |mesh_deformed.su2                  |
Adding any FFD information to the SU2 file.

------------------------- Finalize Solver -------------------------
Deleted CNumerics container.
Deleted CSolver container.
Deleted CGeometry container.
Deleted CSurfaceMovement class.
Deleted CVolumetricMovement class.
Deleted CConfig container.
Deleted COutput class.

------------------------- Exit Success (SU2_DEF) ------------------------

