
-------------------------------------------------------------------------
|    ___ _   _ ___                                                      |
|   / __| | | |_  )   Release 8.4.0 "Harrier"                           |
|   \__ \ |_| |/ /                                                      |
|   |___/\___//___|   Suite (Mesh Deformation Code)                     |
|                                                                       |
-------------------------------------------------------------------------
| SU2 Project Website: https://su2code.github.io                        |
|                                                                       |
| The SU2 Project is maintained by the SU2 Foundation                   |
| (http://su2foundation.org)                                            |
-------------------------------------------------------------------------
| Copyright 2012-2026, SU2 Contributors                                 |
|                                                                       |
| SU2 is free software; you can redistribute it and/or                  |
| modify it under the terms of the GNU Lesser General Public            |
| License as published by the Free Software Foundation; either          |
| version 2.1 of the License, or (at your option) any later version.    |
|                                                                       |
| SU2 is distributed in the hope that it will be useful,                |
| but WITHOUT ANY WARRANTY; without even the implied warranty of        |
| MERCHANTABILITY or FITNESS FOR A PARTICULAR PURPOSE. See the GNU      |
| Lesser General Public License for more details.                       |
|                                                                       |
| You should have received a copy of the GNU Lesser General Public      |
| License along with SU2. If not, see <http://www.gnu.org/licenses/>.   |
-------------------------------------------------------------------------

----------------- Physical Case Definition ( Zone 0 ) -------------------
Input mesh file name: mesh_original.su2

---------------- Grid deformation parameters ( Zone 0 )  ----------------
Grid deformation using linear elasticity method.


-------------------- Output Information ( Zone 0 ) ----------------------
Output mesh file name: mesh_deformed.su2. 
Cell stiffness scaled by inverse of the cell volume.

------------- Config File Boundary Information ( Zone 0 ) ---------------
+-----------------------------------------------------------------------+
|                        Marker Type|                        Marker Name|
+-----------------------------------------------------------------------+
|                          Far-field|                           farfield|
+-----------------------------------------------------------------------+
|                     Heat flux wall|                            airfoil|
+-----------------------------------------------------------------------+
Two dimensional problem.
222 grid points.
235 volume elements.
2 surface markers.
50 boundary elements in index 0 (Marker = farfield).
159 boundary elements in index 1 (Marker = airfoil).
235 triangles.

----------------------- Preprocessing computations ----------------------
Setting local point connectivity.
Checking the numerical grid orientation of the interior elements.
All volume elements are correctly oriented.
There has been a re-orientation of 159 LINE surface elements.
Identify edges and vertices.
Setting the bound control volume structure.
Area of the computational grid: 599.943.
  Info: Ignoring the following volume output fields/groups:
  SOLUTION
Volume output fields: COORDINATES
Screen output fields: 
History output group(s): 
Warning: No (valid) fields chosen for convergence monitoring. Convergence monitoring inactive.
Warning: No (valid) fields chosen for time convergence monitoring. Time convergence monitoring inactive.

--------------------- Surface grid deformation (ZONE 0) -----------------
Performing the deformation of the surface grid.
Updating the surface coordinates from the input file.

------------------- Volumetric grid deformation (ZONE 0) ----------------
Performing the deformation of the volumetric grid.
Computing volumes of the grid elements.
Min. volume: 0.000151846, max. volume: 36.535.

# FGMRES residual history
# Residual tolerance target = 1e-10
# Initial residual norm     = 6.24451e-10
     0     1
# FGMRES final (true) residual:
# Iteration = 4: |res|/|res0| = 1.81464e-12.

Computing volumes of the grid elements.
Non-linear iter.: 1/500. Linear iter.: 4. Min. area: 0.000151846. Error: 1.81464e-12.
Computing volumes of the grid elements.
Min. volume: 0.000151846, max. volume: 36.535.

# FGMRES residual history
# Residual tolerance target = 1e-10
# Initial residual norm     = 6.2445e-10
     0     1
# FGMRES final (true) residual:
# Iteration = 4: |res|/|res0| = 1.81464e-12.

Computing volumes of the grid elements.
Non-linear iter.: 2/500. Linear iter.: 4. Min. area: 0.000151846. Error: 1.81464e-12.
Computing volumes of the grid elements.
Min. volume: 0.000151846, max. volume: 36.535.

# FGMRES residual history
# Residual tolerance target = 1e-10
# Initial residual norm     = 6.24449e-10
     0     1
# FGMRES final (true) residual:
# Iteration = 4: |res|/|res0| = 1.81464e-12.

Computing volumes of the grid elements.
Non-linear iter.: 3/500. Linear iter.: 4. Min. area: 0.000151846. Error: 1.81464e-12.
Computing volumes of the grid elements.
Min. volume: 0.000151846, max. volume: 36.535.

# FGMRES residual history
# Residual tolerance target = 1e-10
# Initial residual norm     = 6.24447e-10
     0     1
# FGMRES final (true) residual:
# Iteration = 4: |res|/|res0| = 1.81464e-12.

Computing volumes of the grid elements.
Non-linear iter.: 4/500. Linear iter.: 4. Min. area: 0.000151846. Error: 1.81464e-12.
Computing volumes of the grid elements.
Min. volume: 0.000151846, max. volume: 36.535.

# FGMRES residual history
# Residual tolerance target = 1e-10
# Initial residual norm     = 6.24446e-10
     0     1
# FGMRES final (true) residual:
# Iteration = 4: |res|/|res0| = 1.81464e-12.

Computing volumes of the grid elements.
Non-linear iter.: 5/500. Linear iter.: 4. Min. area: 0.000151846. Error: 1.81464e-12.
Computing volumes of the grid elements.
Min. volume: 0.000151846, max. volume: 36.535.

# FGMRES residual history
# Residual tolerance target = 1e-10
# Initial residual norm     = 6.24445e-10
     0     1
# FGMRES final (true) residual:
# Iteration = 4: |res|/|res0| = 1.81465e-12.

Computing volumes of the grid elements.
Non-linear iter.: 6/500. Linear iter.: 4. Min. area: 0.000151846. Error: 1.81465e-12.
Computing volumes of the grid elements.
Min. volume: 0.000151846, max. volume: 36.535.

# FGMRES residual history
# Residual tolerance target = 1e-10
# Initial residual norm     = 6.24443e-10
     0     1
# FGMRES final (true) residual:
# Iteration = 4: |res|/|res0| = 1.81465e-12.

Computing volumes of the grid elements.
Non-linear iter.: 7/500. Linear iter.: 4. Min. area: 0.000151846. Error: 1.81465e-12.
Computing volumes of the grid elements.
Min. volume: 0.000151846, max. volume: 36.535.

# FGMRES residual history
# Residual tolerance target = 1e-10
# Initial residual norm     = 6.24442e-10
     0     1
# FGMRES final (true) residual:
# Iteration = 4: |res|/|res0| = 1.81465e-12.

Computing volumes of the grid elements.
Non-linear iter.: 8/500. Linear iter.: 4. Min. area: 0.000151846. Error: 1.81465e-12.
Computing volumes of the grid elements.
Min. volume: 0.000151846, max. volume: 36.535.

# FGMRES residual history
# Residual tolerance target = 1e-10
# Initial residual norm     = 6.24441e-10
     0     1
# FGMRES final (true) residual:
# Iteration = 4: |res|/|res0| = 1.81465e-12.

Computing volumes of the grid elements.
Non-linear iter.: 9/500. Linear iter.: 4. Min. area: 0.000151846. Error: 1.81465e-12.
Computing volumes of the grid elements.
Min. volume: 0.000151846, max. volume: 36.535.

# FGMRES residual history
# Residual tolerance target = 1e-10
# Initial residual norm     = 6.24439e-10
     0     1
# FGMRES final (true) residual:
# Iteration = 4: |res|/|res0| = 1.81465e-12.

Computing volumes of the grid elements.
Non-linear iter.: 10/500. Linear iter.: 4. Min. area: 0.000151846. Error: 1.81465e-12.
Computing volumes of the grid elements.
Min. volume: 0.000151846, max. volume: 36.535.

# FGMRES residual history
# Residual tolerance target = 1e-10
# Initial residual norm     = 6.24438e-10
     0     1
# FGMRES final (true) residual:
# Iteration = 4: |res|/|res0| = 1.81465e-12.

Computing volumes of the grid elements.
Non-linear iter.: 11/500. Linear iter.: 4. Min. area: 0.000151846. Error: 1.81465e-12.
Computing volumes of the grid elements.
Min. volume: 0.000151846, max. volume: 36.535.

# FGMRES residual history
# Residual tolerance target = 1e-10
# Initial residual norm     = 6.24437e-10
     0     1
# FGMRES final (true) residual:
# Iteration = 4: |res|/|res0| = 1.81465e-12.

Computing volumes of the grid elements.
Non-linear iter.: 12/500. Linear iter.: 4. Min. area: 0.000151846. Error: 1.81465e-12.
Computing volumes of the grid elements.
Min. volume: 0.000151846, max. volume: 36.5349.

# FGMRES residual history
# Residual tolerance target = 1e-10
# Initial residual norm     = 6.24436e-10
     0     1
# FGMRES final (true) residual:
# Iteration = 4: |res|/|res0| = 1.81465e-12.

Computing volumes of the grid elements.
Non-linear iter.: 13/500. Linear iter.: 4. Min. area: 0.000151846. Error: 1.81465e-12.
Computing volumes of the grid elements.
Min. volume: 0.000151846, max. volume: 36.5349.

# FGMRES residual history
# Residual tolerance target = 1e-10
# Initial residual norm     = 6.24434e-10
     0     1
# FGMRES final (true) residual:
# Iteration = 4: |res|/|res0| = 1.81466e-12.

Computing volumes of the grid elements.
Non-linear iter.: 14/500. Linear iter.: 4. Min. area: 0.000151846. Error: 1.81466e-12.
Computing volumes of the grid elements.
Min. volume: 0.000151846, max. volume: 36.5349.

# FGMRES residual history
# Residual tolerance target = 1e-10
# Initial residual norm     = 6.24433e-10
     0     1
# FGMRES final (true) residual:
# Iteration = 4: |res|/|res0| = 1.81466e-12.

Computing volumes of the grid elements.
Non-linear iter.: 15/500. Linear iter.: 4. Min. area: 0.000151846. Error: 1.81466e-12.
Computing volumes of the grid elements.
Min. volume: 0.000151846, max. volume: 36.5349.

# FGMRES residual history
# Residual tolerance target = 1e-10
# Initial residual norm     = 6.24432e-10
     0     1
# FGMRES final (true) residual:
# Iteration = 4: |res|/|res0| = 1.81466e-12.

Computing volumes of the grid elements.
Non-linear iter.: 16/500. Linear iter.: 4. Min. area: 0.000151846. Error: 1.81466e-12.
Computing volumes of the grid elements.
Min. volume: 0.000151846, max. volume: 36.5349.

# FGMRES residual history
# Residual tolerance target = 1e-10
# Initial residual norm     = 6.2443e-10
     0     1
# FGMRES final (true) residual:
# Iteration = 4: |res|/|res0| = 1.81466e-12.

Computing volumes of the grid elements.
Non-linear iter.: 17/500. Linear iter.: 4. Min. area: 0.000151846. Error: 1.81466e-12.
Computing volumes of the grid elements.
Min. volume: 0.000151846, max. volume: 36.5349.

# FGMRES residual history
# Residual tolerance target = 1e-10
# Initial residual norm     = 6.24429e-10
     0     1
# FGMRES final (true) residual:
# Iteration = 4: |res|/|res0| = 1.81466e-12.

Computing volumes of the grid elements.
Non-linear iter.: 18/500. Linear iter.: 4. Min. area: 0.000151846. Error: 1.81466e-12.
Computing volumes of the grid elements.
Min. volume: 0.000151846, max. volume: 36.5349.

# FGMRES residual history
# Residual tolerance target = 1e-10
# Initial residual norm     = 6.24428e-10
     0     1
# FGMRES final (true) residual:
# Iteration = 4: |res|/|res0| = 1.81466e-12.

Computing volumes of the grid elements.
Non-linear iter.: 19/500. Linear iter.: 4. Min. area: 0.000151846. Error: 1.81466e-12.
Computing volumes of the grid elements.
Min. volume: 0.000151846, max. volume: 36.5349.

# FGMRES residual history
# Residual tolerance target = 1e-10
# Initial residual norm     = 6.24426e-10
     0     1
# FGMRES final (true) residual:
# Iteration = 4: |res|/|res0| = 1.81466e-12.

Computing volumes of the grid elements.
Non-linear iter.: 20/500. Linear iter.: 4. Min. area: 0.000151846. Error: 1.81466e-12.
Computing volumes of the grid elements.
Min. volume: 0.000151846, max. volume: 36.5349.

# FGMRES residual history
# Residual tolerance target = 1e-10
# Initial residual norm     = 6.24425e-10
     0     1
# FGMRES final (true) residual:
# Iteration = 4: |res|/|res0| = 1.81466e-12.

Computing volumes of the grid elements.
Non-linear iter.: 21/500. Linear iter.: 4. Min. area: 0.000151846. Error: 1.81466e-12.
Computing volumes of the grid elements.
Min. volume: 0.000151846, max. volume: 36.5349.

# FGMRES residual history
# Residual tolerance target = 1e-10
# Initial residual norm     = 6.24424e-10
     0     1
# FGMRES final (true) residual:
# Iteration = 4: |res|/|res0| = 1.81467e-12.

Computing volumes of the grid elements.
Non-linear iter.: 22/500. Linear iter.: 4. Min. area: 0.000151846. Error: 1.81467e-12.
Computing volumes of the grid elements.
Min. volume: 0.000151846, max. volume: 36.5349.

# FGMRES residual history
# Residual tolerance target = 1e-10
# Initial residual norm     = 6.24422e-10
     0     1
# FGMRES final (true) residual:
# Iteration = 4: |res|/|res0| = 1.81467e-12.

Computing volumes of the grid elements.
Non-linear iter.: 23/500. Linear iter.: 4. Min. area: 0.000151846. Error: 1.81467e-12.
Computing volumes of the grid elements.
Min. volume: 0.000151846, max. volume: 36.5349.

# FGMRES residual history
# Residual tolerance target = 1e-10
# Initial residual norm     = 6.24421e-10
     0     1
# FGMRES final (true) residual:
# Iteration = 4: |res|/|res0| = 1.81467e-12.

Computing volumes of the grid elements.
Non-linear iter.: 24/500. Linear iter.: 4. Min. area: 0.000151846. Error: 1.81467e-12.
Computing volumes of the grid elements.
Min. volume: 0.000151846, max. volume: 36.5349.

# FGMRES residual history
# Residual tolerance target = 1e-10
# Initial residual norm     = 6.2442e-10
     0     1
# FGMRES final (true) residual:
# Iteration = 4: |res|/|res0| = 1.81467e-12.

Computing volumes of the grid elements.
Non-linear iter.: 25/500. Linear iter.: 4. Min. area: 0.000151846. Error: 1.81467e-12.
Computing volumes of the grid elements.
Min. volume: 0.000151846, max. volume: 36.5349.

# FGMRES residual history
# Residual tolerance target = 1e-10
# Initial residual norm     = 6.24419e-10
     0     1
# FGMRES final (true) residual:
# Iteration = 4: |res|/|res0| = 1.81467e-12.

Computing volumes of the grid elements.
Non-linear iter.: 26/500. Linear iter.: 4. Min. area: 0.000151846. Error: 1.81467e-12.
Computing volumes of the grid elements.
Min. volume: 0.000151846, max. volume: 36.5349.

# FGMRES residual history
# Residual tolerance target = 1e-10
# Initial residual norm     = 6.24417e-10
     0     1
# FGMRES final (true) residual:
# Iteration = 4: |res|/|res0| = 1.81467e-12.

Computing volumes of the grid elements.
Non-linear iter.: 27/500. Linear iter.: 4. Min. area: 0.000151846. Error: 1.81467e-12.
Computing volumes of the grid elements.
Min. volume: 0.000151846, max. volume: 36.5349.

# FGMRES residual history
# Residual tolerance target = 1e-10
# Initial residual norm     = 6.24416e-10
     0     1
# FGMRES final (true) residual:
# Iteration = 4: |res|/|res0| = 1.81467e-12.

Computing volumes of the grid elements.
Non-linear iter.: 28/500. Linear iter.: 4. Min. area: 0.000151846. Error: 1.81467e-12.
Computing volumes of the grid elements.
Min. volume: 0.000151846, max. volume: 36.5349.

# FGMRES residual history
# Residual tolerance target = 1e-10
# Initial residual norm     = 6.24415e-10
     0     1
# FGMRES final (true) residual:
# Iteration = 4: |res|/|res0| = 1.81467e-12.

Computing volumes of the grid elements.
Non-linear iter.: 29/500. Linear iter.: 4. Min. area: 0.000151846. Error: 1.81467e-12.
Computing volumes of the grid elements.
Min. volume: 0.000151846, max. volume: 36.5349.

# FGMRES residual history
# Residual tolerance target = 1e-10
# Initial residual norm     = 6.24413e-10
     0     1
# FGMRES final (true) residual:
# Iteration = 4: |res|/|res0| = 1.81468e-12.

Computing volumes of the grid elements.
Non-linear iter.: 30/500. Linear iter.: 4. Min. area: 0.000151846. Error: 1.81468e-12.
Computing volumes of the grid elements.
Min. volume: 0.000151846, max. volume: 36.5349.

# FGMRES residual history
# Residual tolerance target = 1e-10
# Initial residual norm     = 6.24412e-10
     0     1
# FGMRES final (true) residual:
# Iteration = 4: |res|/|res0| = 1.81468e-12.

Computing volumes of the grid elements.
Non-linear iter.: 31/500. Linear iter.: 4. Min. area: 0.000151846. Error: 1.81468e-12.
Computing volumes of the grid elements.
Min. volume: 0.000151846, max. volume: 36.5349.

# FGMRES residual history
# Residual tolerance target = 1e-10
# Initial residual norm     = 6.24411e-10
     0     1
# FGMRES final (true) residual:
# Iteration = 4: |res|/|res0| = 1.81468e-12.

Computing volumes of the grid elements.
Non-linear iter.: 32/500. Linear iter.: 4. Min. area: 0.000151846. Error: 1.81468e-12.
Computing volumes of the grid elements.
Min. volume: 0.000151846, max. volume: 36.5349.

# FGMRES residual history
# Residual tolerance target = 1e-10
# Initial residual norm     = 6.24409e-10
     0     1
# FGMRES final (true) residual:
# Iteration = 4: |res|/|res0| = 1.81468e-12.

Computing volumes of the grid elements.
Non-linear iter.: 33/500. Linear iter.: 4. Min. area: 0.000151846. Error: 1.81468e-12.
Computing volumes of the grid elements.
Min. volume: 0.000151846, max. volume: 36.5349.

# FGMRES residual history
# Residual tolerance target = 1e-10
# Initial residual norm     = 6.24408e-10
     0     1
# FGMRES final (true) residual:
# Iteration = 4: |res|/|res0| = 1.81468e-12.

Computing volumes of the grid elements.
Non-linear iter.: 34/500. Linear iter.: 4. Min. area: 0.000151846. Error: 1.81468e-12.
Computing volumes of the grid elements.
Min. volume: 0.000151846, max. volume: 36.5349.

# FGMRES residual history
# Residual tolerance target = 1e-10
# Initial residual norm     = 6.24407e-10
     0     1
# FGMRES final (true) residual:
# Iteration = 4: |res|/|res0| = 1.81468e-12.

Computing volumes of the grid elements.
Non-linear iter.: 35/500. Linear iter.: 4. Min. area: 0.000151846. Error: 1.81468e-12.
Computing volumes of the grid elements.
Min. volume: 0.000151846, max. volume: 36.5349.

# FGMRES residual history
# Residual tolerance target = 1e-10
# Initial residual norm     = 6.24406e-10
     0     1
# FGMRES final (true) residual:
# Iteration = 4: |res|/|res0| = 1.81468e-12.

Computing volumes of the grid elements.
Non-linear iter.: 36/500. Linear iter.: 4. Min. area: 0.000151846. Error: 1.81468e-12.
Computing volumes of the grid elements.
Min. volume: 0.000151846, max. volume: 36.5349.

# FGMRES residual history
# Residual tolerance target = 1e-10
# Initial residual norm     = 6.24404e-10
     0     1
# FGMRES final (true) residual:
# Iteration = 4: |res|/|res0| = 1.81468e-12.

Computing volumes of the grid elements.
Non-linear iter.: 37/500. Linear iter.: 4. Min. area: 0.000151846. Error: 1.81468e-12.
Computing volumes of the grid elements.
Min. volume: 0.000151846, max. volume: 36.5349.

# FGMRES residual history
# Residual tolerance target = 1e-10
# Initial residual norm     = 6.24403e-10
     0     1
# FGMRES final (true) residual:
# Iteration = 4: |res|/|res0| = 1.81469e-12.

Computing volumes of the grid elements.
Non-linear iter.: 38/500. Linear iter.: 4. Min. area: 0.000151846. Error: 1.81469e-12.
Computing volumes of the grid elements.
Min. volume: 0.000151846, max. volume: 36.5349.

# FGMRES residual history
# Residual tolerance target = 1e-10
# Initial residual norm     = 6.24402e-10
     0     1
# FGMRES final (true) residual:
# Iteration = 4: |res|/|res0| = 1.81469e-12.

Computing volumes of the grid elements.
Non-linear iter.: 39/500. Linear iter.: 4. Min. area: 0.000151846. Error: 1.81469e-12.
Computing volumes of the grid elements.
Min. volume: 0.000151846, max. volume: 36.5349.

# FGMRES residual history
# Residual tolerance target = 1e-10
# Initial residual norm     = 6.244e-10
     0     1
# FGMRES final (true) residual:
# Iteration = 4: |res|/|res0| = 1.81469e-12.

Computing volumes of the grid elements.
Non-linear iter.: 40/500. Linear iter.: 4. Min. area: 0.000151846. Error: 1.81469e-12.
Computing volumes of the grid elements.
Min. volume: 0.000151846, max. volume: 36.5349.

# FGMRES residual history
# Residual tolerance target = 1e-10
# Initial residual norm     = 6.24399e-10
     0     1
# FGMRES final (true) residual:
# Iteration = 4: |res|/|res0| = 1.81469e-12.

Computing volumes of the grid elements.
Non-linear iter.: 41/500. Linear iter.: 4. Min. area: 0.000151846. Error: 1.81469e-12.
Computing volumes of the grid elements.
Min. volume: 0.000151846, max. volume: 36.5349.

# FGMRES residual history
# Residual tolerance target = 1e-10
# Initial residual norm     = 6.24398e-10
     0     1
# FGMRES final (true) residual:
# Iteration = 4: |res|/|res0| = 1.81469e-12.

Computing volumes of the grid elements.
Non-linear iter.: 42/500. Linear iter.: 4. Min. area: 0.000151846. Error: 1.81469e-12.
Computing volumes of the grid elements.
Min. volume: 0.000151846, max. volume: 36.5349.

# FGMRES residual history
# Residual tolerance target = 1e-10
# Initial residual norm     = 6.24396e-10
     0     1
# FGMRES final (true) residual:
# Iteration = 4: |res|/|res0| = 1.81469e-12.

Computing volumes of the grid elements.
Non-linear iter.: 43/500. Linear iter.: 4. Min. area: 0.000151846. Error: 1.81469e-12.
Computing volumes of the grid elements.
Min. volume: 0.000151846, max. volume: 36.5349.

# FGMRES residual history
# Residual tolerance target = 1e-10
# Initial residual norm     = 6.24395e-10
     0     1
# FGMRES final (true) residual:
# Iteration = 4: |res|/|res0| = 1.81469e-12.

Computing volumes of the grid elements.
Non-linear iter.: 44/500. Linear iter.: 4. Min. area: 0.000151846. Error: 1.81469e-12.
Computing volumes of the grid elements.
Min. volume: 0.000151846, max. volume: 36.5349.

# FGMRES residual history
# Residual tolerance target = 1e-10
# Initial residual norm     = 6.24394e-10
     0     1
# FGMRES final (true) residual:
# Iteration = 4: |res|/|res0| = 1.81469e-12.

Computing volumes of the grid elements.
Non-linear iter.: 45/500. Linear iter.: 4. Min. area: 0.000151846. Error: 1.81469e-12.
Computing volumes of the grid elements.
Min. volume: 0.000151846, max. volume: 36.5349.

# FGMRES residual history
# Residual tolerance target = 1e-10
# Initial residual norm     = 6.24393e-10
     0     1
# FGMRES final (true) residual:
# Iteration = 4: |res|/|res0| = 1.8147e-12.

Computing volumes of the grid elements.
Non-linear iter.: 46/500. Linear iter.: 4. Min. area: 0.000151846. Error: 1.8147e-12.
Computing volumes of the grid elements.
Min. volume: 0.000151846, max. volume: 36.5349.

# FGMRES residual history
# Residual tolerance target = 1e-10
# Initial residual norm     = 6.24391e-10
     0     1
# FGMRES final (true) residual:
# Iteration = 4: |res|/|res0| = 1.8147e-12.

Computing volumes of the grid elements.
Non-linear iter.: 47/500. Linear iter.: 4. Min. area: 0.000151846. Error: 1.8147e-12.
Computing volumes of the grid elements.
Min. volume: 0.000151846, max. volume: 36.5349.

# FGMRES residual history
# Residual tolerance target = 1e-10
# Initial residual norm     = 6.2439e-10
     0     1
# FGMRES final (true) residual:
# Iteration = 4: |res|/|res0| = 1.8147e-12.

Computing volumes of the grid elements.
Non-linear iter.: 48/500. Linear iter.: 4. Min. area: 0.000151846. Error: 1.8147e-12.
Computing volumes of the grid elements.
Min. volume: 0.000151846, max. volume: 36.5349.

# FGMRES residual history
# Residual tolerance target = 1e-10
# Initial residual norm     = 6.24389e-10
     0     1
# FGMRES final (true) residual:
# Iteration = 4: |res|/|res0| = 1.8147e-12.

Computing volumes of the grid elements.
Non-linear iter.: 49/500. Linear iter.: 4. Min. area: 0.000151846. Error: 1.8147e-12.
Computing volumes of the grid elements.
Min. volume: 0.000151846, max. volume: 36.5349.

# FGMRES residual history
# Residual tolerance target = 1e-10
# Initial residual norm     = 6.24387e-10
     0     1
# FGMRES final (true) residual:
# Iteration = 4: |res|/|res0| = 1.8147e-12.

Computing volumes of the grid elements.
Non-linear iter.: 50/500. Linear iter.: 4. Min. area: 0.000151846. Error: 1.8147e-12.
Computing volumes of the grid elements.
Min. volume: 0.000151846, max. volume: 36.5349.

# FGMRES residual history
# Residual tolerance target = 1e-10
# Initial residual norm     = 6.24386e-10
     0     1
# FGMRES final (true) residual:
# Iteration = 4: |res|/|res0| = 1.8147e-12.

Computing volumes of the grid elements.
Non-linear iter.: 51/500. Linear iter.: 4. Min. area: 0.000151846. Error: 1.8147e-12.
Computing volumes of the grid elements.
Min. volume: 0.000151846, max. volume: 36.5349.

# FGMRES residual history
# Residual tolerance target = 1e-10
# Initial residual norm     = 6.24385e-10
     0     1
# FGMRES final (true) residual:
# Iteration = 4: |res|/|res0| = 1.8147e-12.

Computing volumes of the grid elements.
Non-linear iter.: 52/500. Linear iter.: 4. Min. area: 0.000151846. Error: 1.8147e-12.
Computing volumes of the grid elements.
Min. volume: 0.000151846, max. volume: 36.5349.

# FGMRES residual history
# Residual tolerance target = 1e-10
# Initial residual norm     = 6.24383e-10
     0     1
# FGMRES final (true) residual:
# Iteration = 4: |res|/|res0| = 1.8147e-12.

Computing volumes of the grid elements.
Non-linear iter.: 53/500. Linear iter.: 4. Min. area: 0.000151846. Error: 1.8147e-12.
Computing volumes of the grid elements.
Min. volume: 0.000151846, max. volume: 36.5349.

# FGMRES residual history
# Residual tolerance target = 1e-10
# Initial residual norm     = 6.24382e-10
     0     1
# FGMRES final (true) residual:
# Iteration = 4: |res|/|res0| = 1.81471e-12.

Computing volumes of the grid elements.
Non-linear iter.: 54/500. Linear iter.: 4. Min. area: 0.000151846. Error: 1.81471e-12.
Computing volumes of the grid elements.
Min. volume: 0.000151846, max. volume: 36.5349.

# FGMRES residual history
# Residual tolerance target = 1e-10
# Initial residual norm     = 6.24381e-10
     0     1
# FGMRES final (true) residual:
# Iteration = 4: |res|/|res0| = 1.81471e-12.

Computing volumes of the grid elements.
Non-linear iter.: 55/500. Linear iter.: 4. Min. area: 0.000151846. Error: 1.81471e-12.
Computing volumes of the grid elements.
Min. volume: 0.000151846, max. volume: 36.5349.

# FGMRES residual history
# Residual tolerance target = 1e-10
# Initial residual norm     = 6.2438e-10
     0     1
# FGMRES final (true) residual:
# Iteration = 4: |res|/|res0| = 1.81471e-12.

Computing volumes of the grid elements.
Non-linear iter.: 56/500. Linear iter.: 4. Min. area: 0.000151846. Error: 1.81471e-12.
Computing volumes of the grid elements.
Min. volume: 0.000151846, max. volume: 36.5349.

# FGMRES residual history
# Residual tolerance target = 1e-10
# Initial residual norm     = 6.24378e-10
     0     1
# FGMRES final (true) residual:
# Iteration = 4: |res|/|res0| = 1.81471e-12.

Computing volumes of the grid elements.
Non-linear iter.: 57/500. Linear iter.: 4. Min. area: 0.000151846. Error: 1.81471e-12.
Computing volumes of the grid elements.
Min. volume: 0.000151846, max. volume: 36.5349.

# FGMRES residual history
# Residual tolerance target = 1e-10
# Initial residual norm     = 6.24377e-10
     0     1
# FGMRES final (true) residual:
# Iteration = 4: |res|/|res0| = 1.81471e-12.

Computing volumes of the grid elements.
Non-linear iter.: 58/500. Linear iter.: 4. Min. area: 0.000151846. Error: 1.81471e-12.
Computing volumes of the grid elements.
Min. volume: 0.000151846, max. volume: 36.5349.

# FGMRES residual history
# Residual tolerance target = 1e-10
# Initial residual norm     = 6.24376e-10
     0     1
# FGMRES final (true) residual:
# Iteration = 4: |res|/|res0| = 1.81471e-12.

Computing volumes of the grid elements.
Non-linear iter.: 59/500. Linear iter.: 4. Min. area: 0.000151846. Error: 1.81471e-12.
Computing volumes of the grid elements.
Min. volume: 0.000151846, max. volume: 36.5349.

# FGMRES residual history
# Residual tolerance target = 1e-10
# Initial residual norm     = 6.24374e-10
     0     1
# FGMRES final (true) residual:
# Iteration = 4: |res|/|res0| = 1.81471e-12.

Computing volumes of the grid elements.
Non-linear iter.: 60/500. Linear iter.: 4. Min. area: 0.000151846. Error: 1.81471e-12.
Computing volumes of the grid elements.
Min. volume: 0.000151846, max. volume: 36.5349.

# FGMRES residual history
# Residual tolerance target = 1e-10
# Initial residual norm     = 6.24373e-10
     0     1
# FGMRES final (true) residual:
# Iteration = 4: |res|/|res0| = 1.81471e-12.

Computing volumes of the grid elements.
Non-linear iter.: 61/500. Linear iter.: 4. Min. area: 0.000151846. Error: 1.81471e-12.
Computing volumes of the grid elements.
Min. volume: 0.000151846, max. volume: 36.5349.

# FGMRES residual history
# Residual tolerance target = 1e-10
# Initial residual norm     = 6.24372e-10
     0     1
# FGMRES final (true) residual:
# Iteration = 4: |res|/|res0| = 1.81472e-12.

Computing volumes of the grid elements.
Non-linear iter.: 62/500. Linear iter.: 4. Min. area: 0.000151846. Error: 1.81472e-12.
Computing volumes of the grid elements.
Min. volume: 0.000151846, max. volume: 36.5349.

# FGMRES residual history
# Residual tolerance target = 1e-10
# Initial residual norm     = 6.2437e-10
     0     1
# FGMRES final (true) residual:
# Iteration = 4: |res|/|res0| = 1.81472e-12.

Computing volumes of the grid elements.
Non-linear iter.: 63/500. Linear iter.: 4. Min. area: 0.000151846. Error: 1.81472e-12.
Computing volumes of the grid elements.
Min. volume: 0.000151846, max. volume: 36.5349.

# FGMRES residual history
# Residual tolerance target = 1e-10
# Initial residual norm     = 6.24369e-10
     0     1
# FGMRES final (true) residual:
# Iteration = 4: |res|/|res0| = 1.81472e-12.

Computing volumes of the grid elements.
Non-linear iter.: 64/500. Linear iter.: 4. Min. area: 0.000151846. Error: 1.81472e-12.
Computing volumes of the grid elements.
Min. volume: 0.000151846, max. volume: 36.5349.

# FGMRES residual history
# Residual tolerance target = 1e-10
# Initial residual norm     = 6.24368e-10
     0     1
# FGMRES final (true) residual:
# Iteration = 4: |res|/|res0| = 1.81472e-12.

Computing volumes of the grid elements.
Non-linear iter.: 65/500. Linear iter.: 4. Min. area: 0.000151846. Error: 1.81472e-12.
Computing volumes of the grid elements.
Min. volume: 0.000151846, max. volume: 36.5349.

# FGMRES residual history
# Residual tolerance target = 1e-10
# Initial residual norm     = 6.24367e-10
     0     1
# FGMRES final (true) residual:
# Iteration = 4: |res|/|res0| = 1.81472e-12.

Computing volumes of the grid elements.
Non-linear iter.: 66/500. Linear iter.: 4. Min. area: 0.000151846. Error: 1.81472e-12.
Computing volumes of the grid elements.
Min. volume: 0.000151846, max. volume: 36.5349.

# FGMRES residual history
# Residual tolerance target = 1e-10
# Initial residual norm     = 6.24365e-10
     0     1
# FGMRES final (true) residual:
# Iteration = 4: |res|/|res0| = 1.81472e-12.

Computing volumes of the grid elements.
Non-linear iter.: 67/500. Linear iter.: 4. Min. area: 0.000151846. Error: 1.81472e-12.
Computing volumes of the grid elements.
Min. volume: 0.000151846, max. volume: 36.5349.

# FGMRES residual history
# Residual tolerance target = 1e-10
# Initial residual norm     = 6.24364e-10
     0     1
# FGMRES final (true) residual:
# Iteration = 4: |res|/|res0| = 1.81472e-12.

Computing volumes of the grid elements.
Non-linear iter.: 68/500. Linear iter.: 4. Min. area: 0.000151846. Error: 1.81472e-12.
Computing volumes of the grid elements.
Min. volume: 0.000151846, max. volume: 36.5349.

# FGMRES residual history
# Residual tolerance target = 1e-10
# Initial residual norm     = 6.24363e-10
     0     1
# FGMRES final (true) residual:
# Iteration = 4: |res|/|res0| = 1.81472e-12.

Computing volumes of the grid elements.
Non-linear iter.: 69/500. Linear iter.: 4. Min. area: 0.000151846. Error: 1.81472e-12.
Computing volumes of the grid elements.
Min. volume: 0.000151846, max. volume: 36.5349.

# FGMRES residual history
# Residual tolerance target = 1e-10
# Initial residual norm     = 6.24361e-10
     0     1
# FGMRES final (true) residual:
# Iteration = 4: |res|/|res0| = 1.81473e-12.

Computing volumes of the grid elements.
Non-linear iter.: 70/500. Linear iter.: 4. Min. area: 0.000151846. Error: 1.81473e-12.
Computing volumes of the grid elements.
Min. volume: 0.000151846, max. volume: 36.5349.

# FGMRES residual history
# Residual tolerance target = 1e-10
# Initial residual norm     = 6.2436e-10
     0     1
# FGMRES final (true) residual:
# Iteration = 4: |res|/|res0| = 1.81473e-12.

Computing volumes of the grid elements.
Non-linear iter.: 71/500. Linear iter.: 4. Min. area: 0.000151846. Error: 1.81473e-12.
Computing volumes of the grid elements.
Min. volume: 0.000151846, max. volume: 36.5349.

# FGMRES residual history
# Residual tolerance target = 1e-10
# Initial residual norm     = 6.24359e-10
     0     1
# FGMRES final (true) residual:
# Iteration = 4: |res|/|res0| = 1.81473e-12.

Computing volumes of the grid elements.
Non-linear iter.: 72/500. Linear iter.: 4. Min. area: 0.000151846. Error: 1.81473e-12.
Computing volumes of the grid elements.
Min. volume: 0.000151846, max. volume: 36.5349.

# FGMRES residual history
# Residual tolerance target = 1e-10
# Initial residual norm     = 6.24357e-10
     0     1
# FGMRES final (true) residual:
# Iteration = 4: |res|/|res0| = 1.81473e-12.

Computing volumes of the grid elements.
Non-linear iter.: 73/500. Linear iter.: 4. Min. area: 0.000151846. Error: 1.81473e-12.
Computing volumes of the grid elements.
Min. volume: 0.000151846, max. volume: 36.5349.

# FGMRES residual history
# Residual tolerance target = 1e-10
# Initial residual norm     = 6.24356e-10
     0     1
# FGMRES final (true) residual:
# Iteration = 4: |res|/|res0| = 1.81473e-12.

Computing volumes of the grid elements.
Non-linear iter.: 74/500. Linear iter.: 4. Min. area: 0.000151846. Error: 1.81473e-12.
Computing volumes of the grid elements.
Min. volume: 0.000151846, max. volume: 36.5349.

# FGMRES residual history
# Residual tolerance target = 1e-10
# Initial residual norm     = 6.24355e-10
     0     1
# FGMRES final (true) residual:
# Iteration = 4: |res|/|res0| = 1.81473e-12.

Computing volumes of the grid elements.
Non-linear iter.: 75/500. Linear iter.: 4. Min. area: 0.000151846. Error: 1.81473e-12.
Computing volumes of the grid elements.
Min. volume: 0.000151846, max. volume: 36.5349.

# FGMRES residual history
# Residual tolerance target = 1e-10
# Initial residual norm     = 6.24354e-10
     0     1
# FGMRES final (true) residual:
# Iteration = 4: |res|/|res0| = 1.81473e-12.

Computing volumes of the grid elements.
Non-linear iter.: 76/500. Linear iter.: 4. Min. area: 0.000151846. Error: 1.81473e-12.
Computing volumes of the grid elements.
Min. volume: 0.000151846, max. volume: 36.5349.

# FGMRES residual history
# Residual tolerance target = 1e-10
# Initial residual norm     = 6.24352e-10
     0     1
# FGMRES final (true) residual:
# Iteration = 4: |res|/|res0| = 1.81473e-12.

Computing volumes of the grid elements.
Non-linear iter.: 77/500. Linear iter.: 4. Min. area: 0.000151846. Error: 1.81473e-12.
Computing volumes of the grid elements.
Min. volume: 0.000151846, max. volume: 36.5349.

# FGMRES residual history
# Residual tolerance target = 1e-10
# Initial residual norm     = 6.24351e-10
     0     1
# FGMRES final (true) residual:
# Iteration = 4: |res|/|res0| = 1.81474e-12.

Computing volumes of the grid elements.
Non-linear iter.: 78/500. Linear iter.: 4. Min. area: 0.000151846. Error: 1.81474e-12.
Computing volumes of the grid elements.
Min. volume: 0.000151846, max. volume: 36.5349.

# FGMRES residual history
# Residual tolerance target = 1e-10
# Initial residual norm     = 6.2435e-10
     0     1
# FGMRES final (true) residual:
# Iteration = 4: |res|/|res0| = 1.81474e-12.

Computing volumes of the grid elements.
Non-linear iter.: 79/500. Linear iter.: 4. Min. area: 0.000151846. Error: 1.81474e-12.
Computing volumes of the grid elements.
Min. volume: 0.000151846, max. volume: 36.5349.

# FGMRES residual history
# Residual tolerance target = 1e-10
# Initial residual norm     = 6.24348e-10
     0     1
# FGMRES final (true) residual:
# Iteration = 4: |res|/|res0| = 1.81474e-12.

Computing volumes of the grid elements.
Non-linear iter.: 80/500. Linear iter.: 4. Min. area: 0.000151846. Error: 1.81474e-12.
Computing volumes of the grid elements.
Min. volume: 0.000151846, max. volume: 36.5349.

# FGMRES residual history
# Residual tolerance target = 1e-10
# Initial residual norm     = 6.24347e-10
     0     1
# FGMRES final (true) residual:
# Iteration = 4: |res|/|res0| = 1.81474e-12.

Computing volumes of the grid elements.
Non-linear iter.: 81/500. Linear iter.: 4. Min. area: 0.000151846. Error: 1.81474e-12.
Computing volumes of the grid elements.
Min. volume: 0.000151846, max. volume: 36.5349.

# FGMRES residual history
# Residual tolerance target = 1e-10
# Initial residual norm     = 6.24346e-10
     0     1
# FGMRES final (true) residual:
# Iteration = 4: |res|/|res0| = 1.81474e-12.

Computing volumes of the grid elements.
Non-linear iter.: 82/500. Linear iter.: 4. Min. area: 0.000151846. Error: 1.81474e-12.
Computing volumes of the grid elements.
Min. volume: 0.000151846, max. volume: 36.5349.

# FGMRES residual history
# Residual tolerance target = 1e-10
# Initial residual norm     = 6.24344e-10
     0     1
# FGMRES final (true) residual:
# Iteration = 4: |res|/|res0| = 1.81474e-12.

Computing volumes of the grid elements.
Non-linear iter.: 83/500. Linear iter.: 4. Min. area: 0.000151846. Error: 1.81474e-12.
Computing volumes of the grid elements.
Min. volume: 0.000151846, max. volume: 36.5349.

# FGMRES residual history
# Residual tolerance target = 1e-10
# Initial residual norm     = 6.24343e-10
     0     1
# FGMRES final (true) residual:
# Iteration = 4: |res|/|res0| = 1.81474e-12.

Computing volumes of the grid elements.
Non-linear iter.: 84/500. Linear iter.: 4. Min. area: 0.000151846. Error: 1.81474e-12.
Computing volumes of the grid elements.
Min. volume: 0.000151846, max. volume: 36.5349.

# FGMRES residual history
# Residual tolerance target = 1e-10
# Initial residual norm     = 6.24342e-10
     0     1
# FGMRES final (true) residual:
# Iteration = 4: |res|/|res0| = 1.81474e-12.

Computing volumes of the grid elements.
Non-linear iter.: 85/500. Linear iter.: 4. Min. area: 0.000151846. Error: 1.81474e-12.
Computing volumes of the grid elements.
Min. volume: 0.000151846, max. volume: 36.5349.

# FGMRES residual history
# Residual tolerance target = 1e-10
# Initial residual norm     = 6.24341e-10
     0     1
# FGMRES final (true) residual:
# Iteration = 4: |res|/|res0| = 1.81475e-12.

Computing volumes of the grid elements.
Non-linear iter.: 86/500. Linear iter.: 4. Min. area: 0.000151846. Error: 1.81475e-12.
Computing volumes of the grid elements.
Min. volume: 0.000151846, max. volume: 36.5349.

# FGMRES residual history
# Residual tolerance target = 1e-10
# Initial residual norm     = 6.24339e-10
     0     1
# FGMRES final (true) residual:
# Iteration = 4: |res|/|res0| = 1.81475e-12.

Computing volumes of the grid elements.
Non-linear iter.: 87/500. Linear iter.: 4. Min. area: 0.000151846. Error: 1.81475e-12.
Computing volumes of the grid elements.
Min. volume: 0.000151846, max. volume: 36.5349.

# FGMRES residual history
# Residual tolerance target = 1e-10
# Initial residual norm     = 6.24338e-10
     0     1
# FGMRES final (true) residual:
# Iteration = 4: |res|/|res0| = 1.81475e-12.

Computing volumes of the grid elements.
Non-linear iter.: 88/500. Linear iter.: 4. Min. area: 0.000151846. Error: 1.81475e-12.
Computing volumes of the grid elements.
Min. volume: 0.000151846, max. volume: 36.5349.

# FGMRES residual history
# Residual tolerance target = 1e-10
# Initial residual norm     = 6.24337e-10
     0     1
# FGMRES final (true) residual:
# Iteration = 4: |res|/|res0| = 1.81475e-12.

Computing volumes of the grid elements.
Non-linear iter.: 89/500. Linear iter.: 4. Min. area: 0.000151846. Error: 1.81475e-12.
Computing volumes of the grid elements.
Min. volume: 0.000151846, max. volume: 36.5349.

# FGMRES residual history
# Residual tolerance target = 1e-10
# Initial residual norm     = 6.24335e-10
     0     1
# FGMRES final (true) residual:
# Iteration = 4: |res|/|res0| = 1.81475e-12.

Computing volumes of the grid elements.
Non-linear iter.: 90/500. Linear iter.: 4. Min. area: 0.000151846. Error: 1.81475e-12.
Computing volumes of the grid elements.
Min. volume: 0.000151846, max. volume: 36.5348.

# FGMRES residual history
# Residual tolerance target = 1e-10
# Initial residual norm     = 6.24334e-10
     0     1
# FGMRES final (true) residual:
# Iteration = 4: |res|/|res0| = 1.81475e-12.

Computing volumes of the grid elements.
Non-linear iter.: 91/500. Linear iter.: 4. Min. area: 0.000151846. Error: 1.81475e-12.
Computing volumes of the grid elements.
Min. volume: 0.000151846, max. volume: 36.5348.

# FGMRES residual history
# Residual tolerance target = 1e-10
# Initial residual norm     = 6.24333e-10
     0     1
# FGMRES final (true) residual:
# Iteration = 4: |res|/|res0| = 1.81475e-12.

Computing volumes of the grid elements.
Non-linear iter.: 92/500. Linear iter.: 4. Min. area: 0.000151846. Error: 1.81475e-12.
Computing volumes of the grid elements.
Min. volume: 0.000151846, max. volume: 36.5348.

# FGMRES residual history
# Residual tolerance target = 1e-10
# Initial residual norm     = 6.24331e-10
     0     1
# FGMRES final (true) residual:
# Iteration = 4: |res|/|res0| = 1.81475e-12.

Computing volumes of the grid elements.
Non-linear iter.: 93/500. Linear iter.: 4. Min. area: 0.000151846. Error: 1.81475e-12.
Computing volumes of the grid elements.
Min. volume: 0.000151846, max. volume: 36.5348.

# FGMRES residual history
# Residual tolerance target = 1e-10
# Initial residual norm     = 6.2433e-10
     0     1
# FGMRES final (true) residual:
# Iteration = 4: |res|/|res0| = 1.81476e-12.

Computing volumes of the grid elements.
Non-linear iter.: 94/500. Linear iter.: 4. Min. area: 0.000151846. Error: 1.81476e-12.
Computing volumes of the grid elements.
Min. volume: 0.000151846, max. volume: 36.5348.

# FGMRES residual history
# Residual tolerance target = 1e-10
# Initial residual norm     = 6.24329e-10
     0     1
# FGMRES final (true) residual:
# Iteration = 4: |res|/|res0| = 1.81476e-12.

Computing volumes of the grid elements.
Non-linear iter.: 95/500. Linear iter.: 4. Min. area: 0.000151846. Error: 1.81476e-12.
Computing volumes of the grid elements.
Min. volume: 0.000151846, max. volume: 36.5348.

# FGMRES residual history
# Residual tolerance target = 1e-10
# Initial residual norm     = 6.24328e-10
     0     1
# FGMRES final (true) residual:
# Iteration = 4: |res|/|res0| = 1.81476e-12.

Computing volumes of the grid elements.
Non-linear iter.: 96/500. Linear iter.: 4. Min. area: 0.000151846. Error: 1.81476e-12.
Computing volumes of the grid elements.
Min. volume: 0.000151846, max. volume: 36.5348.

# FGMRES residual history
# Residual tolerance target = 1e-10
# Initial residual norm     = 6.24326e-10
     0     1
# FGMRES final (true) residual:
# Iteration = 4: |res|/|res0| = 1.81476e-12.

Computing volumes of the grid elements.
Non-linear iter.: 97/500. Linear iter.: 4. Min. area: 0.000151846. Error: 1.81476e-12.
Computing volumes of the grid elements.
Min. volume: 0.000151846, max. volume: 36.5348.

# FGMRES residual history
# Residual tolerance target = 1e-10
# Initial residual norm     = 6.24325e-10
     0     1
# FGMRES final (true) residual:
# Iteration = 4: |res|/|res0| = 1.81476e-12.

Computing volumes of the grid elements.
Non-linear iter.: 98/500. Linear iter.: 4. Min. area: 0.000151846. Error: 1.81476e-12.
Computing volumes of the grid elements.
Min. volume: 0.000151846, max. volume: 36.5348.

# FGMRES residual history
# Residual tolerance target = 1e-10
# Initial residual norm     = 6.24324e-10
     0     1
# FGMRES final (true) residual:
# Iteration = 4: |res|/|res0| = 1.81476e-12.

Computing volumes of the grid elements.
Non-linear iter.: 99/500. Linear iter.: 4. Min. area: 0.000151846. Error: 1.81476e-12.
Computing volumes of the grid elements.
Min. volume: 0.000151846, max. volume: 36.5348.

# FGMRES residual history
# Residual tolerance target = 1e-10
# Initial residual norm     = 6.24322e-10
     0     1
# FGMRES final (true) residual:
# Iteration = 4: |res|/|res0| = 1.81476e-12.

Computing volumes of the grid elements.
Non-linear iter.: 100/500. Linear iter.: 4. Min. area: 0.000151846. Error: 1.81476e-12.
Computing volumes of the grid elements.
Min. volume: 0.000151846, max. volume: 36.5348.

# FGMRES residual history
# Residual tolerance target = 1e-10
# Initial residual norm     = 6.24321e-10
     0     1
# FGMRES final (true) residual:
# Iteration = 4: |res|/|res0| = 1.81476e-12.

Computing volumes of the grid elements.
Non-linear iter.: 101/500. Linear iter.: 4. Min. area: 0.000151846. Error: 1.81476e-12.
Computing volumes of the grid elements.
Min. volume: 0.000151846, max. volume: 36.5348.

# FGMRES residual history
# Residual tolerance target = 1e-10
# Initial residual norm     = 6.2432e-10
     0     1
# FGMRES final (true) residual:
# Iteration = 4: |res|/|res0| = 1.81477e-12.

Computing volumes of the grid elements.
Non-linear iter.: 102/500. Linear iter.: 4. Min. area: 0.000151846. Error: 1.81477e-12.
Computing volumes of the grid elements.
Min. volume: 0.000151846, max. volume: 36.5348.

# FGMRES residual history
# Residual tolerance target = 1e-10
# Initial residual norm     = 6.24318e-10
     0     1
# FGMRES final (true) residual:
# Iteration = 4: |res|/|res0| = 1.81477e-12.

Computing volumes of the grid elements.
Non-linear iter.: 103/500. Linear iter.: 4. Min. area: 0.000151846. Error: 1.81477e-12.
Computing volumes of the grid elements.
Min. volume: 0.000151846, max. volume: 36.5348.

# FGMRES residual history
# Residual tolerance target = 1e-10
# Initial residual norm     = 6.24317e-10
     0     1
# FGMRES final (true) residual:
# Iteration = 4: |res|/|res0| = 1.81477e-12.

Computing volumes of the grid elements.
Non-linear iter.: 104/500. Linear iter.: 4. Min. area: 0.000151846. Error: 1.81477e-12.
Computing volumes of the grid elements.
Min. volume: 0.000151846, max. volume: 36.5348.

# FGMRES residual history
# Residual tolerance target = 1e-10
# Initial residual norm     = 6.24316e-10
     0     1
# FGMRES final (true) residual:
# Iteration = 4: |res|/|res0| = 1.81477e-12.

Computing volumes of the grid elements.
Non-linear iter.: 105/500. Linear iter.: 4. Min. area: 0.000151846. Error: 1.81477e-12.
Computing volumes of the grid elements.
Min. volume: 0.000151846, max. volume: 36.5348.

# FGMRES residual history
# Residual tolerance target = 1e-10
# Initial residual norm     = 6.24315e-10
     0     1
# FGMRES final (true) residual:
# Iteration = 4: |res|/|res0| = 1.81477e-12.

Computing volumes of the grid elements.
Non-linear iter.: 106/500. Linear iter.: 4. Min. area: 0.000151846. Error: 1.81477e-12.
Computing volumes of the grid elements.
Min. volume: 0.000151846, max. volume: 36.5348.

# FGMRES residual history
# Residual tolerance target = 1e-10
# Initial residual norm     = 6.24313e-10
     0     1
# FGMRES final (true) residual:
# Iteration = 4: |res|/|res0| = 1.81477e-12.

Computing volumes of the grid elements.
Non-linear iter.: 107/500. Linear iter.: 4. Min. area: 0.000151846. Error: 1.81477e-12.
Computing volumes of the grid elements.
Min. volume: 0.000151846, max. volume: 36.5348.

# FGMRES residual history
# Residual tolerance target = 1e-10
# Initial residual norm     = 6.24312e-10
     0     1
# FGMRES final (true) residual:
# Iteration = 4: |res|/|res0| = 1.81477e-12.

Computing volumes of the grid elements.
Non-linear iter.: 108/500. Linear iter.: 4. Min. area: 0.000151846. Error: 1.81477e-12.
Computing volumes of the grid elements.
Min. volume: 0.000151846, max. volume: 36.5348.

# FGMRES residual history
# Residual tolerance target = 1e-10
# Initial residual norm     = 6.24311e-10
     0     1
# FGMRES final (true) residual:
# Iteration = 4: |res|/|res0| = 1.81478e-12.

Computing volumes of the grid elements.
Non-linear iter.: 109/500. Linear iter.: 4. Min. area: 0.000151846. Error: 1.81478e-12.
Computing volumes of the grid elements.
Min. volume: 0.000151846, max. volume: 36.5348.

# FGMRES residual history
# Residual tolerance target = 1e-10
# Initial residual norm     = 6.24309e-10
     0     1
# FGMRES final (true) residual:
# Iteration = 4: |res|/|res0| = 1.81478e-12.

Computing volumes of the grid elements.
Non-linear iter.: 110/500. Linear iter.: 4. Min. area: 0.000151846. Error: 1.81478e-12.
Computing volumes of the grid elements.
Min. volume: 0.000151846, max. volume: 36.5348.

# FGMRES residual history
# Residual tolerance target = 1e-10
# Initial residual norm     = 6.24308e-10
     0     1
# FGMRES final (true) residual:
# Iteration = 4: |res|/|res0| = 1.81478e-12.

Computing volumes of the grid elements.
Non-linear iter.: 111/500. Linear iter.: 4. Min. area: 0.000151846. Error: 1.81478e-12.
Computing volumes of the grid elements.
Min. volume: 0.000151846, max. volume: 36.5348.

# FGMRES residual history
# Residual tolerance target = 1e-10
# Initial residual norm     = 6.24307e-10
     0     1
# FGMRES final (true) residual:
# Iteration = 4: |res|/|res0| = 1.81478e-12.

Computing volumes of the grid elements.
Non-linear iter.: 112/500. Linear iter.: 4. Min. area: 0.000151846. Error: 1.81478e-12.
Computing volumes of the grid elements.
Min. volume: 0.000151846, max. volume: 36.5348.

# FGMRES residual history
# Residual tolerance target = 1e-10
# Initial residual norm     = 6.24305e-10
     0     1
# FGMRES final (true) residual:
# Iteration = 4: |res|/|res0| = 1.81478e-12.

Computing volumes of the grid elements.
Non-linear iter.: 113/500. Linear iter.: 4. Min. area: 0.000151846. Error: 1.81478e-12.
Computing volumes of the grid elements.
Min. volume: 0.000151846, max. volume: 36.5348.

# FGMRES residual history
# Residual tolerance target = 1e-10
# Initial residual norm     = 6.24304e-10
     0     1
# FGMRES final (true) residual:
# Iteration = 4: |res|/|res0| = 1.81478e-12.

Computing volumes of the grid elements.
Non-linear iter.: 114/500. Linear iter.: 4. Min. area: 0.000151846. Error: 1.81478e-12.
Computing volumes of the grid elements.
Min. volume: 0.000151846, max. volume: 36.5348.

# FGMRES residual history
# Residual tolerance target = 1e-10
# Initial residual norm     = 6.24303e-10
     0     1
# FGMRES final (true) residual:
# Iteration = 4: |res|/|res0| = 1.81478e-12.

Computing volumes of the grid elements.
Non-linear iter.: 115/500. Linear iter.: 4. Min. area: 0.000151846. Error: 1.81478e-12.
Computing volumes of the grid elements.
Min. volume: 0.000151846, max. volume: 36.5348.

# FGMRES residual history
# Residual tolerance target = 1e-10
# Initial residual norm     = 6.24302e-10
     0     1
# FGMRES final (true) residual:
# Iteration = 4: |res|/|res0| = 1.81478e-12.

Computing volumes of the grid elements.
Non-linear iter.: 116/500. Linear iter.: 4. Min. area: 0.000151846. Error: 1.81478e-12.
Computing volumes of the grid elements.
Min. volume: 0.000151846, max. volume: 36.5348.

# FGMRES residual history
# Residual tolerance target = 1e-10
# Initial residual norm     = 6.243e-10
     0     1
# FGMRES final (true) residual:
# Iteration = 4: |res|/|res0| = 1.81479e-12.

Computing volumes of the grid elements.
Non-linear iter.: 117/500. Linear iter.: 4. Min. area: 0.000151846. Error: 1.81479e-12.
Computing volumes of the grid elements.
Min. volume: 0.000151846, max. volume: 36.5348.

# FGMRES residual history
# Residual tolerance target = 1e-10
# Initial residual norm     = 6.24299e-10
     0     1
# FGMRES final (true) residual:
# Iteration = 4: |res|/|res0| = 1.81479e-12.

Computing volumes of the grid elements.
Non-linear iter.: 118/500. Linear iter.: 4. Min. area: 0.000151846. Error: 1.81479e-12.
Computing volumes of the grid elements.
Min. volume: 0.000151846, max. volume: 36.5348.

# FGMRES residual history
# Residual tolerance target = 1e-10
# Initial residual norm     = 6.24298e-10
     0     1
# FGMRES final (true) residual:
# Iteration = 4: |res|/|res0| = 1.81479e-12.

Computing volumes of the grid elements.
Non-linear iter.: 119/500. Linear iter.: 4. Min. area: 0.000151846. Error: 1.81479e-12.
Computing volumes of the grid elements.
Min. volume: 0.000151846, max. volume: 36.5348.

# FGMRES residual history
# Residual tolerance target = 1e-10
# Initial residual norm     = 6.24296e-10
     0     1
# FGMRES final (true) residual:
# Iteration = 4: |res|/|res0| = 1.81479e-12.

Computing volumes of the grid elements.
Non-linear iter.: 120/500. Linear iter.: 4. Min. area: 0.000151846. Error: 1.81479e-12.
Computing volumes of the grid elements.
Min. volume: 0.000151846, max. volume: 36.5348.

# FGMRES residual history
# Residual tolerance target = 1e-10
# Initial residual norm     = 6.24295e-10
     0     1
# FGMRES final (true) residual:
# Iteration = 4: |res|/|res0| = 1.81479e-12.

Computing volumes of the grid elements.
Non-linear iter.: 121/500. Linear iter.: 4. Min. area: 0.000151846. Error: 1.81479e-12.
Computing volumes of the grid elements.
Min. volume: 0.000151846, max. volume: 36.5348.

# FGMRES residual history
# Residual tolerance target = 1e-10
# Initial residual norm     = 6.24294e-10
     0     1
# FGMRES final (true) residual:
# Iteration = 4: |res|/|res0| = 1.81479e-12.

Computing volumes of the grid elements.
Non-linear iter.: 122/500. Linear iter.: 4. Min. area: 0.000151846. Error: 1.81479e-12.
Computing volumes of the grid elements.
Min. volume: 0.000151846, max. volume: 36.5348.

# FGMRES residual history
# Residual tolerance target = 1e-10
# Initial residual norm     = 6.24292e-10
     0     1
# FGMRES final (true) residual:
# Iteration = 4: |res|/|res0| = 1.81479e-12.

Computing volumes of the grid elements.
Non-linear iter.: 123/500. Linear iter.: 4. Min. area: 0.000151846. Error: 1.81479e-12.
Computing volumes of the grid elements.
Min. volume: 0.000151846, max. volume: 36.5348.

# FGMRES residual history
# Residual tolerance target = 1e-10
# Initial residual norm     = 6.24291e-10
     0     1
# FGMRES final (true) residual:
# Iteration = 4: |res|/|res0| = 1.81479e-12.

Computing volumes of the grid elements.
Non-linear iter.: 124/500. Linear iter.: 4. Min. area: 0.000151846. Error: 1.81479e-12.
Computing volumes of the grid elements.
Min. volume: 0.000151846, max. volume: 36.5348.

# FGMRES residual history
# Residual tolerance target = 1e-10
# Initial residual norm     = 6.2429e-10
     0     1
# FGMRES final (true) residual:
# Iteration = 4: |res|/|res0| = 1.8148e-12.

Computing volumes of the grid elements.
Non-linear iter.: 125/500. Linear iter.: 4. Min. area: 0.000151846. Error: 1.8148e-12.
Computing volumes of the grid elements.
Min. volume: 0.000151846, max. volume: 36.5348.

# FGMRES residual history
# Residual tolerance target = 1e-10
# Initial residual norm     = 6.24289e-10
     0     1
# FGMRES final (true) residual:
# Iteration = 4: |res|/|res0| = 1.8148e-12.

Computing volumes of the grid elements.
Non-linear iter.: 126/500. Linear iter.: 4. Min. area: 0.000151846. Error: 1.8148e-12.
Computing volumes of the grid elements.
Min. volume: 0.000151846, max. volume: 36.5348.

# FGMRES residual history
# Residual tolerance target = 1e-10
# Initial residual norm     = 6.24287e-10
     0     1
# FGMRES final (true) residual:
# Iteration = 4: |res|/|res0| = 1.8148e-12.

Computing volumes of the grid elements.
Non-linear iter.: 127/500. Linear iter.: 4. Min. area: 0.000151846. Error: 1.8148e-12.
Computing volumes of the grid elements.
Min. volume: 0.000151846, max. volume: 36.5348.

# FGMRES residual history
# Residual tolerance target = 1e-10
# Initial residual norm     = 6.24286e-10
     0     1
# FGMRES final (true) residual:
# Iteration = 4: |res|/|res0| = 1.8148e-12.

Computing volumes of the grid elements.
Non-linear iter.: 128/500. Linear iter.: 4. Min. area: 0.000151846. Error: 1.8148e-12.
Computing volumes of the grid elements.
Min. volume: 0.000151846, max. volume: 36.5348.

# FGMRES residual history
# Residual tolerance target = 1e-10
# Initial residual norm     = 6.24285e-10
     0     1
# FGMRES final (true) residual:
# Iteration = 4: |res|/|res0| = 1.8148e-12.

Computing volumes of the grid elements.
Non-linear iter.: 129/500. Linear iter.: 4. Min. area: 0.000151846. Error: 1.8148e-12.
Computing volumes of the grid elements.
Min. volume: 0.000151846, max. volume: 36.5348.

# FGMRES residual history
# Residual tolerance target = 1e-10
# Initial residual norm     = 6.24283e-10
     0     1
# FGMRES final (true) residual:
# Iteration = 4: |res|/|res0| = 1.8148e-12.

Computing volumes of the grid elements.
Non-linear iter.: 130/500. Linear iter.: 4. Min. area: 0.000151846. Error: 1.8148e-12.
Computing volumes of the grid elements.
Min. volume: 0.000151846, max. volume: 36.5348.

# FGMRES residual history
# Residual tolerance target = 1e-10
# Initial residual norm     = 6.24282e-10
     0     1
# FGMRES final (true) residual:
# Iteration = 4: |res|/|res0| = 1.8148e-12.

Computing volumes of the grid elements.
Non-linear iter.: 131/500. Linear iter.: 4. Min. area: 0.000151846. Error: 1.8148e-12.
Computing volumes of the grid elements.
Min. volume: 0.000151846, max. volume: 36.5348.

# FGMRES residual history
# Residual tolerance target = 1e-10
# Initial residual norm     = 6.24281e-10
     0     1
# FGMRES final (true) residual:
# Iteration = 4: |res|/|res0| = 1.8148e-12.

Computing volumes of the grid elements.
Non-linear iter.: 132/500. Linear iter.: 4. Min. area: 0.000151846. Error: 1.8148e-12.
Computing volumes of the grid elements.
Min. volume: 0.000151846, max. volume: 36.5348.

# FGMRES residual history
# Residual tolerance target = 1e-10
# Initial residual norm     = 6.24279e-10
     0     1
# FGMRES final (true) residual:
# Iteration = 4: |res|/|res0| = 1.81481e-12.

Computing volumes of the grid elements.
Non-linear iter.: 133/500. Linear iter.: 4. Min. area: 0.000151846. Error: 1.81481e-12.
Computing volumes of the grid elements.
Min. volume: 0.000151846, max. volume: 36.5348.

# FGMRES residual history
# Residual tolerance target = 1e-10
# Initial residual norm     = 6.24278e-10
     0     1
# FGMRES final (true) residual:
# Iteration = 4: |res|/|res0| = 1.81481e-12.

Computing volumes of the grid elements.
Non-linear iter.: 134/500. Linear iter.: 4. Min. area: 0.000151846. Error: 1.81481e-12.
Computing volumes of the grid elements.
Min. volume: 0.000151846, max. volume: 36.5348.

# FGMRES residual history
# Residual tolerance target = 1e-10
# Initial residual norm     = 6.24277e-10
     0     1
# FGMRES final (true) residual:
# Iteration = 4: |res|/|res0| = 1.81481e-12.

Computing volumes of the grid elements.
Non-linear iter.: 135/500. Linear iter.: 4. Min. area: 0.000151846. Error: 1.81481e-12.
Computing volumes of the grid elements.
Min. volume: 0.000151846, max. volume: 36.5348.

# FGMRES residual history
# Residual tolerance target = 1e-10
# Initial residual norm     = 6.24276e-10
     0     1
# FGMRES final (true) residual:
# Iteration = 4: |res|/|res0| = 1.81481e-12.

Computing volumes of the grid elements.
Non-linear iter.: 136/500. Linear iter.: 4. Min. area: 0.000151846. Error: 1.81481e-12.
Computing volumes of the grid elements.
Min. volume: 0.000151846, max. volume: 36.5348.

# FGMRES residual history
# Residual tolerance target = 1e-10
# Initial residual norm     = 6.24274e-10
     0     1
# FGMRES final (true) residual:
# Iteration = 4: |res|/|res0| = 1.81481e-12.

Computing volumes of the grid elements.
Non-linear iter.: 137/500. Linear iter.: 4. Min. area: 0.000151846. Error: 1.81481e-12.
Computing volumes of the grid elements.
Min. volume: 0.000151846, max. volume: 36.5348.

# FGMRES residual history
# Residual tolerance target = 1e-10
# Initial residual norm     = 6.24273e-10
     0     1
# FGMRES final (true) residual:
# Iteration = 4: |res|/|res0| = 1.81481e-12.

Computing volumes of the grid elements.
Non-linear iter.: 138/500. Linear iter.: 4. Min. area: 0.000151846. Error: 1.81481e-12.
Computing volumes of the grid elements.
Min. volume: 0.000151846, max. volume: 36.5348.

# FGMRES residual history
# Residual tolerance target = 1e-10
# Initial residual norm     = 6.24272e-10
     0     1
# FGMRES final (true) residual:
# Iteration = 4: |res|/|res0| = 1.81481e-12.

Computing volumes of the grid elements.
Non-linear iter.: 139/500. Linear iter.: 4. Min. area: 0.000151846. Error: 1.81481e-12.
Computing volumes of the grid elements.
Min. volume: 0.000151846, max. volume: 36.5348.

# FGMRES residual history
# Residual tolerance target = 1e-10
# Initial residual norm     = 6.2427e-10
     0     1
# FGMRES final (true) residual:
# Iteration = 4: |res|/|res0| = 1.81481e-12.

Computing volumes of the grid elements.
Non-linear iter.: 140/500. Linear iter.: 4. Min. area: 0.000151846. Error: 1.81481e-12.
Computing volumes of the grid elements.
Min. volume: 0.000151846, max. volume: 36.5348.

# FGMRES residual history
# Residual tolerance target = 1e-10
# Initial residual norm     = 6.24269e-10
     0     1
# FGMRES final (true) residual:
# Iteration = 4: |res|/|res0| = 1.81482e-12.

Computing volumes of the grid elements.
Non-linear iter.: 141/500. Linear iter.: 4. Min. area: 0.000151846. Error: 1.81482e-12.
Computing volumes of the grid elements.
Min. volume: 0.000151846, max. volume: 36.5348.

# FGMRES residual history
# Residual tolerance target = 1e-10
# Initial residual norm     = 6.24268e-10
     0     1
# FGMRES final (true) residual:
# Iteration = 4: |res|/|res0| = 1.81482e-12.

Computing volumes of the grid elements.
Non-linear iter.: 142/500. Linear iter.: 4. Min. area: 0.000151846. Error: 1.81482e-12.
Computing volumes of the grid elements.
Min. volume: 0.000151846, max. volume: 36.5348.

# FGMRES residual history
# Residual tolerance target = 1e-10
# Initial residual norm     = 6.24266e-10
     0     1
# FGMRES final (true) residual:
# Iteration = 4: |res|/|res0| = 1.81482e-12.

Computing volumes of the grid elements.
Non-linear iter.: 143/500. Linear iter.: 4. Min. area: 0.000151846. Error: 1.81482e-12.
Computing volumes of the grid elements.
Min. volume: 0.000151846, max. volume: 36.5348.

# FGMRES residual history
# Residual tolerance target = 1e-10
# Initial residual norm     = 6.24265e-10
     0     1
# FGMRES final (true) residual:
# Iteration = 4: |res|/|res0| = 1.81482e-12.

Computing volumes of the grid elements.
Non-linear iter.: 144/500. Linear iter.: 4. Min. area: 0.000151846. Error: 1.81482e-12.
Computing volumes of the grid elements.
Min. volume: 0.000151846, max. volume: 36.5348.

# FGMRES residual history
# Residual tolerance target = 1e-10
# Initial residual norm     = 6.24264e-10
     0     1
# FGMRES final (true) residual:
# Iteration = 4: |res|/|res0| = 1.81482e-12.

Computing volumes of the grid elements.
Non-linear iter.: 145/500. Linear iter.: 4. Min. area: 0.000151846. Error: 1.81482e-12.
Computing volumes of the grid elements.
Min. volume: 0.000151846, max. volume: 36.5348.

# FGMRES residual history
# Residual tolerance target = 1e-10
# Initial residual norm     = 6.24263e-10
     0     1
# FGMRES final (true) residual:
# Iteration = 4: |res|/|res0| = 1.81482e-12.

Computing volumes of the grid elements.
Non-linear iter.: 146/500. Linear iter.: 4. Min. area: 0.000151846. Error: 1.81482e-12.
Computing volumes of the grid elements.
Min. volume: 0.000151846, max. volume: 36.5348.

# FGMRES residual history
# Residual tolerance target = 1e-10
# Initial residual norm     = 6.24261e-10
     0     1
# FGMRES final (true) residual:
# Iteration = 4: |res|/|res0| = 1.81482e-12.

Computing volumes of the grid elements.
Non-linear iter.: 147/500. Linear iter.: 4. Min. area: 0.000151846. Error: 1.81482e-12.
Computing volumes of the grid elements.
Min. volume: 0.000151846, max. volume: 36.5348.

# FGMRES residual history
# Residual tolerance target = 1e-10
# Initial residual norm     = 6.2426e-10
     0     1
# FGMRES final (true) residual:
# Iteration = 4: |res|/|res0| = 1.81482e-12.

Computing volumes of the grid elements.
Non-linear iter.: 148/500. Linear iter.: 4. Min. area: 0.000151846. Error: 1.81482e-12.
Computing volumes of the grid elements.
Min. volume: 0.000151846, max. volume: 36.5348.

# FGMRES residual history
# Residual tolerance target = 1e-10
# Initial residual norm     = 6.24259e-10
     0     1
# FGMRES final (true) residual:
# Iteration = 4: |res|/|res0| = 1.81483e-12.

Computing volumes of the grid elements.
Non-linear iter.: 149/500. Linear iter.: 4. Min. area: 0.000151846. Error: 1.81483e-12.
Computing volumes of the grid elements.
Min. volume: 0.000151846, max. volume: 36.5348.

# FGMRES residual history
# Residual tolerance target = 1e-10
# Initial residual norm     = 6.24257e-10
     0     1
# FGMRES final (true) residual:
# Iteration = 4: |res|/|res0| = 1.81483e-12.

Computing volumes of the grid elements.
Non-linear iter.: 150/500. Linear iter.: 4. Min. area: 0.000151846. Error: 1.81483e-12.
Computing volumes of the grid elements.
Min. volume: 0.000151846, max. volume: 36.5348.

# FGMRES residual history
# Residual tolerance target = 1e-10
# Initial residual norm     = 6.24256e-10
     0     1
# FGMRES final (true) residual:
# Iteration = 4: |res|/|res0| = 1.81483e-12.

Computing volumes of the grid elements.
Non-linear iter.: 151/500. Linear iter.: 4. Min. area: 0.000151846. Error: 1.81483e-12.
Computing volumes of the grid elements.
Min. volume: 0.000151846, max. volume: 36.5348.

# FGMRES residual history
# Residual tolerance target = 1e-10
# Initial residual norm     = 6.24255e-10
     0     1
# FGMRES final (true) residual:
# Iteration = 4: |res|/|res0| = 1.81483e-12.

Computing volumes of the grid elements.
Non-linear iter.: 152/500. Linear iter.: 4. Min. area: 0.000151846. Error: 1.81483e-12.
Computing volumes of the grid elements.
Min. volume: 0.000151846, max. volume: 36.5348.

# FGMRES residual history
# Residual tolerance target = 1e-10
# Initial residual norm     = 6.24253e-10
     0     1
# FGMRES final (true) residual:
# Iteration = 4: |res|/|res0| = 1.81483e-12.

Computing volumes of the grid elements.
Non-linear iter.: 153/500. Linear iter.: 4. Min. area: 0.000151846. Error: 1.81483e-12.
Computing volumes of the grid elements.
Min. volume: 0.000151846, max. volume: 36.5348.

# FGMRES residual history
# Residual tolerance target = 1e-10
# Initial residual norm     = 6.24252e-10
     0     1
# FGMRES final (true) residual:
# Iteration = 4: |res|/|res0| = 1.81483e-12.

Computing volumes of the grid elements.
Non-linear iter.: 154/500. Linear iter.: 4. Min. area: 0.000151846. Error: 1.81483e-12.
Computing volumes of the grid elements.
Min. volume: 0.000151846, max. volume: 36.5348.

# FGMRES residual history
# Residual tolerance target = 1e-10
# Initial residual norm     = 6.24251e-10
     0     1
# FGMRES final (true) residual:
# Iteration = 4: |res|/|res0| = 1.81483e-12.

Computing volumes of the grid elements.
Non-linear iter.: 155/500. Linear iter.: 4. Min. area: 0.000151846. Error: 1.81483e-12.
Computing volumes of the grid elements.
Min. volume: 0.000151846, max. volume: 36.5348.

# FGMRES residual history
# Residual tolerance target = 1e-10
# Initial residual norm     = 6.2425e-10
     0     1
# FGMRES final (true) residual:
# Iteration = 4: |res|/|res0| = 1.81483e-12.

Computing volumes of the grid elements.
Non-linear iter.: 156/500. Linear iter.: 4. Min. area: 0.000151846. Error: 1.81483e-12.
Computing volumes of the grid elements.
Min. volume: 0.000151846, max. volume: 36.5348.

# FGMRES residual history
# Residual tolerance target = 1e-10
# Initial residual norm     = 6.24248e-10
     0     1
# FGMRES final (true) residual:
# Iteration = 4: |res|/|res0| = 1.81484e-12.

Computing volumes of the grid elements.
Non-linear iter.: 157/500. Linear iter.: 4. Min. area: 0.000151846. Error: 1.81484e-12.
Computing volumes of the grid elements.
Min. volume: 0.000151846, max. volume: 36.5348.

# FGMRES residual history
# Residual tolerance target = 1e-10
# Initial residual norm     = 6.24247e-10
     0     1
# FGMRES final (true) residual:
# Iteration = 4: |res|/|res0| = 1.81484e-12.

Computing volumes of the grid elements.
Non-linear iter.: 158/500. Linear iter.: 4. Min. area: 0.000151846. Error: 1.81484e-12.
Computing volumes of the grid elements.
Min. volume: 0.000151846, max. volume: 36.5348.

# FGMRES residual history
# Residual tolerance target = 1e-10
# Initial residual norm     = 6.24246e-10
     0     1
# FGMRES final (true) residual:
# Iteration = 4: |res|/|res0| = 1.81484e-12.

Computing volumes of the grid elements.
Non-linear iter.: 159/500. Linear iter.: 4. Min. area: 0.000151846. Error: 1.81484e-12.
Computing volumes of the grid elements.
Min. volume: 0.000151846, max. volume: 36.5348.

# FGMRES residual history
# Residual tolerance target = 1e-10
# Initial residual norm     = 6.24244e-10
     0     1
# FGMRES final (true) residual:
# Iteration = 4: |res|/|res0| = 1.81484e-12.

Computing volumes of the grid elements.
Non-linear iter.: 160/500. Linear iter.: 4. Min. area: 0.000151846. Error: 1.81484e-12.
Computing volumes of the grid elements.
Min. volume: 0.000151846, max. volume: 36.5348.

# FGMRES residual history
# Residual tolerance target = 1e-10
# Initial residual norm     = 6.24243e-10
     0     1
# FGMRES final (true) residual:
# Iteration = 4: |res|/|res0| = 1.81484e-12.

Computing volumes of the grid elements.
Non-linear iter.: 161/500. Linear iter.: 4. Min. area: 0.000151846. Error: 1.81484e-12.
Computing volumes of the grid elements.
Min. volume: 0.000151846, max. volume: 36.5348.

# FGMRES residual history
# Residual tolerance target = 1e-10
# Initial residual norm     = 6.24242e-10
     0     1
# FGMRES final (true) residual:
# Iteration = 4: |res|/|res0| = 1.81484e-12.

Computing volumes of the grid elements.
Non-linear iter.: 162/500. Linear iter.: 4. Min. area: 0.000151846. Error: 1.81484e-12.
Computing volumes of the grid elements.
Min. volume: 0.000151846, max. volume: 36.5348.

# FGMRES residual history
# Residual tolerance target = 1e-10
# Initial residual norm     = 6.2424e-10
     0     1
# FGMRES final (true) residual:
# Iteration = 4: |res|/|res0| = 1.81484e-12.

Computing volumes of the grid elements.
Non-linear iter.: 163/500. Linear iter.: 4. Min. area: 0.000151846. Error: 1.81484e-12.
Computing volumes of the grid elements.
Min. volume: 0.000151846, max. volume: 36.5348.

# FGMRES residual history
# Residual tolerance target = 1e-10
# Initial residual norm     = 6.24239e-10
     0     1
# FGMRES final (true) residual:
# Iteration = 4: |res|/|res0| = 1.81484e-12.

Computing volumes of the grid elements.
Non-linear iter.: 164/500. Linear iter.: 4. Min. area: 0.000151846. Error: 1.81484e-12.
Computing volumes of the grid elements.
Min. volume: 0.000151846, max. volume: 36.5348.

# FGMRES residual history
# Residual tolerance target = 1e-10
# Initial residual norm     = 6.24238e-10
     0     1
# FGMRES final (true) residual:
# Iteration = 4: |res|/|res0| = 1.81485e-12.

Computing volumes of the grid elements.
Non-linear iter.: 165/500. Linear iter.: 4. Min. area: 0.000151846. Error: 1.81485e-12.
Computing volumes of the grid elements.
Min. volume: 0.000151846, max. volume: 36.5348.

# FGMRES residual history
# Residual tolerance target = 1e-10
# Initial residual norm     = 6.24237e-10
     0     1
# FGMRES final (true) residual:
# Iteration = 4: |res|/|res0| = 1.81485e-12.

Computing volumes of the grid elements.
Non-linear iter.: 166/500. Linear iter.: 4. Min. area: 0.000151846. Error: 1.81485e-12.
Computing volumes of the grid elements.
Min. volume: 0.000151846, max. volume: 36.5348.

# FGMRES residual history
# Residual tolerance target = 1e-10
# Initial residual norm     = 6.24235e-10
     0     1
# FGMRES final (true) residual:
# Iteration = 4: |res|/|res0| = 1.81485e-12.

Computing volumes of the grid elements.
Non-linear iter.: 167/500. Linear iter.: 4. Min. area: 0.000151846. Error: 1.81485e-12.
Computing volumes of the grid elements.
Min. volume: 0.000151846, max. volume: 36.5348.

# FGMRES residual history
# Residual tolerance target = 1e-10
# Initial residual norm     = 6.24234e-10
     0     1
# FGMRES final (true) residual:
# Iteration = 4: |res|/|res0| = 1.81485e-12.

Computing volumes of the grid elements.
Non-linear iter.: 168/500. Linear iter.: 4. Min. area: 0.000151846. Error: 1.81485e-12.
Computing volumes of the grid elements.
Min. volume: 0.000151846, max. volume: 36.5347.

# FGMRES residual history
# Residual tolerance target = 1e-10
# Initial residual norm     = 6.24233e-10
     0     1
# FGMRES final (true) residual:
# Iteration = 4: |res|/|res0| = 1.81485e-12.

Computing volumes of the grid elements.
Non-linear iter.: 169/500. Linear iter.: 4. Min. area: 0.000151846. Error: 1.81485e-12.
Computing volumes of the grid elements.
Min. volume: 0.000151846, max. volume: 36.5347.

# FGMRES residual history
# Residual tolerance target = 1e-10
# Initial residual norm     = 6.24231e-10
     0     1
# FGMRES final (true) residual:
# Iteration = 4: |res|/|res0| = 1.81485e-12.

Computing volumes of the grid elements.
Non-linear iter.: 170/500. Linear iter.: 4. Min. area: 0.000151846. Error: 1.81485e-12.
Computing volumes of the grid elements.
Min. volume: 0.000151846, max. volume: 36.5347.

# FGMRES residual history
# Residual tolerance target = 1e-10
# Initial residual norm     = 6.2423e-10
     0     1
# FGMRES final (true) residual:
# Iteration = 4: |res|/|res0| = 1.81485e-12.

Computing volumes of the grid elements.
Non-linear iter.: 171/500. Linear iter.: 4. Min. area: 0.000151846. Error: 1.81485e-12.
Computing volumes of the grid elements.
Min. volume: 0.000151846, max. volume: 36.5347.

# FGMRES residual history
# Residual tolerance target = 1e-10
# Initial residual norm     = 6.24229e-10
     0     1
# FGMRES final (true) residual:
# Iteration = 4: |res|/|res0| = 1.81485e-12.

Computing volumes of the grid elements.
Non-linear iter.: 172/500. Linear iter.: 4. Min. area: 0.000151846. Error: 1.81485e-12.
Computing volumes of the grid elements.
Min. volume: 0.000151846, max. volume: 36.5347.

# FGMRES residual history
# Residual tolerance target = 1e-10
# Initial residual norm     = 6.24227e-10
     0     1
# FGMRES final (true) residual:
# Iteration = 4: |res|/|res0| = 1.81486e-12.

Computing volumes of the grid elements.
Non-linear iter.: 173/500. Linear iter.: 4. Min. area: 0.000151846. Error: 1.81486e-12.
Computing volumes of the grid elements.
Min. volume: 0.000151846, max. volume: 36.5347.

# FGMRES residual history
# Residual tolerance target = 1e-10
# Initial residual norm     = 6.24226e-10
     0     1
# FGMRES final (true) residual:
# Iteration = 4: |res|/|res0| = 1.81486e-12.

Computing volumes of the grid elements.
Non-linear iter.: 174/500. Linear iter.: 4. Min. area: 0.000151846. Error: 1.81486e-12.
Computing volumes of the grid elements.
Min. volume: 0.000151846, max. volume: 36.5347.

# FGMRES residual history
# Residual tolerance target = 1e-10
# Initial residual norm     = 6.24225e-10
     0     1
# FGMRES final (true) residual:
# Iteration = 4: |res|/|res0| = 1.81486e-12.

Computing volumes of the grid elements.
Non-linear iter.: 175/500. Linear iter.: 4. Min. area: 0.000151846. Error: 1.81486e-12.
Computing volumes of the grid elements.
Min. volume: 0.000151846, max. volume: 36.5347.

# FGMRES residual history
# Residual tolerance target = 1e-10
# Initial residual norm     = 6.24224e-10
     0     1
# FGMRES final (true) residual:
# Iteration = 4: |res|/|res0| = 1.81486e-12.

Computing volumes of the grid elements.
Non-linear iter.: 176/500. Linear iter.: 4. Min. area: 0.000151846. Error: 1.81486e-12.
Computing volumes of the grid elements.
Min. volume: 0.000151846, max. volume: 36.5347.

# FGMRES residual history
# Residual tolerance target = 1e-10
# Initial residual norm     = 6.24222e-10
     0     1
# FGMRES final (true) residual:
# Iteration = 4: |res|/|res0| = 1.81486e-12.

Computing volumes of the grid elements.
Non-linear iter.: 177/500. Linear iter.: 4. Min. area: 0.000151846. Error: 1.81486e-12.
Computing volumes of the grid elements.
Min. volume: 0.000151846, max. volume: 36.5347.

# FGMRES residual history
# Residual tolerance target = 1e-10
# Initial residual norm     = 6.24221e-10
     0     1
# FGMRES final (true) residual:
# Iteration = 4: |res|/|res0| = 1.81486e-12.

Computing volumes of the grid elements.
Non-linear iter.: 178/500. Linear iter.: 4. Min. area: 0.000151846. Error: 1.81486e-12.
Computing volumes of the grid elements.
Min. volume: 0.000151846, max. volume: 36.5347.

# FGMRES residual history
# Residual tolerance target = 1e-10
# Initial residual norm     = 6.2422e-10
     0     1
# FGMRES final (true) residual:
# Iteration = 4: |res|/|res0| = 1.81486e-12.

Computing volumes of the grid elements.
Non-linear iter.: 179/500. Linear iter.: 4. Min. area: 0.000151846. Error: 1.81486e-12.
Computing volumes of the grid elements.
Min. volume: 0.000151846, max. volume: 36.5347.

# FGMRES residual history
# Residual tolerance target = 1e-10
# Initial residual norm     = 6.24218e-10
     0     1
# FGMRES final (true) residual:
# Iteration = 4: |res|/|res0| = 1.81486e-12.

Computing volumes of the grid elements.
Non-linear iter.: 180/500. Linear iter.: 4. Min. area: 0.000151846. Error: 1.81486e-12.
Computing volumes of the grid elements.
Min. volume: 0.000151846, max. volume: 36.5347.

# FGMRES residual history
# Residual tolerance target = 1e-10
# Initial residual norm     = 6.24217e-10
     0     1
# FGMRES final (true) residual:
# Iteration = 4: |res|/|res0| = 1.81487e-12.

Computing volumes of the grid elements.
Non-linear iter.: 181/500. Linear iter.: 4. Min. area: 0.000151846. Error: 1.81487e-12.
Computing volumes of the grid elements.
Min. volume: 0.000151846, max. volume: 36.5347.

# FGMRES residual history
# Residual tolerance target = 1e-10
# Initial residual norm     = 6.24216e-10
     0     1
# FGMRES final (true) residual:
# Iteration = 4: |res|/|res0| = 1.81487e-12.

Computing volumes of the grid elements.
Non-linear iter.: 182/500. Linear iter.: 4. Min. area: 0.000151846. Error: 1.81487e-12.
Computing volumes of the grid elements.
Min. volume: 0.000151846, max. volume: 36.5347.

# FGMRES residual history
# Residual tolerance target = 1e-10
# Initial residual norm     = 6.24214e-10
     0     1
# FGMRES final (true) residual:
# Iteration = 4: |res|/|res0| = 1.81487e-12.

Computing volumes of the grid elements.
Non-linear iter.: 183/500. Linear iter.: 4. Min. area: 0.000151846. Error: 1.81487e-12.
Computing volumes of the grid elements.
Min. volume: 0.000151846, max. volume: 36.5347.

# FGMRES residual history
# Residual tolerance target = 1e-10
# Initial residual norm     = 6.24213e-10
     0     1
# FGMRES final (true) residual:
# Iteration = 4: |res|/|res0| = 1.81487e-12.

Computing volumes of the grid elements.
Non-linear iter.: 184/500. Linear iter.: 4. Min. area: 0.000151846. Error: 1.81487e-12.
Computing volumes of the grid elements.
Min. volume: 0.000151846, max. volume: 36.5347.

# FGMRES residual history
# Residual tolerance target = 1e-10
# Initial residual norm     = 6.24212e-10
     0     1
# FGMRES final (true) residual:
# Iteration = 4: |res|/|res0| = 1.81487e-12.

Computing volumes of the grid elements.
Non-linear iter.: 185/500. Linear iter.: 4. Min. area: 0.000151846. Error: 1.81487e-12.
Computing volumes of the grid elements.
Min. volume: 0.000151846, max. volume: 36.5347.

# FGMRES residual history
# Residual tolerance target = 1e-10
# Initial residual norm     = 6.24211e-10
     0     1
# FGMRES final (true) residual:
# Iteration = 4: |res|/|res0| = 1.81487e-12.

Computing volumes of the grid elements.
Non-linear iter.: 186/500. Linear iter.: 4. Min. area: 0.000151846. Error: 1.81487e-12.
Computing volumes of the grid elements.
Min. volume: 0.000151846, max. volume: 36.5347.

# FGMRES residual history
# Residual tolerance target = 1e-10
# Initial residual norm     = 6.24209e-10
     0     1
# FGMRES final (true) residual:
# Iteration = 4: |res|/|res0| = 1.81487e-12.

Computing volumes of the grid elements.
Non-linear iter.: 187/500. Linear iter.: 4. Min. area: 0.000151846. Error: 1.81487e-12.
Computing volumes of the grid elements.
Min. volume: 0.000151846, max. volume: 36.5347.

# FGMRES residual history
# Residual tolerance target = 1e-10
# Initial residual norm     = 6.24208e-10
     0     1
# FGMRES final (true) residual:
# Iteration = 4: |res|/|res0| = 1.81487e-12.

Computing volumes of the grid elements.
Non-linear iter.: 188/500. Linear iter.: 4. Min. area: 0.000151846. Error: 1.81487e-12.
Computing volumes of the grid elements.
Min. volume: 0.000151846, max. volume: 36.5347.

# FGMRES residual history
# Residual tolerance target = 1e-10
# Initial residual norm     = 6.24207e-10
     0     1
# FGMRES final (true) residual:
# Iteration = 4: |res|/|res0| = 1.81488e-12.

Computing volumes of the grid elements.
Non-linear iter.: 189/500. Linear iter.: 4. Min. area: 0.000151846. Error: 1.81488e-12.
Computing volumes of the grid elements.
Min. volume: 0.000151846, max. volume: 36.5347.

# FGMRES residual history
# Residual tolerance target = 1e-10
# Initial residual norm     = 6.24205e-10
     0     1
# FGMRES final (true) residual:
# Iteration = 4: |res|/|res0| = 1.81488e-12.

Computing volumes of the grid elements.
Non-linear iter.: 190/500. Linear iter.: 4. Min. area: 0.000151846. Error: 1.81488e-12.
Computing volumes of the grid elements.
Min. volume: 0.000151846, max. volume: 36.5347.

# FGMRES residual history
# Residual tolerance target = 1e-10
# Initial residual norm     = 6.24204e-10
     0     1
# FGMRES final (true) residual:
# Iteration = 4: |res|/|res0| = 1.81488e-12.

Computing volumes of the grid elements.
Non-linear iter.: 191/500. Linear iter.: 4. Min. area: 0.000151846. Error: 1.81488e-12.
Computing volumes of the grid elements.
Min. volume: 0.000151846, max. volume: 36.5347.

# FGMRES residual history
# Residual tolerance target = 1e-10
# Initial residual norm     = 6.24203e-10
     0     1
# FGMRES final (true) residual:
# Iteration = 4: |res|/|res0| = 1.81488e-12.

Computing volumes of the grid elements.
Non-linear iter.: 192/500. Linear iter.: 4. Min. area: 0.000151846. Error: 1.81488e-12.
Computing volumes of the grid elements.
Min. volume: 0.000151846, max. volume: 36.5347.

# FGMRES residual history
# Residual tolerance target = 1e-10
# Initial residual norm     = 6.24201e-10
     0     1
# FGMRES final (true) residual:
# Iteration = 4: |res|/|res0| = 1.81488e-12.

Computing volumes of the grid elements.
Non-linear iter.: 193/500. Linear iter.: 4. Min. area: 0.000151846. Error: 1.81488e-12.
Computing volumes of the grid elements.
Min. volume: 0.000151846, max. volume: 36.5347.

# FGMRES residual history
# Residual tolerance target = 1e-10
# Initial residual norm     = 6.242e-10
     0     1
# FGMRES final (true) residual:
# Iteration = 4: |res|/|res0| = 1.81488e-12.

Computing volumes of the grid elements.
Non-linear iter.: 194/500. Linear iter.: 4. Min. area: 0.000151846. Error: 1.81488e-12.
Computing volumes of the grid elements.
Min. volume: 0.000151846, max. volume: 36.5347.

# FGMRES residual history
# Residual tolerance target = 1e-10
# Initial residual norm     = 6.24199e-10
     0     1
# FGMRES final (true) residual:
# Iteration = 4: |res|/|res0| = 1.81488e-12.

Computing volumes of the grid elements.
Non-linear iter.: 195/500. Linear iter.: 4. Min. area: 0.000151846. Error: 1.81488e-12.
Computing volumes of the grid elements.
Min. volume: 0.000151846, max. volume: 36.5347.

# FGMRES residual history
# Residual tolerance target = 1e-10
# Initial residual norm     = 6.24198e-10
     0     1
# FGMRES final (true) residual:
# Iteration = 4: |res|/|res0| = 1.81489e-12.

Computing volumes of the grid elements.
Non-linear iter.: 196/500. Linear iter.: 4. Min. area: 0.000151846. Error: 1.81489e-12.
Computing volumes of the grid elements.
Min. volume: 0.000151846, max. volume: 36.5347.

# FGMRES residual history
# Residual tolerance target = 1e-10
# Initial residual norm     = 6.24196e-10
     0     1
# FGMRES final (true) residual:
# Iteration = 4: |res|/|res0| = 1.81489e-12.

Computing volumes of the grid elements.
Non-linear iter.: 197/500. Linear iter.: 4. Min. area: 0.000151846. Error: 1.81489e-12.
Computing volumes of the grid elements.
Min. volume: 0.000151846, max. volume: 36.5347.

# FGMRES residual history
# Residual tolerance target = 1e-10
# Initial residual norm     = 6.24195e-10
     0     1
# FGMRES final (true) residual:
# Iteration = 4: |res|/|res0| = 1.81489e-12.

Computing volumes of the grid elements.
Non-linear iter.: 198/500. Linear iter.: 4. Min. area: 0.000151846. Error: 1.81489e-12.
Computing volumes of the grid elements.
Min. volume: 0.000151846, max. volume: 36.5347.

# FGMRES residual history
# Residual tolerance target = 1e-10
# Initial residual norm     = 6.24194e-10
     0     1
# FGMRES final (true) residual:
# Iteration = 4: |res|/|res0| = 1.81489e-12.

Computing volumes of the grid elements.
Non-linear iter.: 199/500. Linear iter.: 4. Min. area: 0.000151846. Error: 1.81489e-12.
Computing volumes of the grid elements.
Min. volume: 0.000151846, max. volume: 36.5347.

# FGMRES residual history
# Residual tolerance target = 1e-10
# Initial residual norm     = 6.24192e-10
     0     1
# FGMRES final (true) residual:
# Iteration = 4: |res|/|res0| = 1.81489e-12.

Computing volumes of the grid elements.
Non-linear iter.: 200/500. Linear iter.: 4. Min. area: 0.000151846. Error: 1.81489e-12.
Computing volumes of the grid elements.
Min. volume: 0.000151846, max. volume: 36.5347.

# FGMRES residual history
# Residual tolerance target = 1e-10
# Initial residual norm     = 6.24191e-10
     0     1
# FGMRES final (true) residual:
# Iteration = 4: |res|/|res0| = 1.81489e-12.

Computing volumes of the grid elements.
Non-linear iter.: 201/500. Linear iter.: 4. Min. area: 0.000151846. Error: 1.81489e-12.
Computing volumes of the grid elements.
Min. volume: 0.000151846, max. volume: 36.5347.

# FGMRES residual history
# Residual tolerance target = 1e-10
# Initial residual norm     = 6.2419e-10
     0     1
# FGMRES final (true) residual:
# Iteration = 4: |res|/|res0| = 1.81489e-12.

Computing volumes of the grid elements.
Non-linear iter.: 202/500. Linear iter.: 4. Min. area: 0.000151846. Error: 1.81489e-12.
Computing volumes of the grid elements.
Min. volume: 0.000151846, max. volume: 36.5347.

# FGMRES residual history
# Residual tolerance target = 1e-10
# Initial residual norm     = 6.24188e-10
     0     1
# FGMRES final (true) residual:
# Iteration = 4: |res|/|res0| = 1.81489e-12.

Computing volumes of the grid elements.
Non-linear iter.: 203/500. Linear iter.: 4. Min. area: 0.000151846. Error: 1.81489e-12.
Computing volumes of the grid elements.
Min. volume: 0.000151846, max. volume: 36.5347.

# FGMRES residual history
# Residual tolerance target = 1e-10
# Initial residual norm     = 6.24187e-10
     0     1
# FGMRES final (true) residual:
# Iteration = 4: |res|/|res0| = 1.8149e-12.

Computing volumes of the grid elements.
Non-linear iter.: 204/500. Linear iter.: 4. Min. area: 0.000151846. Error: 1.8149e-12.
Computing volumes of the grid elements.
Min. volume: 0.000151846, max. volume: 36.5347.

# FGMRES residual history
# Residual tolerance target = 1e-10
# Initial residual norm     = 6.24186e-10
     0     1
# FGMRES final (true) residual:
# Iteration = 4: |res|/|res0| = 1.8149e-12.

Computing volumes of the grid elements.
Non-linear iter.: 205/500. Linear iter.: 4. Min. area: 0.000151846. Error: 1.8149e-12.
Computing volumes of the grid elements.
Min. volume: 0.000151846, max. volume: 36.5347.

# FGMRES residual history
# Residual tolerance target = 1e-10
# Initial residual norm     = 6.24185e-10
     0     1
# FGMRES final (true) residual:
# Iteration = 4: |res|/|res0| = 1.8149e-12.

Computing volumes of the grid elements.
Non-linear iter.: 206/500. Linear iter.: 4. Min. area: 0.000151846. Error: 1.8149e-12.
Computing volumes of the grid elements.
Min. volume: 0.000151846, max. volume: 36.5347.

# FGMRES residual history
# Residual tolerance target = 1e-10
# Initial residual norm     = 6.24183e-10
     0     1
# FGMRES final (true) residual:
# Iteration = 4: |res|/|res0| = 1.8149e-12.

Computing volumes of the grid elements.
Non-linear iter.: 207/500. Linear iter.: 4. Min. area: 0.000151846. Error: 1.8149e-12.
Computing volumes of the grid elements.
Min. volume: 0.000151846, max. volume: 36.5347.

# FGMRES residual history
# Residual tolerance target = 1e-10
# Initial residual norm     = 6.24182e-10
     0     1
# FGMRES final (true) residual:
# Iteration = 4: |res|/|res0| = 1.8149e-12.

Computing volumes of the grid elements.
Non-linear iter.: 208/500. Linear iter.: 4. Min. area: 0.000151846. Error: 1.8149e-12.
Computing volumes of the grid elements.
Min. volume: 0.000151846, max. volume: 36.5347.

# FGMRES residual history
# Residual tolerance target = 1e-10
# Initial residual norm     = 6.24181e-10
     0     1
# FGMRES final (true) residual:
# Iteration = 4: |res|/|res0| = 1.8149e-12.

Computing volumes of the grid elements.
Non-linear iter.: 209/500. Linear iter.: 4. Min. area: 0.000151846. Error: 1.8149e-12.
Computing volumes of the grid elements.
Min. volume: 0.000151846, max. volume: 36.5347.

# FGMRES residual history
# Residual tolerance target = 1e-10
# Initial residual norm     = 6.24179e-10
     0     1
# FGMRES final (true) residual:
# Iteration = 4: |res|/|res0| = 1.8149e-12.

Computing volumes of the grid elements.
Non-linear iter.: 210/500. Linear iter.: 4. Min. area: 0.000151846. Error: 1.8149e-12.
Computing volumes of the grid elements.
Min. volume: 0.000151846, max. volume: 36.5347.

# FGMRES residual history
# Residual tolerance target = 1e-10
# Initial residual norm     = 6.24178e-10
     0     1
# FGMRES final (true) residual:
# Iteration = 4: |res|/|res0| = 1.8149e-12.

Computing volumes of the grid elements.
Non-linear iter.: 211/500. Linear iter.: 4. Min. area: 0.000151846. Error: 1.8149e-12.
Computing volumes of the grid elements.
Min. volume: 0.000151846, max. volume: 36.5347.

# FGMRES residual history
# Residual tolerance target = 1e-10
# Initial residual norm     = 6.24177e-10
     0     1
# FGMRES final (true) residual:
# Iteration = 4: |res|/|res0| = 1.81491e-12.

Computing volumes of the grid elements.
Non-linear iter.: 212/500. Linear iter.: 4. Min. area: 0.000151846. Error: 1.81491e-12.
Computing volumes of the grid elements.
Min. volume: 0.000151846, max. volume: 36.5347.

# FGMRES residual history
# Residual tolerance target = 1e-10
# Initial residual norm     = 6.24175e-10
     0     1
# FGMRES final (true) residual:
# Iteration = 4: |res|/|res0| = 1.81491e-12.

Computing volumes of the grid elements.
Non-linear iter.: 213/500. Linear iter.: 4. Min. area: 0.000151846. Error: 1.81491e-12.
Computing volumes of the grid elements.
Min. volume: 0.000151846, max. volume: 36.5347.

# FGMRES residual history
# Residual tolerance target = 1e-10
# Initial residual norm     = 6.24174e-10
     0     1
# FGMRES final (true) residual:
# Iteration = 4: |res|/|res0| = 1.81491e-12.

Computing volumes of the grid elements.
Non-linear iter.: 214/500. Linear iter.: 4. Min. area: 0.000151846. Error: 1.81491e-12.
Computing volumes of the grid elements.
Min. volume: 0.000151846, max. volume: 36.5347.

# FGMRES residual history
# Residual tolerance target = 1e-10
# Initial residual norm     = 6.24173e-10
     0     1
# FGMRES final (true) residual:
# Iteration = 4: |res|/|res0| = 1.81491e-12.

Computing volumes of the grid elements.
Non-linear iter.: 215/500. Linear iter.: 4. Min. area: 0.000151846. Error: 1.81491e-12.
Computing volumes of the grid elements.
Min. volume: 0.000151846, max. volume: 36.5347.

# FGMRES residual history
# Residual tolerance target = 1e-10
# Initial residual norm     = 6.24172e-10
     0     1
# FGMRES final (true) residual:
# Iteration = 4: |res|/|res0| = 1.81491e-12.

Computing volumes of the grid elements.
Non-linear iter.: 216/500. Linear iter.: 4. Min. area: 0.000151846. Error: 1.81491e-12.
Computing volumes of the grid elements.
Min. volume: 0.000151846, max. volume: 36.5347.

# FGMRES residual history
# Residual tolerance target = 1e-10
# Initial residual norm     = 6.2417e-10
     0     1
# FGMRES final (true) residual:
# Iteration = 4: |res|/|res0| = 1.81491e-12.

Computing volumes of the grid elements.
Non-linear iter.: 217/500. Linear iter.: 4. Min. area: 0.000151846. Error: 1.81491e-12.
Computing volumes of the grid elements.
Min. volume: 0.000151846, max. volume: 36.5347.

# FGMRES residual history
# Residual tolerance target = 1e-10
# Initial residual norm     = 6.24169e-10
     0     1
# FGMRES final (true) residual:
# Iteration = 4: |res|/|res0| = 1.81491e-12.

Computing volumes of the grid elements.
Non-linear iter.: 218/500. Linear iter.: 4. Min. area: 0.000151846. Error: 1.81491e-12.
Computing volumes of the grid elements.
Min. volume: 0.000151846, max. volume: 36.5347.

# FGMRES residual history
# Residual tolerance target = 1e-10
# Initial residual norm     = 6.24168e-10
     0     1
# FGMRES final (true) residual:
# Iteration = 4: |res|/|res0| = 1.81491e-12.

Computing volumes of the grid elements.
Non-linear iter.: 219/500. Linear iter.: 4. Min. area: 0.000151846. Error: 1.81491e-12.
Computing volumes of the grid elements.
Min. volume: 0.000151846, max. volume: 36.5347.

# FGMRES residual history
# Residual tolerance target = 1e-10
# Initial residual norm     = 6.24166e-10
     0     1
# FGMRES final (true) residual:
# Iteration = 4: |res|/|res0| = 1.81492e-12.

Computing volumes of the grid elements.
Non-linear iter.: 220/500. Linear iter.: 4. Min. area: 0.000151846. Error: 1.81492e-12.
Computing volumes of the grid elements.
Min. volume: 0.000151846, max. volume: 36.5347.

# FGMRES residual history
# Residual tolerance target = 1e-10
# Initial residual norm     = 6.24165e-10
     0     1
# FGMRES final (true) residual:
# Iteration = 4: |res|/|res0| = 1.81492e-12.

Computing volumes of the grid elements.
Non-linear iter.: 221/500. Linear iter.: 4. Min. area: 0.000151846. Error: 1.81492e-12.
Computing volumes of the grid elements.
Min. volume: 0.000151846, max. volume: 36.5347.

# FGMRES residual history
# Residual tolerance target = 1e-10
# Initial residual norm     = 6.24164e-10
     0     1
# FGMRES final (true) residual:
# Iteration = 4: |res|/|res0| = 1.81492e-12.

Computing volumes of the grid elements.
Non-linear iter.: 222/500. Linear iter.: 4. Min. area: 0.000151846. Error: 1.81492e-12.
Computing volumes of the grid elements.
Min. volume: 0.000151846, max. volume: 36.5347.

# FGMRES residual history
# Residual tolerance target = 1e-10
# Initial residual norm     = 6.24162e-10
     0     1
# FGMRES final (true) residual:
# Iteration = 4: |res|/|res0| = 1.81492e-12.

Computing volumes of the grid elements.
Non-linear iter.: 223/500. Linear iter.: 4. Min. area: 0.000151846. Error: 1.81492e-12.
Computing volumes of the grid elements.
Min. volume: 0.000151846, max. volume: 36.5347.

# FGMRES residual history
# Residual tolerance target = 1e-10
# Initial residual norm     = 6.24161e-10
     0     1
# FGMRES final (true) residual:
# Iteration = 4: |res|/|res0| = 1.81492e-12.

Computing volumes of the grid elements.
Non-linear iter.: 224/500. Linear iter.: 4. Min. area: 0.000151846. Error: 1.81492e-12.
Computing volumes of the grid elements.
Min. volume: 0.000151846, max. volume: 36.5347.

# FGMRES residual history
# Residual tolerance target = 1e-10
# Initial residual norm     = 6.2416e-10
     0     1
# FGMRES final (true) residual:
# Iteration = 4: |res|/|res0| = 1.81492e-12.

Computing volumes of the grid elements.
Non-linear iter.: 225/500. Linear iter.: 4. Min. area: 0.000151846. Error: 1.81492e-12.
Computing volumes of the grid elements.
Min. volume: 0.000151846, max. volume: 36.5347.

# FGMRES residual history
# Residual tolerance target = 1e-10
# Initial residual norm     = 6.24159e-10
     0     1
# FGMRES final (true) residual:
# Iteration = 4: |res|/|res0| = 1.81492e-12.

Computing volumes of the grid elements.
Non-linear iter.: 226/500. Linear iter.: 4. Min. area: 0.000151846. Error: 1.81492e-12.
Computing volumes of the grid elements.
Min. volume: 0.000151846, max. volume: 36.5347.

# FGMRES residual history
# Residual tolerance target = 1e-10
# Initial residual norm     = 6.24157e-10
     0     1
# FGMRES final (true) residual:
# Iteration = 4: |res|/|res0| = 1.81492e-12.

Computing volumes of the grid elements.
Non-linear iter.: 227/500. Linear iter.: 4. Min. area: 0.000151846. Error: 1.81492e-12.
Computing volumes of the grid elements.
Min. volume: 0.000151846, max. volume: 36.5347.

# FGMRES residual history
# Residual tolerance target = 1e-10
# Initial residual norm     = 6.24156e-10
     0     1
# FGMRES final (true) residual:
# Iteration = 4: |res|/|res0| = 1.81493e-12.

Computing volumes of the grid elements.
Non-linear iter.: 228/500. Linear iter.: 4. Min. area: 0.000151846. Error: 1.81493e-12.
Computing volumes of the grid elements.
Min. volume: 0.000151846, max. volume: 36.5347.

# FGMRES residual history
# Residual tolerance target = 1e-10
# Initial residual norm     = 6.24155e-10
     0     1
# FGMRES final (true) residual:
# Iteration = 4: |res|/|res0| = 1.81493e-12.

Computing volumes of the grid elements.
Non-linear iter.: 229/500. Linear iter.: 4. Min. area: 0.000151846. Error: 1.81493e-12.
Computing volumes of the grid elements.
Min. volume: 0.000151846, max. volume: 36.5347.

# FGMRES residual history
# Residual tolerance target = 1e-10
# Initial residual norm     = 6.24153e-10
     0     1
# FGMRES final (true) residual:
# Iteration = 4: |res|/|res0| = 1.81493e-12.

Computing volumes of the grid elements.
Non-linear iter.: 230/500. Linear iter.: 4. Min. area: 0.000151846. Error: 1.81493e-12.
Computing volumes of the grid elements.
Min. volume: 0.000151846, max. volume: 36.5347.

# FGMRES residual history
# Residual tolerance target = 1e-10
# Initial residual norm     = 6.24152e-10
     0     1
# FGMRES final (true) residual:
# Iteration = 4: |res|/|res0| = 1.81493e-12.

Computing volumes of the grid elements.
Non-linear iter.: 231/500. Linear iter.: 4. Min. area: 0.000151846. Error: 1.81493e-12.
Computing volumes of the grid elements.
Min. volume: 0.000151846, max. volume: 36.5347.

# FGMRES residual history
# Residual tolerance target = 1e-10
# Initial residual norm     = 6.24151e-10
     0     1
# FGMRES final (true) residual:
# Iteration = 4: |res|/|res0| = 1.81493e-12.

Computing volumes of the grid elements.
Non-linear iter.: 232/500. Linear iter.: 4. Min. area: 0.000151846. Error: 1.81493e-12.
Computing volumes of the grid elements.
Min. volume: 0.000151846, max. volume: 36.5347.

# FGMRES residual history
# Residual tolerance target = 1e-10
# Initial residual norm     = 6.24149e-10
     0     1
# FGMRES final (true) residual:
# Iteration = 4: |res|/|res0| = 1.81493e-12.

Computing volumes of the grid elements.
Non-linear iter.: 233/500. Linear iter.: 4. Min. area: 0.000151846. Error: 1.81493e-12.
Computing volumes of the grid elements.
Min. volume: 0.000151846, max. volume: 36.5347.

# FGMRES residual history
# Residual tolerance target = 1e-10
# Initial residual norm     = 6.24148e-10
     0     1
# FGMRES final (true) residual:
# Iteration = 4: |res|/|res0| = 1.81493e-12.

Computing volumes of the grid elements.
Non-linear iter.: 234/500. Linear iter.: 4. Min. area: 0.000151846. Error: 1.81493e-12.
Computing volumes of the grid elements.
Min. volume: 0.000151846, max. volume: 36.5347.

# FGMRES residual history
# Residual tolerance target = 1e-10
# Initial residual norm     = 6.24147e-10
     0     1
# FGMRES final (true) residual:
# Iteration = 4: |res|/|res0| = 1.81493e-12.

Computing volumes of the grid elements.
Non-linear iter.: 235/500. Linear iter.: 4. Min. area: 0.000151846. Error: 1.81493e-12.
Computing volumes of the grid elements.
Min. volume: 0.000151846, max. volume: 36.5347.

# FGMRES residual history
# Residual tolerance target = 1e-10
# Initial residual norm     = 6.24146e-10
     0     1
# FGMRES final (true) residual:
# Iteration = 4: |res|/|res0| = 1.81494e-12.

Computing volumes of the grid elements.
Non-linear iter.: 236/500. Linear iter.: 4. Min. area: 0.000151846. Error: 1.81494e-12.
Computing volumes of the grid elements.
Min. volume: 0.000151846, max. volume: 36.5347.

# FGMRES residual history
# Residual tolerance target = 1e-10
# Initial residual norm     = 6.24144e-10
     0     1
# FGMRES final (true) residual:
# Iteration = 4: |res|/|res0| = 1.81494e-12.

Computing volumes of the grid elements.
Non-linear iter.: 237/500. Linear iter.: 4. Min. area: 0.000151846. Error: 1.81494e-12.
Computing volumes of the grid elements.
Min. volume: 0.000151846, max. volume: 36.5347.

# FGMRES residual history
# Residual tolerance target = 1e-10
# Initial residual norm     = 6.24143e-10
     0     1
# FGMRES final (true) residual:
# Iteration = 4: |res|/|res0| = 1.81494e-12.

Computing volumes of the grid elements.
Non-linear iter.: 238/500. Linear iter.: 4. Min. area: 0.000151846. Error: 1.81494e-12.
Computing volumes of the grid elements.
Min. volume: 0.000151846, max. volume: 36.5347.

# FGMRES residual history
# Residual tolerance target = 1e-10
# Initial residual norm     = 6.24142e-10
     0     1
# FGMRES final (true) residual:
# Iteration = 4: |res|/|res0| = 1.81494e-12.

Computing volumes of the grid elements.
Non-linear iter.: 239/500. Linear iter.: 4. Min. area: 0.000151846. Error: 1.81494e-12.
Computing volumes of the grid elements.
Min. volume: 0.000151846, max. volume: 36.5347.

# FGMRES residual history
# Residual tolerance target = 1e-10
# Initial residual norm     = 6.2414e-10
     0     1
# FGMRES final (true) residual:
# Iteration = 4: |res|/|res0| = 1.81494e-12.

Computing volumes of the grid elements.
Non-linear iter.: 240/500. Linear iter.: 4. Min. area: 0.000151846. Error: 1.81494e-12.
Computing volumes of the grid elements.
Min. volume: 0.000151846, max. volume: 36.5347.

# FGMRES residual history
# Residual tolerance target = 1e-10
# Initial residual norm     = 6.24139e-10
     0     1
# FGMRES final (true) residual:
# Iteration = 4: |res|/|res0| = 1.81494e-12.

Computing volumes of the grid elements.
Non-linear iter.: 241/500. Linear iter.: 4. Min. area: 0.000151846. Error: 1.81494e-12.
Computing volumes of the grid elements.
Min. volume: 0.000151846, max. volume: 36.5347.

# FGMRES residual history
# Residual tolerance target = 1e-10
# Initial residual norm     = 6.24138e-10
     0     1
# FGMRES final (true) residual:
# Iteration = 4: |res|/|res0| = 1.81494e-12.

Computing volumes of the grid elements.
Non-linear iter.: 242/500. Linear iter.: 4. Min. area: 0.000151846. Error: 1.81494e-12.
Computing volumes of the grid elements.
Min. volume: 0.000151846, max. volume: 36.5347.

# FGMRES residual history
# Residual tolerance target = 1e-10
# Initial residual norm     = 6.24136e-10
     0     1
# FGMRES final (true) residual:
# Iteration = 4: |res|/|res0| = 1.81494e-12.

Computing volumes of the grid elements.
Non-linear iter.: 243/500. Linear iter.: 4. Min. area: 0.000151846. Error: 1.81494e-12.
Computing volumes of the grid elements.
Min. volume: 0.000151846, max. volume: 36.5347.

# FGMRES residual history
# Residual tolerance target = 1e-10
# Initial residual norm     = 6.24135e-10
     0     1
# FGMRES final (true) residual:
# Iteration = 4: |res|/|res0| = 1.81495e-12.

Computing volumes of the grid elements.
Non-linear iter.: 244/500. Linear iter.: 4. Min. area: 0.000151846. Error: 1.81495e-12.
Computing volumes of the grid elements.
Min. volume: 0.000151846, max. volume: 36.5347.

# FGMRES residual history
# Residual tolerance target = 1e-10
# Initial residual norm     = 6.24134e-10
     0     1
# FGMRES final (true) residual:
# Iteration = 4: |res|/|res0| = 1.81495e-12.

Computing volumes of the grid elements.
Non-linear iter.: 245/500. Linear iter.: 4. Min. area: 0.000151846. Error: 1.81495e-12.
Computing volumes of the grid elements.
Min. volume: 0.000151846, max. volume: 36.5346.

# FGMRES residual history
# Residual tolerance target = 1e-10
# Initial residual norm     = 6.24133e-10
     0     1
# FGMRES final (true) residual:
# Iteration = 4: |res|/|res0| = 1.81495e-12.

Computing volumes of the grid elements.
Non-linear iter.: 246/500. Linear iter.: 4. Min. area: 0.000151846. Error: 1.81495e-12.
Computing volumes of the grid elements.
Min. volume: 0.000151846, max. volume: 36.5346.

# FGMRES residual history
# Residual tolerance target = 1e-10
# Initial residual norm     = 6.24131e-10
     0     1
# FGMRES final (true) residual:
# Iteration = 4: |res|/|res0| = 1.81495e-12.

Computing volumes of the grid elements.
Non-linear iter.: 247/500. Linear iter.: 4. Min. area: 0.000151846. Error: 1.81495e-12.
Computing volumes of the grid elements.
Min. volume: 0.000151846, max. volume: 36.5346.

# FGMRES residual history
# Residual tolerance target = 1e-10
# Initial residual norm     = 6.2413e-10
     0     1
# FGMRES final (true) residual:
# Iteration = 4: |res|/|res0| = 1.81495e-12.

Computing volumes of the grid elements.
Non-linear iter.: 248/500. Linear iter.: 4. Min. area: 0.000151846. Error: 1.81495e-12.
Computing volumes of the grid elements.
Min. volume: 0.000151846, max. volume: 36.5346.

# FGMRES residual history
# Residual tolerance target = 1e-10
# Initial residual norm     = 6.24129e-10
     0     1
# FGMRES final (true) residual:
# Iteration = 4: |res|/|res0| = 1.81495e-12.

Computing volumes of the grid elements.
Non-linear iter.: 249/500. Linear iter.: 4. Min. area: 0.000151846. Error: 1.81495e-12.
Computing volumes of the grid elements.
Min. volume: 0.000151846, max. volume: 36.5346.

# FGMRES residual history
# Residual tolerance target = 1e-10
# Initial residual norm     = 6.24127e-10
     0     1
# FGMRES final (true) residual:
# Iteration = 4: |res|/|res0| = 1.81495e-12.

Computing volumes of the grid elements.
Non-linear iter.: 250/500. Linear iter.: 4. Min. area: 0.000151846. Error: 1.81495e-12.
Computing volumes of the grid elements.
Min. volume: 0.000151846, max. volume: 36.5346.

# FGMRES residual history
# Residual tolerance target = 1e-10
# Initial residual norm     = 6.24126e-10
     0     1
# FGMRES final (true) residual:
# Iteration = 4: |res|/|res0| = 1.81495e-12.

Computing volumes of the grid elements.
Non-linear iter.: 251/500. Linear iter.: 4. Min. area: 0.000151846. Error: 1.81495e-12.
Computing volumes of the grid elements.
Min. volume: 0.000151846, max. volume: 36.5346.

# FGMRES residual history
# Residual tolerance target = 1e-10
# Initial residual norm     = 6.24125e-10
     0     1
# FGMRES final (true) residual:
# Iteration = 4: |res|/|res0| = 1.81496e-12.

Computing volumes of the grid elements.
Non-linear iter.: 252/500. Linear iter.: 4. Min. area: 0.000151846. Error: 1.81496e-12.
Computing volumes of the grid elements.
Min. volume: 0.000151846, max. volume: 36.5346.

# FGMRES residual history
# Residual tolerance target = 1e-10
# Initial residual norm     = 6.24123e-10
     0     1
# FGMRES final (true) residual:
# Iteration = 4: |res|/|res0| = 1.81496e-12.

Computing volumes of the grid elements.
Non-linear iter.: 253/500. Linear iter.: 4. Min. area: 0.000151846. Error: 1.81496e-12.
Computing volumes of the grid elements.
Min. volume: 0.000151846, max. volume: 36.5346.

# FGMRES residual history
# Residual tolerance target = 1e-10
# Initial residual norm     = 6.24122e-10
     0     1
# FGMRES final (true) residual:
# Iteration = 4: |res|/|res0| = 1.81496e-12.

Computing volumes of the grid elements.
Non-linear iter.: 254/500. Linear iter.: 4. Min. area: 0.000151846. Error: 1.81496e-12.
Computing volumes of the grid elements.
Min. volume: 0.000151846, max. volume: 36.5346.

# FGMRES residual history
# Residual tolerance target = 1e-10
# Initial residual norm     = 6.24121e-10
     0     1
# FGMRES final (true) residual:
# Iteration = 4: |res|/|res0| = 1.81496e-12.

Computing volumes of the grid elements.
Non-linear iter.: 255/500. Linear iter.: 4. Min. area: 0.000151846. Error: 1.81496e-12.
Computing volumes of the grid elements.
Min. volume: 0.000151846, max. volume: 36.5346.

# FGMRES residual history
# Residual tolerance target = 1e-10
# Initial residual norm     = 6.2412e-10
     0     1
# FGMRES final (true) residual:
# Iteration = 4: |res|/|res0| = 1.81496e-12.

Computing volumes of the grid elements.
Non-linear iter.: 256/500. Linear iter.: 4. Min. area: 0.000151846. Error: 1.81496e-12.
Computing volumes of the grid elements.
Min. volume: 0.000151846, max. volume: 36.5346.

# FGMRES residual history
# Residual tolerance target = 1e-10
# Initial residual norm     = 6.24118e-10
     0     1
# FGMRES final (true) residual:
# Iteration = 4: |res|/|res0| = 1.81496e-12.

Computing volumes of the grid elements.
Non-linear iter.: 257/500. Linear iter.: 4. Min. area: 0.000151846. Error: 1.81496e-12.
Computing volumes of the grid elements.
Min. volume: 0.000151846, max. volume: 36.5346.

# FGMRES residual history
# Residual tolerance target = 1e-10
# Initial residual norm     = 6.24117e-10
     0     1
# FGMRES final (true) residual:
# Iteration = 4: |res|/|res0| = 1.81496e-12.

Computing volumes of the grid elements.
Non-linear iter.: 258/500. Linear iter.: 4. Min. area: 0.000151846. Error: 1.81496e-12.
Computing volumes of the grid elements.
Min. volume: 0.000151846, max. volume: 36.5346.

# FGMRES residual history
# Residual tolerance target = 1e-10
# Initial residual norm     = 6.24116e-10
     0     1
# FGMRES final (true) residual:
# Iteration = 4: |res|/|res0| = 1.81496e-12.

Computing volumes of the grid elements.
Non-linear iter.: 259/500. Linear iter.: 4. Min. area: 0.000151846. Error: 1.81496e-12.
Computing volumes of the grid elements.
Min. volume: 0.000151846, max. volume: 36.5346.

# FGMRES residual history
# Residual tolerance target = 1e-10
# Initial residual norm     = 6.24114e-10
     0     1
# FGMRES final (true) residual:
# Iteration = 4: |res|/|res0| = 1.81497e-12.

Computing volumes of the grid elements.
Non-linear iter.: 260/500. Linear iter.: 4. Min. area: 0.000151846. Error: 1.81497e-12.
Computing volumes of the grid elements.
Min. volume: 0.000151846, max. volume: 36.5346.

# FGMRES residual history
# Residual tolerance target = 1e-10
# Initial residual norm     = 6.24113e-10
     0     1
# FGMRES final (true) residual:
# Iteration = 4: |res|/|res0| = 1.81497e-12.

Computing volumes of the grid elements.
Non-linear iter.: 261/500. Linear iter.: 4. Min. area: 0.000151846. Error: 1.81497e-12.
Computing volumes of the grid elements.
Min. volume: 0.000151846, max. volume: 36.5346.

# FGMRES residual history
# Residual tolerance target = 1e-10
# Initial residual norm     = 6.24112e-10
     0     1
# FGMRES final (true) residual:
# Iteration = 4: |res|/|res0| = 1.81497e-12.

Computing volumes of the grid elements.
Non-linear iter.: 262/500. Linear iter.: 4. Min. area: 0.000151846. Error: 1.81497e-12.
Computing volumes of the grid elements.
Min. volume: 0.000151846, max. volume: 36.5346.

# FGMRES residual history
# Residual tolerance target = 1e-10
# Initial residual norm     = 6.2411e-10
     0     1
# FGMRES final (true) residual:
# Iteration = 4: |res|/|res0| = 1.81497e-12.

Computing volumes of the grid elements.
Non-linear iter.: 263/500. Linear iter.: 4. Min. area: 0.000151846. Error: 1.81497e-12.
Computing volumes of the grid elements.
Min. volume: 0.000151846, max. volume: 36.5346.

# FGMRES residual history
# Residual tolerance target = 1e-10
# Initial residual norm     = 6.24109e-10
     0     1
# FGMRES final (true) residual:
# Iteration = 4: |res|/|res0| = 1.81497e-12.

Computing volumes of the grid elements.
Non-linear iter.: 264/500. Linear iter.: 4. Min. area: 0.000151846. Error: 1.81497e-12.
Computing volumes of the grid elements.
Min. volume: 0.000151846, max. volume: 36.5346.

# FGMRES residual history
# Residual tolerance target = 1e-10
# Initial residual norm     = 6.24108e-10
     0     1
# FGMRES final (true) residual:
# Iteration = 4: |res|/|res0| = 1.81497e-12.

Computing volumes of the grid elements.
Non-linear iter.: 265/500. Linear iter.: 4. Min. area: 0.000151846. Error: 1.81497e-12.
Computing volumes of the grid elements.
Min. volume: 0.000151846, max. volume: 36.5346.

# FGMRES residual history
# Residual tolerance target = 1e-10
# Initial residual norm     = 6.24107e-10
     0     1
# FGMRES final (true) residual:
# Iteration = 4: |res|/|res0| = 1.81497e-12.

Computing volumes of the grid elements.
Non-linear iter.: 266/500. Linear iter.: 4. Min. area: 0.000151846. Error: 1.81497e-12.
Computing volumes of the grid elements.
Min. volume: 0.000151846, max. volume: 36.5346.

# FGMRES residual history
# Residual tolerance target = 1e-10
# Initial residual norm     = 6.24105e-10
     0     1
# FGMRES final (true) residual:
# Iteration = 4: |res|/|res0| = 1.81497e-12.

Computing volumes of the grid elements.
Non-linear iter.: 267/500. Linear iter.: 4. Min. area: 0.000151846. Error: 1.81497e-12.
Computing volumes of the grid elements.
Min. volume: 0.000151846, max. volume: 36.5346.

# FGMRES residual history
# Residual tolerance target = 1e-10
# Initial residual norm     = 6.24104e-10
     0     1
# FGMRES final (true) residual:
# Iteration = 4: |res|/|res0| = 1.81498e-12.

Computing volumes of the grid elements.
Non-linear iter.: 268/500. Linear iter.: 4. Min. area: 0.000151846. Error: 1.81498e-12.
Computing volumes of the grid elements.
Min. volume: 0.000151846, max. volume: 36.5346.

# FGMRES residual history
# Residual tolerance target = 1e-10
# Initial residual norm     = 6.24103e-10
     0     1
# FGMRES final (true) residual:
# Iteration = 4: |res|/|res0| = 1.81498e-12.

Computing volumes of the grid elements.
Non-linear iter.: 269/500. Linear iter.: 4. Min. area: 0.000151846. Error: 1.81498e-12.
Computing volumes of the grid elements.
Min. volume: 0.000151846, max. volume: 36.5346.

# FGMRES residual history
# Residual tolerance target = 1e-10
# Initial residual norm     = 6.24101e-10
     0     1
# FGMRES final (true) residual:
# Iteration = 4: |res|/|res0| = 1.81498e-12.

Computing volumes of the grid elements.
Non-linear iter.: 270/500. Linear iter.: 4. Min. area: 0.000151846. Error: 1.81498e-12.
Computing volumes of the grid elements.
Min. volume: 0.000151846, max. volume: 36.5346.

# FGMRES residual history
# Residual tolerance target = 1e-10
# Initial residual norm     = 6.241e-10
     0     1
# FGMRES final (true) residual:
# Iteration = 4: |res|/|res0| = 1.81498e-12.

Computing volumes of the grid elements.
Non-linear iter.: 271/500. Linear iter.: 4. Min. area: 0.000151846. Error: 1.81498e-12.
Computing volumes of the grid elements.
Min. volume: 0.000151846, max. volume: 36.5346.

# FGMRES residual history
# Residual tolerance target = 1e-10
# Initial residual norm     = 6.24099e-10
     0     1
# FGMRES final (true) residual:
# Iteration = 4: |res|/|res0| = 1.81498e-12.

Computing volumes of the grid elements.
Non-linear iter.: 272/500. Linear iter.: 4. Min. area: 0.000151846. Error: 1.81498e-12.
Computing volumes of the grid elements.
Min. volume: 0.000151846, max. volume: 36.5346.

# FGMRES residual history
# Residual tolerance target = 1e-10
# Initial residual norm     = 6.24097e-10
     0     1
# FGMRES final (true) residual:
# Iteration = 4: |res|/|res0| = 1.81498e-12.

Computing volumes of the grid elements.
Non-linear iter.: 273/500. Linear iter.: 4. Min. area: 0.000151846. Error: 1.81498e-12.
Computing volumes of the grid elements.
Min. volume: 0.000151846, max. volume: 36.5346.

# FGMRES residual history
# Residual tolerance target = 1e-10
# Initial residual norm     = 6.24096e-10
     0     1
# FGMRES final (true) residual:
# Iteration = 4: |res|/|res0| = 1.81498e-12.

Computing volumes of the grid elements.
Non-linear iter.: 274/500. Linear iter.: 4. Min. area: 0.000151846. Error: 1.81498e-12.
Computing volumes of the grid elements.
Min. volume: 0.000151846, max. volume: 36.5346.

# FGMRES residual history
# Residual tolerance target = 1e-10
# Initial residual norm     = 6.24095e-10
     0     1
# FGMRES final (true) residual:
# Iteration = 4: |res|/|res0| = 1.81498e-12.

Computing volumes of the grid elements.
Non-linear iter.: 275/500. Linear iter.: 4. Min. area: 0.000151846. Error: 1.81498e-12.
Computing volumes of the grid elements.
Min. volume: 0.000151846, max. volume: 36.5346.

# FGMRES residual history
# Residual tolerance target = 1e-10
# Initial residual norm     = 6.24094e-10
     0     1
# FGMRES final (true) residual:
# Iteration = 4: |res|/|res0| = 1.81499e-12.

Computing volumes of the grid elements.
Non-linear iter.: 276/500. Linear iter.: 4. Min. area: 0.000151846. Error: 1.81499e-12.
Computing volumes of the grid elements.
Min. volume: 0.000151846, max. volume: 36.5346.

# FGMRES residual history
# Residual tolerance target = 1e-10
# Initial residual norm     = 6.24092e-10
     0     1
# FGMRES final (true) residual:
# Iteration = 4: |res|/|res0| = 1.81499e-12.

Computing volumes of the grid elements.
Non-linear iter.: 277/500. Linear iter.: 4. Min. area: 0.000151846. Error: 1.81499e-12.
Computing volumes of the grid elements.
Min. volume: 0.000151846, max. volume: 36.5346.

# FGMRES residual history
# Residual tolerance target = 1e-10
# Initial residual norm     = 6.24091e-10
     0     1
# FGMRES final (true) residual:
# Iteration = 4: |res|/|res0| = 1.81499e-12.

Computing volumes of the grid elements.
Non-linear iter.: 278/500. Linear iter.: 4. Min. area: 0.000151846. Error: 1.81499e-12.
Computing volumes of the grid elements.
Min. volume: 0.000151846, max. volume: 36.5346.

# FGMRES residual history
# Residual tolerance target = 1e-10
# Initial residual norm     = 6.2409e-10
     0     1
# FGMRES final (true) residual:
# Iteration = 4: |res|/|res0| = 1.81499e-12.

Computing volumes of the grid elements.
Non-linear iter.: 279/500. Linear iter.: 4. Min. area: 0.000151846. Error: 1.81499e-12.
Computing volumes of the grid elements.
Min. volume: 0.000151846, max. volume: 36.5346.

# FGMRES residual history
# Residual tolerance target = 1e-10
# Initial residual norm     = 6.24088e-10
     0     1
# FGMRES final (true) residual:
# Iteration = 4: |res|/|res0| = 1.81499e-12.

Computing volumes of the grid elements.
Non-linear iter.: 280/500. Linear iter.: 4. Min. area: 0.000151846. Error: 1.81499e-12.
Computing volumes of the grid elements.
Min. volume: 0.000151846, max. volume: 36.5346.

# FGMRES residual history
# Residual tolerance target = 1e-10
# Initial residual norm     = 6.24087e-10
     0     1
# FGMRES final (true) residual:
# Iteration = 4: |res|/|res0| = 1.81499e-12.

Computing volumes of the grid elements.
Non-linear iter.: 281/500. Linear iter.: 4. Min. area: 0.000151846. Error: 1.81499e-12.
Computing volumes of the grid elements.
Min. volume: 0.000151846, max. volume: 36.5346.

# FGMRES residual history
# Residual tolerance target = 1e-10
# Initial residual norm     = 6.24086e-10
     0     1
# FGMRES final (true) residual:
# Iteration = 4: |res|/|res0| = 1.81499e-12.

Computing volumes of the grid elements.
Non-linear iter.: 282/500. Linear iter.: 4. Min. area: 0.000151846. Error: 1.81499e-12.
Computing volumes of the grid elements.
Min. volume: 0.000151846, max. volume: 36.5346.

# FGMRES residual history
# Residual tolerance target = 1e-10
# Initial residual norm     = 6.24084e-10
     0     1
# FGMRES final (true) residual:
# Iteration = 4: |res|/|res0| = 1.815e-12.

Computing volumes of the grid elements.
Non-linear iter.: 283/500. Linear iter.: 4. Min. area: 0.000151846. Error: 1.815e-12.
Computing volumes of the grid elements.
Min. volume: 0.000151846, max. volume: 36.5346.

# FGMRES residual history
# Residual tolerance target = 1e-10
# Initial residual norm     = 6.24083e-10
     0     1
# FGMRES final (true) residual:
# Iteration = 4: |res|/|res0| = 1.815e-12.

Computing volumes of the grid elements.
Non-linear iter.: 284/500. Linear iter.: 4. Min. area: 0.000151846. Error: 1.815e-12.
Computing volumes of the grid elements.
Min. volume: 0.000151846, max. volume: 36.5346.

# FGMRES residual history
# Residual tolerance target = 1e-10
# Initial residual norm     = 6.24082e-10
     0     1
# FGMRES final (true) residual:
# Iteration = 4: |res|/|res0| = 1.815e-12.

Computing volumes of the grid elements.
Non-linear iter.: 285/500. Linear iter.: 4. Min. area: 0.000151846. Error: 1.815e-12.
Computing volumes of the grid elements.
Min. volume: 0.000151846, max. volume: 36.5346.

# FGMRES residual history
# Residual tolerance target = 1e-10
# Initial residual norm     = 6.24081e-10
     0     1
# FGMRES final (true) residual:
# Iteration = 4: |res|/|res0| = 1.815e-12.

Computing volumes of the grid elements.
Non-linear iter.: 286/500. Linear iter.: 4. Min. area: 0.000151846. Error: 1.815e-12.
Computing volumes of the grid elements.
Min. volume: 0.000151846, max. volume: 36.5346.

# FGMRES residual history
# Residual tolerance target = 1e-10
# Initial residual norm     = 6.24079e-10
     0     1
# FGMRES final (true) residual:
# Iteration = 4: |res|/|res0| = 1.815e-12.

Computing volumes of the grid elements.
Non-linear iter.: 287/500. Linear iter.: 4. Min. area: 0.000151846. Error: 1.815e-12.
Computing volumes of the grid elements.
Min. volume: 0.000151846, max. volume: 36.5346.

# FGMRES residual history
# Residual tolerance target = 1e-10
# Initial residual norm     = 6.24078e-10
     0     1
# FGMRES final (true) residual:
# Iteration = 4: |res|/|res0| = 1.815e-12.

Computing volumes of the grid elements.
Non-linear iter.: 288/500. Linear iter.: 4. Min. area: 0.000151846. Error: 1.815e-12.
Computing volumes of the grid elements.
Min. volume: 0.000151846, max. volume: 36.5346.

# FGMRES residual history
# Residual tolerance target = 1e-10
# Initial residual norm     = 6.24077e-10
     0     1
# FGMRES final (true) residual:
# Iteration = 4: |res|/|res0| = 1.815e-12.

Computing volumes of the grid elements.
Non-linear iter.: 289/500. Linear iter.: 4. Min. area: 0.000151846. Error: 1.815e-12.
Computing volumes of the grid elements.
Min. volume: 0.000151846, max. volume: 36.5346.

# FGMRES residual history
# Residual tolerance target = 1e-10
# Initial residual norm     = 6.24075e-10
     0     1
# FGMRES final (true) residual:
# Iteration = 4: |res|/|res0| = 1.815e-12.

Computing volumes of the grid elements.
Non-linear iter.: 290/500. Linear iter.: 4. Min. area: 0.000151846. Error: 1.815e-12.
Computing volumes of the grid elements.
Min. volume: 0.000151846, max. volume: 36.5346.

# FGMRES residual history
# Residual tolerance target = 1e-10
# Initial residual norm     = 6.24074e-10
     0     1
# FGMRES final (true) residual:
# Iteration = 4: |res|/|res0| = 1.81501e-12.

Computing volumes of the grid elements.
Non-linear iter.: 291/500. Linear iter.: 4. Min. area: 0.000151846. Error: 1.81501e-12.
Computing volumes of the grid elements.
Min. volume: 0.000151846, max. volume: 36.5346.

# FGMRES residual history
# Residual tolerance target = 1e-10
# Initial residual norm     = 6.24073e-10
     0     1
# FGMRES final (true) residual:
# Iteration = 4: |res|/|res0| = 1.81501e-12.

Computing volumes of the grid elements.
Non-linear iter.: 292/500. Linear iter.: 4. Min. area: 0.000151846. Error: 1.81501e-12.
Computing volumes of the grid elements.
Min. volume: 0.000151846, max. volume: 36.5346.

# FGMRES residual history
# Residual tolerance target = 1e-10
# Initial residual norm     = 6.24071e-10
     0     1
# FGMRES final (true) residual:
# Iteration = 4: |res|/|res0| = 1.81501e-12.

Computing volumes of the grid elements.
Non-linear iter.: 293/500. Linear iter.: 4. Min. area: 0.000151846. Error: 1.81501e-12.
Computing volumes of the grid elements.
Min. volume: 0.000151846, max. volume: 36.5346.

# FGMRES residual history
# Residual tolerance target = 1e-10
# Initial residual norm     = 6.2407e-10
     0     1
# FGMRES final (true) residual:
# Iteration = 4: |res|/|res0| = 1.81501e-12.

Computing volumes of the grid elements.
Non-linear iter.: 294/500. Linear iter.: 4. Min. area: 0.000151846. Error: 1.81501e-12.
Computing volumes of the grid elements.
Min. volume: 0.000151846, max. volume: 36.5346.

# FGMRES residual history
# Residual tolerance target = 1e-10
# Initial residual norm     = 6.24069e-10
     0     1
# FGMRES final (true) residual:
# Iteration = 4: |res|/|res0| = 1.81501e-12.

Computing volumes of the grid elements.
Non-linear iter.: 295/500. Linear iter.: 4. Min. area: 0.000151846. Error: 1.81501e-12.
Computing volumes of the grid elements.
Min. volume: 0.000151846, max. volume: 36.5346.

# FGMRES residual history
# Residual tolerance target = 1e-10
# Initial residual norm     = 6.24068e-10
     0     1
# FGMRES final (true) residual:
# Iteration = 4: |res|/|res0| = 1.81501e-12.

Computing volumes of the grid elements.
Non-linear iter.: 296/500. Linear iter.: 4. Min. area: 0.000151846. Error: 1.81501e-12.
Computing volumes of the grid elements.
Min. volume: 0.000151846, max. volume: 36.5346.

# FGMRES residual history
# Residual tolerance target = 1e-10
# Initial residual norm     = 6.24066e-10
     0     1
# FGMRES final (true) residual:
# Iteration = 4: |res|/|res0| = 1.81501e-12.

Computing volumes of the grid elements.
Non-linear iter.: 297/500. Linear iter.: 4. Min. area: 0.000151846. Error: 1.81501e-12.
Computing volumes of the grid elements.
Min. volume: 0.000151846, max. volume: 36.5346.

# FGMRES residual history
# Residual tolerance target = 1e-10
# Initial residual norm     = 6.24065e-10
     0     1
# FGMRES final (true) residual:
# Iteration = 4: |res|/|res0| = 1.81501e-12.

Computing volumes of the grid elements.
Non-linear iter.: 298/500. Linear iter.: 4. Min. area: 0.000151846. Error: 1.81501e-12.
Computing volumes of the grid elements.
Min. volume: 0.000151846, max. volume: 36.5346.

# FGMRES residual history
# Residual tolerance target = 1e-10
# Initial residual norm     = 6.24064e-10
     0     1
# FGMRES final (true) residual:
# Iteration = 4: |res|/|res0| = 1.81502e-12.

Computing volumes of the grid elements.
Non-linear iter.: 299/500. Linear iter.: 4. Min. area: 0.000151846. Error: 1.81502e-12.
Computing volumes of the grid elements.
Min. volume: 0.000151846, max. volume: 36.5346.

# FGMRES residual history
# Residual tolerance target = 1e-10
# Initial residual norm     = 6.24062e-10
     0     1
# FGMRES final (true) residual:
# Iteration = 4: |res|/|res0| = 1.81502e-12.

Computing volumes of the grid elements.
Non-linear iter.: 300/500. Linear iter.: 4. Min. area: 0.000151846. Error: 1.81502e-12.
Computing volumes of the grid elements.
Min. volume: 0.000151846, max. volume: 36.5346.

# FGMRES residual history
# Residual tolerance target = 1e-10
# Initial residual norm     = 6.24061e-10
     0     1
# FGMRES final (true) residual:
# Iteration = 4: |res|/|res0| = 1.81502e-12.

Computing volumes of the grid elements.
Non-linear iter.: 301/500. Linear iter.: 4. Min. area: 0.000151846. Error: 1.81502e-12.
Computing volumes of the grid elements.
Min. volume: 0.000151846, max. volume: 36.5346.

# FGMRES residual history
# Residual tolerance target = 1e-10
# Initial residual norm     = 6.2406e-10
     0     1
# FGMRES final (true) residual:
# Iteration = 4: |res|/|res0| = 1.81502e-12.

Computing volumes of the grid elements.
Non-linear iter.: 302/500. Linear iter.: 4. Min. area: 0.000151846. Error: 1.81502e-12.
Computing volumes of the grid elements.
Min. volume: 0.000151846, max. volume: 36.5346.

# FGMRES residual history
# Residual tolerance target = 1e-10
# Initial residual norm     = 6.24058e-10
     0     1
# FGMRES final (true) residual:
# Iteration = 4: |res|/|res0| = 1.81502e-12.

Computing volumes of the grid elements.
Non-linear iter.: 303/500. Linear iter.: 4. Min. area: 0.000151846. Error: 1.81502e-12.
Computing volumes of the grid elements.
Min. volume: 0.000151846, max. volume: 36.5346.

# FGMRES residual history
# Residual tolerance target = 1e-10
# Initial residual norm     = 6.24057e-10
     0     1
# FGMRES final (true) residual:
# Iteration = 4: |res|/|res0| = 1.81502e-12.

Computing volumes of the grid elements.
Non-linear iter.: 304/500. Linear iter.: 4. Min. area: 0.000151846. Error: 1.81502e-12.
Computing volumes of the grid elements.
Min. volume: 0.000151846, max. volume: 36.5346.

# FGMRES residual history
# Residual tolerance target = 1e-10
# Initial residual norm     = 6.24056e-10
     0     1
# FGMRES final (true) residual:
# Iteration = 4: |res|/|res0| = 1.81502e-12.

Computing volumes of the grid elements.
Non-linear iter.: 305/500. Linear iter.: 4. Min. area: 0.000151846. Error: 1.81502e-12.
Computing volumes of the grid elements.
Min. volume: 0.000151846, max. volume: 36.5346.

# FGMRES residual history
# Residual tolerance target = 1e-10
# Initial residual norm     = 6.24055e-10
     0     1
# FGMRES final (true) residual:
# Iteration = 4: |res|/|res0| = 1.81502e-12.

Computing volumes of the grid elements.
Non-linear iter.: 306/500. Linear iter.: 4. Min. area: 0.000151846. Error: 1.81502e-12.
Computing volumes of the grid elements.
Min. volume: 0.000151846, max. volume: 36.5346.

# FGMRES residual history
# Residual tolerance target = 1e-10
# Initial residual norm     = 6.24053e-10
     0     1
# FGMRES final (true) residual:
# Iteration = 4: |res|/|res0| = 1.81503e-12.

Computing volumes of the grid elements.
Non-linear iter.: 307/500. Linear iter.: 4. Min. area: 0.000151846. Error: 1.81503e-12.
Computing volumes of the grid elements.
Min. volume: 0.000151846, max. volume: 36.5346.

# FGMRES residual history
# Residual tolerance target = 1e-10
# Initial residual norm     = 6.24052e-10
     0     1
# FGMRES final (true) residual:
# Iteration = 4: |res|/|res0| = 1.81503e-12.

Computing volumes of the grid elements.
Non-linear iter.: 308/500. Linear iter.: 4. Min. area: 0.000151846. Error: 1.81503e-12.
Computing volumes of the grid elements.
Min. volume: 0.000151846, max. volume: 36.5346.

# FGMRES residual history
# Residual tolerance target = 1e-10
# Initial residual norm     = 6.24051e-10
     0     1
# FGMRES final (true) residual:
# Iteration = 4: |res|/|res0| = 1.81503e-12.

Computing volumes of the grid elements.
Non-linear iter.: 309/500. Linear iter.: 4. Min. area: 0.000151846. Error: 1.81503e-12.
Computing volumes of the grid elements.
Min. volume: 0.000151846, max. volume: 36.5346.

# FGMRES residual history
# Residual tolerance target = 1e-10
# Initial residual norm     = 6.24049e-10
     0     1
# FGMRES final (true) residual:
# Iteration = 4: |res|/|res0| = 1.81503e-12.

Computing volumes of the grid elements.
Non-linear iter.: 310/500. Linear iter.: 4. Min. area: 0.000151846. Error: 1.81503e-12.
Computing volumes of the grid elements.
Min. volume: 0.000151846, max. volume: 36.5346.

# FGMRES residual history
# Residual tolerance target = 1e-10
# Initial residual norm     = 6.24048e-10
     0     1
# FGMRES final (true) residual:
# Iteration = 4: |res|/|res0| = 1.81503e-12.

Computing volumes of the grid elements.
Non-linear iter.: 311/500. Linear iter.: 4. Min. area: 0.000151846. Error: 1.81503e-12.
Computing volumes of the grid elements.
Min. volume: 0.000151846, max. volume: 36.5346.

# FGMRES residual history
# Residual tolerance target = 1e-10
# Initial residual norm     = 6.24047e-10
     0     1
# FGMRES final (true) residual:
# Iteration = 4: |res|/|res0| = 1.81503e-12.

Computing volumes of the grid elements.
Non-linear iter.: 312/500. Linear iter.: 4. Min. area: 0.000151846. Error: 1.81503e-12.
Computing volumes of the grid elements.
Min. volume: 0.000151846, max. volume: 36.5346.

# FGMRES residual history
# Residual tolerance target = 1e-10
# Initial residual norm     = 6.24045e-10
     0     1
# FGMRES final (true) residual:
# Iteration = 4: |res|/|res0| = 1.81503e-12.

Computing volumes of the grid elements.
Non-linear iter.: 313/500. Linear iter.: 4. Min. area: 0.000151846. Error: 1.81503e-12.
Computing volumes of the grid elements.
Min. volume: 0.000151846, max. volume: 36.5346.

# FGMRES residual history
# Residual tolerance target = 1e-10
# Initial residual norm     = 6.24044e-10
     0     1
# FGMRES final (true) residual:
# Iteration = 4: |res|/|res0| = 1.81503e-12.

Computing volumes of the grid elements.
Non-linear iter.: 314/500. Linear iter.: 4. Min. area: 0.000151846. Error: 1.81503e-12.
Computing volumes of the grid elements.
Min. volume: 0.000151846, max. volume: 36.5346.

# FGMRES residual history
# Residual tolerance target = 1e-10
# Initial residual norm     = 6.24043e-10
     0     1
# FGMRES final (true) residual:
# Iteration = 4: |res|/|res0| = 1.81504e-12.

Computing volumes of the grid elements.
Non-linear iter.: 315/500. Linear iter.: 4. Min. area: 0.000151846. Error: 1.81504e-12.
Computing volumes of the grid elements.
Min. volume: 0.000151846, max. volume: 36.5346.

# FGMRES residual history
# Residual tolerance target = 1e-10
# Initial residual norm     = 6.24042e-10
     0     1
# FGMRES final (true) residual:
# Iteration = 4: |res|/|res0| = 1.81504e-12.

Computing volumes of the grid elements.
Non-linear iter.: 316/500. Linear iter.: 4. Min. area: 0.000151846. Error: 1.81504e-12.
Computing volumes of the grid elements.
Min. volume: 0.000151846, max. volume: 36.5346.

# FGMRES residual history
# Residual tolerance target = 1e-10
# Initial residual norm     = 6.2404e-10
     0     1
# FGMRES final (true) residual:
# Iteration = 4: |res|/|res0| = 1.81504e-12.

Computing volumes of the grid elements.
Non-linear iter.: 317/500. Linear iter.: 4. Min. area: 0.000151846. Error: 1.81504e-12.
Computing volumes of the grid elements.
Min. volume: 0.000151846, max. volume: 36.5346.

# FGMRES residual history
# Residual tolerance target = 1e-10
# Initial residual norm     = 6.24039e-10
     0     1
# FGMRES final (true) residual:
# Iteration = 4: |res|/|res0| = 1.81504e-12.

Computing volumes of the grid elements.
Non-linear iter.: 318/500. Linear iter.: 4. Min. area: 0.000151846. Error: 1.81504e-12.
Computing volumes of the grid elements.
Min. volume: 0.000151846, max. volume: 36.5346.

# FGMRES residual history
# Residual tolerance target = 1e-10
# Initial residual norm     = 6.24038e-10
     0     1
# FGMRES final (true) residual:
# Iteration = 4: |res|/|res0| = 1.81504e-12.

Computing volumes of the grid elements.
Non-linear iter.: 319/500. Linear iter.: 4. Min. area: 0.000151846. Error: 1.81504e-12.
Computing volumes of the grid elements.
Min. volume: 0.000151846, max. volume: 36.5346.

# FGMRES residual history
# Residual tolerance target = 1e-10
# Initial residual norm     = 6.24036e-10
     0     1
# FGMRES final (true) residual:
# Iteration = 4: |res|/|res0| = 1.81504e-12.

Computing volumes of the grid elements.
Non-linear iter.: 320/500. Linear iter.: 4. Min. area: 0.000151846. Error: 1.81504e-12.
Computing volumes of the grid elements.
Min. volume: 0.000151846, max. volume: 36.5346.

# FGMRES residual history
# Residual tolerance target = 1e-10
# Initial residual norm     = 6.24035e-10
     0     1
# FGMRES final (true) residual:
# Iteration = 4: |res|/|res0| = 1.81504e-12.

Computing volumes of the grid elements.
Non-linear iter.: 321/500. Linear iter.: 4. Min. area: 0.000151846. Error: 1.81504e-12.
Computing volumes of the grid elements.
Min. volume: 0.000151846, max. volume: 36.5346.

# FGMRES residual history
# Residual tolerance target = 1e-10
# Initial residual norm     = 6.24034e-10
     0     1
# FGMRES final (true) residual:
# Iteration = 4: |res|/|res0| = 1.81504e-12.

Computing volumes of the grid elements.
Non-linear iter.: 322/500. Linear iter.: 4. Min. area: 0.000151846. Error: 1.81504e-12.
Computing volumes of the grid elements.
Min. volume: 0.000151846, max. volume: 36.5346.

# FGMRES residual history
# Residual tolerance target = 1e-10
# Initial residual norm     = 6.24032e-10
     0     1
# FGMRES final (true) residual:
# Iteration = 4: |res|/|res0| = 1.81505e-12.

Computing volumes of the grid elements.
Non-linear iter.: 323/500. Linear iter.: 4. Min. area: 0.000151846. Error: 1.81505e-12.
Computing volumes of the grid elements.
Min. volume: 0.000151846, max. volume: 36.5345.

# FGMRES residual history
# Residual tolerance target = 1e-10
# Initial residual norm     = 6.24031e-10
     0     1
# FGMRES final (true) residual:
# Iteration = 4: |res|/|res0| = 1.81505e-12.

Computing volumes of the grid elements.
Non-linear iter.: 324/500. Linear iter.: 4. Min. area: 0.000151846. Error: 1.81505e-12.
Computing volumes of the grid elements.
Min. volume: 0.000151846, max. volume: 36.5345.

# FGMRES residual history
# Residual tolerance target = 1e-10
# Initial residual norm     = 6.2403e-10
     0     1
# FGMRES final (true) residual:
# Iteration = 4: |res|/|res0| = 1.81505e-12.

Computing volumes of the grid elements.
Non-linear iter.: 325/500. Linear iter.: 4. Min. area: 0.000151846. Error: 1.81505e-12.
Computing volumes of the grid elements.
Min. volume: 0.000151846, max. volume: 36.5345.

# FGMRES residual history
# Residual tolerance target = 1e-10
# Initial residual norm     = 6.24029e-10
     0     1
# FGMRES final (true) residual:
# Iteration = 4: |res|/|res0| = 1.81505e-12.

Computing volumes of the grid elements.
Non-linear iter.: 326/500. Linear iter.: 4. Min. area: 0.000151846. Error: 1.81505e-12.
Computing volumes of the grid elements.
Min. volume: 0.000151846, max. volume: 36.5345.

# FGMRES residual history
# Residual tolerance target = 1e-10
# Initial residual norm     = 6.24027e-10
     0     1
# FGMRES final (true) residual:
# Iteration = 4: |res|/|res0| = 1.81505e-12.

Computing volumes of the grid elements.
Non-linear iter.: 327/500. Linear iter.: 4. Min. area: 0.000151846. Error: 1.81505e-12.
Computing volumes of the grid elements.
Min. volume: 0.000151846, max. volume: 36.5345.

# FGMRES residual history
# Residual tolerance target = 1e-10
# Initial residual norm     = 6.24026e-10
     0     1
# FGMRES final (true) residual:
# Iteration = 4: |res|/|res0| = 1.81505e-12.

Computing volumes of the grid elements.
Non-linear iter.: 328/500. Linear iter.: 4. Min. area: 0.000151846. Error: 1.81505e-12.
Computing volumes of the grid elements.
Min. volume: 0.000151846, max. volume: 36.5345.

# FGMRES residual history
# Residual tolerance target = 1e-10
# Initial residual norm     = 6.24025e-10
     0     1
# FGMRES final (true) residual:
# Iteration = 4: |res|/|res0| = 1.81505e-12.

Computing volumes of the grid elements.
Non-linear iter.: 329/500. Linear iter.: 4. Min. area: 0.000151846. Error: 1.81505e-12.
Computing volumes of the grid elements.
Min. volume: 0.000151846, max. volume: 36.5345.

# FGMRES residual history
# Residual tolerance target = 1e-10
# Initial residual norm     = 6.24023e-10
     0     1
# FGMRES final (true) residual:
# Iteration = 4: |res|/|res0| = 1.81505e-12.

Computing volumes of the grid elements.
Non-linear iter.: 330/500. Linear iter.: 4. Min. area: 0.000151846. Error: 1.81505e-12.
Computing volumes of the grid elements.
Min. volume: 0.000151846, max. volume: 36.5345.

# FGMRES residual history
# Residual tolerance target = 1e-10
# Initial residual norm     = 6.24022e-10
     0     1
# FGMRES final (true) residual:
# Iteration = 4: |res|/|res0| = 1.81506e-12.

Computing volumes of the grid elements.
Non-linear iter.: 331/500. Linear iter.: 4. Min. area: 0.000151846. Error: 1.81506e-12.
Computing volumes of the grid elements.
Min. volume: 0.000151846, max. volume: 36.5345.

# FGMRES residual history
# Residual tolerance target = 1e-10
# Initial residual norm     = 6.24021e-10
     0     1
# FGMRES final (true) residual:
# Iteration = 4: |res|/|res0| = 1.81506e-12.

Computing volumes of the grid elements.
Non-linear iter.: 332/500. Linear iter.: 4. Min. area: 0.000151846. Error: 1.81506e-12.
Computing volumes of the grid elements.
Min. volume: 0.000151846, max. volume: 36.5345.

# FGMRES residual history
# Residual tolerance target = 1e-10
# Initial residual norm     = 6.24019e-10
     0     1
# FGMRES final (true) residual:
# Iteration = 4: |res|/|res0| = 1.81506e-12.

Computing volumes of the grid elements.
Non-linear iter.: 333/500. Linear iter.: 4. Min. area: 0.000151846. Error: 1.81506e-12.
Computing volumes of the grid elements.
Min. volume: 0.000151846, max. volume: 36.5345.

# FGMRES residual history
# Residual tolerance target = 1e-10
# Initial residual norm     = 6.24018e-10
     0     1
# FGMRES final (true) residual:
# Iteration = 4: |res|/|res0| = 1.81506e-12.

Computing volumes of the grid elements.
Non-linear iter.: 334/500. Linear iter.: 4. Min. area: 0.000151846. Error: 1.81506e-12.
Computing volumes of the grid elements.
Min. volume: 0.000151846, max. volume: 36.5345.

# FGMRES residual history
# Residual tolerance target = 1e-10
# Initial residual norm     = 6.24017e-10
     0     1
# FGMRES final (true) residual:
# Iteration = 4: |res|/|res0| = 1.81506e-12.

Computing volumes of the grid elements.
Non-linear iter.: 335/500. Linear iter.: 4. Min. area: 0.000151846. Error: 1.81506e-12.
Computing volumes of the grid elements.
Min. volume: 0.000151846, max. volume: 36.5345.

# FGMRES residual history
# Residual tolerance target = 1e-10
# Initial residual norm     = 6.24016e-10
     0     1
# FGMRES final (true) residual:
# Iteration = 4: |res|/|res0| = 1.81506e-12.

Computing volumes of the grid elements.
Non-linear iter.: 336/500. Linear iter.: 4. Min. area: 0.000151846. Error: 1.81506e-12.
Computing volumes of the grid elements.
Min. volume: 0.000151846, max. volume: 36.5345.

# FGMRES residual history
# Residual tolerance target = 1e-10
# Initial residual norm     = 6.24014e-10
     0     1
# FGMRES final (true) residual:
# Iteration = 4: |res|/|res0| = 1.81506e-12.

Computing volumes of the grid elements.
Non-linear iter.: 337/500. Linear iter.: 4. Min. area: 0.000151846. Error: 1.81506e-12.
Computing volumes of the grid elements.
Min. volume: 0.000151846, max. volume: 36.5345.

# FGMRES residual history
# Residual tolerance target = 1e-10
# Initial residual norm     = 6.24013e-10
     0     1
# FGMRES final (true) residual:
# Iteration = 4: |res|/|res0| = 1.81506e-12.

Computing volumes of the grid elements.
Non-linear iter.: 338/500. Linear iter.: 4. Min. area: 0.000151846. Error: 1.81506e-12.
Computing volumes of the grid elements.
Min. volume: 0.000151846, max. volume: 36.5345.

# FGMRES residual history
# Residual tolerance target = 1e-10
# Initial residual norm     = 6.24012e-10
     0     1
# FGMRES final (true) residual:
# Iteration = 4: |res|/|res0| = 1.81507e-12.

Computing volumes of the grid elements.
Non-linear iter.: 339/500. Linear iter.: 4. Min. area: 0.000151846. Error: 1.81507e-12.
Computing volumes of the grid elements.
Min. volume: 0.000151846, max. volume: 36.5345.

# FGMRES residual history
# Residual tolerance target = 1e-10
# Initial residual norm     = 6.2401e-10
     0     1
# FGMRES final (true) residual:
# Iteration = 4: |res|/|res0| = 1.81507e-12.

Computing volumes of the grid elements.
Non-linear iter.: 340/500. Linear iter.: 4. Min. area: 0.000151846. Error: 1.81507e-12.
Computing volumes of the grid elements.
Min. volume: 0.000151846, max. volume: 36.5345.

# FGMRES residual history
# Residual tolerance target = 1e-10
# Initial residual norm     = 6.24009e-10
     0     1
# FGMRES final (true) residual:
# Iteration = 4: |res|/|res0| = 1.81507e-12.

Computing volumes of the grid elements.
Non-linear iter.: 341/500. Linear iter.: 4. Min. area: 0.000151846. Error: 1.81507e-12.
Computing volumes of the grid elements.
Min. volume: 0.000151846, max. volume: 36.5345.

# FGMRES residual history
# Residual tolerance target = 1e-10
# Initial residual norm     = 6.24008e-10
     0     1
# FGMRES final (true) residual:
# Iteration = 4: |res|/|res0| = 1.81507e-12.

Computing volumes of the grid elements.
Non-linear iter.: 342/500. Linear iter.: 4. Min. area: 0.000151846. Error: 1.81507e-12.
Computing volumes of the grid elements.
Min. volume: 0.000151846, max. volume: 36.5345.

# FGMRES residual history
# Residual tolerance target = 1e-10
# Initial residual norm     = 6.24006e-10
     0     1
# FGMRES final (true) residual:
# Iteration = 4: |res|/|res0| = 1.81507e-12.

Computing volumes of the grid elements.
Non-linear iter.: 343/500. Linear iter.: 4. Min. area: 0.000151846. Error: 1.81507e-12.
Computing volumes of the grid elements.
Min. volume: 0.000151846, max. volume: 36.5345.

# FGMRES residual history
# Residual tolerance target = 1e-10
# Initial residual norm     = 6.24005e-10
     0     1
# FGMRES final (true) residual:
# Iteration = 4: |res|/|res0| = 1.81507e-12.

Computing volumes of the grid elements.
Non-linear iter.: 344/500. Linear iter.: 4. Min. area: 0.000151846. Error: 1.81507e-12.
Computing volumes of the grid elements.
Min. volume: 0.000151846, max. volume: 36.5345.

# FGMRES residual history
# Residual tolerance target = 1e-10
# Initial residual norm     = 6.24004e-10
     0     1
# FGMRES final (true) residual:
# Iteration = 4: |res|/|res0| = 1.81507e-12.

Computing volumes of the grid elements.
Non-linear iter.: 345/500. Linear iter.: 4. Min. area: 0.000151846. Error: 1.81507e-12.
Computing volumes of the grid elements.
Min. volume: 0.000151846, max. volume: 36.5345.

# FGMRES residual history
# Residual tolerance target = 1e-10
# Initial residual norm     = 6.24003e-10
     0     1
# FGMRES final (true) residual:
# Iteration = 4: |res|/|res0| = 1.81507e-12.

Computing volumes of the grid elements.
Non-linear iter.: 346/500. Linear iter.: 4. Min. area: 0.000151846. Error: 1.81507e-12.
Computing volumes of the grid elements.
Min. volume: 0.000151846, max. volume: 36.5345.

# FGMRES residual history
# Residual tolerance target = 1e-10
# Initial residual norm     = 6.24001e-10
     0     1
# FGMRES final (true) residual:
# Iteration = 4: |res|/|res0| = 1.81508e-12.

Computing volumes of the grid elements.
Non-linear iter.: 347/500. Linear iter.: 4. Min. area: 0.000151846. Error: 1.81508e-12.
Computing volumes of the grid elements.
Min. volume: 0.000151846, max. volume: 36.5345.

# FGMRES residual history
# Residual tolerance target = 1e-10
# Initial residual norm     = 6.24e-10
     0     1
# FGMRES final (true) residual:
# Iteration = 4: |res|/|res0| = 1.81508e-12.

Computing volumes of the grid elements.
Non-linear iter.: 348/500. Linear iter.: 4. Min. area: 0.000151846. Error: 1.81508e-12.
Computing volumes of the grid elements.
Min. volume: 0.000151846, max. volume: 36.5345.

# FGMRES residual history
# Residual tolerance target = 1e-10
# Initial residual norm     = 6.23999e-10
     0     1
# FGMRES final (true) residual:
# Iteration = 4: |res|/|res0| = 1.81508e-12.

Computing volumes of the grid elements.
Non-linear iter.: 349/500. Linear iter.: 4. Min. area: 0.000151846. Error: 1.81508e-12.
Computing volumes of the grid elements.
Min. volume: 0.000151846, max. volume: 36.5345.

# FGMRES residual history
# Residual tolerance target = 1e-10
# Initial residual norm     = 6.23997e-10
     0     1
# FGMRES final (true) residual:
# Iteration = 4: |res|/|res0| = 1.81508e-12.

Computing volumes of the grid elements.
Non-linear iter.: 350/500. Linear iter.: 4. Min. area: 0.000151846. Error: 1.81508e-12.
Computing volumes of the grid elements.
Min. volume: 0.000151846, max. volume: 36.5345.

# FGMRES residual history
# Residual tolerance target = 1e-10
# Initial residual norm     = 6.23996e-10
     0     1
# FGMRES final (true) residual:
# Iteration = 4: |res|/|res0| = 1.81508e-12.

Computing volumes of the grid elements.
Non-linear iter.: 351/500. Linear iter.: 4. Min. area: 0.000151846. Error: 1.81508e-12.
Computing volumes of the grid elements.
Min. volume: 0.000151846, max. volume: 36.5345.

# FGMRES residual history
# Residual tolerance target = 1e-10
# Initial residual norm     = 6.23995e-10
     0     1
# FGMRES final (true) residual:
# Iteration = 4: |res|/|res0| = 1.81508e-12.

Computing volumes of the grid elements.
Non-linear iter.: 352/500. Linear iter.: 4. Min. area: 0.000151846. Error: 1.81508e-12.
Computing volumes of the grid elements.
Min. volume: 0.000151846, max. volume: 36.5345.

# FGMRES residual history
# Residual tolerance target = 1e-10
# Initial residual norm     = 6.23993e-10
     0     1
# FGMRES final (true) residual:
# Iteration = 4: |res|/|res0| = 1.81508e-12.

Computing volumes of the grid elements.
Non-linear iter.: 353/500. Linear iter.: 4. Min. area: 0.000151846. Error: 1.81508e-12.
Computing volumes of the grid elements.
Min. volume: 0.000151846, max. volume: 36.5345.

# FGMRES residual history
# Residual tolerance target = 1e-10
# Initial residual norm     = 6.23992e-10
     0     1
# FGMRES final (true) residual:
# Iteration = 4: |res|/|res0| = 1.81508e-12.

Computing volumes of the grid elements.
Non-linear iter.: 354/500. Linear iter.: 4. Min. area: 0.000151846. Error: 1.81508e-12.
Computing volumes of the grid elements.
Min. volume: 0.000151846, max. volume: 36.5345.

# FGMRES residual history
# Residual tolerance target = 1e-10
# Initial residual norm     = 6.23991e-10
     0     1
# FGMRES final (true) residual:
# Iteration = 4: |res|/|res0| = 1.81509e-12.

Computing volumes of the grid elements.
Non-linear iter.: 355/500. Linear iter.: 4. Min. area: 0.000151846. Error: 1.81509e-12.
Computing volumes of the grid elements.
Min. volume: 0.000151846, max. volume: 36.5345.

# FGMRES residual history
# Residual tolerance target = 1e-10
# Initial residual norm     = 6.2399e-10
     0     1
# FGMRES final (true) residual:
# Iteration = 4: |res|/|res0| = 1.81509e-12.

Computing volumes of the grid elements.
Non-linear iter.: 356/500. Linear iter.: 4. Min. area: 0.000151846. Error: 1.81509e-12.
Computing volumes of the grid elements.
Min. volume: 0.000151846, max. volume: 36.5345.

# FGMRES residual history
# Residual tolerance target = 1e-10
# Initial residual norm     = 6.23988e-10
     0     1
# FGMRES final (true) residual:
# Iteration = 4: |res|/|res0| = 1.81509e-12.

Computing volumes of the grid elements.
Non-linear iter.: 357/500. Linear iter.: 4. Min. area: 0.000151846. Error: 1.81509e-12.
Computing volumes of the grid elements.
Min. volume: 0.000151846, max. volume: 36.5345.

# FGMRES residual history
# Residual tolerance target = 1e-10
# Initial residual norm     = 6.23987e-10
     0     1
# FGMRES final (true) residual:
# Iteration = 4: |res|/|res0| = 1.81509e-12.

Computing volumes of the grid elements.
Non-linear iter.: 358/500. Linear iter.: 4. Min. area: 0.000151846. Error: 1.81509e-12.
Computing volumes of the grid elements.
Min. volume: 0.000151846, max. volume: 36.5345.

# FGMRES residual history
# Residual tolerance target = 1e-10
# Initial residual norm     = 6.23986e-10
     0     1
# FGMRES final (true) residual:
# Iteration = 4: |res|/|res0| = 1.81509e-12.

Computing volumes of the grid elements.
Non-linear iter.: 359/500. Linear iter.: 4. Min. area: 0.000151846. Error: 1.81509e-12.
Computing volumes of the grid elements.
Min. volume: 0.000151846, max. volume: 36.5345.

# FGMRES residual history
# Residual tolerance target = 1e-10
# Initial residual norm     = 6.23984e-10
     0     1
# FGMRES final (true) residual:
# Iteration = 4: |res|/|res0| = 1.81509e-12.

Computing volumes of the grid elements.
Non-linear iter.: 360/500. Linear iter.: 4. Min. area: 0.000151846. Error: 1.81509e-12.
Computing volumes of the grid elements.
Min. volume: 0.000151846, max. volume: 36.5345.

# FGMRES residual history
# Residual tolerance target = 1e-10
# Initial residual norm     = 6.23983e-10
     0     1
# FGMRES final (true) residual:
# Iteration = 4: |res|/|res0| = 1.81509e-12.

Computing volumes of the grid elements.
Non-linear iter.: 361/500. Linear iter.: 4. Min. area: 0.000151846. Error: 1.81509e-12.
Computing volumes of the grid elements.
Min. volume: 0.000151846, max. volume: 36.5345.

# FGMRES residual history
# Residual tolerance target = 1e-10
# Initial residual norm     = 6.23982e-10
     0     1
# FGMRES final (true) residual:
# Iteration = 4: |res|/|res0| = 1.81509e-12.

Computing volumes of the grid elements.
Non-linear iter.: 362/500. Linear iter.: 4. Min. area: 0.000151846. Error: 1.81509e-12.
Computing volumes of the grid elements.
Min. volume: 0.000151846, max. volume: 36.5345.

# FGMRES residual history
# Residual tolerance target = 1e-10
# Initial residual norm     = 6.2398e-10
     0     1
# FGMRES final (true) residual:
# Iteration = 4: |res|/|res0| = 1.8151e-12.

Computing volumes of the grid elements.
Non-linear iter.: 363/500. Linear iter.: 4. Min. area: 0.000151846. Error: 1.8151e-12.
Computing volumes of the grid elements.
Min. volume: 0.000151846, max. volume: 36.5345.

# FGMRES residual history
# Residual tolerance target = 1e-10
# Initial residual norm     = 6.23979e-10
     0     1
# FGMRES final (true) residual:
# Iteration = 4: |res|/|res0| = 1.8151e-12.

Computing volumes of the grid elements.
Non-linear iter.: 364/500. Linear iter.: 4. Min. area: 0.000151846. Error: 1.8151e-12.
Computing volumes of the grid elements.
Min. volume: 0.000151846, max. volume: 36.5345.

# FGMRES residual history
# Residual tolerance target = 1e-10
# Initial residual norm     = 6.23978e-10
     0     1
# FGMRES final (true) residual:
# Iteration = 4: |res|/|res0| = 1.8151e-12.

Computing volumes of the grid elements.
Non-linear iter.: 365/500. Linear iter.: 4. Min. area: 0.000151846. Error: 1.8151e-12.
Computing volumes of the grid elements.
Min. volume: 0.000151846, max. volume: 36.5345.

# FGMRES residual history
# Residual tolerance target = 1e-10
# Initial residual norm     = 6.23977e-10
     0     1
# FGMRES final (true) residual:
# Iteration = 4: |res|/|res0| = 1.8151e-12.

Computing volumes of the grid elements.
Non-linear iter.: 366/500. Linear iter.: 4. Min. area: 0.000151846. Error: 1.8151e-12.
Computing volumes of the grid elements.
Min. volume: 0.000151846, max. volume: 36.5345.

# FGMRES residual history
# Residual tolerance target = 1e-10
# Initial residual norm     = 6.23975e-10
     0     1
# FGMRES final (true) residual:
# Iteration = 4: |res|/|res0| = 1.8151e-12.

Computing volumes of the grid elements.
Non-linear iter.: 367/500. Linear iter.: 4. Min. area: 0.000151846. Error: 1.8151e-12.
Computing volumes of the grid elements.
Min. volume: 0.000151846, max. volume: 36.5345.

# FGMRES residual history
# Residual tolerance target = 1e-10
# Initial residual norm     = 6.23974e-10
     0     1
# FGMRES final (true) residual:
# Iteration = 4: |res|/|res0| = 1.8151e-12.

Computing volumes of the grid elements.
Non-linear iter.: 368/500. Linear iter.: 4. Min. area: 0.000151846. Error: 1.8151e-12.
Computing volumes of the grid elements.
Min. volume: 0.000151846, max. volume: 36.5345.

# FGMRES residual history
# Residual tolerance target = 1e-10
# Initial residual norm     = 6.23973e-10
     0     1
# FGMRES final (true) residual:
# Iteration = 4: |res|/|res0| = 1.8151e-12.

Computing volumes of the grid elements.
Non-linear iter.: 369/500. Linear iter.: 4. Min. area: 0.000151846. Error: 1.8151e-12.
Computing volumes of the grid elements.
Min. volume: 0.000151846, max. volume: 36.5345.

# FGMRES residual history
# Residual tolerance target = 1e-10
# Initial residual norm     = 6.23971e-10
     0     1
# FGMRES final (true) residual:
# Iteration = 4: |res|/|res0| = 1.81511e-12.

Computing volumes of the grid elements.
Non-linear iter.: 370/500. Linear iter.: 4. Min. area: 0.000151846. Error: 1.81511e-12.
Computing volumes of the grid elements.
Min. volume: 0.000151846, max. volume: 36.5345.

# FGMRES residual history
# Residual tolerance target = 1e-10
# Initial residual norm     = 6.2397e-10
     0     1
# FGMRES final (true) residual:
# Iteration = 4: |res|/|res0| = 1.81511e-12.

Computing volumes of the grid elements.
Non-linear iter.: 371/500. Linear iter.: 4. Min. area: 0.000151846. Error: 1.81511e-12.
Computing volumes of the grid elements.
Min. volume: 0.000151846, max. volume: 36.5345.

# FGMRES residual history
# Residual tolerance target = 1e-10
# Initial residual norm     = 6.23969e-10
     0     1
# FGMRES final (true) residual:
# Iteration = 4: |res|/|res0| = 1.81511e-12.

Computing volumes of the grid elements.
Non-linear iter.: 372/500. Linear iter.: 4. Min. area: 0.000151846. Error: 1.81511e-12.
Computing volumes of the grid elements.
Min. volume: 0.000151846, max. volume: 36.5345.

# FGMRES residual history
# Residual tolerance target = 1e-10
# Initial residual norm     = 6.23967e-10
     0     1
# FGMRES final (true) residual:
# Iteration = 4: |res|/|res0| = 1.81511e-12.

Computing volumes of the grid elements.
Non-linear iter.: 373/500. Linear iter.: 4. Min. area: 0.000151846. Error: 1.81511e-12.
Computing volumes of the grid elements.
Min. volume: 0.000151846, max. volume: 36.5345.

# FGMRES residual history
# Residual tolerance target = 1e-10
# Initial residual norm     = 6.23966e-10
     0     1
# FGMRES final (true) residual:
# Iteration = 4: |res|/|res0| = 1.81511e-12.

Computing volumes of the grid elements.
Non-linear iter.: 374/500. Linear iter.: 4. Min. area: 0.000151846. Error: 1.81511e-12.
Computing volumes of the grid elements.
Min. volume: 0.000151846, max. volume: 36.5345.

# FGMRES residual history
# Residual tolerance target = 1e-10
# Initial residual norm     = 6.23965e-10
     0     1
# FGMRES final (true) residual:
# Iteration = 4: |res|/|res0| = 1.81511e-12.

Computing volumes of the grid elements.
Non-linear iter.: 375/500. Linear iter.: 4. Min. area: 0.000151846. Error: 1.81511e-12.
Computing volumes of the grid elements.
Min. volume: 0.000151846, max. volume: 36.5345.

# FGMRES residual history
# Residual tolerance target = 1e-10
# Initial residual norm     = 6.23964e-10
     0     1
# FGMRES final (true) residual:
# Iteration = 4: |res|/|res0| = 1.81511e-12.

Computing volumes of the grid elements.
Non-linear iter.: 376/500. Linear iter.: 4. Min. area: 0.000151846. Error: 1.81511e-12.
Computing volumes of the grid elements.
Min. volume: 0.000151846, max. volume: 36.5345.

# FGMRES residual history
# Residual tolerance target = 1e-10
# Initial residual norm     = 6.23962e-10
     0     1
# FGMRES final (true) residual:
# Iteration = 4: |res|/|res0| = 1.81511e-12.

Computing volumes of the grid elements.
Non-linear iter.: 377/500. Linear iter.: 4. Min. area: 0.000151846. Error: 1.81511e-12.
Computing volumes of the grid elements.
Min. volume: 0.000151846, max. volume: 36.5345.

# FGMRES residual history
# Residual tolerance target = 1e-10
# Initial residual norm     = 6.23961e-10
     0     1
# FGMRES final (true) residual:
# Iteration = 4: |res|/|res0| = 1.81512e-12.

Computing volumes of the grid elements.
Non-linear iter.: 378/500. Linear iter.: 4. Min. area: 0.000151846. Error: 1.81512e-12.
Computing volumes of the grid elements.
Min. volume: 0.000151846, max. volume: 36.5345.

# FGMRES residual history
# Residual tolerance target = 1e-10
# Initial residual norm     = 6.2396e-10
     0     1
# FGMRES final (true) residual:
# Iteration = 4: |res|/|res0| = 1.81512e-12.

Computing volumes of the grid elements.
Non-linear iter.: 379/500. Linear iter.: 4. Min. area: 0.000151846. Error: 1.81512e-12.
Computing volumes of the grid elements.
Min. volume: 0.000151846, max. volume: 36.5345.

# FGMRES residual history
# Residual tolerance target = 1e-10
# Initial residual norm     = 6.23958e-10
     0     1
# FGMRES final (true) residual:
# Iteration = 4: |res|/|res0| = 1.81512e-12.

Computing volumes of the grid elements.
Non-linear iter.: 380/500. Linear iter.: 4. Min. area: 0.000151846. Error: 1.81512e-12.
Computing volumes of the grid elements.
Min. volume: 0.000151846, max. volume: 36.5345.

# FGMRES residual history
# Residual tolerance target = 1e-10
# Initial residual norm     = 6.23957e-10
     0     1
# FGMRES final (true) residual:
# Iteration = 4: |res|/|res0| = 1.81512e-12.

Computing volumes of the grid elements.
Non-linear iter.: 381/500. Linear iter.: 4. Min. area: 0.000151846. Error: 1.81512e-12.
Computing volumes of the grid elements.
Min. volume: 0.000151846, max. volume: 36.5345.

# FGMRES residual history
# Residual tolerance target = 1e-10
# Initial residual norm     = 6.23956e-10
     0     1
# FGMRES final (true) residual:
# Iteration = 4: |res|/|res0| = 1.81512e-12.

Computing volumes of the grid elements.
Non-linear iter.: 382/500. Linear iter.: 4. Min. area: 0.000151846. Error: 1.81512e-12.
Computing volumes of the grid elements.
Min. volume: 0.000151846, max. volume: 36.5345.

# FGMRES residual history
# Residual tolerance target = 1e-10
# Initial residual norm     = 6.23954e-10
     0     1
# FGMRES final (true) residual:
# Iteration = 4: |res|/|res0| = 1.81512e-12.

Computing volumes of the grid elements.
Non-linear iter.: 383/500. Linear iter.: 4. Min. area: 0.000151846. Error: 1.81512e-12.
Computing volumes of the grid elements.
Min. volume: 0.000151846, max. volume: 36.5345.

# FGMRES residual history
# Residual tolerance target = 1e-10
# Initial residual norm     = 6.23953e-10
     0     1
# FGMRES final (true) residual:
# Iteration = 4: |res|/|res0| = 1.81512e-12.

Computing volumes of the grid elements.
Non-linear iter.: 384/500. Linear iter.: 4. Min. area: 0.000151846. Error: 1.81512e-12.
Computing volumes of the grid elements.
Min. volume: 0.000151846, max. volume: 36.5345.

# FGMRES residual history
# Residual tolerance target = 1e-10
# Initial residual norm     = 6.23952e-10
     0     1
# FGMRES final (true) residual:
# Iteration = 4: |res|/|res0| = 1.81512e-12.

Computing volumes of the grid elements.
Non-linear iter.: 385/500. Linear iter.: 4. Min. area: 0.000151846. Error: 1.81512e-12.
Computing volumes of the grid elements.
Min. volume: 0.000151846, max. volume: 36.5345.

# FGMRES residual history
# Residual tolerance target = 1e-10
# Initial residual norm     = 6.23951e-10
     0     1
# FGMRES final (true) residual:
# Iteration = 4: |res|/|res0| = 1.81513e-12.

Computing volumes of the grid elements.
Non-linear iter.: 386/500. Linear iter.: 4. Min. area: 0.000151846. Error: 1.81513e-12.
Computing volumes of the grid elements.
Min. volume: 0.000151846, max. volume: 36.5345.

# FGMRES residual history
# Residual tolerance target = 1e-10
# Initial residual norm     = 6.23949e-10
     0     1
# FGMRES final (true) residual:
# Iteration = 4: |res|/|res0| = 1.81513e-12.

Computing volumes of the grid elements.
Non-linear iter.: 387/500. Linear iter.: 4. Min. area: 0.000151846. Error: 1.81513e-12.
Computing volumes of the grid elements.
Min. volume: 0.000151846, max. volume: 36.5345.

# FGMRES residual history
# Residual tolerance target = 1e-10
# Initial residual norm     = 6.23948e-10
     0     1
# FGMRES final (true) residual:
# Iteration = 4: |res|/|res0| = 1.81513e-12.

Computing volumes of the grid elements.
Non-linear iter.: 388/500. Linear iter.: 4. Min. area: 0.000151846. Error: 1.81513e-12.
Computing volumes of the grid elements.
Min. volume: 0.000151846, max. volume: 36.5345.

# FGMRES residual history
# Residual tolerance target = 1e-10
# Initial residual norm     = 6.23947e-10
     0     1
# FGMRES final (true) residual:
# Iteration = 4: |res|/|res0| = 1.81513e-12.

Computing volumes of the grid elements.
Non-linear iter.: 389/500. Linear iter.: 4. Min. area: 0.000151846. Error: 1.81513e-12.
Computing volumes of the grid elements.
Min. volume: 0.000151846, max. volume: 36.5345.

# FGMRES residual history
# Residual tolerance target = 1e-10
# Initial residual norm     = 6.23945e-10
     0     1
# FGMRES final (true) residual:
# Iteration = 4: |res|/|res0| = 1.81513e-12.

Computing volumes of the grid elements.
Non-linear iter.: 390/500. Linear iter.: 4. Min. area: 0.000151846. Error: 1.81513e-12.
Computing volumes of the grid elements.
Min. volume: 0.000151846, max. volume: 36.5345.

# FGMRES residual history
# Residual tolerance target = 1e-10
# Initial residual norm     = 6.23944e-10
     0     1
# FGMRES final (true) residual:
# Iteration = 4: |res|/|res0| = 1.81513e-12.

Computing volumes of the grid elements.
Non-linear iter.: 391/500. Linear iter.: 4. Min. area: 0.000151846. Error: 1.81513e-12.
Computing volumes of the grid elements.
Min. volume: 0.000151846, max. volume: 36.5345.

# FGMRES residual history
# Residual tolerance target = 1e-10
# Initial residual norm     = 6.23943e-10
     0     1
# FGMRES final (true) residual:
# Iteration = 4: |res|/|res0| = 1.81513e-12.

Computing volumes of the grid elements.
Non-linear iter.: 392/500. Linear iter.: 4. Min. area: 0.000151846. Error: 1.81513e-12.
Computing volumes of the grid elements.
Min. volume: 0.000151846, max. volume: 36.5345.

# FGMRES residual history
# Residual tolerance target = 1e-10
# Initial residual norm     = 6.23941e-10
     0     1
# FGMRES final (true) residual:
# Iteration = 4: |res|/|res0| = 1.81513e-12.

Computing volumes of the grid elements.
Non-linear iter.: 393/500. Linear iter.: 4. Min. area: 0.000151846. Error: 1.81513e-12.
Computing volumes of the grid elements.
Min. volume: 0.000151846, max. volume: 36.5345.

# FGMRES residual history
# Residual tolerance target = 1e-10
# Initial residual norm     = 6.2394e-10
     0     1
# FGMRES final (true) residual:
# Iteration = 4: |res|/|res0| = 1.81514e-12.

Computing volumes of the grid elements.
Non-linear iter.: 394/500. Linear iter.: 4. Min. area: 0.000151846. Error: 1.81514e-12.
Computing volumes of the grid elements.
Min. volume: 0.000151846, max. volume: 36.5345.

# FGMRES residual history
# Residual tolerance target = 1e-10
# Initial residual norm     = 6.23939e-10
     0     1
# FGMRES final (true) residual:
# Iteration = 4: |res|/|res0| = 1.81514e-12.

Computing volumes of the grid elements.
Non-linear iter.: 395/500. Linear iter.: 4. Min. area: 0.000151846. Error: 1.81514e-12.
Computing volumes of the grid elements.
Min. volume: 0.000151846, max. volume: 36.5345.

# FGMRES residual history
# Residual tolerance target = 1e-10
# Initial residual norm     = 6.23938e-10
     0     1
# FGMRES final (true) residual:
# Iteration = 4: |res|/|res0| = 1.81514e-12.

Computing volumes of the grid elements.
Non-linear iter.: 396/500. Linear iter.: 4. Min. area: 0.000151846. Error: 1.81514e-12.
Computing volumes of the grid elements.
Min. volume: 0.000151846, max. volume: 36.5345.

# FGMRES residual history
# Residual tolerance target = 1e-10
# Initial residual norm     = 6.23936e-10
     0     1
# FGMRES final (true) residual:
# Iteration = 4: |res|/|res0| = 1.81514e-12.

Computing volumes of the grid elements.
Non-linear iter.: 397/500. Linear iter.: 4. Min. area: 0.000151846. Error: 1.81514e-12.
Computing volumes of the grid elements.
Min. volume: 0.000151846, max. volume: 36.5345.

# FGMRES residual history
# Residual tolerance target = 1e-10
# Initial residual norm     = 6.23935e-10
     0     1
# FGMRES final (true) residual:
# Iteration = 4: |res|/|res0| = 1.81514e-12.

Computing volumes of the grid elements.
Non-linear iter.: 398/500. Linear iter.: 4. Min. area: 0.000151846. Error: 1.81514e-12.
Computing volumes of the grid elements.
Min. volume: 0.000151846, max. volume: 36.5345.

# FGMRES residual history
# Residual tolerance target = 1e-10
# Initial residual norm     = 6.23934e-10
     0     1
# FGMRES final (true) residual:
# Iteration = 4: |res|/|res0| = 1.81514e-12.

Computing volumes of the grid elements.
Non-linear iter.: 399/500. Linear iter.: 4. Min. area: 0.000151846. Error: 1.81514e-12.
Computing volumes of the grid elements.
Min. volume: 0.000151846, max. volume: 36.5345.

# FGMRES residual history
# Residual tolerance target = 1e-10
# Initial residual norm     = 6.23932e-10
     0     1
# FGMRES final (true) residual:
# Iteration = 4: |res|/|res0| = 1.81514e-12.

Computing volumes of the grid elements.
Non-linear iter.: 400/500. Linear iter.: 4. Min. area: 0.000151846. Error: 1.81514e-12.
Computing volumes of the grid elements.
Min. volume: 0.000151846, max. volume: 36.5344.

# FGMRES residual history
# Residual tolerance target = 1e-10
# Initial residual norm     = 6.23931e-10
     0     1
# FGMRES final (true) residual:
# Iteration = 4: |res|/|res0| = 1.81514e-12.

Computing volumes of the grid elements.
Non-linear iter.: 401/500. Linear iter.: 4. Min. area: 0.000151846. Error: 1.81514e-12.
Computing volumes of the grid elements.
Min. volume: 0.000151846, max. volume: 36.5344.

# FGMRES residual history
# Residual tolerance target = 1e-10
# Initial residual norm     = 6.2393e-10
     0     1
# FGMRES final (true) residual:
# Iteration = 4: |res|/|res0| = 1.81515e-12.

Computing volumes of the grid elements.
Non-linear iter.: 402/500. Linear iter.: 4. Min. area: 0.000151846. Error: 1.81515e-12.
Computing volumes of the grid elements.
Min. volume: 0.000151846, max. volume: 36.5344.

# FGMRES residual history
# Residual tolerance target = 1e-10
# Initial residual norm     = 6.23928e-10
     0     1
# FGMRES final (true) residual:
# Iteration = 4: |res|/|res0| = 1.81515e-12.

Computing volumes of the grid elements.
Non-linear iter.: 403/500. Linear iter.: 4. Min. area: 0.000151846. Error: 1.81515e-12.
Computing volumes of the grid elements.
Min. volume: 0.000151846, max. volume: 36.5344.

# FGMRES residual history
# Residual tolerance target = 1e-10
# Initial residual norm     = 6.23927e-10
     0     1
# FGMRES final (true) residual:
# Iteration = 4: |res|/|res0| = 1.81515e-12.

Computing volumes of the grid elements.
Non-linear iter.: 404/500. Linear iter.: 4. Min. area: 0.000151846. Error: 1.81515e-12.
Computing volumes of the grid elements.
Min. volume: 0.000151846, max. volume: 36.5344.

# FGMRES residual history
# Residual tolerance target = 1e-10
# Initial residual norm     = 6.23926e-10
     0     1
# FGMRES final (true) residual:
# Iteration = 4: |res|/|res0| = 1.81515e-12.

Computing volumes of the grid elements.
Non-linear iter.: 405/500. Linear iter.: 4. Min. area: 0.000151846. Error: 1.81515e-12.
Computing volumes of the grid elements.
Min. volume: 0.000151846, max. volume: 36.5344.

# FGMRES residual history
# Residual tolerance target = 1e-10
# Initial residual norm     = 6.23925e-10
     0     1
# FGMRES final (true) residual:
# Iteration = 4: |res|/|res0| = 1.81515e-12.

Computing volumes of the grid elements.
Non-linear iter.: 406/500. Linear iter.: 4. Min. area: 0.000151846. Error: 1.81515e-12.
Computing volumes of the grid elements.
Min. volume: 0.000151846, max. volume: 36.5344.

# FGMRES residual history
# Residual tolerance target = 1e-10
# Initial residual norm     = 6.23923e-10
     0     1
# FGMRES final (true) residual:
# Iteration = 4: |res|/|res0| = 1.81515e-12.

Computing volumes of the grid elements.
Non-linear iter.: 407/500. Linear iter.: 4. Min. area: 0.000151846. Error: 1.81515e-12.
Computing volumes of the grid elements.
Min. volume: 0.000151846, max. volume: 36.5344.

# FGMRES residual history
# Residual tolerance target = 1e-10
# Initial residual norm     = 6.23922e-10
     0     1
# FGMRES final (true) residual:
# Iteration = 4: |res|/|res0| = 1.81515e-12.

Computing volumes of the grid elements.
Non-linear iter.: 408/500. Linear iter.: 4. Min. area: 0.000151846. Error: 1.81515e-12.
Computing volumes of the grid elements.
Min. volume: 0.000151846, max. volume: 36.5344.

# FGMRES residual history
# Residual tolerance target = 1e-10
# Initial residual norm     = 6.23921e-10
     0     1
# FGMRES final (true) residual:
# Iteration = 4: |res|/|res0| = 1.81515e-12.

Computing volumes of the grid elements.
Non-linear iter.: 409/500. Linear iter.: 4. Min. area: 0.000151846. Error: 1.81515e-12.
Computing volumes of the grid elements.
Min. volume: 0.000151846, max. volume: 36.5344.

# FGMRES residual history
# Residual tolerance target = 1e-10
# Initial residual norm     = 6.23919e-10
     0     1
# FGMRES final (true) residual:
# Iteration = 4: |res|/|res0| = 1.81516e-12.

Computing volumes of the grid elements.
Non-linear iter.: 410/500. Linear iter.: 4. Min. area: 0.000151846. Error: 1.81516e-12.
Computing volumes of the grid elements.
Min. volume: 0.000151846, max. volume: 36.5344.

# FGMRES residual history
# Residual tolerance target = 1e-10
# Initial residual norm     = 6.23918e-10
     0     1
# FGMRES final (true) residual:
# Iteration = 4: |res|/|res0| = 1.81516e-12.

Computing volumes of the grid elements.
Non-linear iter.: 411/500. Linear iter.: 4. Min. area: 0.000151846. Error: 1.81516e-12.
Computing volumes of the grid elements.
Min. volume: 0.000151846, max. volume: 36.5344.

# FGMRES residual history
# Residual tolerance target = 1e-10
# Initial residual norm     = 6.23917e-10
     0     1
# FGMRES final (true) residual:
# Iteration = 4: |res|/|res0| = 1.81516e-12.

Computing volumes of the grid elements.
Non-linear iter.: 412/500. Linear iter.: 4. Min. area: 0.000151846. Error: 1.81516e-12.
Computing volumes of the grid elements.
Min. volume: 0.000151846, max. volume: 36.5344.

# FGMRES residual history
# Residual tolerance target = 1e-10
# Initial residual norm     = 6.23915e-10
     0     1
# FGMRES final (true) residual:
# Iteration = 4: |res|/|res0| = 1.81516e-12.

Computing volumes of the grid elements.
Non-linear iter.: 413/500. Linear iter.: 4. Min. area: 0.000151846. Error: 1.81516e-12.
Computing volumes of the grid elements.
Min. volume: 0.000151846, max. volume: 36.5344.

# FGMRES residual history
# Residual tolerance target = 1e-10
# Initial residual norm     = 6.23914e-10
     0     1
# FGMRES final (true) residual:
# Iteration = 4: |res|/|res0| = 1.81516e-12.

Computing volumes of the grid elements.
Non-linear iter.: 414/500. Linear iter.: 4. Min. area: 0.000151846. Error: 1.81516e-12.
Computing volumes of the grid elements.
Min. volume: 0.000151846, max. volume: 36.5344.

# FGMRES residual history
# Residual tolerance target = 1e-10
# Initial residual norm     = 6.23913e-10
     0     1
# FGMRES final (true) residual:
# Iteration = 4: |res|/|res0| = 1.81516e-12.

Computing volumes of the grid elements.
Non-linear iter.: 415/500. Linear iter.: 4. Min. area: 0.000151846. Error: 1.81516e-12.
Computing volumes of the grid elements.
Min. volume: 0.000151846, max. volume: 36.5344.

# FGMRES residual history
# Residual tolerance target = 1e-10
# Initial residual norm     = 6.23912e-10
     0     1
# FGMRES final (true) residual:
# Iteration = 4: |res|/|res0| = 1.81516e-12.

Computing volumes of the grid elements.
Non-linear iter.: 416/500. Linear iter.: 4. Min. area: 0.000151846. Error: 1.81516e-12.
Computing volumes of the grid elements.
Min. volume: 0.000151846, max. volume: 36.5344.

# FGMRES residual history
# Residual tolerance target = 1e-10
# Initial residual norm     = 6.2391e-10
     0     1
# FGMRES final (true) residual:
# Iteration = 4: |res|/|res0| = 1.81516e-12.

Computing volumes of the grid elements.
Non-linear iter.: 417/500. Linear iter.: 4. Min. area: 0.000151846. Error: 1.81516e-12.
Computing volumes of the grid elements.
Min. volume: 0.000151846, max. volume: 36.5344.

# FGMRES residual history
# Residual tolerance target = 1e-10
# Initial residual norm     = 6.23909e-10
     0     1
# FGMRES final (true) residual:
# Iteration = 4: |res|/|res0| = 1.81517e-12.

Computing volumes of the grid elements.
Non-linear iter.: 418/500. Linear iter.: 4. Min. area: 0.000151846. Error: 1.81517e-12.
Computing volumes of the grid elements.
Min. volume: 0.000151846, max. volume: 36.5344.

# FGMRES residual history
# Residual tolerance target = 1e-10
# Initial residual norm     = 6.23908e-10
     0     1
# FGMRES final (true) residual:
# Iteration = 4: |res|/|res0| = 1.81517e-12.

Computing volumes of the grid elements.
Non-linear iter.: 419/500. Linear iter.: 4. Min. area: 0.000151846. Error: 1.81517e-12.
Computing volumes of the grid elements.
Min. volume: 0.000151846, max. volume: 36.5344.

# FGMRES residual history
# Residual tolerance target = 1e-10
# Initial residual norm     = 6.23906e-10
     0     1
# FGMRES final (true) residual:
# Iteration = 4: |res|/|res0| = 1.81517e-12.

Computing volumes of the grid elements.
Non-linear iter.: 420/500. Linear iter.: 4. Min. area: 0.000151846. Error: 1.81517e-12.
Computing volumes of the grid elements.
Min. volume: 0.000151846, max. volume: 36.5344.

# FGMRES residual history
# Residual tolerance target = 1e-10
# Initial residual norm     = 6.23905e-10
     0     1
# FGMRES final (true) residual:
# Iteration = 4: |res|/|res0| = 1.81517e-12.

Computing volumes of the grid elements.
Non-linear iter.: 421/500. Linear iter.: 4. Min. area: 0.000151846. Error: 1.81517e-12.
Computing volumes of the grid elements.
Min. volume: 0.000151846, max. volume: 36.5344.

# FGMRES residual history
# Residual tolerance target = 1e-10
# Initial residual norm     = 6.23904e-10
     0     1
# FGMRES final (true) residual:
# Iteration = 4: |res|/|res0| = 1.81517e-12.

Computing volumes of the grid elements.
Non-linear iter.: 422/500. Linear iter.: 4. Min. area: 0.000151846. Error: 1.81517e-12.
Computing volumes of the grid elements.
Min. volume: 0.000151846, max. volume: 36.5344.

# FGMRES residual history
# Residual tolerance target = 1e-10
# Initial residual norm     = 6.23902e-10
     0     1
# FGMRES final (true) residual:
# Iteration = 4: |res|/|res0| = 1.81517e-12.

Computing volumes of the grid elements.
Non-linear iter.: 423/500. Linear iter.: 4. Min. area: 0.000151846. Error: 1.81517e-12.
Computing volumes of the grid elements.
Min. volume: 0.000151846, max. volume: 36.5344.

# FGMRES residual history
# Residual tolerance target = 1e-10
# Initial residual norm     = 6.23901e-10
     0     1
# FGMRES final (true) residual:
# Iteration = 4: |res|/|res0| = 1.81517e-12.

Computing volumes of the grid elements.
Non-linear iter.: 424/500. Linear iter.: 4. Min. area: 0.000151846. Error: 1.81517e-12.
Computing volumes of the grid elements.
Min. volume: 0.000151846, max. volume: 36.5344.

# FGMRES residual history
# Residual tolerance target = 1e-10
# Initial residual norm     = 6.239e-10
     0     1
# FGMRES final (true) residual:
# Iteration = 4: |res|/|res0| = 1.81517e-12.

Computing volumes of the grid elements.
Non-linear iter.: 425/500. Linear iter.: 4. Min. area: 0.000151846. Error: 1.81517e-12.
Computing volumes of the grid elements.
Min. volume: 0.000151846, max. volume: 36.5344.

# FGMRES residual history
# Residual tolerance target = 1e-10
# Initial residual norm     = 6.23899e-10
     0     1
# FGMRES final (true) residual:
# Iteration = 4: |res|/|res0| = 1.81518e-12.

Computing volumes of the grid elements.
Non-linear iter.: 426/500. Linear iter.: 4. Min. area: 0.000151846. Error: 1.81518e-12.
Computing volumes of the grid elements.
Min. volume: 0.000151846, max. volume: 36.5344.

# FGMRES residual history
# Residual tolerance target = 1e-10
# Initial residual norm     = 6.23897e-10
     0     1
# FGMRES final (true) residual:
# Iteration = 4: |res|/|res0| = 1.81518e-12.

Computing volumes of the grid elements.
Non-linear iter.: 427/500. Linear iter.: 4. Min. area: 0.000151846. Error: 1.81518e-12.
Computing volumes of the grid elements.
Min. volume: 0.000151846, max. volume: 36.5344.

# FGMRES residual history
# Residual tolerance target = 1e-10
# Initial residual norm     = 6.23896e-10
     0     1
# FGMRES final (true) residual:
# Iteration = 4: |res|/|res0| = 1.81518e-12.

Computing volumes of the grid elements.
Non-linear iter.: 428/500. Linear iter.: 4. Min. area: 0.000151846. Error: 1.81518e-12.
Computing volumes of the grid elements.
Min. volume: 0.000151846, max. volume: 36.5344.

# FGMRES residual history
# Residual tolerance target = 1e-10
# Initial residual norm     = 6.23895e-10
     0     1
# FGMRES final (true) residual:
# Iteration = 4: |res|/|res0| = 1.81518e-12.

Computing volumes of the grid elements.
Non-linear iter.: 429/500. Linear iter.: 4. Min. area: 0.000151846. Error: 1.81518e-12.
Computing volumes of the grid elements.
Min. volume: 0.000151846, max. volume: 36.5344.

# FGMRES residual history
# Residual tolerance target = 1e-10
# Initial residual norm     = 6.23893e-10
     0     1
# FGMRES final (true) residual:
# Iteration = 4: |res|/|res0| = 1.81518e-12.

Computing volumes of the grid elements.
Non-linear iter.: 430/500. Linear iter.: 4. Min. area: 0.000151846. Error: 1.81518e-12.
Computing volumes of the grid elements.
Min. volume: 0.000151846, max. volume: 36.5344.

# FGMRES residual history
# Residual tolerance target = 1e-10
# Initial residual norm     = 6.23892e-10
     0     1
# FGMRES final (true) residual:
# Iteration = 4: |res|/|res0| = 1.81518e-12.

Computing volumes of the grid elements.
Non-linear iter.: 431/500. Linear iter.: 4. Min. area: 0.000151846. Error: 1.81518e-12.
Computing volumes of the grid elements.
Min. volume: 0.000151846, max. volume: 36.5344.

# FGMRES residual history
# Residual tolerance target = 1e-10
# Initial residual norm     = 6.23891e-10
     0     1
# FGMRES final (true) residual:
# Iteration = 4: |res|/|res0| = 1.81518e-12.

Computing volumes of the grid elements.
Non-linear iter.: 432/500. Linear iter.: 4. Min. area: 0.000151846. Error: 1.81518e-12.
Computing volumes of the grid elements.
Min. volume: 0.000151846, max. volume: 36.5344.

# FGMRES residual history
# Residual tolerance target = 1e-10
# Initial residual norm     = 6.23889e-10
     0     1
# FGMRES final (true) residual:
# Iteration = 4: |res|/|res0| = 1.81518e-12.

Computing volumes of the grid elements.
Non-linear iter.: 433/500. Linear iter.: 4. Min. area: 0.000151846. Error: 1.81518e-12.
Computing volumes of the grid elements.
Min. volume: 0.000151846, max. volume: 36.5344.

# FGMRES residual history
# Residual tolerance target = 1e-10
# Initial residual norm     = 6.23888e-10
     0     1
# FGMRES final (true) residual:
# Iteration = 4: |res|/|res0| = 1.81519e-12.

Computing volumes of the grid elements.
Non-linear iter.: 434/500. Linear iter.: 4. Min. area: 0.000151846. Error: 1.81519e-12.
Computing volumes of the grid elements.
Min. volume: 0.000151846, max. volume: 36.5344.

# FGMRES residual history
# Residual tolerance target = 1e-10
# Initial residual norm     = 6.23887e-10
     0     1
# FGMRES final (true) residual:
# Iteration = 4: |res|/|res0| = 1.81519e-12.

Computing volumes of the grid elements.
Non-linear iter.: 435/500. Linear iter.: 4. Min. area: 0.000151846. Error: 1.81519e-12.
Computing volumes of the grid elements.
Min. volume: 0.000151846, max. volume: 36.5344.

# FGMRES residual history
# Residual tolerance target = 1e-10
# Initial residual norm     = 6.23886e-10
     0     1
# FGMRES final (true) residual:
# Iteration = 4: |res|/|res0| = 1.81519e-12.

Computing volumes of the grid elements.
Non-linear iter.: 436/500. Linear iter.: 4. Min. area: 0.000151846. Error: 1.81519e-12.
Computing volumes of the grid elements.
Min. volume: 0.000151846, max. volume: 36.5344.

# FGMRES residual history
# Residual tolerance target = 1e-10
# Initial residual norm     = 6.23884e-10
     0     1
# FGMRES final (true) residual:
# Iteration = 4: |res|/|res0| = 1.81519e-12.

Computing volumes of the grid elements.
Non-linear iter.: 437/500. Linear iter.: 4. Min. area: 0.000151846. Error: 1.81519e-12.
Computing volumes of the grid elements.
Min. volume: 0.000151846, max. volume: 36.5344.

# FGMRES residual history
# Residual tolerance target = 1e-10
# Initial residual norm     = 6.23883e-10
     0     1
# FGMRES final (true) residual:
# Iteration = 4: |res|/|res0| = 1.81519e-12.

Computing volumes of the grid elements.
Non-linear iter.: 438/500. Linear iter.: 4. Min. area: 0.000151846. Error: 1.81519e-12.
Computing volumes of the grid elements.
Min. volume: 0.000151846, max. volume: 36.5344.

# FGMRES residual history
# Residual tolerance target = 1e-10
# Initial residual norm     = 6.23882e-10
     0     1
# FGMRES final (true) residual:
# Iteration = 4: |res|/|res0| = 1.81519e-12.

Computing volumes of the grid elements.
Non-linear iter.: 439/500. Linear iter.: 4. Min. area: 0.000151846. Error: 1.81519e-12.
Computing volumes of the grid elements.
Min. volume: 0.000151846, max. volume: 36.5344.

# FGMRES residual history
# Residual tolerance target = 1e-10
# Initial residual norm     = 6.2388e-10
     0     1
# FGMRES final (true) residual:
# Iteration = 4: |res|/|res0| = 1.81519e-12.

Computing volumes of the grid elements.
Non-linear iter.: 440/500. Linear iter.: 4. Min. area: 0.000151846. Error: 1.81519e-12.
Computing volumes of the grid elements.
Min. volume: 0.000151846, max. volume: 36.5344.

# FGMRES residual history
# Residual tolerance target = 1e-10
# Initial residual norm     = 6.23879e-10
     0     1
# FGMRES final (true) residual:
# Iteration = 4: |res|/|res0| = 1.81519e-12.

Computing volumes of the grid elements.
Non-linear iter.: 441/500. Linear iter.: 4. Min. area: 0.000151846. Error: 1.81519e-12.
Computing volumes of the grid elements.
Min. volume: 0.000151846, max. volume: 36.5344.

# FGMRES residual history
# Residual tolerance target = 1e-10
# Initial residual norm     = 6.23878e-10
     0     1
# FGMRES final (true) residual:
# Iteration = 4: |res|/|res0| = 1.8152e-12.

Computing volumes of the grid elements.
Non-linear iter.: 442/500. Linear iter.: 4. Min. area: 0.000151846. Error: 1.8152e-12.
Computing volumes of the grid elements.
Min. volume: 0.000151846, max. volume: 36.5344.

# FGMRES residual history
# Residual tolerance target = 1e-10
# Initial residual norm     = 6.23876e-10
     0     1
# FGMRES final (true) residual:
# Iteration = 4: |res|/|res0| = 1.8152e-12.

Computing volumes of the grid elements.
Non-linear iter.: 443/500. Linear iter.: 4. Min. area: 0.000151846. Error: 1.8152e-12.
Computing volumes of the grid elements.
Min. volume: 0.000151846, max. volume: 36.5344.

# FGMRES residual history
# Residual tolerance target = 1e-10
# Initial residual norm     = 6.23875e-10
     0     1
# FGMRES final (true) residual:
# Iteration = 4: |res|/|res0| = 1.8152e-12.

Computing volumes of the grid elements.
Non-linear iter.: 444/500. Linear iter.: 4. Min. area: 0.000151846. Error: 1.8152e-12.
Computing volumes of the grid elements.
Min. volume: 0.000151846, max. volume: 36.5344.

# FGMRES residual history
# Residual tolerance target = 1e-10
# Initial residual norm     = 6.23874e-10
     0     1
# FGMRES final (true) residual:
# Iteration = 4: |res|/|res0| = 1.8152e-12.

Computing volumes of the grid elements.
Non-linear iter.: 445/500. Linear iter.: 4. Min. area: 0.000151846. Error: 1.8152e-12.
Computing volumes of the grid elements.
Min. volume: 0.000151846, max. volume: 36.5344.

# FGMRES residual history
# Residual tolerance target = 1e-10
# Initial residual norm     = 6.23873e-10
     0     1
# FGMRES final (true) residual:
# Iteration = 4: |res|/|res0| = 1.8152e-12.

Computing volumes of the grid elements.
Non-linear iter.: 446/500. Linear iter.: 4. Min. area: 0.000151846. Error: 1.8152e-12.
Computing volumes of the grid elements.
Min. volume: 0.000151846, max. volume: 36.5344.

# FGMRES residual history
# Residual tolerance target = 1e-10
# Initial residual norm     = 6.23871e-10
     0     1
# FGMRES final (true) residual:
# Iteration = 4: |res|/|res0| = 1.8152e-12.

Computing volumes of the grid elements.
Non-linear iter.: 447/500. Linear iter.: 4. Min. area: 0.000151846. Error: 1.8152e-12.
Computing volumes of the grid elements.
Min. volume: 0.000151846, max. volume: 36.5344.

# FGMRES residual history
# Residual tolerance target = 1e-10
# Initial residual norm     = 6.2387e-10
     0     1
# FGMRES final (true) residual:
# Iteration = 4: |res|/|res0| = 1.8152e-12.

Computing volumes of the grid elements.
Non-linear iter.: 448/500. Linear iter.: 4. Min. area: 0.000151846. Error: 1.8152e-12.
Computing volumes of the grid elements.
Min. volume: 0.000151846, max. volume: 36.5344.

# FGMRES residual history
# Residual tolerance target = 1e-10
# Initial residual norm     = 6.23869e-10
     0     1
# FGMRES final (true) residual:
# Iteration = 4: |res|/|res0| = 1.81521e-12.

Computing volumes of the grid elements.
Non-linear iter.: 449/500. Linear iter.: 4. Min. area: 0.000151846. Error: 1.81521e-12.
Computing volumes of the grid elements.
Min. volume: 0.000151846, max. volume: 36.5344.

# FGMRES residual history
# Residual tolerance target = 1e-10
# Initial residual norm     = 6.23867e-10
     0     1
# FGMRES final (true) residual:
# Iteration = 4: |res|/|res0| = 1.81521e-12.

Computing volumes of the grid elements.
Non-linear iter.: 450/500. Linear iter.: 4. Min. area: 0.000151846. Error: 1.81521e-12.
Computing volumes of the grid elements.
Min. volume: 0.000151846, max. volume: 36.5344.

# FGMRES residual history
# Residual tolerance target = 1e-10
# Initial residual norm     = 6.23866e-10
     0     1
# FGMRES final (true) residual:
# Iteration = 4: |res|/|res0| = 1.81521e-12.

Computing volumes of the grid elements.
Non-linear iter.: 451/500. Linear iter.: 4. Min. area: 0.000151846. Error: 1.81521e-12.
Computing volumes of the grid elements.
Min. volume: 0.000151846, max. volume: 36.5344.

# FGMRES residual history
# Residual tolerance target = 1e-10
# Initial residual norm     = 6.23865e-10
     0     1
# FGMRES final (true) residual:
# Iteration = 4: |res|/|res0| = 1.81521e-12.

Computing volumes of the grid elements.
Non-linear iter.: 452/500. Linear iter.: 4. Min. area: 0.000151846. Error: 1.81521e-12.
Computing volumes of the grid elements.
Min. volume: 0.000151846, max. volume: 36.5344.

# FGMRES residual history
# Residual tolerance target = 1e-10
# Initial residual norm     = 6.23863e-10
     0     1
# FGMRES final (true) residual:
# Iteration = 4: |res|/|res0| = 1.81521e-12.

Computing volumes of the grid elements.
Non-linear iter.: 453/500. Linear iter.: 4. Min. area: 0.000151846. Error: 1.81521e-12.
Computing volumes of the grid elements.
Min. volume: 0.000151846, max. volume: 36.5344.

# FGMRES residual history
# Residual tolerance target = 1e-10
# Initial residual norm     = 6.23862e-10
     0     1
# FGMRES final (true) residual:
# Iteration = 4: |res|/|res0| = 1.81521e-12.

Computing volumes of the grid elements.
Non-linear iter.: 454/500. Linear iter.: 4. Min. area: 0.000151846. Error: 1.81521e-12.
Computing volumes of the grid elements.
Min. volume: 0.000151846, max. volume: 36.5344.

# FGMRES residual history
# Residual tolerance target = 1e-10
# Initial residual norm     = 6.23861e-10
     0     1
# FGMRES final (true) residual:
# Iteration = 4: |res|/|res0| = 1.81521e-12.

Computing volumes of the grid elements.
Non-linear iter.: 455/500. Linear iter.: 4. Min. area: 0.000151846. Error: 1.81521e-12.
Computing volumes of the grid elements.
Min. volume: 0.000151846, max. volume: 36.5344.

# FGMRES residual history
# Residual tolerance target = 1e-10
# Initial residual norm     = 6.2386e-10
     0     1
# FGMRES final (true) residual:
# Iteration = 4: |res|/|res0| = 1.81521e-12.

Computing volumes of the grid elements.
Non-linear iter.: 456/500. Linear iter.: 4. Min. area: 0.000151846. Error: 1.81521e-12.
Computing volumes of the grid elements.
Min. volume: 0.000151846, max. volume: 36.5344.

# FGMRES residual history
# Residual tolerance target = 1e-10
# Initial residual norm     = 6.23858e-10
     0     1
# FGMRES final (true) residual:
# Iteration = 4: |res|/|res0| = 1.81522e-12.

Computing volumes of the grid elements.
Non-linear iter.: 457/500. Linear iter.: 4. Min. area: 0.000151846. Error: 1.81522e-12.
Computing volumes of the grid elements.
Min. volume: 0.000151846, max. volume: 36.5344.

# FGMRES residual history
# Residual tolerance target = 1e-10
# Initial residual norm     = 6.23857e-10
     0     1
# FGMRES final (true) residual:
# Iteration = 4: |res|/|res0| = 1.81522e-12.

Computing volumes of the grid elements.
Non-linear iter.: 458/500. Linear iter.: 4. Min. area: 0.000151846. Error: 1.81522e-12.
Computing volumes of the grid elements.
Min. volume: 0.000151846, max. volume: 36.5344.

# FGMRES residual history
# Residual tolerance target = 1e-10
# Initial residual norm     = 6.23856e-10
     0     1
# FGMRES final (true) residual:
# Iteration = 4: |res|/|res0| = 1.81522e-12.

Computing volumes of the grid elements.
Non-linear iter.: 459/500. Linear iter.: 4. Min. area: 0.000151846. Error: 1.81522e-12.
Computing volumes of the grid elements.
Min. volume: 0.000151846, max. volume: 36.5344.

# FGMRES residual history
# Residual tolerance target = 1e-10
# Initial residual norm     = 6.23854e-10
     0     1
# FGMRES final (true) residual:
# Iteration = 4: |res|/|res0| = 1.81522e-12.

Computing volumes of the grid elements.
Non-linear iter.: 460/500. Linear iter.: 4. Min. area: 0.000151846. Error: 1.81522e-12.
Computing volumes of the grid elements.
Min. volume: 0.000151846, max. volume: 36.5344.

# FGMRES residual history
# Residual tolerance target = 1e-10
# Initial residual norm     = 6.23853e-10
     0     1
# FGMRES final (true) residual:
# Iteration = 4: |res|/|res0| = 1.81522e-12.

Computing volumes of the grid elements.
Non-linear iter.: 461/500. Linear iter.: 4. Min. area: 0.000151846. Error: 1.81522e-12.
Computing volumes of the grid elements.
Min. volume: 0.000151846, max. volume: 36.5344.

# FGMRES residual history
# Residual tolerance target = 1e-10
# Initial residual norm     = 6.23852e-10
     0     1
# FGMRES final (true) residual:
# Iteration = 4: |res|/|res0| = 1.81522e-12.

Computing volumes of the grid elements.
Non-linear iter.: 462/500. Linear iter.: 4. Min. area: 0.000151846. Error: 1.81522e-12.
Computing volumes of the grid elements.
Min. volume: 0.000151846, max. volume: 36.5344.

# FGMRES residual history
# Residual tolerance target = 1e-10
# Initial residual norm     = 6.2385e-10
     0     1
# FGMRES final (true) residual:
# Iteration = 4: |res|/|res0| = 1.81522e-12.

Computing volumes of the grid elements.
Non-linear iter.: 463/500. Linear iter.: 4. Min. area: 0.000151846. Error: 1.81522e-12.
Computing volumes of the grid elements.
Min. volume: 0.000151846, max. volume: 36.5344.

# FGMRES residual history
# Residual tolerance target = 1e-10
# Initial residual norm     = 6.23849e-10
     0     1
# FGMRES final (true) residual:
# Iteration = 4: |res|/|res0| = 1.81522e-12.

Computing volumes of the grid elements.
Non-linear iter.: 464/500. Linear iter.: 4. Min. area: 0.000151846. Error: 1.81522e-12.
Computing volumes of the grid elements.
Min. volume: 0.000151846, max. volume: 36.5344.

# FGMRES residual history
# Residual tolerance target = 1e-10
# Initial residual norm     = 6.23848e-10
     0     1
# FGMRES final (true) residual:
# Iteration = 4: |res|/|res0| = 1.81523e-12.

Computing volumes of the grid elements.
Non-linear iter.: 465/500. Linear iter.: 4. Min. area: 0.000151846. Error: 1.81523e-12.
Computing volumes of the grid elements.
Min. volume: 0.000151846, max. volume: 36.5344.

# FGMRES residual history
# Residual tolerance target = 1e-10
# Initial residual norm     = 6.23847e-10
     0     1
# FGMRES final (true) residual:
# Iteration = 4: |res|/|res0| = 1.81523e-12.

Computing volumes of the grid elements.
Non-linear iter.: 466/500. Linear iter.: 4. Min. area: 0.000151846. Error: 1.81523e-12.
Computing volumes of the grid elements.
Min. volume: 0.000151846, max. volume: 36.5344.

# FGMRES residual history
# Residual tolerance target = 1e-10
# Initial residual norm     = 6.23845e-10
     0     1
# FGMRES final (true) residual:
# Iteration = 4: |res|/|res0| = 1.81523e-12.

Computing volumes of the grid elements.
Non-linear iter.: 467/500. Linear iter.: 4. Min. area: 0.000151846. Error: 1.81523e-12.
Computing volumes of the grid elements.
Min. volume: 0.000151846, max. volume: 36.5344.

# FGMRES residual history
# Residual tolerance target = 1e-10
# Initial residual norm     = 6.23844e-10
     0     1
# FGMRES final (true) residual:
# Iteration = 4: |res|/|res0| = 1.81523e-12.

Computing volumes of the grid elements.
Non-linear iter.: 468/500. Linear iter.: 4. Min. area: 0.000151846. Error: 1.81523e-12.
Computing volumes of the grid elements.
Min. volume: 0.000151846, max. volume: 36.5344.

# FGMRES residual history
# Residual tolerance target = 1e-10
# Initial residual norm     = 6.23843e-10
     0     1
# FGMRES final (true) residual:
# Iteration = 4: |res|/|res0| = 1.81523e-12.

Computing volumes of the grid elements.
Non-linear iter.: 469/500. Linear iter.: 4. Min. area: 0.000151846. Error: 1.81523e-12.
Computing volumes of the grid elements.
Min. volume: 0.000151846, max. volume: 36.5344.

# FGMRES residual history
# Residual tolerance target = 1e-10
# Initial residual norm     = 6.23841e-10
     0     1
# FGMRES final (true) residual:
# Iteration = 4: |res|/|res0| = 1.81523e-12.

Computing volumes of the grid elements.
Non-linear iter.: 470/500. Linear iter.: 4. Min. area: 0.000151846. Error: 1.81523e-12.
Computing volumes of the grid elements.
Min. volume: 0.000151846, max. volume: 36.5344.

# FGMRES residual history
# Residual tolerance target = 1e-10
# Initial residual norm     = 6.2384e-10
     0     1
# FGMRES final (true) residual:
# Iteration = 4: |res|/|res0| = 1.81523e-12.

Computing volumes of the grid elements.
Non-linear iter.: 471/500. Linear iter.: 4. Min. area: 0.000151846. Error: 1.81523e-12.
Computing volumes of the grid elements.
Min. volume: 0.000151846, max. volume: 36.5344.

# FGMRES residual history
# Residual tolerance target = 1e-10
# Initial residual norm     = 6.23839e-10
     0     1
# FGMRES final (true) residual:
# Iteration = 4: |res|/|res0| = 1.81523e-12.

Computing volumes of the grid elements.
Non-linear iter.: 472/500. Linear iter.: 4. Min. area: 0.000151846. Error: 1.81523e-12.
Computing volumes of the grid elements.
Min. volume: 0.000151846, max. volume: 36.5344.

# FGMRES residual history
# Residual tolerance target = 1e-10
# Initial residual norm     = 6.23837e-10
     0     1
# FGMRES final (true) residual:
# Iteration = 4: |res|/|res0| = 1.81524e-12.

Computing volumes of the grid elements.
Non-linear iter.: 473/500. Linear iter.: 4. Min. area: 0.000151846. Error: 1.81524e-12.
Computing volumes of the grid elements.
Min. volume: 0.000151846, max. volume: 36.5344.

# FGMRES residual history
# Residual tolerance target = 1e-10
# Initial residual norm     = 6.23836e-10
     0     1
# FGMRES final (true) residual:
# Iteration = 4: |res|/|res0| = 1.81524e-12.

Computing volumes of the grid elements.
Non-linear iter.: 474/500. Linear iter.: 4. Min. area: 0.000151846. Error: 1.81524e-12.
Computing volumes of the grid elements.
Min. volume: 0.000151846, max. volume: 36.5344.

# FGMRES residual history
# Residual tolerance target = 1e-10
# Initial residual norm     = 6.23835e-10
     0     1
# FGMRES final (true) residual:
# Iteration = 4: |res|/|res0| = 1.81524e-12.

Computing volumes of the grid elements.
Non-linear iter.: 475/500. Linear iter.: 4. Min. area: 0.000151846. Error: 1.81524e-12.
Computing volumes of the grid elements.
Min. volume: 0.000151846, max. volume: 36.5344.

# FGMRES residual history
# Residual tolerance target = 1e-10
# Initial residual norm     = 6.23834e-10
     0     1
# FGMRES final (true) residual:
# Iteration = 4: |res|/|res0| = 1.81524e-12.

Computing volumes of the grid elements.
Non-linear iter.: 476/500. Linear iter.: 4. Min. area: 0.000151846. Error: 1.81524e-12.
Computing volumes of the grid elements.
Min. volume: 0.000151846, max. volume: 36.5344.

# FGMRES residual history
# Residual tolerance target = 1e-10
# Initial residual norm     = 6.23832e-10
     0     1
# FGMRES final (true) residual:
# Iteration = 4: |res|/|res0| = 1.81524e-12.

Computing volumes of the grid elements.
Non-linear iter.: 477/500. Linear iter.: 4. Min. area: 0.000151846. Error: 1.81524e-12.
Computing volumes of the grid elements.
Min. volume: 0.000151846, max. volume: 36.5344.

# FGMRES residual history
# Residual tolerance target = 1e-10
# Initial residual norm     = 6.23831e-10
     0     1
# FGMRES final (true) residual:
# Iteration = 4: |res|/|res0| = 1.81524e-12.

Computing volumes of the grid elements.
Non-linear iter.: 478/500. Linear iter.: 4. Min. area: 0.000151846. Error: 1.81524e-12.
Computing volumes of the grid elements.
Min. volume: 0.000151846, max. volume: 36.5343.

# FGMRES residual history
# Residual tolerance target = 1e-10
# Initial residual norm     = 6.2383e-10
     0     1
# FGMRES final (true) residual:
# Iteration = 4: |res|/|res0| = 1.81524e-12.

Computing volumes of the grid elements.
Non-linear iter.: 479/500. Linear iter.: 4. Min. area: 0.000151846. Error: 1.81524e-12.
Computing volumes of the grid elements.
Min. volume: 0.000151846, max. volume: 36.5343.

# FGMRES residual history
# Residual tolerance target = 1e-10
# Initial residual norm     = 6.23828e-10
     0     1
# FGMRES final (true) residual:
# Iteration = 4: |res|/|res0| = 1.81524e-12.

Computing volumes of the grid elements.
Non-linear iter.: 480/500. Linear iter.: 4. Min. area: 0.000151846. Error: 1.81524e-12.
Computing volumes of the grid elements.
Min. volume: 0.000151846, max. volume: 36.5343.

# FGMRES residual history
# Residual tolerance target = 1e-10
# Initial residual norm     = 6.23827e-10
     0     1
# FGMRES final (true) residual:
# Iteration = 4: |res|/|res0| = 1.81525e-12.

Computing volumes of the grid elements.
Non-linear iter.: 481/500. Linear iter.: 4. Min. area: 0.000151846. Error: 1.81525e-12.
Computing volumes of the grid elements.
Min. volume: 0.000151846, max. volume: 36.5343.

# FGMRES residual history
# Residual tolerance target = 1e-10
# Initial residual norm     = 6.23826e-10
     0     1
# FGMRES final (true) residual:
# Iteration = 4: |res|/|res0| = 1.81525e-12.

Computing volumes of the grid elements.
Non-linear iter.: 482/500. Linear iter.: 4. Min. area: 0.000151846. Error: 1.81525e-12.
Computing volumes of the grid elements.
Min. volume: 0.000151846, max. volume: 36.5343.

# FGMRES residual history
# Residual tolerance target = 1e-10
# Initial residual norm     = 6.23825e-10
     0     1
# FGMRES final (true) residual:
# Iteration = 4: |res|/|res0| = 1.81525e-12.

Computing volumes of the grid elements.
Non-linear iter.: 483/500. Linear iter.: 4. Min. area: 0.000151846. Error: 1.81525e-12.
Computing volumes of the grid elements.
Min. volume: 0.000151846, max. volume: 36.5343.

# FGMRES residual history
# Residual tolerance target = 1e-10
# Initial residual norm     = 6.23823e-10
     0     1
# FGMRES final (true) residual:
# Iteration = 4: |res|/|res0| = 1.81525e-12.

Computing volumes of the grid elements.
Non-linear iter.: 484/500. Linear iter.: 4. Min. area: 0.000151846. Error: 1.81525e-12.
Computing volumes of the grid elements.
Min. volume: 0.000151846, max. volume: 36.5343.

# FGMRES residual history
# Residual tolerance target = 1e-10
# Initial residual norm     = 6.23822e-10
     0     1
# FGMRES final (true) residual:
# Iteration = 4: |res|/|res0| = 1.81525e-12.

Computing volumes of the grid elements.
Non-linear iter.: 485/500. Linear iter.: 4. Min. area: 0.000151846. Error: 1.81525e-12.
Computing volumes of the grid elements.
Min. volume: 0.000151846, max. volume: 36.5343.

# FGMRES residual history
# Residual tolerance target = 1e-10
# Initial residual norm     = 6.23821e-10
     0     1
# FGMRES final (true) residual:
# Iteration = 4: |res|/|res0| = 1.81525e-12.

Computing volumes of the grid elements.
Non-linear iter.: 486/500. Linear iter.: 4. Min. area: 0.000151846. Error: 1.81525e-12.
Computing volumes of the grid elements.
Min. volume: 0.000151846, max. volume: 36.5343.

# FGMRES residual history
# Residual tolerance target = 1e-10
# Initial residual norm     = 6.23819e-10
     0     1
# FGMRES final (true) residual:
# Iteration = 4: |res|/|res0| = 1.81525e-12.

Computing volumes of the grid elements.
Non-linear iter.: 487/500. Linear iter.: 4. Min. area: 0.000151846. Error: 1.81525e-12.
Computing volumes of the grid elements.
Min. volume: 0.000151846, max. volume: 36.5343.

# FGMRES residual history
# Residual tolerance target = 1e-10
# Initial residual norm     = 6.23818e-10
     0     1
# FGMRES final (true) residual:
# Iteration = 4: |res|/|res0| = 1.81525e-12.

Computing volumes of the grid elements.
Non-linear iter.: 488/500. Linear iter.: 4. Min. area: 0.000151846. Error: 1.81525e-12.
Computing volumes of the grid elements.
Min. volume: 0.000151846, max. volume: 36.5343.

# FGMRES residual history
# Residual tolerance target = 1e-10
# Initial residual norm     = 6.23817e-10
     0     1
# FGMRES final (true) residual:
# Iteration = 4: |res|/|res0| = 1.81526e-12.

Computing volumes of the grid elements.
Non-linear iter.: 489/500. Linear iter.: 4. Min. area: 0.000151846. Error: 1.81526e-12.
Computing volumes of the grid elements.
Min. volume: 0.000151846, max. volume: 36.5343.

# FGMRES residual history
# Residual tolerance target = 1e-10
# Initial residual norm     = 6.23815e-10
     0     1
# FGMRES final (true) residual:
# Iteration = 4: |res|/|res0| = 1.81526e-12.

Computing volumes of the grid elements.
Non-linear iter.: 490/500. Linear iter.: 4. Min. area: 0.000151846. Error: 1.81526e-12.
Computing volumes of the grid elements.
Min. volume: 0.000151846, max. volume: 36.5343.

# FGMRES residual history
# Residual tolerance target = 1e-10
# Initial residual norm     = 6.23814e-10
     0     1
# FGMRES final (true) residual:
# Iteration = 4: |res|/|res0| = 1.81526e-12.

Computing volumes of the grid elements.
Non-linear iter.: 491/500. Linear iter.: 4. Min. area: 0.000151846. Error: 1.81526e-12.
Computing volumes of the grid elements.
Min. volume: 0.000151846, max. volume: 36.5343.

# FGMRES residual history
# Residual tolerance target = 1e-10
# Initial residual norm     = 6.23813e-10
     0     1
# FGMRES final (true) residual:
# Iteration = 4: |res|/|res0| = 1.81526e-12.

Computing volumes of the grid elements.
Non-linear iter.: 492/500. Linear iter.: 4. Min. area: 0.000151846. Error: 1.81526e-12.
Computing volumes of the grid elements.
Min. volume: 0.000151846, max. volume: 36.5343.

# FGMRES residual history
# Residual tolerance target = 1e-10
# Initial residual norm     = 6.23812e-10
     0     1
# FGMRES final (true) residual:
# Iteration = 4: |res|/|res0| = 1.81526e-12.

Computing volumes of the grid elements.
Non-linear iter.: 493/500. Linear iter.: 4. Min. area: 0.000151846. Error: 1.81526e-12.
Computing volumes of the grid elements.
Min. volume: 0.000151846, max. volume: 36.5343.

# FGMRES residual history
# Residual tolerance target = 1e-10
# Initial residual norm     = 6.2381e-10
     0     1
# FGMRES final (true) residual:
# Iteration = 4: |res|/|res0| = 1.81526e-12.

Computing volumes of the grid elements.
Non-linear iter.: 494/500. Linear iter.: 4. Min. area: 0.000151846. Error: 1.81526e-12.
Computing volumes of the grid elements.
Min. volume: 0.000151846, max. volume: 36.5343.

# FGMRES residual history
# Residual tolerance target = 1e-10
# Initial residual norm     = 6.23809e-10
     0     1
# FGMRES final (true) residual:
# Iteration = 4: |res|/|res0| = 1.81526e-12.

Computing volumes of the grid elements.
Non-linear iter.: 495/500. Linear iter.: 4. Min. area: 0.000151846. Error: 1.81526e-12.
Computing volumes of the grid elements.
Min. volume: 0.000151846, max. volume: 36.5343.

# FGMRES residual history
# Residual tolerance target = 1e-10
# Initial residual norm     = 6.23808e-10
     0     1
# FGMRES final (true) residual:
# Iteration = 4: |res|/|res0| = 1.81526e-12.

Computing volumes of the grid elements.
Non-linear iter.: 496/500. Linear iter.: 4. Min. area: 0.000151846. Error: 1.81526e-12.
Computing volumes of the grid elements.
Min. volume: 0.000151846, max. volume: 36.5343.

# FGMRES residual history
# Residual tolerance target = 1e-10
# Initial residual norm     = 6.23806e-10
     0     1
# FGMRES final (true) residual:
# Iteration = 4: |res|/|res0| = 1.81527e-12.

Computing volumes of the grid elements.
Non-linear iter.: 497/500. Linear iter.: 4. Min. area: 0.000151846. Error: 1.81527e-12.
Computing volumes of the grid elements.
Min. volume: 0.000151846, max. volume: 36.5343.

# FGMRES residual history
# Residual tolerance target = 1e-10
# Initial residual norm     = 6.23805e-10
     0     1
# FGMRES final (true) residual:
# Iteration = 4: |res|/|res0| = 1.81527e-12.

Computing volumes of the grid elements.
Non-linear iter.: 498/500. Linear iter.: 4. Min. area: 0.000151846. Error: 1.81527e-12.
Computing volumes of the grid elements.
Min. volume: 0.000151846, max. volume: 36.5343.

# FGMRES residual history
# Residual tolerance target = 1e-10
# Initial residual norm     = 6.23804e-10
     0     1
# FGMRES final (true) residual:
# Iteration = 4: |res|/|res0| = 1.81527e-12.

Computing volumes of the grid elements.
Non-linear iter.: 499/500. Linear iter.: 4. Min. area: 0.000151846. Error: 1.81527e-12.
Computing volumes of the grid elements.
Min. volume: 0.000151846, max. volume: 36.5343.

# FGMRES residual history
# Residual tolerance target = 1e-10
# Initial residual norm     = 6.23802e-10
     0     1
# FGMRES final (true) residual:
# Iteration = 4: |res|/|res0| = 1.81527e-12.

Computing volumes of the grid elements.
Non-linear iter.: 500/500. Linear iter.: 4. Min. area: 0.000151846. Error: 1.81527e-12.

Completed in 0.123270 seconds on 1 core.

----------------------- Write deformed grid files -----------------------
|SU2 mesh                           |mesh_deformed.su2                  |
Adding any FFD information to the SU2 file.

------------------------- Finalize Solver -------------------------
Deleted CNumerics container.
Deleted CSolver container.
Deleted CGeometry container.
Deleted CSurfaceMovement class.
Deleted CVolumetricMovement class.
Deleted CConfig container.
Deleted COutput class.

------------------------- Exit Success (SU2_DEF) ------------------------

