
-------------------------------------------------------------------------
|    ___ _   _ ___                                                      |
|   / __| | | |_  )   Release 8.4.0 "Harrier"                           |
|   \__ \ |_| |/ /                                                      |
|   |___/\___//___|   Suite (Mesh Deformation Code)                     |
|                                                                       |
-------------------------------------------------------------------------
| SU2 Project Website: https://su2code.github.io                        |
|                                                                       |
| The SU2 Project is maintained by the SU2 Foundation                   |
| (http://su2foundation.org)                                            |
-------------------------------------------------------------------------
| Copyright 2012-2026, SU2 Contributors                                 |
|                                                                       |
| SU2 is free software; you can redistribute it and/or                  |
| modify it under the terms of the GNU Lesser General Public            |
| License as published by the Free Software Foundation; either          |
| version 2.1 of the License, or (at your option) any later version.    |
|                                                                       |
| SU2 is distributed in the hope that it will be useful,                |
| but WITHOUT ANY WARRANTY; without even the implied warranty of        |
| MERCHANTABILITY or FITNESS FOR A PARTICULAR PURPOSE. See the GNU      |
| Lesser General Public License for more details.                       |
|                                                                       |
| You should have received a copy of the GNU Lesser General Public      |
| License along with SU2. If not, see <http://www.gnu.org/licenses/>.   |
-------------------------------------------------------------------------

----------------- Physical Case Definition ( Zone 0 ) -------------------
Input mesh file name: mesh_original.su2

---------------- Grid deformation parameters ( Zone 0 )  ----------------
Grid deformation using linear elasticity method.


-------------------- Output Information ( Zone 0 ) ----------------------
Output mesh file name: mesh_deformed.su2. 
Cell stiffness scaled by inverse of the cell volume.

------------- Config File Boundary Information ( Zone 0 ) ---------------
+-----------------------------------------------------------------------+
|                        Marker Type|                        Marker Name|
+-----------------------------------------------------------------------+
|                          Far-field|                           farfield|
+-----------------------------------------------------------------------+
|                     Heat flux wall|                            airfoil|
+-----------------------------------------------------------------------+
Two dimensional problem.
222 grid points.
235 volume elements.
2 surface markers.
50 boundary elements in index 0 (Marker = farfield).
159 boundary elements in index 1 (Marker = airfoil).
235 triangles.

----------------------- Preprocessing computations ----------------------
Setting local point connectivity.
Checking the numerical grid orientation of the interior elements.
All volume elements are correctly oriented.
There has been a re-orientation of 159 LINE surface elements.
Identify edges and vertices.
Setting the bound control volume structure.
Area of the computational grid: 599.943.
  Info: Ignoring the following volume output fields/groups:
  SOLUTION
Volume output fields: COORDINATES
Screen output fields: 
History output group(s): 
Warning: No (valid) fields chosen for convergence monitoring. Convergence monitoring inactive.
Warning: No (valid) fields chosen for time convergence monitoring. Time convergence monitoring inactive.

--------------------- Surface grid deformation (ZONE 0) -----------------
Performing the deformation of the surface grid.
Updating the surface coordinates from the input file.

------------------- Volumetric grid deformation (ZONE 0) ----------------
Performing the deformation of the volumetric grid.
Computing volumes of the grid elements.
Min. volume: 0.000151846, max. volume: 36.535.

# FGMRES residual history
# Residual tolerance target = 1e-10
# Initial residual norm     = 4.97638e-10
     0     1
# FGMRES final (true) residual:
# Iteration = 4: |res|/|res0| = 1.49419e-12.

Computing volumes of the grid elements.
Non-linear iter.: 1/500. Linear iter.: 4. Min. area: 0.000151846. Error: 1.49419e-12.
Computing volumes of the grid elements.
Min. volume: 0.000151846, max. volume: 36.535.

# FGMRES residual history
# Residual tolerance target = 1e-10
# Initial residual norm     = 4.97637e-10
     0     1
# FGMRES final (true) residual:
# Iteration = 4: |res|/|res0| = 1.49419e-12.

Computing volumes of the grid elements.
Non-linear iter.: 2/500. Linear iter.: 4. Min. area: 0.000151846. Error: 1.49419e-12.
Computing volumes of the grid elements.
Min. volume: 0.000151846, max. volume: 36.535.

# FGMRES residual history
# Residual tolerance target = 1e-10
# Initial residual norm     = 4.97636e-10
     0     1
# FGMRES final (true) residual:
# Iteration = 4: |res|/|res0| = 1.49418e-12.

Computing volumes of the grid elements.
Non-linear iter.: 3/500. Linear iter.: 4. Min. area: 0.000151846. Error: 1.49418e-12.
Computing volumes of the grid elements.
Min. volume: 0.000151846, max. volume: 36.535.

# FGMRES residual history
# Residual tolerance target = 1e-10
# Initial residual norm     = 4.97636e-10
     0     1
# FGMRES final (true) residual:
# Iteration = 4: |res|/|res0| = 1.49418e-12.

Computing volumes of the grid elements.
Non-linear iter.: 4/500. Linear iter.: 4. Min. area: 0.000151846. Error: 1.49418e-12.
Computing volumes of the grid elements.
Min. volume: 0.000151846, max. volume: 36.535.

# FGMRES residual history
# Residual tolerance target = 1e-10
# Initial residual norm     = 4.97635e-10
     0     1
# FGMRES final (true) residual:
# Iteration = 4: |res|/|res0| = 1.49418e-12.

Computing volumes of the grid elements.
Non-linear iter.: 5/500. Linear iter.: 4. Min. area: 0.000151846. Error: 1.49418e-12.
Computing volumes of the grid elements.
Min. volume: 0.000151846, max. volume: 36.535.

# FGMRES residual history
# Residual tolerance target = 1e-10
# Initial residual norm     = 4.97634e-10
     0     1
# FGMRES final (true) residual:
# Iteration = 4: |res|/|res0| = 1.49418e-12.

Computing volumes of the grid elements.
Non-linear iter.: 6/500. Linear iter.: 4. Min. area: 0.000151846. Error: 1.49418e-12.
Computing volumes of the grid elements.
Min. volume: 0.000151846, max. volume: 36.535.

# FGMRES residual history
# Residual tolerance target = 1e-10
# Initial residual norm     = 4.97634e-10
     0     1
# FGMRES final (true) residual:
# Iteration = 4: |res|/|res0| = 1.49418e-12.

Computing volumes of the grid elements.
Non-linear iter.: 7/500. Linear iter.: 4. Min. area: 0.000151846. Error: 1.49418e-12.
Computing volumes of the grid elements.
Min. volume: 0.000151846, max. volume: 36.535.

# FGMRES residual history
# Residual tolerance target = 1e-10
# Initial residual norm     = 4.97633e-10
     0     1
# FGMRES final (true) residual:
# Iteration = 4: |res|/|res0| = 1.49418e-12.

Computing volumes of the grid elements.
Non-linear iter.: 8/500. Linear iter.: 4. Min. area: 0.000151846. Error: 1.49418e-12.
Computing volumes of the grid elements.
Min. volume: 0.000151846, max. volume: 36.535.

# FGMRES residual history
# Residual tolerance target = 1e-10
# Initial residual norm     = 4.97632e-10
     0     1
# FGMRES final (true) residual:
# Iteration = 4: |res|/|res0| = 1.49417e-12.

Computing volumes of the grid elements.
Non-linear iter.: 9/500. Linear iter.: 4. Min. area: 0.000151846. Error: 1.49417e-12.
Computing volumes of the grid elements.
Min. volume: 0.000151846, max. volume: 36.535.

# FGMRES residual history
# Residual tolerance target = 1e-10
# Initial residual norm     = 4.97632e-10
     0     1
# FGMRES final (true) residual:
# Iteration = 4: |res|/|res0| = 1.49417e-12.

Computing volumes of the grid elements.
Non-linear iter.: 10/500. Linear iter.: 4. Min. area: 0.000151846. Error: 1.49417e-12.
Computing volumes of the grid elements.
Min. volume: 0.000151846, max. volume: 36.535.

# FGMRES residual history
# Residual tolerance target = 1e-10
# Initial residual norm     = 4.97631e-10
     0     1
# FGMRES final (true) residual:
# Iteration = 4: |res|/|res0| = 1.49417e-12.

Computing volumes of the grid elements.
Non-linear iter.: 11/500. Linear iter.: 4. Min. area: 0.000151846. Error: 1.49417e-12.
Computing volumes of the grid elements.
Min. volume: 0.000151846, max. volume: 36.535.

# FGMRES residual history
# Residual tolerance target = 1e-10
# Initial residual norm     = 4.9763e-10
     0     1
# FGMRES final (true) residual:
# Iteration = 4: |res|/|res0| = 1.49417e-12.

Computing volumes of the grid elements.
Non-linear iter.: 12/500. Linear iter.: 4. Min. area: 0.000151846. Error: 1.49417e-12.
Computing volumes of the grid elements.
Min. volume: 0.000151846, max. volume: 36.535.

# FGMRES residual history
# Residual tolerance target = 1e-10
# Initial residual norm     = 4.9763e-10
     0     1
# FGMRES final (true) residual:
# Iteration = 4: |res|/|res0| = 1.49417e-12.

Computing volumes of the grid elements.
Non-linear iter.: 13/500. Linear iter.: 4. Min. area: 0.000151846. Error: 1.49417e-12.
Computing volumes of the grid elements.
Min. volume: 0.000151846, max. volume: 36.535.

# FGMRES residual history
# Residual tolerance target = 1e-10
# Initial residual norm     = 4.97629e-10
     0     1
# FGMRES final (true) residual:
# Iteration = 4: |res|/|res0| = 1.49417e-12.

Computing volumes of the grid elements.
Non-linear iter.: 14/500. Linear iter.: 4. Min. area: 0.000151846. Error: 1.49417e-12.
Computing volumes of the grid elements.
Min. volume: 0.000151846, max. volume: 36.535.

# FGMRES residual history
# Residual tolerance target = 1e-10
# Initial residual norm     = 4.97628e-10
     0     1
# FGMRES final (true) residual:
# Iteration = 4: |res|/|res0| = 1.49417e-12.

Computing volumes of the grid elements.
Non-linear iter.: 15/500. Linear iter.: 4. Min. area: 0.000151846. Error: 1.49417e-12.
Computing volumes of the grid elements.
Min. volume: 0.000151846, max. volume: 36.535.

# FGMRES residual history
# Residual tolerance target = 1e-10
# Initial residual norm     = 4.97628e-10
     0     1
# FGMRES final (true) residual:
# Iteration = 4: |res|/|res0| = 1.49416e-12.

Computing volumes of the grid elements.
Non-linear iter.: 16/500. Linear iter.: 4. Min. area: 0.000151846. Error: 1.49416e-12.
Computing volumes of the grid elements.
Min. volume: 0.000151846, max. volume: 36.535.

# FGMRES residual history
# Residual tolerance target = 1e-10
# Initial residual norm     = 4.97627e-10
     0     1
# FGMRES final (true) residual:
# Iteration = 4: |res|/|res0| = 1.49416e-12.

Computing volumes of the grid elements.
Non-linear iter.: 17/500. Linear iter.: 4. Min. area: 0.000151846. Error: 1.49416e-12.
Computing volumes of the grid elements.
Min. volume: 0.000151846, max. volume: 36.535.

# FGMRES residual history
# Residual tolerance target = 1e-10
# Initial residual norm     = 4.97626e-10
     0     1
# FGMRES final (true) residual:
# Iteration = 4: |res|/|res0| = 1.49416e-12.

Computing volumes of the grid elements.
Non-linear iter.: 18/500. Linear iter.: 4. Min. area: 0.000151846. Error: 1.49416e-12.
Computing volumes of the grid elements.
Min. volume: 0.000151846, max. volume: 36.535.

# FGMRES residual history
# Residual tolerance target = 1e-10
# Initial residual norm     = 4.97626e-10
     0     1
# FGMRES final (true) residual:
# Iteration = 4: |res|/|res0| = 1.49416e-12.

Computing volumes of the grid elements.
Non-linear iter.: 19/500. Linear iter.: 4. Min. area: 0.000151846. Error: 1.49416e-12.
Computing volumes of the grid elements.
Min. volume: 0.000151846, max. volume: 36.535.

# FGMRES residual history
# Residual tolerance target = 1e-10
# Initial residual norm     = 4.97625e-10
     0     1
# FGMRES final (true) residual:
# Iteration = 4: |res|/|res0| = 1.49416e-12.

Computing volumes of the grid elements.
Non-linear iter.: 20/500. Linear iter.: 4. Min. area: 0.000151846. Error: 1.49416e-12.
Computing volumes of the grid elements.
Min. volume: 0.000151846, max. volume: 36.535.

# FGMRES residual history
# Residual tolerance target = 1e-10
# Initial residual norm     = 4.97624e-10
     0     1
# FGMRES final (true) residual:
# Iteration = 4: |res|/|res0| = 1.49416e-12.

Computing volumes of the grid elements.
Non-linear iter.: 21/500. Linear iter.: 4. Min. area: 0.000151846. Error: 1.49416e-12.
Computing volumes of the grid elements.
Min. volume: 0.000151846, max. volume: 36.535.

# FGMRES residual history
# Residual tolerance target = 1e-10
# Initial residual norm     = 4.97624e-10
     0     1
# FGMRES final (true) residual:
# Iteration = 4: |res|/|res0| = 1.49415e-12.

Computing volumes of the grid elements.
Non-linear iter.: 22/500. Linear iter.: 4. Min. area: 0.000151846. Error: 1.49415e-12.
Computing volumes of the grid elements.
Min. volume: 0.000151846, max. volume: 36.535.

# FGMRES residual history
# Residual tolerance target = 1e-10
# Initial residual norm     = 4.97623e-10
     0     1
# FGMRES final (true) residual:
# Iteration = 4: |res|/|res0| = 1.49415e-12.

Computing volumes of the grid elements.
Non-linear iter.: 23/500. Linear iter.: 4. Min. area: 0.000151846. Error: 1.49415e-12.
Computing volumes of the grid elements.
Min. volume: 0.000151846, max. volume: 36.535.

# FGMRES residual history
# Residual tolerance target = 1e-10
# Initial residual norm     = 4.97622e-10
     0     1
# FGMRES final (true) residual:
# Iteration = 4: |res|/|res0| = 1.49415e-12.

Computing volumes of the grid elements.
Non-linear iter.: 24/500. Linear iter.: 4. Min. area: 0.000151846. Error: 1.49415e-12.
Computing volumes of the grid elements.
Min. volume: 0.000151846, max. volume: 36.535.

# FGMRES residual history
# Residual tolerance target = 1e-10
# Initial residual norm     = 4.97622e-10
     0     1
# FGMRES final (true) residual:
# Iteration = 4: |res|/|res0| = 1.49415e-12.

Computing volumes of the grid elements.
Non-linear iter.: 25/500. Linear iter.: 4. Min. area: 0.000151846. Error: 1.49415e-12.
Computing volumes of the grid elements.
Min. volume: 0.000151846, max. volume: 36.535.

# FGMRES residual history
# Residual tolerance target = 1e-10
# Initial residual norm     = 4.97621e-10
     0     1
# FGMRES final (true) residual:
# Iteration = 4: |res|/|res0| = 1.49415e-12.

Computing volumes of the grid elements.
Non-linear iter.: 26/500. Linear iter.: 4. Min. area: 0.000151846. Error: 1.49415e-12.
Computing volumes of the grid elements.
Min. volume: 0.000151846, max. volume: 36.535.

# FGMRES residual history
# Residual tolerance target = 1e-10
# Initial residual norm     = 4.97621e-10
     0     1
# FGMRES final (true) residual:
# Iteration = 4: |res|/|res0| = 1.49415e-12.

Computing volumes of the grid elements.
Non-linear iter.: 27/500. Linear iter.: 4. Min. area: 0.000151846. Error: 1.49415e-12.
Computing volumes of the grid elements.
Min. volume: 0.000151846, max. volume: 36.535.

# FGMRES residual history
# Residual tolerance target = 1e-10
# Initial residual norm     = 4.9762e-10
     0     1
# FGMRES final (true) residual:
# Iteration = 4: |res|/|res0| = 1.49414e-12.

Computing volumes of the grid elements.
Non-linear iter.: 28/500. Linear iter.: 4. Min. area: 0.000151846. Error: 1.49414e-12.
Computing volumes of the grid elements.
Min. volume: 0.000151846, max. volume: 36.535.

# FGMRES residual history
# Residual tolerance target = 1e-10
# Initial residual norm     = 4.97619e-10
     0     1
# FGMRES final (true) residual:
# Iteration = 4: |res|/|res0| = 1.49414e-12.

Computing volumes of the grid elements.
Non-linear iter.: 29/500. Linear iter.: 4. Min. area: 0.000151846. Error: 1.49414e-12.
Computing volumes of the grid elements.
Min. volume: 0.000151846, max. volume: 36.535.

# FGMRES residual history
# Residual tolerance target = 1e-10
# Initial residual norm     = 4.97619e-10
     0     1
# FGMRES final (true) residual:
# Iteration = 4: |res|/|res0| = 1.49414e-12.

Computing volumes of the grid elements.
Non-linear iter.: 30/500. Linear iter.: 4. Min. area: 0.000151846. Error: 1.49414e-12.
Computing volumes of the grid elements.
Min. volume: 0.000151846, max. volume: 36.535.

# FGMRES residual history
# Residual tolerance target = 1e-10
# Initial residual norm     = 4.97618e-10
     0     1
# FGMRES final (true) residual:
# Iteration = 4: |res|/|res0| = 1.49414e-12.

Computing volumes of the grid elements.
Non-linear iter.: 31/500. Linear iter.: 4. Min. area: 0.000151846. Error: 1.49414e-12.
Computing volumes of the grid elements.
Min. volume: 0.000151846, max. volume: 36.535.

# FGMRES residual history
# Residual tolerance target = 1e-10
# Initial residual norm     = 4.97617e-10
     0     1
# FGMRES final (true) residual:
# Iteration = 4: |res|/|res0| = 1.49414e-12.

Computing volumes of the grid elements.
Non-linear iter.: 32/500. Linear iter.: 4. Min. area: 0.000151846. Error: 1.49414e-12.
Computing volumes of the grid elements.
Min. volume: 0.000151846, max. volume: 36.535.

# FGMRES residual history
# Residual tolerance target = 1e-10
# Initial residual norm     = 4.97617e-10
     0     1
# FGMRES final (true) residual:
# Iteration = 4: |res|/|res0| = 1.49414e-12.

Computing volumes of the grid elements.
Non-linear iter.: 33/500. Linear iter.: 4. Min. area: 0.000151846. Error: 1.49414e-12.
Computing volumes of the grid elements.
Min. volume: 0.000151846, max. volume: 36.535.

# FGMRES residual history
# Residual tolerance target = 1e-10
# Initial residual norm     = 4.97616e-10
     0     1
# FGMRES final (true) residual:
# Iteration = 4: |res|/|res0| = 1.49414e-12.

Computing volumes of the grid elements.
Non-linear iter.: 34/500. Linear iter.: 4. Min. area: 0.000151846. Error: 1.49414e-12.
Computing volumes of the grid elements.
Min. volume: 0.000151846, max. volume: 36.535.

# FGMRES residual history
# Residual tolerance target = 1e-10
# Initial residual norm     = 4.97615e-10
     0     1
# FGMRES final (true) residual:
# Iteration = 4: |res|/|res0| = 1.49413e-12.

Computing volumes of the grid elements.
Non-linear iter.: 35/500. Linear iter.: 4. Min. area: 0.000151846. Error: 1.49413e-12.
Computing volumes of the grid elements.
Min. volume: 0.000151846, max. volume: 36.535.

# FGMRES residual history
# Residual tolerance target = 1e-10
# Initial residual norm     = 4.97615e-10
     0     1
# FGMRES final (true) residual:
# Iteration = 4: |res|/|res0| = 1.49413e-12.

Computing volumes of the grid elements.
Non-linear iter.: 36/500. Linear iter.: 4. Min. area: 0.000151846. Error: 1.49413e-12.
Computing volumes of the grid elements.
Min. volume: 0.000151846, max. volume: 36.535.

# FGMRES residual history
# Residual tolerance target = 1e-10
# Initial residual norm     = 4.97614e-10
     0     1
# FGMRES final (true) residual:
# Iteration = 4: |res|/|res0| = 1.49413e-12.

Computing volumes of the grid elements.
Non-linear iter.: 37/500. Linear iter.: 4. Min. area: 0.000151846. Error: 1.49413e-12.
Computing volumes of the grid elements.
Min. volume: 0.000151846, max. volume: 36.535.

# FGMRES residual history
# Residual tolerance target = 1e-10
# Initial residual norm     = 4.97613e-10
     0     1
# FGMRES final (true) residual:
# Iteration = 4: |res|/|res0| = 1.49413e-12.

Computing volumes of the grid elements.
Non-linear iter.: 38/500. Linear iter.: 4. Min. area: 0.000151846. Error: 1.49413e-12.
Computing volumes of the grid elements.
Min. volume: 0.000151846, max. volume: 36.535.

# FGMRES residual history
# Residual tolerance target = 1e-10
# Initial residual norm     = 4.97613e-10
     0     1
# FGMRES final (true) residual:
# Iteration = 4: |res|/|res0| = 1.49413e-12.

Computing volumes of the grid elements.
Non-linear iter.: 39/500. Linear iter.: 4. Min. area: 0.000151846. Error: 1.49413e-12.
Computing volumes of the grid elements.
Min. volume: 0.000151846, max. volume: 36.535.

# FGMRES residual history
# Residual tolerance target = 1e-10
# Initial residual norm     = 4.97612e-10
     0     1
# FGMRES final (true) residual:
# Iteration = 4: |res|/|res0| = 1.49413e-12.

Computing volumes of the grid elements.
Non-linear iter.: 40/500. Linear iter.: 4. Min. area: 0.000151846. Error: 1.49413e-12.
Computing volumes of the grid elements.
Min. volume: 0.000151846, max. volume: 36.535.

# FGMRES residual history
# Residual tolerance target = 1e-10
# Initial residual norm     = 4.97611e-10
     0     1
# FGMRES final (true) residual:
# Iteration = 4: |res|/|res0| = 1.49412e-12.

Computing volumes of the grid elements.
Non-linear iter.: 41/500. Linear iter.: 4. Min. area: 0.000151846. Error: 1.49412e-12.
Computing volumes of the grid elements.
Min. volume: 0.000151846, max. volume: 36.535.

# FGMRES residual history
# Residual tolerance target = 1e-10
# Initial residual norm     = 4.97611e-10
     0     1
# FGMRES final (true) residual:
# Iteration = 4: |res|/|res0| = 1.49412e-12.

Computing volumes of the grid elements.
Non-linear iter.: 42/500. Linear iter.: 4. Min. area: 0.000151846. Error: 1.49412e-12.
Computing volumes of the grid elements.
Min. volume: 0.000151846, max. volume: 36.535.

# FGMRES residual history
# Residual tolerance target = 1e-10
# Initial residual norm     = 4.9761e-10
     0     1
# FGMRES final (true) residual:
# Iteration = 4: |res|/|res0| = 1.49412e-12.

Computing volumes of the grid elements.
Non-linear iter.: 43/500. Linear iter.: 4. Min. area: 0.000151846. Error: 1.49412e-12.
Computing volumes of the grid elements.
Min. volume: 0.000151846, max. volume: 36.535.

# FGMRES residual history
# Residual tolerance target = 1e-10
# Initial residual norm     = 4.97609e-10
     0     1
# FGMRES final (true) residual:
# Iteration = 4: |res|/|res0| = 1.49412e-12.

Computing volumes of the grid elements.
Non-linear iter.: 44/500. Linear iter.: 4. Min. area: 0.000151846. Error: 1.49412e-12.
Computing volumes of the grid elements.
Min. volume: 0.000151846, max. volume: 36.535.

# FGMRES residual history
# Residual tolerance target = 1e-10
# Initial residual norm     = 4.97609e-10
     0     1
# FGMRES final (true) residual:
# Iteration = 4: |res|/|res0| = 1.49412e-12.

Computing volumes of the grid elements.
Non-linear iter.: 45/500. Linear iter.: 4. Min. area: 0.000151846. Error: 1.49412e-12.
Computing volumes of the grid elements.
Min. volume: 0.000151846, max. volume: 36.535.

# FGMRES residual history
# Residual tolerance target = 1e-10
# Initial residual norm     = 4.97608e-10
     0     1
# FGMRES final (true) residual:
# Iteration = 4: |res|/|res0| = 1.49412e-12.

Computing volumes of the grid elements.
Non-linear iter.: 46/500. Linear iter.: 4. Min. area: 0.000151846. Error: 1.49412e-12.
Computing volumes of the grid elements.
Min. volume: 0.000151846, max. volume: 36.535.

# FGMRES residual history
# Residual tolerance target = 1e-10
# Initial residual norm     = 4.97607e-10
     0     1
# FGMRES final (true) residual:
# Iteration = 4: |res|/|res0| = 1.49412e-12.

Computing volumes of the grid elements.
Non-linear iter.: 47/500. Linear iter.: 4. Min. area: 0.000151846. Error: 1.49412e-12.
Computing volumes of the grid elements.
Min. volume: 0.000151846, max. volume: 36.535.

# FGMRES residual history
# Residual tolerance target = 1e-10
# Initial residual norm     = 4.97607e-10
     0     1
# FGMRES final (true) residual:
# Iteration = 4: |res|/|res0| = 1.49411e-12.

Computing volumes of the grid elements.
Non-linear iter.: 48/500. Linear iter.: 4. Min. area: 0.000151846. Error: 1.49411e-12.
Computing volumes of the grid elements.
Min. volume: 0.000151846, max. volume: 36.535.

# FGMRES residual history
# Residual tolerance target = 1e-10
# Initial residual norm     = 4.97606e-10
     0     1
# FGMRES final (true) residual:
# Iteration = 4: |res|/|res0| = 1.49411e-12.

Computing volumes of the grid elements.
Non-linear iter.: 49/500. Linear iter.: 4. Min. area: 0.000151846. Error: 1.49411e-12.
Computing volumes of the grid elements.
Min. volume: 0.000151846, max. volume: 36.535.

# FGMRES residual history
# Residual tolerance target = 1e-10
# Initial residual norm     = 4.97605e-10
     0     1
# FGMRES final (true) residual:
# Iteration = 4: |res|/|res0| = 1.49411e-12.

Computing volumes of the grid elements.
Non-linear iter.: 50/500. Linear iter.: 4. Min. area: 0.000151846. Error: 1.49411e-12.
Computing volumes of the grid elements.
Min. volume: 0.000151846, max. volume: 36.535.

# FGMRES residual history
# Residual tolerance target = 1e-10
# Initial residual norm     = 4.97605e-10
     0     1
# FGMRES final (true) residual:
# Iteration = 4: |res|/|res0| = 1.49411e-12.

Computing volumes of the grid elements.
Non-linear iter.: 51/500. Linear iter.: 4. Min. area: 0.000151846. Error: 1.49411e-12.
Computing volumes of the grid elements.
Min. volume: 0.000151846, max. volume: 36.535.

# FGMRES residual history
# Residual tolerance target = 1e-10
# Initial residual norm     = 4.97604e-10
     0     1
# FGMRES final (true) residual:
# Iteration = 4: |res|/|res0| = 1.49411e-12.

Computing volumes of the grid elements.
Non-linear iter.: 52/500. Linear iter.: 4. Min. area: 0.000151846. Error: 1.49411e-12.
Computing volumes of the grid elements.
Min. volume: 0.000151846, max. volume: 36.535.

# FGMRES residual history
# Residual tolerance target = 1e-10
# Initial residual norm     = 4.97603e-10
     0     1
# FGMRES final (true) residual:
# Iteration = 4: |res|/|res0| = 1.49411e-12.

Computing volumes of the grid elements.
Non-linear iter.: 53/500. Linear iter.: 4. Min. area: 0.000151846. Error: 1.49411e-12.
Computing volumes of the grid elements.
Min. volume: 0.000151846, max. volume: 36.535.

# FGMRES residual history
# Residual tolerance target = 1e-10
# Initial residual norm     = 4.97603e-10
     0     1
# FGMRES final (true) residual:
# Iteration = 4: |res|/|res0| = 1.4941e-12.

Computing volumes of the grid elements.
Non-linear iter.: 54/500. Linear iter.: 4. Min. area: 0.000151846. Error: 1.4941e-12.
Computing volumes of the grid elements.
Min. volume: 0.000151846, max. volume: 36.535.

# FGMRES residual history
# Residual tolerance target = 1e-10
# Initial residual norm     = 4.97602e-10
     0     1
# FGMRES final (true) residual:
# Iteration = 4: |res|/|res0| = 1.4941e-12.

Computing volumes of the grid elements.
Non-linear iter.: 55/500. Linear iter.: 4. Min. area: 0.000151846. Error: 1.4941e-12.
Computing volumes of the grid elements.
Min. volume: 0.000151846, max. volume: 36.535.

# FGMRES residual history
# Residual tolerance target = 1e-10
# Initial residual norm     = 4.97601e-10
     0     1
# FGMRES final (true) residual:
# Iteration = 4: |res|/|res0| = 1.4941e-12.

Computing volumes of the grid elements.
Non-linear iter.: 56/500. Linear iter.: 4. Min. area: 0.000151846. Error: 1.4941e-12.
Computing volumes of the grid elements.
Min. volume: 0.000151846, max. volume: 36.535.

# FGMRES residual history
# Residual tolerance target = 1e-10
# Initial residual norm     = 4.97601e-10
     0     1
# FGMRES final (true) residual:
# Iteration = 4: |res|/|res0| = 1.4941e-12.

Computing volumes of the grid elements.
Non-linear iter.: 57/500. Linear iter.: 4. Min. area: 0.000151846. Error: 1.4941e-12.
Computing volumes of the grid elements.
Min. volume: 0.000151846, max. volume: 36.535.

# FGMRES residual history
# Residual tolerance target = 1e-10
# Initial residual norm     = 4.976e-10
     0     1
# FGMRES final (true) residual:
# Iteration = 4: |res|/|res0| = 1.4941e-12.

Computing volumes of the grid elements.
Non-linear iter.: 58/500. Linear iter.: 4. Min. area: 0.000151846. Error: 1.4941e-12.
Computing volumes of the grid elements.
Min. volume: 0.000151846, max. volume: 36.535.

# FGMRES residual history
# Residual tolerance target = 1e-10
# Initial residual norm     = 4.976e-10
     0     1
# FGMRES final (true) residual:
# Iteration = 4: |res|/|res0| = 1.4941e-12.

Computing volumes of the grid elements.
Non-linear iter.: 59/500. Linear iter.: 4. Min. area: 0.000151846. Error: 1.4941e-12.
Computing volumes of the grid elements.
Min. volume: 0.000151846, max. volume: 36.535.

# FGMRES residual history
# Residual tolerance target = 1e-10
# Initial residual norm     = 4.97599e-10
     0     1
# FGMRES final (true) residual:
# Iteration = 4: |res|/|res0| = 1.4941e-12.

Computing volumes of the grid elements.
Non-linear iter.: 60/500. Linear iter.: 4. Min. area: 0.000151846. Error: 1.4941e-12.
Computing volumes of the grid elements.
Min. volume: 0.000151846, max. volume: 36.535.

# FGMRES residual history
# Residual tolerance target = 1e-10
# Initial residual norm     = 4.97598e-10
     0     1
# FGMRES final (true) residual:
# Iteration = 4: |res|/|res0| = 1.49409e-12.

Computing volumes of the grid elements.
Non-linear iter.: 61/500. Linear iter.: 4. Min. area: 0.000151846. Error: 1.49409e-12.
Computing volumes of the grid elements.
Min. volume: 0.000151846, max. volume: 36.535.

# FGMRES residual history
# Residual tolerance target = 1e-10
# Initial residual norm     = 4.97598e-10
     0     1
# FGMRES final (true) residual:
# Iteration = 4: |res|/|res0| = 1.49409e-12.

Computing volumes of the grid elements.
Non-linear iter.: 62/500. Linear iter.: 4. Min. area: 0.000151846. Error: 1.49409e-12.
Computing volumes of the grid elements.
Min. volume: 0.000151846, max. volume: 36.535.

# FGMRES residual history
# Residual tolerance target = 1e-10
# Initial residual norm     = 4.97597e-10
     0     1
# FGMRES final (true) residual:
# Iteration = 4: |res|/|res0| = 1.49409e-12.

Computing volumes of the grid elements.
Non-linear iter.: 63/500. Linear iter.: 4. Min. area: 0.000151846. Error: 1.49409e-12.
Computing volumes of the grid elements.
Min. volume: 0.000151846, max. volume: 36.535.

# FGMRES residual history
# Residual tolerance target = 1e-10
# Initial residual norm     = 4.97596e-10
     0     1
# FGMRES final (true) residual:
# Iteration = 4: |res|/|res0| = 1.49409e-12.

Computing volumes of the grid elements.
Non-linear iter.: 64/500. Linear iter.: 4. Min. area: 0.000151846. Error: 1.49409e-12.
Computing volumes of the grid elements.
Min. volume: 0.000151846, max. volume: 36.535.

# FGMRES residual history
# Residual tolerance target = 1e-10
# Initial residual norm     = 4.97596e-10
     0     1
# FGMRES final (true) residual:
# Iteration = 4: |res|/|res0| = 1.49409e-12.

Computing volumes of the grid elements.
Non-linear iter.: 65/500. Linear iter.: 4. Min. area: 0.000151846. Error: 1.49409e-12.
Computing volumes of the grid elements.
Min. volume: 0.000151846, max. volume: 36.535.

# FGMRES residual history
# Residual tolerance target = 1e-10
# Initial residual norm     = 4.97595e-10
     0     1
# FGMRES final (true) residual:
# Iteration = 4: |res|/|res0| = 1.49409e-12.

Computing volumes of the grid elements.
Non-linear iter.: 66/500. Linear iter.: 4. Min. area: 0.000151846. Error: 1.49409e-12.
Computing volumes of the grid elements.
Min. volume: 0.000151846, max. volume: 36.535.

# FGMRES residual history
# Residual tolerance target = 1e-10
# Initial residual norm     = 4.97594e-10
     0     1
# FGMRES final (true) residual:
# Iteration = 4: |res|/|res0| = 1.49408e-12.

Computing volumes of the grid elements.
Non-linear iter.: 67/500. Linear iter.: 4. Min. area: 0.000151846. Error: 1.49408e-12.
Computing volumes of the grid elements.
Min. volume: 0.000151846, max. volume: 36.535.

# FGMRES residual history
# Residual tolerance target = 1e-10
# Initial residual norm     = 4.97594e-10
     0     1
# FGMRES final (true) residual:
# Iteration = 4: |res|/|res0| = 1.49408e-12.

Computing volumes of the grid elements.
Non-linear iter.: 68/500. Linear iter.: 4. Min. area: 0.000151846. Error: 1.49408e-12.
Computing volumes of the grid elements.
Min. volume: 0.000151846, max. volume: 36.535.

# FGMRES residual history
# Residual tolerance target = 1e-10
# Initial residual norm     = 4.97593e-10
     0     1
# FGMRES final (true) residual:
# Iteration = 4: |res|/|res0| = 1.49408e-12.

Computing volumes of the grid elements.
Non-linear iter.: 69/500. Linear iter.: 4. Min. area: 0.000151846. Error: 1.49408e-12.
Computing volumes of the grid elements.
Min. volume: 0.000151846, max. volume: 36.535.

# FGMRES residual history
# Residual tolerance target = 1e-10
# Initial residual norm     = 4.97592e-10
     0     1
# FGMRES final (true) residual:
# Iteration = 4: |res|/|res0| = 1.49408e-12.

Computing volumes of the grid elements.
Non-linear iter.: 70/500. Linear iter.: 4. Min. area: 0.000151846. Error: 1.49408e-12.
Computing volumes of the grid elements.
Min. volume: 0.000151846, max. volume: 36.535.

# FGMRES residual history
# Residual tolerance target = 1e-10
# Initial residual norm     = 4.97592e-10
     0     1
# FGMRES final (true) residual:
# Iteration = 4: |res|/|res0| = 1.49408e-12.

Computing volumes of the grid elements.
Non-linear iter.: 71/500. Linear iter.: 4. Min. area: 0.000151846. Error: 1.49408e-12.
Computing volumes of the grid elements.
Min. volume: 0.000151846, max. volume: 36.535.

# FGMRES residual history
# Residual tolerance target = 1e-10
# Initial residual norm     = 4.97591e-10
     0     1
# FGMRES final (true) residual:
# Iteration = 4: |res|/|res0| = 1.49408e-12.

Computing volumes of the grid elements.
Non-linear iter.: 72/500. Linear iter.: 4. Min. area: 0.000151846. Error: 1.49408e-12.
Computing volumes of the grid elements.
Min. volume: 0.000151846, max. volume: 36.535.

# FGMRES residual history
# Residual tolerance target = 1e-10
# Initial residual norm     = 4.9759e-10
     0     1
# FGMRES final (true) residual:
# Iteration = 4: |res|/|res0| = 1.49408e-12.

Computing volumes of the grid elements.
Non-linear iter.: 73/500. Linear iter.: 4. Min. area: 0.000151846. Error: 1.49408e-12.
Computing volumes of the grid elements.
Min. volume: 0.000151846, max. volume: 36.535.

# FGMRES residual history
# Residual tolerance target = 1e-10
# Initial residual norm     = 4.9759e-10
     0     1
# FGMRES final (true) residual:
# Iteration = 4: |res|/|res0| = 1.49407e-12.

Computing volumes of the grid elements.
Non-linear iter.: 74/500. Linear iter.: 4. Min. area: 0.000151846. Error: 1.49407e-12.
Computing volumes of the grid elements.
Min. volume: 0.000151846, max. volume: 36.535.

# FGMRES residual history
# Residual tolerance target = 1e-10
# Initial residual norm     = 4.97589e-10
     0     1
# FGMRES final (true) residual:
# Iteration = 4: |res|/|res0| = 1.49407e-12.

Computing volumes of the grid elements.
Non-linear iter.: 75/500. Linear iter.: 4. Min. area: 0.000151846. Error: 1.49407e-12.
Computing volumes of the grid elements.
Min. volume: 0.000151846, max. volume: 36.535.

# FGMRES residual history
# Residual tolerance target = 1e-10
# Initial residual norm     = 4.97588e-10
     0     1
# FGMRES final (true) residual:
# Iteration = 4: |res|/|res0| = 1.49407e-12.

Computing volumes of the grid elements.
Non-linear iter.: 76/500. Linear iter.: 4. Min. area: 0.000151846. Error: 1.49407e-12.
Computing volumes of the grid elements.
Min. volume: 0.000151846, max. volume: 36.535.

# FGMRES residual history
# Residual tolerance target = 1e-10
# Initial residual norm     = 4.97588e-10
     0     1
# FGMRES final (true) residual:
# Iteration = 4: |res|/|res0| = 1.49407e-12.

Computing volumes of the grid elements.
Non-linear iter.: 77/500. Linear iter.: 4. Min. area: 0.000151846. Error: 1.49407e-12.
Computing volumes of the grid elements.
Min. volume: 0.000151846, max. volume: 36.535.

# FGMRES residual history
# Residual tolerance target = 1e-10
# Initial residual norm     = 4.97587e-10
     0     1
# FGMRES final (true) residual:
# Iteration = 4: |res|/|res0| = 1.49407e-12.

Computing volumes of the grid elements.
Non-linear iter.: 78/500. Linear iter.: 4. Min. area: 0.000151846. Error: 1.49407e-12.
Computing volumes of the grid elements.
Min. volume: 0.000151846, max. volume: 36.535.

# FGMRES residual history
# Residual tolerance target = 1e-10
# Initial residual norm     = 4.97586e-10
     0     1
# FGMRES final (true) residual:
# Iteration = 4: |res|/|res0| = 1.49407e-12.

Computing volumes of the grid elements.
Non-linear iter.: 79/500. Linear iter.: 4. Min. area: 0.000151846. Error: 1.49407e-12.
Computing volumes of the grid elements.
Min. volume: 0.000151846, max. volume: 36.535.

# FGMRES residual history
# Residual tolerance target = 1e-10
# Initial residual norm     = 4.97586e-10
     0     1
# FGMRES final (true) residual:
# Iteration = 4: |res|/|res0| = 1.49406e-12.

Computing volumes of the grid elements.
Non-linear iter.: 80/500. Linear iter.: 4. Min. area: 0.000151846. Error: 1.49406e-12.
Computing volumes of the grid elements.
Min. volume: 0.000151846, max. volume: 36.535.

# FGMRES residual history
# Residual tolerance target = 1e-10
# Initial residual norm     = 4.97585e-10
     0     1
# FGMRES final (true) residual:
# Iteration = 4: |res|/|res0| = 1.49406e-12.

Computing volumes of the grid elements.
Non-linear iter.: 81/500. Linear iter.: 4. Min. area: 0.000151846. Error: 1.49406e-12.
Computing volumes of the grid elements.
Min. volume: 0.000151846, max. volume: 36.535.

# FGMRES residual history
# Residual tolerance target = 1e-10
# Initial residual norm     = 4.97584e-10
     0     1
# FGMRES final (true) residual:
# Iteration = 4: |res|/|res0| = 1.49406e-12.

Computing volumes of the grid elements.
Non-linear iter.: 82/500. Linear iter.: 4. Min. area: 0.000151846. Error: 1.49406e-12.
Computing volumes of the grid elements.
Min. volume: 0.000151846, max. volume: 36.535.

# FGMRES residual history
# Residual tolerance target = 1e-10
# Initial residual norm     = 4.97584e-10
     0     1
# FGMRES final (true) residual:
# Iteration = 4: |res|/|res0| = 1.49406e-12.

Computing volumes of the grid elements.
Non-linear iter.: 83/500. Linear iter.: 4. Min. area: 0.000151846. Error: 1.49406e-12.
Computing volumes of the grid elements.
Min. volume: 0.000151846, max. volume: 36.535.

# FGMRES residual history
# Residual tolerance target = 1e-10
# Initial residual norm     = 4.97583e-10
     0     1
# FGMRES final (true) residual:
# Iteration = 4: |res|/|res0| = 1.49406e-12.

Computing volumes of the grid elements.
Non-linear iter.: 84/500. Linear iter.: 4. Min. area: 0.000151846. Error: 1.49406e-12.
Computing volumes of the grid elements.
Min. volume: 0.000151846, max. volume: 36.535.

# FGMRES residual history
# Residual tolerance target = 1e-10
# Initial residual norm     = 4.97582e-10
     0     1
# FGMRES final (true) residual:
# Iteration = 4: |res|/|res0| = 1.49406e-12.

Computing volumes of the grid elements.
Non-linear iter.: 85/500. Linear iter.: 4. Min. area: 0.000151846. Error: 1.49406e-12.
Computing volumes of the grid elements.
Min. volume: 0.000151846, max. volume: 36.535.

# FGMRES residual history
# Residual tolerance target = 1e-10
# Initial residual norm     = 4.97582e-10
     0     1
# FGMRES final (true) residual:
# Iteration = 4: |res|/|res0| = 1.49406e-12.

Computing volumes of the grid elements.
Non-linear iter.: 86/500. Linear iter.: 4. Min. area: 0.000151846. Error: 1.49406e-12.
Computing volumes of the grid elements.
Min. volume: 0.000151846, max. volume: 36.535.

# FGMRES residual history
# Residual tolerance target = 1e-10
# Initial residual norm     = 4.97581e-10
     0     1
# FGMRES final (true) residual:
# Iteration = 4: |res|/|res0| = 1.49405e-12.

Computing volumes of the grid elements.
Non-linear iter.: 87/500. Linear iter.: 4. Min. area: 0.000151846. Error: 1.49405e-12.
Computing volumes of the grid elements.
Min. volume: 0.000151846, max. volume: 36.535.

# FGMRES residual history
# Residual tolerance target = 1e-10
# Initial residual norm     = 4.9758e-10
     0     1
# FGMRES final (true) residual:
# Iteration = 4: |res|/|res0| = 1.49405e-12.

Computing volumes of the grid elements.
Non-linear iter.: 88/500. Linear iter.: 4. Min. area: 0.000151846. Error: 1.49405e-12.
Computing volumes of the grid elements.
Min. volume: 0.000151846, max. volume: 36.535.

# FGMRES residual history
# Residual tolerance target = 1e-10
# Initial residual norm     = 4.9758e-10
     0     1
# FGMRES final (true) residual:
# Iteration = 4: |res|/|res0| = 1.49405e-12.

Computing volumes of the grid elements.
Non-linear iter.: 89/500. Linear iter.: 4. Min. area: 0.000151846. Error: 1.49405e-12.
Computing volumes of the grid elements.
Min. volume: 0.000151846, max. volume: 36.535.

# FGMRES residual history
# Residual tolerance target = 1e-10
# Initial residual norm     = 4.97579e-10
     0     1
# FGMRES final (true) residual:
# Iteration = 4: |res|/|res0| = 1.49405e-12.

Computing volumes of the grid elements.
Non-linear iter.: 90/500. Linear iter.: 4. Min. area: 0.000151846. Error: 1.49405e-12.
Computing volumes of the grid elements.
Min. volume: 0.000151846, max. volume: 36.535.

# FGMRES residual history
# Residual tolerance target = 1e-10
# Initial residual norm     = 4.97578e-10
     0     1
# FGMRES final (true) residual:
# Iteration = 4: |res|/|res0| = 1.49405e-12.

Computing volumes of the grid elements.
Non-linear iter.: 91/500. Linear iter.: 4. Min. area: 0.000151846. Error: 1.49405e-12.
Computing volumes of the grid elements.
Min. volume: 0.000151846, max. volume: 36.535.

# FGMRES residual history
# Residual tolerance target = 1e-10
# Initial residual norm     = 4.97578e-10
     0     1
# FGMRES final (true) residual:
# Iteration = 4: |res|/|res0| = 1.49405e-12.

Computing volumes of the grid elements.
Non-linear iter.: 92/500. Linear iter.: 4. Min. area: 0.000151846. Error: 1.49405e-12.
Computing volumes of the grid elements.
Min. volume: 0.000151846, max. volume: 36.535.

# FGMRES residual history
# Residual tolerance target = 1e-10
# Initial residual norm     = 4.97577e-10
     0     1
# FGMRES final (true) residual:
# Iteration = 4: |res|/|res0| = 1.49404e-12.

Computing volumes of the grid elements.
Non-linear iter.: 93/500. Linear iter.: 4. Min. area: 0.000151846. Error: 1.49404e-12.
Computing volumes of the grid elements.
Min. volume: 0.000151846, max. volume: 36.535.

# FGMRES residual history
# Residual tolerance target = 1e-10
# Initial residual norm     = 4.97577e-10
     0     1
# FGMRES final (true) residual:
# Iteration = 4: |res|/|res0| = 1.49404e-12.

Computing volumes of the grid elements.
Non-linear iter.: 94/500. Linear iter.: 4. Min. area: 0.000151846. Error: 1.49404e-12.
Computing volumes of the grid elements.
Min. volume: 0.000151846, max. volume: 36.535.

# FGMRES residual history
# Residual tolerance target = 1e-10
# Initial residual norm     = 4.97576e-10
     0     1
# FGMRES final (true) residual:
# Iteration = 4: |res|/|res0| = 1.49404e-12.

Computing volumes of the grid elements.
Non-linear iter.: 95/500. Linear iter.: 4. Min. area: 0.000151846. Error: 1.49404e-12.
Computing volumes of the grid elements.
Min. volume: 0.000151846, max. volume: 36.535.

# FGMRES residual history
# Residual tolerance target = 1e-10
# Initial residual norm     = 4.97575e-10
     0     1
# FGMRES final (true) residual:
# Iteration = 4: |res|/|res0| = 1.49404e-12.

Computing volumes of the grid elements.
Non-linear iter.: 96/500. Linear iter.: 4. Min. area: 0.000151846. Error: 1.49404e-12.
Computing volumes of the grid elements.
Min. volume: 0.000151846, max. volume: 36.535.

# FGMRES residual history
# Residual tolerance target = 1e-10
# Initial residual norm     = 4.97575e-10
     0     1
# FGMRES final (true) residual:
# Iteration = 4: |res|/|res0| = 1.49404e-12.

Computing volumes of the grid elements.
Non-linear iter.: 97/500. Linear iter.: 4. Min. area: 0.000151846. Error: 1.49404e-12.
Computing volumes of the grid elements.
Min. volume: 0.000151846, max. volume: 36.5349.

# FGMRES residual history
# Residual tolerance target = 1e-10
# Initial residual norm     = 4.97574e-10
     0     1
# FGMRES final (true) residual:
# Iteration = 4: |res|/|res0| = 1.49404e-12.

Computing volumes of the grid elements.
Non-linear iter.: 98/500. Linear iter.: 4. Min. area: 0.000151846. Error: 1.49404e-12.
Computing volumes of the grid elements.
Min. volume: 0.000151846, max. volume: 36.5349.

# FGMRES residual history
# Residual tolerance target = 1e-10
# Initial residual norm     = 4.97573e-10
     0     1
# FGMRES final (true) residual:
# Iteration = 4: |res|/|res0| = 1.49404e-12.

Computing volumes of the grid elements.
Non-linear iter.: 99/500. Linear iter.: 4. Min. area: 0.000151846. Error: 1.49404e-12.
Computing volumes of the grid elements.
Min. volume: 0.000151846, max. volume: 36.5349.

# FGMRES residual history
# Residual tolerance target = 1e-10
# Initial residual norm     = 4.97573e-10
     0     1
# FGMRES final (true) residual:
# Iteration = 4: |res|/|res0| = 1.49403e-12.

Computing volumes of the grid elements.
Non-linear iter.: 100/500. Linear iter.: 4. Min. area: 0.000151846. Error: 1.49403e-12.
Computing volumes of the grid elements.
Min. volume: 0.000151846, max. volume: 36.5349.

# FGMRES residual history
# Residual tolerance target = 1e-10
# Initial residual norm     = 4.97572e-10
     0     1
# FGMRES final (true) residual:
# Iteration = 4: |res|/|res0| = 1.49403e-12.

Computing volumes of the grid elements.
Non-linear iter.: 101/500. Linear iter.: 4. Min. area: 0.000151846. Error: 1.49403e-12.
Computing volumes of the grid elements.
Min. volume: 0.000151846, max. volume: 36.5349.

# FGMRES residual history
# Residual tolerance target = 1e-10
# Initial residual norm     = 4.97571e-10
     0     1
# FGMRES final (true) residual:
# Iteration = 4: |res|/|res0| = 1.49403e-12.

Computing volumes of the grid elements.
Non-linear iter.: 102/500. Linear iter.: 4. Min. area: 0.000151846. Error: 1.49403e-12.
Computing volumes of the grid elements.
Min. volume: 0.000151846, max. volume: 36.5349.

# FGMRES residual history
# Residual tolerance target = 1e-10
# Initial residual norm     = 4.97571e-10
     0     1
# FGMRES final (true) residual:
# Iteration = 4: |res|/|res0| = 1.49403e-12.

Computing volumes of the grid elements.
Non-linear iter.: 103/500. Linear iter.: 4. Min. area: 0.000151846. Error: 1.49403e-12.
Computing volumes of the grid elements.
Min. volume: 0.000151846, max. volume: 36.5349.

# FGMRES residual history
# Residual tolerance target = 1e-10
# Initial residual norm     = 4.9757e-10
     0     1
# FGMRES final (true) residual:
# Iteration = 4: |res|/|res0| = 1.49403e-12.

Computing volumes of the grid elements.
Non-linear iter.: 104/500. Linear iter.: 4. Min. area: 0.000151846. Error: 1.49403e-12.
Computing volumes of the grid elements.
Min. volume: 0.000151846, max. volume: 36.5349.

# FGMRES residual history
# Residual tolerance target = 1e-10
# Initial residual norm     = 4.97569e-10
     0     1
# FGMRES final (true) residual:
# Iteration = 4: |res|/|res0| = 1.49403e-12.

Computing volumes of the grid elements.
Non-linear iter.: 105/500. Linear iter.: 4. Min. area: 0.000151846. Error: 1.49403e-12.
Computing volumes of the grid elements.
Min. volume: 0.000151846, max. volume: 36.5349.

# FGMRES residual history
# Residual tolerance target = 1e-10
# Initial residual norm     = 4.97569e-10
     0     1
# FGMRES final (true) residual:
# Iteration = 4: |res|/|res0| = 1.49403e-12.

Computing volumes of the grid elements.
Non-linear iter.: 106/500. Linear iter.: 4. Min. area: 0.000151846. Error: 1.49403e-12.
Computing volumes of the grid elements.
Min. volume: 0.000151846, max. volume: 36.5349.

# FGMRES residual history
# Residual tolerance target = 1e-10
# Initial residual norm     = 4.97568e-10
     0     1
# FGMRES final (true) residual:
# Iteration = 4: |res|/|res0| = 1.49402e-12.

Computing volumes of the grid elements.
Non-linear iter.: 107/500. Linear iter.: 4. Min. area: 0.000151846. Error: 1.49402e-12.
Computing volumes of the grid elements.
Min. volume: 0.000151846, max. volume: 36.5349.

# FGMRES residual history
# Residual tolerance target = 1e-10
# Initial residual norm     = 4.97567e-10
     0     1
# FGMRES final (true) residual:
# Iteration = 4: |res|/|res0| = 1.49402e-12.

Computing volumes of the grid elements.
Non-linear iter.: 108/500. Linear iter.: 4. Min. area: 0.000151846. Error: 1.49402e-12.
Computing volumes of the grid elements.
Min. volume: 0.000151846, max. volume: 36.5349.

# FGMRES residual history
# Residual tolerance target = 1e-10
# Initial residual norm     = 4.97567e-10
     0     1
# FGMRES final (true) residual:
# Iteration = 4: |res|/|res0| = 1.49402e-12.

Computing volumes of the grid elements.
Non-linear iter.: 109/500. Linear iter.: 4. Min. area: 0.000151846. Error: 1.49402e-12.
Computing volumes of the grid elements.
Min. volume: 0.000151846, max. volume: 36.5349.

# FGMRES residual history
# Residual tolerance target = 1e-10
# Initial residual norm     = 4.97566e-10
     0     1
# FGMRES final (true) residual:
# Iteration = 4: |res|/|res0| = 1.49402e-12.

Computing volumes of the grid elements.
Non-linear iter.: 110/500. Linear iter.: 4. Min. area: 0.000151846. Error: 1.49402e-12.
Computing volumes of the grid elements.
Min. volume: 0.000151846, max. volume: 36.5349.

# FGMRES residual history
# Residual tolerance target = 1e-10
# Initial residual norm     = 4.97565e-10
     0     1
# FGMRES final (true) residual:
# Iteration = 4: |res|/|res0| = 1.49402e-12.

Computing volumes of the grid elements.
Non-linear iter.: 111/500. Linear iter.: 4. Min. area: 0.000151846. Error: 1.49402e-12.
Computing volumes of the grid elements.
Min. volume: 0.000151846, max. volume: 36.5349.

# FGMRES residual history
# Residual tolerance target = 1e-10
# Initial residual norm     = 4.97565e-10
     0     1
# FGMRES final (true) residual:
# Iteration = 4: |res|/|res0| = 1.49402e-12.

Computing volumes of the grid elements.
Non-linear iter.: 112/500. Linear iter.: 4. Min. area: 0.000151846. Error: 1.49402e-12.
Computing volumes of the grid elements.
Min. volume: 0.000151846, max. volume: 36.5349.

# FGMRES residual history
# Residual tolerance target = 1e-10
# Initial residual norm     = 4.97564e-10
     0     1
# FGMRES final (true) residual:
# Iteration = 4: |res|/|res0| = 1.49401e-12.

Computing volumes of the grid elements.
Non-linear iter.: 113/500. Linear iter.: 4. Min. area: 0.000151846. Error: 1.49401e-12.
Computing volumes of the grid elements.
Min. volume: 0.000151846, max. volume: 36.5349.

# FGMRES residual history
# Residual tolerance target = 1e-10
# Initial residual norm     = 4.97563e-10
     0     1
# FGMRES final (true) residual:
# Iteration = 4: |res|/|res0| = 1.49401e-12.

Computing volumes of the grid elements.
Non-linear iter.: 114/500. Linear iter.: 4. Min. area: 0.000151846. Error: 1.49401e-12.
Computing volumes of the grid elements.
Min. volume: 0.000151846, max. volume: 36.5349.

# FGMRES residual history
# Residual tolerance target = 1e-10
# Initial residual norm     = 4.97563e-10
     0     1
# FGMRES final (true) residual:
# Iteration = 4: |res|/|res0| = 1.49401e-12.

Computing volumes of the grid elements.
Non-linear iter.: 115/500. Linear iter.: 4. Min. area: 0.000151846. Error: 1.49401e-12.
Computing volumes of the grid elements.
Min. volume: 0.000151846, max. volume: 36.5349.

# FGMRES residual history
# Residual tolerance target = 1e-10
# Initial residual norm     = 4.97562e-10
     0     1
# FGMRES final (true) residual:
# Iteration = 4: |res|/|res0| = 1.49401e-12.

Computing volumes of the grid elements.
Non-linear iter.: 116/500. Linear iter.: 4. Min. area: 0.000151846. Error: 1.49401e-12.
Computing volumes of the grid elements.
Min. volume: 0.000151846, max. volume: 36.5349.

# FGMRES residual history
# Residual tolerance target = 1e-10
# Initial residual norm     = 4.97561e-10
     0     1
# FGMRES final (true) residual:
# Iteration = 4: |res|/|res0| = 1.49401e-12.

Computing volumes of the grid elements.
Non-linear iter.: 117/500. Linear iter.: 4. Min. area: 0.000151846. Error: 1.49401e-12.
Computing volumes of the grid elements.
Min. volume: 0.000151846, max. volume: 36.5349.

# FGMRES residual history
# Residual tolerance target = 1e-10
# Initial residual norm     = 4.97561e-10
     0     1
# FGMRES final (true) residual:
# Iteration = 4: |res|/|res0| = 1.49401e-12.

Computing volumes of the grid elements.
Non-linear iter.: 118/500. Linear iter.: 4. Min. area: 0.000151846. Error: 1.49401e-12.
Computing volumes of the grid elements.
Min. volume: 0.000151846, max. volume: 36.5349.

# FGMRES residual history
# Residual tolerance target = 1e-10
# Initial residual norm     = 4.9756e-10
     0     1
# FGMRES final (true) residual:
# Iteration = 4: |res|/|res0| = 1.49401e-12.

Computing volumes of the grid elements.
Non-linear iter.: 119/500. Linear iter.: 4. Min. area: 0.000151846. Error: 1.49401e-12.
Computing volumes of the grid elements.
Min. volume: 0.000151846, max. volume: 36.5349.

# FGMRES residual history
# Residual tolerance target = 1e-10
# Initial residual norm     = 4.97559e-10
     0     1
# FGMRES final (true) residual:
# Iteration = 4: |res|/|res0| = 1.494e-12.

Computing volumes of the grid elements.
Non-linear iter.: 120/500. Linear iter.: 4. Min. area: 0.000151846. Error: 1.494e-12.
Computing volumes of the grid elements.
Min. volume: 0.000151846, max. volume: 36.5349.

# FGMRES residual history
# Residual tolerance target = 1e-10
# Initial residual norm     = 4.97559e-10
     0     1
# FGMRES final (true) residual:
# Iteration = 4: |res|/|res0| = 1.494e-12.

Computing volumes of the grid elements.
Non-linear iter.: 121/500. Linear iter.: 4. Min. area: 0.000151846. Error: 1.494e-12.
Computing volumes of the grid elements.
Min. volume: 0.000151846, max. volume: 36.5349.

# FGMRES residual history
# Residual tolerance target = 1e-10
# Initial residual norm     = 4.97558e-10
     0     1
# FGMRES final (true) residual:
# Iteration = 4: |res|/|res0| = 1.494e-12.

Computing volumes of the grid elements.
Non-linear iter.: 122/500. Linear iter.: 4. Min. area: 0.000151846. Error: 1.494e-12.
Computing volumes of the grid elements.
Min. volume: 0.000151846, max. volume: 36.5349.

# FGMRES residual history
# Residual tolerance target = 1e-10
# Initial residual norm     = 4.97557e-10
     0     1
# FGMRES final (true) residual:
# Iteration = 4: |res|/|res0| = 1.494e-12.

Computing volumes of the grid elements.
Non-linear iter.: 123/500. Linear iter.: 4. Min. area: 0.000151846. Error: 1.494e-12.
Computing volumes of the grid elements.
Min. volume: 0.000151846, max. volume: 36.5349.

# FGMRES residual history
# Residual tolerance target = 1e-10
# Initial residual norm     = 4.97557e-10
     0     1
# FGMRES final (true) residual:
# Iteration = 4: |res|/|res0| = 1.494e-12.

Computing volumes of the grid elements.
Non-linear iter.: 124/500. Linear iter.: 4. Min. area: 0.000151846. Error: 1.494e-12.
Computing volumes of the grid elements.
Min. volume: 0.000151846, max. volume: 36.5349.

# FGMRES residual history
# Residual tolerance target = 1e-10
# Initial residual norm     = 4.97556e-10
     0     1
# FGMRES final (true) residual:
# Iteration = 4: |res|/|res0| = 1.494e-12.

Computing volumes of the grid elements.
Non-linear iter.: 125/500. Linear iter.: 4. Min. area: 0.000151846. Error: 1.494e-12.
Computing volumes of the grid elements.
Min. volume: 0.000151846, max. volume: 36.5349.

# FGMRES residual history
# Residual tolerance target = 1e-10
# Initial residual norm     = 4.97556e-10
     0     1
# FGMRES final (true) residual:
# Iteration = 4: |res|/|res0| = 1.49399e-12.

Computing volumes of the grid elements.
Non-linear iter.: 126/500. Linear iter.: 4. Min. area: 0.000151846. Error: 1.49399e-12.
Computing volumes of the grid elements.
Min. volume: 0.000151846, max. volume: 36.5349.

# FGMRES residual history
# Residual tolerance target = 1e-10
# Initial residual norm     = 4.97555e-10
     0     1
# FGMRES final (true) residual:
# Iteration = 4: |res|/|res0| = 1.49399e-12.

Computing volumes of the grid elements.
Non-linear iter.: 127/500. Linear iter.: 4. Min. area: 0.000151846. Error: 1.49399e-12.
Computing volumes of the grid elements.
Min. volume: 0.000151846, max. volume: 36.5349.

# FGMRES residual history
# Residual tolerance target = 1e-10
# Initial residual norm     = 4.97554e-10
     0     1
# FGMRES final (true) residual:
# Iteration = 4: |res|/|res0| = 1.49399e-12.

Computing volumes of the grid elements.
Non-linear iter.: 128/500. Linear iter.: 4. Min. area: 0.000151846. Error: 1.49399e-12.
Computing volumes of the grid elements.
Min. volume: 0.000151846, max. volume: 36.5349.

# FGMRES residual history
# Residual tolerance target = 1e-10
# Initial residual norm     = 4.97554e-10
     0     1
# FGMRES final (true) residual:
# Iteration = 4: |res|/|res0| = 1.49399e-12.

Computing volumes of the grid elements.
Non-linear iter.: 129/500. Linear iter.: 4. Min. area: 0.000151846. Error: 1.49399e-12.
Computing volumes of the grid elements.
Min. volume: 0.000151846, max. volume: 36.5349.

# FGMRES residual history
# Residual tolerance target = 1e-10
# Initial residual norm     = 4.97553e-10
     0     1
# FGMRES final (true) residual:
# Iteration = 4: |res|/|res0| = 1.49399e-12.

Computing volumes of the grid elements.
Non-linear iter.: 130/500. Linear iter.: 4. Min. area: 0.000151846. Error: 1.49399e-12.
Computing volumes of the grid elements.
Min. volume: 0.000151846, max. volume: 36.5349.

# FGMRES residual history
# Residual tolerance target = 1e-10
# Initial residual norm     = 4.97552e-10
     0     1
# FGMRES final (true) residual:
# Iteration = 4: |res|/|res0| = 1.49399e-12.

Computing volumes of the grid elements.
Non-linear iter.: 131/500. Linear iter.: 4. Min. area: 0.000151846. Error: 1.49399e-12.
Computing volumes of the grid elements.
Min. volume: 0.000151846, max. volume: 36.5349.

# FGMRES residual history
# Residual tolerance target = 1e-10
# Initial residual norm     = 4.97552e-10
     0     1
# FGMRES final (true) residual:
# Iteration = 4: |res|/|res0| = 1.49399e-12.

Computing volumes of the grid elements.
Non-linear iter.: 132/500. Linear iter.: 4. Min. area: 0.000151846. Error: 1.49399e-12.
Computing volumes of the grid elements.
Min. volume: 0.000151846, max. volume: 36.5349.

# FGMRES residual history
# Residual tolerance target = 1e-10
# Initial residual norm     = 4.97551e-10
     0     1
# FGMRES final (true) residual:
# Iteration = 4: |res|/|res0| = 1.49398e-12.

Computing volumes of the grid elements.
Non-linear iter.: 133/500. Linear iter.: 4. Min. area: 0.000151846. Error: 1.49398e-12.
Computing volumes of the grid elements.
Min. volume: 0.000151846, max. volume: 36.5349.

# FGMRES residual history
# Residual tolerance target = 1e-10
# Initial residual norm     = 4.9755e-10
     0     1
# FGMRES final (true) residual:
# Iteration = 4: |res|/|res0| = 1.49398e-12.

Computing volumes of the grid elements.
Non-linear iter.: 134/500. Linear iter.: 4. Min. area: 0.000151846. Error: 1.49398e-12.
Computing volumes of the grid elements.
Min. volume: 0.000151846, max. volume: 36.5349.

# FGMRES residual history
# Residual tolerance target = 1e-10
# Initial residual norm     = 4.9755e-10
     0     1
# FGMRES final (true) residual:
# Iteration = 4: |res|/|res0| = 1.49398e-12.

Computing volumes of the grid elements.
Non-linear iter.: 135/500. Linear iter.: 4. Min. area: 0.000151846. Error: 1.49398e-12.
Computing volumes of the grid elements.
Min. volume: 0.000151846, max. volume: 36.5349.

# FGMRES residual history
# Residual tolerance target = 1e-10
# Initial residual norm     = 4.97549e-10
     0     1
# FGMRES final (true) residual:
# Iteration = 4: |res|/|res0| = 1.49398e-12.

Computing volumes of the grid elements.
Non-linear iter.: 136/500. Linear iter.: 4. Min. area: 0.000151846. Error: 1.49398e-12.
Computing volumes of the grid elements.
Min. volume: 0.000151846, max. volume: 36.5349.

# FGMRES residual history
# Residual tolerance target = 1e-10
# Initial residual norm     = 4.97548e-10
     0     1
# FGMRES final (true) residual:
# Iteration = 4: |res|/|res0| = 1.49398e-12.

Computing volumes of the grid elements.
Non-linear iter.: 137/500. Linear iter.: 4. Min. area: 0.000151846. Error: 1.49398e-12.
Computing volumes of the grid elements.
Min. volume: 0.000151846, max. volume: 36.5349.

# FGMRES residual history
# Residual tolerance target = 1e-10
# Initial residual norm     = 4.97548e-10
     0     1
# FGMRES final (true) residual:
# Iteration = 4: |res|/|res0| = 1.49398e-12.

Computing volumes of the grid elements.
Non-linear iter.: 138/500. Linear iter.: 4. Min. area: 0.000151846. Error: 1.49398e-12.
Computing volumes of the grid elements.
Min. volume: 0.000151846, max. volume: 36.5349.

# FGMRES residual history
# Residual tolerance target = 1e-10
# Initial residual norm     = 4.97547e-10
     0     1
# FGMRES final (true) residual:
# Iteration = 4: |res|/|res0| = 1.49397e-12.

Computing volumes of the grid elements.
Non-linear iter.: 139/500. Linear iter.: 4. Min. area: 0.000151846. Error: 1.49397e-12.
Computing volumes of the grid elements.
Min. volume: 0.000151846, max. volume: 36.5349.

# FGMRES residual history
# Residual tolerance target = 1e-10
# Initial residual norm     = 4.97546e-10
     0     1
# FGMRES final (true) residual:
# Iteration = 4: |res|/|res0| = 1.49397e-12.

Computing volumes of the grid elements.
Non-linear iter.: 140/500. Linear iter.: 4. Min. area: 0.000151846. Error: 1.49397e-12.
Computing volumes of the grid elements.
Min. volume: 0.000151846, max. volume: 36.5349.

# FGMRES residual history
# Residual tolerance target = 1e-10
# Initial residual norm     = 4.97546e-10
     0     1
# FGMRES final (true) residual:
# Iteration = 4: |res|/|res0| = 1.49397e-12.

Computing volumes of the grid elements.
Non-linear iter.: 141/500. Linear iter.: 4. Min. area: 0.000151846. Error: 1.49397e-12.
Computing volumes of the grid elements.
Min. volume: 0.000151846, max. volume: 36.5349.

# FGMRES residual history
# Residual tolerance target = 1e-10
# Initial residual norm     = 4.97545e-10
     0     1
# FGMRES final (true) residual:
# Iteration = 4: |res|/|res0| = 1.49397e-12.

Computing volumes of the grid elements.
Non-linear iter.: 142/500. Linear iter.: 4. Min. area: 0.000151846. Error: 1.49397e-12.
Computing volumes of the grid elements.
Min. volume: 0.000151846, max. volume: 36.5349.

# FGMRES residual history
# Residual tolerance target = 1e-10
# Initial residual norm     = 4.97544e-10
     0     1
# FGMRES final (true) residual:
# Iteration = 4: |res|/|res0| = 1.49397e-12.

Computing volumes of the grid elements.
Non-linear iter.: 143/500. Linear iter.: 4. Min. area: 0.000151846. Error: 1.49397e-12.
Computing volumes of the grid elements.
Min. volume: 0.000151846, max. volume: 36.5349.

# FGMRES residual history
# Residual tolerance target = 1e-10
# Initial residual norm     = 4.97544e-10
     0     1
# FGMRES final (true) residual:
# Iteration = 4: |res|/|res0| = 1.49397e-12.

Computing volumes of the grid elements.
Non-linear iter.: 144/500. Linear iter.: 4. Min. area: 0.000151846. Error: 1.49397e-12.
Computing volumes of the grid elements.
Min. volume: 0.000151846, max. volume: 36.5349.

# FGMRES residual history
# Residual tolerance target = 1e-10
# Initial residual norm     = 4.97543e-10
     0     1
# FGMRES final (true) residual:
# Iteration = 4: |res|/|res0| = 1.49397e-12.

Computing volumes of the grid elements.
Non-linear iter.: 145/500. Linear iter.: 4. Min. area: 0.000151846. Error: 1.49397e-12.
Computing volumes of the grid elements.
Min. volume: 0.000151846, max. volume: 36.5349.

# FGMRES residual history
# Residual tolerance target = 1e-10
# Initial residual norm     = 4.97542e-10
     0     1
# FGMRES final (true) residual:
# Iteration = 4: |res|/|res0| = 1.49396e-12.

Computing volumes of the grid elements.
Non-linear iter.: 146/500. Linear iter.: 4. Min. area: 0.000151846. Error: 1.49396e-12.
Computing volumes of the grid elements.
Min. volume: 0.000151846, max. volume: 36.5349.

# FGMRES residual history
# Residual tolerance target = 1e-10
# Initial residual norm     = 4.97542e-10
     0     1
# FGMRES final (true) residual:
# Iteration = 4: |res|/|res0| = 1.49396e-12.

Computing volumes of the grid elements.
Non-linear iter.: 147/500. Linear iter.: 4. Min. area: 0.000151846. Error: 1.49396e-12.
Computing volumes of the grid elements.
Min. volume: 0.000151846, max. volume: 36.5349.

# FGMRES residual history
# Residual tolerance target = 1e-10
# Initial residual norm     = 4.97541e-10
     0     1
# FGMRES final (true) residual:
# Iteration = 4: |res|/|res0| = 1.49396e-12.

Computing volumes of the grid elements.
Non-linear iter.: 148/500. Linear iter.: 4. Min. area: 0.000151846. Error: 1.49396e-12.
Computing volumes of the grid elements.
Min. volume: 0.000151846, max. volume: 36.5349.

# FGMRES residual history
# Residual tolerance target = 1e-10
# Initial residual norm     = 4.9754e-10
     0     1
# FGMRES final (true) residual:
# Iteration = 4: |res|/|res0| = 1.49396e-12.

Computing volumes of the grid elements.
Non-linear iter.: 149/500. Linear iter.: 4. Min. area: 0.000151846. Error: 1.49396e-12.
Computing volumes of the grid elements.
Min. volume: 0.000151846, max. volume: 36.5349.

# FGMRES residual history
# Residual tolerance target = 1e-10
# Initial residual norm     = 4.9754e-10
     0     1
# FGMRES final (true) residual:
# Iteration = 4: |res|/|res0| = 1.49396e-12.

Computing volumes of the grid elements.
Non-linear iter.: 150/500. Linear iter.: 4. Min. area: 0.000151846. Error: 1.49396e-12.
Computing volumes of the grid elements.
Min. volume: 0.000151846, max. volume: 36.5349.

# FGMRES residual history
# Residual tolerance target = 1e-10
# Initial residual norm     = 4.97539e-10
     0     1
# FGMRES final (true) residual:
# Iteration = 4: |res|/|res0| = 1.49396e-12.

Computing volumes of the grid elements.
Non-linear iter.: 151/500. Linear iter.: 4. Min. area: 0.000151846. Error: 1.49396e-12.
Computing volumes of the grid elements.
Min. volume: 0.000151846, max. volume: 36.5349.

# FGMRES residual history
# Residual tolerance target = 1e-10
# Initial residual norm     = 4.97538e-10
     0     1
# FGMRES final (true) residual:
# Iteration = 4: |res|/|res0| = 1.49395e-12.

Computing volumes of the grid elements.
Non-linear iter.: 152/500. Linear iter.: 4. Min. area: 0.000151846. Error: 1.49395e-12.
Computing volumes of the grid elements.
Min. volume: 0.000151846, max. volume: 36.5349.

# FGMRES residual history
# Residual tolerance target = 1e-10
# Initial residual norm     = 4.97538e-10
     0     1
# FGMRES final (true) residual:
# Iteration = 4: |res|/|res0| = 1.49395e-12.

Computing volumes of the grid elements.
Non-linear iter.: 153/500. Linear iter.: 4. Min. area: 0.000151846. Error: 1.49395e-12.
Computing volumes of the grid elements.
Min. volume: 0.000151846, max. volume: 36.5349.

# FGMRES residual history
# Residual tolerance target = 1e-10
# Initial residual norm     = 4.97537e-10
     0     1
# FGMRES final (true) residual:
# Iteration = 4: |res|/|res0| = 1.49395e-12.

Computing volumes of the grid elements.
Non-linear iter.: 154/500. Linear iter.: 4. Min. area: 0.000151846. Error: 1.49395e-12.
Computing volumes of the grid elements.
Min. volume: 0.000151846, max. volume: 36.5349.

# FGMRES residual history
# Residual tolerance target = 1e-10
# Initial residual norm     = 4.97536e-10
     0     1
# FGMRES final (true) residual:
# Iteration = 4: |res|/|res0| = 1.49395e-12.

Computing volumes of the grid elements.
Non-linear iter.: 155/500. Linear iter.: 4. Min. area: 0.000151846. Error: 1.49395e-12.
Computing volumes of the grid elements.
Min. volume: 0.000151846, max. volume: 36.5349.

# FGMRES residual history
# Residual tolerance target = 1e-10
# Initial residual norm     = 4.97536e-10
     0     1
# FGMRES final (true) residual:
# Iteration = 4: |res|/|res0| = 1.49395e-12.

Computing volumes of the grid elements.
Non-linear iter.: 156/500. Linear iter.: 4. Min. area: 0.000151846. Error: 1.49395e-12.
Computing volumes of the grid elements.
Min. volume: 0.000151846, max. volume: 36.5349.

# FGMRES residual history
# Residual tolerance target = 1e-10
# Initial residual norm     = 4.97535e-10
     0     1
# FGMRES final (true) residual:
# Iteration = 4: |res|/|res0| = 1.49395e-12.

Computing volumes of the grid elements.
Non-linear iter.: 157/500. Linear iter.: 4. Min. area: 0.000151846. Error: 1.49395e-12.
Computing volumes of the grid elements.
Min. volume: 0.000151846, max. volume: 36.5349.

# FGMRES residual history
# Residual tolerance target = 1e-10
# Initial residual norm     = 4.97535e-10
     0     1
# FGMRES final (true) residual:
# Iteration = 4: |res|/|res0| = 1.49395e-12.

Computing volumes of the grid elements.
Non-linear iter.: 158/500. Linear iter.: 4. Min. area: 0.000151846. Error: 1.49395e-12.
Computing volumes of the grid elements.
Min. volume: 0.000151846, max. volume: 36.5349.

# FGMRES residual history
# Residual tolerance target = 1e-10
# Initial residual norm     = 4.97534e-10
     0     1
# FGMRES final (true) residual:
# Iteration = 4: |res|/|res0| = 1.49394e-12.

Computing volumes of the grid elements.
Non-linear iter.: 159/500. Linear iter.: 4. Min. area: 0.000151846. Error: 1.49394e-12.
Computing volumes of the grid elements.
Min. volume: 0.000151846, max. volume: 36.5349.

# FGMRES residual history
# Residual tolerance target = 1e-10
# Initial residual norm     = 4.97533e-10
     0     1
# FGMRES final (true) residual:
# Iteration = 4: |res|/|res0| = 1.49394e-12.

Computing volumes of the grid elements.
Non-linear iter.: 160/500. Linear iter.: 4. Min. area: 0.000151846. Error: 1.49394e-12.
Computing volumes of the grid elements.
Min. volume: 0.000151846, max. volume: 36.5349.

# FGMRES residual history
# Residual tolerance target = 1e-10
# Initial residual norm     = 4.97533e-10
     0     1
# FGMRES final (true) residual:
# Iteration = 4: |res|/|res0| = 1.49394e-12.

Computing volumes of the grid elements.
Non-linear iter.: 161/500. Linear iter.: 4. Min. area: 0.000151846. Error: 1.49394e-12.
Computing volumes of the grid elements.
Min. volume: 0.000151846, max. volume: 36.5349.

# FGMRES residual history
# Residual tolerance target = 1e-10
# Initial residual norm     = 4.97532e-10
     0     1
# FGMRES final (true) residual:
# Iteration = 4: |res|/|res0| = 1.49394e-12.

Computing volumes of the grid elements.
Non-linear iter.: 162/500. Linear iter.: 4. Min. area: 0.000151846. Error: 1.49394e-12.
Computing volumes of the grid elements.
Min. volume: 0.000151846, max. volume: 36.5349.

# FGMRES residual history
# Residual tolerance target = 1e-10
# Initial residual norm     = 4.97531e-10
     0     1
# FGMRES final (true) residual:
# Iteration = 4: |res|/|res0| = 1.49394e-12.

Computing volumes of the grid elements.
Non-linear iter.: 163/500. Linear iter.: 4. Min. area: 0.000151846. Error: 1.49394e-12.
Computing volumes of the grid elements.
Min. volume: 0.000151846, max. volume: 36.5349.

# FGMRES residual history
# Residual tolerance target = 1e-10
# Initial residual norm     = 4.97531e-10
     0     1
# FGMRES final (true) residual:
# Iteration = 4: |res|/|res0| = 1.49394e-12.

Computing volumes of the grid elements.
Non-linear iter.: 164/500. Linear iter.: 4. Min. area: 0.000151846. Error: 1.49394e-12.
Computing volumes of the grid elements.
Min. volume: 0.000151846, max. volume: 36.5349.

# FGMRES residual history
# Residual tolerance target = 1e-10
# Initial residual norm     = 4.9753e-10
     0     1
# FGMRES final (true) residual:
# Iteration = 4: |res|/|res0| = 1.49393e-12.

Computing volumes of the grid elements.
Non-linear iter.: 165/500. Linear iter.: 4. Min. area: 0.000151846. Error: 1.49393e-12.
Computing volumes of the grid elements.
Min. volume: 0.000151846, max. volume: 36.5349.

# FGMRES residual history
# Residual tolerance target = 1e-10
# Initial residual norm     = 4.97529e-10
     0     1
# FGMRES final (true) residual:
# Iteration = 4: |res|/|res0| = 1.49393e-12.

Computing volumes of the grid elements.
Non-linear iter.: 166/500. Linear iter.: 4. Min. area: 0.000151846. Error: 1.49393e-12.
Computing volumes of the grid elements.
Min. volume: 0.000151846, max. volume: 36.5349.

# FGMRES residual history
# Residual tolerance target = 1e-10
# Initial residual norm     = 4.97529e-10
     0     1
# FGMRES final (true) residual:
# Iteration = 4: |res|/|res0| = 1.49393e-12.

Computing volumes of the grid elements.
Non-linear iter.: 167/500. Linear iter.: 4. Min. area: 0.000151846. Error: 1.49393e-12.
Computing volumes of the grid elements.
Min. volume: 0.000151846, max. volume: 36.5349.

# FGMRES residual history
# Residual tolerance target = 1e-10
# Initial residual norm     = 4.97528e-10
     0     1
# FGMRES final (true) residual:
# Iteration = 4: |res|/|res0| = 1.49393e-12.

Computing volumes of the grid elements.
Non-linear iter.: 168/500. Linear iter.: 4. Min. area: 0.000151846. Error: 1.49393e-12.
Computing volumes of the grid elements.
Min. volume: 0.000151846, max. volume: 36.5349.

# FGMRES residual history
# Residual tolerance target = 1e-10
# Initial residual norm     = 4.97527e-10
     0     1
# FGMRES final (true) residual:
# Iteration = 4: |res|/|res0| = 1.49393e-12.

Computing volumes of the grid elements.
Non-linear iter.: 169/500. Linear iter.: 4. Min. area: 0.000151846. Error: 1.49393e-12.
Computing volumes of the grid elements.
Min. volume: 0.000151846, max. volume: 36.5349.

# FGMRES residual history
# Residual tolerance target = 1e-10
# Initial residual norm     = 4.97527e-10
     0     1
# FGMRES final (true) residual:
# Iteration = 4: |res|/|res0| = 1.49393e-12.

Computing volumes of the grid elements.
Non-linear iter.: 170/500. Linear iter.: 4. Min. area: 0.000151846. Error: 1.49393e-12.
Computing volumes of the grid elements.
Min. volume: 0.000151846, max. volume: 36.5349.

# FGMRES residual history
# Residual tolerance target = 1e-10
# Initial residual norm     = 4.97526e-10
     0     1
# FGMRES final (true) residual:
# Iteration = 4: |res|/|res0| = 1.49393e-12.

Computing volumes of the grid elements.
Non-linear iter.: 171/500. Linear iter.: 4. Min. area: 0.000151846. Error: 1.49393e-12.
Computing volumes of the grid elements.
Min. volume: 0.000151846, max. volume: 36.5349.

# FGMRES residual history
# Residual tolerance target = 1e-10
# Initial residual norm     = 4.97525e-10
     0     1
# FGMRES final (true) residual:
# Iteration = 4: |res|/|res0| = 1.49392e-12.

Computing volumes of the grid elements.
Non-linear iter.: 172/500. Linear iter.: 4. Min. area: 0.000151846. Error: 1.49392e-12.
Computing volumes of the grid elements.
Min. volume: 0.000151846, max. volume: 36.5349.

# FGMRES residual history
# Residual tolerance target = 1e-10
# Initial residual norm     = 4.97525e-10
     0     1
# FGMRES final (true) residual:
# Iteration = 4: |res|/|res0| = 1.49392e-12.

Computing volumes of the grid elements.
Non-linear iter.: 173/500. Linear iter.: 4. Min. area: 0.000151846. Error: 1.49392e-12.
Computing volumes of the grid elements.
Min. volume: 0.000151846, max. volume: 36.5349.

# FGMRES residual history
# Residual tolerance target = 1e-10
# Initial residual norm     = 4.97524e-10
     0     1
# FGMRES final (true) residual:
# Iteration = 4: |res|/|res0| = 1.49392e-12.

Computing volumes of the grid elements.
Non-linear iter.: 174/500. Linear iter.: 4. Min. area: 0.000151846. Error: 1.49392e-12.
Computing volumes of the grid elements.
Min. volume: 0.000151846, max. volume: 36.5349.

# FGMRES residual history
# Residual tolerance target = 1e-10
# Initial residual norm     = 4.97523e-10
     0     1
# FGMRES final (true) residual:
# Iteration = 4: |res|/|res0| = 1.49392e-12.

Computing volumes of the grid elements.
Non-linear iter.: 175/500. Linear iter.: 4. Min. area: 0.000151846. Error: 1.49392e-12.
Computing volumes of the grid elements.
Min. volume: 0.000151846, max. volume: 36.5349.

# FGMRES residual history
# Residual tolerance target = 1e-10
# Initial residual norm     = 4.97523e-10
     0     1
# FGMRES final (true) residual:
# Iteration = 4: |res|/|res0| = 1.49392e-12.

Computing volumes of the grid elements.
Non-linear iter.: 176/500. Linear iter.: 4. Min. area: 0.000151846. Error: 1.49392e-12.
Computing volumes of the grid elements.
Min. volume: 0.000151846, max. volume: 36.5349.

# FGMRES residual history
# Residual tolerance target = 1e-10
# Initial residual norm     = 4.97522e-10
     0     1
# FGMRES final (true) residual:
# Iteration = 4: |res|/|res0| = 1.49392e-12.

Computing volumes of the grid elements.
Non-linear iter.: 177/500. Linear iter.: 4. Min. area: 0.000151846. Error: 1.49392e-12.
Computing volumes of the grid elements.
Min. volume: 0.000151846, max. volume: 36.5349.

# FGMRES residual history
# Residual tolerance target = 1e-10
# Initial residual norm     = 4.97521e-10
     0     1
# FGMRES final (true) residual:
# Iteration = 4: |res|/|res0| = 1.49392e-12.

Computing volumes of the grid elements.
Non-linear iter.: 178/500. Linear iter.: 4. Min. area: 0.000151846. Error: 1.49392e-12.
Computing volumes of the grid elements.
Min. volume: 0.000151846, max. volume: 36.5349.

# FGMRES residual history
# Residual tolerance target = 1e-10
# Initial residual norm     = 4.97521e-10
     0     1
# FGMRES final (true) residual:
# Iteration = 4: |res|/|res0| = 1.49391e-12.

Computing volumes of the grid elements.
Non-linear iter.: 179/500. Linear iter.: 4. Min. area: 0.000151846. Error: 1.49391e-12.
Computing volumes of the grid elements.
Min. volume: 0.000151846, max. volume: 36.5349.

# FGMRES residual history
# Residual tolerance target = 1e-10
# Initial residual norm     = 4.9752e-10
     0     1
# FGMRES final (true) residual:
# Iteration = 4: |res|/|res0| = 1.49391e-12.

Computing volumes of the grid elements.
Non-linear iter.: 180/500. Linear iter.: 4. Min. area: 0.000151846. Error: 1.49391e-12.
Computing volumes of the grid elements.
Min. volume: 0.000151846, max. volume: 36.5349.

# FGMRES residual history
# Residual tolerance target = 1e-10
# Initial residual norm     = 4.97519e-10
     0     1
# FGMRES final (true) residual:
# Iteration = 4: |res|/|res0| = 1.49391e-12.

Computing volumes of the grid elements.
Non-linear iter.: 181/500. Linear iter.: 4. Min. area: 0.000151846. Error: 1.49391e-12.
Computing volumes of the grid elements.
Min. volume: 0.000151846, max. volume: 36.5349.

# FGMRES residual history
# Residual tolerance target = 1e-10
# Initial residual norm     = 4.97519e-10
     0     1
# FGMRES final (true) residual:
# Iteration = 4: |res|/|res0| = 1.49391e-12.

Computing volumes of the grid elements.
Non-linear iter.: 182/500. Linear iter.: 4. Min. area: 0.000151846. Error: 1.49391e-12.
Computing volumes of the grid elements.
Min. volume: 0.000151846, max. volume: 36.5349.

# FGMRES residual history
# Residual tolerance target = 1e-10
# Initial residual norm     = 4.97518e-10
     0     1
# FGMRES final (true) residual:
# Iteration = 4: |res|/|res0| = 1.49391e-12.

Computing volumes of the grid elements.
Non-linear iter.: 183/500. Linear iter.: 4. Min. area: 0.000151846. Error: 1.49391e-12.
Computing volumes of the grid elements.
Min. volume: 0.000151846, max. volume: 36.5349.

# FGMRES residual history
# Residual tolerance target = 1e-10
# Initial residual norm     = 4.97517e-10
     0     1
# FGMRES final (true) residual:
# Iteration = 4: |res|/|res0| = 1.49391e-12.

Computing volumes of the grid elements.
Non-linear iter.: 184/500. Linear iter.: 4. Min. area: 0.000151846. Error: 1.49391e-12.
Computing volumes of the grid elements.
Min. volume: 0.000151846, max. volume: 36.5349.

# FGMRES residual history
# Residual tolerance target = 1e-10
# Initial residual norm     = 4.97517e-10
     0     1
# FGMRES final (true) residual:
# Iteration = 4: |res|/|res0| = 1.4939e-12.

Computing volumes of the grid elements.
Non-linear iter.: 185/500. Linear iter.: 4. Min. area: 0.000151846. Error: 1.4939e-12.
Computing volumes of the grid elements.
Min. volume: 0.000151846, max. volume: 36.5349.

# FGMRES residual history
# Residual tolerance target = 1e-10
# Initial residual norm     = 4.97516e-10
     0     1
# FGMRES final (true) residual:
# Iteration = 4: |res|/|res0| = 1.4939e-12.

Computing volumes of the grid elements.
Non-linear iter.: 186/500. Linear iter.: 4. Min. area: 0.000151846. Error: 1.4939e-12.
Computing volumes of the grid elements.
Min. volume: 0.000151846, max. volume: 36.5349.

# FGMRES residual history
# Residual tolerance target = 1e-10
# Initial residual norm     = 4.97516e-10
     0     1
# FGMRES final (true) residual:
# Iteration = 4: |res|/|res0| = 1.4939e-12.

Computing volumes of the grid elements.
Non-linear iter.: 187/500. Linear iter.: 4. Min. area: 0.000151846. Error: 1.4939e-12.
Computing volumes of the grid elements.
Min. volume: 0.000151846, max. volume: 36.5349.

# FGMRES residual history
# Residual tolerance target = 1e-10
# Initial residual norm     = 4.97515e-10
     0     1
# FGMRES final (true) residual:
# Iteration = 4: |res|/|res0| = 1.4939e-12.

Computing volumes of the grid elements.
Non-linear iter.: 188/500. Linear iter.: 4. Min. area: 0.000151846. Error: 1.4939e-12.
Computing volumes of the grid elements.
Min. volume: 0.000151846, max. volume: 36.5349.

# FGMRES residual history
# Residual tolerance target = 1e-10
# Initial residual norm     = 4.97514e-10
     0     1
# FGMRES final (true) residual:
# Iteration = 4: |res|/|res0| = 1.4939e-12.

Computing volumes of the grid elements.
Non-linear iter.: 189/500. Linear iter.: 4. Min. area: 0.000151846. Error: 1.4939e-12.
Computing volumes of the grid elements.
Min. volume: 0.000151846, max. volume: 36.5349.

# FGMRES residual history
# Residual tolerance target = 1e-10
# Initial residual norm     = 4.97514e-10
     0     1
# FGMRES final (true) residual:
# Iteration = 4: |res|/|res0| = 1.4939e-12.

Computing volumes of the grid elements.
Non-linear iter.: 190/500. Linear iter.: 4. Min. area: 0.000151846. Error: 1.4939e-12.
Computing volumes of the grid elements.
Min. volume: 0.000151846, max. volume: 36.5349.

# FGMRES residual history
# Residual tolerance target = 1e-10
# Initial residual norm     = 4.97513e-10
     0     1
# FGMRES final (true) residual:
# Iteration = 4: |res|/|res0| = 1.4939e-12.

Computing volumes of the grid elements.
Non-linear iter.: 191/500. Linear iter.: 4. Min. area: 0.000151846. Error: 1.4939e-12.
Computing volumes of the grid elements.
Min. volume: 0.000151846, max. volume: 36.5349.

# FGMRES residual history
# Residual tolerance target = 1e-10
# Initial residual norm     = 4.97512e-10
     0     1
# FGMRES final (true) residual:
# Iteration = 4: |res|/|res0| = 1.49389e-12.

Computing volumes of the grid elements.
Non-linear iter.: 192/500. Linear iter.: 4. Min. area: 0.000151846. Error: 1.49389e-12.
Computing volumes of the grid elements.
Min. volume: 0.000151846, max. volume: 36.5349.

# FGMRES residual history
# Residual tolerance target = 1e-10
# Initial residual norm     = 4.97512e-10
     0     1
# FGMRES final (true) residual:
# Iteration = 4: |res|/|res0| = 1.49389e-12.

Computing volumes of the grid elements.
Non-linear iter.: 193/500. Linear iter.: 4. Min. area: 0.000151846. Error: 1.49389e-12.
Computing volumes of the grid elements.
Min. volume: 0.000151846, max. volume: 36.5349.

# FGMRES residual history
# Residual tolerance target = 1e-10
# Initial residual norm     = 4.97511e-10
     0     1
# FGMRES final (true) residual:
# Iteration = 4: |res|/|res0| = 1.49389e-12.

Computing volumes of the grid elements.
Non-linear iter.: 194/500. Linear iter.: 4. Min. area: 0.000151846. Error: 1.49389e-12.
Computing volumes of the grid elements.
Min. volume: 0.000151846, max. volume: 36.5349.

# FGMRES residual history
# Residual tolerance target = 1e-10
# Initial residual norm     = 4.9751e-10
     0     1
# FGMRES final (true) residual:
# Iteration = 4: |res|/|res0| = 1.49389e-12.

Computing volumes of the grid elements.
Non-linear iter.: 195/500. Linear iter.: 4. Min. area: 0.000151846. Error: 1.49389e-12.
Computing volumes of the grid elements.
Min. volume: 0.000151846, max. volume: 36.5349.

# FGMRES residual history
# Residual tolerance target = 1e-10
# Initial residual norm     = 4.9751e-10
     0     1
# FGMRES final (true) residual:
# Iteration = 4: |res|/|res0| = 1.49389e-12.

Computing volumes of the grid elements.
Non-linear iter.: 196/500. Linear iter.: 4. Min. area: 0.000151846. Error: 1.49389e-12.
Computing volumes of the grid elements.
Min. volume: 0.000151846, max. volume: 36.5349.

# FGMRES residual history
# Residual tolerance target = 1e-10
# Initial residual norm     = 4.97509e-10
     0     1
# FGMRES final (true) residual:
# Iteration = 4: |res|/|res0| = 1.49389e-12.

Computing volumes of the grid elements.
Non-linear iter.: 197/500. Linear iter.: 4. Min. area: 0.000151846. Error: 1.49389e-12.
Computing volumes of the grid elements.
Min. volume: 0.000151846, max. volume: 36.5349.

# FGMRES residual history
# Residual tolerance target = 1e-10
# Initial residual norm     = 4.97508e-10
     0     1
# FGMRES final (true) residual:
# Iteration = 4: |res|/|res0| = 1.49388e-12.

Computing volumes of the grid elements.
Non-linear iter.: 198/500. Linear iter.: 4. Min. area: 0.000151846. Error: 1.49388e-12.
Computing volumes of the grid elements.
Min. volume: 0.000151846, max. volume: 36.5349.

# FGMRES residual history
# Residual tolerance target = 1e-10
# Initial residual norm     = 4.97508e-10
     0     1
# FGMRES final (true) residual:
# Iteration = 4: |res|/|res0| = 1.49388e-12.

Computing volumes of the grid elements.
Non-linear iter.: 199/500. Linear iter.: 4. Min. area: 0.000151846. Error: 1.49388e-12.
Computing volumes of the grid elements.
Min. volume: 0.000151846, max. volume: 36.5349.

# FGMRES residual history
# Residual tolerance target = 1e-10
# Initial residual norm     = 4.97507e-10
     0     1
# FGMRES final (true) residual:
# Iteration = 4: |res|/|res0| = 1.49388e-12.

Computing volumes of the grid elements.
Non-linear iter.: 200/500. Linear iter.: 4. Min. area: 0.000151846. Error: 1.49388e-12.
Computing volumes of the grid elements.
Min. volume: 0.000151846, max. volume: 36.5349.

# FGMRES residual history
# Residual tolerance target = 1e-10
# Initial residual norm     = 4.97506e-10
     0     1
# FGMRES final (true) residual:
# Iteration = 4: |res|/|res0| = 1.49388e-12.

Computing volumes of the grid elements.
Non-linear iter.: 201/500. Linear iter.: 4. Min. area: 0.000151846. Error: 1.49388e-12.
Computing volumes of the grid elements.
Min. volume: 0.000151846, max. volume: 36.5349.

# FGMRES residual history
# Residual tolerance target = 1e-10
# Initial residual norm     = 4.97506e-10
     0     1
# FGMRES final (true) residual:
# Iteration = 4: |res|/|res0| = 1.49388e-12.

Computing volumes of the grid elements.
Non-linear iter.: 202/500. Linear iter.: 4. Min. area: 0.000151846. Error: 1.49388e-12.
Computing volumes of the grid elements.
Min. volume: 0.000151846, max. volume: 36.5349.

# FGMRES residual history
# Residual tolerance target = 1e-10
# Initial residual norm     = 4.97505e-10
     0     1
# FGMRES final (true) residual:
# Iteration = 4: |res|/|res0| = 1.49388e-12.

Computing volumes of the grid elements.
Non-linear iter.: 203/500. Linear iter.: 4. Min. area: 0.000151846. Error: 1.49388e-12.
Computing volumes of the grid elements.
Min. volume: 0.000151846, max. volume: 36.5349.

# FGMRES residual history
# Residual tolerance target = 1e-10
# Initial residual norm     = 4.97504e-10
     0     1
# FGMRES final (true) residual:
# Iteration = 4: |res|/|res0| = 1.49388e-12.

Computing volumes of the grid elements.
Non-linear iter.: 204/500. Linear iter.: 4. Min. area: 0.000151846. Error: 1.49388e-12.
Computing volumes of the grid elements.
Min. volume: 0.000151846, max. volume: 36.5349.

# FGMRES residual history
# Residual tolerance target = 1e-10
# Initial residual norm     = 4.97504e-10
     0     1
# FGMRES final (true) residual:
# Iteration = 4: |res|/|res0| = 1.49387e-12.

Computing volumes of the grid elements.
Non-linear iter.: 205/500. Linear iter.: 4. Min. area: 0.000151846. Error: 1.49387e-12.
Computing volumes of the grid elements.
Min. volume: 0.000151846, max. volume: 36.5349.

# FGMRES residual history
# Residual tolerance target = 1e-10
# Initial residual norm     = 4.97503e-10
     0     1
# FGMRES final (true) residual:
# Iteration = 4: |res|/|res0| = 1.49387e-12.

Computing volumes of the grid elements.
Non-linear iter.: 206/500. Linear iter.: 4. Min. area: 0.000151846. Error: 1.49387e-12.
Computing volumes of the grid elements.
Min. volume: 0.000151846, max. volume: 36.5349.

# FGMRES residual history
# Residual tolerance target = 1e-10
# Initial residual norm     = 4.97502e-10
     0     1
# FGMRES final (true) residual:
# Iteration = 4: |res|/|res0| = 1.49387e-12.

Computing volumes of the grid elements.
Non-linear iter.: 207/500. Linear iter.: 4. Min. area: 0.000151846. Error: 1.49387e-12.
Computing volumes of the grid elements.
Min. volume: 0.000151846, max. volume: 36.5349.

# FGMRES residual history
# Residual tolerance target = 1e-10
# Initial residual norm     = 4.97502e-10
     0     1
# FGMRES final (true) residual:
# Iteration = 4: |res|/|res0| = 1.49387e-12.

Computing volumes of the grid elements.
Non-linear iter.: 208/500. Linear iter.: 4. Min. area: 0.000151846. Error: 1.49387e-12.
Computing volumes of the grid elements.
Min. volume: 0.000151846, max. volume: 36.5349.

# FGMRES residual history
# Residual tolerance target = 1e-10
# Initial residual norm     = 4.97501e-10
     0     1
# FGMRES final (true) residual:
# Iteration = 4: |res|/|res0| = 1.49387e-12.

Computing volumes of the grid elements.
Non-linear iter.: 209/500. Linear iter.: 4. Min. area: 0.000151846. Error: 1.49387e-12.
Computing volumes of the grid elements.
Min. volume: 0.000151846, max. volume: 36.5349.

# FGMRES residual history
# Residual tolerance target = 1e-10
# Initial residual norm     = 4.975e-10
     0     1
# FGMRES final (true) residual:
# Iteration = 4: |res|/|res0| = 1.49387e-12.

Computing volumes of the grid elements.
Non-linear iter.: 210/500. Linear iter.: 4. Min. area: 0.000151846. Error: 1.49387e-12.
Computing volumes of the grid elements.
Min. volume: 0.000151846, max. volume: 36.5349.

# FGMRES residual history
# Residual tolerance target = 1e-10
# Initial residual norm     = 4.975e-10
     0     1
# FGMRES final (true) residual:
# Iteration = 4: |res|/|res0| = 1.49387e-12.

Computing volumes of the grid elements.
Non-linear iter.: 211/500. Linear iter.: 4. Min. area: 0.000151846. Error: 1.49387e-12.
Computing volumes of the grid elements.
Min. volume: 0.000151846, max. volume: 36.5349.

# FGMRES residual history
# Residual tolerance target = 1e-10
# Initial residual norm     = 4.97499e-10
     0     1
# FGMRES final (true) residual:
# Iteration = 4: |res|/|res0| = 1.49386e-12.

Computing volumes of the grid elements.
Non-linear iter.: 212/500. Linear iter.: 4. Min. area: 0.000151846. Error: 1.49386e-12.
Computing volumes of the grid elements.
Min. volume: 0.000151846, max. volume: 36.5349.

# FGMRES residual history
# Residual tolerance target = 1e-10
# Initial residual norm     = 4.97498e-10
     0     1
# FGMRES final (true) residual:
# Iteration = 4: |res|/|res0| = 1.49386e-12.

Computing volumes of the grid elements.
Non-linear iter.: 213/500. Linear iter.: 4. Min. area: 0.000151846. Error: 1.49386e-12.
Computing volumes of the grid elements.
Min. volume: 0.000151846, max. volume: 36.5349.

# FGMRES residual history
# Residual tolerance target = 1e-10
# Initial residual norm     = 4.97498e-10
     0     1
# FGMRES final (true) residual:
# Iteration = 4: |res|/|res0| = 1.49386e-12.

Computing volumes of the grid elements.
Non-linear iter.: 214/500. Linear iter.: 4. Min. area: 0.000151846. Error: 1.49386e-12.
Computing volumes of the grid elements.
Min. volume: 0.000151846, max. volume: 36.5349.

# FGMRES residual history
# Residual tolerance target = 1e-10
# Initial residual norm     = 4.97497e-10
     0     1
# FGMRES final (true) residual:
# Iteration = 4: |res|/|res0| = 1.49386e-12.

Computing volumes of the grid elements.
Non-linear iter.: 215/500. Linear iter.: 4. Min. area: 0.000151846. Error: 1.49386e-12.
Computing volumes of the grid elements.
Min. volume: 0.000151846, max. volume: 36.5349.

# FGMRES residual history
# Residual tolerance target = 1e-10
# Initial residual norm     = 4.97496e-10
     0     1
# FGMRES final (true) residual:
# Iteration = 4: |res|/|res0| = 1.49386e-12.

Computing volumes of the grid elements.
Non-linear iter.: 216/500. Linear iter.: 4. Min. area: 0.000151846. Error: 1.49386e-12.
Computing volumes of the grid elements.
Min. volume: 0.000151846, max. volume: 36.5349.

# FGMRES residual history
# Residual tolerance target = 1e-10
# Initial residual norm     = 4.97496e-10
     0     1
# FGMRES final (true) residual:
# Iteration = 4: |res|/|res0| = 1.49386e-12.

Computing volumes of the grid elements.
Non-linear iter.: 217/500. Linear iter.: 4. Min. area: 0.000151846. Error: 1.49386e-12.
Computing volumes of the grid elements.
Min. volume: 0.000151846, max. volume: 36.5349.

# FGMRES residual history
# Residual tolerance target = 1e-10
# Initial residual norm     = 4.97495e-10
     0     1
# FGMRES final (true) residual:
# Iteration = 4: |res|/|res0| = 1.49385e-12.

Computing volumes of the grid elements.
Non-linear iter.: 218/500. Linear iter.: 4. Min. area: 0.000151846. Error: 1.49385e-12.
Computing volumes of the grid elements.
Min. volume: 0.000151846, max. volume: 36.5349.

# FGMRES residual history
# Residual tolerance target = 1e-10
# Initial residual norm     = 4.97495e-10
     0     1
# FGMRES final (true) residual:
# Iteration = 4: |res|/|res0| = 1.49385e-12.

Computing volumes of the grid elements.
Non-linear iter.: 219/500. Linear iter.: 4. Min. area: 0.000151846. Error: 1.49385e-12.
Computing volumes of the grid elements.
Min. volume: 0.000151846, max. volume: 36.5349.

# FGMRES residual history
# Residual tolerance target = 1e-10
# Initial residual norm     = 4.97494e-10
     0     1
# FGMRES final (true) residual:
# Iteration = 4: |res|/|res0| = 1.49385e-12.

Computing volumes of the grid elements.
Non-linear iter.: 220/500. Linear iter.: 4. Min. area: 0.000151846. Error: 1.49385e-12.
Computing volumes of the grid elements.
Min. volume: 0.000151846, max. volume: 36.5349.

# FGMRES residual history
# Residual tolerance target = 1e-10
# Initial residual norm     = 4.97493e-10
     0     1
# FGMRES final (true) residual:
# Iteration = 4: |res|/|res0| = 1.49385e-12.

Computing volumes of the grid elements.
Non-linear iter.: 221/500. Linear iter.: 4. Min. area: 0.000151846. Error: 1.49385e-12.
Computing volumes of the grid elements.
Min. volume: 0.000151846, max. volume: 36.5349.

# FGMRES residual history
# Residual tolerance target = 1e-10
# Initial residual norm     = 4.97493e-10
     0     1
# FGMRES final (true) residual:
# Iteration = 4: |res|/|res0| = 1.49385e-12.

Computing volumes of the grid elements.
Non-linear iter.: 222/500. Linear iter.: 4. Min. area: 0.000151846. Error: 1.49385e-12.
Computing volumes of the grid elements.
Min. volume: 0.000151846, max. volume: 36.5349.

# FGMRES residual history
# Residual tolerance target = 1e-10
# Initial residual norm     = 4.97492e-10
     0     1
# FGMRES final (true) residual:
# Iteration = 4: |res|/|res0| = 1.49385e-12.

Computing volumes of the grid elements.
Non-linear iter.: 223/500. Linear iter.: 4. Min. area: 0.000151846. Error: 1.49385e-12.
Computing volumes of the grid elements.
Min. volume: 0.000151846, max. volume: 36.5349.

# FGMRES residual history
# Residual tolerance target = 1e-10
# Initial residual norm     = 4.97491e-10
     0     1
# FGMRES final (true) residual:
# Iteration = 4: |res|/|res0| = 1.49385e-12.

Computing volumes of the grid elements.
Non-linear iter.: 224/500. Linear iter.: 4. Min. area: 0.000151846. Error: 1.49385e-12.
Computing volumes of the grid elements.
Min. volume: 0.000151846, max. volume: 36.5349.

# FGMRES residual history
# Residual tolerance target = 1e-10
# Initial residual norm     = 4.97491e-10
     0     1
# FGMRES final (true) residual:
# Iteration = 4: |res|/|res0| = 1.49384e-12.

Computing volumes of the grid elements.
Non-linear iter.: 225/500. Linear iter.: 4. Min. area: 0.000151846. Error: 1.49384e-12.
Computing volumes of the grid elements.
Min. volume: 0.000151846, max. volume: 36.5349.

# FGMRES residual history
# Residual tolerance target = 1e-10
# Initial residual norm     = 4.9749e-10
     0     1
# FGMRES final (true) residual:
# Iteration = 4: |res|/|res0| = 1.49384e-12.

Computing volumes of the grid elements.
Non-linear iter.: 226/500. Linear iter.: 4. Min. area: 0.000151846. Error: 1.49384e-12.
Computing volumes of the grid elements.
Min. volume: 0.000151846, max. volume: 36.5349.

# FGMRES residual history
# Residual tolerance target = 1e-10
# Initial residual norm     = 4.97489e-10
     0     1
# FGMRES final (true) residual:
# Iteration = 4: |res|/|res0| = 1.49384e-12.

Computing volumes of the grid elements.
Non-linear iter.: 227/500. Linear iter.: 4. Min. area: 0.000151846. Error: 1.49384e-12.
Computing volumes of the grid elements.
Min. volume: 0.000151846, max. volume: 36.5349.

# FGMRES residual history
# Residual tolerance target = 1e-10
# Initial residual norm     = 4.97489e-10
     0     1
# FGMRES final (true) residual:
# Iteration = 4: |res|/|res0| = 1.49384e-12.

Computing volumes of the grid elements.
Non-linear iter.: 228/500. Linear iter.: 4. Min. area: 0.000151846. Error: 1.49384e-12.
Computing volumes of the grid elements.
Min. volume: 0.000151846, max. volume: 36.5349.

# FGMRES residual history
# Residual tolerance target = 1e-10
# Initial residual norm     = 4.97488e-10
     0     1
# FGMRES final (true) residual:
# Iteration = 4: |res|/|res0| = 1.49384e-12.

Computing volumes of the grid elements.
Non-linear iter.: 229/500. Linear iter.: 4. Min. area: 0.000151846. Error: 1.49384e-12.
Computing volumes of the grid elements.
Min. volume: 0.000151846, max. volume: 36.5349.

# FGMRES residual history
# Residual tolerance target = 1e-10
# Initial residual norm     = 4.97487e-10
     0     1
# FGMRES final (true) residual:
# Iteration = 4: |res|/|res0| = 1.49384e-12.

Computing volumes of the grid elements.
Non-linear iter.: 230/500. Linear iter.: 4. Min. area: 0.000151846. Error: 1.49384e-12.
Computing volumes of the grid elements.
Min. volume: 0.000151846, max. volume: 36.5349.

# FGMRES residual history
# Residual tolerance target = 1e-10
# Initial residual norm     = 4.97487e-10
     0     1
# FGMRES final (true) residual:
# Iteration = 4: |res|/|res0| = 1.49383e-12.

Computing volumes of the grid elements.
Non-linear iter.: 231/500. Linear iter.: 4. Min. area: 0.000151846. Error: 1.49383e-12.
Computing volumes of the grid elements.
Min. volume: 0.000151846, max. volume: 36.5349.

# FGMRES residual history
# Residual tolerance target = 1e-10
# Initial residual norm     = 4.97486e-10
     0     1
# FGMRES final (true) residual:
# Iteration = 4: |res|/|res0| = 1.49383e-12.

Computing volumes of the grid elements.
Non-linear iter.: 232/500. Linear iter.: 4. Min. area: 0.000151846. Error: 1.49383e-12.
Computing volumes of the grid elements.
Min. volume: 0.000151846, max. volume: 36.5349.

# FGMRES residual history
# Residual tolerance target = 1e-10
# Initial residual norm     = 4.97485e-10
     0     1
# FGMRES final (true) residual:
# Iteration = 4: |res|/|res0| = 1.49383e-12.

Computing volumes of the grid elements.
Non-linear iter.: 233/500. Linear iter.: 4. Min. area: 0.000151846. Error: 1.49383e-12.
Computing volumes of the grid elements.
Min. volume: 0.000151846, max. volume: 36.5349.

# FGMRES residual history
# Residual tolerance target = 1e-10
# Initial residual norm     = 4.97485e-10
     0     1
# FGMRES final (true) residual:
# Iteration = 4: |res|/|res0| = 1.49383e-12.

Computing volumes of the grid elements.
Non-linear iter.: 234/500. Linear iter.: 4. Min. area: 0.000151846. Error: 1.49383e-12.
Computing volumes of the grid elements.
Min. volume: 0.000151846, max. volume: 36.5349.

# FGMRES residual history
# Residual tolerance target = 1e-10
# Initial residual norm     = 4.97484e-10
     0     1
# FGMRES final (true) residual:
# Iteration = 4: |res|/|res0| = 1.49383e-12.

Computing volumes of the grid elements.
Non-linear iter.: 235/500. Linear iter.: 4. Min. area: 0.000151846. Error: 1.49383e-12.
Computing volumes of the grid elements.
Min. volume: 0.000151846, max. volume: 36.5349.

# FGMRES residual history
# Residual tolerance target = 1e-10
# Initial residual norm     = 4.97483e-10
     0     1
# FGMRES final (true) residual:
# Iteration = 4: |res|/|res0| = 1.49383e-12.

Computing volumes of the grid elements.
Non-linear iter.: 236/500. Linear iter.: 4. Min. area: 0.000151846. Error: 1.49383e-12.
Computing volumes of the grid elements.
Min. volume: 0.000151846, max. volume: 36.5349.

# FGMRES residual history
# Residual tolerance target = 1e-10
# Initial residual norm     = 4.97483e-10
     0     1
# FGMRES final (true) residual:
# Iteration = 4: |res|/|res0| = 1.49383e-12.

Computing volumes of the grid elements.
Non-linear iter.: 237/500. Linear iter.: 4. Min. area: 0.000151846. Error: 1.49383e-12.
Computing volumes of the grid elements.
Min. volume: 0.000151846, max. volume: 36.5349.

# FGMRES residual history
# Residual tolerance target = 1e-10
# Initial residual norm     = 4.97482e-10
     0     1
# FGMRES final (true) residual:
# Iteration = 4: |res|/|res0| = 1.49382e-12.

Computing volumes of the grid elements.
Non-linear iter.: 238/500. Linear iter.: 4. Min. area: 0.000151846. Error: 1.49382e-12.
Computing volumes of the grid elements.
Min. volume: 0.000151846, max. volume: 36.5349.

# FGMRES residual history
# Residual tolerance target = 1e-10
# Initial residual norm     = 4.97481e-10
     0     1
# FGMRES final (true) residual:
# Iteration = 4: |res|/|res0| = 1.49382e-12.

Computing volumes of the grid elements.
Non-linear iter.: 239/500. Linear iter.: 4. Min. area: 0.000151846. Error: 1.49382e-12.
Computing volumes of the grid elements.
Min. volume: 0.000151846, max. volume: 36.5349.

# FGMRES residual history
# Residual tolerance target = 1e-10
# Initial residual norm     = 4.97481e-10
     0     1
# FGMRES final (true) residual:
# Iteration = 4: |res|/|res0| = 1.49382e-12.

Computing volumes of the grid elements.
Non-linear iter.: 240/500. Linear iter.: 4. Min. area: 0.000151846. Error: 1.49382e-12.
Computing volumes of the grid elements.
Min. volume: 0.000151846, max. volume: 36.5349.

# FGMRES residual history
# Residual tolerance target = 1e-10
# Initial residual norm     = 4.9748e-10
     0     1
# FGMRES final (true) residual:
# Iteration = 4: |res|/|res0| = 1.49382e-12.

Computing volumes of the grid elements.
Non-linear iter.: 241/500. Linear iter.: 4. Min. area: 0.000151846. Error: 1.49382e-12.
Computing volumes of the grid elements.
Min. volume: 0.000151846, max. volume: 36.5349.

# FGMRES residual history
# Residual tolerance target = 1e-10
# Initial residual norm     = 4.97479e-10
     0     1
# FGMRES final (true) residual:
# Iteration = 4: |res|/|res0| = 1.49382e-12.

Computing volumes of the grid elements.
Non-linear iter.: 242/500. Linear iter.: 4. Min. area: 0.000151846. Error: 1.49382e-12.
Computing volumes of the grid elements.
Min. volume: 0.000151846, max. volume: 36.5349.

# FGMRES residual history
# Residual tolerance target = 1e-10
# Initial residual norm     = 4.97479e-10
     0     1
# FGMRES final (true) residual:
# Iteration = 4: |res|/|res0| = 1.49382e-12.

Computing volumes of the grid elements.
Non-linear iter.: 243/500. Linear iter.: 4. Min. area: 0.000151846. Error: 1.49382e-12.
Computing volumes of the grid elements.
Min. volume: 0.000151846, max. volume: 36.5349.

# FGMRES residual history
# Residual tolerance target = 1e-10
# Initial residual norm     = 4.97478e-10
     0     1
# FGMRES final (true) residual:
# Iteration = 4: |res|/|res0| = 1.49382e-12.

Computing volumes of the grid elements.
Non-linear iter.: 244/500. Linear iter.: 4. Min. area: 0.000151846. Error: 1.49382e-12.
Computing volumes of the grid elements.
Min. volume: 0.000151846, max. volume: 36.5349.

# FGMRES residual history
# Residual tolerance target = 1e-10
# Initial residual norm     = 4.97477e-10
     0     1
# FGMRES final (true) residual:
# Iteration = 4: |res|/|res0| = 1.49381e-12.

Computing volumes of the grid elements.
Non-linear iter.: 245/500. Linear iter.: 4. Min. area: 0.000151846. Error: 1.49381e-12.
Computing volumes of the grid elements.
Min. volume: 0.000151846, max. volume: 36.5349.

# FGMRES residual history
# Residual tolerance target = 1e-10
# Initial residual norm     = 4.97477e-10
     0     1
# FGMRES final (true) residual:
# Iteration = 4: |res|/|res0| = 1.49381e-12.

Computing volumes of the grid elements.
Non-linear iter.: 246/500. Linear iter.: 4. Min. area: 0.000151846. Error: 1.49381e-12.
Computing volumes of the grid elements.
Min. volume: 0.000151846, max. volume: 36.5349.

# FGMRES residual history
# Residual tolerance target = 1e-10
# Initial residual norm     = 4.97476e-10
     0     1
# FGMRES final (true) residual:
# Iteration = 4: |res|/|res0| = 1.49381e-12.

Computing volumes of the grid elements.
Non-linear iter.: 247/500. Linear iter.: 4. Min. area: 0.000151846. Error: 1.49381e-12.
Computing volumes of the grid elements.
Min. volume: 0.000151846, max. volume: 36.5349.

# FGMRES residual history
# Residual tolerance target = 1e-10
# Initial residual norm     = 4.97475e-10
     0     1
# FGMRES final (true) residual:
# Iteration = 4: |res|/|res0| = 1.49381e-12.

Computing volumes of the grid elements.
Non-linear iter.: 248/500. Linear iter.: 4. Min. area: 0.000151846. Error: 1.49381e-12.
Computing volumes of the grid elements.
Min. volume: 0.000151846, max. volume: 36.5349.

# FGMRES residual history
# Residual tolerance target = 1e-10
# Initial residual norm     = 4.97475e-10
     0     1
# FGMRES final (true) residual:
# Iteration = 4: |res|/|res0| = 1.49381e-12.

Computing volumes of the grid elements.
Non-linear iter.: 249/500. Linear iter.: 4. Min. area: 0.000151846. Error: 1.49381e-12.
Computing volumes of the grid elements.
Min. volume: 0.000151846, max. volume: 36.5349.

# FGMRES residual history
# Residual tolerance target = 1e-10
# Initial residual norm     = 4.97474e-10
     0     1
# FGMRES final (true) residual:
# Iteration = 4: |res|/|res0| = 1.49381e-12.

Computing volumes of the grid elements.
Non-linear iter.: 250/500. Linear iter.: 4. Min. area: 0.000151846. Error: 1.49381e-12.
Computing volumes of the grid elements.
Min. volume: 0.000151846, max. volume: 36.5349.

# FGMRES residual history
# Residual tolerance target = 1e-10
# Initial residual norm     = 4.97474e-10
     0     1
# FGMRES final (true) residual:
# Iteration = 4: |res|/|res0| = 1.4938e-12.

Computing volumes of the grid elements.
Non-linear iter.: 251/500. Linear iter.: 4. Min. area: 0.000151846. Error: 1.4938e-12.
Computing volumes of the grid elements.
Min. volume: 0.000151846, max. volume: 36.5349.

# FGMRES residual history
# Residual tolerance target = 1e-10
# Initial residual norm     = 4.97473e-10
     0     1
# FGMRES final (true) residual:
# Iteration = 4: |res|/|res0| = 1.4938e-12.

Computing volumes of the grid elements.
Non-linear iter.: 252/500. Linear iter.: 4. Min. area: 0.000151846. Error: 1.4938e-12.
Computing volumes of the grid elements.
Min. volume: 0.000151846, max. volume: 36.5349.

# FGMRES residual history
# Residual tolerance target = 1e-10
# Initial residual norm     = 4.97472e-10
     0     1
# FGMRES final (true) residual:
# Iteration = 4: |res|/|res0| = 1.4938e-12.

Computing volumes of the grid elements.
Non-linear iter.: 253/500. Linear iter.: 4. Min. area: 0.000151846. Error: 1.4938e-12.
Computing volumes of the grid elements.
Min. volume: 0.000151846, max. volume: 36.5349.

# FGMRES residual history
# Residual tolerance target = 1e-10
# Initial residual norm     = 4.97472e-10
     0     1
# FGMRES final (true) residual:
# Iteration = 4: |res|/|res0| = 1.4938e-12.

Computing volumes of the grid elements.
Non-linear iter.: 254/500. Linear iter.: 4. Min. area: 0.000151846. Error: 1.4938e-12.
Computing volumes of the grid elements.
Min. volume: 0.000151846, max. volume: 36.5349.

# FGMRES residual history
# Residual tolerance target = 1e-10
# Initial residual norm     = 4.97471e-10
     0     1
# FGMRES final (true) residual:
# Iteration = 4: |res|/|res0| = 1.4938e-12.

Computing volumes of the grid elements.
Non-linear iter.: 255/500. Linear iter.: 4. Min. area: 0.000151846. Error: 1.4938e-12.
Computing volumes of the grid elements.
Min. volume: 0.000151846, max. volume: 36.5349.

# FGMRES residual history
# Residual tolerance target = 1e-10
# Initial residual norm     = 4.9747e-10
     0     1
# FGMRES final (true) residual:
# Iteration = 4: |res|/|res0| = 1.4938e-12.

Computing volumes of the grid elements.
Non-linear iter.: 256/500. Linear iter.: 4. Min. area: 0.000151846. Error: 1.4938e-12.
Computing volumes of the grid elements.
Min. volume: 0.000151846, max. volume: 36.5349.

# FGMRES residual history
# Residual tolerance target = 1e-10
# Initial residual norm     = 4.9747e-10
     0     1
# FGMRES final (true) residual:
# Iteration = 4: |res|/|res0| = 1.4938e-12.

Computing volumes of the grid elements.
Non-linear iter.: 257/500. Linear iter.: 4. Min. area: 0.000151846. Error: 1.4938e-12.
Computing volumes of the grid elements.
Min. volume: 0.000151846, max. volume: 36.5349.

# FGMRES residual history
# Residual tolerance target = 1e-10
# Initial residual norm     = 4.97469e-10
     0     1
# FGMRES final (true) residual:
# Iteration = 4: |res|/|res0| = 1.49379e-12.

Computing volumes of the grid elements.
Non-linear iter.: 258/500. Linear iter.: 4. Min. area: 0.000151846. Error: 1.49379e-12.
Computing volumes of the grid elements.
Min. volume: 0.000151846, max. volume: 36.5349.

# FGMRES residual history
# Residual tolerance target = 1e-10
# Initial residual norm     = 4.97468e-10
     0     1
# FGMRES final (true) residual:
# Iteration = 4: |res|/|res0| = 1.49379e-12.

Computing volumes of the grid elements.
Non-linear iter.: 259/500. Linear iter.: 4. Min. area: 0.000151846. Error: 1.49379e-12.
Computing volumes of the grid elements.
Min. volume: 0.000151846, max. volume: 36.5349.

# FGMRES residual history
# Residual tolerance target = 1e-10
# Initial residual norm     = 4.97468e-10
     0     1
# FGMRES final (true) residual:
# Iteration = 4: |res|/|res0| = 1.49379e-12.

Computing volumes of the grid elements.
Non-linear iter.: 260/500. Linear iter.: 4. Min. area: 0.000151846. Error: 1.49379e-12.
Computing volumes of the grid elements.
Min. volume: 0.000151846, max. volume: 36.5349.

# FGMRES residual history
# Residual tolerance target = 1e-10
# Initial residual norm     = 4.97467e-10
     0     1
# FGMRES final (true) residual:
# Iteration = 4: |res|/|res0| = 1.49379e-12.

Computing volumes of the grid elements.
Non-linear iter.: 261/500. Linear iter.: 4. Min. area: 0.000151846. Error: 1.49379e-12.
Computing volumes of the grid elements.
Min. volume: 0.000151846, max. volume: 36.5349.

# FGMRES residual history
# Residual tolerance target = 1e-10
# Initial residual norm     = 4.97466e-10
     0     1
# FGMRES final (true) residual:
# Iteration = 4: |res|/|res0| = 1.49379e-12.

Computing volumes of the grid elements.
Non-linear iter.: 262/500. Linear iter.: 4. Min. area: 0.000151846. Error: 1.49379e-12.
Computing volumes of the grid elements.
Min. volume: 0.000151846, max. volume: 36.5349.

# FGMRES residual history
# Residual tolerance target = 1e-10
# Initial residual norm     = 4.97466e-10
     0     1
# FGMRES final (true) residual:
# Iteration = 4: |res|/|res0| = 1.49379e-12.

Computing volumes of the grid elements.
Non-linear iter.: 263/500. Linear iter.: 4. Min. area: 0.000151846. Error: 1.49379e-12.
Computing volumes of the grid elements.
Min. volume: 0.000151846, max. volume: 36.5349.

# FGMRES residual history
# Residual tolerance target = 1e-10
# Initial residual norm     = 4.97465e-10
     0     1
# FGMRES final (true) residual:
# Iteration = 4: |res|/|res0| = 1.49378e-12.

Computing volumes of the grid elements.
Non-linear iter.: 264/500. Linear iter.: 4. Min. area: 0.000151846. Error: 1.49378e-12.
Computing volumes of the grid elements.
Min. volume: 0.000151846, max. volume: 36.5349.

# FGMRES residual history
# Residual tolerance target = 1e-10
# Initial residual norm     = 4.97464e-10
     0     1
# FGMRES final (true) residual:
# Iteration = 4: |res|/|res0| = 1.49378e-12.

Computing volumes of the grid elements.
Non-linear iter.: 265/500. Linear iter.: 4. Min. area: 0.000151846. Error: 1.49378e-12.
Computing volumes of the grid elements.
Min. volume: 0.000151846, max. volume: 36.5349.

# FGMRES residual history
# Residual tolerance target = 1e-10
# Initial residual norm     = 4.97464e-10
     0     1
# FGMRES final (true) residual:
# Iteration = 4: |res|/|res0| = 1.49378e-12.

Computing volumes of the grid elements.
Non-linear iter.: 266/500. Linear iter.: 4. Min. area: 0.000151846. Error: 1.49378e-12.
Computing volumes of the grid elements.
Min. volume: 0.000151846, max. volume: 36.5349.

# FGMRES residual history
# Residual tolerance target = 1e-10
# Initial residual norm     = 4.97463e-10
     0     1
# FGMRES final (true) residual:
# Iteration = 4: |res|/|res0| = 1.49378e-12.

Computing volumes of the grid elements.
Non-linear iter.: 267/500. Linear iter.: 4. Min. area: 0.000151846. Error: 1.49378e-12.
Computing volumes of the grid elements.
Min. volume: 0.000151846, max. volume: 36.5349.

# FGMRES residual history
# Residual tolerance target = 1e-10
# Initial residual norm     = 4.97462e-10
     0     1
# FGMRES final (true) residual:
# Iteration = 4: |res|/|res0| = 1.49378e-12.

Computing volumes of the grid elements.
Non-linear iter.: 268/500. Linear iter.: 4. Min. area: 0.000151846. Error: 1.49378e-12.
Computing volumes of the grid elements.
Min. volume: 0.000151846, max. volume: 36.5349.

# FGMRES residual history
# Residual tolerance target = 1e-10
# Initial residual norm     = 4.97462e-10
     0     1
# FGMRES final (true) residual:
# Iteration = 4: |res|/|res0| = 1.49378e-12.

Computing volumes of the grid elements.
Non-linear iter.: 269/500. Linear iter.: 4. Min. area: 0.000151846. Error: 1.49378e-12.
Computing volumes of the grid elements.
Min. volume: 0.000151846, max. volume: 36.5349.

# FGMRES residual history
# Residual tolerance target = 1e-10
# Initial residual norm     = 4.97461e-10
     0     1
# FGMRES final (true) residual:
# Iteration = 4: |res|/|res0| = 1.49378e-12.

Computing volumes of the grid elements.
Non-linear iter.: 270/500. Linear iter.: 4. Min. area: 0.000151846. Error: 1.49378e-12.
Computing volumes of the grid elements.
Min. volume: 0.000151846, max. volume: 36.5349.

# FGMRES residual history
# Residual tolerance target = 1e-10
# Initial residual norm     = 4.9746e-10
     0     1
# FGMRES final (true) residual:
# Iteration = 4: |res|/|res0| = 1.49377e-12.

Computing volumes of the grid elements.
Non-linear iter.: 271/500. Linear iter.: 4. Min. area: 0.000151846. Error: 1.49377e-12.
Computing volumes of the grid elements.
Min. volume: 0.000151846, max. volume: 36.5349.

# FGMRES residual history
# Residual tolerance target = 1e-10
# Initial residual norm     = 4.9746e-10
     0     1
# FGMRES final (true) residual:
# Iteration = 4: |res|/|res0| = 1.49377e-12.

Computing volumes of the grid elements.
Non-linear iter.: 272/500. Linear iter.: 4. Min. area: 0.000151846. Error: 1.49377e-12.
Computing volumes of the grid elements.
Min. volume: 0.000151846, max. volume: 36.5349.

# FGMRES residual history
# Residual tolerance target = 1e-10
# Initial residual norm     = 4.97459e-10
     0     1
# FGMRES final (true) residual:
# Iteration = 4: |res|/|res0| = 1.49377e-12.

Computing volumes of the grid elements.
Non-linear iter.: 273/500. Linear iter.: 4. Min. area: 0.000151846. Error: 1.49377e-12.
Computing volumes of the grid elements.
Min. volume: 0.000151846, max. volume: 36.5349.

# FGMRES residual history
# Residual tolerance target = 1e-10
# Initial residual norm     = 4.97458e-10
     0     1
# FGMRES final (true) residual:
# Iteration = 4: |res|/|res0| = 1.49377e-12.

Computing volumes of the grid elements.
Non-linear iter.: 274/500. Linear iter.: 4. Min. area: 0.000151846. Error: 1.49377e-12.
Computing volumes of the grid elements.
Min. volume: 0.000151846, max. volume: 36.5349.

# FGMRES residual history
# Residual tolerance target = 1e-10
# Initial residual norm     = 4.97458e-10
     0     1
# FGMRES final (true) residual:
# Iteration = 4: |res|/|res0| = 1.49377e-12.

Computing volumes of the grid elements.
Non-linear iter.: 275/500. Linear iter.: 4. Min. area: 0.000151846. Error: 1.49377e-12.
Computing volumes of the grid elements.
Min. volume: 0.000151846, max. volume: 36.5349.

# FGMRES residual history
# Residual tolerance target = 1e-10
# Initial residual norm     = 4.97457e-10
     0     1
# FGMRES final (true) residual:
# Iteration = 4: |res|/|res0| = 1.49377e-12.

Computing volumes of the grid elements.
Non-linear iter.: 276/500. Linear iter.: 4. Min. area: 0.000151846. Error: 1.49377e-12.
Computing volumes of the grid elements.
Min. volume: 0.000151846, max. volume: 36.5349.

# FGMRES residual history
# Residual tolerance target = 1e-10
# Initial residual norm     = 4.97456e-10
     0     1
# FGMRES final (true) residual:
# Iteration = 4: |res|/|res0| = 1.49377e-12.

Computing volumes of the grid elements.
Non-linear iter.: 277/500. Linear iter.: 4. Min. area: 0.000151846. Error: 1.49377e-12.
Computing volumes of the grid elements.
Min. volume: 0.000151846, max. volume: 36.5349.

# FGMRES residual history
# Residual tolerance target = 1e-10
# Initial residual norm     = 4.97456e-10
     0     1
# FGMRES final (true) residual:
# Iteration = 4: |res|/|res0| = 1.49376e-12.

Computing volumes of the grid elements.
Non-linear iter.: 278/500. Linear iter.: 4. Min. area: 0.000151846. Error: 1.49376e-12.
Computing volumes of the grid elements.
Min. volume: 0.000151846, max. volume: 36.5349.

# FGMRES residual history
# Residual tolerance target = 1e-10
# Initial residual norm     = 4.97455e-10
     0     1
# FGMRES final (true) residual:
# Iteration = 4: |res|/|res0| = 1.49376e-12.

Computing volumes of the grid elements.
Non-linear iter.: 279/500. Linear iter.: 4. Min. area: 0.000151846. Error: 1.49376e-12.
Computing volumes of the grid elements.
Min. volume: 0.000151846, max. volume: 36.5349.

# FGMRES residual history
# Residual tolerance target = 1e-10
# Initial residual norm     = 4.97454e-10
     0     1
# FGMRES final (true) residual:
# Iteration = 4: |res|/|res0| = 1.49376e-12.

Computing volumes of the grid elements.
Non-linear iter.: 280/500. Linear iter.: 4. Min. area: 0.000151846. Error: 1.49376e-12.
Computing volumes of the grid elements.
Min. volume: 0.000151846, max. volume: 36.5349.

# FGMRES residual history
# Residual tolerance target = 1e-10
# Initial residual norm     = 4.97454e-10
     0     1
# FGMRES final (true) residual:
# Iteration = 4: |res|/|res0| = 1.49376e-12.

Computing volumes of the grid elements.
Non-linear iter.: 281/500. Linear iter.: 4. Min. area: 0.000151846. Error: 1.49376e-12.
Computing volumes of the grid elements.
Min. volume: 0.000151846, max. volume: 36.5349.

# FGMRES residual history
# Residual tolerance target = 1e-10
# Initial residual norm     = 4.97453e-10
     0     1
# FGMRES final (true) residual:
# Iteration = 4: |res|/|res0| = 1.49376e-12.

Computing volumes of the grid elements.
Non-linear iter.: 282/500. Linear iter.: 4. Min. area: 0.000151846. Error: 1.49376e-12.
Computing volumes of the grid elements.
Min. volume: 0.000151846, max. volume: 36.5349.

# FGMRES residual history
# Residual tolerance target = 1e-10
# Initial residual norm     = 4.97453e-10
     0     1
# FGMRES final (true) residual:
# Iteration = 4: |res|/|res0| = 1.49376e-12.

Computing volumes of the grid elements.
Non-linear iter.: 283/500. Linear iter.: 4. Min. area: 0.000151846. Error: 1.49376e-12.
Computing volumes of the grid elements.
Min. volume: 0.000151846, max. volume: 36.5349.

# FGMRES residual history
# Residual tolerance target = 1e-10
# Initial residual norm     = 4.97452e-10
     0     1
# FGMRES final (true) residual:
# Iteration = 4: |res|/|res0| = 1.49375e-12.

Computing volumes of the grid elements.
Non-linear iter.: 284/500. Linear iter.: 4. Min. area: 0.000151846. Error: 1.49375e-12.
Computing volumes of the grid elements.
Min. volume: 0.000151846, max. volume: 36.5349.

# FGMRES residual history
# Residual tolerance target = 1e-10
# Initial residual norm     = 4.97451e-10
     0     1
# FGMRES final (true) residual:
# Iteration = 4: |res|/|res0| = 1.49375e-12.

Computing volumes of the grid elements.
Non-linear iter.: 285/500. Linear iter.: 4. Min. area: 0.000151846. Error: 1.49375e-12.
Computing volumes of the grid elements.
Min. volume: 0.000151846, max. volume: 36.5349.

# FGMRES residual history
# Residual tolerance target = 1e-10
# Initial residual norm     = 4.97451e-10
     0     1
# FGMRES final (true) residual:
# Iteration = 4: |res|/|res0| = 1.49375e-12.

Computing volumes of the grid elements.
Non-linear iter.: 286/500. Linear iter.: 4. Min. area: 0.000151846. Error: 1.49375e-12.
Computing volumes of the grid elements.
Min. volume: 0.000151846, max. volume: 36.5349.

# FGMRES residual history
# Residual tolerance target = 1e-10
# Initial residual norm     = 4.9745e-10
     0     1
# FGMRES final (true) residual:
# Iteration = 4: |res|/|res0| = 1.49375e-12.

Computing volumes of the grid elements.
Non-linear iter.: 287/500. Linear iter.: 4. Min. area: 0.000151846. Error: 1.49375e-12.
Computing volumes of the grid elements.
Min. volume: 0.000151846, max. volume: 36.5349.

# FGMRES residual history
# Residual tolerance target = 1e-10
# Initial residual norm     = 4.97449e-10
     0     1
# FGMRES final (true) residual:
# Iteration = 4: |res|/|res0| = 1.49375e-12.

Computing volumes of the grid elements.
Non-linear iter.: 288/500. Linear iter.: 4. Min. area: 0.000151846. Error: 1.49375e-12.
Computing volumes of the grid elements.
Min. volume: 0.000151846, max. volume: 36.5349.

# FGMRES residual history
# Residual tolerance target = 1e-10
# Initial residual norm     = 4.97449e-10
     0     1
# FGMRES final (true) residual:
# Iteration = 4: |res|/|res0| = 1.49375e-12.

Computing volumes of the grid elements.
Non-linear iter.: 289/500. Linear iter.: 4. Min. area: 0.000151846. Error: 1.49375e-12.
Computing volumes of the grid elements.
Min. volume: 0.000151846, max. volume: 36.5349.

# FGMRES residual history
# Residual tolerance target = 1e-10
# Initial residual norm     = 4.97448e-10
     0     1
# FGMRES final (true) residual:
# Iteration = 4: |res|/|res0| = 1.49375e-12.

Computing volumes of the grid elements.
Non-linear iter.: 290/500. Linear iter.: 4. Min. area: 0.000151846. Error: 1.49375e-12.
Computing volumes of the grid elements.
Min. volume: 0.000151846, max. volume: 36.5349.

# FGMRES residual history
# Residual tolerance target = 1e-10
# Initial residual norm     = 4.97447e-10
     0     1
# FGMRES final (true) residual:
# Iteration = 4: |res|/|res0| = 1.49374e-12.

Computing volumes of the grid elements.
Non-linear iter.: 291/500. Linear iter.: 4. Min. area: 0.000151846. Error: 1.49374e-12.
Computing volumes of the grid elements.
Min. volume: 0.000151846, max. volume: 36.5349.

# FGMRES residual history
# Residual tolerance target = 1e-10
# Initial residual norm     = 4.97447e-10
     0     1
# FGMRES final (true) residual:
# Iteration = 4: |res|/|res0| = 1.49374e-12.

Computing volumes of the grid elements.
Non-linear iter.: 292/500. Linear iter.: 4. Min. area: 0.000151846. Error: 1.49374e-12.
Computing volumes of the grid elements.
Min. volume: 0.000151846, max. volume: 36.5349.

# FGMRES residual history
# Residual tolerance target = 1e-10
# Initial residual norm     = 4.97446e-10
     0     1
# FGMRES final (true) residual:
# Iteration = 4: |res|/|res0| = 1.49374e-12.

Computing volumes of the grid elements.
Non-linear iter.: 293/500. Linear iter.: 4. Min. area: 0.000151846. Error: 1.49374e-12.
Computing volumes of the grid elements.
Min. volume: 0.000151846, max. volume: 36.5349.

# FGMRES residual history
# Residual tolerance target = 1e-10
# Initial residual norm     = 4.97445e-10
     0     1
# FGMRES final (true) residual:
# Iteration = 4: |res|/|res0| = 1.49374e-12.

Computing volumes of the grid elements.
Non-linear iter.: 294/500. Linear iter.: 4. Min. area: 0.000151846. Error: 1.49374e-12.
Computing volumes of the grid elements.
Min. volume: 0.000151846, max. volume: 36.5349.

# FGMRES residual history
# Residual tolerance target = 1e-10
# Initial residual norm     = 4.97445e-10
     0     1
# FGMRES final (true) residual:
# Iteration = 4: |res|/|res0| = 1.49374e-12.

Computing volumes of the grid elements.
Non-linear iter.: 295/500. Linear iter.: 4. Min. area: 0.000151846. Error: 1.49374e-12.
Computing volumes of the grid elements.
Min. volume: 0.000151846, max. volume: 36.5349.

# FGMRES residual history
# Residual tolerance target = 1e-10
# Initial residual norm     = 4.97444e-10
     0     1
# FGMRES final (true) residual:
# Iteration = 4: |res|/|res0| = 1.49374e-12.

Computing volumes of the grid elements.
Non-linear iter.: 296/500. Linear iter.: 4. Min. area: 0.000151846. Error: 1.49374e-12.
Computing volumes of the grid elements.
Min. volume: 0.000151846, max. volume: 36.5349.

# FGMRES residual history
# Residual tolerance target = 1e-10
# Initial residual norm     = 4.97443e-10
     0     1
# FGMRES final (true) residual:
# Iteration = 4: |res|/|res0| = 1.49374e-12.

Computing volumes of the grid elements.
Non-linear iter.: 297/500. Linear iter.: 4. Min. area: 0.000151846. Error: 1.49374e-12.
Computing volumes of the grid elements.
Min. volume: 0.000151846, max. volume: 36.5349.

# FGMRES residual history
# Residual tolerance target = 1e-10
# Initial residual norm     = 4.97443e-10
     0     1
# FGMRES final (true) residual:
# Iteration = 4: |res|/|res0| = 1.49373e-12.

Computing volumes of the grid elements.
Non-linear iter.: 298/500. Linear iter.: 4. Min. area: 0.000151846. Error: 1.49373e-12.
Computing volumes of the grid elements.
Min. volume: 0.000151846, max. volume: 36.5349.

# FGMRES residual history
# Residual tolerance target = 1e-10
# Initial residual norm     = 4.97442e-10
     0     1
# FGMRES final (true) residual:
# Iteration = 4: |res|/|res0| = 1.49373e-12.

Computing volumes of the grid elements.
Non-linear iter.: 299/500. Linear iter.: 4. Min. area: 0.000151846. Error: 1.49373e-12.
Computing volumes of the grid elements.
Min. volume: 0.000151846, max. volume: 36.5349.

# FGMRES residual history
# Residual tolerance target = 1e-10
# Initial residual norm     = 4.97441e-10
     0     1
# FGMRES final (true) residual:
# Iteration = 4: |res|/|res0| = 1.49373e-12.

Computing volumes of the grid elements.
Non-linear iter.: 300/500. Linear iter.: 4. Min. area: 0.000151846. Error: 1.49373e-12.
Computing volumes of the grid elements.
Min. volume: 0.000151846, max. volume: 36.5349.

# FGMRES residual history
# Residual tolerance target = 1e-10
# Initial residual norm     = 4.97441e-10
     0     1
# FGMRES final (true) residual:
# Iteration = 4: |res|/|res0| = 1.49373e-12.

Computing volumes of the grid elements.
Non-linear iter.: 301/500. Linear iter.: 4. Min. area: 0.000151846. Error: 1.49373e-12.
Computing volumes of the grid elements.
Min. volume: 0.000151846, max. volume: 36.5349.

# FGMRES residual history
# Residual tolerance target = 1e-10
# Initial residual norm     = 4.9744e-10
     0     1
# FGMRES final (true) residual:
# Iteration = 4: |res|/|res0| = 1.49373e-12.

Computing volumes of the grid elements.
Non-linear iter.: 302/500. Linear iter.: 4. Min. area: 0.000151846. Error: 1.49373e-12.
Computing volumes of the grid elements.
Min. volume: 0.000151846, max. volume: 36.5349.

# FGMRES residual history
# Residual tolerance target = 1e-10
# Initial residual norm     = 4.97439e-10
     0     1
# FGMRES final (true) residual:
# Iteration = 4: |res|/|res0| = 1.49373e-12.

Computing volumes of the grid elements.
Non-linear iter.: 303/500. Linear iter.: 4. Min. area: 0.000151846. Error: 1.49373e-12.
Computing volumes of the grid elements.
Min. volume: 0.000151846, max. volume: 36.5349.

# FGMRES residual history
# Residual tolerance target = 1e-10
# Initial residual norm     = 4.97439e-10
     0     1
# FGMRES final (true) residual:
# Iteration = 4: |res|/|res0| = 1.49372e-12.

Computing volumes of the grid elements.
Non-linear iter.: 304/500. Linear iter.: 4. Min. area: 0.000151846. Error: 1.49372e-12.
Computing volumes of the grid elements.
Min. volume: 0.000151846, max. volume: 36.5349.

# FGMRES residual history
# Residual tolerance target = 1e-10
# Initial residual norm     = 4.97438e-10
     0     1
# FGMRES final (true) residual:
# Iteration = 4: |res|/|res0| = 1.49372e-12.

Computing volumes of the grid elements.
Non-linear iter.: 305/500. Linear iter.: 4. Min. area: 0.000151846. Error: 1.49372e-12.
Computing volumes of the grid elements.
Min. volume: 0.000151846, max. volume: 36.5349.

# FGMRES residual history
# Residual tolerance target = 1e-10
# Initial residual norm     = 4.97437e-10
     0     1
# FGMRES final (true) residual:
# Iteration = 4: |res|/|res0| = 1.49372e-12.

Computing volumes of the grid elements.
Non-linear iter.: 306/500. Linear iter.: 4. Min. area: 0.000151846. Error: 1.49372e-12.
Computing volumes of the grid elements.
Min. volume: 0.000151846, max. volume: 36.5349.

# FGMRES residual history
# Residual tolerance target = 1e-10
# Initial residual norm     = 4.97437e-10
     0     1
# FGMRES final (true) residual:
# Iteration = 4: |res|/|res0| = 1.49372e-12.

Computing volumes of the grid elements.
Non-linear iter.: 307/500. Linear iter.: 4. Min. area: 0.000151846. Error: 1.49372e-12.
Computing volumes of the grid elements.
Min. volume: 0.000151846, max. volume: 36.5349.

# FGMRES residual history
# Residual tolerance target = 1e-10
# Initial residual norm     = 4.97436e-10
     0     1
# FGMRES final (true) residual:
# Iteration = 4: |res|/|res0| = 1.49372e-12.

Computing volumes of the grid elements.
Non-linear iter.: 308/500. Linear iter.: 4. Min. area: 0.000151846. Error: 1.49372e-12.
Computing volumes of the grid elements.
Min. volume: 0.000151846, max. volume: 36.5349.

# FGMRES residual history
# Residual tolerance target = 1e-10
# Initial residual norm     = 4.97435e-10
     0     1
# FGMRES final (true) residual:
# Iteration = 4: |res|/|res0| = 1.49372e-12.

Computing volumes of the grid elements.
Non-linear iter.: 309/500. Linear iter.: 4. Min. area: 0.000151846. Error: 1.49372e-12.
Computing volumes of the grid elements.
Min. volume: 0.000151846, max. volume: 36.5349.

# FGMRES residual history
# Residual tolerance target = 1e-10
# Initial residual norm     = 4.97435e-10
     0     1
# FGMRES final (true) residual:
# Iteration = 4: |res|/|res0| = 1.49372e-12.

Computing volumes of the grid elements.
Non-linear iter.: 310/500. Linear iter.: 4. Min. area: 0.000151846. Error: 1.49372e-12.
Computing volumes of the grid elements.
Min. volume: 0.000151846, max. volume: 36.5349.

# FGMRES residual history
# Residual tolerance target = 1e-10
# Initial residual norm     = 4.97434e-10
     0     1
# FGMRES final (true) residual:
# Iteration = 4: |res|/|res0| = 1.49371e-12.

Computing volumes of the grid elements.
Non-linear iter.: 311/500. Linear iter.: 4. Min. area: 0.000151846. Error: 1.49371e-12.
Computing volumes of the grid elements.
Min. volume: 0.000151846, max. volume: 36.5349.

# FGMRES residual history
# Residual tolerance target = 1e-10
# Initial residual norm     = 4.97433e-10
     0     1
# FGMRES final (true) residual:
# Iteration = 4: |res|/|res0| = 1.49371e-12.

Computing volumes of the grid elements.
Non-linear iter.: 312/500. Linear iter.: 4. Min. area: 0.000151846. Error: 1.49371e-12.
Computing volumes of the grid elements.
Min. volume: 0.000151846, max. volume: 36.5349.

# FGMRES residual history
# Residual tolerance target = 1e-10
# Initial residual norm     = 4.97433e-10
     0     1
# FGMRES final (true) residual:
# Iteration = 4: |res|/|res0| = 1.49371e-12.

Computing volumes of the grid elements.
Non-linear iter.: 313/500. Linear iter.: 4. Min. area: 0.000151846. Error: 1.49371e-12.
Computing volumes of the grid elements.
Min. volume: 0.000151846, max. volume: 36.5349.

# FGMRES residual history
# Residual tolerance target = 1e-10
# Initial residual norm     = 4.97432e-10
     0     1
# FGMRES final (true) residual:
# Iteration = 4: |res|/|res0| = 1.49371e-12.

Computing volumes of the grid elements.
Non-linear iter.: 314/500. Linear iter.: 4. Min. area: 0.000151846. Error: 1.49371e-12.
Computing volumes of the grid elements.
Min. volume: 0.000151846, max. volume: 36.5349.

# FGMRES residual history
# Residual tolerance target = 1e-10
# Initial residual norm     = 4.97432e-10
     0     1
# FGMRES final (true) residual:
# Iteration = 4: |res|/|res0| = 1.49371e-12.

Computing volumes of the grid elements.
Non-linear iter.: 315/500. Linear iter.: 4. Min. area: 0.000151846. Error: 1.49371e-12.
Computing volumes of the grid elements.
Min. volume: 0.000151846, max. volume: 36.5349.

# FGMRES residual history
# Residual tolerance target = 1e-10
# Initial residual norm     = 4.97431e-10
     0     1
# FGMRES final (true) residual:
# Iteration = 4: |res|/|res0| = 1.49371e-12.

Computing volumes of the grid elements.
Non-linear iter.: 316/500. Linear iter.: 4. Min. area: 0.000151846. Error: 1.49371e-12.
Computing volumes of the grid elements.
Min. volume: 0.000151846, max. volume: 36.5349.

# FGMRES residual history
# Residual tolerance target = 1e-10
# Initial residual norm     = 4.9743e-10
     0     1
# FGMRES final (true) residual:
# Iteration = 4: |res|/|res0| = 1.49371e-12.

Computing volumes of the grid elements.
Non-linear iter.: 317/500. Linear iter.: 4. Min. area: 0.000151846. Error: 1.49371e-12.
Computing volumes of the grid elements.
Min. volume: 0.000151846, max. volume: 36.5349.

# FGMRES residual history
# Residual tolerance target = 1e-10
# Initial residual norm     = 4.9743e-10
     0     1
# FGMRES final (true) residual:
# Iteration = 4: |res|/|res0| = 1.4937e-12.

Computing volumes of the grid elements.
Non-linear iter.: 318/500. Linear iter.: 4. Min. area: 0.000151846. Error: 1.4937e-12.
Computing volumes of the grid elements.
Min. volume: 0.000151846, max. volume: 36.5349.

# FGMRES residual history
# Residual tolerance target = 1e-10
# Initial residual norm     = 4.97429e-10
     0     1
# FGMRES final (true) residual:
# Iteration = 4: |res|/|res0| = 1.4937e-12.

Computing volumes of the grid elements.
Non-linear iter.: 319/500. Linear iter.: 4. Min. area: 0.000151846. Error: 1.4937e-12.
Computing volumes of the grid elements.
Min. volume: 0.000151846, max. volume: 36.5349.

# FGMRES residual history
# Residual tolerance target = 1e-10
# Initial residual norm     = 4.97428e-10
     0     1
# FGMRES final (true) residual:
# Iteration = 4: |res|/|res0| = 1.4937e-12.

Computing volumes of the grid elements.
Non-linear iter.: 320/500. Linear iter.: 4. Min. area: 0.000151846. Error: 1.4937e-12.
Computing volumes of the grid elements.
Min. volume: 0.000151846, max. volume: 36.5349.

# FGMRES residual history
# Residual tolerance target = 1e-10
# Initial residual norm     = 4.97428e-10
     0     1
# FGMRES final (true) residual:
# Iteration = 4: |res|/|res0| = 1.4937e-12.

Computing volumes of the grid elements.
Non-linear iter.: 321/500. Linear iter.: 4. Min. area: 0.000151846. Error: 1.4937e-12.
Computing volumes of the grid elements.
Min. volume: 0.000151846, max. volume: 36.5349.

# FGMRES residual history
# Residual tolerance target = 1e-10
# Initial residual norm     = 4.97427e-10
     0     1
# FGMRES final (true) residual:
# Iteration = 4: |res|/|res0| = 1.4937e-12.

Computing volumes of the grid elements.
Non-linear iter.: 322/500. Linear iter.: 4. Min. area: 0.000151846. Error: 1.4937e-12.
Computing volumes of the grid elements.
Min. volume: 0.000151846, max. volume: 36.5349.

# FGMRES residual history
# Residual tolerance target = 1e-10
# Initial residual norm     = 4.97426e-10
     0     1
# FGMRES final (true) residual:
# Iteration = 4: |res|/|res0| = 1.4937e-12.

Computing volumes of the grid elements.
Non-linear iter.: 323/500. Linear iter.: 4. Min. area: 0.000151846. Error: 1.4937e-12.
Computing volumes of the grid elements.
Min. volume: 0.000151846, max. volume: 36.5349.

# FGMRES residual history
# Residual tolerance target = 1e-10
# Initial residual norm     = 4.97426e-10
     0     1
# FGMRES final (true) residual:
# Iteration = 4: |res|/|res0| = 1.49369e-12.

Computing volumes of the grid elements.
Non-linear iter.: 324/500. Linear iter.: 4. Min. area: 0.000151846. Error: 1.49369e-12.
Computing volumes of the grid elements.
Min. volume: 0.000151846, max. volume: 36.5349.

# FGMRES residual history
# Residual tolerance target = 1e-10
# Initial residual norm     = 4.97425e-10
     0     1
# FGMRES final (true) residual:
# Iteration = 4: |res|/|res0| = 1.49369e-12.

Computing volumes of the grid elements.
Non-linear iter.: 325/500. Linear iter.: 4. Min. area: 0.000151846. Error: 1.49369e-12.
Computing volumes of the grid elements.
Min. volume: 0.000151846, max. volume: 36.5349.

# FGMRES residual history
# Residual tolerance target = 1e-10
# Initial residual norm     = 4.97424e-10
     0     1
# FGMRES final (true) residual:
# Iteration = 4: |res|/|res0| = 1.49369e-12.

Computing volumes of the grid elements.
Non-linear iter.: 326/500. Linear iter.: 4. Min. area: 0.000151846. Error: 1.49369e-12.
Computing volumes of the grid elements.
Min. volume: 0.000151846, max. volume: 36.5349.

# FGMRES residual history
# Residual tolerance target = 1e-10
# Initial residual norm     = 4.97424e-10
     0     1
# FGMRES final (true) residual:
# Iteration = 4: |res|/|res0| = 1.49369e-12.

Computing volumes of the grid elements.
Non-linear iter.: 327/500. Linear iter.: 4. Min. area: 0.000151846. Error: 1.49369e-12.
Computing volumes of the grid elements.
Min. volume: 0.000151846, max. volume: 36.5349.

# FGMRES residual history
# Residual tolerance target = 1e-10
# Initial residual norm     = 4.97423e-10
     0     1
# FGMRES final (true) residual:
# Iteration = 4: |res|/|res0| = 1.49369e-12.

Computing volumes of the grid elements.
Non-linear iter.: 328/500. Linear iter.: 4. Min. area: 0.000151846. Error: 1.49369e-12.
Computing volumes of the grid elements.
Min. volume: 0.000151846, max. volume: 36.5349.

# FGMRES residual history
# Residual tolerance target = 1e-10
# Initial residual norm     = 4.97422e-10
     0     1
# FGMRES final (true) residual:
# Iteration = 4: |res|/|res0| = 1.49369e-12.

Computing volumes of the grid elements.
Non-linear iter.: 329/500. Linear iter.: 4. Min. area: 0.000151846. Error: 1.49369e-12.
Computing volumes of the grid elements.
Min. volume: 0.000151846, max. volume: 36.5349.

# FGMRES residual history
# Residual tolerance target = 1e-10
# Initial residual norm     = 4.97422e-10
     0     1
# FGMRES final (true) residual:
# Iteration = 4: |res|/|res0| = 1.49369e-12.

Computing volumes of the grid elements.
Non-linear iter.: 330/500. Linear iter.: 4. Min. area: 0.000151846. Error: 1.49369e-12.
Computing volumes of the grid elements.
Min. volume: 0.000151846, max. volume: 36.5349.

# FGMRES residual history
# Residual tolerance target = 1e-10
# Initial residual norm     = 4.97421e-10
     0     1
# FGMRES final (true) residual:
# Iteration = 4: |res|/|res0| = 1.49368e-12.

Computing volumes of the grid elements.
Non-linear iter.: 331/500. Linear iter.: 4. Min. area: 0.000151846. Error: 1.49368e-12.
Computing volumes of the grid elements.
Min. volume: 0.000151846, max. volume: 36.5349.

# FGMRES residual history
# Residual tolerance target = 1e-10
# Initial residual norm     = 4.9742e-10
     0     1
# FGMRES final (true) residual:
# Iteration = 4: |res|/|res0| = 1.49368e-12.

Computing volumes of the grid elements.
Non-linear iter.: 332/500. Linear iter.: 4. Min. area: 0.000151846. Error: 1.49368e-12.
Computing volumes of the grid elements.
Min. volume: 0.000151846, max. volume: 36.5349.

# FGMRES residual history
# Residual tolerance target = 1e-10
# Initial residual norm     = 4.9742e-10
     0     1
# FGMRES final (true) residual:
# Iteration = 4: |res|/|res0| = 1.49368e-12.

Computing volumes of the grid elements.
Non-linear iter.: 333/500. Linear iter.: 4. Min. area: 0.000151846. Error: 1.49368e-12.
Computing volumes of the grid elements.
Min. volume: 0.000151846, max. volume: 36.5349.

# FGMRES residual history
# Residual tolerance target = 1e-10
# Initial residual norm     = 4.97419e-10
     0     1
# FGMRES final (true) residual:
# Iteration = 4: |res|/|res0| = 1.49368e-12.

Computing volumes of the grid elements.
Non-linear iter.: 334/500. Linear iter.: 4. Min. area: 0.000151846. Error: 1.49368e-12.
Computing volumes of the grid elements.
Min. volume: 0.000151846, max. volume: 36.5349.

# FGMRES residual history
# Residual tolerance target = 1e-10
# Initial residual norm     = 4.97418e-10
     0     1
# FGMRES final (true) residual:
# Iteration = 4: |res|/|res0| = 1.49368e-12.

Computing volumes of the grid elements.
Non-linear iter.: 335/500. Linear iter.: 4. Min. area: 0.000151846. Error: 1.49368e-12.
Computing volumes of the grid elements.
Min. volume: 0.000151846, max. volume: 36.5349.

# FGMRES residual history
# Residual tolerance target = 1e-10
# Initial residual norm     = 4.97418e-10
     0     1
# FGMRES final (true) residual:
# Iteration = 4: |res|/|res0| = 1.49368e-12.

Computing volumes of the grid elements.
Non-linear iter.: 336/500. Linear iter.: 4. Min. area: 0.000151846. Error: 1.49368e-12.
Computing volumes of the grid elements.
Min. volume: 0.000151846, max. volume: 36.5349.

# FGMRES residual history
# Residual tolerance target = 1e-10
# Initial residual norm     = 4.97417e-10
     0     1
# FGMRES final (true) residual:
# Iteration = 4: |res|/|res0| = 1.49368e-12.

Computing volumes of the grid elements.
Non-linear iter.: 337/500. Linear iter.: 4. Min. area: 0.000151846. Error: 1.49368e-12.
Computing volumes of the grid elements.
Min. volume: 0.000151846, max. volume: 36.5349.

# FGMRES residual history
# Residual tolerance target = 1e-10
# Initial residual norm     = 4.97416e-10
     0     1
# FGMRES final (true) residual:
# Iteration = 4: |res|/|res0| = 1.49367e-12.

Computing volumes of the grid elements.
Non-linear iter.: 338/500. Linear iter.: 4. Min. area: 0.000151846. Error: 1.49367e-12.
Computing volumes of the grid elements.
Min. volume: 0.000151846, max. volume: 36.5349.

# FGMRES residual history
# Residual tolerance target = 1e-10
# Initial residual norm     = 4.97416e-10
     0     1
# FGMRES final (true) residual:
# Iteration = 4: |res|/|res0| = 1.49367e-12.

Computing volumes of the grid elements.
Non-linear iter.: 339/500. Linear iter.: 4. Min. area: 0.000151846. Error: 1.49367e-12.
Computing volumes of the grid elements.
Min. volume: 0.000151846, max. volume: 36.5349.

# FGMRES residual history
# Residual tolerance target = 1e-10
# Initial residual norm     = 4.97415e-10
     0     1
# FGMRES final (true) residual:
# Iteration = 4: |res|/|res0| = 1.49367e-12.

Computing volumes of the grid elements.
Non-linear iter.: 340/500. Linear iter.: 4. Min. area: 0.000151846. Error: 1.49367e-12.
Computing volumes of the grid elements.
Min. volume: 0.000151846, max. volume: 36.5349.

# FGMRES residual history
# Residual tolerance target = 1e-10
# Initial residual norm     = 4.97414e-10
     0     1
# FGMRES final (true) residual:
# Iteration = 4: |res|/|res0| = 1.49367e-12.

Computing volumes of the grid elements.
Non-linear iter.: 341/500. Linear iter.: 4. Min. area: 0.000151846. Error: 1.49367e-12.
Computing volumes of the grid elements.
Min. volume: 0.000151846, max. volume: 36.5349.

# FGMRES residual history
# Residual tolerance target = 1e-10
# Initial residual norm     = 4.97414e-10
     0     1
# FGMRES final (true) residual:
# Iteration = 4: |res|/|res0| = 1.49367e-12.

Computing volumes of the grid elements.
Non-linear iter.: 342/500. Linear iter.: 4. Min. area: 0.000151846. Error: 1.49367e-12.
Computing volumes of the grid elements.
Min. volume: 0.000151846, max. volume: 36.5349.

# FGMRES residual history
# Residual tolerance target = 1e-10
# Initial residual norm     = 4.97413e-10
     0     1
# FGMRES final (true) residual:
# Iteration = 4: |res|/|res0| = 1.49367e-12.

Computing volumes of the grid elements.
Non-linear iter.: 343/500. Linear iter.: 4. Min. area: 0.000151846. Error: 1.49367e-12.
Computing volumes of the grid elements.
Min. volume: 0.000151846, max. volume: 36.5349.

# FGMRES residual history
# Residual tolerance target = 1e-10
# Initial residual norm     = 4.97412e-10
     0     1
# FGMRES final (true) residual:
# Iteration = 4: |res|/|res0| = 1.49366e-12.

Computing volumes of the grid elements.
Non-linear iter.: 344/500. Linear iter.: 4. Min. area: 0.000151846. Error: 1.49366e-12.
Computing volumes of the grid elements.
Min. volume: 0.000151846, max. volume: 36.5349.

# FGMRES residual history
# Residual tolerance target = 1e-10
# Initial residual norm     = 4.97412e-10
     0     1
# FGMRES final (true) residual:
# Iteration = 4: |res|/|res0| = 1.49366e-12.

Computing volumes of the grid elements.
Non-linear iter.: 345/500. Linear iter.: 4. Min. area: 0.000151846. Error: 1.49366e-12.
Computing volumes of the grid elements.
Min. volume: 0.000151846, max. volume: 36.5349.

# FGMRES residual history
# Residual tolerance target = 1e-10
# Initial residual norm     = 4.97411e-10
     0     1
# FGMRES final (true) residual:
# Iteration = 4: |res|/|res0| = 1.49366e-12.

Computing volumes of the grid elements.
Non-linear iter.: 346/500. Linear iter.: 4. Min. area: 0.000151846. Error: 1.49366e-12.
Computing volumes of the grid elements.
Min. volume: 0.000151846, max. volume: 36.5349.

# FGMRES residual history
# Residual tolerance target = 1e-10
# Initial residual norm     = 4.97411e-10
     0     1
# FGMRES final (true) residual:
# Iteration = 4: |res|/|res0| = 1.49366e-12.

Computing volumes of the grid elements.
Non-linear iter.: 347/500. Linear iter.: 4. Min. area: 0.000151846. Error: 1.49366e-12.
Computing volumes of the grid elements.
Min. volume: 0.000151846, max. volume: 36.5349.

# FGMRES residual history
# Residual tolerance target = 1e-10
# Initial residual norm     = 4.9741e-10
     0     1
# FGMRES final (true) residual:
# Iteration = 4: |res|/|res0| = 1.49366e-12.

Computing volumes of the grid elements.
Non-linear iter.: 348/500. Linear iter.: 4. Min. area: 0.000151846. Error: 1.49366e-12.
Computing volumes of the grid elements.
Min. volume: 0.000151846, max. volume: 36.5349.

# FGMRES residual history
# Residual tolerance target = 1e-10
# Initial residual norm     = 4.97409e-10
     0     1
# FGMRES final (true) residual:
# Iteration = 4: |res|/|res0| = 1.49366e-12.

Computing volumes of the grid elements.
Non-linear iter.: 349/500. Linear iter.: 4. Min. area: 0.000151846. Error: 1.49366e-12.
Computing volumes of the grid elements.
Min. volume: 0.000151846, max. volume: 36.5349.

# FGMRES residual history
# Residual tolerance target = 1e-10
# Initial residual norm     = 4.97409e-10
     0     1
# FGMRES final (true) residual:
# Iteration = 4: |res|/|res0| = 1.49366e-12.

Computing volumes of the grid elements.
Non-linear iter.: 350/500. Linear iter.: 4. Min. area: 0.000151846. Error: 1.49366e-12.
Computing volumes of the grid elements.
Min. volume: 0.000151846, max. volume: 36.5349.

# FGMRES residual history
# Residual tolerance target = 1e-10
# Initial residual norm     = 4.97408e-10
     0     1
# FGMRES final (true) residual:
# Iteration = 4: |res|/|res0| = 1.49365e-12.

Computing volumes of the grid elements.
Non-linear iter.: 351/500. Linear iter.: 4. Min. area: 0.000151846. Error: 1.49365e-12.
Computing volumes of the grid elements.
Min. volume: 0.000151846, max. volume: 36.5349.

# FGMRES residual history
# Residual tolerance target = 1e-10
# Initial residual norm     = 4.97407e-10
     0     1
# FGMRES final (true) residual:
# Iteration = 4: |res|/|res0| = 1.49365e-12.

Computing volumes of the grid elements.
Non-linear iter.: 352/500. Linear iter.: 4. Min. area: 0.000151846. Error: 1.49365e-12.
Computing volumes of the grid elements.
Min. volume: 0.000151846, max. volume: 36.5349.

# FGMRES residual history
# Residual tolerance target = 1e-10
# Initial residual norm     = 4.97407e-10
     0     1
# FGMRES final (true) residual:
# Iteration = 4: |res|/|res0| = 1.49365e-12.

Computing volumes of the grid elements.
Non-linear iter.: 353/500. Linear iter.: 4. Min. area: 0.000151846. Error: 1.49365e-12.
Computing volumes of the grid elements.
Min. volume: 0.000151846, max. volume: 36.5349.

# FGMRES residual history
# Residual tolerance target = 1e-10
# Initial residual norm     = 4.97406e-10
     0     1
# FGMRES final (true) residual:
# Iteration = 4: |res|/|res0| = 1.49365e-12.

Computing volumes of the grid elements.
Non-linear iter.: 354/500. Linear iter.: 4. Min. area: 0.000151846. Error: 1.49365e-12.
Computing volumes of the grid elements.
Min. volume: 0.000151846, max. volume: 36.5349.

# FGMRES residual history
# Residual tolerance target = 1e-10
# Initial residual norm     = 4.97405e-10
     0     1
# FGMRES final (true) residual:
# Iteration = 4: |res|/|res0| = 1.49365e-12.

Computing volumes of the grid elements.
Non-linear iter.: 355/500. Linear iter.: 4. Min. area: 0.000151846. Error: 1.49365e-12.
Computing volumes of the grid elements.
Min. volume: 0.000151846, max. volume: 36.5349.

# FGMRES residual history
# Residual tolerance target = 1e-10
# Initial residual norm     = 4.97405e-10
     0     1
# FGMRES final (true) residual:
# Iteration = 4: |res|/|res0| = 1.49365e-12.

Computing volumes of the grid elements.
Non-linear iter.: 356/500. Linear iter.: 4. Min. area: 0.000151846. Error: 1.49365e-12.
Computing volumes of the grid elements.
Min. volume: 0.000151846, max. volume: 36.5349.

# FGMRES residual history
# Residual tolerance target = 1e-10
# Initial residual norm     = 4.97404e-10
     0     1
# FGMRES final (true) residual:
# Iteration = 4: |res|/|res0| = 1.49365e-12.

Computing volumes of the grid elements.
Non-linear iter.: 357/500. Linear iter.: 4. Min. area: 0.000151846. Error: 1.49365e-12.
Computing volumes of the grid elements.
Min. volume: 0.000151846, max. volume: 36.5349.

# FGMRES residual history
# Residual tolerance target = 1e-10
# Initial residual norm     = 4.97403e-10
     0     1
# FGMRES final (true) residual:
# Iteration = 4: |res|/|res0| = 1.49364e-12.

Computing volumes of the grid elements.
Non-linear iter.: 358/500. Linear iter.: 4. Min. area: 0.000151846. Error: 1.49364e-12.
Computing volumes of the grid elements.
Min. volume: 0.000151846, max. volume: 36.5349.

# FGMRES residual history
# Residual tolerance target = 1e-10
# Initial residual norm     = 4.97403e-10
     0     1
# FGMRES final (true) residual:
# Iteration = 4: |res|/|res0| = 1.49364e-12.

Computing volumes of the grid elements.
Non-linear iter.: 359/500. Linear iter.: 4. Min. area: 0.000151846. Error: 1.49364e-12.
Computing volumes of the grid elements.
Min. volume: 0.000151846, max. volume: 36.5349.

# FGMRES residual history
# Residual tolerance target = 1e-10
# Initial residual norm     = 4.97402e-10
     0     1
# FGMRES final (true) residual:
# Iteration = 4: |res|/|res0| = 1.49364e-12.

Computing volumes of the grid elements.
Non-linear iter.: 360/500. Linear iter.: 4. Min. area: 0.000151846. Error: 1.49364e-12.
Computing volumes of the grid elements.
Min. volume: 0.000151846, max. volume: 36.5349.

# FGMRES residual history
# Residual tolerance target = 1e-10
# Initial residual norm     = 4.97401e-10
     0     1
# FGMRES final (true) residual:
# Iteration = 4: |res|/|res0| = 1.49364e-12.

Computing volumes of the grid elements.
Non-linear iter.: 361/500. Linear iter.: 4. Min. area: 0.000151846. Error: 1.49364e-12.
Computing volumes of the grid elements.
Min. volume: 0.000151846, max. volume: 36.5349.

# FGMRES residual history
# Residual tolerance target = 1e-10
# Initial residual norm     = 4.97401e-10
     0     1
# FGMRES final (true) residual:
# Iteration = 4: |res|/|res0| = 1.49364e-12.

Computing volumes of the grid elements.
Non-linear iter.: 362/500. Linear iter.: 4. Min. area: 0.000151846. Error: 1.49364e-12.
Computing volumes of the grid elements.
Min. volume: 0.000151846, max. volume: 36.5349.

# FGMRES residual history
# Residual tolerance target = 1e-10
# Initial residual norm     = 4.974e-10
     0     1
# FGMRES final (true) residual:
# Iteration = 4: |res|/|res0| = 1.49364e-12.

Computing volumes of the grid elements.
Non-linear iter.: 363/500. Linear iter.: 4. Min. area: 0.000151846. Error: 1.49364e-12.
Computing volumes of the grid elements.
Min. volume: 0.000151846, max. volume: 36.5349.

# FGMRES residual history
# Residual tolerance target = 1e-10
# Initial residual norm     = 4.97399e-10
     0     1
# FGMRES final (true) residual:
# Iteration = 4: |res|/|res0| = 1.49364e-12.

Computing volumes of the grid elements.
Non-linear iter.: 364/500. Linear iter.: 4. Min. area: 0.000151846. Error: 1.49364e-12.
Computing volumes of the grid elements.
Min. volume: 0.000151846, max. volume: 36.5349.

# FGMRES residual history
# Residual tolerance target = 1e-10
# Initial residual norm     = 4.97399e-10
     0     1
# FGMRES final (true) residual:
# Iteration = 4: |res|/|res0| = 1.49363e-12.

Computing volumes of the grid elements.
Non-linear iter.: 365/500. Linear iter.: 4. Min. area: 0.000151846. Error: 1.49363e-12.
Computing volumes of the grid elements.
Min. volume: 0.000151846, max. volume: 36.5349.

# FGMRES residual history
# Residual tolerance target = 1e-10
# Initial residual norm     = 4.97398e-10
     0     1
# FGMRES final (true) residual:
# Iteration = 4: |res|/|res0| = 1.49363e-12.

Computing volumes of the grid elements.
Non-linear iter.: 366/500. Linear iter.: 4. Min. area: 0.000151846. Error: 1.49363e-12.
Computing volumes of the grid elements.
Min. volume: 0.000151846, max. volume: 36.5349.

# FGMRES residual history
# Residual tolerance target = 1e-10
# Initial residual norm     = 4.97397e-10
     0     1
# FGMRES final (true) residual:
# Iteration = 4: |res|/|res0| = 1.49363e-12.

Computing volumes of the grid elements.
Non-linear iter.: 367/500. Linear iter.: 4. Min. area: 0.000151846. Error: 1.49363e-12.
Computing volumes of the grid elements.
Min. volume: 0.000151846, max. volume: 36.5349.

# FGMRES residual history
# Residual tolerance target = 1e-10
# Initial residual norm     = 4.97397e-10
     0     1
# FGMRES final (true) residual:
# Iteration = 4: |res|/|res0| = 1.49363e-12.

Computing volumes of the grid elements.
Non-linear iter.: 368/500. Linear iter.: 4. Min. area: 0.000151846. Error: 1.49363e-12.
Computing volumes of the grid elements.
Min. volume: 0.000151846, max. volume: 36.5349.

# FGMRES residual history
# Residual tolerance target = 1e-10
# Initial residual norm     = 4.97396e-10
     0     1
# FGMRES final (true) residual:
# Iteration = 4: |res|/|res0| = 1.49363e-12.

Computing volumes of the grid elements.
Non-linear iter.: 369/500. Linear iter.: 4. Min. area: 0.000151846. Error: 1.49363e-12.
Computing volumes of the grid elements.
Min. volume: 0.000151846, max. volume: 36.5349.

# FGMRES residual history
# Residual tolerance target = 1e-10
# Initial residual norm     = 4.97395e-10
     0     1
# FGMRES final (true) residual:
# Iteration = 4: |res|/|res0| = 1.49363e-12.

Computing volumes of the grid elements.
Non-linear iter.: 370/500. Linear iter.: 4. Min. area: 0.000151846. Error: 1.49363e-12.
Computing volumes of the grid elements.
Min. volume: 0.000151846, max. volume: 36.5349.

# FGMRES residual history
# Residual tolerance target = 1e-10
# Initial residual norm     = 4.97395e-10
     0     1
# FGMRES final (true) residual:
# Iteration = 4: |res|/|res0| = 1.49362e-12.

Computing volumes of the grid elements.
Non-linear iter.: 371/500. Linear iter.: 4. Min. area: 0.000151846. Error: 1.49362e-12.
Computing volumes of the grid elements.
Min. volume: 0.000151846, max. volume: 36.5349.

# FGMRES residual history
# Residual tolerance target = 1e-10
# Initial residual norm     = 4.97394e-10
     0     1
# FGMRES final (true) residual:
# Iteration = 4: |res|/|res0| = 1.49362e-12.

Computing volumes of the grid elements.
Non-linear iter.: 372/500. Linear iter.: 4. Min. area: 0.000151846. Error: 1.49362e-12.
Computing volumes of the grid elements.
Min. volume: 0.000151846, max. volume: 36.5349.

# FGMRES residual history
# Residual tolerance target = 1e-10
# Initial residual norm     = 4.97393e-10
     0     1
# FGMRES final (true) residual:
# Iteration = 4: |res|/|res0| = 1.49362e-12.

Computing volumes of the grid elements.
Non-linear iter.: 373/500. Linear iter.: 4. Min. area: 0.000151846. Error: 1.49362e-12.
Computing volumes of the grid elements.
Min. volume: 0.000151846, max. volume: 36.5349.

# FGMRES residual history
# Residual tolerance target = 1e-10
# Initial residual norm     = 4.97393e-10
     0     1
# FGMRES final (true) residual:
# Iteration = 4: |res|/|res0| = 1.49362e-12.

Computing volumes of the grid elements.
Non-linear iter.: 374/500. Linear iter.: 4. Min. area: 0.000151846. Error: 1.49362e-12.
Computing volumes of the grid elements.
Min. volume: 0.000151846, max. volume: 36.5349.

# FGMRES residual history
# Residual tolerance target = 1e-10
# Initial residual norm     = 4.97392e-10
     0     1
# FGMRES final (true) residual:
# Iteration = 4: |res|/|res0| = 1.49362e-12.

Computing volumes of the grid elements.
Non-linear iter.: 375/500. Linear iter.: 4. Min. area: 0.000151846. Error: 1.49362e-12.
Computing volumes of the grid elements.
Min. volume: 0.000151846, max. volume: 36.5349.

# FGMRES residual history
# Residual tolerance target = 1e-10
# Initial residual norm     = 4.97391e-10
     0     1
# FGMRES final (true) residual:
# Iteration = 4: |res|/|res0| = 1.49362e-12.

Computing volumes of the grid elements.
Non-linear iter.: 376/500. Linear iter.: 4. Min. area: 0.000151846. Error: 1.49362e-12.
Computing volumes of the grid elements.
Min. volume: 0.000151846, max. volume: 36.5349.

# FGMRES residual history
# Residual tolerance target = 1e-10
# Initial residual norm     = 4.97391e-10
     0     1
# FGMRES final (true) residual:
# Iteration = 4: |res|/|res0| = 1.49362e-12.

Computing volumes of the grid elements.
Non-linear iter.: 377/500. Linear iter.: 4. Min. area: 0.000151846. Error: 1.49362e-12.
Computing volumes of the grid elements.
Min. volume: 0.000151846, max. volume: 36.5349.

# FGMRES residual history
# Residual tolerance target = 1e-10
# Initial residual norm     = 4.9739e-10
     0     1
# FGMRES final (true) residual:
# Iteration = 4: |res|/|res0| = 1.49361e-12.

Computing volumes of the grid elements.
Non-linear iter.: 378/500. Linear iter.: 4. Min. area: 0.000151846. Error: 1.49361e-12.
Computing volumes of the grid elements.
Min. volume: 0.000151846, max. volume: 36.5349.

# FGMRES residual history
# Residual tolerance target = 1e-10
# Initial residual norm     = 4.9739e-10
     0     1
# FGMRES final (true) residual:
# Iteration = 4: |res|/|res0| = 1.49361e-12.

Computing volumes of the grid elements.
Non-linear iter.: 379/500. Linear iter.: 4. Min. area: 0.000151846. Error: 1.49361e-12.
Computing volumes of the grid elements.
Min. volume: 0.000151846, max. volume: 36.5349.

# FGMRES residual history
# Residual tolerance target = 1e-10
# Initial residual norm     = 4.97389e-10
     0     1
# FGMRES final (true) residual:
# Iteration = 4: |res|/|res0| = 1.49361e-12.

Computing volumes of the grid elements.
Non-linear iter.: 380/500. Linear iter.: 4. Min. area: 0.000151846. Error: 1.49361e-12.
Computing volumes of the grid elements.
Min. volume: 0.000151846, max. volume: 36.5349.

# FGMRES residual history
# Residual tolerance target = 1e-10
# Initial residual norm     = 4.97388e-10
     0     1
# FGMRES final (true) residual:
# Iteration = 4: |res|/|res0| = 1.49361e-12.

Computing volumes of the grid elements.
Non-linear iter.: 381/500. Linear iter.: 4. Min. area: 0.000151846. Error: 1.49361e-12.
Computing volumes of the grid elements.
Min. volume: 0.000151846, max. volume: 36.5349.

# FGMRES residual history
# Residual tolerance target = 1e-10
# Initial residual norm     = 4.97388e-10
     0     1
# FGMRES final (true) residual:
# Iteration = 4: |res|/|res0| = 1.49361e-12.

Computing volumes of the grid elements.
Non-linear iter.: 382/500. Linear iter.: 4. Min. area: 0.000151846. Error: 1.49361e-12.
Computing volumes of the grid elements.
Min. volume: 0.000151846, max. volume: 36.5349.

# FGMRES residual history
# Residual tolerance target = 1e-10
# Initial residual norm     = 4.97387e-10
     0     1
# FGMRES final (true) residual:
# Iteration = 4: |res|/|res0| = 1.49361e-12.

Computing volumes of the grid elements.
Non-linear iter.: 383/500. Linear iter.: 4. Min. area: 0.000151846. Error: 1.49361e-12.
Computing volumes of the grid elements.
Min. volume: 0.000151846, max. volume: 36.5349.

# FGMRES residual history
# Residual tolerance target = 1e-10
# Initial residual norm     = 4.97386e-10
     0     1
# FGMRES final (true) residual:
# Iteration = 4: |res|/|res0| = 1.49361e-12.

Computing volumes of the grid elements.
Non-linear iter.: 384/500. Linear iter.: 4. Min. area: 0.000151846. Error: 1.49361e-12.
Computing volumes of the grid elements.
Min. volume: 0.000151846, max. volume: 36.5349.

# FGMRES residual history
# Residual tolerance target = 1e-10
# Initial residual norm     = 4.97386e-10
     0     1
# FGMRES final (true) residual:
# Iteration = 4: |res|/|res0| = 1.4936e-12.

Computing volumes of the grid elements.
Non-linear iter.: 385/500. Linear iter.: 4. Min. area: 0.000151846. Error: 1.4936e-12.
Computing volumes of the grid elements.
Min. volume: 0.000151846, max. volume: 36.5349.

# FGMRES residual history
# Residual tolerance target = 1e-10
# Initial residual norm     = 4.97385e-10
     0     1
# FGMRES final (true) residual:
# Iteration = 4: |res|/|res0| = 1.4936e-12.

Computing volumes of the grid elements.
Non-linear iter.: 386/500. Linear iter.: 4. Min. area: 0.000151846. Error: 1.4936e-12.
Computing volumes of the grid elements.
Min. volume: 0.000151846, max. volume: 36.5349.

# FGMRES residual history
# Residual tolerance target = 1e-10
# Initial residual norm     = 4.97384e-10
     0     1
# FGMRES final (true) residual:
# Iteration = 4: |res|/|res0| = 1.4936e-12.

Computing volumes of the grid elements.
Non-linear iter.: 387/500. Linear iter.: 4. Min. area: 0.000151846. Error: 1.4936e-12.
Computing volumes of the grid elements.
Min. volume: 0.000151846, max. volume: 36.5349.

# FGMRES residual history
# Residual tolerance target = 1e-10
# Initial residual norm     = 4.97384e-10
     0     1
# FGMRES final (true) residual:
# Iteration = 4: |res|/|res0| = 1.4936e-12.

Computing volumes of the grid elements.
Non-linear iter.: 388/500. Linear iter.: 4. Min. area: 0.000151846. Error: 1.4936e-12.
Computing volumes of the grid elements.
Min. volume: 0.000151846, max. volume: 36.5349.

# FGMRES residual history
# Residual tolerance target = 1e-10
# Initial residual norm     = 4.97383e-10
     0     1
# FGMRES final (true) residual:
# Iteration = 4: |res|/|res0| = 1.4936e-12.

Computing volumes of the grid elements.
Non-linear iter.: 389/500. Linear iter.: 4. Min. area: 0.000151846. Error: 1.4936e-12.
Computing volumes of the grid elements.
Min. volume: 0.000151846, max. volume: 36.5349.

# FGMRES residual history
# Residual tolerance target = 1e-10
# Initial residual norm     = 4.97382e-10
     0     1
# FGMRES final (true) residual:
# Iteration = 4: |res|/|res0| = 1.4936e-12.

Computing volumes of the grid elements.
Non-linear iter.: 390/500. Linear iter.: 4. Min. area: 0.000151846. Error: 1.4936e-12.
Computing volumes of the grid elements.
Min. volume: 0.000151846, max. volume: 36.5349.

# FGMRES residual history
# Residual tolerance target = 1e-10
# Initial residual norm     = 4.97382e-10
     0     1
# FGMRES final (true) residual:
# Iteration = 4: |res|/|res0| = 1.49359e-12.

Computing volumes of the grid elements.
Non-linear iter.: 391/500. Linear iter.: 4. Min. area: 0.000151846. Error: 1.49359e-12.
Computing volumes of the grid elements.
Min. volume: 0.000151846, max. volume: 36.5349.

# FGMRES residual history
# Residual tolerance target = 1e-10
# Initial residual norm     = 4.97381e-10
     0     1
# FGMRES final (true) residual:
# Iteration = 4: |res|/|res0| = 1.49359e-12.

Computing volumes of the grid elements.
Non-linear iter.: 392/500. Linear iter.: 4. Min. area: 0.000151846. Error: 1.49359e-12.
Computing volumes of the grid elements.
Min. volume: 0.000151846, max. volume: 36.5349.

# FGMRES residual history
# Residual tolerance target = 1e-10
# Initial residual norm     = 4.9738e-10
     0     1
# FGMRES final (true) residual:
# Iteration = 4: |res|/|res0| = 1.49359e-12.

Computing volumes of the grid elements.
Non-linear iter.: 393/500. Linear iter.: 4. Min. area: 0.000151846. Error: 1.49359e-12.
Computing volumes of the grid elements.
Min. volume: 0.000151846, max. volume: 36.5349.

# FGMRES residual history
# Residual tolerance target = 1e-10
# Initial residual norm     = 4.9738e-10
     0     1
# FGMRES final (true) residual:
# Iteration = 4: |res|/|res0| = 1.49359e-12.

Computing volumes of the grid elements.
Non-linear iter.: 394/500. Linear iter.: 4. Min. area: 0.000151846. Error: 1.49359e-12.
Computing volumes of the grid elements.
Min. volume: 0.000151846, max. volume: 36.5349.

# FGMRES residual history
# Residual tolerance target = 1e-10
# Initial residual norm     = 4.97379e-10
     0     1
# FGMRES final (true) residual:
# Iteration = 4: |res|/|res0| = 1.49359e-12.

Computing volumes of the grid elements.
Non-linear iter.: 395/500. Linear iter.: 4. Min. area: 0.000151846. Error: 1.49359e-12.
Computing volumes of the grid elements.
Min. volume: 0.000151846, max. volume: 36.5349.

# FGMRES residual history
# Residual tolerance target = 1e-10
# Initial residual norm     = 4.97378e-10
     0     1
# FGMRES final (true) residual:
# Iteration = 4: |res|/|res0| = 1.49359e-12.

Computing volumes of the grid elements.
Non-linear iter.: 396/500. Linear iter.: 4. Min. area: 0.000151846. Error: 1.49359e-12.
Computing volumes of the grid elements.
Min. volume: 0.000151846, max. volume: 36.5349.

# FGMRES residual history
# Residual tolerance target = 1e-10
# Initial residual norm     = 4.97378e-10
     0     1
# FGMRES final (true) residual:
# Iteration = 4: |res|/|res0| = 1.49359e-12.

Computing volumes of the grid elements.
Non-linear iter.: 397/500. Linear iter.: 4. Min. area: 0.000151846. Error: 1.49359e-12.
Computing volumes of the grid elements.
Min. volume: 0.000151846, max. volume: 36.5349.

# FGMRES residual history
# Residual tolerance target = 1e-10
# Initial residual norm     = 4.97377e-10
     0     1
# FGMRES final (true) residual:
# Iteration = 4: |res|/|res0| = 1.49358e-12.

Computing volumes of the grid elements.
Non-linear iter.: 398/500. Linear iter.: 4. Min. area: 0.000151846. Error: 1.49358e-12.
Computing volumes of the grid elements.
Min. volume: 0.000151846, max. volume: 36.5349.

# FGMRES residual history
# Residual tolerance target = 1e-10
# Initial residual norm     = 4.97376e-10
     0     1
# FGMRES final (true) residual:
# Iteration = 4: |res|/|res0| = 1.49358e-12.

Computing volumes of the grid elements.
Non-linear iter.: 399/500. Linear iter.: 4. Min. area: 0.000151846. Error: 1.49358e-12.
Computing volumes of the grid elements.
Min. volume: 0.000151846, max. volume: 36.5349.

# FGMRES residual history
# Residual tolerance target = 1e-10
# Initial residual norm     = 4.97376e-10
     0     1
# FGMRES final (true) residual:
# Iteration = 4: |res|/|res0| = 1.49358e-12.

Computing volumes of the grid elements.
Non-linear iter.: 400/500. Linear iter.: 4. Min. area: 0.000151846. Error: 1.49358e-12.
Computing volumes of the grid elements.
Min. volume: 0.000151846, max. volume: 36.5349.

# FGMRES residual history
# Residual tolerance target = 1e-10
# Initial residual norm     = 4.97375e-10
     0     1
# FGMRES final (true) residual:
# Iteration = 4: |res|/|res0| = 1.49358e-12.

Computing volumes of the grid elements.
Non-linear iter.: 401/500. Linear iter.: 4. Min. area: 0.000151846. Error: 1.49358e-12.
Computing volumes of the grid elements.
Min. volume: 0.000151846, max. volume: 36.5349.

# FGMRES residual history
# Residual tolerance target = 1e-10
# Initial residual norm     = 4.97374e-10
     0     1
# FGMRES final (true) residual:
# Iteration = 4: |res|/|res0| = 1.49358e-12.

Computing volumes of the grid elements.
Non-linear iter.: 402/500. Linear iter.: 4. Min. area: 0.000151846. Error: 1.49358e-12.
Computing volumes of the grid elements.
Min. volume: 0.000151846, max. volume: 36.5349.

# FGMRES residual history
# Residual tolerance target = 1e-10
# Initial residual norm     = 4.97374e-10
     0     1
# FGMRES final (true) residual:
# Iteration = 4: |res|/|res0| = 1.49358e-12.

Computing volumes of the grid elements.
Non-linear iter.: 403/500. Linear iter.: 4. Min. area: 0.000151846. Error: 1.49358e-12.
Computing volumes of the grid elements.
Min. volume: 0.000151846, max. volume: 36.5349.

# FGMRES residual history
# Residual tolerance target = 1e-10
# Initial residual norm     = 4.97373e-10
     0     1
# FGMRES final (true) residual:
# Iteration = 4: |res|/|res0| = 1.49358e-12.

Computing volumes of the grid elements.
Non-linear iter.: 404/500. Linear iter.: 4. Min. area: 0.000151846. Error: 1.49358e-12.
Computing volumes of the grid elements.
Min. volume: 0.000151846, max. volume: 36.5349.

# FGMRES residual history
# Residual tolerance target = 1e-10
# Initial residual norm     = 4.97372e-10
     0     1
# FGMRES final (true) residual:
# Iteration = 4: |res|/|res0| = 1.49357e-12.

Computing volumes of the grid elements.
Non-linear iter.: 405/500. Linear iter.: 4. Min. area: 0.000151846. Error: 1.49357e-12.
Computing volumes of the grid elements.
Min. volume: 0.000151846, max. volume: 36.5349.

# FGMRES residual history
# Residual tolerance target = 1e-10
# Initial residual norm     = 4.97372e-10
     0     1
# FGMRES final (true) residual:
# Iteration = 4: |res|/|res0| = 1.49357e-12.

Computing volumes of the grid elements.
Non-linear iter.: 406/500. Linear iter.: 4. Min. area: 0.000151846. Error: 1.49357e-12.
Computing volumes of the grid elements.
Min. volume: 0.000151846, max. volume: 36.5349.

# FGMRES residual history
# Residual tolerance target = 1e-10
# Initial residual norm     = 4.97371e-10
     0     1
# FGMRES final (true) residual:
# Iteration = 4: |res|/|res0| = 1.49357e-12.

Computing volumes of the grid elements.
Non-linear iter.: 407/500. Linear iter.: 4. Min. area: 0.000151846. Error: 1.49357e-12.
Computing volumes of the grid elements.
Min. volume: 0.000151846, max. volume: 36.5349.

# FGMRES residual history
# Residual tolerance target = 1e-10
# Initial residual norm     = 4.97371e-10
     0     1
# FGMRES final (true) residual:
# Iteration = 4: |res|/|res0| = 1.49357e-12.

Computing volumes of the grid elements.
Non-linear iter.: 408/500. Linear iter.: 4. Min. area: 0.000151846. Error: 1.49357e-12.
Computing volumes of the grid elements.
Min. volume: 0.000151846, max. volume: 36.5349.

# FGMRES residual history
# Residual tolerance target = 1e-10
# Initial residual norm     = 4.9737e-10
     0     1
# FGMRES final (true) residual:
# Iteration = 4: |res|/|res0| = 1.49357e-12.

Computing volumes of the grid elements.
Non-linear iter.: 409/500. Linear iter.: 4. Min. area: 0.000151846. Error: 1.49357e-12.
Computing volumes of the grid elements.
Min. volume: 0.000151846, max. volume: 36.5349.

# FGMRES residual history
# Residual tolerance target = 1e-10
# Initial residual norm     = 4.97369e-10
     0     1
# FGMRES final (true) residual:
# Iteration = 4: |res|/|res0| = 1.49357e-12.

Computing volumes of the grid elements.
Non-linear iter.: 410/500. Linear iter.: 4. Min. area: 0.000151846. Error: 1.49357e-12.
Computing volumes of the grid elements.
Min. volume: 0.000151846, max. volume: 36.5349.

# FGMRES residual history
# Residual tolerance target = 1e-10
# Initial residual norm     = 4.97369e-10
     0     1
# FGMRES final (true) residual:
# Iteration = 4: |res|/|res0| = 1.49357e-12.

Computing volumes of the grid elements.
Non-linear iter.: 411/500. Linear iter.: 4. Min. area: 0.000151846. Error: 1.49357e-12.
Computing volumes of the grid elements.
Min. volume: 0.000151846, max. volume: 36.5349.

# FGMRES residual history
# Residual tolerance target = 1e-10
# Initial residual norm     = 4.97368e-10
     0     1
# FGMRES final (true) residual:
# Iteration = 4: |res|/|res0| = 1.49356e-12.

Computing volumes of the grid elements.
Non-linear iter.: 412/500. Linear iter.: 4. Min. area: 0.000151846. Error: 1.49356e-12.
Computing volumes of the grid elements.
Min. volume: 0.000151846, max. volume: 36.5349.

# FGMRES residual history
# Residual tolerance target = 1e-10
# Initial residual norm     = 4.97367e-10
     0     1
# FGMRES final (true) residual:
# Iteration = 4: |res|/|res0| = 1.49356e-12.

Computing volumes of the grid elements.
Non-linear iter.: 413/500. Linear iter.: 4. Min. area: 0.000151846. Error: 1.49356e-12.
Computing volumes of the grid elements.
Min. volume: 0.000151846, max. volume: 36.5349.

# FGMRES residual history
# Residual tolerance target = 1e-10
# Initial residual norm     = 4.97367e-10
     0     1
# FGMRES final (true) residual:
# Iteration = 4: |res|/|res0| = 1.49356e-12.

Computing volumes of the grid elements.
Non-linear iter.: 414/500. Linear iter.: 4. Min. area: 0.000151846. Error: 1.49356e-12.
Computing volumes of the grid elements.
Min. volume: 0.000151846, max. volume: 36.5349.

# FGMRES residual history
# Residual tolerance target = 1e-10
# Initial residual norm     = 4.97366e-10
     0     1
# FGMRES final (true) residual:
# Iteration = 4: |res|/|res0| = 1.49356e-12.

Computing volumes of the grid elements.
Non-linear iter.: 415/500. Linear iter.: 4. Min. area: 0.000151846. Error: 1.49356e-12.
Computing volumes of the grid elements.
Min. volume: 0.000151846, max. volume: 36.5349.

# FGMRES residual history
# Residual tolerance target = 1e-10
# Initial residual norm     = 4.97365e-10
     0     1
# FGMRES final (true) residual:
# Iteration = 4: |res|/|res0| = 1.49356e-12.

Computing volumes of the grid elements.
Non-linear iter.: 416/500. Linear iter.: 4. Min. area: 0.000151846. Error: 1.49356e-12.
Computing volumes of the grid elements.
Min. volume: 0.000151846, max. volume: 36.5349.

# FGMRES residual history
# Residual tolerance target = 1e-10
# Initial residual norm     = 4.97365e-10
     0     1
# FGMRES final (true) residual:
# Iteration = 4: |res|/|res0| = 1.49356e-12.

Computing volumes of the grid elements.
Non-linear iter.: 417/500. Linear iter.: 4. Min. area: 0.000151846. Error: 1.49356e-12.
Computing volumes of the grid elements.
Min. volume: 0.000151846, max. volume: 36.5349.

# FGMRES residual history
# Residual tolerance target = 1e-10
# Initial residual norm     = 4.97364e-10
     0     1
# FGMRES final (true) residual:
# Iteration = 4: |res|/|res0| = 1.49355e-12.

Computing volumes of the grid elements.
Non-linear iter.: 418/500. Linear iter.: 4. Min. area: 0.000151846. Error: 1.49355e-12.
Computing volumes of the grid elements.
Min. volume: 0.000151846, max. volume: 36.5349.

# FGMRES residual history
# Residual tolerance target = 1e-10
# Initial residual norm     = 4.97363e-10
     0     1
# FGMRES final (true) residual:
# Iteration = 4: |res|/|res0| = 1.49355e-12.

Computing volumes of the grid elements.
Non-linear iter.: 419/500. Linear iter.: 4. Min. area: 0.000151846. Error: 1.49355e-12.
Computing volumes of the grid elements.
Min. volume: 0.000151846, max. volume: 36.5349.

# FGMRES residual history
# Residual tolerance target = 1e-10
# Initial residual norm     = 4.97363e-10
     0     1
# FGMRES final (true) residual:
# Iteration = 4: |res|/|res0| = 1.49355e-12.

Computing volumes of the grid elements.
Non-linear iter.: 420/500. Linear iter.: 4. Min. area: 0.000151846. Error: 1.49355e-12.
Computing volumes of the grid elements.
Min. volume: 0.000151846, max. volume: 36.5349.

# FGMRES residual history
# Residual tolerance target = 1e-10
# Initial residual norm     = 4.97362e-10
     0     1
# FGMRES final (true) residual:
# Iteration = 4: |res|/|res0| = 1.49355e-12.

Computing volumes of the grid elements.
Non-linear iter.: 421/500. Linear iter.: 4. Min. area: 0.000151846. Error: 1.49355e-12.
Computing volumes of the grid elements.
Min. volume: 0.000151846, max. volume: 36.5349.

# FGMRES residual history
# Residual tolerance target = 1e-10
# Initial residual norm     = 4.97361e-10
     0     1
# FGMRES final (true) residual:
# Iteration = 4: |res|/|res0| = 1.49355e-12.

Computing volumes of the grid elements.
Non-linear iter.: 422/500. Linear iter.: 4. Min. area: 0.000151846. Error: 1.49355e-12.
Computing volumes of the grid elements.
Min. volume: 0.000151846, max. volume: 36.5349.

# FGMRES residual history
# Residual tolerance target = 1e-10
# Initial residual norm     = 4.97361e-10
     0     1
# FGMRES final (true) residual:
# Iteration = 4: |res|/|res0| = 1.49355e-12.

Computing volumes of the grid elements.
Non-linear iter.: 423/500. Linear iter.: 4. Min. area: 0.000151846. Error: 1.49355e-12.
Computing volumes of the grid elements.
Min. volume: 0.000151846, max. volume: 36.5349.

# FGMRES residual history
# Residual tolerance target = 1e-10
# Initial residual norm     = 4.9736e-10
     0     1
# FGMRES final (true) residual:
# Iteration = 4: |res|/|res0| = 1.49355e-12.

Computing volumes of the grid elements.
Non-linear iter.: 424/500. Linear iter.: 4. Min. area: 0.000151846. Error: 1.49355e-12.
Computing volumes of the grid elements.
Min. volume: 0.000151846, max. volume: 36.5349.

# FGMRES residual history
# Residual tolerance target = 1e-10
# Initial residual norm     = 4.97359e-10
     0     1
# FGMRES final (true) residual:
# Iteration = 4: |res|/|res0| = 1.49354e-12.

Computing volumes of the grid elements.
Non-linear iter.: 425/500. Linear iter.: 4. Min. area: 0.000151846. Error: 1.49354e-12.
Computing volumes of the grid elements.
Min. volume: 0.000151846, max. volume: 36.5349.

# FGMRES residual history
# Residual tolerance target = 1e-10
# Initial residual norm     = 4.97359e-10
     0     1
# FGMRES final (true) residual:
# Iteration = 4: |res|/|res0| = 1.49354e-12.

Computing volumes of the grid elements.
Non-linear iter.: 426/500. Linear iter.: 4. Min. area: 0.000151846. Error: 1.49354e-12.
Computing volumes of the grid elements.
Min. volume: 0.000151846, max. volume: 36.5349.

# FGMRES residual history
# Residual tolerance target = 1e-10
# Initial residual norm     = 4.97358e-10
     0     1
# FGMRES final (true) residual:
# Iteration = 4: |res|/|res0| = 1.49354e-12.

Computing volumes of the grid elements.
Non-linear iter.: 427/500. Linear iter.: 4. Min. area: 0.000151846. Error: 1.49354e-12.
Computing volumes of the grid elements.
Min. volume: 0.000151846, max. volume: 36.5349.

# FGMRES residual history
# Residual tolerance target = 1e-10
# Initial residual norm     = 4.97357e-10
     0     1
# FGMRES final (true) residual:
# Iteration = 4: |res|/|res0| = 1.49354e-12.

Computing volumes of the grid elements.
Non-linear iter.: 428/500. Linear iter.: 4. Min. area: 0.000151846. Error: 1.49354e-12.
Computing volumes of the grid elements.
Min. volume: 0.000151846, max. volume: 36.5349.

# FGMRES residual history
# Residual tolerance target = 1e-10
# Initial residual norm     = 4.97357e-10
     0     1
# FGMRES final (true) residual:
# Iteration = 4: |res|/|res0| = 1.49354e-12.

Computing volumes of the grid elements.
Non-linear iter.: 429/500. Linear iter.: 4. Min. area: 0.000151846. Error: 1.49354e-12.
Computing volumes of the grid elements.
Min. volume: 0.000151846, max. volume: 36.5349.

# FGMRES residual history
# Residual tolerance target = 1e-10
# Initial residual norm     = 4.97356e-10
     0     1
# FGMRES final (true) residual:
# Iteration = 4: |res|/|res0| = 1.49354e-12.

Computing volumes of the grid elements.
Non-linear iter.: 430/500. Linear iter.: 4. Min. area: 0.000151846. Error: 1.49354e-12.
Computing volumes of the grid elements.
Min. volume: 0.000151846, max. volume: 36.5349.

# FGMRES residual history
# Residual tolerance target = 1e-10
# Initial residual norm     = 4.97355e-10
     0     1
# FGMRES final (true) residual:
# Iteration = 4: |res|/|res0| = 1.49354e-12.

Computing volumes of the grid elements.
Non-linear iter.: 431/500. Linear iter.: 4. Min. area: 0.000151846. Error: 1.49354e-12.
Computing volumes of the grid elements.
Min. volume: 0.000151846, max. volume: 36.5349.

# FGMRES residual history
# Residual tolerance target = 1e-10
# Initial residual norm     = 4.97355e-10
     0     1
# FGMRES final (true) residual:
# Iteration = 4: |res|/|res0| = 1.49353e-12.

Computing volumes of the grid elements.
Non-linear iter.: 432/500. Linear iter.: 4. Min. area: 0.000151846. Error: 1.49353e-12.
Computing volumes of the grid elements.
Min. volume: 0.000151846, max. volume: 36.5349.

# FGMRES residual history
# Residual tolerance target = 1e-10
# Initial residual norm     = 4.97354e-10
     0     1
# FGMRES final (true) residual:
# Iteration = 4: |res|/|res0| = 1.49353e-12.

Computing volumes of the grid elements.
Non-linear iter.: 433/500. Linear iter.: 4. Min. area: 0.000151846. Error: 1.49353e-12.
Computing volumes of the grid elements.
Min. volume: 0.000151846, max. volume: 36.5349.

# FGMRES residual history
# Residual tolerance target = 1e-10
# Initial residual norm     = 4.97353e-10
     0     1
# FGMRES final (true) residual:
# Iteration = 4: |res|/|res0| = 1.49353e-12.

Computing volumes of the grid elements.
Non-linear iter.: 434/500. Linear iter.: 4. Min. area: 0.000151846. Error: 1.49353e-12.
Computing volumes of the grid elements.
Min. volume: 0.000151846, max. volume: 36.5349.

# FGMRES residual history
# Residual tolerance target = 1e-10
# Initial residual norm     = 4.97353e-10
     0     1
# FGMRES final (true) residual:
# Iteration = 4: |res|/|res0| = 1.49353e-12.

Computing volumes of the grid elements.
Non-linear iter.: 435/500. Linear iter.: 4. Min. area: 0.000151846. Error: 1.49353e-12.
Computing volumes of the grid elements.
Min. volume: 0.000151846, max. volume: 36.5349.

# FGMRES residual history
# Residual tolerance target = 1e-10
# Initial residual norm     = 4.97352e-10
     0     1
# FGMRES final (true) residual:
# Iteration = 4: |res|/|res0| = 1.49353e-12.

Computing volumes of the grid elements.
Non-linear iter.: 436/500. Linear iter.: 4. Min. area: 0.000151846. Error: 1.49353e-12.
Computing volumes of the grid elements.
Min. volume: 0.000151846, max. volume: 36.5349.

# FGMRES residual history
# Residual tolerance target = 1e-10
# Initial residual norm     = 4.97351e-10
     0     1
# FGMRES final (true) residual:
# Iteration = 4: |res|/|res0| = 1.49353e-12.

Computing volumes of the grid elements.
Non-linear iter.: 437/500. Linear iter.: 4. Min. area: 0.000151846. Error: 1.49353e-12.
Computing volumes of the grid elements.
Min. volume: 0.000151846, max. volume: 36.5349.

# FGMRES residual history
# Residual tolerance target = 1e-10
# Initial residual norm     = 4.97351e-10
     0     1
# FGMRES final (true) residual:
# Iteration = 4: |res|/|res0| = 1.49353e-12.

Computing volumes of the grid elements.
Non-linear iter.: 438/500. Linear iter.: 4. Min. area: 0.000151846. Error: 1.49353e-12.
Computing volumes of the grid elements.
Min. volume: 0.000151846, max. volume: 36.5349.

# FGMRES residual history
# Residual tolerance target = 1e-10
# Initial residual norm     = 4.9735e-10
     0     1
# FGMRES final (true) residual:
# Iteration = 4: |res|/|res0| = 1.49352e-12.

Computing volumes of the grid elements.
Non-linear iter.: 439/500. Linear iter.: 4. Min. area: 0.000151846. Error: 1.49352e-12.
Computing volumes of the grid elements.
Min. volume: 0.000151846, max. volume: 36.5349.

# FGMRES residual history
# Residual tolerance target = 1e-10
# Initial residual norm     = 4.9735e-10
     0     1
# FGMRES final (true) residual:
# Iteration = 4: |res|/|res0| = 1.49352e-12.

Computing volumes of the grid elements.
Non-linear iter.: 440/500. Linear iter.: 4. Min. area: 0.000151846. Error: 1.49352e-12.
Computing volumes of the grid elements.
Min. volume: 0.000151846, max. volume: 36.5349.

# FGMRES residual history
# Residual tolerance target = 1e-10
# Initial residual norm     = 4.97349e-10
     0     1
# FGMRES final (true) residual:
# Iteration = 4: |res|/|res0| = 1.49352e-12.

Computing volumes of the grid elements.
Non-linear iter.: 441/500. Linear iter.: 4. Min. area: 0.000151846. Error: 1.49352e-12.
Computing volumes of the grid elements.
Min. volume: 0.000151846, max. volume: 36.5349.

# FGMRES residual history
# Residual tolerance target = 1e-10
# Initial residual norm     = 4.97348e-10
     0     1
# FGMRES final (true) residual:
# Iteration = 4: |res|/|res0| = 1.49352e-12.

Computing volumes of the grid elements.
Non-linear iter.: 442/500. Linear iter.: 4. Min. area: 0.000151846. Error: 1.49352e-12.
Computing volumes of the grid elements.
Min. volume: 0.000151846, max. volume: 36.5349.

# FGMRES residual history
# Residual tolerance target = 1e-10
# Initial residual norm     = 4.97348e-10
     0     1
# FGMRES final (true) residual:
# Iteration = 4: |res|/|res0| = 1.49352e-12.

Computing volumes of the grid elements.
Non-linear iter.: 443/500. Linear iter.: 4. Min. area: 0.000151846. Error: 1.49352e-12.
Computing volumes of the grid elements.
Min. volume: 0.000151846, max. volume: 36.5349.

# FGMRES residual history
# Residual tolerance target = 1e-10
# Initial residual norm     = 4.97347e-10
     0     1
# FGMRES final (true) residual:
# Iteration = 4: |res|/|res0| = 1.49352e-12.

Computing volumes of the grid elements.
Non-linear iter.: 444/500. Linear iter.: 4. Min. area: 0.000151846. Error: 1.49352e-12.
Computing volumes of the grid elements.
Min. volume: 0.000151846, max. volume: 36.5349.

# FGMRES residual history
# Residual tolerance target = 1e-10
# Initial residual norm     = 4.97346e-10
     0     1
# FGMRES final (true) residual:
# Iteration = 4: |res|/|res0| = 1.49351e-12.

Computing volumes of the grid elements.
Non-linear iter.: 445/500. Linear iter.: 4. Min. area: 0.000151846. Error: 1.49351e-12.
Computing volumes of the grid elements.
Min. volume: 0.000151846, max. volume: 36.5349.

# FGMRES residual history
# Residual tolerance target = 1e-10
# Initial residual norm     = 4.97346e-10
     0     1
# FGMRES final (true) residual:
# Iteration = 4: |res|/|res0| = 1.49351e-12.

Computing volumes of the grid elements.
Non-linear iter.: 446/500. Linear iter.: 4. Min. area: 0.000151846. Error: 1.49351e-12.
Computing volumes of the grid elements.
Min. volume: 0.000151846, max. volume: 36.5349.

# FGMRES residual history
# Residual tolerance target = 1e-10
# Initial residual norm     = 4.97345e-10
     0     1
# FGMRES final (true) residual:
# Iteration = 4: |res|/|res0| = 1.49351e-12.

Computing volumes of the grid elements.
Non-linear iter.: 447/500. Linear iter.: 4. Min. area: 0.000151846. Error: 1.49351e-12.
Computing volumes of the grid elements.
Min. volume: 0.000151846, max. volume: 36.5349.

# FGMRES residual history
# Residual tolerance target = 1e-10
# Initial residual norm     = 4.97344e-10
     0     1
# FGMRES final (true) residual:
# Iteration = 4: |res|/|res0| = 1.49351e-12.

Computing volumes of the grid elements.
Non-linear iter.: 448/500. Linear iter.: 4. Min. area: 0.000151846. Error: 1.49351e-12.
Computing volumes of the grid elements.
Min. volume: 0.000151846, max. volume: 36.5349.

# FGMRES residual history
# Residual tolerance target = 1e-10
# Initial residual norm     = 4.97344e-10
     0     1
# FGMRES final (true) residual:
# Iteration = 4: |res|/|res0| = 1.49351e-12.

Computing volumes of the grid elements.
Non-linear iter.: 449/500. Linear iter.: 4. Min. area: 0.000151846. Error: 1.49351e-12.
Computing volumes of the grid elements.
Min. volume: 0.000151846, max. volume: 36.5349.

# FGMRES residual history
# Residual tolerance target = 1e-10
# Initial residual norm     = 4.97343e-10
     0     1
# FGMRES final (true) residual:
# Iteration = 4: |res|/|res0| = 1.49351e-12.

Computing volumes of the grid elements.
Non-linear iter.: 450/500. Linear iter.: 4. Min. area: 0.000151846. Error: 1.49351e-12.
Computing volumes of the grid elements.
Min. volume: 0.000151846, max. volume: 36.5349.

# FGMRES residual history
# Residual tolerance target = 1e-10
# Initial residual norm     = 4.97342e-10
     0     1
# FGMRES final (true) residual:
# Iteration = 4: |res|/|res0| = 1.49351e-12.

Computing volumes of the grid elements.
Non-linear iter.: 451/500. Linear iter.: 4. Min. area: 0.000151846. Error: 1.49351e-12.
Computing volumes of the grid elements.
Min. volume: 0.000151846, max. volume: 36.5349.

# FGMRES residual history
# Residual tolerance target = 1e-10
# Initial residual norm     = 4.97342e-10
     0     1
# FGMRES final (true) residual:
# Iteration = 4: |res|/|res0| = 1.4935e-12.

Computing volumes of the grid elements.
Non-linear iter.: 452/500. Linear iter.: 4. Min. area: 0.000151846. Error: 1.4935e-12.
Computing volumes of the grid elements.
Min. volume: 0.000151846, max. volume: 36.5349.

# FGMRES residual history
# Residual tolerance target = 1e-10
# Initial residual norm     = 4.97341e-10
     0     1
# FGMRES final (true) residual:
# Iteration = 4: |res|/|res0| = 1.4935e-12.

Computing volumes of the grid elements.
Non-linear iter.: 453/500. Linear iter.: 4. Min. area: 0.000151846. Error: 1.4935e-12.
Computing volumes of the grid elements.
Min. volume: 0.000151846, max. volume: 36.5349.

# FGMRES residual history
# Residual tolerance target = 1e-10
# Initial residual norm     = 4.9734e-10
     0     1
# FGMRES final (true) residual:
# Iteration = 4: |res|/|res0| = 1.4935e-12.

Computing volumes of the grid elements.
Non-linear iter.: 454/500. Linear iter.: 4. Min. area: 0.000151846. Error: 1.4935e-12.
Computing volumes of the grid elements.
Min. volume: 0.000151846, max. volume: 36.5349.

# FGMRES residual history
# Residual tolerance target = 1e-10
# Initial residual norm     = 4.9734e-10
     0     1
# FGMRES final (true) residual:
# Iteration = 4: |res|/|res0| = 1.4935e-12.

Computing volumes of the grid elements.
Non-linear iter.: 455/500. Linear iter.: 4. Min. area: 0.000151846. Error: 1.4935e-12.
Computing volumes of the grid elements.
Min. volume: 0.000151846, max. volume: 36.5349.

# FGMRES residual history
# Residual tolerance target = 1e-10
# Initial residual norm     = 4.97339e-10
     0     1
# FGMRES final (true) residual:
# Iteration = 4: |res|/|res0| = 1.4935e-12.

Computing volumes of the grid elements.
Non-linear iter.: 456/500. Linear iter.: 4. Min. area: 0.000151846. Error: 1.4935e-12.
Computing volumes of the grid elements.
Min. volume: 0.000151846, max. volume: 36.5349.

# FGMRES residual history
# Residual tolerance target = 1e-10
# Initial residual norm     = 4.97338e-10
     0     1
# FGMRES final (true) residual:
# Iteration = 4: |res|/|res0| = 1.4935e-12.

Computing volumes of the grid elements.
Non-linear iter.: 457/500. Linear iter.: 4. Min. area: 0.000151846. Error: 1.4935e-12.
Computing volumes of the grid elements.
Min. volume: 0.000151846, max. volume: 36.5349.

# FGMRES residual history
# Residual tolerance target = 1e-10
# Initial residual norm     = 4.97338e-10
     0     1
# FGMRES final (true) residual:
# Iteration = 4: |res|/|res0| = 1.4935e-12.

Computing volumes of the grid elements.
Non-linear iter.: 458/500. Linear iter.: 4. Min. area: 0.000151846. Error: 1.4935e-12.
Computing volumes of the grid elements.
Min. volume: 0.000151846, max. volume: 36.5349.

# FGMRES residual history
# Residual tolerance target = 1e-10
# Initial residual norm     = 4.97337e-10
     0     1
# FGMRES final (true) residual:
# Iteration = 4: |res|/|res0| = 1.49349e-12.

Computing volumes of the grid elements.
Non-linear iter.: 459/500. Linear iter.: 4. Min. area: 0.000151846. Error: 1.49349e-12.
Computing volumes of the grid elements.
Min. volume: 0.000151846, max. volume: 36.5349.

# FGMRES residual history
# Residual tolerance target = 1e-10
# Initial residual norm     = 4.97336e-10
     0     1
# FGMRES final (true) residual:
# Iteration = 4: |res|/|res0| = 1.49349e-12.

Computing volumes of the grid elements.
Non-linear iter.: 460/500. Linear iter.: 4. Min. area: 0.000151846. Error: 1.49349e-12.
Computing volumes of the grid elements.
Min. volume: 0.000151846, max. volume: 36.5349.

# FGMRES residual history
# Residual tolerance target = 1e-10
# Initial residual norm     = 4.97336e-10
     0     1
# FGMRES final (true) residual:
# Iteration = 4: |res|/|res0| = 1.49349e-12.

Computing volumes of the grid elements.
Non-linear iter.: 461/500. Linear iter.: 4. Min. area: 0.000151846. Error: 1.49349e-12.
Computing volumes of the grid elements.
Min. volume: 0.000151846, max. volume: 36.5349.

# FGMRES residual history
# Residual tolerance target = 1e-10
# Initial residual norm     = 4.97335e-10
     0     1
# FGMRES final (true) residual:
# Iteration = 4: |res|/|res0| = 1.49349e-12.

Computing volumes of the grid elements.
Non-linear iter.: 462/500. Linear iter.: 4. Min. area: 0.000151846. Error: 1.49349e-12.
Computing volumes of the grid elements.
Min. volume: 0.000151846, max. volume: 36.5349.

# FGMRES residual history
# Residual tolerance target = 1e-10
# Initial residual norm     = 4.97334e-10
     0     1
# FGMRES final (true) residual:
# Iteration = 4: |res|/|res0| = 1.49349e-12.

Computing volumes of the grid elements.
Non-linear iter.: 463/500. Linear iter.: 4. Min. area: 0.000151846. Error: 1.49349e-12.
Computing volumes of the grid elements.
Min. volume: 0.000151846, max. volume: 36.5349.

# FGMRES residual history
# Residual tolerance target = 1e-10
# Initial residual norm     = 4.97334e-10
     0     1
# FGMRES final (true) residual:
# Iteration = 4: |res|/|res0| = 1.49349e-12.

Computing volumes of the grid elements.
Non-linear iter.: 464/500. Linear iter.: 4. Min. area: 0.000151846. Error: 1.49349e-12.
Computing volumes of the grid elements.
Min. volume: 0.000151846, max. volume: 36.5349.

# FGMRES residual history
# Residual tolerance target = 1e-10
# Initial residual norm     = 4.97333e-10
     0     1
# FGMRES final (true) residual:
# Iteration = 4: |res|/|res0| = 1.49349e-12.

Computing volumes of the grid elements.
Non-linear iter.: 465/500. Linear iter.: 4. Min. area: 0.000151846. Error: 1.49349e-12.
Computing volumes of the grid elements.
Min. volume: 0.000151846, max. volume: 36.5349.

# FGMRES residual history
# Residual tolerance target = 1e-10
# Initial residual norm     = 4.97332e-10
     0     1
# FGMRES final (true) residual:
# Iteration = 4: |res|/|res0| = 1.49348e-12.

Computing volumes of the grid elements.
Non-linear iter.: 466/500. Linear iter.: 4. Min. area: 0.000151846. Error: 1.49348e-12.
Computing volumes of the grid elements.
Min. volume: 0.000151846, max. volume: 36.5349.

# FGMRES residual history
# Residual tolerance target = 1e-10
# Initial residual norm     = 4.97332e-10
     0     1
# FGMRES final (true) residual:
# Iteration = 4: |res|/|res0| = 1.49348e-12.

Computing volumes of the grid elements.
Non-linear iter.: 467/500. Linear iter.: 4. Min. area: 0.000151846. Error: 1.49348e-12.
Computing volumes of the grid elements.
Min. volume: 0.000151846, max. volume: 36.5349.

# FGMRES residual history
# Residual tolerance target = 1e-10
# Initial residual norm     = 4.97331e-10
     0     1
# FGMRES final (true) residual:
# Iteration = 4: |res|/|res0| = 1.49348e-12.

Computing volumes of the grid elements.
Non-linear iter.: 468/500. Linear iter.: 4. Min. area: 0.000151846. Error: 1.49348e-12.
Computing volumes of the grid elements.
Min. volume: 0.000151846, max. volume: 36.5349.

# FGMRES residual history
# Residual tolerance target = 1e-10
# Initial residual norm     = 4.9733e-10
     0     1
# FGMRES final (true) residual:
# Iteration = 4: |res|/|res0| = 1.49348e-12.

Computing volumes of the grid elements.
Non-linear iter.: 469/500. Linear iter.: 4. Min. area: 0.000151846. Error: 1.49348e-12.
Computing volumes of the grid elements.
Min. volume: 0.000151846, max. volume: 36.5349.

# FGMRES residual history
# Residual tolerance target = 1e-10
# Initial residual norm     = 4.9733e-10
     0     1
# FGMRES final (true) residual:
# Iteration = 4: |res|/|res0| = 1.49348e-12.

Computing volumes of the grid elements.
Non-linear iter.: 470/500. Linear iter.: 4. Min. area: 0.000151846. Error: 1.49348e-12.
Computing volumes of the grid elements.
Min. volume: 0.000151846, max. volume: 36.5349.

# FGMRES residual history
# Residual tolerance target = 1e-10
# Initial residual norm     = 4.97329e-10
     0     1
# FGMRES final (true) residual:
# Iteration = 4: |res|/|res0| = 1.49348e-12.

Computing volumes of the grid elements.
Non-linear iter.: 471/500. Linear iter.: 4. Min. area: 0.000151846. Error: 1.49348e-12.
Computing volumes of the grid elements.
Min. volume: 0.000151846, max. volume: 36.5349.

# FGMRES residual history
# Residual tolerance target = 1e-10
# Initial residual norm     = 4.97329e-10
     0     1
# FGMRES final (true) residual:
# Iteration = 4: |res|/|res0| = 1.49347e-12.

Computing volumes of the grid elements.
Non-linear iter.: 472/500. Linear iter.: 4. Min. area: 0.000151846. Error: 1.49347e-12.
Computing volumes of the grid elements.
Min. volume: 0.000151846, max. volume: 36.5349.

# FGMRES residual history
# Residual tolerance target = 1e-10
# Initial residual norm     = 4.97328e-10
     0     1
# FGMRES final (true) residual:
# Iteration = 4: |res|/|res0| = 1.49347e-12.

Computing volumes of the grid elements.
Non-linear iter.: 473/500. Linear iter.: 4. Min. area: 0.000151846. Error: 1.49347e-12.
Computing volumes of the grid elements.
Min. volume: 0.000151846, max. volume: 36.5349.

# FGMRES residual history
# Residual tolerance target = 1e-10
# Initial residual norm     = 4.97327e-10
     0     1
# FGMRES final (true) residual:
# Iteration = 4: |res|/|res0| = 1.49347e-12.

Computing volumes of the grid elements.
Non-linear iter.: 474/500. Linear iter.: 4. Min. area: 0.000151846. Error: 1.49347e-12.
Computing volumes of the grid elements.
Min. volume: 0.000151846, max. volume: 36.5349.

# FGMRES residual history
# Residual tolerance target = 1e-10
# Initial residual norm     = 4.97327e-10
     0     1
# FGMRES final (true) residual:
# Iteration = 4: |res|/|res0| = 1.49347e-12.

Computing volumes of the grid elements.
Non-linear iter.: 475/500. Linear iter.: 4. Min. area: 0.000151846. Error: 1.49347e-12.
Computing volumes of the grid elements.
Min. volume: 0.000151846, max. volume: 36.5349.

# FGMRES residual history
# Residual tolerance target = 1e-10
# Initial residual norm     = 4.97326e-10
     0     1
# FGMRES final (true) residual:
# Iteration = 4: |res|/|res0| = 1.49347e-12.

Computing volumes of the grid elements.
Non-linear iter.: 476/500. Linear iter.: 4. Min. area: 0.000151846. Error: 1.49347e-12.
Computing volumes of the grid elements.
Min. volume: 0.000151846, max. volume: 36.5349.

# FGMRES residual history
# Residual tolerance target = 1e-10
# Initial residual norm     = 4.97325e-10
     0     1
# FGMRES final (true) residual:
# Iteration = 4: |res|/|res0| = 1.49347e-12.

Computing volumes of the grid elements.
Non-linear iter.: 477/500. Linear iter.: 4. Min. area: 0.000151846. Error: 1.49347e-12.
Computing volumes of the grid elements.
Min. volume: 0.000151846, max. volume: 36.5349.

# FGMRES residual history
# Residual tolerance target = 1e-10
# Initial residual norm     = 4.97325e-10
     0     1
# FGMRES final (true) residual:
# Iteration = 4: |res|/|res0| = 1.49347e-12.

Computing volumes of the grid elements.
Non-linear iter.: 478/500. Linear iter.: 4. Min. area: 0.000151846. Error: 1.49347e-12.
Computing volumes of the grid elements.
Min. volume: 0.000151846, max. volume: 36.5349.

# FGMRES residual history
# Residual tolerance target = 1e-10
# Initial residual norm     = 4.97324e-10
     0     1
# FGMRES final (true) residual:
# Iteration = 4: |res|/|res0| = 1.49346e-12.

Computing volumes of the grid elements.
Non-linear iter.: 479/500. Linear iter.: 4. Min. area: 0.000151846. Error: 1.49346e-12.
Computing volumes of the grid elements.
Min. volume: 0.000151846, max. volume: 36.5349.

# FGMRES residual history
# Residual tolerance target = 1e-10
# Initial residual norm     = 4.97323e-10
     0     1
# FGMRES final (true) residual:
# Iteration = 4: |res|/|res0| = 1.49346e-12.

Computing volumes of the grid elements.
Non-linear iter.: 480/500. Linear iter.: 4. Min. area: 0.000151846. Error: 1.49346e-12.
Computing volumes of the grid elements.
Min. volume: 0.000151846, max. volume: 36.5349.

# FGMRES residual history
# Residual tolerance target = 1e-10
# Initial residual norm     = 4.97323e-10
     0     1
# FGMRES final (true) residual:
# Iteration = 4: |res|/|res0| = 1.49346e-12.

Computing volumes of the grid elements.
Non-linear iter.: 481/500. Linear iter.: 4. Min. area: 0.000151846. Error: 1.49346e-12.
Computing volumes of the grid elements.
Min. volume: 0.000151846, max. volume: 36.5349.

# FGMRES residual history
# Residual tolerance target = 1e-10
# Initial residual norm     = 4.97322e-10
     0     1
# FGMRES final (true) residual:
# Iteration = 4: |res|/|res0| = 1.49346e-12.

Computing volumes of the grid elements.
Non-linear iter.: 482/500. Linear iter.: 4. Min. area: 0.000151846. Error: 1.49346e-12.
Computing volumes of the grid elements.
Min. volume: 0.000151846, max. volume: 36.5349.

# FGMRES residual history
# Residual tolerance target = 1e-10
# Initial residual norm     = 4.97321e-10
     0     1
# FGMRES final (true) residual:
# Iteration = 4: |res|/|res0| = 1.49346e-12.

Computing volumes of the grid elements.
Non-linear iter.: 483/500. Linear iter.: 4. Min. area: 0.000151846. Error: 1.49346e-12.
Computing volumes of the grid elements.
Min. volume: 0.000151846, max. volume: 36.5349.

# FGMRES residual history
# Residual tolerance target = 1e-10
# Initial residual norm     = 4.97321e-10
     0     1
# FGMRES final (true) residual:
# Iteration = 4: |res|/|res0| = 1.49346e-12.

Computing volumes of the grid elements.
Non-linear iter.: 484/500. Linear iter.: 4. Min. area: 0.000151846. Error: 1.49346e-12.
Computing volumes of the grid elements.
Min. volume: 0.000151846, max. volume: 36.5349.

# FGMRES residual history
# Residual tolerance target = 1e-10
# Initial residual norm     = 4.9732e-10
     0     1
# FGMRES final (true) residual:
# Iteration = 4: |res|/|res0| = 1.49346e-12.

Computing volumes of the grid elements.
Non-linear iter.: 485/500. Linear iter.: 4. Min. area: 0.000151846. Error: 1.49346e-12.
Computing volumes of the grid elements.
Min. volume: 0.000151846, max. volume: 36.5349.

# FGMRES residual history
# Residual tolerance target = 1e-10
# Initial residual norm     = 4.97319e-10
     0     1
# FGMRES final (true) residual:
# Iteration = 4: |res|/|res0| = 1.49345e-12.

Computing volumes of the grid elements.
Non-linear iter.: 486/500. Linear iter.: 4. Min. area: 0.000151846. Error: 1.49345e-12.
Computing volumes of the grid elements.
Min. volume: 0.000151846, max. volume: 36.5349.

# FGMRES residual history
# Residual tolerance target = 1e-10
# Initial residual norm     = 4.97319e-10
     0     1
# FGMRES final (true) residual:
# Iteration = 4: |res|/|res0| = 1.49345e-12.

Computing volumes of the grid elements.
Non-linear iter.: 487/500. Linear iter.: 4. Min. area: 0.000151846. Error: 1.49345e-12.
Computing volumes of the grid elements.
Min. volume: 0.000151846, max. volume: 36.5349.

# FGMRES residual history
# Residual tolerance target = 1e-10
# Initial residual norm     = 4.97318e-10
     0     1
# FGMRES final (true) residual:
# Iteration = 4: |res|/|res0| = 1.49345e-12.

Computing volumes of the grid elements.
Non-linear iter.: 488/500. Linear iter.: 4. Min. area: 0.000151846. Error: 1.49345e-12.
Computing volumes of the grid elements.
Min. volume: 0.000151846, max. volume: 36.5349.

# FGMRES residual history
# Residual tolerance target = 1e-10
# Initial residual norm     = 4.97317e-10
     0     1
# FGMRES final (true) residual:
# Iteration = 4: |res|/|res0| = 1.49345e-12.

Computing volumes of the grid elements.
Non-linear iter.: 489/500. Linear iter.: 4. Min. area: 0.000151846. Error: 1.49345e-12.
Computing volumes of the grid elements.
Min. volume: 0.000151846, max. volume: 36.5349.

# FGMRES residual history
# Residual tolerance target = 1e-10
# Initial residual norm     = 4.97317e-10
     0     1
# FGMRES final (true) residual:
# Iteration = 4: |res|/|res0| = 1.49345e-12.

Computing volumes of the grid elements.
Non-linear iter.: 490/500. Linear iter.: 4. Min. area: 0.000151846. Error: 1.49345e-12.
Computing volumes of the grid elements.
Min. volume: 0.000151846, max. volume: 36.5349.

# FGMRES residual history
# Residual tolerance target = 1e-10
# Initial residual norm     = 4.97316e-10
     0     1
# FGMRES final (true) residual:
# Iteration = 4: |res|/|res0| = 1.49345e-12.

Computing volumes of the grid elements.
Non-linear iter.: 491/500. Linear iter.: 4. Min. area: 0.000151846. Error: 1.49345e-12.
Computing volumes of the grid elements.
Min. volume: 0.000151846, max. volume: 36.5349.

# FGMRES residual history
# Residual tolerance target = 1e-10
# Initial residual norm     = 4.97315e-10
     0     1
# FGMRES final (true) residual:
# Iteration = 4: |res|/|res0| = 1.49345e-12.

Computing volumes of the grid elements.
Non-linear iter.: 492/500. Linear iter.: 4. Min. area: 0.000151846. Error: 1.49345e-12.
Computing volumes of the grid elements.
Min. volume: 0.000151846, max. volume: 36.5349.

# FGMRES residual history
# Residual tolerance target = 1e-10
# Initial residual norm     = 4.97315e-10
     0     1
# FGMRES final (true) residual:
# Iteration = 4: |res|/|res0| = 1.49344e-12.

Computing volumes of the grid elements.
Non-linear iter.: 493/500. Linear iter.: 4. Min. area: 0.000151846. Error: 1.49344e-12.
Computing volumes of the grid elements.
Min. volume: 0.000151846, max. volume: 36.5349.

# FGMRES residual history
# Residual tolerance target = 1e-10
# Initial residual norm     = 4.97314e-10
     0     1
# FGMRES final (true) residual:
# Iteration = 4: |res|/|res0| = 1.49344e-12.

Computing volumes of the grid elements.
Non-linear iter.: 494/500. Linear iter.: 4. Min. area: 0.000151846. Error: 1.49344e-12.
Computing volumes of the grid elements.
Min. volume: 0.000151846, max. volume: 36.5349.

# FGMRES residual history
# Residual tolerance target = 1e-10
# Initial residual norm     = 4.97313e-10
     0     1
# FGMRES final (true) residual:
# Iteration = 4: |res|/|res0| = 1.49344e-12.

Computing volumes of the grid elements.
Non-linear iter.: 495/500. Linear iter.: 4. Min. area: 0.000151846. Error: 1.49344e-12.
Computing volumes of the grid elements.
Min. volume: 0.000151846, max. volume: 36.5349.

# FGMRES residual history
# Residual tolerance target = 1e-10
# Initial residual norm     = 4.97313e-10
     0     1
# FGMRES final (true) residual:
# Iteration = 4: |res|/|res0| = 1.49344e-12.

Computing volumes of the grid elements.
Non-linear iter.: 496/500. Linear iter.: 4. Min. area: 0.000151846. Error: 1.49344e-12.
Computing volumes of the grid elements.
Min. volume: 0.000151846, max. volume: 36.5349.

# FGMRES residual history
# Residual tolerance target = 1e-10
# Initial residual norm     = 4.97312e-10
     0     1
# FGMRES final (true) residual:
# Iteration = 4: |res|/|res0| = 1.49344e-12.

Computing volumes of the grid elements.
Non-linear iter.: 497/500. Linear iter.: 4. Min. area: 0.000151846. Error: 1.49344e-12.
Computing volumes of the grid elements.
Min. volume: 0.000151846, max. volume: 36.5349.

# FGMRES residual history
# Residual tolerance target = 1e-10
# Initial residual norm     = 4.97311e-10
     0     1
# FGMRES final (true) residual:
# Iteration = 4: |res|/|res0| = 1.49344e-12.

Computing volumes of the grid elements.
Non-linear iter.: 498/500. Linear iter.: 4. Min. area: 0.000151846. Error: 1.49344e-12.
Computing volumes of the grid elements.
Min. volume: 0.000151846, max. volume: 36.5349.

# FGMRES residual history
# Residual tolerance target = 1e-10
# Initial residual norm     = 4.97311e-10
     0     1
# FGMRES final (true) residual:
# Iteration = 4: |res|/|res0| = 1.49344e-12.

Computing volumes of the grid elements.
Non-linear iter.: 499/500. Linear iter.: 4. Min. area: 0.000151846. Error: 1.49344e-12.
Computing volumes of the grid elements.
Min. volume: 0.000151846, max. volume: 36.5349.

# FGMRES residual history
# Residual tolerance target = 1e-10
# Initial residual norm     = 4.9731e-10
     0     1
# FGMRES final (true) residual:
# Iteration = 4: |res|/|res0| = 1.49343e-12.

Computing volumes of the grid elements.
Non-linear iter.: 500/500. Linear iter.: 4. Min. area: 0.000151846. Error: 1.49343e-12.

Completed in 0.160396 seconds on 1 core.

----------------------- Write deformed grid files -----------------------
|SU2 mesh                           |mesh_deformed.su2                  |
Adding any FFD information to the SU2 file.

------------------------- Finalize Solver -------------------------
Deleted CNumerics container.
Deleted CSolver container.
Deleted CGeometry container.
Deleted CSurfaceMovement class.
Deleted CVolumetricMovement class.
Deleted CConfig container.
Deleted COutput class.

------------------------- Exit Success (SU2_DEF) ------------------------

