
-------------------------------------------------------------------------
|    ___ _   _ ___                                                      |
|   / __| | | |_  )   Release 8.4.0 "Harrier"                           |
|   \__ \ |_| |/ /                                                      |
|   |___/\___//___|   Suite (Mesh Deformation Code)                     |
|                                                                       |
-------------------------------------------------------------------------
| SU2 Project Website: https://su2code.github.io                        |
|                                                                       |
| The SU2 Project is maintained by the SU2 Foundation                   |
| (http://su2foundation.org)                                            |
-------------------------------------------------------------------------
| Copyright 2012-2026, SU2 Contributors                                 |
|                                                                       |
| SU2 is free software; you can redistribute it and/or                  |
| modify it under the terms of the GNU Lesser General Public            |
| License as published by the Free Software Foundation; either          |
| version 2.1 of the License, or (at your option) any later version.    |
|                                                                       |
| SU2 is distributed in the hope that it will be useful,                |
| but WITHOUT ANY WARRANTY; without even the implied warranty of        |
| MERCHANTABILITY or FITNESS FOR A PARTICULAR PURPOSE. See the GNU      |
| Lesser General Public License for more details.                       |
|                                                                       |
| You should have received a copy of the GNU Lesser General Public      |
| License along with SU2. If not, see <http://www.gnu.org/licenses/>.   |
-------------------------------------------------------------------------

----------------- Physical Case Definition ( Zone 0 ) -------------------
Input mesh file name: mesh_original.su2

---------------- Grid deformation parameters ( Zone 0 )  ----------------
Grid deformation using linear elasticity method.


-------------------- Output Information ( Zone 0 ) ----------------------
Output mesh file name: mesh_deformed.su2. 
Cell stiffness scaled by inverse of the cell volume.

------------- Config File Boundary Information ( Zone 0 ) ---------------
+-----------------------------------------------------------------------+
|                        Marker Type|                        Marker Name|
+-----------------------------------------------------------------------+
|                          Far-field|                           farfield|
+-----------------------------------------------------------------------+
|                     Heat flux wall|                            airfoil|
+-----------------------------------------------------------------------+
Two dimensional problem.
222 grid points.
235 volume elements.
2 surface markers.
50 boundary elements in index 0 (Marker = farfield).
159 boundary elements in index 1 (Marker = airfoil).
235 triangles.

----------------------- Preprocessing computations ----------------------
Setting local point connectivity.
Checking the numerical grid orientation of the interior elements.
All volume elements are correctly oriented.
There has been a re-orientation of 159 LINE surface elements.
Identify edges and vertices.
Setting the bound control volume structure.
Area of the computational grid: 599.929.
  Info: Ignoring the following volume output fields/groups:
  SOLUTION
Volume output fields: COORDINATES
Screen output fields: 
History output group(s): 
Warning: No (valid) fields chosen for convergence monitoring. Convergence monitoring inactive.
Warning: No (valid) fields chosen for time convergence monitoring. Time convergence monitoring inactive.

--------------------- Surface grid deformation (ZONE 0) -----------------
Performing the deformation of the surface grid.
Updating the surface coordinates from the input file.

------------------- Volumetric grid deformation (ZONE 0) ----------------
Performing the deformation of the volumetric grid.
Computing volumes of the grid elements.
Min. volume: 0.000154644, max. volume: 36.6477.

# FGMRES residual history
# Residual tolerance target = 1e-10
# Initial residual norm     = 1.04088e-09
     0     1
# FGMRES final (true) residual:
# Iteration = 4: |res|/|res0| = 9.87193e-12.

Computing volumes of the grid elements.
Non-linear iter.: 1/500. Linear iter.: 4. Min. area: 0.000154644. Error: 9.87193e-12.
Computing volumes of the grid elements.
Min. volume: 0.000154644, max. volume: 36.6477.

# FGMRES residual history
# Residual tolerance target = 1e-10
# Initial residual norm     = 1.04088e-09
     0     1
# FGMRES final (true) residual:
# Iteration = 4: |res|/|res0| = 9.87194e-12.

Computing volumes of the grid elements.
Non-linear iter.: 2/500. Linear iter.: 4. Min. area: 0.000154644. Error: 9.87194e-12.
Computing volumes of the grid elements.
Min. volume: 0.000154644, max. volume: 36.6477.

# FGMRES residual history
# Residual tolerance target = 1e-10
# Initial residual norm     = 1.04089e-09
     0     1
# FGMRES final (true) residual:
# Iteration = 4: |res|/|res0| = 9.87195e-12.

Computing volumes of the grid elements.
Non-linear iter.: 3/500. Linear iter.: 4. Min. area: 0.000154644. Error: 9.87195e-12.
Computing volumes of the grid elements.
Min. volume: 0.000154644, max. volume: 36.6477.

# FGMRES residual history
# Residual tolerance target = 1e-10
# Initial residual norm     = 1.04089e-09
     0     1
# FGMRES final (true) residual:
# Iteration = 4: |res|/|res0| = 9.87196e-12.

Computing volumes of the grid elements.
Non-linear iter.: 4/500. Linear iter.: 4. Min. area: 0.000154644. Error: 9.87196e-12.
Computing volumes of the grid elements.
Min. volume: 0.000154644, max. volume: 36.6477.

# FGMRES residual history
# Residual tolerance target = 1e-10
# Initial residual norm     = 1.0409e-09
     0     1
# FGMRES final (true) residual:
# Iteration = 4: |res|/|res0| = 9.87197e-12.

Computing volumes of the grid elements.
Non-linear iter.: 5/500. Linear iter.: 4. Min. area: 0.000154644. Error: 9.87197e-12.
Computing volumes of the grid elements.
Min. volume: 0.000154644, max. volume: 36.6477.

# FGMRES residual history
# Residual tolerance target = 1e-10
# Initial residual norm     = 1.0409e-09
     0     1
# FGMRES final (true) residual:
# Iteration = 4: |res|/|res0| = 9.87198e-12.

Computing volumes of the grid elements.
Non-linear iter.: 6/500. Linear iter.: 4. Min. area: 0.000154644. Error: 9.87198e-12.
Computing volumes of the grid elements.
Min. volume: 0.000154644, max. volume: 36.6477.

# FGMRES residual history
# Residual tolerance target = 1e-10
# Initial residual norm     = 1.04091e-09
     0     1
# FGMRES final (true) residual:
# Iteration = 4: |res|/|res0| = 9.87199e-12.

Computing volumes of the grid elements.
Non-linear iter.: 7/500. Linear iter.: 4. Min. area: 0.000154644. Error: 9.87199e-12.
Computing volumes of the grid elements.
Min. volume: 0.000154644, max. volume: 36.6477.

# FGMRES residual history
# Residual tolerance target = 1e-10
# Initial residual norm     = 1.04091e-09
     0     1
# FGMRES final (true) residual:
# Iteration = 4: |res|/|res0| = 9.872e-12.

Computing volumes of the grid elements.
Non-linear iter.: 8/500. Linear iter.: 4. Min. area: 0.000154644. Error: 9.872e-12.
Computing volumes of the grid elements.
Min. volume: 0.000154644, max. volume: 36.6477.

# FGMRES residual history
# Residual tolerance target = 1e-10
# Initial residual norm     = 1.04092e-09
     0     1
# FGMRES final (true) residual:
# Iteration = 4: |res|/|res0| = 9.87201e-12.

Computing volumes of the grid elements.
Non-linear iter.: 9/500. Linear iter.: 4. Min. area: 0.000154644. Error: 9.87201e-12.
Computing volumes of the grid elements.
Min. volume: 0.000154644, max. volume: 36.6477.

# FGMRES residual history
# Residual tolerance target = 1e-10
# Initial residual norm     = 1.04092e-09
     0     1
# FGMRES final (true) residual:
# Iteration = 4: |res|/|res0| = 9.87202e-12.

Computing volumes of the grid elements.
Non-linear iter.: 10/500. Linear iter.: 4. Min. area: 0.000154644. Error: 9.87202e-12.
Computing volumes of the grid elements.
Min. volume: 0.000154644, max. volume: 36.6477.

# FGMRES residual history
# Residual tolerance target = 1e-10
# Initial residual norm     = 1.04093e-09
     0     1
# FGMRES final (true) residual:
# Iteration = 4: |res|/|res0| = 9.87203e-12.

Computing volumes of the grid elements.
Non-linear iter.: 11/500. Linear iter.: 4. Min. area: 0.000154644. Error: 9.87203e-12.
Computing volumes of the grid elements.
Min. volume: 0.000154644, max. volume: 36.6477.

# FGMRES residual history
# Residual tolerance target = 1e-10
# Initial residual norm     = 1.04094e-09
     0     1
# FGMRES final (true) residual:
# Iteration = 4: |res|/|res0| = 9.87204e-12.

Computing volumes of the grid elements.
Non-linear iter.: 12/500. Linear iter.: 4. Min. area: 0.000154644. Error: 9.87204e-12.
Computing volumes of the grid elements.
Min. volume: 0.000154644, max. volume: 36.6477.

# FGMRES residual history
# Residual tolerance target = 1e-10
# Initial residual norm     = 1.04094e-09
     0     1
# FGMRES final (true) residual:
# Iteration = 4: |res|/|res0| = 9.87205e-12.

Computing volumes of the grid elements.
Non-linear iter.: 13/500. Linear iter.: 4. Min. area: 0.000154644. Error: 9.87205e-12.
Computing volumes of the grid elements.
Min. volume: 0.000154644, max. volume: 36.6478.

# FGMRES residual history
# Residual tolerance target = 1e-10
# Initial residual norm     = 1.04095e-09
     0     1
# FGMRES final (true) residual:
# Iteration = 4: |res|/|res0| = 9.87206e-12.

Computing volumes of the grid elements.
Non-linear iter.: 14/500. Linear iter.: 4. Min. area: 0.000154644. Error: 9.87206e-12.
Computing volumes of the grid elements.
Min. volume: 0.000154644, max. volume: 36.6478.

# FGMRES residual history
# Residual tolerance target = 1e-10
# Initial residual norm     = 1.04095e-09
     0     1
# FGMRES final (true) residual:
# Iteration = 4: |res|/|res0| = 9.87207e-12.

Computing volumes of the grid elements.
Non-linear iter.: 15/500. Linear iter.: 4. Min. area: 0.000154644. Error: 9.87207e-12.
Computing volumes of the grid elements.
Min. volume: 0.000154644, max. volume: 36.6478.

# FGMRES residual history
# Residual tolerance target = 1e-10
# Initial residual norm     = 1.04096e-09
     0     1
# FGMRES final (true) residual:
# Iteration = 4: |res|/|res0| = 9.87208e-12.

Computing volumes of the grid elements.
Non-linear iter.: 16/500. Linear iter.: 4. Min. area: 0.000154644. Error: 9.87208e-12.
Computing volumes of the grid elements.
Min. volume: 0.000154644, max. volume: 36.6478.

# FGMRES residual history
# Residual tolerance target = 1e-10
# Initial residual norm     = 1.04096e-09
     0     1
# FGMRES final (true) residual:
# Iteration = 4: |res|/|res0| = 9.87209e-12.

Computing volumes of the grid elements.
Non-linear iter.: 17/500. Linear iter.: 4. Min. area: 0.000154644. Error: 9.87209e-12.
Computing volumes of the grid elements.
Min. volume: 0.000154644, max. volume: 36.6478.

# FGMRES residual history
# Residual tolerance target = 1e-10
# Initial residual norm     = 1.04097e-09
     0     1
# FGMRES final (true) residual:
# Iteration = 4: |res|/|res0| = 9.8721e-12.

Computing volumes of the grid elements.
Non-linear iter.: 18/500. Linear iter.: 4. Min. area: 0.000154644. Error: 9.8721e-12.
Computing volumes of the grid elements.
Min. volume: 0.000154644, max. volume: 36.6478.

# FGMRES residual history
# Residual tolerance target = 1e-10
# Initial residual norm     = 1.04097e-09
     0     1
# FGMRES final (true) residual:
# Iteration = 4: |res|/|res0| = 9.87211e-12.

Computing volumes of the grid elements.
Non-linear iter.: 19/500. Linear iter.: 4. Min. area: 0.000154644. Error: 9.87211e-12.
Computing volumes of the grid elements.
Min. volume: 0.000154644, max. volume: 36.6478.

# FGMRES residual history
# Residual tolerance target = 1e-10
# Initial residual norm     = 1.04098e-09
     0     1
# FGMRES final (true) residual:
# Iteration = 4: |res|/|res0| = 9.87212e-12.

Computing volumes of the grid elements.
Non-linear iter.: 20/500. Linear iter.: 4. Min. area: 0.000154644. Error: 9.87212e-12.
Computing volumes of the grid elements.
Min. volume: 0.000154644, max. volume: 36.6478.

# FGMRES residual history
# Residual tolerance target = 1e-10
# Initial residual norm     = 1.04098e-09
     0     1
# FGMRES final (true) residual:
# Iteration = 4: |res|/|res0| = 9.87213e-12.

Computing volumes of the grid elements.
Non-linear iter.: 21/500. Linear iter.: 4. Min. area: 0.000154644. Error: 9.87213e-12.
Computing volumes of the grid elements.
Min. volume: 0.000154644, max. volume: 36.6478.

# FGMRES residual history
# Residual tolerance target = 1e-10
# Initial residual norm     = 1.04099e-09
     0     1
# FGMRES final (true) residual:
# Iteration = 4: |res|/|res0| = 9.87214e-12.

Computing volumes of the grid elements.
Non-linear iter.: 22/500. Linear iter.: 4. Min. area: 0.000154644. Error: 9.87214e-12.
Computing volumes of the grid elements.
Min. volume: 0.000154644, max. volume: 36.6478.

# FGMRES residual history
# Residual tolerance target = 1e-10
# Initial residual norm     = 1.04099e-09
     0     1
# FGMRES final (true) residual:
# Iteration = 4: |res|/|res0| = 9.87215e-12.

Computing volumes of the grid elements.
Non-linear iter.: 23/500. Linear iter.: 4. Min. area: 0.000154644. Error: 9.87215e-12.
Computing volumes of the grid elements.
Min. volume: 0.000154644, max. volume: 36.6478.

# FGMRES residual history
# Residual tolerance target = 1e-10
# Initial residual norm     = 1.041e-09
     0     1
# FGMRES final (true) residual:
# Iteration = 4: |res|/|res0| = 9.87216e-12.

Computing volumes of the grid elements.
Non-linear iter.: 24/500. Linear iter.: 4. Min. area: 0.000154644. Error: 9.87216e-12.
Computing volumes of the grid elements.
Min. volume: 0.000154644, max. volume: 36.6478.

# FGMRES residual history
# Residual tolerance target = 1e-10
# Initial residual norm     = 1.04101e-09
     0     1
# FGMRES final (true) residual:
# Iteration = 4: |res|/|res0| = 9.87217e-12.

Computing volumes of the grid elements.
Non-linear iter.: 25/500. Linear iter.: 4. Min. area: 0.000154644. Error: 9.87217e-12.
Computing volumes of the grid elements.
Min. volume: 0.000154644, max. volume: 36.6478.

# FGMRES residual history
# Residual tolerance target = 1e-10
# Initial residual norm     = 1.04101e-09
     0     1
# FGMRES final (true) residual:
# Iteration = 4: |res|/|res0| = 9.87218e-12.

Computing volumes of the grid elements.
Non-linear iter.: 26/500. Linear iter.: 4. Min. area: 0.000154644. Error: 9.87218e-12.
Computing volumes of the grid elements.
Min. volume: 0.000154644, max. volume: 36.6478.

# FGMRES residual history
# Residual tolerance target = 1e-10
# Initial residual norm     = 1.04102e-09
     0     1
# FGMRES final (true) residual:
# Iteration = 4: |res|/|res0| = 9.87219e-12.

Computing volumes of the grid elements.
Non-linear iter.: 27/500. Linear iter.: 4. Min. area: 0.000154644. Error: 9.87219e-12.
Computing volumes of the grid elements.
Min. volume: 0.000154644, max. volume: 36.6478.

# FGMRES residual history
# Residual tolerance target = 1e-10
# Initial residual norm     = 1.04102e-09
     0     1
# FGMRES final (true) residual:
# Iteration = 4: |res|/|res0| = 9.8722e-12.

Computing volumes of the grid elements.
Non-linear iter.: 28/500. Linear iter.: 4. Min. area: 0.000154644. Error: 9.8722e-12.
Computing volumes of the grid elements.
Min. volume: 0.000154644, max. volume: 36.6478.

# FGMRES residual history
# Residual tolerance target = 1e-10
# Initial residual norm     = 1.04103e-09
     0     1
# FGMRES final (true) residual:
# Iteration = 4: |res|/|res0| = 9.87221e-12.

Computing volumes of the grid elements.
Non-linear iter.: 29/500. Linear iter.: 4. Min. area: 0.000154644. Error: 9.87221e-12.
Computing volumes of the grid elements.
Min. volume: 0.000154644, max. volume: 36.6478.

# FGMRES residual history
# Residual tolerance target = 1e-10
# Initial residual norm     = 1.04103e-09
     0     1
# FGMRES final (true) residual:
# Iteration = 4: |res|/|res0| = 9.87222e-12.

Computing volumes of the grid elements.
Non-linear iter.: 30/500. Linear iter.: 4. Min. area: 0.000154644. Error: 9.87222e-12.
Computing volumes of the grid elements.
Min. volume: 0.000154644, max. volume: 36.6478.

# FGMRES residual history
# Residual tolerance target = 1e-10
# Initial residual norm     = 1.04104e-09
     0     1
# FGMRES final (true) residual:
# Iteration = 4: |res|/|res0| = 9.87223e-12.

Computing volumes of the grid elements.
Non-linear iter.: 31/500. Linear iter.: 4. Min. area: 0.000154644. Error: 9.87223e-12.
Computing volumes of the grid elements.
Min. volume: 0.000154644, max. volume: 36.6478.

# FGMRES residual history
# Residual tolerance target = 1e-10
# Initial residual norm     = 1.04104e-09
     0     1
# FGMRES final (true) residual:
# Iteration = 4: |res|/|res0| = 9.87224e-12.

Computing volumes of the grid elements.
Non-linear iter.: 32/500. Linear iter.: 4. Min. area: 0.000154644. Error: 9.87224e-12.
Computing volumes of the grid elements.
Min. volume: 0.000154644, max. volume: 36.6478.

# FGMRES residual history
# Residual tolerance target = 1e-10
# Initial residual norm     = 1.04105e-09
     0     1
# FGMRES final (true) residual:
# Iteration = 4: |res|/|res0| = 9.87225e-12.

Computing volumes of the grid elements.
Non-linear iter.: 33/500. Linear iter.: 4. Min. area: 0.000154644. Error: 9.87225e-12.
Computing volumes of the grid elements.
Min. volume: 0.000154644, max. volume: 36.6478.

# FGMRES residual history
# Residual tolerance target = 1e-10
# Initial residual norm     = 1.04105e-09
     0     1
# FGMRES final (true) residual:
# Iteration = 4: |res|/|res0| = 9.87226e-12.

Computing volumes of the grid elements.
Non-linear iter.: 34/500. Linear iter.: 4. Min. area: 0.000154644. Error: 9.87226e-12.
Computing volumes of the grid elements.
Min. volume: 0.000154644, max. volume: 36.6478.

# FGMRES residual history
# Residual tolerance target = 1e-10
# Initial residual norm     = 1.04106e-09
     0     1
# FGMRES final (true) residual:
# Iteration = 4: |res|/|res0| = 9.87227e-12.

Computing volumes of the grid elements.
Non-linear iter.: 35/500. Linear iter.: 4. Min. area: 0.000154644. Error: 9.87227e-12.
Computing volumes of the grid elements.
Min. volume: 0.000154644, max. volume: 36.6478.

# FGMRES residual history
# Residual tolerance target = 1e-10
# Initial residual norm     = 1.04106e-09
     0     1
# FGMRES final (true) residual:
# Iteration = 4: |res|/|res0| = 9.87228e-12.

Computing volumes of the grid elements.
Non-linear iter.: 36/500. Linear iter.: 4. Min. area: 0.000154644. Error: 9.87228e-12.
Computing volumes of the grid elements.
Min. volume: 0.000154644, max. volume: 36.6478.

# FGMRES residual history
# Residual tolerance target = 1e-10
# Initial residual norm     = 1.04107e-09
     0     1
# FGMRES final (true) residual:
# Iteration = 4: |res|/|res0| = 9.87229e-12.

Computing volumes of the grid elements.
Non-linear iter.: 37/500. Linear iter.: 4. Min. area: 0.000154644. Error: 9.87229e-12.
Computing volumes of the grid elements.
Min. volume: 0.000154644, max. volume: 36.6478.

# FGMRES residual history
# Residual tolerance target = 1e-10
# Initial residual norm     = 1.04108e-09
     0     1
# FGMRES final (true) residual:
# Iteration = 4: |res|/|res0| = 9.8723e-12.

Computing volumes of the grid elements.
Non-linear iter.: 38/500. Linear iter.: 4. Min. area: 0.000154644. Error: 9.8723e-12.
Computing volumes of the grid elements.
Min. volume: 0.000154644, max. volume: 36.6478.

# FGMRES residual history
# Residual tolerance target = 1e-10
# Initial residual norm     = 1.04108e-09
     0     1
# FGMRES final (true) residual:
# Iteration = 4: |res|/|res0| = 9.87231e-12.

Computing volumes of the grid elements.
Non-linear iter.: 39/500. Linear iter.: 4. Min. area: 0.000154644. Error: 9.87231e-12.
Computing volumes of the grid elements.
Min. volume: 0.000154644, max. volume: 36.6478.

# FGMRES residual history
# Residual tolerance target = 1e-10
# Initial residual norm     = 1.04109e-09
     0     1
# FGMRES final (true) residual:
# Iteration = 4: |res|/|res0| = 9.87232e-12.

Computing volumes of the grid elements.
Non-linear iter.: 40/500. Linear iter.: 4. Min. area: 0.000154644. Error: 9.87232e-12.
Computing volumes of the grid elements.
Min. volume: 0.000154644, max. volume: 36.6478.

# FGMRES residual history
# Residual tolerance target = 1e-10
# Initial residual norm     = 1.04109e-09
     0     1
# FGMRES final (true) residual:
# Iteration = 4: |res|/|res0| = 9.87233e-12.

Computing volumes of the grid elements.
Non-linear iter.: 41/500. Linear iter.: 4. Min. area: 0.000154644. Error: 9.87233e-12.
Computing volumes of the grid elements.
Min. volume: 0.000154644, max. volume: 36.6478.

# FGMRES residual history
# Residual tolerance target = 1e-10
# Initial residual norm     = 1.0411e-09
     0     1
# FGMRES final (true) residual:
# Iteration = 4: |res|/|res0| = 9.87234e-12.

Computing volumes of the grid elements.
Non-linear iter.: 42/500. Linear iter.: 4. Min. area: 0.000154644. Error: 9.87234e-12.
Computing volumes of the grid elements.
Min. volume: 0.000154644, max. volume: 36.6478.

# FGMRES residual history
# Residual tolerance target = 1e-10
# Initial residual norm     = 1.0411e-09
     0     1
# FGMRES final (true) residual:
# Iteration = 4: |res|/|res0| = 9.87235e-12.

Computing volumes of the grid elements.
Non-linear iter.: 43/500. Linear iter.: 4. Min. area: 0.000154644. Error: 9.87235e-12.
Computing volumes of the grid elements.
Min. volume: 0.000154644, max. volume: 36.6478.

# FGMRES residual history
# Residual tolerance target = 1e-10
# Initial residual norm     = 1.04111e-09
     0     1
# FGMRES final (true) residual:
# Iteration = 4: |res|/|res0| = 9.87236e-12.

Computing volumes of the grid elements.
Non-linear iter.: 44/500. Linear iter.: 4. Min. area: 0.000154644. Error: 9.87236e-12.
Computing volumes of the grid elements.
Min. volume: 0.000154644, max. volume: 36.6478.

# FGMRES residual history
# Residual tolerance target = 1e-10
# Initial residual norm     = 1.04111e-09
     0     1
# FGMRES final (true) residual:
# Iteration = 4: |res|/|res0| = 9.87237e-12.

Computing volumes of the grid elements.
Non-linear iter.: 45/500. Linear iter.: 4. Min. area: 0.000154644. Error: 9.87237e-12.
Computing volumes of the grid elements.
Min. volume: 0.000154644, max. volume: 36.6478.

# FGMRES residual history
# Residual tolerance target = 1e-10
# Initial residual norm     = 1.04112e-09
     0     1
# FGMRES final (true) residual:
# Iteration = 4: |res|/|res0| = 9.87238e-12.

Computing volumes of the grid elements.
Non-linear iter.: 46/500. Linear iter.: 4. Min. area: 0.000154644. Error: 9.87238e-12.
Computing volumes of the grid elements.
Min. volume: 0.000154644, max. volume: 36.6478.

# FGMRES residual history
# Residual tolerance target = 1e-10
# Initial residual norm     = 1.04112e-09
     0     1
# FGMRES final (true) residual:
# Iteration = 4: |res|/|res0| = 9.87239e-12.

Computing volumes of the grid elements.
Non-linear iter.: 47/500. Linear iter.: 4. Min. area: 0.000154644. Error: 9.87239e-12.
Computing volumes of the grid elements.
Min. volume: 0.000154644, max. volume: 36.6478.

# FGMRES residual history
# Residual tolerance target = 1e-10
# Initial residual norm     = 1.04113e-09
     0     1
# FGMRES final (true) residual:
# Iteration = 4: |res|/|res0| = 9.8724e-12.

Computing volumes of the grid elements.
Non-linear iter.: 48/500. Linear iter.: 4. Min. area: 0.000154644. Error: 9.8724e-12.
Computing volumes of the grid elements.
Min. volume: 0.000154644, max. volume: 36.6478.

# FGMRES residual history
# Residual tolerance target = 1e-10
# Initial residual norm     = 1.04113e-09
     0     1
# FGMRES final (true) residual:
# Iteration = 4: |res|/|res0| = 9.87241e-12.

Computing volumes of the grid elements.
Non-linear iter.: 49/500. Linear iter.: 4. Min. area: 0.000154644. Error: 9.87241e-12.
Computing volumes of the grid elements.
Min. volume: 0.000154644, max. volume: 36.6478.

# FGMRES residual history
# Residual tolerance target = 1e-10
# Initial residual norm     = 1.04114e-09
     0     1
# FGMRES final (true) residual:
# Iteration = 4: |res|/|res0| = 9.87242e-12.

Computing volumes of the grid elements.
Non-linear iter.: 50/500. Linear iter.: 4. Min. area: 0.000154644. Error: 9.87242e-12.
Computing volumes of the grid elements.
Min. volume: 0.000154644, max. volume: 36.6478.

# FGMRES residual history
# Residual tolerance target = 1e-10
# Initial residual norm     = 1.04115e-09
     0     1
# FGMRES final (true) residual:
# Iteration = 4: |res|/|res0| = 9.87243e-12.

Computing volumes of the grid elements.
Non-linear iter.: 51/500. Linear iter.: 4. Min. area: 0.000154644. Error: 9.87243e-12.
Computing volumes of the grid elements.
Min. volume: 0.000154644, max. volume: 36.6478.

# FGMRES residual history
# Residual tolerance target = 1e-10
# Initial residual norm     = 1.04115e-09
     0     1
# FGMRES final (true) residual:
# Iteration = 4: |res|/|res0| = 9.87244e-12.

Computing volumes of the grid elements.
Non-linear iter.: 52/500. Linear iter.: 4. Min. area: 0.000154644. Error: 9.87244e-12.
Computing volumes of the grid elements.
Min. volume: 0.000154644, max. volume: 36.6478.

# FGMRES residual history
# Residual tolerance target = 1e-10
# Initial residual norm     = 1.04116e-09
     0     1
# FGMRES final (true) residual:
# Iteration = 4: |res|/|res0| = 9.87245e-12.

Computing volumes of the grid elements.
Non-linear iter.: 53/500. Linear iter.: 4. Min. area: 0.000154644. Error: 9.87245e-12.
Computing volumes of the grid elements.
Min. volume: 0.000154644, max. volume: 36.6478.

# FGMRES residual history
# Residual tolerance target = 1e-10
# Initial residual norm     = 1.04116e-09
     0     1
# FGMRES final (true) residual:
# Iteration = 4: |res|/|res0| = 9.87246e-12.

Computing volumes of the grid elements.
Non-linear iter.: 54/500. Linear iter.: 4. Min. area: 0.000154644. Error: 9.87246e-12.
Computing volumes of the grid elements.
Min. volume: 0.000154644, max. volume: 36.6478.

# FGMRES residual history
# Residual tolerance target = 1e-10
# Initial residual norm     = 1.04117e-09
     0     1
# FGMRES final (true) residual:
# Iteration = 4: |res|/|res0| = 9.87247e-12.

Computing volumes of the grid elements.
Non-linear iter.: 55/500. Linear iter.: 4. Min. area: 0.000154644. Error: 9.87247e-12.
Computing volumes of the grid elements.
Min. volume: 0.000154644, max. volume: 36.6478.

# FGMRES residual history
# Residual tolerance target = 1e-10
# Initial residual norm     = 1.04117e-09
     0     1
# FGMRES final (true) residual:
# Iteration = 4: |res|/|res0| = 9.87248e-12.

Computing volumes of the grid elements.
Non-linear iter.: 56/500. Linear iter.: 4. Min. area: 0.000154644. Error: 9.87248e-12.
Computing volumes of the grid elements.
Min. volume: 0.000154644, max. volume: 36.6478.

# FGMRES residual history
# Residual tolerance target = 1e-10
# Initial residual norm     = 1.04118e-09
     0     1
# FGMRES final (true) residual:
# Iteration = 4: |res|/|res0| = 9.87249e-12.

Computing volumes of the grid elements.
Non-linear iter.: 57/500. Linear iter.: 4. Min. area: 0.000154644. Error: 9.87249e-12.
Computing volumes of the grid elements.
Min. volume: 0.000154644, max. volume: 36.6478.

# FGMRES residual history
# Residual tolerance target = 1e-10
# Initial residual norm     = 1.04118e-09
     0     1
# FGMRES final (true) residual:
# Iteration = 4: |res|/|res0| = 9.8725e-12.

Computing volumes of the grid elements.
Non-linear iter.: 58/500. Linear iter.: 4. Min. area: 0.000154644. Error: 9.8725e-12.
Computing volumes of the grid elements.
Min. volume: 0.000154644, max. volume: 36.6478.

# FGMRES residual history
# Residual tolerance target = 1e-10
# Initial residual norm     = 1.04119e-09
     0     1
# FGMRES final (true) residual:
# Iteration = 4: |res|/|res0| = 9.87251e-12.

Computing volumes of the grid elements.
Non-linear iter.: 59/500. Linear iter.: 4. Min. area: 0.000154644. Error: 9.87251e-12.
Computing volumes of the grid elements.
Min. volume: 0.000154644, max. volume: 36.6479.

# FGMRES residual history
# Residual tolerance target = 1e-10
# Initial residual norm     = 1.04119e-09
     0     1
# FGMRES final (true) residual:
# Iteration = 4: |res|/|res0| = 9.87252e-12.

Computing volumes of the grid elements.
Non-linear iter.: 60/500. Linear iter.: 4. Min. area: 0.000154644. Error: 9.87252e-12.
Computing volumes of the grid elements.
Min. volume: 0.000154644, max. volume: 36.6479.

# FGMRES residual history
# Residual tolerance target = 1e-10
# Initial residual norm     = 1.0412e-09
     0     1
# FGMRES final (true) residual:
# Iteration = 4: |res|/|res0| = 9.87253e-12.

Computing volumes of the grid elements.
Non-linear iter.: 61/500. Linear iter.: 4. Min. area: 0.000154644. Error: 9.87253e-12.
Computing volumes of the grid elements.
Min. volume: 0.000154644, max. volume: 36.6479.

# FGMRES residual history
# Residual tolerance target = 1e-10
# Initial residual norm     = 1.0412e-09
     0     1
# FGMRES final (true) residual:
# Iteration = 4: |res|/|res0| = 9.87254e-12.

Computing volumes of the grid elements.
Non-linear iter.: 62/500. Linear iter.: 4. Min. area: 0.000154644. Error: 9.87254e-12.
Computing volumes of the grid elements.
Min. volume: 0.000154644, max. volume: 36.6479.

# FGMRES residual history
# Residual tolerance target = 1e-10
# Initial residual norm     = 1.04121e-09
     0     1
# FGMRES final (true) residual:
# Iteration = 4: |res|/|res0| = 9.87255e-12.

Computing volumes of the grid elements.
Non-linear iter.: 63/500. Linear iter.: 4. Min. area: 0.000154644. Error: 9.87255e-12.
Computing volumes of the grid elements.
Min. volume: 0.000154644, max. volume: 36.6479.

# FGMRES residual history
# Residual tolerance target = 1e-10
# Initial residual norm     = 1.04122e-09
     0     1
# FGMRES final (true) residual:
# Iteration = 4: |res|/|res0| = 9.87256e-12.

Computing volumes of the grid elements.
Non-linear iter.: 64/500. Linear iter.: 4. Min. area: 0.000154644. Error: 9.87256e-12.
Computing volumes of the grid elements.
Min. volume: 0.000154644, max. volume: 36.6479.

# FGMRES residual history
# Residual tolerance target = 1e-10
# Initial residual norm     = 1.04122e-09
     0     1
# FGMRES final (true) residual:
# Iteration = 4: |res|/|res0| = 9.87257e-12.

Computing volumes of the grid elements.
Non-linear iter.: 65/500. Linear iter.: 4. Min. area: 0.000154644. Error: 9.87257e-12.
Computing volumes of the grid elements.
Min. volume: 0.000154644, max. volume: 36.6479.

# FGMRES residual history
# Residual tolerance target = 1e-10
# Initial residual norm     = 1.04123e-09
     0     1
# FGMRES final (true) residual:
# Iteration = 4: |res|/|res0| = 9.87258e-12.

Computing volumes of the grid elements.
Non-linear iter.: 66/500. Linear iter.: 4. Min. area: 0.000154644. Error: 9.87258e-12.
Computing volumes of the grid elements.
Min. volume: 0.000154644, max. volume: 36.6479.

# FGMRES residual history
# Residual tolerance target = 1e-10
# Initial residual norm     = 1.04123e-09
     0     1
# FGMRES final (true) residual:
# Iteration = 4: |res|/|res0| = 9.87259e-12.

Computing volumes of the grid elements.
Non-linear iter.: 67/500. Linear iter.: 4. Min. area: 0.000154644. Error: 9.87259e-12.
Computing volumes of the grid elements.
Min. volume: 0.000154644, max. volume: 36.6479.

# FGMRES residual history
# Residual tolerance target = 1e-10
# Initial residual norm     = 1.04124e-09
     0     1
# FGMRES final (true) residual:
# Iteration = 4: |res|/|res0| = 9.8726e-12.

Computing volumes of the grid elements.
Non-linear iter.: 68/500. Linear iter.: 4. Min. area: 0.000154644. Error: 9.8726e-12.
Computing volumes of the grid elements.
Min. volume: 0.000154644, max. volume: 36.6479.

# FGMRES residual history
# Residual tolerance target = 1e-10
# Initial residual norm     = 1.04124e-09
     0     1
# FGMRES final (true) residual:
# Iteration = 4: |res|/|res0| = 9.87261e-12.

Computing volumes of the grid elements.
Non-linear iter.: 69/500. Linear iter.: 4. Min. area: 0.000154644. Error: 9.87261e-12.
Computing volumes of the grid elements.
Min. volume: 0.000154644, max. volume: 36.6479.

# FGMRES residual history
# Residual tolerance target = 1e-10
# Initial residual norm     = 1.04125e-09
     0     1
# FGMRES final (true) residual:
# Iteration = 4: |res|/|res0| = 9.87262e-12.

Computing volumes of the grid elements.
Non-linear iter.: 70/500. Linear iter.: 4. Min. area: 0.000154644. Error: 9.87262e-12.
Computing volumes of the grid elements.
Min. volume: 0.000154644, max. volume: 36.6479.

# FGMRES residual history
# Residual tolerance target = 1e-10
# Initial residual norm     = 1.04125e-09
     0     1
# FGMRES final (true) residual:
# Iteration = 4: |res|/|res0| = 9.87263e-12.

Computing volumes of the grid elements.
Non-linear iter.: 71/500. Linear iter.: 4. Min. area: 0.000154644. Error: 9.87263e-12.
Computing volumes of the grid elements.
Min. volume: 0.000154644, max. volume: 36.6479.

# FGMRES residual history
# Residual tolerance target = 1e-10
# Initial residual norm     = 1.04126e-09
     0     1
# FGMRES final (true) residual:
# Iteration = 4: |res|/|res0| = 9.87264e-12.

Computing volumes of the grid elements.
Non-linear iter.: 72/500. Linear iter.: 4. Min. area: 0.000154644. Error: 9.87264e-12.
Computing volumes of the grid elements.
Min. volume: 0.000154644, max. volume: 36.6479.

# FGMRES residual history
# Residual tolerance target = 1e-10
# Initial residual norm     = 1.04126e-09
     0     1
# FGMRES final (true) residual:
# Iteration = 4: |res|/|res0| = 9.87265e-12.

Computing volumes of the grid elements.
Non-linear iter.: 73/500. Linear iter.: 4. Min. area: 0.000154644. Error: 9.87265e-12.
Computing volumes of the grid elements.
Min. volume: 0.000154644, max. volume: 36.6479.

# FGMRES residual history
# Residual tolerance target = 1e-10
# Initial residual norm     = 1.04127e-09
     0     1
# FGMRES final (true) residual:
# Iteration = 4: |res|/|res0| = 9.87266e-12.

Computing volumes of the grid elements.
Non-linear iter.: 74/500. Linear iter.: 4. Min. area: 0.000154644. Error: 9.87266e-12.
Computing volumes of the grid elements.
Min. volume: 0.000154644, max. volume: 36.6479.

# FGMRES residual history
# Residual tolerance target = 1e-10
# Initial residual norm     = 1.04127e-09
     0     1
# FGMRES final (true) residual:
# Iteration = 4: |res|/|res0| = 9.87267e-12.

Computing volumes of the grid elements.
Non-linear iter.: 75/500. Linear iter.: 4. Min. area: 0.000154644. Error: 9.87267e-12.
Computing volumes of the grid elements.
Min. volume: 0.000154644, max. volume: 36.6479.

# FGMRES residual history
# Residual tolerance target = 1e-10
# Initial residual norm     = 1.04128e-09
     0     1
# FGMRES final (true) residual:
# Iteration = 4: |res|/|res0| = 9.87268e-12.

Computing volumes of the grid elements.
Non-linear iter.: 76/500. Linear iter.: 4. Min. area: 0.000154644. Error: 9.87268e-12.
Computing volumes of the grid elements.
Min. volume: 0.000154644, max. volume: 36.6479.

# FGMRES residual history
# Residual tolerance target = 1e-10
# Initial residual norm     = 1.04129e-09
     0     1
# FGMRES final (true) residual:
# Iteration = 4: |res|/|res0| = 9.87269e-12.

Computing volumes of the grid elements.
Non-linear iter.: 77/500. Linear iter.: 4. Min. area: 0.000154644. Error: 9.87269e-12.
Computing volumes of the grid elements.
Min. volume: 0.000154644, max. volume: 36.6479.

# FGMRES residual history
# Residual tolerance target = 1e-10
# Initial residual norm     = 1.04129e-09
     0     1
# FGMRES final (true) residual:
# Iteration = 4: |res|/|res0| = 9.8727e-12.

Computing volumes of the grid elements.
Non-linear iter.: 78/500. Linear iter.: 4. Min. area: 0.000154644. Error: 9.8727e-12.
Computing volumes of the grid elements.
Min. volume: 0.000154644, max. volume: 36.6479.

# FGMRES residual history
# Residual tolerance target = 1e-10
# Initial residual norm     = 1.0413e-09
     0     1
# FGMRES final (true) residual:
# Iteration = 4: |res|/|res0| = 9.87271e-12.

Computing volumes of the grid elements.
Non-linear iter.: 79/500. Linear iter.: 4. Min. area: 0.000154644. Error: 9.87271e-12.
Computing volumes of the grid elements.
Min. volume: 0.000154644, max. volume: 36.6479.

# FGMRES residual history
# Residual tolerance target = 1e-10
# Initial residual norm     = 1.0413e-09
     0     1
# FGMRES final (true) residual:
# Iteration = 4: |res|/|res0| = 9.87272e-12.

Computing volumes of the grid elements.
Non-linear iter.: 80/500. Linear iter.: 4. Min. area: 0.000154644. Error: 9.87272e-12.
Computing volumes of the grid elements.
Min. volume: 0.000154644, max. volume: 36.6479.

# FGMRES residual history
# Residual tolerance target = 1e-10
# Initial residual norm     = 1.04131e-09
     0     1
# FGMRES final (true) residual:
# Iteration = 4: |res|/|res0| = 9.87273e-12.

Computing volumes of the grid elements.
Non-linear iter.: 81/500. Linear iter.: 4. Min. area: 0.000154644. Error: 9.87273e-12.
Computing volumes of the grid elements.
Min. volume: 0.000154644, max. volume: 36.6479.

# FGMRES residual history
# Residual tolerance target = 1e-10
# Initial residual norm     = 1.04131e-09
     0     1
# FGMRES final (true) residual:
# Iteration = 4: |res|/|res0| = 9.87275e-12.

Computing volumes of the grid elements.
Non-linear iter.: 82/500. Linear iter.: 4. Min. area: 0.000154644. Error: 9.87275e-12.
Computing volumes of the grid elements.
Min. volume: 0.000154644, max. volume: 36.6479.

# FGMRES residual history
# Residual tolerance target = 1e-10
# Initial residual norm     = 1.04132e-09
     0     1
# FGMRES final (true) residual:
# Iteration = 4: |res|/|res0| = 9.87276e-12.

Computing volumes of the grid elements.
Non-linear iter.: 83/500. Linear iter.: 4. Min. area: 0.000154644. Error: 9.87276e-12.
Computing volumes of the grid elements.
Min. volume: 0.000154644, max. volume: 36.6479.

# FGMRES residual history
# Residual tolerance target = 1e-10
# Initial residual norm     = 1.04132e-09
     0     1
# FGMRES final (true) residual:
# Iteration = 4: |res|/|res0| = 9.87277e-12.

Computing volumes of the grid elements.
Non-linear iter.: 84/500. Linear iter.: 4. Min. area: 0.000154644. Error: 9.87277e-12.
Computing volumes of the grid elements.
Min. volume: 0.000154644, max. volume: 36.6479.

# FGMRES residual history
# Residual tolerance target = 1e-10
# Initial residual norm     = 1.04133e-09
     0     1
# FGMRES final (true) residual:
# Iteration = 4: |res|/|res0| = 9.87278e-12.

Computing volumes of the grid elements.
Non-linear iter.: 85/500. Linear iter.: 4. Min. area: 0.000154644. Error: 9.87278e-12.
Computing volumes of the grid elements.
Min. volume: 0.000154644, max. volume: 36.6479.

# FGMRES residual history
# Residual tolerance target = 1e-10
# Initial residual norm     = 1.04133e-09
     0     1
# FGMRES final (true) residual:
# Iteration = 4: |res|/|res0| = 9.87279e-12.

Computing volumes of the grid elements.
Non-linear iter.: 86/500. Linear iter.: 4. Min. area: 0.000154644. Error: 9.87279e-12.
Computing volumes of the grid elements.
Min. volume: 0.000154644, max. volume: 36.6479.

# FGMRES residual history
# Residual tolerance target = 1e-10
# Initial residual norm     = 1.04134e-09
     0     1
# FGMRES final (true) residual:
# Iteration = 4: |res|/|res0| = 9.8728e-12.

Computing volumes of the grid elements.
Non-linear iter.: 87/500. Linear iter.: 4. Min. area: 0.000154644. Error: 9.8728e-12.
Computing volumes of the grid elements.
Min. volume: 0.000154644, max. volume: 36.6479.

# FGMRES residual history
# Residual tolerance target = 1e-10
# Initial residual norm     = 1.04135e-09
     0     1
# FGMRES final (true) residual:
# Iteration = 4: |res|/|res0| = 9.87281e-12.

Computing volumes of the grid elements.
Non-linear iter.: 88/500. Linear iter.: 4. Min. area: 0.000154644. Error: 9.87281e-12.
Computing volumes of the grid elements.
Min. volume: 0.000154644, max. volume: 36.6479.

# FGMRES residual history
# Residual tolerance target = 1e-10
# Initial residual norm     = 1.04135e-09
     0     1
# FGMRES final (true) residual:
# Iteration = 4: |res|/|res0| = 9.87282e-12.

Computing volumes of the grid elements.
Non-linear iter.: 89/500. Linear iter.: 4. Min. area: 0.000154644. Error: 9.87282e-12.
Computing volumes of the grid elements.
Min. volume: 0.000154644, max. volume: 36.6479.

# FGMRES residual history
# Residual tolerance target = 1e-10
# Initial residual norm     = 1.04136e-09
     0     1
# FGMRES final (true) residual:
# Iteration = 4: |res|/|res0| = 9.87283e-12.

Computing volumes of the grid elements.
Non-linear iter.: 90/500. Linear iter.: 4. Min. area: 0.000154644. Error: 9.87283e-12.
Computing volumes of the grid elements.
Min. volume: 0.000154644, max. volume: 36.6479.

# FGMRES residual history
# Residual tolerance target = 1e-10
# Initial residual norm     = 1.04136e-09
     0     1
# FGMRES final (true) residual:
# Iteration = 4: |res|/|res0| = 9.87284e-12.

Computing volumes of the grid elements.
Non-linear iter.: 91/500. Linear iter.: 4. Min. area: 0.000154644. Error: 9.87284e-12.
Computing volumes of the grid elements.
Min. volume: 0.000154644, max. volume: 36.6479.

# FGMRES residual history
# Residual tolerance target = 1e-10
# Initial residual norm     = 1.04137e-09
     0     1
# FGMRES final (true) residual:
# Iteration = 4: |res|/|res0| = 9.87285e-12.

Computing volumes of the grid elements.
Non-linear iter.: 92/500. Linear iter.: 4. Min. area: 0.000154644. Error: 9.87285e-12.
Computing volumes of the grid elements.
Min. volume: 0.000154644, max. volume: 36.6479.

# FGMRES residual history
# Residual tolerance target = 1e-10
# Initial residual norm     = 1.04137e-09
     0     1
# FGMRES final (true) residual:
# Iteration = 4: |res|/|res0| = 9.87286e-12.

Computing volumes of the grid elements.
Non-linear iter.: 93/500. Linear iter.: 4. Min. area: 0.000154644. Error: 9.87286e-12.
Computing volumes of the grid elements.
Min. volume: 0.000154644, max. volume: 36.6479.

# FGMRES residual history
# Residual tolerance target = 1e-10
# Initial residual norm     = 1.04138e-09
     0     1
# FGMRES final (true) residual:
# Iteration = 4: |res|/|res0| = 9.87287e-12.

Computing volumes of the grid elements.
Non-linear iter.: 94/500. Linear iter.: 4. Min. area: 0.000154644. Error: 9.87287e-12.
Computing volumes of the grid elements.
Min. volume: 0.000154644, max. volume: 36.6479.

# FGMRES residual history
# Residual tolerance target = 1e-10
# Initial residual norm     = 1.04138e-09
     0     1
# FGMRES final (true) residual:
# Iteration = 4: |res|/|res0| = 9.87288e-12.

Computing volumes of the grid elements.
Non-linear iter.: 95/500. Linear iter.: 4. Min. area: 0.000154644. Error: 9.87288e-12.
Computing volumes of the grid elements.
Min. volume: 0.000154644, max. volume: 36.6479.

# FGMRES residual history
# Residual tolerance target = 1e-10
# Initial residual norm     = 1.04139e-09
     0     1
# FGMRES final (true) residual:
# Iteration = 4: |res|/|res0| = 9.87289e-12.

Computing volumes of the grid elements.
Non-linear iter.: 96/500. Linear iter.: 4. Min. area: 0.000154644. Error: 9.87289e-12.
Computing volumes of the grid elements.
Min. volume: 0.000154644, max. volume: 36.6479.

# FGMRES residual history
# Residual tolerance target = 1e-10
# Initial residual norm     = 1.04139e-09
     0     1
# FGMRES final (true) residual:
# Iteration = 4: |res|/|res0| = 9.8729e-12.

Computing volumes of the grid elements.
Non-linear iter.: 97/500. Linear iter.: 4. Min. area: 0.000154644. Error: 9.8729e-12.
Computing volumes of the grid elements.
Min. volume: 0.000154644, max. volume: 36.6479.

# FGMRES residual history
# Residual tolerance target = 1e-10
# Initial residual norm     = 1.0414e-09
     0     1
# FGMRES final (true) residual:
# Iteration = 4: |res|/|res0| = 9.87291e-12.

Computing volumes of the grid elements.
Non-linear iter.: 98/500. Linear iter.: 4. Min. area: 0.000154644. Error: 9.87291e-12.
Computing volumes of the grid elements.
Min. volume: 0.000154644, max. volume: 36.6479.

# FGMRES residual history
# Residual tolerance target = 1e-10
# Initial residual norm     = 1.0414e-09
     0     1
# FGMRES final (true) residual:
# Iteration = 4: |res|/|res0| = 9.87292e-12.

Computing volumes of the grid elements.
Non-linear iter.: 99/500. Linear iter.: 4. Min. area: 0.000154644. Error: 9.87292e-12.
Computing volumes of the grid elements.
Min. volume: 0.000154644, max. volume: 36.6479.

# FGMRES residual history
# Residual tolerance target = 1e-10
# Initial residual norm     = 1.04141e-09
     0     1
# FGMRES final (true) residual:
# Iteration = 4: |res|/|res0| = 9.87293e-12.

Computing volumes of the grid elements.
Non-linear iter.: 100/500. Linear iter.: 4. Min. area: 0.000154644. Error: 9.87293e-12.
Computing volumes of the grid elements.
Min. volume: 0.000154644, max. volume: 36.6479.

# FGMRES residual history
# Residual tolerance target = 1e-10
# Initial residual norm     = 1.04142e-09
     0     1
# FGMRES final (true) residual:
# Iteration = 4: |res|/|res0| = 9.87294e-12.

Computing volumes of the grid elements.
Non-linear iter.: 101/500. Linear iter.: 4. Min. area: 0.000154644. Error: 9.87294e-12.
Computing volumes of the grid elements.
Min. volume: 0.000154644, max. volume: 36.6479.

# FGMRES residual history
# Residual tolerance target = 1e-10
# Initial residual norm     = 1.04142e-09
     0     1
# FGMRES final (true) residual:
# Iteration = 4: |res|/|res0| = 9.87295e-12.

Computing volumes of the grid elements.
Non-linear iter.: 102/500. Linear iter.: 4. Min. area: 0.000154644. Error: 9.87295e-12.
Computing volumes of the grid elements.
Min. volume: 0.000154644, max. volume: 36.6479.

# FGMRES residual history
# Residual tolerance target = 1e-10
# Initial residual norm     = 1.04143e-09
     0     1
# FGMRES final (true) residual:
# Iteration = 4: |res|/|res0| = 9.87296e-12.

Computing volumes of the grid elements.
Non-linear iter.: 103/500. Linear iter.: 4. Min. area: 0.000154644. Error: 9.87296e-12.
Computing volumes of the grid elements.
Min. volume: 0.000154644, max. volume: 36.6479.

# FGMRES residual history
# Residual tolerance target = 1e-10
# Initial residual norm     = 1.04143e-09
     0     1
# FGMRES final (true) residual:
# Iteration = 4: |res|/|res0| = 9.87297e-12.

Computing volumes of the grid elements.
Non-linear iter.: 104/500. Linear iter.: 4. Min. area: 0.000154644. Error: 9.87297e-12.
Computing volumes of the grid elements.
Min. volume: 0.000154644, max. volume: 36.6479.

# FGMRES residual history
# Residual tolerance target = 1e-10
# Initial residual norm     = 1.04144e-09
     0     1
# FGMRES final (true) residual:
# Iteration = 4: |res|/|res0| = 9.87298e-12.

Computing volumes of the grid elements.
Non-linear iter.: 105/500. Linear iter.: 4. Min. area: 0.000154644. Error: 9.87298e-12.
Computing volumes of the grid elements.
Min. volume: 0.000154644, max. volume: 36.6479.

# FGMRES residual history
# Residual tolerance target = 1e-10
# Initial residual norm     = 1.04144e-09
     0     1
# FGMRES final (true) residual:
# Iteration = 4: |res|/|res0| = 9.87299e-12.

Computing volumes of the grid elements.
Non-linear iter.: 106/500. Linear iter.: 4. Min. area: 0.000154644. Error: 9.87299e-12.
Computing volumes of the grid elements.
Min. volume: 0.000154644, max. volume: 36.648.

# FGMRES residual history
# Residual tolerance target = 1e-10
# Initial residual norm     = 1.04145e-09
     0     1
# FGMRES final (true) residual:
# Iteration = 4: |res|/|res0| = 9.873e-12.

Computing volumes of the grid elements.
Non-linear iter.: 107/500. Linear iter.: 4. Min. area: 0.000154644. Error: 9.873e-12.
Computing volumes of the grid elements.
Min. volume: 0.000154644, max. volume: 36.648.

# FGMRES residual history
# Residual tolerance target = 1e-10
# Initial residual norm     = 1.04145e-09
     0     1
# FGMRES final (true) residual:
# Iteration = 4: |res|/|res0| = 9.87301e-12.

Computing volumes of the grid elements.
Non-linear iter.: 108/500. Linear iter.: 4. Min. area: 0.000154644. Error: 9.87301e-12.
Computing volumes of the grid elements.
Min. volume: 0.000154644, max. volume: 36.648.

# FGMRES residual history
# Residual tolerance target = 1e-10
# Initial residual norm     = 1.04146e-09
     0     1
# FGMRES final (true) residual:
# Iteration = 4: |res|/|res0| = 9.87302e-12.

Computing volumes of the grid elements.
Non-linear iter.: 109/500. Linear iter.: 4. Min. area: 0.000154644. Error: 9.87302e-12.
Computing volumes of the grid elements.
Min. volume: 0.000154644, max. volume: 36.648.

# FGMRES residual history
# Residual tolerance target = 1e-10
# Initial residual norm     = 1.04146e-09
     0     1
# FGMRES final (true) residual:
# Iteration = 4: |res|/|res0| = 9.87303e-12.

Computing volumes of the grid elements.
Non-linear iter.: 110/500. Linear iter.: 4. Min. area: 0.000154644. Error: 9.87303e-12.
Computing volumes of the grid elements.
Min. volume: 0.000154644, max. volume: 36.648.

# FGMRES residual history
# Residual tolerance target = 1e-10
# Initial residual norm     = 1.04147e-09
     0     1
# FGMRES final (true) residual:
# Iteration = 4: |res|/|res0| = 9.87304e-12.

Computing volumes of the grid elements.
Non-linear iter.: 111/500. Linear iter.: 4. Min. area: 0.000154644. Error: 9.87304e-12.
Computing volumes of the grid elements.
Min. volume: 0.000154644, max. volume: 36.648.

# FGMRES residual history
# Residual tolerance target = 1e-10
# Initial residual norm     = 1.04147e-09
     0     1
# FGMRES final (true) residual:
# Iteration = 4: |res|/|res0| = 9.87305e-12.

Computing volumes of the grid elements.
Non-linear iter.: 112/500. Linear iter.: 4. Min. area: 0.000154644. Error: 9.87305e-12.
Computing volumes of the grid elements.
Min. volume: 0.000154644, max. volume: 36.648.

# FGMRES residual history
# Residual tolerance target = 1e-10
# Initial residual norm     = 1.04148e-09
     0     1
# FGMRES final (true) residual:
# Iteration = 4: |res|/|res0| = 9.87306e-12.

Computing volumes of the grid elements.
Non-linear iter.: 113/500. Linear iter.: 4. Min. area: 0.000154644. Error: 9.87306e-12.
Computing volumes of the grid elements.
Min. volume: 0.000154644, max. volume: 36.648.

# FGMRES residual history
# Residual tolerance target = 1e-10
# Initial residual norm     = 1.04149e-09
     0     1
# FGMRES final (true) residual:
# Iteration = 4: |res|/|res0| = 9.87307e-12.

Computing volumes of the grid elements.
Non-linear iter.: 114/500. Linear iter.: 4. Min. area: 0.000154644. Error: 9.87307e-12.
Computing volumes of the grid elements.
Min. volume: 0.000154644, max. volume: 36.648.

# FGMRES residual history
# Residual tolerance target = 1e-10
# Initial residual norm     = 1.04149e-09
     0     1
# FGMRES final (true) residual:
# Iteration = 4: |res|/|res0| = 9.87308e-12.

Computing volumes of the grid elements.
Non-linear iter.: 115/500. Linear iter.: 4. Min. area: 0.000154644. Error: 9.87308e-12.
Computing volumes of the grid elements.
Min. volume: 0.000154644, max. volume: 36.648.

# FGMRES residual history
# Residual tolerance target = 1e-10
# Initial residual norm     = 1.0415e-09
     0     1
# FGMRES final (true) residual:
# Iteration = 4: |res|/|res0| = 9.87309e-12.

Computing volumes of the grid elements.
Non-linear iter.: 116/500. Linear iter.: 4. Min. area: 0.000154644. Error: 9.87309e-12.
Computing volumes of the grid elements.
Min. volume: 0.000154644, max. volume: 36.648.

# FGMRES residual history
# Residual tolerance target = 1e-10
# Initial residual norm     = 1.0415e-09
     0     1
# FGMRES final (true) residual:
# Iteration = 4: |res|/|res0| = 9.8731e-12.

Computing volumes of the grid elements.
Non-linear iter.: 117/500. Linear iter.: 4. Min. area: 0.000154644. Error: 9.8731e-12.
Computing volumes of the grid elements.
Min. volume: 0.000154644, max. volume: 36.648.

# FGMRES residual history
# Residual tolerance target = 1e-10
# Initial residual norm     = 1.04151e-09
     0     1
# FGMRES final (true) residual:
# Iteration = 4: |res|/|res0| = 9.87311e-12.

Computing volumes of the grid elements.
Non-linear iter.: 118/500. Linear iter.: 4. Min. area: 0.000154644. Error: 9.87311e-12.
Computing volumes of the grid elements.
Min. volume: 0.000154644, max. volume: 36.648.

# FGMRES residual history
# Residual tolerance target = 1e-10
# Initial residual norm     = 1.04151e-09
     0     1
# FGMRES final (true) residual:
# Iteration = 4: |res|/|res0| = 9.87312e-12.

Computing volumes of the grid elements.
Non-linear iter.: 119/500. Linear iter.: 4. Min. area: 0.000154644. Error: 9.87312e-12.
Computing volumes of the grid elements.
Min. volume: 0.000154644, max. volume: 36.648.

# FGMRES residual history
# Residual tolerance target = 1e-10
# Initial residual norm     = 1.04152e-09
     0     1
# FGMRES final (true) residual:
# Iteration = 4: |res|/|res0| = 9.87313e-12.

Computing volumes of the grid elements.
Non-linear iter.: 120/500. Linear iter.: 4. Min. area: 0.000154644. Error: 9.87313e-12.
Computing volumes of the grid elements.
Min. volume: 0.000154644, max. volume: 36.648.

# FGMRES residual history
# Residual tolerance target = 1e-10
# Initial residual norm     = 1.04152e-09
     0     1
# FGMRES final (true) residual:
# Iteration = 4: |res|/|res0| = 9.87314e-12.

Computing volumes of the grid elements.
Non-linear iter.: 121/500. Linear iter.: 4. Min. area: 0.000154644. Error: 9.87314e-12.
Computing volumes of the grid elements.
Min. volume: 0.000154644, max. volume: 36.648.

# FGMRES residual history
# Residual tolerance target = 1e-10
# Initial residual norm     = 1.04153e-09
     0     1
# FGMRES final (true) residual:
# Iteration = 4: |res|/|res0| = 9.87315e-12.

Computing volumes of the grid elements.
Non-linear iter.: 122/500. Linear iter.: 4. Min. area: 0.000154644. Error: 9.87315e-12.
Computing volumes of the grid elements.
Min. volume: 0.000154644, max. volume: 36.648.

# FGMRES residual history
# Residual tolerance target = 1e-10
# Initial residual norm     = 1.04153e-09
     0     1
# FGMRES final (true) residual:
# Iteration = 4: |res|/|res0| = 9.87316e-12.

Computing volumes of the grid elements.
Non-linear iter.: 123/500. Linear iter.: 4. Min. area: 0.000154644. Error: 9.87316e-12.
Computing volumes of the grid elements.
Min. volume: 0.000154644, max. volume: 36.648.

# FGMRES residual history
# Residual tolerance target = 1e-10
# Initial residual norm     = 1.04154e-09
     0     1
# FGMRES final (true) residual:
# Iteration = 4: |res|/|res0| = 9.87317e-12.

Computing volumes of the grid elements.
Non-linear iter.: 124/500. Linear iter.: 4. Min. area: 0.000154644. Error: 9.87317e-12.
Computing volumes of the grid elements.
Min. volume: 0.000154644, max. volume: 36.648.

# FGMRES residual history
# Residual tolerance target = 1e-10
# Initial residual norm     = 1.04154e-09
     0     1
# FGMRES final (true) residual:
# Iteration = 4: |res|/|res0| = 9.87318e-12.

Computing volumes of the grid elements.
Non-linear iter.: 125/500. Linear iter.: 4. Min. area: 0.000154644. Error: 9.87318e-12.
Computing volumes of the grid elements.
Min. volume: 0.000154644, max. volume: 36.648.

# FGMRES residual history
# Residual tolerance target = 1e-10
# Initial residual norm     = 1.04155e-09
     0     1
# FGMRES final (true) residual:
# Iteration = 4: |res|/|res0| = 9.87319e-12.

Computing volumes of the grid elements.
Non-linear iter.: 126/500. Linear iter.: 4. Min. area: 0.000154644. Error: 9.87319e-12.
Computing volumes of the grid elements.
Min. volume: 0.000154644, max. volume: 36.648.

# FGMRES residual history
# Residual tolerance target = 1e-10
# Initial residual norm     = 1.04156e-09
     0     1
# FGMRES final (true) residual:
# Iteration = 4: |res|/|res0| = 9.8732e-12.

Computing volumes of the grid elements.
Non-linear iter.: 127/500. Linear iter.: 4. Min. area: 0.000154644. Error: 9.8732e-12.
Computing volumes of the grid elements.
Min. volume: 0.000154644, max. volume: 36.648.

# FGMRES residual history
# Residual tolerance target = 1e-10
# Initial residual norm     = 1.04156e-09
     0     1
# FGMRES final (true) residual:
# Iteration = 4: |res|/|res0| = 9.87321e-12.

Computing volumes of the grid elements.
Non-linear iter.: 128/500. Linear iter.: 4. Min. area: 0.000154644. Error: 9.87321e-12.
Computing volumes of the grid elements.
Min. volume: 0.000154644, max. volume: 36.648.

# FGMRES residual history
# Residual tolerance target = 1e-10
# Initial residual norm     = 1.04157e-09
     0     1
# FGMRES final (true) residual:
# Iteration = 4: |res|/|res0| = 9.87322e-12.

Computing volumes of the grid elements.
Non-linear iter.: 129/500. Linear iter.: 4. Min. area: 0.000154644. Error: 9.87322e-12.
Computing volumes of the grid elements.
Min. volume: 0.000154644, max. volume: 36.648.

# FGMRES residual history
# Residual tolerance target = 1e-10
# Initial residual norm     = 1.04157e-09
     0     1
# FGMRES final (true) residual:
# Iteration = 4: |res|/|res0| = 9.87323e-12.

Computing volumes of the grid elements.
Non-linear iter.: 130/500. Linear iter.: 4. Min. area: 0.000154644. Error: 9.87323e-12.
Computing volumes of the grid elements.
Min. volume: 0.000154644, max. volume: 36.648.

# FGMRES residual history
# Residual tolerance target = 1e-10
# Initial residual norm     = 1.04158e-09
     0     1
# FGMRES final (true) residual:
# Iteration = 4: |res|/|res0| = 9.87324e-12.

Computing volumes of the grid elements.
Non-linear iter.: 131/500. Linear iter.: 4. Min. area: 0.000154644. Error: 9.87324e-12.
Computing volumes of the grid elements.
Min. volume: 0.000154644, max. volume: 36.648.

# FGMRES residual history
# Residual tolerance target = 1e-10
# Initial residual norm     = 1.04158e-09
     0     1
# FGMRES final (true) residual:
# Iteration = 4: |res|/|res0| = 9.87325e-12.

Computing volumes of the grid elements.
Non-linear iter.: 132/500. Linear iter.: 4. Min. area: 0.000154644. Error: 9.87325e-12.
Computing volumes of the grid elements.
Min. volume: 0.000154644, max. volume: 36.648.

# FGMRES residual history
# Residual tolerance target = 1e-10
# Initial residual norm     = 1.04159e-09
     0     1
# FGMRES final (true) residual:
# Iteration = 4: |res|/|res0| = 9.87326e-12.

Computing volumes of the grid elements.
Non-linear iter.: 133/500. Linear iter.: 4. Min. area: 0.000154644. Error: 9.87326e-12.
Computing volumes of the grid elements.
Min. volume: 0.000154644, max. volume: 36.648.

# FGMRES residual history
# Residual tolerance target = 1e-10
# Initial residual norm     = 1.04159e-09
     0     1
# FGMRES final (true) residual:
# Iteration = 4: |res|/|res0| = 9.87327e-12.

Computing volumes of the grid elements.
Non-linear iter.: 134/500. Linear iter.: 4. Min. area: 0.000154644. Error: 9.87327e-12.
Computing volumes of the grid elements.
Min. volume: 0.000154644, max. volume: 36.648.

# FGMRES residual history
# Residual tolerance target = 1e-10
# Initial residual norm     = 1.0416e-09
     0     1
# FGMRES final (true) residual:
# Iteration = 4: |res|/|res0| = 9.87328e-12.

Computing volumes of the grid elements.
Non-linear iter.: 135/500. Linear iter.: 4. Min. area: 0.000154644. Error: 9.87328e-12.
Computing volumes of the grid elements.
Min. volume: 0.000154644, max. volume: 36.648.

# FGMRES residual history
# Residual tolerance target = 1e-10
# Initial residual norm     = 1.0416e-09
     0     1
# FGMRES final (true) residual:
# Iteration = 4: |res|/|res0| = 9.87329e-12.

Computing volumes of the grid elements.
Non-linear iter.: 136/500. Linear iter.: 4. Min. area: 0.000154644. Error: 9.87329e-12.
Computing volumes of the grid elements.
Min. volume: 0.000154644, max. volume: 36.648.

# FGMRES residual history
# Residual tolerance target = 1e-10
# Initial residual norm     = 1.04161e-09
     0     1
# FGMRES final (true) residual:
# Iteration = 4: |res|/|res0| = 9.8733e-12.

Computing volumes of the grid elements.
Non-linear iter.: 137/500. Linear iter.: 4. Min. area: 0.000154644. Error: 9.8733e-12.
Computing volumes of the grid elements.
Min. volume: 0.000154644, max. volume: 36.648.

# FGMRES residual history
# Residual tolerance target = 1e-10
# Initial residual norm     = 1.04161e-09
     0     1
# FGMRES final (true) residual:
# Iteration = 4: |res|/|res0| = 9.87331e-12.

Computing volumes of the grid elements.
Non-linear iter.: 138/500. Linear iter.: 4. Min. area: 0.000154644. Error: 9.87331e-12.
Computing volumes of the grid elements.
Min. volume: 0.000154644, max. volume: 36.648.

# FGMRES residual history
# Residual tolerance target = 1e-10
# Initial residual norm     = 1.04162e-09
     0     1
# FGMRES final (true) residual:
# Iteration = 4: |res|/|res0| = 9.87332e-12.

Computing volumes of the grid elements.
Non-linear iter.: 139/500. Linear iter.: 4. Min. area: 0.000154644. Error: 9.87332e-12.
Computing volumes of the grid elements.
Min. volume: 0.000154644, max. volume: 36.648.

# FGMRES residual history
# Residual tolerance target = 1e-10
# Initial residual norm     = 1.04163e-09
     0     1
# FGMRES final (true) residual:
# Iteration = 4: |res|/|res0| = 9.87333e-12.

Computing volumes of the grid elements.
Non-linear iter.: 140/500. Linear iter.: 4. Min. area: 0.000154644. Error: 9.87333e-12.
Computing volumes of the grid elements.
Min. volume: 0.000154644, max. volume: 36.648.

# FGMRES residual history
# Residual tolerance target = 1e-10
# Initial residual norm     = 1.04163e-09
     0     1
# FGMRES final (true) residual:
# Iteration = 4: |res|/|res0| = 9.87334e-12.

Computing volumes of the grid elements.
Non-linear iter.: 141/500. Linear iter.: 4. Min. area: 0.000154644. Error: 9.87334e-12.
Computing volumes of the grid elements.
Min. volume: 0.000154644, max. volume: 36.648.

# FGMRES residual history
# Residual tolerance target = 1e-10
# Initial residual norm     = 1.04164e-09
     0     1
# FGMRES final (true) residual:
# Iteration = 4: |res|/|res0| = 9.87335e-12.

Computing volumes of the grid elements.
Non-linear iter.: 142/500. Linear iter.: 4. Min. area: 0.000154644. Error: 9.87335e-12.
Computing volumes of the grid elements.
Min. volume: 0.000154644, max. volume: 36.648.

# FGMRES residual history
# Residual tolerance target = 1e-10
# Initial residual norm     = 1.04164e-09
     0     1
# FGMRES final (true) residual:
# Iteration = 4: |res|/|res0| = 9.87336e-12.

Computing volumes of the grid elements.
Non-linear iter.: 143/500. Linear iter.: 4. Min. area: 0.000154644. Error: 9.87336e-12.
Computing volumes of the grid elements.
Min. volume: 0.000154644, max. volume: 36.648.

# FGMRES residual history
# Residual tolerance target = 1e-10
# Initial residual norm     = 1.04165e-09
     0     1
# FGMRES final (true) residual:
# Iteration = 4: |res|/|res0| = 9.87337e-12.

Computing volumes of the grid elements.
Non-linear iter.: 144/500. Linear iter.: 4. Min. area: 0.000154644. Error: 9.87337e-12.
Computing volumes of the grid elements.
Min. volume: 0.000154644, max. volume: 36.648.

# FGMRES residual history
# Residual tolerance target = 1e-10
# Initial residual norm     = 1.04165e-09
     0     1
# FGMRES final (true) residual:
# Iteration = 4: |res|/|res0| = 9.87338e-12.

Computing volumes of the grid elements.
Non-linear iter.: 145/500. Linear iter.: 4. Min. area: 0.000154644. Error: 9.87338e-12.
Computing volumes of the grid elements.
Min. volume: 0.000154644, max. volume: 36.648.

# FGMRES residual history
# Residual tolerance target = 1e-10
# Initial residual norm     = 1.04166e-09
     0     1
# FGMRES final (true) residual:
# Iteration = 4: |res|/|res0| = 9.87339e-12.

Computing volumes of the grid elements.
Non-linear iter.: 146/500. Linear iter.: 4. Min. area: 0.000154644. Error: 9.87339e-12.
Computing volumes of the grid elements.
Min. volume: 0.000154644, max. volume: 36.648.

# FGMRES residual history
# Residual tolerance target = 1e-10
# Initial residual norm     = 1.04166e-09
     0     1
# FGMRES final (true) residual:
# Iteration = 4: |res|/|res0| = 9.8734e-12.

Computing volumes of the grid elements.
Non-linear iter.: 147/500. Linear iter.: 4. Min. area: 0.000154644. Error: 9.8734e-12.
Computing volumes of the grid elements.
Min. volume: 0.000154644, max. volume: 36.648.

# FGMRES residual history
# Residual tolerance target = 1e-10
# Initial residual norm     = 1.04167e-09
     0     1
# FGMRES final (true) residual:
# Iteration = 4: |res|/|res0| = 9.87341e-12.

Computing volumes of the grid elements.
Non-linear iter.: 148/500. Linear iter.: 4. Min. area: 0.000154644. Error: 9.87341e-12.
Computing volumes of the grid elements.
Min. volume: 0.000154644, max. volume: 36.648.

# FGMRES residual history
# Residual tolerance target = 1e-10
# Initial residual norm     = 1.04167e-09
     0     1
# FGMRES final (true) residual:
# Iteration = 4: |res|/|res0| = 9.87342e-12.

Computing volumes of the grid elements.
Non-linear iter.: 149/500. Linear iter.: 4. Min. area: 0.000154644. Error: 9.87342e-12.
Computing volumes of the grid elements.
Min. volume: 0.000154644, max. volume: 36.648.

# FGMRES residual history
# Residual tolerance target = 1e-10
# Initial residual norm     = 1.04168e-09
     0     1
# FGMRES final (true) residual:
# Iteration = 4: |res|/|res0| = 9.87343e-12.

Computing volumes of the grid elements.
Non-linear iter.: 150/500. Linear iter.: 4. Min. area: 0.000154644. Error: 9.87343e-12.
Computing volumes of the grid elements.
Min. volume: 0.000154644, max. volume: 36.648.

# FGMRES residual history
# Residual tolerance target = 1e-10
# Initial residual norm     = 1.04168e-09
     0     1
# FGMRES final (true) residual:
# Iteration = 4: |res|/|res0| = 9.87344e-12.

Computing volumes of the grid elements.
Non-linear iter.: 151/500. Linear iter.: 4. Min. area: 0.000154644. Error: 9.87344e-12.
Computing volumes of the grid elements.
Min. volume: 0.000154644, max. volume: 36.648.

# FGMRES residual history
# Residual tolerance target = 1e-10
# Initial residual norm     = 1.04169e-09
     0     1
# FGMRES final (true) residual:
# Iteration = 4: |res|/|res0| = 9.87345e-12.

Computing volumes of the grid elements.
Non-linear iter.: 152/500. Linear iter.: 4. Min. area: 0.000154644. Error: 9.87345e-12.
Computing volumes of the grid elements.
Min. volume: 0.000154644, max. volume: 36.6481.

# FGMRES residual history
# Residual tolerance target = 1e-10
# Initial residual norm     = 1.0417e-09
     0     1
# FGMRES final (true) residual:
# Iteration = 4: |res|/|res0| = 9.87346e-12.

Computing volumes of the grid elements.
Non-linear iter.: 153/500. Linear iter.: 4. Min. area: 0.000154644. Error: 9.87346e-12.
Computing volumes of the grid elements.
Min. volume: 0.000154644, max. volume: 36.6481.

# FGMRES residual history
# Residual tolerance target = 1e-10
# Initial residual norm     = 1.0417e-09
     0     1
# FGMRES final (true) residual:
# Iteration = 4: |res|/|res0| = 9.87347e-12.

Computing volumes of the grid elements.
Non-linear iter.: 154/500. Linear iter.: 4. Min. area: 0.000154644. Error: 9.87347e-12.
Computing volumes of the grid elements.
Min. volume: 0.000154644, max. volume: 36.6481.

# FGMRES residual history
# Residual tolerance target = 1e-10
# Initial residual norm     = 1.04171e-09
     0     1
# FGMRES final (true) residual:
# Iteration = 4: |res|/|res0| = 9.87348e-12.

Computing volumes of the grid elements.
Non-linear iter.: 155/500. Linear iter.: 4. Min. area: 0.000154644. Error: 9.87348e-12.
Computing volumes of the grid elements.
Min. volume: 0.000154644, max. volume: 36.6481.

# FGMRES residual history
# Residual tolerance target = 1e-10
# Initial residual norm     = 1.04171e-09
     0     1
# FGMRES final (true) residual:
# Iteration = 4: |res|/|res0| = 9.87349e-12.

Computing volumes of the grid elements.
Non-linear iter.: 156/500. Linear iter.: 4. Min. area: 0.000154644. Error: 9.87349e-12.
Computing volumes of the grid elements.
Min. volume: 0.000154644, max. volume: 36.6481.

# FGMRES residual history
# Residual tolerance target = 1e-10
# Initial residual norm     = 1.04172e-09
     0     1
# FGMRES final (true) residual:
# Iteration = 4: |res|/|res0| = 9.8735e-12.

Computing volumes of the grid elements.
Non-linear iter.: 157/500. Linear iter.: 4. Min. area: 0.000154644. Error: 9.8735e-12.
Computing volumes of the grid elements.
Min. volume: 0.000154644, max. volume: 36.6481.

# FGMRES residual history
# Residual tolerance target = 1e-10
# Initial residual norm     = 1.04172e-09
     0     1
# FGMRES final (true) residual:
# Iteration = 4: |res|/|res0| = 9.87351e-12.

Computing volumes of the grid elements.
Non-linear iter.: 158/500. Linear iter.: 4. Min. area: 0.000154644. Error: 9.87351e-12.
Computing volumes of the grid elements.
Min. volume: 0.000154644, max. volume: 36.6481.

# FGMRES residual history
# Residual tolerance target = 1e-10
# Initial residual norm     = 1.04173e-09
     0     1
# FGMRES final (true) residual:
# Iteration = 4: |res|/|res0| = 9.87352e-12.

Computing volumes of the grid elements.
Non-linear iter.: 159/500. Linear iter.: 4. Min. area: 0.000154644. Error: 9.87352e-12.
Computing volumes of the grid elements.
Min. volume: 0.000154644, max. volume: 36.6481.

# FGMRES residual history
# Residual tolerance target = 1e-10
# Initial residual norm     = 1.04173e-09
     0     1
# FGMRES final (true) residual:
# Iteration = 4: |res|/|res0| = 9.87353e-12.

Computing volumes of the grid elements.
Non-linear iter.: 160/500. Linear iter.: 4. Min. area: 0.000154644. Error: 9.87353e-12.
Computing volumes of the grid elements.
Min. volume: 0.000154644, max. volume: 36.6481.

# FGMRES residual history
# Residual tolerance target = 1e-10
# Initial residual norm     = 1.04174e-09
     0     1
# FGMRES final (true) residual:
# Iteration = 4: |res|/|res0| = 9.87354e-12.

Computing volumes of the grid elements.
Non-linear iter.: 161/500. Linear iter.: 4. Min. area: 0.000154644. Error: 9.87354e-12.
Computing volumes of the grid elements.
Min. volume: 0.000154644, max. volume: 36.6481.

# FGMRES residual history
# Residual tolerance target = 1e-10
# Initial residual norm     = 1.04174e-09
     0     1
# FGMRES final (true) residual:
# Iteration = 4: |res|/|res0| = 9.87355e-12.

Computing volumes of the grid elements.
Non-linear iter.: 162/500. Linear iter.: 4. Min. area: 0.000154644. Error: 9.87355e-12.
Computing volumes of the grid elements.
Min. volume: 0.000154644, max. volume: 36.6481.

# FGMRES residual history
# Residual tolerance target = 1e-10
# Initial residual norm     = 1.04175e-09
     0     1
# FGMRES final (true) residual:
# Iteration = 4: |res|/|res0| = 9.87356e-12.

Computing volumes of the grid elements.
Non-linear iter.: 163/500. Linear iter.: 4. Min. area: 0.000154644. Error: 9.87356e-12.
Computing volumes of the grid elements.
Min. volume: 0.000154644, max. volume: 36.6481.

# FGMRES residual history
# Residual tolerance target = 1e-10
# Initial residual norm     = 1.04175e-09
     0     1
# FGMRES final (true) residual:
# Iteration = 4: |res|/|res0| = 9.87357e-12.

Computing volumes of the grid elements.
Non-linear iter.: 164/500. Linear iter.: 4. Min. area: 0.000154644. Error: 9.87357e-12.
Computing volumes of the grid elements.
Min. volume: 0.000154644, max. volume: 36.6481.

# FGMRES residual history
# Residual tolerance target = 1e-10
# Initial residual norm     = 1.04176e-09
     0     1
# FGMRES final (true) residual:
# Iteration = 4: |res|/|res0| = 9.87358e-12.

Computing volumes of the grid elements.
Non-linear iter.: 165/500. Linear iter.: 4. Min. area: 0.000154644. Error: 9.87358e-12.
Computing volumes of the grid elements.
Min. volume: 0.000154644, max. volume: 36.6481.

# FGMRES residual history
# Residual tolerance target = 1e-10
# Initial residual norm     = 1.04177e-09
     0     1
# FGMRES final (true) residual:
# Iteration = 4: |res|/|res0| = 9.87359e-12.

Computing volumes of the grid elements.
Non-linear iter.: 166/500. Linear iter.: 4. Min. area: 0.000154644. Error: 9.87359e-12.
Computing volumes of the grid elements.
Min. volume: 0.000154644, max. volume: 36.6481.

# FGMRES residual history
# Residual tolerance target = 1e-10
# Initial residual norm     = 1.04177e-09
     0     1
# FGMRES final (true) residual:
# Iteration = 4: |res|/|res0| = 9.8736e-12.

Computing volumes of the grid elements.
Non-linear iter.: 167/500. Linear iter.: 4. Min. area: 0.000154644. Error: 9.8736e-12.
Computing volumes of the grid elements.
Min. volume: 0.000154644, max. volume: 36.6481.

# FGMRES residual history
# Residual tolerance target = 1e-10
# Initial residual norm     = 1.04178e-09
     0     1
# FGMRES final (true) residual:
# Iteration = 4: |res|/|res0| = 9.87361e-12.

Computing volumes of the grid elements.
Non-linear iter.: 168/500. Linear iter.: 4. Min. area: 0.000154644. Error: 9.87361e-12.
Computing volumes of the grid elements.
Min. volume: 0.000154644, max. volume: 36.6481.

# FGMRES residual history
# Residual tolerance target = 1e-10
# Initial residual norm     = 1.04178e-09
     0     1
# FGMRES final (true) residual:
# Iteration = 4: |res|/|res0| = 9.87362e-12.

Computing volumes of the grid elements.
Non-linear iter.: 169/500. Linear iter.: 4. Min. area: 0.000154644. Error: 9.87362e-12.
Computing volumes of the grid elements.
Min. volume: 0.000154644, max. volume: 36.6481.

# FGMRES residual history
# Residual tolerance target = 1e-10
# Initial residual norm     = 1.04179e-09
     0     1
# FGMRES final (true) residual:
# Iteration = 4: |res|/|res0| = 9.87363e-12.

Computing volumes of the grid elements.
Non-linear iter.: 170/500. Linear iter.: 4. Min. area: 0.000154644. Error: 9.87363e-12.
Computing volumes of the grid elements.
Min. volume: 0.000154644, max. volume: 36.6481.

# FGMRES residual history
# Residual tolerance target = 1e-10
# Initial residual norm     = 1.04179e-09
     0     1
# FGMRES final (true) residual:
# Iteration = 4: |res|/|res0| = 9.87364e-12.

Computing volumes of the grid elements.
Non-linear iter.: 171/500. Linear iter.: 4. Min. area: 0.000154644. Error: 9.87364e-12.
Computing volumes of the grid elements.
Min. volume: 0.000154644, max. volume: 36.6481.

# FGMRES residual history
# Residual tolerance target = 1e-10
# Initial residual norm     = 1.0418e-09
     0     1
# FGMRES final (true) residual:
# Iteration = 4: |res|/|res0| = 9.87365e-12.

Computing volumes of the grid elements.
Non-linear iter.: 172/500. Linear iter.: 4. Min. area: 0.000154644. Error: 9.87365e-12.
Computing volumes of the grid elements.
Min. volume: 0.000154644, max. volume: 36.6481.

# FGMRES residual history
# Residual tolerance target = 1e-10
# Initial residual norm     = 1.0418e-09
     0     1
# FGMRES final (true) residual:
# Iteration = 4: |res|/|res0| = 9.87366e-12.

Computing volumes of the grid elements.
Non-linear iter.: 173/500. Linear iter.: 4. Min. area: 0.000154644. Error: 9.87366e-12.
Computing volumes of the grid elements.
Min. volume: 0.000154644, max. volume: 36.6481.

# FGMRES residual history
# Residual tolerance target = 1e-10
# Initial residual norm     = 1.04181e-09
     0     1
# FGMRES final (true) residual:
# Iteration = 4: |res|/|res0| = 9.87367e-12.

Computing volumes of the grid elements.
Non-linear iter.: 174/500. Linear iter.: 4. Min. area: 0.000154644. Error: 9.87367e-12.
Computing volumes of the grid elements.
Min. volume: 0.000154644, max. volume: 36.6481.

# FGMRES residual history
# Residual tolerance target = 1e-10
# Initial residual norm     = 1.04181e-09
     0     1
# FGMRES final (true) residual:
# Iteration = 4: |res|/|res0| = 9.87368e-12.

Computing volumes of the grid elements.
Non-linear iter.: 175/500. Linear iter.: 4. Min. area: 0.000154644. Error: 9.87368e-12.
Computing volumes of the grid elements.
Min. volume: 0.000154644, max. volume: 36.6481.

# FGMRES residual history
# Residual tolerance target = 1e-10
# Initial residual norm     = 1.04182e-09
     0     1
# FGMRES final (true) residual:
# Iteration = 4: |res|/|res0| = 9.87369e-12.

Computing volumes of the grid elements.
Non-linear iter.: 176/500. Linear iter.: 4. Min. area: 0.000154644. Error: 9.87369e-12.
Computing volumes of the grid elements.
Min. volume: 0.000154644, max. volume: 36.6481.

# FGMRES residual history
# Residual tolerance target = 1e-10
# Initial residual norm     = 1.04182e-09
     0     1
# FGMRES final (true) residual:
# Iteration = 4: |res|/|res0| = 9.8737e-12.

Computing volumes of the grid elements.
Non-linear iter.: 177/500. Linear iter.: 4. Min. area: 0.000154644. Error: 9.8737e-12.
Computing volumes of the grid elements.
Min. volume: 0.000154644, max. volume: 36.6481.

# FGMRES residual history
# Residual tolerance target = 1e-10
# Initial residual norm     = 1.04183e-09
     0     1
# FGMRES final (true) residual:
# Iteration = 4: |res|/|res0| = 9.87371e-12.

Computing volumes of the grid elements.
Non-linear iter.: 178/500. Linear iter.: 4. Min. area: 0.000154644. Error: 9.87371e-12.
Computing volumes of the grid elements.
Min. volume: 0.000154644, max. volume: 36.6481.

# FGMRES residual history
# Residual tolerance target = 1e-10
# Initial residual norm     = 1.04184e-09
     0     1
# FGMRES final (true) residual:
# Iteration = 4: |res|/|res0| = 9.87372e-12.

Computing volumes of the grid elements.
Non-linear iter.: 179/500. Linear iter.: 4. Min. area: 0.000154644. Error: 9.87372e-12.
Computing volumes of the grid elements.
Min. volume: 0.000154644, max. volume: 36.6481.

# FGMRES residual history
# Residual tolerance target = 1e-10
# Initial residual norm     = 1.04184e-09
     0     1
# FGMRES final (true) residual:
# Iteration = 4: |res|/|res0| = 9.87373e-12.

Computing volumes of the grid elements.
Non-linear iter.: 180/500. Linear iter.: 4. Min. area: 0.000154644. Error: 9.87373e-12.
Computing volumes of the grid elements.
Min. volume: 0.000154644, max. volume: 36.6481.

# FGMRES residual history
# Residual tolerance target = 1e-10
# Initial residual norm     = 1.04185e-09
     0     1
# FGMRES final (true) residual:
# Iteration = 4: |res|/|res0| = 9.87374e-12.

Computing volumes of the grid elements.
Non-linear iter.: 181/500. Linear iter.: 4. Min. area: 0.000154644. Error: 9.87374e-12.
Computing volumes of the grid elements.
Min. volume: 0.000154644, max. volume: 36.6481.

# FGMRES residual history
# Residual tolerance target = 1e-10
# Initial residual norm     = 1.04185e-09
     0     1
# FGMRES final (true) residual:
# Iteration = 4: |res|/|res0| = 9.87375e-12.

Computing volumes of the grid elements.
Non-linear iter.: 182/500. Linear iter.: 4. Min. area: 0.000154644. Error: 9.87375e-12.
Computing volumes of the grid elements.
Min. volume: 0.000154644, max. volume: 36.6481.

# FGMRES residual history
# Residual tolerance target = 1e-10
# Initial residual norm     = 1.04186e-09
     0     1
# FGMRES final (true) residual:
# Iteration = 4: |res|/|res0| = 9.87376e-12.

Computing volumes of the grid elements.
Non-linear iter.: 183/500. Linear iter.: 4. Min. area: 0.000154644. Error: 9.87376e-12.
Computing volumes of the grid elements.
Min. volume: 0.000154644, max. volume: 36.6481.

# FGMRES residual history
# Residual tolerance target = 1e-10
# Initial residual norm     = 1.04186e-09
     0     1
# FGMRES final (true) residual:
# Iteration = 4: |res|/|res0| = 9.87377e-12.

Computing volumes of the grid elements.
Non-linear iter.: 184/500. Linear iter.: 4. Min. area: 0.000154644. Error: 9.87377e-12.
Computing volumes of the grid elements.
Min. volume: 0.000154644, max. volume: 36.6481.

# FGMRES residual history
# Residual tolerance target = 1e-10
# Initial residual norm     = 1.04187e-09
     0     1
# FGMRES final (true) residual:
# Iteration = 4: |res|/|res0| = 9.87378e-12.

Computing volumes of the grid elements.
Non-linear iter.: 185/500. Linear iter.: 4. Min. area: 0.000154644. Error: 9.87378e-12.
Computing volumes of the grid elements.
Min. volume: 0.000154644, max. volume: 36.6481.

# FGMRES residual history
# Residual tolerance target = 1e-10
# Initial residual norm     = 1.04187e-09
     0     1
# FGMRES final (true) residual:
# Iteration = 4: |res|/|res0| = 9.87379e-12.

Computing volumes of the grid elements.
Non-linear iter.: 186/500. Linear iter.: 4. Min. area: 0.000154644. Error: 9.87379e-12.
Computing volumes of the grid elements.
Min. volume: 0.000154644, max. volume: 36.6481.

# FGMRES residual history
# Residual tolerance target = 1e-10
# Initial residual norm     = 1.04188e-09
     0     1
# FGMRES final (true) residual:
# Iteration = 4: |res|/|res0| = 9.8738e-12.

Computing volumes of the grid elements.
Non-linear iter.: 187/500. Linear iter.: 4. Min. area: 0.000154644. Error: 9.8738e-12.
Computing volumes of the grid elements.
Min. volume: 0.000154644, max. volume: 36.6481.

# FGMRES residual history
# Residual tolerance target = 1e-10
# Initial residual norm     = 1.04188e-09
     0     1
# FGMRES final (true) residual:
# Iteration = 4: |res|/|res0| = 9.87381e-12.

Computing volumes of the grid elements.
Non-linear iter.: 188/500. Linear iter.: 4. Min. area: 0.000154644. Error: 9.87381e-12.
Computing volumes of the grid elements.
Min. volume: 0.000154644, max. volume: 36.6481.

# FGMRES residual history
# Residual tolerance target = 1e-10
# Initial residual norm     = 1.04189e-09
     0     1
# FGMRES final (true) residual:
# Iteration = 4: |res|/|res0| = 9.87382e-12.

Computing volumes of the grid elements.
Non-linear iter.: 189/500. Linear iter.: 4. Min. area: 0.000154644. Error: 9.87382e-12.
Computing volumes of the grid elements.
Min. volume: 0.000154644, max. volume: 36.6481.

# FGMRES residual history
# Residual tolerance target = 1e-10
# Initial residual norm     = 1.04189e-09
     0     1
# FGMRES final (true) residual:
# Iteration = 4: |res|/|res0| = 9.87383e-12.

Computing volumes of the grid elements.
Non-linear iter.: 190/500. Linear iter.: 4. Min. area: 0.000154644. Error: 9.87383e-12.
Computing volumes of the grid elements.
Min. volume: 0.000154644, max. volume: 36.6481.

# FGMRES residual history
# Residual tolerance target = 1e-10
# Initial residual norm     = 1.0419e-09
     0     1
# FGMRES final (true) residual:
# Iteration = 4: |res|/|res0| = 9.87384e-12.

Computing volumes of the grid elements.
Non-linear iter.: 191/500. Linear iter.: 4. Min. area: 0.000154644. Error: 9.87384e-12.
Computing volumes of the grid elements.
Min. volume: 0.000154644, max. volume: 36.6481.

# FGMRES residual history
# Residual tolerance target = 1e-10
# Initial residual norm     = 1.04191e-09
     0     1
# FGMRES final (true) residual:
# Iteration = 4: |res|/|res0| = 9.87385e-12.

Computing volumes of the grid elements.
Non-linear iter.: 192/500. Linear iter.: 4. Min. area: 0.000154644. Error: 9.87385e-12.
Computing volumes of the grid elements.
Min. volume: 0.000154644, max. volume: 36.6481.

# FGMRES residual history
# Residual tolerance target = 1e-10
# Initial residual norm     = 1.04191e-09
     0     1
# FGMRES final (true) residual:
# Iteration = 4: |res|/|res0| = 9.87386e-12.

Computing volumes of the grid elements.
Non-linear iter.: 193/500. Linear iter.: 4. Min. area: 0.000154644. Error: 9.87386e-12.
Computing volumes of the grid elements.
Min. volume: 0.000154644, max. volume: 36.6481.

# FGMRES residual history
# Residual tolerance target = 1e-10
# Initial residual norm     = 1.04192e-09
     0     1
# FGMRES final (true) residual:
# Iteration = 4: |res|/|res0| = 9.87387e-12.

Computing volumes of the grid elements.
Non-linear iter.: 194/500. Linear iter.: 4. Min. area: 0.000154644. Error: 9.87387e-12.
Computing volumes of the grid elements.
Min. volume: 0.000154644, max. volume: 36.6481.

# FGMRES residual history
# Residual tolerance target = 1e-10
# Initial residual norm     = 1.04192e-09
     0     1
# FGMRES final (true) residual:
# Iteration = 4: |res|/|res0| = 9.87388e-12.

Computing volumes of the grid elements.
Non-linear iter.: 195/500. Linear iter.: 4. Min. area: 0.000154644. Error: 9.87388e-12.
Computing volumes of the grid elements.
Min. volume: 0.000154644, max. volume: 36.6481.

# FGMRES residual history
# Residual tolerance target = 1e-10
# Initial residual norm     = 1.04193e-09
     0     1
# FGMRES final (true) residual:
# Iteration = 4: |res|/|res0| = 9.87389e-12.

Computing volumes of the grid elements.
Non-linear iter.: 196/500. Linear iter.: 4. Min. area: 0.000154644. Error: 9.87389e-12.
Computing volumes of the grid elements.
Min. volume: 0.000154644, max. volume: 36.6481.

# FGMRES residual history
# Residual tolerance target = 1e-10
# Initial residual norm     = 1.04193e-09
     0     1
# FGMRES final (true) residual:
# Iteration = 4: |res|/|res0| = 9.8739e-12.

Computing volumes of the grid elements.
Non-linear iter.: 197/500. Linear iter.: 4. Min. area: 0.000154644. Error: 9.8739e-12.
Computing volumes of the grid elements.
Min. volume: 0.000154644, max. volume: 36.6481.

# FGMRES residual history
# Residual tolerance target = 1e-10
# Initial residual norm     = 1.04194e-09
     0     1
# FGMRES final (true) residual:
# Iteration = 4: |res|/|res0| = 9.87391e-12.

Computing volumes of the grid elements.
Non-linear iter.: 198/500. Linear iter.: 4. Min. area: 0.000154644. Error: 9.87391e-12.
Computing volumes of the grid elements.
Min. volume: 0.000154644, max. volume: 36.6481.

# FGMRES residual history
# Residual tolerance target = 1e-10
# Initial residual norm     = 1.04194e-09
     0     1
# FGMRES final (true) residual:
# Iteration = 4: |res|/|res0| = 9.87392e-12.

Computing volumes of the grid elements.
Non-linear iter.: 199/500. Linear iter.: 4. Min. area: 0.000154644. Error: 9.87392e-12.
Computing volumes of the grid elements.
Min. volume: 0.000154644, max. volume: 36.6482.

# FGMRES residual history
# Residual tolerance target = 1e-10
# Initial residual norm     = 1.04195e-09
     0     1
# FGMRES final (true) residual:
# Iteration = 4: |res|/|res0| = 9.87393e-12.

Computing volumes of the grid elements.
Non-linear iter.: 200/500. Linear iter.: 4. Min. area: 0.000154644. Error: 9.87393e-12.
Computing volumes of the grid elements.
Min. volume: 0.000154644, max. volume: 36.6482.

# FGMRES residual history
# Residual tolerance target = 1e-10
# Initial residual norm     = 1.04195e-09
     0     1
# FGMRES final (true) residual:
# Iteration = 4: |res|/|res0| = 9.87394e-12.

Computing volumes of the grid elements.
Non-linear iter.: 201/500. Linear iter.: 4. Min. area: 0.000154644. Error: 9.87394e-12.
Computing volumes of the grid elements.
Min. volume: 0.000154644, max. volume: 36.6482.

# FGMRES residual history
# Residual tolerance target = 1e-10
# Initial residual norm     = 1.04196e-09
     0     1
# FGMRES final (true) residual:
# Iteration = 4: |res|/|res0| = 9.87395e-12.

Computing volumes of the grid elements.
Non-linear iter.: 202/500. Linear iter.: 4. Min. area: 0.000154644. Error: 9.87395e-12.
Computing volumes of the grid elements.
Min. volume: 0.000154644, max. volume: 36.6482.

# FGMRES residual history
# Residual tolerance target = 1e-10
# Initial residual norm     = 1.04197e-09
     0     1
# FGMRES final (true) residual:
# Iteration = 4: |res|/|res0| = 9.87396e-12.

Computing volumes of the grid elements.
Non-linear iter.: 203/500. Linear iter.: 4. Min. area: 0.000154644. Error: 9.87396e-12.
Computing volumes of the grid elements.
Min. volume: 0.000154644, max. volume: 36.6482.

# FGMRES residual history
# Residual tolerance target = 1e-10
# Initial residual norm     = 1.04197e-09
     0     1
# FGMRES final (true) residual:
# Iteration = 4: |res|/|res0| = 9.87397e-12.

Computing volumes of the grid elements.
Non-linear iter.: 204/500. Linear iter.: 4. Min. area: 0.000154644. Error: 9.87397e-12.
Computing volumes of the grid elements.
Min. volume: 0.000154644, max. volume: 36.6482.

# FGMRES residual history
# Residual tolerance target = 1e-10
# Initial residual norm     = 1.04198e-09
     0     1
# FGMRES final (true) residual:
# Iteration = 4: |res|/|res0| = 9.87398e-12.

Computing volumes of the grid elements.
Non-linear iter.: 205/500. Linear iter.: 4. Min. area: 0.000154644. Error: 9.87398e-12.
Computing volumes of the grid elements.
Min. volume: 0.000154644, max. volume: 36.6482.

# FGMRES residual history
# Residual tolerance target = 1e-10
# Initial residual norm     = 1.04198e-09
     0     1
# FGMRES final (true) residual:
# Iteration = 4: |res|/|res0| = 9.87399e-12.

Computing volumes of the grid elements.
Non-linear iter.: 206/500. Linear iter.: 4. Min. area: 0.000154644. Error: 9.87399e-12.
Computing volumes of the grid elements.
Min. volume: 0.000154644, max. volume: 36.6482.

# FGMRES residual history
# Residual tolerance target = 1e-10
# Initial residual norm     = 1.04199e-09
     0     1
# FGMRES final (true) residual:
# Iteration = 4: |res|/|res0| = 9.874e-12.

Computing volumes of the grid elements.
Non-linear iter.: 207/500. Linear iter.: 4. Min. area: 0.000154644. Error: 9.874e-12.
Computing volumes of the grid elements.
Min. volume: 0.000154644, max. volume: 36.6482.

# FGMRES residual history
# Residual tolerance target = 1e-10
# Initial residual norm     = 1.04199e-09
     0     1
# FGMRES final (true) residual:
# Iteration = 4: |res|/|res0| = 9.87401e-12.

Computing volumes of the grid elements.
Non-linear iter.: 208/500. Linear iter.: 4. Min. area: 0.000154644. Error: 9.87401e-12.
Computing volumes of the grid elements.
Min. volume: 0.000154644, max. volume: 36.6482.

# FGMRES residual history
# Residual tolerance target = 1e-10
# Initial residual norm     = 1.042e-09
     0     1
# FGMRES final (true) residual:
# Iteration = 4: |res|/|res0| = 9.87402e-12.

Computing volumes of the grid elements.
Non-linear iter.: 209/500. Linear iter.: 4. Min. area: 0.000154644. Error: 9.87402e-12.
Computing volumes of the grid elements.
Min. volume: 0.000154644, max. volume: 36.6482.

# FGMRES residual history
# Residual tolerance target = 1e-10
# Initial residual norm     = 1.042e-09
     0     1
# FGMRES final (true) residual:
# Iteration = 4: |res|/|res0| = 9.87403e-12.

Computing volumes of the grid elements.
Non-linear iter.: 210/500. Linear iter.: 4. Min. area: 0.000154644. Error: 9.87403e-12.
Computing volumes of the grid elements.
Min. volume: 0.000154644, max. volume: 36.6482.

# FGMRES residual history
# Residual tolerance target = 1e-10
# Initial residual norm     = 1.04201e-09
     0     1
# FGMRES final (true) residual:
# Iteration = 4: |res|/|res0| = 9.87404e-12.

Computing volumes of the grid elements.
Non-linear iter.: 211/500. Linear iter.: 4. Min. area: 0.000154644. Error: 9.87404e-12.
Computing volumes of the grid elements.
Min. volume: 0.000154644, max. volume: 36.6482.

# FGMRES residual history
# Residual tolerance target = 1e-10
# Initial residual norm     = 1.04201e-09
     0     1
# FGMRES final (true) residual:
# Iteration = 4: |res|/|res0| = 9.87405e-12.

Computing volumes of the grid elements.
Non-linear iter.: 212/500. Linear iter.: 4. Min. area: 0.000154644. Error: 9.87405e-12.
Computing volumes of the grid elements.
Min. volume: 0.000154644, max. volume: 36.6482.

# FGMRES residual history
# Residual tolerance target = 1e-10
# Initial residual norm     = 1.04202e-09
     0     1
# FGMRES final (true) residual:
# Iteration = 4: |res|/|res0| = 9.87406e-12.

Computing volumes of the grid elements.
Non-linear iter.: 213/500. Linear iter.: 4. Min. area: 0.000154644. Error: 9.87406e-12.
Computing volumes of the grid elements.
Min. volume: 0.000154644, max. volume: 36.6482.

# FGMRES residual history
# Residual tolerance target = 1e-10
# Initial residual norm     = 1.04202e-09
     0     1
# FGMRES final (true) residual:
# Iteration = 4: |res|/|res0| = 9.87407e-12.

Computing volumes of the grid elements.
Non-linear iter.: 214/500. Linear iter.: 4. Min. area: 0.000154644. Error: 9.87407e-12.
Computing volumes of the grid elements.
Min. volume: 0.000154644, max. volume: 36.6482.

# FGMRES residual history
# Residual tolerance target = 1e-10
# Initial residual norm     = 1.04203e-09
     0     1
# FGMRES final (true) residual:
# Iteration = 4: |res|/|res0| = 9.87408e-12.

Computing volumes of the grid elements.
Non-linear iter.: 215/500. Linear iter.: 4. Min. area: 0.000154644. Error: 9.87408e-12.
Computing volumes of the grid elements.
Min. volume: 0.000154644, max. volume: 36.6482.

# FGMRES residual history
# Residual tolerance target = 1e-10
# Initial residual norm     = 1.04204e-09
     0     1
# FGMRES final (true) residual:
# Iteration = 4: |res|/|res0| = 9.87409e-12.

Computing volumes of the grid elements.
Non-linear iter.: 216/500. Linear iter.: 4. Min. area: 0.000154644. Error: 9.87409e-12.
Computing volumes of the grid elements.
Min. volume: 0.000154644, max. volume: 36.6482.

# FGMRES residual history
# Residual tolerance target = 1e-10
# Initial residual norm     = 1.04204e-09
     0     1
# FGMRES final (true) residual:
# Iteration = 4: |res|/|res0| = 9.8741e-12.

Computing volumes of the grid elements.
Non-linear iter.: 217/500. Linear iter.: 4. Min. area: 0.000154644. Error: 9.8741e-12.
Computing volumes of the grid elements.
Min. volume: 0.000154644, max. volume: 36.6482.

# FGMRES residual history
# Residual tolerance target = 1e-10
# Initial residual norm     = 1.04205e-09
     0     1
# FGMRES final (true) residual:
# Iteration = 4: |res|/|res0| = 9.87411e-12.

Computing volumes of the grid elements.
Non-linear iter.: 218/500. Linear iter.: 4. Min. area: 0.000154644. Error: 9.87411e-12.
Computing volumes of the grid elements.
Min. volume: 0.000154644, max. volume: 36.6482.

# FGMRES residual history
# Residual tolerance target = 1e-10
# Initial residual norm     = 1.04205e-09
     0     1
# FGMRES final (true) residual:
# Iteration = 4: |res|/|res0| = 9.87412e-12.

Computing volumes of the grid elements.
Non-linear iter.: 219/500. Linear iter.: 4. Min. area: 0.000154644. Error: 9.87412e-12.
Computing volumes of the grid elements.
Min. volume: 0.000154644, max. volume: 36.6482.

# FGMRES residual history
# Residual tolerance target = 1e-10
# Initial residual norm     = 1.04206e-09
     0     1
# FGMRES final (true) residual:
# Iteration = 4: |res|/|res0| = 9.87413e-12.

Computing volumes of the grid elements.
Non-linear iter.: 220/500. Linear iter.: 4. Min. area: 0.000154644. Error: 9.87413e-12.
Computing volumes of the grid elements.
Min. volume: 0.000154644, max. volume: 36.6482.

# FGMRES residual history
# Residual tolerance target = 1e-10
# Initial residual norm     = 1.04206e-09
     0     1
# FGMRES final (true) residual:
# Iteration = 4: |res|/|res0| = 9.87414e-12.

Computing volumes of the grid elements.
Non-linear iter.: 221/500. Linear iter.: 4. Min. area: 0.000154644. Error: 9.87414e-12.
Computing volumes of the grid elements.
Min. volume: 0.000154644, max. volume: 36.6482.

# FGMRES residual history
# Residual tolerance target = 1e-10
# Initial residual norm     = 1.04207e-09
     0     1
# FGMRES final (true) residual:
# Iteration = 4: |res|/|res0| = 9.87415e-12.

Computing volumes of the grid elements.
Non-linear iter.: 222/500. Linear iter.: 4. Min. area: 0.000154644. Error: 9.87415e-12.
Computing volumes of the grid elements.
Min. volume: 0.000154644, max. volume: 36.6482.

# FGMRES residual history
# Residual tolerance target = 1e-10
# Initial residual norm     = 1.04207e-09
     0     1
# FGMRES final (true) residual:
# Iteration = 4: |res|/|res0| = 9.87416e-12.

Computing volumes of the grid elements.
Non-linear iter.: 223/500. Linear iter.: 4. Min. area: 0.000154644. Error: 9.87416e-12.
Computing volumes of the grid elements.
Min. volume: 0.000154644, max. volume: 36.6482.

# FGMRES residual history
# Residual tolerance target = 1e-10
# Initial residual norm     = 1.04208e-09
     0     1
# FGMRES final (true) residual:
# Iteration = 4: |res|/|res0| = 9.87417e-12.

Computing volumes of the grid elements.
Non-linear iter.: 224/500. Linear iter.: 4. Min. area: 0.000154644. Error: 9.87417e-12.
Computing volumes of the grid elements.
Min. volume: 0.000154644, max. volume: 36.6482.

# FGMRES residual history
# Residual tolerance target = 1e-10
# Initial residual norm     = 1.04208e-09
     0     1
# FGMRES final (true) residual:
# Iteration = 4: |res|/|res0| = 9.87418e-12.

Computing volumes of the grid elements.
Non-linear iter.: 225/500. Linear iter.: 4. Min. area: 0.000154644. Error: 9.87418e-12.
Computing volumes of the grid elements.
Min. volume: 0.000154644, max. volume: 36.6482.

# FGMRES residual history
# Residual tolerance target = 1e-10
# Initial residual norm     = 1.04209e-09
     0     1
# FGMRES final (true) residual:
# Iteration = 4: |res|/|res0| = 9.87419e-12.

Computing volumes of the grid elements.
Non-linear iter.: 226/500. Linear iter.: 4. Min. area: 0.000154644. Error: 9.87419e-12.
Computing volumes of the grid elements.
Min. volume: 0.000154644, max. volume: 36.6482.

# FGMRES residual history
# Residual tolerance target = 1e-10
# Initial residual norm     = 1.04209e-09
     0     1
# FGMRES final (true) residual:
# Iteration = 4: |res|/|res0| = 9.8742e-12.

Computing volumes of the grid elements.
Non-linear iter.: 227/500. Linear iter.: 4. Min. area: 0.000154644. Error: 9.8742e-12.
Computing volumes of the grid elements.
Min. volume: 0.000154644, max. volume: 36.6482.

# FGMRES residual history
# Residual tolerance target = 1e-10
# Initial residual norm     = 1.0421e-09
     0     1
# FGMRES final (true) residual:
# Iteration = 4: |res|/|res0| = 9.87421e-12.

Computing volumes of the grid elements.
Non-linear iter.: 228/500. Linear iter.: 4. Min. area: 0.000154644. Error: 9.87421e-12.
Computing volumes of the grid elements.
Min. volume: 0.000154644, max. volume: 36.6482.

# FGMRES residual history
# Residual tolerance target = 1e-10
# Initial residual norm     = 1.04211e-09
     0     1
# FGMRES final (true) residual:
# Iteration = 4: |res|/|res0| = 9.87422e-12.

Computing volumes of the grid elements.
Non-linear iter.: 229/500. Linear iter.: 4. Min. area: 0.000154644. Error: 9.87422e-12.
Computing volumes of the grid elements.
Min. volume: 0.000154644, max. volume: 36.6482.

# FGMRES residual history
# Residual tolerance target = 1e-10
# Initial residual norm     = 1.04211e-09
     0     1
# FGMRES final (true) residual:
# Iteration = 4: |res|/|res0| = 9.87423e-12.

Computing volumes of the grid elements.
Non-linear iter.: 230/500. Linear iter.: 4. Min. area: 0.000154644. Error: 9.87423e-12.
Computing volumes of the grid elements.
Min. volume: 0.000154644, max. volume: 36.6482.

# FGMRES residual history
# Residual tolerance target = 1e-10
# Initial residual norm     = 1.04212e-09
     0     1
# FGMRES final (true) residual:
# Iteration = 4: |res|/|res0| = 9.87424e-12.

Computing volumes of the grid elements.
Non-linear iter.: 231/500. Linear iter.: 4. Min. area: 0.000154644. Error: 9.87424e-12.
Computing volumes of the grid elements.
Min. volume: 0.000154644, max. volume: 36.6482.

# FGMRES residual history
# Residual tolerance target = 1e-10
# Initial residual norm     = 1.04212e-09
     0     1
# FGMRES final (true) residual:
# Iteration = 4: |res|/|res0| = 9.87425e-12.

Computing volumes of the grid elements.
Non-linear iter.: 232/500. Linear iter.: 4. Min. area: 0.000154644. Error: 9.87425e-12.
Computing volumes of the grid elements.
Min. volume: 0.000154644, max. volume: 36.6482.

# FGMRES residual history
# Residual tolerance target = 1e-10
# Initial residual norm     = 1.04213e-09
     0     1
# FGMRES final (true) residual:
# Iteration = 4: |res|/|res0| = 9.87426e-12.

Computing volumes of the grid elements.
Non-linear iter.: 233/500. Linear iter.: 4. Min. area: 0.000154644. Error: 9.87426e-12.
Computing volumes of the grid elements.
Min. volume: 0.000154644, max. volume: 36.6482.

# FGMRES residual history
# Residual tolerance target = 1e-10
# Initial residual norm     = 1.04213e-09
     0     1
# FGMRES final (true) residual:
# Iteration = 4: |res|/|res0| = 9.87427e-12.

Computing volumes of the grid elements.
Non-linear iter.: 234/500. Linear iter.: 4. Min. area: 0.000154644. Error: 9.87427e-12.
Computing volumes of the grid elements.
Min. volume: 0.000154644, max. volume: 36.6482.

# FGMRES residual history
# Residual tolerance target = 1e-10
# Initial residual norm     = 1.04214e-09
     0     1
# FGMRES final (true) residual:
# Iteration = 4: |res|/|res0| = 9.87428e-12.

Computing volumes of the grid elements.
Non-linear iter.: 235/500. Linear iter.: 4. Min. area: 0.000154644. Error: 9.87428e-12.
Computing volumes of the grid elements.
Min. volume: 0.000154644, max. volume: 36.6482.

# FGMRES residual history
# Residual tolerance target = 1e-10
# Initial residual norm     = 1.04214e-09
     0     1
# FGMRES final (true) residual:
# Iteration = 4: |res|/|res0| = 9.87429e-12.

Computing volumes of the grid elements.
Non-linear iter.: 236/500. Linear iter.: 4. Min. area: 0.000154644. Error: 9.87429e-12.
Computing volumes of the grid elements.
Min. volume: 0.000154644, max. volume: 36.6482.

# FGMRES residual history
# Residual tolerance target = 1e-10
# Initial residual norm     = 1.04215e-09
     0     1
# FGMRES final (true) residual:
# Iteration = 4: |res|/|res0| = 9.8743e-12.

Computing volumes of the grid elements.
Non-linear iter.: 237/500. Linear iter.: 4. Min. area: 0.000154644. Error: 9.8743e-12.
Computing volumes of the grid elements.
Min. volume: 0.000154644, max. volume: 36.6482.

# FGMRES residual history
# Residual tolerance target = 1e-10
# Initial residual norm     = 1.04215e-09
     0     1
# FGMRES final (true) residual:
# Iteration = 4: |res|/|res0| = 9.87431e-12.

Computing volumes of the grid elements.
Non-linear iter.: 238/500. Linear iter.: 4. Min. area: 0.000154644. Error: 9.87431e-12.
Computing volumes of the grid elements.
Min. volume: 0.000154644, max. volume: 36.6482.

# FGMRES residual history
# Residual tolerance target = 1e-10
# Initial residual norm     = 1.04216e-09
     0     1
# FGMRES final (true) residual:
# Iteration = 4: |res|/|res0| = 9.87432e-12.

Computing volumes of the grid elements.
Non-linear iter.: 239/500. Linear iter.: 4. Min. area: 0.000154644. Error: 9.87432e-12.
Computing volumes of the grid elements.
Min. volume: 0.000154644, max. volume: 36.6482.

# FGMRES residual history
# Residual tolerance target = 1e-10
# Initial residual norm     = 1.04216e-09
     0     1
# FGMRES final (true) residual:
# Iteration = 4: |res|/|res0| = 9.87433e-12.

Computing volumes of the grid elements.
Non-linear iter.: 240/500. Linear iter.: 4. Min. area: 0.000154644. Error: 9.87433e-12.
Computing volumes of the grid elements.
Min. volume: 0.000154644, max. volume: 36.6482.

# FGMRES residual history
# Residual tolerance target = 1e-10
# Initial residual norm     = 1.04217e-09
     0     1
# FGMRES final (true) residual:
# Iteration = 4: |res|/|res0| = 9.87434e-12.

Computing volumes of the grid elements.
Non-linear iter.: 241/500. Linear iter.: 4. Min. area: 0.000154644. Error: 9.87434e-12.
Computing volumes of the grid elements.
Min. volume: 0.000154644, max. volume: 36.6482.

# FGMRES residual history
# Residual tolerance target = 1e-10
# Initial residual norm     = 1.04218e-09
     0     1
# FGMRES final (true) residual:
# Iteration = 4: |res|/|res0| = 9.87435e-12.

Computing volumes of the grid elements.
Non-linear iter.: 242/500. Linear iter.: 4. Min. area: 0.000154644. Error: 9.87435e-12.
Computing volumes of the grid elements.
Min. volume: 0.000154644, max. volume: 36.6482.

# FGMRES residual history
# Residual tolerance target = 1e-10
# Initial residual norm     = 1.04218e-09
     0     1
# FGMRES final (true) residual:
# Iteration = 4: |res|/|res0| = 9.87436e-12.

Computing volumes of the grid elements.
Non-linear iter.: 243/500. Linear iter.: 4. Min. area: 0.000154644. Error: 9.87436e-12.
Computing volumes of the grid elements.
Min. volume: 0.000154644, max. volume: 36.6482.

# FGMRES residual history
# Residual tolerance target = 1e-10
# Initial residual norm     = 1.04219e-09
     0     1
# FGMRES final (true) residual:
# Iteration = 4: |res|/|res0| = 9.87437e-12.

Computing volumes of the grid elements.
Non-linear iter.: 244/500. Linear iter.: 4. Min. area: 0.000154644. Error: 9.87437e-12.
Computing volumes of the grid elements.
Min. volume: 0.000154644, max. volume: 36.6482.

# FGMRES residual history
# Residual tolerance target = 1e-10
# Initial residual norm     = 1.04219e-09
     0     1
# FGMRES final (true) residual:
# Iteration = 4: |res|/|res0| = 9.87438e-12.

Computing volumes of the grid elements.
Non-linear iter.: 245/500. Linear iter.: 4. Min. area: 0.000154644. Error: 9.87438e-12.
Computing volumes of the grid elements.
Min. volume: 0.000154644, max. volume: 36.6483.

# FGMRES residual history
# Residual tolerance target = 1e-10
# Initial residual norm     = 1.0422e-09
     0     1
# FGMRES final (true) residual:
# Iteration = 4: |res|/|res0| = 9.87439e-12.

Computing volumes of the grid elements.
Non-linear iter.: 246/500. Linear iter.: 4. Min. area: 0.000154644. Error: 9.87439e-12.
Computing volumes of the grid elements.
Min. volume: 0.000154644, max. volume: 36.6483.

# FGMRES residual history
# Residual tolerance target = 1e-10
# Initial residual norm     = 1.0422e-09
     0     1
# FGMRES final (true) residual:
# Iteration = 4: |res|/|res0| = 9.8744e-12.

Computing volumes of the grid elements.
Non-linear iter.: 247/500. Linear iter.: 4. Min. area: 0.000154644. Error: 9.8744e-12.
Computing volumes of the grid elements.
Min. volume: 0.000154644, max. volume: 36.6483.

# FGMRES residual history
# Residual tolerance target = 1e-10
# Initial residual norm     = 1.04221e-09
     0     1
# FGMRES final (true) residual:
# Iteration = 4: |res|/|res0| = 9.87441e-12.

Computing volumes of the grid elements.
Non-linear iter.: 248/500. Linear iter.: 4. Min. area: 0.000154644. Error: 9.87441e-12.
Computing volumes of the grid elements.
Min. volume: 0.000154644, max. volume: 36.6483.

# FGMRES residual history
# Residual tolerance target = 1e-10
# Initial residual norm     = 1.04221e-09
     0     1
# FGMRES final (true) residual:
# Iteration = 4: |res|/|res0| = 9.87442e-12.

Computing volumes of the grid elements.
Non-linear iter.: 249/500. Linear iter.: 4. Min. area: 0.000154644. Error: 9.87442e-12.
Computing volumes of the grid elements.
Min. volume: 0.000154644, max. volume: 36.6483.

# FGMRES residual history
# Residual tolerance target = 1e-10
# Initial residual norm     = 1.04222e-09
     0     1
# FGMRES final (true) residual:
# Iteration = 4: |res|/|res0| = 9.87443e-12.

Computing volumes of the grid elements.
Non-linear iter.: 250/500. Linear iter.: 4. Min. area: 0.000154644. Error: 9.87443e-12.
Computing volumes of the grid elements.
Min. volume: 0.000154644, max. volume: 36.6483.

# FGMRES residual history
# Residual tolerance target = 1e-10
# Initial residual norm     = 1.04222e-09
     0     1
# FGMRES final (true) residual:
# Iteration = 4: |res|/|res0| = 9.87444e-12.

Computing volumes of the grid elements.
Non-linear iter.: 251/500. Linear iter.: 4. Min. area: 0.000154644. Error: 9.87444e-12.
Computing volumes of the grid elements.
Min. volume: 0.000154644, max. volume: 36.6483.

# FGMRES residual history
# Residual tolerance target = 1e-10
# Initial residual norm     = 1.04223e-09
     0     1
# FGMRES final (true) residual:
# Iteration = 4: |res|/|res0| = 9.87445e-12.

Computing volumes of the grid elements.
Non-linear iter.: 252/500. Linear iter.: 4. Min. area: 0.000154644. Error: 9.87445e-12.
Computing volumes of the grid elements.
Min. volume: 0.000154644, max. volume: 36.6483.

# FGMRES residual history
# Residual tolerance target = 1e-10
# Initial residual norm     = 1.04223e-09
     0     1
# FGMRES final (true) residual:
# Iteration = 4: |res|/|res0| = 9.87446e-12.

Computing volumes of the grid elements.
Non-linear iter.: 253/500. Linear iter.: 4. Min. area: 0.000154644. Error: 9.87446e-12.
Computing volumes of the grid elements.
Min. volume: 0.000154644, max. volume: 36.6483.

# FGMRES residual history
# Residual tolerance target = 1e-10
# Initial residual norm     = 1.04224e-09
     0     1
# FGMRES final (true) residual:
# Iteration = 4: |res|/|res0| = 9.87447e-12.

Computing volumes of the grid elements.
Non-linear iter.: 254/500. Linear iter.: 4. Min. area: 0.000154644. Error: 9.87447e-12.
Computing volumes of the grid elements.
Min. volume: 0.000154644, max. volume: 36.6483.

# FGMRES residual history
# Residual tolerance target = 1e-10
# Initial residual norm     = 1.04225e-09
     0     1
# FGMRES final (true) residual:
# Iteration = 4: |res|/|res0| = 9.87448e-12.

Computing volumes of the grid elements.
Non-linear iter.: 255/500. Linear iter.: 4. Min. area: 0.000154644. Error: 9.87448e-12.
Computing volumes of the grid elements.
Min. volume: 0.000154644, max. volume: 36.6483.

# FGMRES residual history
# Residual tolerance target = 1e-10
# Initial residual norm     = 1.04225e-09
     0     1
# FGMRES final (true) residual:
# Iteration = 4: |res|/|res0| = 9.87449e-12.

Computing volumes of the grid elements.
Non-linear iter.: 256/500. Linear iter.: 4. Min. area: 0.000154644. Error: 9.87449e-12.
Computing volumes of the grid elements.
Min. volume: 0.000154644, max. volume: 36.6483.

# FGMRES residual history
# Residual tolerance target = 1e-10
# Initial residual norm     = 1.04226e-09
     0     1
# FGMRES final (true) residual:
# Iteration = 4: |res|/|res0| = 9.8745e-12.

Computing volumes of the grid elements.
Non-linear iter.: 257/500. Linear iter.: 4. Min. area: 0.000154644. Error: 9.8745e-12.
Computing volumes of the grid elements.
Min. volume: 0.000154644, max. volume: 36.6483.

# FGMRES residual history
# Residual tolerance target = 1e-10
# Initial residual norm     = 1.04226e-09
     0     1
# FGMRES final (true) residual:
# Iteration = 4: |res|/|res0| = 9.87451e-12.

Computing volumes of the grid elements.
Non-linear iter.: 258/500. Linear iter.: 4. Min. area: 0.000154644. Error: 9.87451e-12.
Computing volumes of the grid elements.
Min. volume: 0.000154644, max. volume: 36.6483.

# FGMRES residual history
# Residual tolerance target = 1e-10
# Initial residual norm     = 1.04227e-09
     0     1
# FGMRES final (true) residual:
# Iteration = 4: |res|/|res0| = 9.87452e-12.

Computing volumes of the grid elements.
Non-linear iter.: 259/500. Linear iter.: 4. Min. area: 0.000154644. Error: 9.87452e-12.
Computing volumes of the grid elements.
Min. volume: 0.000154644, max. volume: 36.6483.

# FGMRES residual history
# Residual tolerance target = 1e-10
# Initial residual norm     = 1.04227e-09
     0     1
# FGMRES final (true) residual:
# Iteration = 4: |res|/|res0| = 9.87453e-12.

Computing volumes of the grid elements.
Non-linear iter.: 260/500. Linear iter.: 4. Min. area: 0.000154644. Error: 9.87453e-12.
Computing volumes of the grid elements.
Min. volume: 0.000154644, max. volume: 36.6483.

# FGMRES residual history
# Residual tolerance target = 1e-10
# Initial residual norm     = 1.04228e-09
     0     1
# FGMRES final (true) residual:
# Iteration = 4: |res|/|res0| = 9.87454e-12.

Computing volumes of the grid elements.
Non-linear iter.: 261/500. Linear iter.: 4. Min. area: 0.000154644. Error: 9.87454e-12.
Computing volumes of the grid elements.
Min. volume: 0.000154644, max. volume: 36.6483.

# FGMRES residual history
# Residual tolerance target = 1e-10
# Initial residual norm     = 1.04228e-09
     0     1
# FGMRES final (true) residual:
# Iteration = 4: |res|/|res0| = 9.87455e-12.

Computing volumes of the grid elements.
Non-linear iter.: 262/500. Linear iter.: 4. Min. area: 0.000154644. Error: 9.87455e-12.
Computing volumes of the grid elements.
Min. volume: 0.000154644, max. volume: 36.6483.

# FGMRES residual history
# Residual tolerance target = 1e-10
# Initial residual norm     = 1.04229e-09
     0     1
# FGMRES final (true) residual:
# Iteration = 4: |res|/|res0| = 9.87456e-12.

Computing volumes of the grid elements.
Non-linear iter.: 263/500. Linear iter.: 4. Min. area: 0.000154644. Error: 9.87456e-12.
Computing volumes of the grid elements.
Min. volume: 0.000154644, max. volume: 36.6483.

# FGMRES residual history
# Residual tolerance target = 1e-10
# Initial residual norm     = 1.04229e-09
     0     1
# FGMRES final (true) residual:
# Iteration = 4: |res|/|res0| = 9.87457e-12.

Computing volumes of the grid elements.
Non-linear iter.: 264/500. Linear iter.: 4. Min. area: 0.000154644. Error: 9.87457e-12.
Computing volumes of the grid elements.
Min. volume: 0.000154644, max. volume: 36.6483.

# FGMRES residual history
# Residual tolerance target = 1e-10
# Initial residual norm     = 1.0423e-09
     0     1
# FGMRES final (true) residual:
# Iteration = 4: |res|/|res0| = 9.87458e-12.

Computing volumes of the grid elements.
Non-linear iter.: 265/500. Linear iter.: 4. Min. area: 0.000154644. Error: 9.87458e-12.
Computing volumes of the grid elements.
Min. volume: 0.000154644, max. volume: 36.6483.

# FGMRES residual history
# Residual tolerance target = 1e-10
# Initial residual norm     = 1.0423e-09
     0     1
# FGMRES final (true) residual:
# Iteration = 4: |res|/|res0| = 9.87459e-12.

Computing volumes of the grid elements.
Non-linear iter.: 266/500. Linear iter.: 4. Min. area: 0.000154644. Error: 9.87459e-12.
Computing volumes of the grid elements.
Min. volume: 0.000154644, max. volume: 36.6483.

# FGMRES residual history
# Residual tolerance target = 1e-10
# Initial residual norm     = 1.04231e-09
     0     1
# FGMRES final (true) residual:
# Iteration = 4: |res|/|res0| = 9.8746e-12.

Computing volumes of the grid elements.
Non-linear iter.: 267/500. Linear iter.: 4. Min. area: 0.000154644. Error: 9.8746e-12.
Computing volumes of the grid elements.
Min. volume: 0.000154644, max. volume: 36.6483.

# FGMRES residual history
# Residual tolerance target = 1e-10
# Initial residual norm     = 1.04232e-09
     0     1
# FGMRES final (true) residual:
# Iteration = 4: |res|/|res0| = 9.87461e-12.

Computing volumes of the grid elements.
Non-linear iter.: 268/500. Linear iter.: 4. Min. area: 0.000154644. Error: 9.87461e-12.
Computing volumes of the grid elements.
Min. volume: 0.000154644, max. volume: 36.6483.

# FGMRES residual history
# Residual tolerance target = 1e-10
# Initial residual norm     = 1.04232e-09
     0     1
# FGMRES final (true) residual:
# Iteration = 4: |res|/|res0| = 9.87462e-12.

Computing volumes of the grid elements.
Non-linear iter.: 269/500. Linear iter.: 4. Min. area: 0.000154644. Error: 9.87462e-12.
Computing volumes of the grid elements.
Min. volume: 0.000154644, max. volume: 36.6483.

# FGMRES residual history
# Residual tolerance target = 1e-10
# Initial residual norm     = 1.04233e-09
     0     1
# FGMRES final (true) residual:
# Iteration = 4: |res|/|res0| = 9.87463e-12.

Computing volumes of the grid elements.
Non-linear iter.: 270/500. Linear iter.: 4. Min. area: 0.000154644. Error: 9.87463e-12.
Computing volumes of the grid elements.
Min. volume: 0.000154644, max. volume: 36.6483.

# FGMRES residual history
# Residual tolerance target = 1e-10
# Initial residual norm     = 1.04233e-09
     0     1
# FGMRES final (true) residual:
# Iteration = 4: |res|/|res0| = 9.87464e-12.

Computing volumes of the grid elements.
Non-linear iter.: 271/500. Linear iter.: 4. Min. area: 0.000154644. Error: 9.87464e-12.
Computing volumes of the grid elements.
Min. volume: 0.000154644, max. volume: 36.6483.

# FGMRES residual history
# Residual tolerance target = 1e-10
# Initial residual norm     = 1.04234e-09
     0     1
# FGMRES final (true) residual:
# Iteration = 4: |res|/|res0| = 9.87465e-12.

Computing volumes of the grid elements.
Non-linear iter.: 272/500. Linear iter.: 4. Min. area: 0.000154644. Error: 9.87465e-12.
Computing volumes of the grid elements.
Min. volume: 0.000154644, max. volume: 36.6483.

# FGMRES residual history
# Residual tolerance target = 1e-10
# Initial residual norm     = 1.04234e-09
     0     1
# FGMRES final (true) residual:
# Iteration = 4: |res|/|res0| = 9.87466e-12.

Computing volumes of the grid elements.
Non-linear iter.: 273/500. Linear iter.: 4. Min. area: 0.000154644. Error: 9.87466e-12.
Computing volumes of the grid elements.
Min. volume: 0.000154644, max. volume: 36.6483.

# FGMRES residual history
# Residual tolerance target = 1e-10
# Initial residual norm     = 1.04235e-09
     0     1
# FGMRES final (true) residual:
# Iteration = 4: |res|/|res0| = 9.87467e-12.

Computing volumes of the grid elements.
Non-linear iter.: 274/500. Linear iter.: 4. Min. area: 0.000154644. Error: 9.87467e-12.
Computing volumes of the grid elements.
Min. volume: 0.000154644, max. volume: 36.6483.

# FGMRES residual history
# Residual tolerance target = 1e-10
# Initial residual norm     = 1.04235e-09
     0     1
# FGMRES final (true) residual:
# Iteration = 4: |res|/|res0| = 9.87469e-12.

Computing volumes of the grid elements.
Non-linear iter.: 275/500. Linear iter.: 4. Min. area: 0.000154644. Error: 9.87469e-12.
Computing volumes of the grid elements.
Min. volume: 0.000154644, max. volume: 36.6483.

# FGMRES residual history
# Residual tolerance target = 1e-10
# Initial residual norm     = 1.04236e-09
     0     1
# FGMRES final (true) residual:
# Iteration = 4: |res|/|res0| = 9.8747e-12.

Computing volumes of the grid elements.
Non-linear iter.: 276/500. Linear iter.: 4. Min. area: 0.000154644. Error: 9.8747e-12.
Computing volumes of the grid elements.
Min. volume: 0.000154644, max. volume: 36.6483.

# FGMRES residual history
# Residual tolerance target = 1e-10
# Initial residual norm     = 1.04236e-09
     0     1
# FGMRES final (true) residual:
# Iteration = 4: |res|/|res0| = 9.87471e-12.

Computing volumes of the grid elements.
Non-linear iter.: 277/500. Linear iter.: 4. Min. area: 0.000154644. Error: 9.87471e-12.
Computing volumes of the grid elements.
Min. volume: 0.000154644, max. volume: 36.6483.

# FGMRES residual history
# Residual tolerance target = 1e-10
# Initial residual norm     = 1.04237e-09
     0     1
# FGMRES final (true) residual:
# Iteration = 4: |res|/|res0| = 9.87472e-12.

Computing volumes of the grid elements.
Non-linear iter.: 278/500. Linear iter.: 4. Min. area: 0.000154644. Error: 9.87472e-12.
Computing volumes of the grid elements.
Min. volume: 0.000154644, max. volume: 36.6483.

# FGMRES residual history
# Residual tolerance target = 1e-10
# Initial residual norm     = 1.04237e-09
     0     1
# FGMRES final (true) residual:
# Iteration = 4: |res|/|res0| = 9.87473e-12.

Computing volumes of the grid elements.
Non-linear iter.: 279/500. Linear iter.: 4. Min. area: 0.000154644. Error: 9.87473e-12.
Computing volumes of the grid elements.
Min. volume: 0.000154644, max. volume: 36.6483.

# FGMRES residual history
# Residual tolerance target = 1e-10
# Initial residual norm     = 1.04238e-09
     0     1
# FGMRES final (true) residual:
# Iteration = 4: |res|/|res0| = 9.87474e-12.

Computing volumes of the grid elements.
Non-linear iter.: 280/500. Linear iter.: 4. Min. area: 0.000154644. Error: 9.87474e-12.
Computing volumes of the grid elements.
Min. volume: 0.000154644, max. volume: 36.6483.

# FGMRES residual history
# Residual tolerance target = 1e-10
# Initial residual norm     = 1.04239e-09
     0     1
# FGMRES final (true) residual:
# Iteration = 4: |res|/|res0| = 9.87475e-12.

Computing volumes of the grid elements.
Non-linear iter.: 281/500. Linear iter.: 4. Min. area: 0.000154644. Error: 9.87475e-12.
Computing volumes of the grid elements.
Min. volume: 0.000154644, max. volume: 36.6483.

# FGMRES residual history
# Residual tolerance target = 1e-10
# Initial residual norm     = 1.04239e-09
     0     1
# FGMRES final (true) residual:
# Iteration = 4: |res|/|res0| = 9.87476e-12.

Computing volumes of the grid elements.
Non-linear iter.: 282/500. Linear iter.: 4. Min. area: 0.000154644. Error: 9.87476e-12.
Computing volumes of the grid elements.
Min. volume: 0.000154644, max. volume: 36.6483.

# FGMRES residual history
# Residual tolerance target = 1e-10
# Initial residual norm     = 1.0424e-09
     0     1
# FGMRES final (true) residual:
# Iteration = 4: |res|/|res0| = 9.87477e-12.

Computing volumes of the grid elements.
Non-linear iter.: 283/500. Linear iter.: 4. Min. area: 0.000154644. Error: 9.87477e-12.
Computing volumes of the grid elements.
Min. volume: 0.000154644, max. volume: 36.6483.

# FGMRES residual history
# Residual tolerance target = 1e-10
# Initial residual norm     = 1.0424e-09
     0     1
# FGMRES final (true) residual:
# Iteration = 4: |res|/|res0| = 9.87478e-12.

Computing volumes of the grid elements.
Non-linear iter.: 284/500. Linear iter.: 4. Min. area: 0.000154644. Error: 9.87478e-12.
Computing volumes of the grid elements.
Min. volume: 0.000154644, max. volume: 36.6483.

# FGMRES residual history
# Residual tolerance target = 1e-10
# Initial residual norm     = 1.04241e-09
     0     1
# FGMRES final (true) residual:
# Iteration = 4: |res|/|res0| = 9.87479e-12.

Computing volumes of the grid elements.
Non-linear iter.: 285/500. Linear iter.: 4. Min. area: 0.000154644. Error: 9.87479e-12.
Computing volumes of the grid elements.
Min. volume: 0.000154644, max. volume: 36.6483.

# FGMRES residual history
# Residual tolerance target = 1e-10
# Initial residual norm     = 1.04241e-09
     0     1
# FGMRES final (true) residual:
# Iteration = 4: |res|/|res0| = 9.8748e-12.

Computing volumes of the grid elements.
Non-linear iter.: 286/500. Linear iter.: 4. Min. area: 0.000154644. Error: 9.8748e-12.
Computing volumes of the grid elements.
Min. volume: 0.000154644, max. volume: 36.6483.

# FGMRES residual history
# Residual tolerance target = 1e-10
# Initial residual norm     = 1.04242e-09
     0     1
# FGMRES final (true) residual:
# Iteration = 4: |res|/|res0| = 9.87481e-12.

Computing volumes of the grid elements.
Non-linear iter.: 287/500. Linear iter.: 4. Min. area: 0.000154644. Error: 9.87481e-12.
Computing volumes of the grid elements.
Min. volume: 0.000154644, max. volume: 36.6483.

# FGMRES residual history
# Residual tolerance target = 1e-10
# Initial residual norm     = 1.04242e-09
     0     1
# FGMRES final (true) residual:
# Iteration = 4: |res|/|res0| = 9.87482e-12.

Computing volumes of the grid elements.
Non-linear iter.: 288/500. Linear iter.: 4. Min. area: 0.000154644. Error: 9.87482e-12.
Computing volumes of the grid elements.
Min. volume: 0.000154644, max. volume: 36.6483.

# FGMRES residual history
# Residual tolerance target = 1e-10
# Initial residual norm     = 1.04243e-09
     0     1
# FGMRES final (true) residual:
# Iteration = 4: |res|/|res0| = 9.87483e-12.

Computing volumes of the grid elements.
Non-linear iter.: 289/500. Linear iter.: 4. Min. area: 0.000154644. Error: 9.87483e-12.
Computing volumes of the grid elements.
Min. volume: 0.000154644, max. volume: 36.6483.

# FGMRES residual history
# Residual tolerance target = 1e-10
# Initial residual norm     = 1.04243e-09
     0     1
# FGMRES final (true) residual:
# Iteration = 4: |res|/|res0| = 9.87484e-12.

Computing volumes of the grid elements.
Non-linear iter.: 290/500. Linear iter.: 4. Min. area: 0.000154644. Error: 9.87484e-12.
Computing volumes of the grid elements.
Min. volume: 0.000154644, max. volume: 36.6483.

# FGMRES residual history
# Residual tolerance target = 1e-10
# Initial residual norm     = 1.04244e-09
     0     1
# FGMRES final (true) residual:
# Iteration = 4: |res|/|res0| = 9.87485e-12.

Computing volumes of the grid elements.
Non-linear iter.: 291/500. Linear iter.: 4. Min. area: 0.000154644. Error: 9.87485e-12.
Computing volumes of the grid elements.
Min. volume: 0.000154644, max. volume: 36.6483.

# FGMRES residual history
# Residual tolerance target = 1e-10
# Initial residual norm     = 1.04245e-09
     0     1
# FGMRES final (true) residual:
# Iteration = 4: |res|/|res0| = 9.87486e-12.

Computing volumes of the grid elements.
Non-linear iter.: 292/500. Linear iter.: 4. Min. area: 0.000154644. Error: 9.87486e-12.
Computing volumes of the grid elements.
Min. volume: 0.000154644, max. volume: 36.6484.

# FGMRES residual history
# Residual tolerance target = 1e-10
# Initial residual norm     = 1.04245e-09
     0     1
# FGMRES final (true) residual:
# Iteration = 4: |res|/|res0| = 9.87487e-12.

Computing volumes of the grid elements.
Non-linear iter.: 293/500. Linear iter.: 4. Min. area: 0.000154644. Error: 9.87487e-12.
Computing volumes of the grid elements.
Min. volume: 0.000154644, max. volume: 36.6484.

# FGMRES residual history
# Residual tolerance target = 1e-10
# Initial residual norm     = 1.04246e-09
     0     1
# FGMRES final (true) residual:
# Iteration = 4: |res|/|res0| = 9.87488e-12.

Computing volumes of the grid elements.
Non-linear iter.: 294/500. Linear iter.: 4. Min. area: 0.000154644. Error: 9.87488e-12.
Computing volumes of the grid elements.
Min. volume: 0.000154644, max. volume: 36.6484.

# FGMRES residual history
# Residual tolerance target = 1e-10
# Initial residual norm     = 1.04246e-09
     0     1
# FGMRES final (true) residual:
# Iteration = 4: |res|/|res0| = 9.87489e-12.

Computing volumes of the grid elements.
Non-linear iter.: 295/500. Linear iter.: 4. Min. area: 0.000154644. Error: 9.87489e-12.
Computing volumes of the grid elements.
Min. volume: 0.000154644, max. volume: 36.6484.

# FGMRES residual history
# Residual tolerance target = 1e-10
# Initial residual norm     = 1.04247e-09
     0     1
# FGMRES final (true) residual:
# Iteration = 4: |res|/|res0| = 9.8749e-12.

Computing volumes of the grid elements.
Non-linear iter.: 296/500. Linear iter.: 4. Min. area: 0.000154644. Error: 9.8749e-12.
Computing volumes of the grid elements.
Min. volume: 0.000154644, max. volume: 36.6484.

# FGMRES residual history
# Residual tolerance target = 1e-10
# Initial residual norm     = 1.04247e-09
     0     1
# FGMRES final (true) residual:
# Iteration = 4: |res|/|res0| = 9.87491e-12.

Computing volumes of the grid elements.
Non-linear iter.: 297/500. Linear iter.: 4. Min. area: 0.000154644. Error: 9.87491e-12.
Computing volumes of the grid elements.
Min. volume: 0.000154644, max. volume: 36.6484.

# FGMRES residual history
# Residual tolerance target = 1e-10
# Initial residual norm     = 1.04248e-09
     0     1
# FGMRES final (true) residual:
# Iteration = 4: |res|/|res0| = 9.87492e-12.

Computing volumes of the grid elements.
Non-linear iter.: 298/500. Linear iter.: 4. Min. area: 0.000154644. Error: 9.87492e-12.
Computing volumes of the grid elements.
Min. volume: 0.000154644, max. volume: 36.6484.

# FGMRES residual history
# Residual tolerance target = 1e-10
# Initial residual norm     = 1.04248e-09
     0     1
# FGMRES final (true) residual:
# Iteration = 4: |res|/|res0| = 9.87493e-12.

Computing volumes of the grid elements.
Non-linear iter.: 299/500. Linear iter.: 4. Min. area: 0.000154644. Error: 9.87493e-12.
Computing volumes of the grid elements.
Min. volume: 0.000154644, max. volume: 36.6484.

# FGMRES residual history
# Residual tolerance target = 1e-10
# Initial residual norm     = 1.04249e-09
     0     1
# FGMRES final (true) residual:
# Iteration = 4: |res|/|res0| = 9.87494e-12.

Computing volumes of the grid elements.
Non-linear iter.: 300/500. Linear iter.: 4. Min. area: 0.000154644. Error: 9.87494e-12.
Computing volumes of the grid elements.
Min. volume: 0.000154644, max. volume: 36.6484.

# FGMRES residual history
# Residual tolerance target = 1e-10
# Initial residual norm     = 1.04249e-09
     0     1
# FGMRES final (true) residual:
# Iteration = 4: |res|/|res0| = 9.87495e-12.

Computing volumes of the grid elements.
Non-linear iter.: 301/500. Linear iter.: 4. Min. area: 0.000154644. Error: 9.87495e-12.
Computing volumes of the grid elements.
Min. volume: 0.000154644, max. volume: 36.6484.

# FGMRES residual history
# Residual tolerance target = 1e-10
# Initial residual norm     = 1.0425e-09
     0     1
# FGMRES final (true) residual:
# Iteration = 4: |res|/|res0| = 9.87496e-12.

Computing volumes of the grid elements.
Non-linear iter.: 302/500. Linear iter.: 4. Min. area: 0.000154644. Error: 9.87496e-12.
Computing volumes of the grid elements.
Min. volume: 0.000154644, max. volume: 36.6484.

# FGMRES residual history
# Residual tolerance target = 1e-10
# Initial residual norm     = 1.0425e-09
     0     1
# FGMRES final (true) residual:
# Iteration = 4: |res|/|res0| = 9.87497e-12.

Computing volumes of the grid elements.
Non-linear iter.: 303/500. Linear iter.: 4. Min. area: 0.000154644. Error: 9.87497e-12.
Computing volumes of the grid elements.
Min. volume: 0.000154644, max. volume: 36.6484.

# FGMRES residual history
# Residual tolerance target = 1e-10
# Initial residual norm     = 1.04251e-09
     0     1
# FGMRES final (true) residual:
# Iteration = 4: |res|/|res0| = 9.87498e-12.

Computing volumes of the grid elements.
Non-linear iter.: 304/500. Linear iter.: 4. Min. area: 0.000154644. Error: 9.87498e-12.
Computing volumes of the grid elements.
Min. volume: 0.000154644, max. volume: 36.6484.

# FGMRES residual history
# Residual tolerance target = 1e-10
# Initial residual norm     = 1.04252e-09
     0     1
# FGMRES final (true) residual:
# Iteration = 4: |res|/|res0| = 9.87499e-12.

Computing volumes of the grid elements.
Non-linear iter.: 305/500. Linear iter.: 4. Min. area: 0.000154644. Error: 9.87499e-12.
Computing volumes of the grid elements.
Min. volume: 0.000154644, max. volume: 36.6484.

# FGMRES residual history
# Residual tolerance target = 1e-10
# Initial residual norm     = 1.04252e-09
     0     1
# FGMRES final (true) residual:
# Iteration = 4: |res|/|res0| = 9.875e-12.

Computing volumes of the grid elements.
Non-linear iter.: 306/500. Linear iter.: 4. Min. area: 0.000154644. Error: 9.875e-12.
Computing volumes of the grid elements.
Min. volume: 0.000154644, max. volume: 36.6484.

# FGMRES residual history
# Residual tolerance target = 1e-10
# Initial residual norm     = 1.04253e-09
     0     1
# FGMRES final (true) residual:
# Iteration = 4: |res|/|res0| = 9.87501e-12.

Computing volumes of the grid elements.
Non-linear iter.: 307/500. Linear iter.: 4. Min. area: 0.000154644. Error: 9.87501e-12.
Computing volumes of the grid elements.
Min. volume: 0.000154644, max. volume: 36.6484.

# FGMRES residual history
# Residual tolerance target = 1e-10
# Initial residual norm     = 1.04253e-09
     0     1
# FGMRES final (true) residual:
# Iteration = 4: |res|/|res0| = 9.87502e-12.

Computing volumes of the grid elements.
Non-linear iter.: 308/500. Linear iter.: 4. Min. area: 0.000154644. Error: 9.87502e-12.
Computing volumes of the grid elements.
Min. volume: 0.000154644, max. volume: 36.6484.

# FGMRES residual history
# Residual tolerance target = 1e-10
# Initial residual norm     = 1.04254e-09
     0     1
# FGMRES final (true) residual:
# Iteration = 4: |res|/|res0| = 9.87503e-12.

Computing volumes of the grid elements.
Non-linear iter.: 309/500. Linear iter.: 4. Min. area: 0.000154644. Error: 9.87503e-12.
Computing volumes of the grid elements.
Min. volume: 0.000154644, max. volume: 36.6484.

# FGMRES residual history
# Residual tolerance target = 1e-10
# Initial residual norm     = 1.04254e-09
     0     1
# FGMRES final (true) residual:
# Iteration = 4: |res|/|res0| = 9.87504e-12.

Computing volumes of the grid elements.
Non-linear iter.: 310/500. Linear iter.: 4. Min. area: 0.000154644. Error: 9.87504e-12.
Computing volumes of the grid elements.
Min. volume: 0.000154644, max. volume: 36.6484.

# FGMRES residual history
# Residual tolerance target = 1e-10
# Initial residual norm     = 1.04255e-09
     0     1
# FGMRES final (true) residual:
# Iteration = 4: |res|/|res0| = 9.87505e-12.

Computing volumes of the grid elements.
Non-linear iter.: 311/500. Linear iter.: 4. Min. area: 0.000154644. Error: 9.87505e-12.
Computing volumes of the grid elements.
Min. volume: 0.000154644, max. volume: 36.6484.

# FGMRES residual history
# Residual tolerance target = 1e-10
# Initial residual norm     = 1.04255e-09
     0     1
# FGMRES final (true) residual:
# Iteration = 4: |res|/|res0| = 9.87506e-12.

Computing volumes of the grid elements.
Non-linear iter.: 312/500. Linear iter.: 4. Min. area: 0.000154644. Error: 9.87506e-12.
Computing volumes of the grid elements.
Min. volume: 0.000154644, max. volume: 36.6484.

# FGMRES residual history
# Residual tolerance target = 1e-10
# Initial residual norm     = 1.04256e-09
     0     1
# FGMRES final (true) residual:
# Iteration = 4: |res|/|res0| = 9.87507e-12.

Computing volumes of the grid elements.
Non-linear iter.: 313/500. Linear iter.: 4. Min. area: 0.000154644. Error: 9.87507e-12.
Computing volumes of the grid elements.
Min. volume: 0.000154644, max. volume: 36.6484.

# FGMRES residual history
# Residual tolerance target = 1e-10
# Initial residual norm     = 1.04256e-09
     0     1
# FGMRES final (true) residual:
# Iteration = 4: |res|/|res0| = 9.87508e-12.

Computing volumes of the grid elements.
Non-linear iter.: 314/500. Linear iter.: 4. Min. area: 0.000154644. Error: 9.87508e-12.
Computing volumes of the grid elements.
Min. volume: 0.000154644, max. volume: 36.6484.

# FGMRES residual history
# Residual tolerance target = 1e-10
# Initial residual norm     = 1.04257e-09
     0     1
# FGMRES final (true) residual:
# Iteration = 4: |res|/|res0| = 9.87509e-12.

Computing volumes of the grid elements.
Non-linear iter.: 315/500. Linear iter.: 4. Min. area: 0.000154644. Error: 9.87509e-12.
Computing volumes of the grid elements.
Min. volume: 0.000154644, max. volume: 36.6484.

# FGMRES residual history
# Residual tolerance target = 1e-10
# Initial residual norm     = 1.04257e-09
     0     1
# FGMRES final (true) residual:
# Iteration = 4: |res|/|res0| = 9.8751e-12.

Computing volumes of the grid elements.
Non-linear iter.: 316/500. Linear iter.: 4. Min. area: 0.000154644. Error: 9.8751e-12.
Computing volumes of the grid elements.
Min. volume: 0.000154644, max. volume: 36.6484.

# FGMRES residual history
# Residual tolerance target = 1e-10
# Initial residual norm     = 1.04258e-09
     0     1
# FGMRES final (true) residual:
# Iteration = 4: |res|/|res0| = 9.87511e-12.

Computing volumes of the grid elements.
Non-linear iter.: 317/500. Linear iter.: 4. Min. area: 0.000154644. Error: 9.87511e-12.
Computing volumes of the grid elements.
Min. volume: 0.000154644, max. volume: 36.6484.

# FGMRES residual history
# Residual tolerance target = 1e-10
# Initial residual norm     = 1.04259e-09
     0     1
# FGMRES final (true) residual:
# Iteration = 4: |res|/|res0| = 9.87512e-12.

Computing volumes of the grid elements.
Non-linear iter.: 318/500. Linear iter.: 4. Min. area: 0.000154644. Error: 9.87512e-12.
Computing volumes of the grid elements.
Min. volume: 0.000154644, max. volume: 36.6484.

# FGMRES residual history
# Residual tolerance target = 1e-10
# Initial residual norm     = 1.04259e-09
     0     1
# FGMRES final (true) residual:
# Iteration = 4: |res|/|res0| = 9.87513e-12.

Computing volumes of the grid elements.
Non-linear iter.: 319/500. Linear iter.: 4. Min. area: 0.000154644. Error: 9.87513e-12.
Computing volumes of the grid elements.
Min. volume: 0.000154644, max. volume: 36.6484.

# FGMRES residual history
# Residual tolerance target = 1e-10
# Initial residual norm     = 1.0426e-09
     0     1
# FGMRES final (true) residual:
# Iteration = 4: |res|/|res0| = 9.87514e-12.

Computing volumes of the grid elements.
Non-linear iter.: 320/500. Linear iter.: 4. Min. area: 0.000154644. Error: 9.87514e-12.
Computing volumes of the grid elements.
Min. volume: 0.000154644, max. volume: 36.6484.

# FGMRES residual history
# Residual tolerance target = 1e-10
# Initial residual norm     = 1.0426e-09
     0     1
# FGMRES final (true) residual:
# Iteration = 4: |res|/|res0| = 9.87515e-12.

Computing volumes of the grid elements.
Non-linear iter.: 321/500. Linear iter.: 4. Min. area: 0.000154644. Error: 9.87515e-12.
Computing volumes of the grid elements.
Min. volume: 0.000154644, max. volume: 36.6484.

# FGMRES residual history
# Residual tolerance target = 1e-10
# Initial residual norm     = 1.04261e-09
     0     1
# FGMRES final (true) residual:
# Iteration = 4: |res|/|res0| = 9.87516e-12.

Computing volumes of the grid elements.
Non-linear iter.: 322/500. Linear iter.: 4. Min. area: 0.000154644. Error: 9.87516e-12.
Computing volumes of the grid elements.
Min. volume: 0.000154644, max. volume: 36.6484.

# FGMRES residual history
# Residual tolerance target = 1e-10
# Initial residual norm     = 1.04261e-09
     0     1
# FGMRES final (true) residual:
# Iteration = 4: |res|/|res0| = 9.87517e-12.

Computing volumes of the grid elements.
Non-linear iter.: 323/500. Linear iter.: 4. Min. area: 0.000154644. Error: 9.87517e-12.
Computing volumes of the grid elements.
Min. volume: 0.000154644, max. volume: 36.6484.

# FGMRES residual history
# Residual tolerance target = 1e-10
# Initial residual norm     = 1.04262e-09
     0     1
# FGMRES final (true) residual:
# Iteration = 4: |res|/|res0| = 9.87518e-12.

Computing volumes of the grid elements.
Non-linear iter.: 324/500. Linear iter.: 4. Min. area: 0.000154644. Error: 9.87518e-12.
Computing volumes of the grid elements.
Min. volume: 0.000154644, max. volume: 36.6484.

# FGMRES residual history
# Residual tolerance target = 1e-10
# Initial residual norm     = 1.04262e-09
     0     1
# FGMRES final (true) residual:
# Iteration = 4: |res|/|res0| = 9.87519e-12.

Computing volumes of the grid elements.
Non-linear iter.: 325/500. Linear iter.: 4. Min. area: 0.000154644. Error: 9.87519e-12.
Computing volumes of the grid elements.
Min. volume: 0.000154644, max. volume: 36.6484.

# FGMRES residual history
# Residual tolerance target = 1e-10
# Initial residual norm     = 1.04263e-09
     0     1
# FGMRES final (true) residual:
# Iteration = 4: |res|/|res0| = 9.8752e-12.

Computing volumes of the grid elements.
Non-linear iter.: 326/500. Linear iter.: 4. Min. area: 0.000154644. Error: 9.8752e-12.
Computing volumes of the grid elements.
Min. volume: 0.000154644, max. volume: 36.6484.

# FGMRES residual history
# Residual tolerance target = 1e-10
# Initial residual norm     = 1.04263e-09
     0     1
# FGMRES final (true) residual:
# Iteration = 4: |res|/|res0| = 9.87521e-12.

Computing volumes of the grid elements.
Non-linear iter.: 327/500. Linear iter.: 4. Min. area: 0.000154644. Error: 9.87521e-12.
Computing volumes of the grid elements.
Min. volume: 0.000154644, max. volume: 36.6484.

# FGMRES residual history
# Residual tolerance target = 1e-10
# Initial residual norm     = 1.04264e-09
     0     1
# FGMRES final (true) residual:
# Iteration = 4: |res|/|res0| = 9.87522e-12.

Computing volumes of the grid elements.
Non-linear iter.: 328/500. Linear iter.: 4. Min. area: 0.000154644. Error: 9.87522e-12.
Computing volumes of the grid elements.
Min. volume: 0.000154644, max. volume: 36.6484.

# FGMRES residual history
# Residual tolerance target = 1e-10
# Initial residual norm     = 1.04264e-09
     0     1
# FGMRES final (true) residual:
# Iteration = 4: |res|/|res0| = 9.87523e-12.

Computing volumes of the grid elements.
Non-linear iter.: 329/500. Linear iter.: 4. Min. area: 0.000154644. Error: 9.87523e-12.
Computing volumes of the grid elements.
Min. volume: 0.000154644, max. volume: 36.6484.

# FGMRES residual history
# Residual tolerance target = 1e-10
# Initial residual norm     = 1.04265e-09
     0     1
# FGMRES final (true) residual:
# Iteration = 4: |res|/|res0| = 9.87524e-12.

Computing volumes of the grid elements.
Non-linear iter.: 330/500. Linear iter.: 4. Min. area: 0.000154644. Error: 9.87524e-12.
Computing volumes of the grid elements.
Min. volume: 0.000154644, max. volume: 36.6484.

# FGMRES residual history
# Residual tolerance target = 1e-10
# Initial residual norm     = 1.04266e-09
     0     1
# FGMRES final (true) residual:
# Iteration = 4: |res|/|res0| = 9.87525e-12.

Computing volumes of the grid elements.
Non-linear iter.: 331/500. Linear iter.: 4. Min. area: 0.000154644. Error: 9.87525e-12.
Computing volumes of the grid elements.
Min. volume: 0.000154644, max. volume: 36.6484.

# FGMRES residual history
# Residual tolerance target = 1e-10
# Initial residual norm     = 1.04266e-09
     0     1
# FGMRES final (true) residual:
# Iteration = 4: |res|/|res0| = 9.87526e-12.

Computing volumes of the grid elements.
Non-linear iter.: 332/500. Linear iter.: 4. Min. area: 0.000154644. Error: 9.87526e-12.
Computing volumes of the grid elements.
Min. volume: 0.000154644, max. volume: 36.6484.

# FGMRES residual history
# Residual tolerance target = 1e-10
# Initial residual norm     = 1.04267e-09
     0     1
# FGMRES final (true) residual:
# Iteration = 4: |res|/|res0| = 9.87527e-12.

Computing volumes of the grid elements.
Non-linear iter.: 333/500. Linear iter.: 4. Min. area: 0.000154644. Error: 9.87527e-12.
Computing volumes of the grid elements.
Min. volume: 0.000154644, max. volume: 36.6484.

# FGMRES residual history
# Residual tolerance target = 1e-10
# Initial residual norm     = 1.04267e-09
     0     1
# FGMRES final (true) residual:
# Iteration = 4: |res|/|res0| = 9.87528e-12.

Computing volumes of the grid elements.
Non-linear iter.: 334/500. Linear iter.: 4. Min. area: 0.000154644. Error: 9.87528e-12.
Computing volumes of the grid elements.
Min. volume: 0.000154644, max. volume: 36.6484.

# FGMRES residual history
# Residual tolerance target = 1e-10
# Initial residual norm     = 1.04268e-09
     0     1
# FGMRES final (true) residual:
# Iteration = 4: |res|/|res0| = 9.87529e-12.

Computing volumes of the grid elements.
Non-linear iter.: 335/500. Linear iter.: 4. Min. area: 0.000154644. Error: 9.87529e-12.
Computing volumes of the grid elements.
Min. volume: 0.000154644, max. volume: 36.6484.

# FGMRES residual history
# Residual tolerance target = 1e-10
# Initial residual norm     = 1.04268e-09
     0     1
# FGMRES final (true) residual:
# Iteration = 4: |res|/|res0| = 9.8753e-12.

Computing volumes of the grid elements.
Non-linear iter.: 336/500. Linear iter.: 4. Min. area: 0.000154644. Error: 9.8753e-12.
Computing volumes of the grid elements.
Min. volume: 0.000154644, max. volume: 36.6484.

# FGMRES residual history
# Residual tolerance target = 1e-10
# Initial residual norm     = 1.04269e-09
     0     1
# FGMRES final (true) residual:
# Iteration = 4: |res|/|res0| = 9.87531e-12.

Computing volumes of the grid elements.
Non-linear iter.: 337/500. Linear iter.: 4. Min. area: 0.000154644. Error: 9.87531e-12.
Computing volumes of the grid elements.
Min. volume: 0.000154644, max. volume: 36.6484.

# FGMRES residual history
# Residual tolerance target = 1e-10
# Initial residual norm     = 1.04269e-09
     0     1
# FGMRES final (true) residual:
# Iteration = 4: |res|/|res0| = 9.87532e-12.

Computing volumes of the grid elements.
Non-linear iter.: 338/500. Linear iter.: 4. Min. area: 0.000154644. Error: 9.87532e-12.
Computing volumes of the grid elements.
Min. volume: 0.000154644, max. volume: 36.6485.

# FGMRES residual history
# Residual tolerance target = 1e-10
# Initial residual norm     = 1.0427e-09
     0     1
# FGMRES final (true) residual:
# Iteration = 4: |res|/|res0| = 9.87533e-12.

Computing volumes of the grid elements.
Non-linear iter.: 339/500. Linear iter.: 4. Min. area: 0.000154644. Error: 9.87533e-12.
Computing volumes of the grid elements.
Min. volume: 0.000154644, max. volume: 36.6485.

# FGMRES residual history
# Residual tolerance target = 1e-10
# Initial residual norm     = 1.0427e-09
     0     1
# FGMRES final (true) residual:
# Iteration = 4: |res|/|res0| = 9.87534e-12.

Computing volumes of the grid elements.
Non-linear iter.: 340/500. Linear iter.: 4. Min. area: 0.000154644. Error: 9.87534e-12.
Computing volumes of the grid elements.
Min. volume: 0.000154644, max. volume: 36.6485.

# FGMRES residual history
# Residual tolerance target = 1e-10
# Initial residual norm     = 1.04271e-09
     0     1
# FGMRES final (true) residual:
# Iteration = 4: |res|/|res0| = 9.87535e-12.

Computing volumes of the grid elements.
Non-linear iter.: 341/500. Linear iter.: 4. Min. area: 0.000154644. Error: 9.87535e-12.
Computing volumes of the grid elements.
Min. volume: 0.000154644, max. volume: 36.6485.

# FGMRES residual history
# Residual tolerance target = 1e-10
# Initial residual norm     = 1.04271e-09
     0     1
# FGMRES final (true) residual:
# Iteration = 4: |res|/|res0| = 9.87536e-12.

Computing volumes of the grid elements.
Non-linear iter.: 342/500. Linear iter.: 4. Min. area: 0.000154644. Error: 9.87536e-12.
Computing volumes of the grid elements.
Min. volume: 0.000154644, max. volume: 36.6485.

# FGMRES residual history
# Residual tolerance target = 1e-10
# Initial residual norm     = 1.04272e-09
     0     1
# FGMRES final (true) residual:
# Iteration = 4: |res|/|res0| = 9.87537e-12.

Computing volumes of the grid elements.
Non-linear iter.: 343/500. Linear iter.: 4. Min. area: 0.000154644. Error: 9.87537e-12.
Computing volumes of the grid elements.
Min. volume: 0.000154644, max. volume: 36.6485.

# FGMRES residual history
# Residual tolerance target = 1e-10
# Initial residual norm     = 1.04273e-09
     0     1
# FGMRES final (true) residual:
# Iteration = 4: |res|/|res0| = 9.87538e-12.

Computing volumes of the grid elements.
Non-linear iter.: 344/500. Linear iter.: 4. Min. area: 0.000154644. Error: 9.87538e-12.
Computing volumes of the grid elements.
Min. volume: 0.000154644, max. volume: 36.6485.

# FGMRES residual history
# Residual tolerance target = 1e-10
# Initial residual norm     = 1.04273e-09
     0     1
# FGMRES final (true) residual:
# Iteration = 4: |res|/|res0| = 9.87539e-12.

Computing volumes of the grid elements.
Non-linear iter.: 345/500. Linear iter.: 4. Min. area: 0.000154644. Error: 9.87539e-12.
Computing volumes of the grid elements.
Min. volume: 0.000154644, max. volume: 36.6485.

# FGMRES residual history
# Residual tolerance target = 1e-10
# Initial residual norm     = 1.04274e-09
     0     1
# FGMRES final (true) residual:
# Iteration = 4: |res|/|res0| = 9.8754e-12.

Computing volumes of the grid elements.
Non-linear iter.: 346/500. Linear iter.: 4. Min. area: 0.000154644. Error: 9.8754e-12.
Computing volumes of the grid elements.
Min. volume: 0.000154644, max. volume: 36.6485.

# FGMRES residual history
# Residual tolerance target = 1e-10
# Initial residual norm     = 1.04274e-09
     0     1
# FGMRES final (true) residual:
# Iteration = 4: |res|/|res0| = 9.87541e-12.

Computing volumes of the grid elements.
Non-linear iter.: 347/500. Linear iter.: 4. Min. area: 0.000154644. Error: 9.87541e-12.
Computing volumes of the grid elements.
Min. volume: 0.000154644, max. volume: 36.6485.

# FGMRES residual history
# Residual tolerance target = 1e-10
# Initial residual norm     = 1.04275e-09
     0     1
# FGMRES final (true) residual:
# Iteration = 4: |res|/|res0| = 9.87542e-12.

Computing volumes of the grid elements.
Non-linear iter.: 348/500. Linear iter.: 4. Min. area: 0.000154644. Error: 9.87542e-12.
Computing volumes of the grid elements.
Min. volume: 0.000154644, max. volume: 36.6485.

# FGMRES residual history
# Residual tolerance target = 1e-10
# Initial residual norm     = 1.04275e-09
     0     1
# FGMRES final (true) residual:
# Iteration = 4: |res|/|res0| = 9.87543e-12.

Computing volumes of the grid elements.
Non-linear iter.: 349/500. Linear iter.: 4. Min. area: 0.000154644. Error: 9.87543e-12.
Computing volumes of the grid elements.
Min. volume: 0.000154644, max. volume: 36.6485.

# FGMRES residual history
# Residual tolerance target = 1e-10
# Initial residual norm     = 1.04276e-09
     0     1
# FGMRES final (true) residual:
# Iteration = 4: |res|/|res0| = 9.87544e-12.

Computing volumes of the grid elements.
Non-linear iter.: 350/500. Linear iter.: 4. Min. area: 0.000154644. Error: 9.87544e-12.
Computing volumes of the grid elements.
Min. volume: 0.000154644, max. volume: 36.6485.

# FGMRES residual history
# Residual tolerance target = 1e-10
# Initial residual norm     = 1.04276e-09
     0     1
# FGMRES final (true) residual:
# Iteration = 4: |res|/|res0| = 9.87545e-12.

Computing volumes of the grid elements.
Non-linear iter.: 351/500. Linear iter.: 4. Min. area: 0.000154644. Error: 9.87545e-12.
Computing volumes of the grid elements.
Min. volume: 0.000154644, max. volume: 36.6485.

# FGMRES residual history
# Residual tolerance target = 1e-10
# Initial residual norm     = 1.04277e-09
     0     1
# FGMRES final (true) residual:
# Iteration = 4: |res|/|res0| = 9.87546e-12.

Computing volumes of the grid elements.
Non-linear iter.: 352/500. Linear iter.: 4. Min. area: 0.000154644. Error: 9.87546e-12.
Computing volumes of the grid elements.
Min. volume: 0.000154644, max. volume: 36.6485.

# FGMRES residual history
# Residual tolerance target = 1e-10
# Initial residual norm     = 1.04277e-09
     0     1
# FGMRES final (true) residual:
# Iteration = 4: |res|/|res0| = 9.87547e-12.

Computing volumes of the grid elements.
Non-linear iter.: 353/500. Linear iter.: 4. Min. area: 0.000154644. Error: 9.87547e-12.
Computing volumes of the grid elements.
Min. volume: 0.000154644, max. volume: 36.6485.

# FGMRES residual history
# Residual tolerance target = 1e-10
# Initial residual norm     = 1.04278e-09
     0     1
# FGMRES final (true) residual:
# Iteration = 4: |res|/|res0| = 9.87548e-12.

Computing volumes of the grid elements.
Non-linear iter.: 354/500. Linear iter.: 4. Min. area: 0.000154644. Error: 9.87548e-12.
Computing volumes of the grid elements.
Min. volume: 0.000154644, max. volume: 36.6485.

# FGMRES residual history
# Residual tolerance target = 1e-10
# Initial residual norm     = 1.04278e-09
     0     1
# FGMRES final (true) residual:
# Iteration = 4: |res|/|res0| = 9.87549e-12.

Computing volumes of the grid elements.
Non-linear iter.: 355/500. Linear iter.: 4. Min. area: 0.000154644. Error: 9.87549e-12.
Computing volumes of the grid elements.
Min. volume: 0.000154644, max. volume: 36.6485.

# FGMRES residual history
# Residual tolerance target = 1e-10
# Initial residual norm     = 1.04279e-09
     0     1
# FGMRES final (true) residual:
# Iteration = 4: |res|/|res0| = 9.8755e-12.

Computing volumes of the grid elements.
Non-linear iter.: 356/500. Linear iter.: 4. Min. area: 0.000154644. Error: 9.8755e-12.
Computing volumes of the grid elements.
Min. volume: 0.000154644, max. volume: 36.6485.

# FGMRES residual history
# Residual tolerance target = 1e-10
# Initial residual norm     = 1.0428e-09
     0     1
# FGMRES final (true) residual:
# Iteration = 4: |res|/|res0| = 9.87551e-12.

Computing volumes of the grid elements.
Non-linear iter.: 357/500. Linear iter.: 4. Min. area: 0.000154644. Error: 9.87551e-12.
Computing volumes of the grid elements.
Min. volume: 0.000154644, max. volume: 36.6485.

# FGMRES residual history
# Residual tolerance target = 1e-10
# Initial residual norm     = 1.0428e-09
     0     1
# FGMRES final (true) residual:
# Iteration = 4: |res|/|res0| = 9.87552e-12.

Computing volumes of the grid elements.
Non-linear iter.: 358/500. Linear iter.: 4. Min. area: 0.000154644. Error: 9.87552e-12.
Computing volumes of the grid elements.
Min. volume: 0.000154644, max. volume: 36.6485.

# FGMRES residual history
# Residual tolerance target = 1e-10
# Initial residual norm     = 1.04281e-09
     0     1
# FGMRES final (true) residual:
# Iteration = 4: |res|/|res0| = 9.87553e-12.

Computing volumes of the grid elements.
Non-linear iter.: 359/500. Linear iter.: 4. Min. area: 0.000154644. Error: 9.87553e-12.
Computing volumes of the grid elements.
Min. volume: 0.000154644, max. volume: 36.6485.

# FGMRES residual history
# Residual tolerance target = 1e-10
# Initial residual norm     = 1.04281e-09
     0     1
# FGMRES final (true) residual:
# Iteration = 4: |res|/|res0| = 9.87554e-12.

Computing volumes of the grid elements.
Non-linear iter.: 360/500. Linear iter.: 4. Min. area: 0.000154644. Error: 9.87554e-12.
Computing volumes of the grid elements.
Min. volume: 0.000154644, max. volume: 36.6485.

# FGMRES residual history
# Residual tolerance target = 1e-10
# Initial residual norm     = 1.04282e-09
     0     1
# FGMRES final (true) residual:
# Iteration = 4: |res|/|res0| = 9.87555e-12.

Computing volumes of the grid elements.
Non-linear iter.: 361/500. Linear iter.: 4. Min. area: 0.000154644. Error: 9.87555e-12.
Computing volumes of the grid elements.
Min. volume: 0.000154644, max. volume: 36.6485.

# FGMRES residual history
# Residual tolerance target = 1e-10
# Initial residual norm     = 1.04282e-09
     0     1
# FGMRES final (true) residual:
# Iteration = 4: |res|/|res0| = 9.87556e-12.

Computing volumes of the grid elements.
Non-linear iter.: 362/500. Linear iter.: 4. Min. area: 0.000154644. Error: 9.87556e-12.
Computing volumes of the grid elements.
Min. volume: 0.000154644, max. volume: 36.6485.

# FGMRES residual history
# Residual tolerance target = 1e-10
# Initial residual norm     = 1.04283e-09
     0     1
# FGMRES final (true) residual:
# Iteration = 4: |res|/|res0| = 9.87557e-12.

Computing volumes of the grid elements.
Non-linear iter.: 363/500. Linear iter.: 4. Min. area: 0.000154644. Error: 9.87557e-12.
Computing volumes of the grid elements.
Min. volume: 0.000154644, max. volume: 36.6485.

# FGMRES residual history
# Residual tolerance target = 1e-10
# Initial residual norm     = 1.04283e-09
     0     1
# FGMRES final (true) residual:
# Iteration = 4: |res|/|res0| = 9.87558e-12.

Computing volumes of the grid elements.
Non-linear iter.: 364/500. Linear iter.: 4. Min. area: 0.000154644. Error: 9.87558e-12.
Computing volumes of the grid elements.
Min. volume: 0.000154644, max. volume: 36.6485.

# FGMRES residual history
# Residual tolerance target = 1e-10
# Initial residual norm     = 1.04284e-09
     0     1
# FGMRES final (true) residual:
# Iteration = 4: |res|/|res0| = 9.87559e-12.

Computing volumes of the grid elements.
Non-linear iter.: 365/500. Linear iter.: 4. Min. area: 0.000154644. Error: 9.87559e-12.
Computing volumes of the grid elements.
Min. volume: 0.000154644, max. volume: 36.6485.

# FGMRES residual history
# Residual tolerance target = 1e-10
# Initial residual norm     = 1.04284e-09
     0     1
# FGMRES final (true) residual:
# Iteration = 4: |res|/|res0| = 9.8756e-12.

Computing volumes of the grid elements.
Non-linear iter.: 366/500. Linear iter.: 4. Min. area: 0.000154644. Error: 9.8756e-12.
Computing volumes of the grid elements.
Min. volume: 0.000154644, max. volume: 36.6485.

# FGMRES residual history
# Residual tolerance target = 1e-10
# Initial residual norm     = 1.04285e-09
     0     1
# FGMRES final (true) residual:
# Iteration = 4: |res|/|res0| = 9.87561e-12.

Computing volumes of the grid elements.
Non-linear iter.: 367/500. Linear iter.: 4. Min. area: 0.000154644. Error: 9.87561e-12.
Computing volumes of the grid elements.
Min. volume: 0.000154644, max. volume: 36.6485.

# FGMRES residual history
# Residual tolerance target = 1e-10
# Initial residual norm     = 1.04286e-09
     0     1
# FGMRES final (true) residual:
# Iteration = 4: |res|/|res0| = 9.87562e-12.

Computing volumes of the grid elements.
Non-linear iter.: 368/500. Linear iter.: 4. Min. area: 0.000154644. Error: 9.87562e-12.
Computing volumes of the grid elements.
Min. volume: 0.000154644, max. volume: 36.6485.

# FGMRES residual history
# Residual tolerance target = 1e-10
# Initial residual norm     = 1.04286e-09
     0     1
# FGMRES final (true) residual:
# Iteration = 4: |res|/|res0| = 9.87563e-12.

Computing volumes of the grid elements.
Non-linear iter.: 369/500. Linear iter.: 4. Min. area: 0.000154644. Error: 9.87563e-12.
Computing volumes of the grid elements.
Min. volume: 0.000154644, max. volume: 36.6485.

# FGMRES residual history
# Residual tolerance target = 1e-10
# Initial residual norm     = 1.04287e-09
     0     1
# FGMRES final (true) residual:
# Iteration = 4: |res|/|res0| = 9.87564e-12.

Computing volumes of the grid elements.
Non-linear iter.: 370/500. Linear iter.: 4. Min. area: 0.000154644. Error: 9.87564e-12.
Computing volumes of the grid elements.
Min. volume: 0.000154644, max. volume: 36.6485.

# FGMRES residual history
# Residual tolerance target = 1e-10
# Initial residual norm     = 1.04287e-09
     0     1
# FGMRES final (true) residual:
# Iteration = 4: |res|/|res0| = 9.87565e-12.

Computing volumes of the grid elements.
Non-linear iter.: 371/500. Linear iter.: 4. Min. area: 0.000154644. Error: 9.87565e-12.
Computing volumes of the grid elements.
Min. volume: 0.000154644, max. volume: 36.6485.

# FGMRES residual history
# Residual tolerance target = 1e-10
# Initial residual norm     = 1.04288e-09
     0     1
# FGMRES final (true) residual:
# Iteration = 4: |res|/|res0| = 9.87566e-12.

Computing volumes of the grid elements.
Non-linear iter.: 372/500. Linear iter.: 4. Min. area: 0.000154644. Error: 9.87566e-12.
Computing volumes of the grid elements.
Min. volume: 0.000154644, max. volume: 36.6485.

# FGMRES residual history
# Residual tolerance target = 1e-10
# Initial residual norm     = 1.04288e-09
     0     1
# FGMRES final (true) residual:
# Iteration = 4: |res|/|res0| = 9.87567e-12.

Computing volumes of the grid elements.
Non-linear iter.: 373/500. Linear iter.: 4. Min. area: 0.000154644. Error: 9.87567e-12.
Computing volumes of the grid elements.
Min. volume: 0.000154644, max. volume: 36.6485.

# FGMRES residual history
# Residual tolerance target = 1e-10
# Initial residual norm     = 1.04289e-09
     0     1
# FGMRES final (true) residual:
# Iteration = 4: |res|/|res0| = 9.87568e-12.

Computing volumes of the grid elements.
Non-linear iter.: 374/500. Linear iter.: 4. Min. area: 0.000154644. Error: 9.87568e-12.
Computing volumes of the grid elements.
Min. volume: 0.000154644, max. volume: 36.6485.

# FGMRES residual history
# Residual tolerance target = 1e-10
# Initial residual norm     = 1.04289e-09
     0     1
# FGMRES final (true) residual:
# Iteration = 4: |res|/|res0| = 9.87569e-12.

Computing volumes of the grid elements.
Non-linear iter.: 375/500. Linear iter.: 4. Min. area: 0.000154644. Error: 9.87569e-12.
Computing volumes of the grid elements.
Min. volume: 0.000154644, max. volume: 36.6485.

# FGMRES residual history
# Residual tolerance target = 1e-10
# Initial residual norm     = 1.0429e-09
     0     1
# FGMRES final (true) residual:
# Iteration = 4: |res|/|res0| = 9.8757e-12.

Computing volumes of the grid elements.
Non-linear iter.: 376/500. Linear iter.: 4. Min. area: 0.000154644. Error: 9.8757e-12.
Computing volumes of the grid elements.
Min. volume: 0.000154644, max. volume: 36.6485.

# FGMRES residual history
# Residual tolerance target = 1e-10
# Initial residual norm     = 1.0429e-09
     0     1
# FGMRES final (true) residual:
# Iteration = 4: |res|/|res0| = 9.87571e-12.

Computing volumes of the grid elements.
Non-linear iter.: 377/500. Linear iter.: 4. Min. area: 0.000154644. Error: 9.87571e-12.
Computing volumes of the grid elements.
Min. volume: 0.000154644, max. volume: 36.6485.

# FGMRES residual history
# Residual tolerance target = 1e-10
# Initial residual norm     = 1.04291e-09
     0     1
# FGMRES final (true) residual:
# Iteration = 4: |res|/|res0| = 9.87572e-12.

Computing volumes of the grid elements.
Non-linear iter.: 378/500. Linear iter.: 4. Min. area: 0.000154644. Error: 9.87572e-12.
Computing volumes of the grid elements.
Min. volume: 0.000154644, max. volume: 36.6485.

# FGMRES residual history
# Residual tolerance target = 1e-10
# Initial residual norm     = 1.04291e-09
     0     1
# FGMRES final (true) residual:
# Iteration = 4: |res|/|res0| = 9.87573e-12.

Computing volumes of the grid elements.
Non-linear iter.: 379/500. Linear iter.: 4. Min. area: 0.000154644. Error: 9.87573e-12.
Computing volumes of the grid elements.
Min. volume: 0.000154644, max. volume: 36.6485.

# FGMRES residual history
# Residual tolerance target = 1e-10
# Initial residual norm     = 1.04292e-09
     0     1
# FGMRES final (true) residual:
# Iteration = 4: |res|/|res0| = 9.87574e-12.

Computing volumes of the grid elements.
Non-linear iter.: 380/500. Linear iter.: 4. Min. area: 0.000154644. Error: 9.87574e-12.
Computing volumes of the grid elements.
Min. volume: 0.000154644, max. volume: 36.6485.

# FGMRES residual history
# Residual tolerance target = 1e-10
# Initial residual norm     = 1.04293e-09
     0     1
# FGMRES final (true) residual:
# Iteration = 4: |res|/|res0| = 9.87575e-12.

Computing volumes of the grid elements.
Non-linear iter.: 381/500. Linear iter.: 4. Min. area: 0.000154644. Error: 9.87575e-12.
Computing volumes of the grid elements.
Min. volume: 0.000154644, max. volume: 36.6485.

# FGMRES residual history
# Residual tolerance target = 1e-10
# Initial residual norm     = 1.04293e-09
     0     1
# FGMRES final (true) residual:
# Iteration = 4: |res|/|res0| = 9.87576e-12.

Computing volumes of the grid elements.
Non-linear iter.: 382/500. Linear iter.: 4. Min. area: 0.000154644. Error: 9.87576e-12.
Computing volumes of the grid elements.
Min. volume: 0.000154644, max. volume: 36.6485.

# FGMRES residual history
# Residual tolerance target = 1e-10
# Initial residual norm     = 1.04294e-09
     0     1
# FGMRES final (true) residual:
# Iteration = 4: |res|/|res0| = 9.87577e-12.

Computing volumes of the grid elements.
Non-linear iter.: 383/500. Linear iter.: 4. Min. area: 0.000154644. Error: 9.87577e-12.
Computing volumes of the grid elements.
Min. volume: 0.000154644, max. volume: 36.6485.

# FGMRES residual history
# Residual tolerance target = 1e-10
# Initial residual norm     = 1.04294e-09
     0     1
# FGMRES final (true) residual:
# Iteration = 4: |res|/|res0| = 9.87578e-12.

Computing volumes of the grid elements.
Non-linear iter.: 384/500. Linear iter.: 4. Min. area: 0.000154644. Error: 9.87578e-12.
Computing volumes of the grid elements.
Min. volume: 0.000154644, max. volume: 36.6485.

# FGMRES residual history
# Residual tolerance target = 1e-10
# Initial residual norm     = 1.04295e-09
     0     1
# FGMRES final (true) residual:
# Iteration = 4: |res|/|res0| = 9.87579e-12.

Computing volumes of the grid elements.
Non-linear iter.: 385/500. Linear iter.: 4. Min. area: 0.000154644. Error: 9.87579e-12.
Computing volumes of the grid elements.
Min. volume: 0.000154644, max. volume: 36.6486.

# FGMRES residual history
# Residual tolerance target = 1e-10
# Initial residual norm     = 1.04295e-09
     0     1
# FGMRES final (true) residual:
# Iteration = 4: |res|/|res0| = 9.8758e-12.

Computing volumes of the grid elements.
Non-linear iter.: 386/500. Linear iter.: 4. Min. area: 0.000154644. Error: 9.8758e-12.
Computing volumes of the grid elements.
Min. volume: 0.000154644, max. volume: 36.6486.

# FGMRES residual history
# Residual tolerance target = 1e-10
# Initial residual norm     = 1.04296e-09
     0     1
# FGMRES final (true) residual:
# Iteration = 4: |res|/|res0| = 9.87581e-12.

Computing volumes of the grid elements.
Non-linear iter.: 387/500. Linear iter.: 4. Min. area: 0.000154644. Error: 9.87581e-12.
Computing volumes of the grid elements.
Min. volume: 0.000154644, max. volume: 36.6486.

# FGMRES residual history
# Residual tolerance target = 1e-10
# Initial residual norm     = 1.04296e-09
     0     1
# FGMRES final (true) residual:
# Iteration = 4: |res|/|res0| = 9.87582e-12.

Computing volumes of the grid elements.
Non-linear iter.: 388/500. Linear iter.: 4. Min. area: 0.000154644. Error: 9.87582e-12.
Computing volumes of the grid elements.
Min. volume: 0.000154644, max. volume: 36.6486.

# FGMRES residual history
# Residual tolerance target = 1e-10
# Initial residual norm     = 1.04297e-09
     0     1
# FGMRES final (true) residual:
# Iteration = 4: |res|/|res0| = 9.87583e-12.

Computing volumes of the grid elements.
Non-linear iter.: 389/500. Linear iter.: 4. Min. area: 0.000154644. Error: 9.87583e-12.
Computing volumes of the grid elements.
Min. volume: 0.000154644, max. volume: 36.6486.

# FGMRES residual history
# Residual tolerance target = 1e-10
# Initial residual norm     = 1.04297e-09
     0     1
# FGMRES final (true) residual:
# Iteration = 4: |res|/|res0| = 9.87584e-12.

Computing volumes of the grid elements.
Non-linear iter.: 390/500. Linear iter.: 4. Min. area: 0.000154644. Error: 9.87584e-12.
Computing volumes of the grid elements.
Min. volume: 0.000154644, max. volume: 36.6486.

# FGMRES residual history
# Residual tolerance target = 1e-10
# Initial residual norm     = 1.04298e-09
     0     1
# FGMRES final (true) residual:
# Iteration = 4: |res|/|res0| = 9.87585e-12.

Computing volumes of the grid elements.
Non-linear iter.: 391/500. Linear iter.: 4. Min. area: 0.000154644. Error: 9.87585e-12.
Computing volumes of the grid elements.
Min. volume: 0.000154644, max. volume: 36.6486.

# FGMRES residual history
# Residual tolerance target = 1e-10
# Initial residual norm     = 1.04298e-09
     0     1
# FGMRES final (true) residual:
# Iteration = 4: |res|/|res0| = 9.87586e-12.

Computing volumes of the grid elements.
Non-linear iter.: 392/500. Linear iter.: 4. Min. area: 0.000154644. Error: 9.87586e-12.
Computing volumes of the grid elements.
Min. volume: 0.000154644, max. volume: 36.6486.

# FGMRES residual history
# Residual tolerance target = 1e-10
# Initial residual norm     = 1.04299e-09
     0     1
# FGMRES final (true) residual:
# Iteration = 4: |res|/|res0| = 9.87587e-12.

Computing volumes of the grid elements.
Non-linear iter.: 393/500. Linear iter.: 4. Min. area: 0.000154644. Error: 9.87587e-12.
Computing volumes of the grid elements.
Min. volume: 0.000154644, max. volume: 36.6486.

# FGMRES residual history
# Residual tolerance target = 1e-10
# Initial residual norm     = 1.043e-09
     0     1
# FGMRES final (true) residual:
# Iteration = 4: |res|/|res0| = 9.87588e-12.

Computing volumes of the grid elements.
Non-linear iter.: 394/500. Linear iter.: 4. Min. area: 0.000154644. Error: 9.87588e-12.
Computing volumes of the grid elements.
Min. volume: 0.000154644, max. volume: 36.6486.

# FGMRES residual history
# Residual tolerance target = 1e-10
# Initial residual norm     = 1.043e-09
     0     1
# FGMRES final (true) residual:
# Iteration = 4: |res|/|res0| = 9.87589e-12.

Computing volumes of the grid elements.
Non-linear iter.: 395/500. Linear iter.: 4. Min. area: 0.000154644. Error: 9.87589e-12.
Computing volumes of the grid elements.
Min. volume: 0.000154644, max. volume: 36.6486.

# FGMRES residual history
# Residual tolerance target = 1e-10
# Initial residual norm     = 1.04301e-09
     0     1
# FGMRES final (true) residual:
# Iteration = 4: |res|/|res0| = 9.8759e-12.

Computing volumes of the grid elements.
Non-linear iter.: 396/500. Linear iter.: 4. Min. area: 0.000154644. Error: 9.8759e-12.
Computing volumes of the grid elements.
Min. volume: 0.000154644, max. volume: 36.6486.

# FGMRES residual history
# Residual tolerance target = 1e-10
# Initial residual norm     = 1.04301e-09
     0     1
# FGMRES final (true) residual:
# Iteration = 4: |res|/|res0| = 9.87591e-12.

Computing volumes of the grid elements.
Non-linear iter.: 397/500. Linear iter.: 4. Min. area: 0.000154644. Error: 9.87591e-12.
Computing volumes of the grid elements.
Min. volume: 0.000154644, max. volume: 36.6486.

# FGMRES residual history
# Residual tolerance target = 1e-10
# Initial residual norm     = 1.04302e-09
     0     1
# FGMRES final (true) residual:
# Iteration = 4: |res|/|res0| = 9.87592e-12.

Computing volumes of the grid elements.
Non-linear iter.: 398/500. Linear iter.: 4. Min. area: 0.000154644. Error: 9.87592e-12.
Computing volumes of the grid elements.
Min. volume: 0.000154644, max. volume: 36.6486.

# FGMRES residual history
# Residual tolerance target = 1e-10
# Initial residual norm     = 1.04302e-09
     0     1
# FGMRES final (true) residual:
# Iteration = 4: |res|/|res0| = 9.87594e-12.

Computing volumes of the grid elements.
Non-linear iter.: 399/500. Linear iter.: 4. Min. area: 0.000154644. Error: 9.87594e-12.
Computing volumes of the grid elements.
Min. volume: 0.000154644, max. volume: 36.6486.

# FGMRES residual history
# Residual tolerance target = 1e-10
# Initial residual norm     = 1.04303e-09
     0     1
# FGMRES final (true) residual:
# Iteration = 4: |res|/|res0| = 9.87595e-12.

Computing volumes of the grid elements.
Non-linear iter.: 400/500. Linear iter.: 4. Min. area: 0.000154645. Error: 9.87595e-12.
Computing volumes of the grid elements.
Min. volume: 0.000154645, max. volume: 36.6486.

# FGMRES residual history
# Residual tolerance target = 1e-10
# Initial residual norm     = 1.04303e-09
     0     1
# FGMRES final (true) residual:
# Iteration = 4: |res|/|res0| = 9.87596e-12.

Computing volumes of the grid elements.
Non-linear iter.: 401/500. Linear iter.: 4. Min. area: 0.000154645. Error: 9.87596e-12.
Computing volumes of the grid elements.
Min. volume: 0.000154645, max. volume: 36.6486.

# FGMRES residual history
# Residual tolerance target = 1e-10
# Initial residual norm     = 1.04304e-09
     0     1
# FGMRES final (true) residual:
# Iteration = 4: |res|/|res0| = 9.87597e-12.

Computing volumes of the grid elements.
Non-linear iter.: 402/500. Linear iter.: 4. Min. area: 0.000154645. Error: 9.87597e-12.
Computing volumes of the grid elements.
Min. volume: 0.000154645, max. volume: 36.6486.

# FGMRES residual history
# Residual tolerance target = 1e-10
# Initial residual norm     = 1.04304e-09
     0     1
# FGMRES final (true) residual:
# Iteration = 4: |res|/|res0| = 9.87598e-12.

Computing volumes of the grid elements.
Non-linear iter.: 403/500. Linear iter.: 4. Min. area: 0.000154645. Error: 9.87598e-12.
Computing volumes of the grid elements.
Min. volume: 0.000154645, max. volume: 36.6486.

# FGMRES residual history
# Residual tolerance target = 1e-10
# Initial residual norm     = 1.04305e-09
     0     1
# FGMRES final (true) residual:
# Iteration = 4: |res|/|res0| = 9.87599e-12.

Computing volumes of the grid elements.
Non-linear iter.: 404/500. Linear iter.: 4. Min. area: 0.000154645. Error: 9.87599e-12.
Computing volumes of the grid elements.
Min. volume: 0.000154645, max. volume: 36.6486.

# FGMRES residual history
# Residual tolerance target = 1e-10
# Initial residual norm     = 1.04305e-09
     0     1
# FGMRES final (true) residual:
# Iteration = 4: |res|/|res0| = 9.876e-12.

Computing volumes of the grid elements.
Non-linear iter.: 405/500. Linear iter.: 4. Min. area: 0.000154645. Error: 9.876e-12.
Computing volumes of the grid elements.
Min. volume: 0.000154645, max. volume: 36.6486.

# FGMRES residual history
# Residual tolerance target = 1e-10
# Initial residual norm     = 1.04306e-09
     0     1
# FGMRES final (true) residual:
# Iteration = 4: |res|/|res0| = 9.87601e-12.

Computing volumes of the grid elements.
Non-linear iter.: 406/500. Linear iter.: 4. Min. area: 0.000154645. Error: 9.87601e-12.
Computing volumes of the grid elements.
Min. volume: 0.000154645, max. volume: 36.6486.

# FGMRES residual history
# Residual tolerance target = 1e-10
# Initial residual norm     = 1.04307e-09
     0     1
# FGMRES final (true) residual:
# Iteration = 4: |res|/|res0| = 9.87602e-12.

Computing volumes of the grid elements.
Non-linear iter.: 407/500. Linear iter.: 4. Min. area: 0.000154645. Error: 9.87602e-12.
Computing volumes of the grid elements.
Min. volume: 0.000154645, max. volume: 36.6486.

# FGMRES residual history
# Residual tolerance target = 1e-10
# Initial residual norm     = 1.04307e-09
     0     1
# FGMRES final (true) residual:
# Iteration = 4: |res|/|res0| = 9.87603e-12.

Computing volumes of the grid elements.
Non-linear iter.: 408/500. Linear iter.: 4. Min. area: 0.000154645. Error: 9.87603e-12.
Computing volumes of the grid elements.
Min. volume: 0.000154645, max. volume: 36.6486.

# FGMRES residual history
# Residual tolerance target = 1e-10
# Initial residual norm     = 1.04308e-09
     0     1
# FGMRES final (true) residual:
# Iteration = 4: |res|/|res0| = 9.87604e-12.

Computing volumes of the grid elements.
Non-linear iter.: 409/500. Linear iter.: 4. Min. area: 0.000154645. Error: 9.87604e-12.
Computing volumes of the grid elements.
Min. volume: 0.000154645, max. volume: 36.6486.

# FGMRES residual history
# Residual tolerance target = 1e-10
# Initial residual norm     = 1.04308e-09
     0     1
# FGMRES final (true) residual:
# Iteration = 4: |res|/|res0| = 9.87605e-12.

Computing volumes of the grid elements.
Non-linear iter.: 410/500. Linear iter.: 4. Min. area: 0.000154645. Error: 9.87605e-12.
Computing volumes of the grid elements.
Min. volume: 0.000154645, max. volume: 36.6486.

# FGMRES residual history
# Residual tolerance target = 1e-10
# Initial residual norm     = 1.04309e-09
     0     1
# FGMRES final (true) residual:
# Iteration = 4: |res|/|res0| = 9.87606e-12.

Computing volumes of the grid elements.
Non-linear iter.: 411/500. Linear iter.: 4. Min. area: 0.000154645. Error: 9.87606e-12.
Computing volumes of the grid elements.
Min. volume: 0.000154645, max. volume: 36.6486.

# FGMRES residual history
# Residual tolerance target = 1e-10
# Initial residual norm     = 1.04309e-09
     0     1
# FGMRES final (true) residual:
# Iteration = 4: |res|/|res0| = 9.87607e-12.

Computing volumes of the grid elements.
Non-linear iter.: 412/500. Linear iter.: 4. Min. area: 0.000154645. Error: 9.87607e-12.
Computing volumes of the grid elements.
Min. volume: 0.000154645, max. volume: 36.6486.

# FGMRES residual history
# Residual tolerance target = 1e-10
# Initial residual norm     = 1.0431e-09
     0     1
# FGMRES final (true) residual:
# Iteration = 4: |res|/|res0| = 9.87608e-12.

Computing volumes of the grid elements.
Non-linear iter.: 413/500. Linear iter.: 4. Min. area: 0.000154645. Error: 9.87608e-12.
Computing volumes of the grid elements.
Min. volume: 0.000154645, max. volume: 36.6486.

# FGMRES residual history
# Residual tolerance target = 1e-10
# Initial residual norm     = 1.0431e-09
     0     1
# FGMRES final (true) residual:
# Iteration = 4: |res|/|res0| = 9.87609e-12.

Computing volumes of the grid elements.
Non-linear iter.: 414/500. Linear iter.: 4. Min. area: 0.000154645. Error: 9.87609e-12.
Computing volumes of the grid elements.
Min. volume: 0.000154645, max. volume: 36.6486.

# FGMRES residual history
# Residual tolerance target = 1e-10
# Initial residual norm     = 1.04311e-09
     0     1
# FGMRES final (true) residual:
# Iteration = 4: |res|/|res0| = 9.8761e-12.

Computing volumes of the grid elements.
Non-linear iter.: 415/500. Linear iter.: 4. Min. area: 0.000154645. Error: 9.8761e-12.
Computing volumes of the grid elements.
Min. volume: 0.000154645, max. volume: 36.6486.

# FGMRES residual history
# Residual tolerance target = 1e-10
# Initial residual norm     = 1.04311e-09
     0     1
# FGMRES final (true) residual:
# Iteration = 4: |res|/|res0| = 9.87611e-12.

Computing volumes of the grid elements.
Non-linear iter.: 416/500. Linear iter.: 4. Min. area: 0.000154645. Error: 9.87611e-12.
Computing volumes of the grid elements.
Min. volume: 0.000154645, max. volume: 36.6486.

# FGMRES residual history
# Residual tolerance target = 1e-10
# Initial residual norm     = 1.04312e-09
     0     1
# FGMRES final (true) residual:
# Iteration = 4: |res|/|res0| = 9.87612e-12.

Computing volumes of the grid elements.
Non-linear iter.: 417/500. Linear iter.: 4. Min. area: 0.000154645. Error: 9.87612e-12.
Computing volumes of the grid elements.
Min. volume: 0.000154645, max. volume: 36.6486.

# FGMRES residual history
# Residual tolerance target = 1e-10
# Initial residual norm     = 1.04312e-09
     0     1
# FGMRES final (true) residual:
# Iteration = 4: |res|/|res0| = 9.87613e-12.

Computing volumes of the grid elements.
Non-linear iter.: 418/500. Linear iter.: 4. Min. area: 0.000154645. Error: 9.87613e-12.
Computing volumes of the grid elements.
Min. volume: 0.000154645, max. volume: 36.6486.

# FGMRES residual history
# Residual tolerance target = 1e-10
# Initial residual norm     = 1.04313e-09
     0     1
# FGMRES final (true) residual:
# Iteration = 4: |res|/|res0| = 9.87614e-12.

Computing volumes of the grid elements.
Non-linear iter.: 419/500. Linear iter.: 4. Min. area: 0.000154645. Error: 9.87614e-12.
Computing volumes of the grid elements.
Min. volume: 0.000154645, max. volume: 36.6486.

# FGMRES residual history
# Residual tolerance target = 1e-10
# Initial residual norm     = 1.04314e-09
     0     1
# FGMRES final (true) residual:
# Iteration = 4: |res|/|res0| = 9.87615e-12.

Computing volumes of the grid elements.
Non-linear iter.: 420/500. Linear iter.: 4. Min. area: 0.000154645. Error: 9.87615e-12.
Computing volumes of the grid elements.
Min. volume: 0.000154645, max. volume: 36.6486.

# FGMRES residual history
# Residual tolerance target = 1e-10
# Initial residual norm     = 1.04314e-09
     0     1
# FGMRES final (true) residual:
# Iteration = 4: |res|/|res0| = 9.87616e-12.

Computing volumes of the grid elements.
Non-linear iter.: 421/500. Linear iter.: 4. Min. area: 0.000154645. Error: 9.87616e-12.
Computing volumes of the grid elements.
Min. volume: 0.000154645, max. volume: 36.6486.

# FGMRES residual history
# Residual tolerance target = 1e-10
# Initial residual norm     = 1.04315e-09
     0     1
# FGMRES final (true) residual:
# Iteration = 4: |res|/|res0| = 9.87617e-12.

Computing volumes of the grid elements.
Non-linear iter.: 422/500. Linear iter.: 4. Min. area: 0.000154645. Error: 9.87617e-12.
Computing volumes of the grid elements.
Min. volume: 0.000154645, max. volume: 36.6486.

# FGMRES residual history
# Residual tolerance target = 1e-10
# Initial residual norm     = 1.04315e-09
     0     1
# FGMRES final (true) residual:
# Iteration = 4: |res|/|res0| = 9.87618e-12.

Computing volumes of the grid elements.
Non-linear iter.: 423/500. Linear iter.: 4. Min. area: 0.000154645. Error: 9.87618e-12.
Computing volumes of the grid elements.
Min. volume: 0.000154645, max. volume: 36.6486.

# FGMRES residual history
# Residual tolerance target = 1e-10
# Initial residual norm     = 1.04316e-09
     0     1
# FGMRES final (true) residual:
# Iteration = 4: |res|/|res0| = 9.87619e-12.

Computing volumes of the grid elements.
Non-linear iter.: 424/500. Linear iter.: 4. Min. area: 0.000154645. Error: 9.87619e-12.
Computing volumes of the grid elements.
Min. volume: 0.000154645, max. volume: 36.6486.

# FGMRES residual history
# Residual tolerance target = 1e-10
# Initial residual norm     = 1.04316e-09
     0     1
# FGMRES final (true) residual:
# Iteration = 4: |res|/|res0| = 9.8762e-12.

Computing volumes of the grid elements.
Non-linear iter.: 425/500. Linear iter.: 4. Min. area: 0.000154645. Error: 9.8762e-12.
Computing volumes of the grid elements.
Min. volume: 0.000154645, max. volume: 36.6486.

# FGMRES residual history
# Residual tolerance target = 1e-10
# Initial residual norm     = 1.04317e-09
     0     1
# FGMRES final (true) residual:
# Iteration = 4: |res|/|res0| = 9.87621e-12.

Computing volumes of the grid elements.
Non-linear iter.: 426/500. Linear iter.: 4. Min. area: 0.000154645. Error: 9.87621e-12.
Computing volumes of the grid elements.
Min. volume: 0.000154645, max. volume: 36.6486.

# FGMRES residual history
# Residual tolerance target = 1e-10
# Initial residual norm     = 1.04317e-09
     0     1
# FGMRES final (true) residual:
# Iteration = 4: |res|/|res0| = 9.87622e-12.

Computing volumes of the grid elements.
Non-linear iter.: 427/500. Linear iter.: 4. Min. area: 0.000154645. Error: 9.87622e-12.
Computing volumes of the grid elements.
Min. volume: 0.000154645, max. volume: 36.6486.

# FGMRES residual history
# Residual tolerance target = 1e-10
# Initial residual norm     = 1.04318e-09
     0     1
# FGMRES final (true) residual:
# Iteration = 4: |res|/|res0| = 9.87623e-12.

Computing volumes of the grid elements.
Non-linear iter.: 428/500. Linear iter.: 4. Min. area: 0.000154645. Error: 9.87623e-12.
Computing volumes of the grid elements.
Min. volume: 0.000154645, max. volume: 36.6486.

# FGMRES residual history
# Residual tolerance target = 1e-10
# Initial residual norm     = 1.04318e-09
     0     1
# FGMRES final (true) residual:
# Iteration = 4: |res|/|res0| = 9.87624e-12.

Computing volumes of the grid elements.
Non-linear iter.: 429/500. Linear iter.: 4. Min. area: 0.000154645. Error: 9.87624e-12.
Computing volumes of the grid elements.
Min. volume: 0.000154645, max. volume: 36.6486.

# FGMRES residual history
# Residual tolerance target = 1e-10
# Initial residual norm     = 1.04319e-09
     0     1
# FGMRES final (true) residual:
# Iteration = 4: |res|/|res0| = 9.87625e-12.

Computing volumes of the grid elements.
Non-linear iter.: 430/500. Linear iter.: 4. Min. area: 0.000154645. Error: 9.87625e-12.
Computing volumes of the grid elements.
Min. volume: 0.000154645, max. volume: 36.6486.

# FGMRES residual history
# Residual tolerance target = 1e-10
# Initial residual norm     = 1.0432e-09
     0     1
# FGMRES final (true) residual:
# Iteration = 4: |res|/|res0| = 9.87626e-12.

Computing volumes of the grid elements.
Non-linear iter.: 431/500. Linear iter.: 4. Min. area: 0.000154645. Error: 9.87626e-12.
Computing volumes of the grid elements.
Min. volume: 0.000154645, max. volume: 36.6487.

# FGMRES residual history
# Residual tolerance target = 1e-10
# Initial residual norm     = 1.0432e-09
     0     1
# FGMRES final (true) residual:
# Iteration = 4: |res|/|res0| = 9.87627e-12.

Computing volumes of the grid elements.
Non-linear iter.: 432/500. Linear iter.: 4. Min. area: 0.000154645. Error: 9.87627e-12.
Computing volumes of the grid elements.
Min. volume: 0.000154645, max. volume: 36.6487.

# FGMRES residual history
# Residual tolerance target = 1e-10
# Initial residual norm     = 1.04321e-09
     0     1
# FGMRES final (true) residual:
# Iteration = 4: |res|/|res0| = 9.87628e-12.

Computing volumes of the grid elements.
Non-linear iter.: 433/500. Linear iter.: 4. Min. area: 0.000154645. Error: 9.87628e-12.
Computing volumes of the grid elements.
Min. volume: 0.000154645, max. volume: 36.6487.

# FGMRES residual history
# Residual tolerance target = 1e-10
# Initial residual norm     = 1.04321e-09
     0     1
# FGMRES final (true) residual:
# Iteration = 4: |res|/|res0| = 9.87629e-12.

Computing volumes of the grid elements.
Non-linear iter.: 434/500. Linear iter.: 4. Min. area: 0.000154645. Error: 9.87629e-12.
Computing volumes of the grid elements.
Min. volume: 0.000154645, max. volume: 36.6487.

# FGMRES residual history
# Residual tolerance target = 1e-10
# Initial residual norm     = 1.04322e-09
     0     1
# FGMRES final (true) residual:
# Iteration = 4: |res|/|res0| = 9.8763e-12.

Computing volumes of the grid elements.
Non-linear iter.: 435/500. Linear iter.: 4. Min. area: 0.000154645. Error: 9.8763e-12.
Computing volumes of the grid elements.
Min. volume: 0.000154645, max. volume: 36.6487.

# FGMRES residual history
# Residual tolerance target = 1e-10
# Initial residual norm     = 1.04322e-09
     0     1
# FGMRES final (true) residual:
# Iteration = 4: |res|/|res0| = 9.87631e-12.

Computing volumes of the grid elements.
Non-linear iter.: 436/500. Linear iter.: 4. Min. area: 0.000154645. Error: 9.87631e-12.
Computing volumes of the grid elements.
Min. volume: 0.000154645, max. volume: 36.6487.

# FGMRES residual history
# Residual tolerance target = 1e-10
# Initial residual norm     = 1.04323e-09
     0     1
# FGMRES final (true) residual:
# Iteration = 4: |res|/|res0| = 9.87632e-12.

Computing volumes of the grid elements.
Non-linear iter.: 437/500. Linear iter.: 4. Min. area: 0.000154645. Error: 9.87632e-12.
Computing volumes of the grid elements.
Min. volume: 0.000154645, max. volume: 36.6487.

# FGMRES residual history
# Residual tolerance target = 1e-10
# Initial residual norm     = 1.04323e-09
     0     1
# FGMRES final (true) residual:
# Iteration = 4: |res|/|res0| = 9.87633e-12.

Computing volumes of the grid elements.
Non-linear iter.: 438/500. Linear iter.: 4. Min. area: 0.000154645. Error: 9.87633e-12.
Computing volumes of the grid elements.
Min. volume: 0.000154645, max. volume: 36.6487.

# FGMRES residual history
# Residual tolerance target = 1e-10
# Initial residual norm     = 1.04324e-09
     0     1
# FGMRES final (true) residual:
# Iteration = 4: |res|/|res0| = 9.87634e-12.

Computing volumes of the grid elements.
Non-linear iter.: 439/500. Linear iter.: 4. Min. area: 0.000154645. Error: 9.87634e-12.
Computing volumes of the grid elements.
Min. volume: 0.000154645, max. volume: 36.6487.

# FGMRES residual history
# Residual tolerance target = 1e-10
# Initial residual norm     = 1.04324e-09
     0     1
# FGMRES final (true) residual:
# Iteration = 4: |res|/|res0| = 9.87635e-12.

Computing volumes of the grid elements.
Non-linear iter.: 440/500. Linear iter.: 4. Min. area: 0.000154645. Error: 9.87635e-12.
Computing volumes of the grid elements.
Min. volume: 0.000154645, max. volume: 36.6487.

# FGMRES residual history
# Residual tolerance target = 1e-10
# Initial residual norm     = 1.04325e-09
     0     1
# FGMRES final (true) residual:
# Iteration = 4: |res|/|res0| = 9.87636e-12.

Computing volumes of the grid elements.
Non-linear iter.: 441/500. Linear iter.: 4. Min. area: 0.000154645. Error: 9.87636e-12.
Computing volumes of the grid elements.
Min. volume: 0.000154645, max. volume: 36.6487.

# FGMRES residual history
# Residual tolerance target = 1e-10
# Initial residual norm     = 1.04325e-09
     0     1
# FGMRES final (true) residual:
# Iteration = 4: |res|/|res0| = 9.87637e-12.

Computing volumes of the grid elements.
Non-linear iter.: 442/500. Linear iter.: 4. Min. area: 0.000154645. Error: 9.87637e-12.
Computing volumes of the grid elements.
Min. volume: 0.000154645, max. volume: 36.6487.

# FGMRES residual history
# Residual tolerance target = 1e-10
# Initial residual norm     = 1.04326e-09
     0     1
# FGMRES final (true) residual:
# Iteration = 4: |res|/|res0| = 9.87638e-12.

Computing volumes of the grid elements.
Non-linear iter.: 443/500. Linear iter.: 4. Min. area: 0.000154645. Error: 9.87638e-12.
Computing volumes of the grid elements.
Min. volume: 0.000154645, max. volume: 36.6487.

# FGMRES residual history
# Residual tolerance target = 1e-10
# Initial residual norm     = 1.04327e-09
     0     1
# FGMRES final (true) residual:
# Iteration = 4: |res|/|res0| = 9.87639e-12.

Computing volumes of the grid elements.
Non-linear iter.: 444/500. Linear iter.: 4. Min. area: 0.000154645. Error: 9.87639e-12.
Computing volumes of the grid elements.
Min. volume: 0.000154645, max. volume: 36.6487.

# FGMRES residual history
# Residual tolerance target = 1e-10
# Initial residual norm     = 1.04327e-09
     0     1
# FGMRES final (true) residual:
# Iteration = 4: |res|/|res0| = 9.8764e-12.

Computing volumes of the grid elements.
Non-linear iter.: 445/500. Linear iter.: 4. Min. area: 0.000154645. Error: 9.8764e-12.
Computing volumes of the grid elements.
Min. volume: 0.000154645, max. volume: 36.6487.

# FGMRES residual history
# Residual tolerance target = 1e-10
# Initial residual norm     = 1.04328e-09
     0     1
# FGMRES final (true) residual:
# Iteration = 4: |res|/|res0| = 9.87641e-12.

Computing volumes of the grid elements.
Non-linear iter.: 446/500. Linear iter.: 4. Min. area: 0.000154645. Error: 9.87641e-12.
Computing volumes of the grid elements.
Min. volume: 0.000154645, max. volume: 36.6487.

# FGMRES residual history
# Residual tolerance target = 1e-10
# Initial residual norm     = 1.04328e-09
     0     1
# FGMRES final (true) residual:
# Iteration = 4: |res|/|res0| = 9.87642e-12.

Computing volumes of the grid elements.
Non-linear iter.: 447/500. Linear iter.: 4. Min. area: 0.000154645. Error: 9.87642e-12.
Computing volumes of the grid elements.
Min. volume: 0.000154645, max. volume: 36.6487.

# FGMRES residual history
# Residual tolerance target = 1e-10
# Initial residual norm     = 1.04329e-09
     0     1
# FGMRES final (true) residual:
# Iteration = 4: |res|/|res0| = 9.87643e-12.

Computing volumes of the grid elements.
Non-linear iter.: 448/500. Linear iter.: 4. Min. area: 0.000154645. Error: 9.87643e-12.
Computing volumes of the grid elements.
Min. volume: 0.000154645, max. volume: 36.6487.

# FGMRES residual history
# Residual tolerance target = 1e-10
# Initial residual norm     = 1.04329e-09
     0     1
# FGMRES final (true) residual:
# Iteration = 4: |res|/|res0| = 9.87644e-12.

Computing volumes of the grid elements.
Non-linear iter.: 449/500. Linear iter.: 4. Min. area: 0.000154645. Error: 9.87644e-12.
Computing volumes of the grid elements.
Min. volume: 0.000154645, max. volume: 36.6487.

# FGMRES residual history
# Residual tolerance target = 1e-10
# Initial residual norm     = 1.0433e-09
     0     1
# FGMRES final (true) residual:
# Iteration = 4: |res|/|res0| = 9.87645e-12.

Computing volumes of the grid elements.
Non-linear iter.: 450/500. Linear iter.: 4. Min. area: 0.000154645. Error: 9.87645e-12.
Computing volumes of the grid elements.
Min. volume: 0.000154645, max. volume: 36.6487.

# FGMRES residual history
# Residual tolerance target = 1e-10
# Initial residual norm     = 1.0433e-09
     0     1
# FGMRES final (true) residual:
# Iteration = 4: |res|/|res0| = 9.87646e-12.

Computing volumes of the grid elements.
Non-linear iter.: 451/500. Linear iter.: 4. Min. area: 0.000154645. Error: 9.87646e-12.
Computing volumes of the grid elements.
Min. volume: 0.000154645, max. volume: 36.6487.

# FGMRES residual history
# Residual tolerance target = 1e-10
# Initial residual norm     = 1.04331e-09
     0     1
# FGMRES final (true) residual:
# Iteration = 4: |res|/|res0| = 9.87647e-12.

Computing volumes of the grid elements.
Non-linear iter.: 452/500. Linear iter.: 4. Min. area: 0.000154645. Error: 9.87647e-12.
Computing volumes of the grid elements.
Min. volume: 0.000154645, max. volume: 36.6487.

# FGMRES residual history
# Residual tolerance target = 1e-10
# Initial residual norm     = 1.04331e-09
     0     1
# FGMRES final (true) residual:
# Iteration = 4: |res|/|res0| = 9.87648e-12.

Computing volumes of the grid elements.
Non-linear iter.: 453/500. Linear iter.: 4. Min. area: 0.000154645. Error: 9.87648e-12.
Computing volumes of the grid elements.
Min. volume: 0.000154645, max. volume: 36.6487.

# FGMRES residual history
# Residual tolerance target = 1e-10
# Initial residual norm     = 1.04332e-09
     0     1
# FGMRES final (true) residual:
# Iteration = 4: |res|/|res0| = 9.87649e-12.

Computing volumes of the grid elements.
Non-linear iter.: 454/500. Linear iter.: 4. Min. area: 0.000154645. Error: 9.87649e-12.
Computing volumes of the grid elements.
Min. volume: 0.000154645, max. volume: 36.6487.

# FGMRES residual history
# Residual tolerance target = 1e-10
# Initial residual norm     = 1.04332e-09
     0     1
# FGMRES final (true) residual:
# Iteration = 4: |res|/|res0| = 9.8765e-12.

Computing volumes of the grid elements.
Non-linear iter.: 455/500. Linear iter.: 4. Min. area: 0.000154645. Error: 9.8765e-12.
Computing volumes of the grid elements.
Min. volume: 0.000154645, max. volume: 36.6487.

# FGMRES residual history
# Residual tolerance target = 1e-10
# Initial residual norm     = 1.04333e-09
     0     1
# FGMRES final (true) residual:
# Iteration = 4: |res|/|res0| = 9.87651e-12.

Computing volumes of the grid elements.
Non-linear iter.: 456/500. Linear iter.: 4. Min. area: 0.000154645. Error: 9.87651e-12.
Computing volumes of the grid elements.
Min. volume: 0.000154645, max. volume: 36.6487.

# FGMRES residual history
# Residual tolerance target = 1e-10
# Initial residual norm     = 1.04334e-09
     0     1
# FGMRES final (true) residual:
# Iteration = 4: |res|/|res0| = 9.87652e-12.

Computing volumes of the grid elements.
Non-linear iter.: 457/500. Linear iter.: 4. Min. area: 0.000154645. Error: 9.87652e-12.
Computing volumes of the grid elements.
Min. volume: 0.000154645, max. volume: 36.6487.

# FGMRES residual history
# Residual tolerance target = 1e-10
# Initial residual norm     = 1.04334e-09
     0     1
# FGMRES final (true) residual:
# Iteration = 4: |res|/|res0| = 9.87653e-12.

Computing volumes of the grid elements.
Non-linear iter.: 458/500. Linear iter.: 4. Min. area: 0.000154645. Error: 9.87653e-12.
Computing volumes of the grid elements.
Min. volume: 0.000154645, max. volume: 36.6487.

# FGMRES residual history
# Residual tolerance target = 1e-10
# Initial residual norm     = 1.04335e-09
     0     1
# FGMRES final (true) residual:
# Iteration = 4: |res|/|res0| = 9.87654e-12.

Computing volumes of the grid elements.
Non-linear iter.: 459/500. Linear iter.: 4. Min. area: 0.000154645. Error: 9.87654e-12.
Computing volumes of the grid elements.
Min. volume: 0.000154645, max. volume: 36.6487.

# FGMRES residual history
# Residual tolerance target = 1e-10
# Initial residual norm     = 1.04335e-09
     0     1
# FGMRES final (true) residual:
# Iteration = 4: |res|/|res0| = 9.87655e-12.

Computing volumes of the grid elements.
Non-linear iter.: 460/500. Linear iter.: 4. Min. area: 0.000154645. Error: 9.87655e-12.
Computing volumes of the grid elements.
Min. volume: 0.000154645, max. volume: 36.6487.

# FGMRES residual history
# Residual tolerance target = 1e-10
# Initial residual norm     = 1.04336e-09
     0     1
# FGMRES final (true) residual:
# Iteration = 4: |res|/|res0| = 9.87656e-12.

Computing volumes of the grid elements.
Non-linear iter.: 461/500. Linear iter.: 4. Min. area: 0.000154645. Error: 9.87656e-12.
Computing volumes of the grid elements.
Min. volume: 0.000154645, max. volume: 36.6487.

# FGMRES residual history
# Residual tolerance target = 1e-10
# Initial residual norm     = 1.04336e-09
     0     1
# FGMRES final (true) residual:
# Iteration = 4: |res|/|res0| = 9.87657e-12.

Computing volumes of the grid elements.
Non-linear iter.: 462/500. Linear iter.: 4. Min. area: 0.000154645. Error: 9.87657e-12.
Computing volumes of the grid elements.
Min. volume: 0.000154645, max. volume: 36.6487.

# FGMRES residual history
# Residual tolerance target = 1e-10
# Initial residual norm     = 1.04337e-09
     0     1
# FGMRES final (true) residual:
# Iteration = 4: |res|/|res0| = 9.87658e-12.

Computing volumes of the grid elements.
Non-linear iter.: 463/500. Linear iter.: 4. Min. area: 0.000154645. Error: 9.87658e-12.
Computing volumes of the grid elements.
Min. volume: 0.000154645, max. volume: 36.6487.

# FGMRES residual history
# Residual tolerance target = 1e-10
# Initial residual norm     = 1.04337e-09
     0     1
# FGMRES final (true) residual:
# Iteration = 4: |res|/|res0| = 9.87659e-12.

Computing volumes of the grid elements.
Non-linear iter.: 464/500. Linear iter.: 4. Min. area: 0.000154645. Error: 9.87659e-12.
Computing volumes of the grid elements.
Min. volume: 0.000154645, max. volume: 36.6487.

# FGMRES residual history
# Residual tolerance target = 1e-10
# Initial residual norm     = 1.04338e-09
     0     1
# FGMRES final (true) residual:
# Iteration = 4: |res|/|res0| = 9.8766e-12.

Computing volumes of the grid elements.
Non-linear iter.: 465/500. Linear iter.: 4. Min. area: 0.000154645. Error: 9.8766e-12.
Computing volumes of the grid elements.
Min. volume: 0.000154645, max. volume: 36.6487.

# FGMRES residual history
# Residual tolerance target = 1e-10
# Initial residual norm     = 1.04338e-09
     0     1
# FGMRES final (true) residual:
# Iteration = 4: |res|/|res0| = 9.87661e-12.

Computing volumes of the grid elements.
Non-linear iter.: 466/500. Linear iter.: 4. Min. area: 0.000154645. Error: 9.87661e-12.
Computing volumes of the grid elements.
Min. volume: 0.000154645, max. volume: 36.6487.

# FGMRES residual history
# Residual tolerance target = 1e-10
# Initial residual norm     = 1.04339e-09
     0     1
# FGMRES final (true) residual:
# Iteration = 4: |res|/|res0| = 9.87662e-12.

Computing volumes of the grid elements.
Non-linear iter.: 467/500. Linear iter.: 4. Min. area: 0.000154645. Error: 9.87662e-12.
Computing volumes of the grid elements.
Min. volume: 0.000154645, max. volume: 36.6487.

# FGMRES residual history
# Residual tolerance target = 1e-10
# Initial residual norm     = 1.04339e-09
     0     1
# FGMRES final (true) residual:
# Iteration = 4: |res|/|res0| = 9.87663e-12.

Computing volumes of the grid elements.
Non-linear iter.: 468/500. Linear iter.: 4. Min. area: 0.000154645. Error: 9.87663e-12.
Computing volumes of the grid elements.
Min. volume: 0.000154645, max. volume: 36.6487.

# FGMRES residual history
# Residual tolerance target = 1e-10
# Initial residual norm     = 1.0434e-09
     0     1
# FGMRES final (true) residual:
# Iteration = 4: |res|/|res0| = 9.87664e-12.

Computing volumes of the grid elements.
Non-linear iter.: 469/500. Linear iter.: 4. Min. area: 0.000154645. Error: 9.87664e-12.
Computing volumes of the grid elements.
Min. volume: 0.000154645, max. volume: 36.6487.

# FGMRES residual history
# Residual tolerance target = 1e-10
# Initial residual norm     = 1.04341e-09
     0     1
# FGMRES final (true) residual:
# Iteration = 4: |res|/|res0| = 9.87665e-12.

Computing volumes of the grid elements.
Non-linear iter.: 470/500. Linear iter.: 4. Min. area: 0.000154645. Error: 9.87665e-12.
Computing volumes of the grid elements.
Min. volume: 0.000154645, max. volume: 36.6487.

# FGMRES residual history
# Residual tolerance target = 1e-10
# Initial residual norm     = 1.04341e-09
     0     1
# FGMRES final (true) residual:
# Iteration = 4: |res|/|res0| = 9.87666e-12.

Computing volumes of the grid elements.
Non-linear iter.: 471/500. Linear iter.: 4. Min. area: 0.000154645. Error: 9.87666e-12.
Computing volumes of the grid elements.
Min. volume: 0.000154645, max. volume: 36.6487.

# FGMRES residual history
# Residual tolerance target = 1e-10
# Initial residual norm     = 1.04342e-09
     0     1
# FGMRES final (true) residual:
# Iteration = 4: |res|/|res0| = 9.87667e-12.

Computing volumes of the grid elements.
Non-linear iter.: 472/500. Linear iter.: 4. Min. area: 0.000154645. Error: 9.87667e-12.
Computing volumes of the grid elements.
Min. volume: 0.000154645, max. volume: 36.6487.

# FGMRES residual history
# Residual tolerance target = 1e-10
# Initial residual norm     = 1.04342e-09
     0     1
# FGMRES final (true) residual:
# Iteration = 4: |res|/|res0| = 9.87668e-12.

Computing volumes of the grid elements.
Non-linear iter.: 473/500. Linear iter.: 4. Min. area: 0.000154645. Error: 9.87668e-12.
Computing volumes of the grid elements.
Min. volume: 0.000154645, max. volume: 36.6487.

# FGMRES residual history
# Residual tolerance target = 1e-10
# Initial residual norm     = 1.04343e-09
     0     1
# FGMRES final (true) residual:
# Iteration = 4: |res|/|res0| = 9.87669e-12.

Computing volumes of the grid elements.
Non-linear iter.: 474/500. Linear iter.: 4. Min. area: 0.000154645. Error: 9.87669e-12.
Computing volumes of the grid elements.
Min. volume: 0.000154645, max. volume: 36.6487.

# FGMRES residual history
# Residual tolerance target = 1e-10
# Initial residual norm     = 1.04343e-09
     0     1
# FGMRES final (true) residual:
# Iteration = 4: |res|/|res0| = 9.8767e-12.

Computing volumes of the grid elements.
Non-linear iter.: 475/500. Linear iter.: 4. Min. area: 0.000154645. Error: 9.8767e-12.
Computing volumes of the grid elements.
Min. volume: 0.000154645, max. volume: 36.6487.

# FGMRES residual history
# Residual tolerance target = 1e-10
# Initial residual norm     = 1.04344e-09
     0     1
# FGMRES final (true) residual:
# Iteration = 4: |res|/|res0| = 9.87671e-12.

Computing volumes of the grid elements.
Non-linear iter.: 476/500. Linear iter.: 4. Min. area: 0.000154645. Error: 9.87671e-12.
Computing volumes of the grid elements.
Min. volume: 0.000154645, max. volume: 36.6487.

# FGMRES residual history
# Residual tolerance target = 1e-10
# Initial residual norm     = 1.04344e-09
     0     1
# FGMRES final (true) residual:
# Iteration = 4: |res|/|res0| = 9.87672e-12.

Computing volumes of the grid elements.
Non-linear iter.: 477/500. Linear iter.: 4. Min. area: 0.000154645. Error: 9.87672e-12.
Computing volumes of the grid elements.
Min. volume: 0.000154645, max. volume: 36.6487.

# FGMRES residual history
# Residual tolerance target = 1e-10
# Initial residual norm     = 1.04345e-09
     0     1
# FGMRES final (true) residual:
# Iteration = 4: |res|/|res0| = 9.87673e-12.

Computing volumes of the grid elements.
Non-linear iter.: 478/500. Linear iter.: 4. Min. area: 0.000154645. Error: 9.87673e-12.
Computing volumes of the grid elements.
Min. volume: 0.000154645, max. volume: 36.6488.

# FGMRES residual history
# Residual tolerance target = 1e-10
# Initial residual norm     = 1.04345e-09
     0     1
# FGMRES final (true) residual:
# Iteration = 4: |res|/|res0| = 9.87674e-12.

Computing volumes of the grid elements.
Non-linear iter.: 479/500. Linear iter.: 4. Min. area: 0.000154645. Error: 9.87674e-12.
Computing volumes of the grid elements.
Min. volume: 0.000154645, max. volume: 36.6488.

# FGMRES residual history
# Residual tolerance target = 1e-10
# Initial residual norm     = 1.04346e-09
     0     1
# FGMRES final (true) residual:
# Iteration = 4: |res|/|res0| = 9.87675e-12.

Computing volumes of the grid elements.
Non-linear iter.: 480/500. Linear iter.: 4. Min. area: 0.000154645. Error: 9.87675e-12.
Computing volumes of the grid elements.
Min. volume: 0.000154645, max. volume: 36.6488.

# FGMRES residual history
# Residual tolerance target = 1e-10
# Initial residual norm     = 1.04346e-09
     0     1
# FGMRES final (true) residual:
# Iteration = 4: |res|/|res0| = 9.87676e-12.

Computing volumes of the grid elements.
Non-linear iter.: 481/500. Linear iter.: 4. Min. area: 0.000154645. Error: 9.87676e-12.
Computing volumes of the grid elements.
Min. volume: 0.000154645, max. volume: 36.6488.

# FGMRES residual history
# Residual tolerance target = 1e-10
# Initial residual norm     = 1.04347e-09
     0     1
# FGMRES final (true) residual:
# Iteration = 4: |res|/|res0| = 9.87677e-12.

Computing volumes of the grid elements.
Non-linear iter.: 482/500. Linear iter.: 4. Min. area: 0.000154645. Error: 9.87677e-12.
Computing volumes of the grid elements.
Min. volume: 0.000154645, max. volume: 36.6488.

# FGMRES residual history
# Residual tolerance target = 1e-10
# Initial residual norm     = 1.04348e-09
     0     1
# FGMRES final (true) residual:
# Iteration = 4: |res|/|res0| = 9.87678e-12.

Computing volumes of the grid elements.
Non-linear iter.: 483/500. Linear iter.: 4. Min. area: 0.000154645. Error: 9.87678e-12.
Computing volumes of the grid elements.
Min. volume: 0.000154645, max. volume: 36.6488.

# FGMRES residual history
# Residual tolerance target = 1e-10
# Initial residual norm     = 1.04348e-09
     0     1
# FGMRES final (true) residual:
# Iteration = 4: |res|/|res0| = 9.87679e-12.

Computing volumes of the grid elements.
Non-linear iter.: 484/500. Linear iter.: 4. Min. area: 0.000154645. Error: 9.87679e-12.
Computing volumes of the grid elements.
Min. volume: 0.000154645, max. volume: 36.6488.

# FGMRES residual history
# Residual tolerance target = 1e-10
# Initial residual norm     = 1.04349e-09
     0     1
# FGMRES final (true) residual:
# Iteration = 4: |res|/|res0| = 9.8768e-12.

Computing volumes of the grid elements.
Non-linear iter.: 485/500. Linear iter.: 4. Min. area: 0.000154645. Error: 9.8768e-12.
Computing volumes of the grid elements.
Min. volume: 0.000154645, max. volume: 36.6488.

# FGMRES residual history
# Residual tolerance target = 1e-10
# Initial residual norm     = 1.04349e-09
     0     1
# FGMRES final (true) residual:
# Iteration = 4: |res|/|res0| = 9.87681e-12.

Computing volumes of the grid elements.
Non-linear iter.: 486/500. Linear iter.: 4. Min. area: 0.000154645. Error: 9.87681e-12.
Computing volumes of the grid elements.
Min. volume: 0.000154645, max. volume: 36.6488.

# FGMRES residual history
# Residual tolerance target = 1e-10
# Initial residual norm     = 1.0435e-09
     0     1
# FGMRES final (true) residual:
# Iteration = 4: |res|/|res0| = 9.87682e-12.

Computing volumes of the grid elements.
Non-linear iter.: 487/500. Linear iter.: 4. Min. area: 0.000154645. Error: 9.87682e-12.
Computing volumes of the grid elements.
Min. volume: 0.000154645, max. volume: 36.6488.

# FGMRES residual history
# Residual tolerance target = 1e-10
# Initial residual norm     = 1.0435e-09
     0     1
# FGMRES final (true) residual:
# Iteration = 4: |res|/|res0| = 9.87683e-12.

Computing volumes of the grid elements.
Non-linear iter.: 488/500. Linear iter.: 4. Min. area: 0.000154645. Error: 9.87683e-12.
Computing volumes of the grid elements.
Min. volume: 0.000154645, max. volume: 36.6488.

# FGMRES residual history
# Residual tolerance target = 1e-10
# Initial residual norm     = 1.04351e-09
     0     1
# FGMRES final (true) residual:
# Iteration = 4: |res|/|res0| = 9.87684e-12.

Computing volumes of the grid elements.
Non-linear iter.: 489/500. Linear iter.: 4. Min. area: 0.000154645. Error: 9.87684e-12.
Computing volumes of the grid elements.
Min. volume: 0.000154645, max. volume: 36.6488.

# FGMRES residual history
# Residual tolerance target = 1e-10
# Initial residual norm     = 1.04351e-09
     0     1
# FGMRES final (true) residual:
# Iteration = 4: |res|/|res0| = 9.87685e-12.

Computing volumes of the grid elements.
Non-linear iter.: 490/500. Linear iter.: 4. Min. area: 0.000154645. Error: 9.87685e-12.
Computing volumes of the grid elements.
Min. volume: 0.000154645, max. volume: 36.6488.

# FGMRES residual history
# Residual tolerance target = 1e-10
# Initial residual norm     = 1.04352e-09
     0     1
# FGMRES final (true) residual:
# Iteration = 4: |res|/|res0| = 9.87686e-12.

Computing volumes of the grid elements.
Non-linear iter.: 491/500. Linear iter.: 4. Min. area: 0.000154645. Error: 9.87686e-12.
Computing volumes of the grid elements.
Min. volume: 0.000154645, max. volume: 36.6488.

# FGMRES residual history
# Residual tolerance target = 1e-10
# Initial residual norm     = 1.04352e-09
     0     1
# FGMRES final (true) residual:
# Iteration = 4: |res|/|res0| = 9.87687e-12.

Computing volumes of the grid elements.
Non-linear iter.: 492/500. Linear iter.: 4. Min. area: 0.000154645. Error: 9.87687e-12.
Computing volumes of the grid elements.
Min. volume: 0.000154645, max. volume: 36.6488.

# FGMRES residual history
# Residual tolerance target = 1e-10
# Initial residual norm     = 1.04353e-09
     0     1
# FGMRES final (true) residual:
# Iteration = 4: |res|/|res0| = 9.87688e-12.

Computing volumes of the grid elements.
Non-linear iter.: 493/500. Linear iter.: 4. Min. area: 0.000154645. Error: 9.87688e-12.
Computing volumes of the grid elements.
Min. volume: 0.000154645, max. volume: 36.6488.

# FGMRES residual history
# Residual tolerance target = 1e-10
# Initial residual norm     = 1.04354e-09
     0     1
# FGMRES final (true) residual:
# Iteration = 4: |res|/|res0| = 9.87689e-12.

Computing volumes of the grid elements.
Non-linear iter.: 494/500. Linear iter.: 4. Min. area: 0.000154645. Error: 9.87689e-12.
Computing volumes of the grid elements.
Min. volume: 0.000154645, max. volume: 36.6488.

# FGMRES residual history
# Residual tolerance target = 1e-10
# Initial residual norm     = 1.04354e-09
     0     1
# FGMRES final (true) residual:
# Iteration = 4: |res|/|res0| = 9.8769e-12.

Computing volumes of the grid elements.
Non-linear iter.: 495/500. Linear iter.: 4. Min. area: 0.000154645. Error: 9.8769e-12.
Computing volumes of the grid elements.
Min. volume: 0.000154645, max. volume: 36.6488.

# FGMRES residual history
# Residual tolerance target = 1e-10
# Initial residual norm     = 1.04355e-09
     0     1
# FGMRES final (true) residual:
# Iteration = 4: |res|/|res0| = 9.87691e-12.

Computing volumes of the grid elements.
Non-linear iter.: 496/500. Linear iter.: 4. Min. area: 0.000154645. Error: 9.87691e-12.
Computing volumes of the grid elements.
Min. volume: 0.000154645, max. volume: 36.6488.

# FGMRES residual history
# Residual tolerance target = 1e-10
# Initial residual norm     = 1.04355e-09
     0     1
# FGMRES final (true) residual:
# Iteration = 4: |res|/|res0| = 9.87693e-12.

Computing volumes of the grid elements.
Non-linear iter.: 497/500. Linear iter.: 4. Min. area: 0.000154645. Error: 9.87693e-12.
Computing volumes of the grid elements.
Min. volume: 0.000154645, max. volume: 36.6488.

# FGMRES residual history
# Residual tolerance target = 1e-10
# Initial residual norm     = 1.04356e-09
     0     1
# FGMRES final (true) residual:
# Iteration = 4: |res|/|res0| = 9.87694e-12.

Computing volumes of the grid elements.
Non-linear iter.: 498/500. Linear iter.: 4. Min. area: 0.000154645. Error: 9.87694e-12.
Computing volumes of the grid elements.
Min. volume: 0.000154645, max. volume: 36.6488.

# FGMRES residual history
# Residual tolerance target = 1e-10
# Initial residual norm     = 1.04356e-09
     0     1
# FGMRES final (true) residual:
# Iteration = 4: |res|/|res0| = 9.87695e-12.

Computing volumes of the grid elements.
Non-linear iter.: 499/500. Linear iter.: 4. Min. area: 0.000154645. Error: 9.87695e-12.
Computing volumes of the grid elements.
Min. volume: 0.000154645, max. volume: 36.6488.

# FGMRES residual history
# Residual tolerance target = 1e-10
# Initial residual norm     = 1.04357e-09
     0     1
# FGMRES final (true) residual:
# Iteration = 4: |res|/|res0| = 9.87696e-12.

Computing volumes of the grid elements.
Non-linear iter.: 500/500. Linear iter.: 4. Min. area: 0.000154645. Error: 9.87696e-12.

Completed in 0.116936 seconds on 1 core.

----------------------- Write deformed grid files -----------------------
|SU2 mesh                           |mesh_deformed.su2                  |
Adding any FFD information to the SU2 file.

------------------------- Finalize Solver -------------------------
Deleted CNumerics container.
Deleted CSolver container.
Deleted CGeometry container.
Deleted CSurfaceMovement class.
Deleted CVolumetricMovement class.
Deleted CConfig container.
Deleted COutput class.

------------------------- Exit Success (SU2_DEF) ------------------------

