
-------------------------------------------------------------------------
|    ___ _   _ ___                                                      |
|   / __| | | |_  )   Release 8.4.0 "Harrier"                           |
|   \__ \ |_| |/ /                                                      |
|   |___/\___//___|   Suite (Mesh Deformation Code)                     |
|                                                                       |
-------------------------------------------------------------------------
| SU2 Project Website: https://su2code.github.io                        |
|                                                                       |
| The SU2 Project is maintained by the SU2 Foundation                   |
| (http://su2foundation.org)                                            |
-------------------------------------------------------------------------
| Copyright 2012-2026, SU2 Contributors                                 |
|                                                                       |
| SU2 is free software; you can redistribute it and/or                  |
| modify it under the terms of the GNU Lesser General Public            |
| License as published by the Free Software Foundation; either          |
| version 2.1 of the License, or (at your option) any later version.    |
|                                                                       |
| SU2 is distributed in the hope that it will be useful,                |
| but WITHOUT ANY WARRANTY; without even the implied warranty of        |
| MERCHANTABILITY or FITNESS FOR A PARTICULAR PURPOSE. See the GNU      |
| Lesser General Public License for more details.                       |
|                                                                       |
| You should have received a copy of the GNU Lesser General Public      |
| License along with SU2. If not, see <http://www.gnu.org/licenses/>.   |
-------------------------------------------------------------------------

----------------- Physical Case Definition ( Zone 0 ) -------------------
Input mesh file name: mesh_original.su2

---------------- Grid deformation parameters ( Zone 0 )  ----------------
Grid deformation using linear elasticity method.


-------------------- Output Information ( Zone 0 ) ----------------------
Output mesh file name: mesh_deformed.su2. 
Cell stiffness scaled by inverse of the cell volume.

------------- Config File Boundary Information ( Zone 0 ) ---------------
+-----------------------------------------------------------------------+
|                        Marker Type|                        Marker Name|
+-----------------------------------------------------------------------+
|                          Far-field|                           farfield|
+-----------------------------------------------------------------------+
|                     Heat flux wall|                            airfoil|
+-----------------------------------------------------------------------+
Two dimensional problem.
222 grid points.
235 volume elements.
2 surface markers.
50 boundary elements in index 0 (Marker = farfield).
159 boundary elements in index 1 (Marker = airfoil).
235 triangles.

----------------------- Preprocessing computations ----------------------
Setting local point connectivity.
Checking the numerical grid orientation of the interior elements.
All volume elements are correctly oriented.
There has been a re-orientation of 159 LINE surface elements.
Identify edges and vertices.
Setting the bound control volume structure.
Area of the computational grid: 599.957.
  Info: Ignoring the following volume output fields/groups:
  SOLUTION
Volume output fields: COORDINATES
Screen output fields: 
History output group(s): 
Warning: No (valid) fields chosen for convergence monitoring. Convergence monitoring inactive.
Warning: No (valid) fields chosen for time convergence monitoring. Time convergence monitoring inactive.

--------------------- Surface grid deformation (ZONE 0) -----------------
Performing the deformation of the surface grid.
Updating the surface coordinates from the input file.

------------------- Volumetric grid deformation (ZONE 0) ----------------
Performing the deformation of the volumetric grid.
Computing volumes of the grid elements.
Min. volume: 0.000149242, max. volume: 36.4293.

# FGMRES residual history
# Residual tolerance target = 1e-10
# Initial residual norm     = 6.25158e-08
     0     1
# FGMRES final (true) residual:
# Iteration = 4: |res|/|res0| = 2.38551e-11.

Computing volumes of the grid elements.
Non-linear iter.: 1/500. Linear iter.: 4. Min. area: 0.000149242. Error: 2.38551e-11.
Computing volumes of the grid elements.
Min. volume: 0.000149242, max. volume: 36.4292.

# FGMRES residual history
# Residual tolerance target = 1e-10
# Initial residual norm     = 6.24818e-08
     0     1
# FGMRES final (true) residual:
# Iteration = 4: |res|/|res0| = 2.38311e-11.

Computing volumes of the grid elements.
Non-linear iter.: 2/500. Linear iter.: 4. Min. area: 0.000149242. Error: 2.38311e-11.
Computing volumes of the grid elements.
Min. volume: 0.000149242, max. volume: 36.4291.

# FGMRES residual history
# Residual tolerance target = 1e-10
# Initial residual norm     = 6.24495e-08
     0     1
# FGMRES final (true) residual:
# Iteration = 4: |res|/|res0| = 2.38083e-11.

Computing volumes of the grid elements.
Non-linear iter.: 3/500. Linear iter.: 4. Min. area: 0.000149243. Error: 2.38083e-11.
Computing volumes of the grid elements.
Min. volume: 0.000149243, max. volume: 36.429.

# FGMRES residual history
# Residual tolerance target = 1e-10
# Initial residual norm     = 6.24191e-08
     0     1
# FGMRES final (true) residual:
# Iteration = 4: |res|/|res0| = 2.37867e-11.

Computing volumes of the grid elements.
Non-linear iter.: 4/500. Linear iter.: 4. Min. area: 0.000149243. Error: 2.37867e-11.
Computing volumes of the grid elements.
Min. volume: 0.000149243, max. volume: 36.4289.

# FGMRES residual history
# Residual tolerance target = 1e-10
# Initial residual norm     = 6.23906e-08
     0     1
# FGMRES final (true) residual:
# Iteration = 4: |res|/|res0| = 2.37664e-11.

Computing volumes of the grid elements.
Non-linear iter.: 5/500. Linear iter.: 4. Min. area: 0.000149243. Error: 2.37664e-11.
Computing volumes of the grid elements.
Min. volume: 0.000149243, max. volume: 36.4288.

# FGMRES residual history
# Residual tolerance target = 1e-10
# Initial residual norm     = 6.2364e-08
     0     1
# FGMRES final (true) residual:
# Iteration = 4: |res|/|res0| = 2.37475e-11.

Computing volumes of the grid elements.
Non-linear iter.: 6/500. Linear iter.: 4. Min. area: 0.000149244. Error: 2.37475e-11.
Computing volumes of the grid elements.
Min. volume: 0.000149244, max. volume: 36.4287.

# FGMRES residual history
# Residual tolerance target = 1e-10
# Initial residual norm     = 6.23393e-08
     0     1
# FGMRES final (true) residual:
# Iteration = 4: |res|/|res0| = 2.37299e-11.

Computing volumes of the grid elements.
Non-linear iter.: 7/500. Linear iter.: 4. Min. area: 0.000149244. Error: 2.37299e-11.
Computing volumes of the grid elements.
Min. volume: 0.000149244, max. volume: 36.4286.

# FGMRES residual history
# Residual tolerance target = 1e-10
# Initial residual norm     = 6.23165e-08
     0     1
# FGMRES final (true) residual:
# Iteration = 4: |res|/|res0| = 2.37138e-11.

Computing volumes of the grid elements.
Non-linear iter.: 8/500. Linear iter.: 4. Min. area: 0.000149245. Error: 2.37138e-11.
Computing volumes of the grid elements.
Min. volume: 0.000149245, max. volume: 36.4285.

# FGMRES residual history
# Residual tolerance target = 1e-10
# Initial residual norm     = 6.22958e-08
     0     1
# FGMRES final (true) residual:
# Iteration = 4: |res|/|res0| = 2.36992e-11.

Computing volumes of the grid elements.
Non-linear iter.: 9/500. Linear iter.: 4. Min. area: 0.000149245. Error: 2.36992e-11.
Computing volumes of the grid elements.
Min. volume: 0.000149245, max. volume: 36.4284.

# FGMRES residual history
# Residual tolerance target = 1e-10
# Initial residual norm     = 6.22771e-08
     0     1
# FGMRES final (true) residual:
# Iteration = 4: |res|/|res0| = 2.36861e-11.

Computing volumes of the grid elements.
Non-linear iter.: 10/500. Linear iter.: 4. Min. area: 0.000149246. Error: 2.36861e-11.
Computing volumes of the grid elements.
Min. volume: 0.000149246, max. volume: 36.4283.

# FGMRES residual history
# Residual tolerance target = 1e-10
# Initial residual norm     = 6.22605e-08
     0     1
# FGMRES final (true) residual:
# Iteration = 4: |res|/|res0| = 2.36746e-11.

Computing volumes of the grid elements.
Non-linear iter.: 11/500. Linear iter.: 4. Min. area: 0.000149246. Error: 2.36746e-11.
Computing volumes of the grid elements.
Min. volume: 0.000149246, max. volume: 36.4282.

# FGMRES residual history
# Residual tolerance target = 1e-10
# Initial residual norm     = 6.2246e-08
     0     1
# FGMRES final (true) residual:
# Iteration = 4: |res|/|res0| = 2.36647e-11.

Computing volumes of the grid elements.
Non-linear iter.: 12/500. Linear iter.: 4. Min. area: 0.000149247. Error: 2.36647e-11.
Computing volumes of the grid elements.
Min. volume: 0.000149247, max. volume: 36.4281.

# FGMRES residual history
# Residual tolerance target = 1e-10
# Initial residual norm     = 6.22336e-08
     0     1
# FGMRES final (true) residual:
# Iteration = 4: |res|/|res0| = 2.36565e-11.

Computing volumes of the grid elements.
Non-linear iter.: 13/500. Linear iter.: 4. Min. area: 0.000149248. Error: 2.36565e-11.
Computing volumes of the grid elements.
Min. volume: 0.000149248, max. volume: 36.428.

# FGMRES residual history
# Residual tolerance target = 1e-10
# Initial residual norm     = 6.22233e-08
     0     1
# FGMRES final (true) residual:
# Iteration = 4: |res|/|res0| = 2.36499e-11.

Computing volumes of the grid elements.
Non-linear iter.: 14/500. Linear iter.: 4. Min. area: 0.000149248. Error: 2.36499e-11.
Computing volumes of the grid elements.
Min. volume: 0.000149248, max. volume: 36.428.

# FGMRES residual history
# Residual tolerance target = 1e-10
# Initial residual norm     = 6.22153e-08
     0     1
# FGMRES final (true) residual:
# Iteration = 4: |res|/|res0| = 2.36451e-11.

Computing volumes of the grid elements.
Non-linear iter.: 15/500. Linear iter.: 4. Min. area: 0.000149249. Error: 2.36451e-11.
Computing volumes of the grid elements.
Min. volume: 0.000149249, max. volume: 36.4279.

# FGMRES residual history
# Residual tolerance target = 1e-10
# Initial residual norm     = 6.22095e-08
     0     1
# FGMRES final (true) residual:
# Iteration = 4: |res|/|res0| = 2.36421e-11.

Computing volumes of the grid elements.
Non-linear iter.: 16/500. Linear iter.: 4. Min. area: 0.00014925. Error: 2.36421e-11.
Computing volumes of the grid elements.
Min. volume: 0.00014925, max. volume: 36.4278.

# FGMRES residual history
# Residual tolerance target = 1e-10
# Initial residual norm     = 6.22059e-08
     0     1
# FGMRES final (true) residual:
# Iteration = 4: |res|/|res0| = 2.36408e-11.

Computing volumes of the grid elements.
Non-linear iter.: 17/500. Linear iter.: 4. Min. area: 0.00014925. Error: 2.36408e-11.
Computing volumes of the grid elements.
Min. volume: 0.00014925, max. volume: 36.4277.

# FGMRES residual history
# Residual tolerance target = 1e-10
# Initial residual norm     = 6.22047e-08
     0     1
# FGMRES final (true) residual:
# Iteration = 4: |res|/|res0| = 2.36414e-11.

Computing volumes of the grid elements.
Non-linear iter.: 18/500. Linear iter.: 4. Min. area: 0.000149251. Error: 2.36414e-11.
Computing volumes of the grid elements.
Min. volume: 0.000149251, max. volume: 36.4276.

# FGMRES residual history
# Residual tolerance target = 1e-10
# Initial residual norm     = 6.22058e-08
     0     1
# FGMRES final (true) residual:
# Iteration = 4: |res|/|res0| = 2.36438e-11.

Computing volumes of the grid elements.
Non-linear iter.: 19/500. Linear iter.: 4. Min. area: 0.000149252. Error: 2.36438e-11.
Computing volumes of the grid elements.
Min. volume: 0.000149252, max. volume: 36.4275.

# FGMRES residual history
# Residual tolerance target = 1e-10
# Initial residual norm     = 6.22092e-08
     0     1
# FGMRES final (true) residual:
# Iteration = 4: |res|/|res0| = 2.3648e-11.

Computing volumes of the grid elements.
Non-linear iter.: 20/500. Linear iter.: 4. Min. area: 0.000149253. Error: 2.3648e-11.
Computing volumes of the grid elements.
Min. volume: 0.000149253, max. volume: 36.4274.

# FGMRES residual history
# Residual tolerance target = 1e-10
# Initial residual norm     = 6.22151e-08
     0     1
# FGMRES final (true) residual:
# Iteration = 4: |res|/|res0| = 2.36542e-11.

Computing volumes of the grid elements.
Non-linear iter.: 21/500. Linear iter.: 4. Min. area: 0.000149254. Error: 2.36542e-11.
Computing volumes of the grid elements.
Min. volume: 0.000149254, max. volume: 36.4273.

# FGMRES residual history
# Residual tolerance target = 1e-10
# Initial residual norm     = 6.22234e-08
     0     1
# FGMRES final (true) residual:
# Iteration = 4: |res|/|res0| = 2.36622e-11.

Computing volumes of the grid elements.
Non-linear iter.: 22/500. Linear iter.: 4. Min. area: 0.000149255. Error: 2.36622e-11.
Computing volumes of the grid elements.
Min. volume: 0.000149255, max. volume: 36.4273.

# FGMRES residual history
# Residual tolerance target = 1e-10
# Initial residual norm     = 6.22342e-08
     0     1
# FGMRES final (true) residual:
# Iteration = 4: |res|/|res0| = 2.36722e-11.

Computing volumes of the grid elements.
Non-linear iter.: 23/500. Linear iter.: 4. Min. area: 0.000149256. Error: 2.36722e-11.
Computing volumes of the grid elements.
Min. volume: 0.000149256, max. volume: 36.4272.

# FGMRES residual history
# Residual tolerance target = 1e-10
# Initial residual norm     = 6.22474e-08
     0     1
# FGMRES final (true) residual:
# Iteration = 4: |res|/|res0| = 2.36841e-11.

Computing volumes of the grid elements.
Non-linear iter.: 24/500. Linear iter.: 4. Min. area: 0.000149257. Error: 2.36841e-11.
Computing volumes of the grid elements.
Min. volume: 0.000149257, max. volume: 36.4271.

# FGMRES residual history
# Residual tolerance target = 1e-10
# Initial residual norm     = 6.22633e-08
     0     1
# FGMRES final (true) residual:
# Iteration = 4: |res|/|res0| = 2.36979e-11.

Computing volumes of the grid elements.
Non-linear iter.: 25/500. Linear iter.: 4. Min. area: 0.000149258. Error: 2.36979e-11.
Computing volumes of the grid elements.
Min. volume: 0.000149258, max. volume: 36.427.

# FGMRES residual history
# Residual tolerance target = 1e-10
# Initial residual norm     = 6.22817e-08
     0     1
# FGMRES final (true) residual:
# Iteration = 4: |res|/|res0| = 2.37137e-11.

Computing volumes of the grid elements.
Non-linear iter.: 26/500. Linear iter.: 4. Min. area: 0.000149259. Error: 2.37137e-11.
Computing volumes of the grid elements.
Min. volume: 0.000149259, max. volume: 36.4269.

# FGMRES residual history
# Residual tolerance target = 1e-10
# Initial residual norm     = 6.23027e-08
     0     1
# FGMRES final (true) residual:
# Iteration = 4: |res|/|res0| = 2.37314e-11.

Computing volumes of the grid elements.
Non-linear iter.: 27/500. Linear iter.: 4. Min. area: 0.00014926. Error: 2.37314e-11.
Computing volumes of the grid elements.
Min. volume: 0.00014926, max. volume: 36.4268.

# FGMRES residual history
# Residual tolerance target = 1e-10
# Initial residual norm     = 6.23264e-08
     0     1
# FGMRES final (true) residual:
# Iteration = 4: |res|/|res0| = 2.3751e-11.

Computing volumes of the grid elements.
Non-linear iter.: 28/500. Linear iter.: 4. Min. area: 0.000149261. Error: 2.3751e-11.
Computing volumes of the grid elements.
Min. volume: 0.000149261, max. volume: 36.4268.

# FGMRES residual history
# Residual tolerance target = 1e-10
# Initial residual norm     = 6.23528e-08
     0     1
# FGMRES final (true) residual:
# Iteration = 4: |res|/|res0| = 2.37725e-11.

Computing volumes of the grid elements.
Non-linear iter.: 29/500. Linear iter.: 4. Min. area: 0.000149262. Error: 2.37725e-11.
Computing volumes of the grid elements.
Min. volume: 0.000149262, max. volume: 36.4267.

# FGMRES residual history
# Residual tolerance target = 1e-10
# Initial residual norm     = 6.23819e-08
     0     1
# FGMRES final (true) residual:
# Iteration = 4: |res|/|res0| = 2.37959e-11.

Computing volumes of the grid elements.
Non-linear iter.: 30/500. Linear iter.: 4. Min. area: 0.000149263. Error: 2.37959e-11.
Computing volumes of the grid elements.
Min. volume: 0.000149263, max. volume: 36.4266.

# FGMRES residual history
# Residual tolerance target = 1e-10
# Initial residual norm     = 6.24138e-08
     0     1
# FGMRES final (true) residual:
# Iteration = 4: |res|/|res0| = 2.38212e-11.

Computing volumes of the grid elements.
Non-linear iter.: 31/500. Linear iter.: 4. Min. area: 0.000149264. Error: 2.38212e-11.
Computing volumes of the grid elements.
Min. volume: 0.000149264, max. volume: 36.4265.

# FGMRES residual history
# Residual tolerance target = 1e-10
# Initial residual norm     = 6.24485e-08
     0     1
# FGMRES final (true) residual:
# Iteration = 4: |res|/|res0| = 2.38483e-11.

Computing volumes of the grid elements.
Non-linear iter.: 32/500. Linear iter.: 4. Min. area: 0.000149265. Error: 2.38483e-11.
Computing volumes of the grid elements.
Min. volume: 0.000149265, max. volume: 36.4265.

# FGMRES residual history
# Residual tolerance target = 1e-10
# Initial residual norm     = 6.2486e-08
     0     1
# FGMRES final (true) residual:
# Iteration = 4: |res|/|res0| = 2.38773e-11.

Computing volumes of the grid elements.
Non-linear iter.: 33/500. Linear iter.: 4. Min. area: 0.000149267. Error: 2.38773e-11.
Computing volumes of the grid elements.
Min. volume: 0.000149267, max. volume: 36.4264.

# FGMRES residual history
# Residual tolerance target = 1e-10
# Initial residual norm     = 6.25264e-08
     0     1
# FGMRES final (true) residual:
# Iteration = 4: |res|/|res0| = 2.3908e-11.

Computing volumes of the grid elements.
Non-linear iter.: 34/500. Linear iter.: 4. Min. area: 0.000149268. Error: 2.3908e-11.
Computing volumes of the grid elements.
Min. volume: 0.000149268, max. volume: 36.4263.

# FGMRES residual history
# Residual tolerance target = 1e-10
# Initial residual norm     = 6.25698e-08
     0     1
# FGMRES final (true) residual:
# Iteration = 4: |res|/|res0| = 2.39405e-11.

Computing volumes of the grid elements.
Non-linear iter.: 35/500. Linear iter.: 4. Min. area: 0.000149269. Error: 2.39405e-11.
Computing volumes of the grid elements.
Min. volume: 0.000149269, max. volume: 36.4262.

# FGMRES residual history
# Residual tolerance target = 1e-10
# Initial residual norm     = 6.26161e-08
     0     1
# FGMRES final (true) residual:
# Iteration = 4: |res|/|res0| = 2.39748e-11.

Computing volumes of the grid elements.
Non-linear iter.: 36/500. Linear iter.: 4. Min. area: 0.00014927. Error: 2.39748e-11.
Computing volumes of the grid elements.
Min. volume: 0.00014927, max. volume: 36.4262.

# FGMRES residual history
# Residual tolerance target = 1e-10
# Initial residual norm     = 6.26653e-08
     0     1
# FGMRES final (true) residual:
# Iteration = 4: |res|/|res0| = 2.40107e-11.

Computing volumes of the grid elements.
Non-linear iter.: 37/500. Linear iter.: 4. Min. area: 0.000149272. Error: 2.40107e-11.
Computing volumes of the grid elements.
Min. volume: 0.000149272, max. volume: 36.4261.

# FGMRES residual history
# Residual tolerance target = 1e-10
# Initial residual norm     = 6.27177e-08
     0     1
# FGMRES final (true) residual:
# Iteration = 4: |res|/|res0| = 2.40483e-11.

Computing volumes of the grid elements.
Non-linear iter.: 38/500. Linear iter.: 4. Min. area: 0.000149273. Error: 2.40483e-11.
Computing volumes of the grid elements.
Min. volume: 0.000149273, max. volume: 36.426.

# FGMRES residual history
# Residual tolerance target = 1e-10
# Initial residual norm     = 6.2773e-08
     0     1
# FGMRES final (true) residual:
# Iteration = 4: |res|/|res0| = 2.40874e-11.

Computing volumes of the grid elements.
Non-linear iter.: 39/500. Linear iter.: 4. Min. area: 0.000149275. Error: 2.40874e-11.
Computing volumes of the grid elements.
Min. volume: 0.000149275, max. volume: 36.4259.

# FGMRES residual history
# Residual tolerance target = 1e-10
# Initial residual norm     = 6.28315e-08
     0     1
# FGMRES final (true) residual:
# Iteration = 4: |res|/|res0| = 2.4128e-11.

Computing volumes of the grid elements.
Non-linear iter.: 40/500. Linear iter.: 4. Min. area: 0.000149276. Error: 2.4128e-11.
Computing volumes of the grid elements.
Min. volume: 0.000149276, max. volume: 36.4259.

# FGMRES residual history
# Residual tolerance target = 1e-10
# Initial residual norm     = 6.28932e-08
     0     1
# FGMRES final (true) residual:
# Iteration = 4: |res|/|res0| = 2.41702e-11.

Computing volumes of the grid elements.
Non-linear iter.: 41/500. Linear iter.: 4. Min. area: 0.000149278. Error: 2.41702e-11.
Computing volumes of the grid elements.
Min. volume: 0.000149278, max. volume: 36.4258.

# FGMRES residual history
# Residual tolerance target = 1e-10
# Initial residual norm     = 6.2958e-08
     0     1
# FGMRES final (true) residual:
# Iteration = 4: |res|/|res0| = 2.42137e-11.

Computing volumes of the grid elements.
Non-linear iter.: 42/500. Linear iter.: 4. Min. area: 0.000149279. Error: 2.42137e-11.
Computing volumes of the grid elements.
Min. volume: 0.000149279, max. volume: 36.4257.

# FGMRES residual history
# Residual tolerance target = 1e-10
# Initial residual norm     = 6.30261e-08
     0     1
# FGMRES final (true) residual:
# Iteration = 4: |res|/|res0| = 2.42585e-11.

Computing volumes of the grid elements.
Non-linear iter.: 43/500. Linear iter.: 4. Min. area: 0.000149281. Error: 2.42585e-11.
Computing volumes of the grid elements.
Min. volume: 0.000149281, max. volume: 36.4257.

# FGMRES residual history
# Residual tolerance target = 1e-10
# Initial residual norm     = 6.30974e-08
     0     1
# FGMRES final (true) residual:
# Iteration = 4: |res|/|res0| = 2.43047e-11.

Computing volumes of the grid elements.
Non-linear iter.: 44/500. Linear iter.: 4. Min. area: 0.000149282. Error: 2.43047e-11.
Computing volumes of the grid elements.
Min. volume: 0.000149282, max. volume: 36.4256.

# FGMRES residual history
# Residual tolerance target = 1e-10
# Initial residual norm     = 6.31721e-08
     0     1
# FGMRES final (true) residual:
# Iteration = 4: |res|/|res0| = 2.4352e-11.

Computing volumes of the grid elements.
Non-linear iter.: 45/500. Linear iter.: 4. Min. area: 0.000149284. Error: 2.4352e-11.
Computing volumes of the grid elements.
Min. volume: 0.000149284, max. volume: 36.4255.

# FGMRES residual history
# Residual tolerance target = 1e-10
# Initial residual norm     = 6.325e-08
     0     1
# FGMRES final (true) residual:
# Iteration = 4: |res|/|res0| = 2.44004e-11.

Computing volumes of the grid elements.
Non-linear iter.: 46/500. Linear iter.: 4. Min. area: 0.000149286. Error: 2.44004e-11.
Computing volumes of the grid elements.
Min. volume: 0.000149286, max. volume: 36.4255.

# FGMRES residual history
# Residual tolerance target = 1e-10
# Initial residual norm     = 6.33314e-08
     0     1
# FGMRES final (true) residual:
# Iteration = 4: |res|/|res0| = 2.44499e-11.

Computing volumes of the grid elements.
Non-linear iter.: 47/500. Linear iter.: 4. Min. area: 0.000149287. Error: 2.44499e-11.
Computing volumes of the grid elements.
Min. volume: 0.000149287, max. volume: 36.4254.

# FGMRES residual history
# Residual tolerance target = 1e-10
# Initial residual norm     = 6.34162e-08
     0     1
# FGMRES final (true) residual:
# Iteration = 4: |res|/|res0| = 2.45003e-11.

Computing volumes of the grid elements.
Non-linear iter.: 48/500. Linear iter.: 4. Min. area: 0.000149289. Error: 2.45003e-11.
Computing volumes of the grid elements.
Min. volume: 0.000149289, max. volume: 36.4253.

# FGMRES residual history
# Residual tolerance target = 1e-10
# Initial residual norm     = 6.35044e-08
     0     1
# FGMRES final (true) residual:
# Iteration = 4: |res|/|res0| = 2.45517e-11.

Computing volumes of the grid elements.
Non-linear iter.: 49/500. Linear iter.: 4. Min. area: 0.000149291. Error: 2.45517e-11.
Computing volumes of the grid elements.
Min. volume: 0.000149291, max. volume: 36.4253.

# FGMRES residual history
# Residual tolerance target = 1e-10
# Initial residual norm     = 6.35962e-08
     0     1
# FGMRES final (true) residual:
# Iteration = 4: |res|/|res0| = 2.46038e-11.

Computing volumes of the grid elements.
Non-linear iter.: 50/500. Linear iter.: 4. Min. area: 0.000149293. Error: 2.46038e-11.
Computing volumes of the grid elements.
Min. volume: 0.000149293, max. volume: 36.4252.

# FGMRES residual history
# Residual tolerance target = 1e-10
# Initial residual norm     = 6.36915e-08
     0     1
# FGMRES final (true) residual:
# Iteration = 4: |res|/|res0| = 2.46566e-11.

Computing volumes of the grid elements.
Non-linear iter.: 51/500. Linear iter.: 4. Min. area: 0.000149295. Error: 2.46566e-11.
Computing volumes of the grid elements.
Min. volume: 0.000149295, max. volume: 36.4252.

# FGMRES residual history
# Residual tolerance target = 1e-10
# Initial residual norm     = 6.37904e-08
     0     1
# FGMRES final (true) residual:
# Iteration = 4: |res|/|res0| = 2.471e-11.

Computing volumes of the grid elements.
Non-linear iter.: 52/500. Linear iter.: 4. Min. area: 0.000149296. Error: 2.471e-11.
Computing volumes of the grid elements.
Min. volume: 0.000149296, max. volume: 36.4251.

# FGMRES residual history
# Residual tolerance target = 1e-10
# Initial residual norm     = 6.38929e-08
     0     1
# FGMRES final (true) residual:
# Iteration = 4: |res|/|res0| = 2.47639e-11.

Computing volumes of the grid elements.
Non-linear iter.: 53/500. Linear iter.: 4. Min. area: 0.000149298. Error: 2.47639e-11.
Computing volumes of the grid elements.
Min. volume: 0.000149298, max. volume: 36.425.

# FGMRES residual history
# Residual tolerance target = 1e-10
# Initial residual norm     = 6.3999e-08
     0     1
# FGMRES final (true) residual:
# Iteration = 4: |res|/|res0| = 2.48182e-11.

Computing volumes of the grid elements.
Non-linear iter.: 54/500. Linear iter.: 4. Min. area: 0.0001493. Error: 2.48182e-11.
Computing volumes of the grid elements.
Min. volume: 0.0001493, max. volume: 36.425.

# FGMRES residual history
# Residual tolerance target = 1e-10
# Initial residual norm     = 6.41089e-08
     0     1
# FGMRES final (true) residual:
# Iteration = 4: |res|/|res0| = 2.48729e-11.

Computing volumes of the grid elements.
Non-linear iter.: 55/500. Linear iter.: 4. Min. area: 0.000149302. Error: 2.48729e-11.
Computing volumes of the grid elements.
Min. volume: 0.000149302, max. volume: 36.4249.

# FGMRES residual history
# Residual tolerance target = 1e-10
# Initial residual norm     = 6.42224e-08
     0     1
# FGMRES final (true) residual:
# Iteration = 4: |res|/|res0| = 2.49278e-11.

Computing volumes of the grid elements.
Non-linear iter.: 56/500. Linear iter.: 4. Min. area: 0.000149304. Error: 2.49278e-11.
Computing volumes of the grid elements.
Min. volume: 0.000149304, max. volume: 36.4249.

# FGMRES residual history
# Residual tolerance target = 1e-10
# Initial residual norm     = 6.43398e-08
     0     1
# FGMRES final (true) residual:
# Iteration = 4: |res|/|res0| = 2.49829e-11.

Computing volumes of the grid elements.
Non-linear iter.: 57/500. Linear iter.: 4. Min. area: 0.000149306. Error: 2.49829e-11.
Computing volumes of the grid elements.
Min. volume: 0.000149306, max. volume: 36.4248.

# FGMRES residual history
# Residual tolerance target = 1e-10
# Initial residual norm     = 6.4461e-08
     0     1
# FGMRES final (true) residual:
# Iteration = 4: |res|/|res0| = 2.50379e-11.

Computing volumes of the grid elements.
Non-linear iter.: 58/500. Linear iter.: 4. Min. area: 0.000149308. Error: 2.50379e-11.
Computing volumes of the grid elements.
Min. volume: 0.000149308, max. volume: 36.4248.

# FGMRES residual history
# Residual tolerance target = 1e-10
# Initial residual norm     = 6.4586e-08
     0     1
# FGMRES final (true) residual:
# Iteration = 4: |res|/|res0| = 2.50929e-11.

Computing volumes of the grid elements.
Non-linear iter.: 59/500. Linear iter.: 4. Min. area: 0.000149311. Error: 2.50929e-11.
Computing volumes of the grid elements.
Min. volume: 0.000149311, max. volume: 36.4247.

# FGMRES residual history
# Residual tolerance target = 1e-10
# Initial residual norm     = 6.4715e-08
     0     1
# FGMRES final (true) residual:
# Iteration = 4: |res|/|res0| = 2.51478e-11.

Computing volumes of the grid elements.
Non-linear iter.: 60/500. Linear iter.: 4. Min. area: 0.000149313. Error: 2.51478e-11.
Computing volumes of the grid elements.
Min. volume: 0.000149313, max. volume: 36.4247.

# FGMRES residual history
# Residual tolerance target = 1e-10
# Initial residual norm     = 6.48478e-08
     0     1
# FGMRES final (true) residual:
# Iteration = 4: |res|/|res0| = 2.52024e-11.

Computing volumes of the grid elements.
Non-linear iter.: 61/500. Linear iter.: 4. Min. area: 0.000149315. Error: 2.52024e-11.
Computing volumes of the grid elements.
Min. volume: 0.000149315, max. volume: 36.4246.

# FGMRES residual history
# Residual tolerance target = 1e-10
# Initial residual norm     = 6.49847e-08
     0     1
# FGMRES final (true) residual:
# Iteration = 4: |res|/|res0| = 2.52566e-11.

Computing volumes of the grid elements.
Non-linear iter.: 62/500. Linear iter.: 4. Min. area: 0.000149317. Error: 2.52566e-11.
Computing volumes of the grid elements.
Min. volume: 0.000149317, max. volume: 36.4246.

# FGMRES residual history
# Residual tolerance target = 1e-10
# Initial residual norm     = 6.51255e-08
     0     1
# FGMRES final (true) residual:
# Iteration = 4: |res|/|res0| = 2.53104e-11.

Computing volumes of the grid elements.
Non-linear iter.: 63/500. Linear iter.: 4. Min. area: 0.00014932. Error: 2.53104e-11.
Computing volumes of the grid elements.
Min. volume: 0.00014932, max. volume: 36.4245.

# FGMRES residual history
# Residual tolerance target = 1e-10
# Initial residual norm     = 6.52704e-08
     0     1
# FGMRES final (true) residual:
# Iteration = 4: |res|/|res0| = 2.53637e-11.

Computing volumes of the grid elements.
Non-linear iter.: 64/500. Linear iter.: 4. Min. area: 0.000149322. Error: 2.53637e-11.
Computing volumes of the grid elements.
Min. volume: 0.000149322, max. volume: 36.4245.

# FGMRES residual history
# Residual tolerance target = 1e-10
# Initial residual norm     = 6.54194e-08
     0     1
# FGMRES final (true) residual:
# Iteration = 4: |res|/|res0| = 2.54163e-11.

Computing volumes of the grid elements.
Non-linear iter.: 65/500. Linear iter.: 4. Min. area: 0.000149324. Error: 2.54163e-11.
Computing volumes of the grid elements.
Min. volume: 0.000149324, max. volume: 36.4244.

# FGMRES residual history
# Residual tolerance target = 1e-10
# Initial residual norm     = 6.55725e-08
     0     1
# FGMRES final (true) residual:
# Iteration = 4: |res|/|res0| = 2.54681e-11.

Computing volumes of the grid elements.
Non-linear iter.: 66/500. Linear iter.: 4. Min. area: 0.000149327. Error: 2.54681e-11.
Computing volumes of the grid elements.
Min. volume: 0.000149327, max. volume: 36.4244.

# FGMRES residual history
# Residual tolerance target = 1e-10
# Initial residual norm     = 6.57298e-08
     0     1
# FGMRES final (true) residual:
# Iteration = 4: |res|/|res0| = 2.55191e-11.

Computing volumes of the grid elements.
Non-linear iter.: 67/500. Linear iter.: 4. Min. area: 0.000149329. Error: 2.55191e-11.
Computing volumes of the grid elements.
Min. volume: 0.000149329, max. volume: 36.4243.

# FGMRES residual history
# Residual tolerance target = 1e-10
# Initial residual norm     = 6.58913e-08
     0     1
# FGMRES final (true) residual:
# Iteration = 4: |res|/|res0| = 2.55692e-11.

Computing volumes of the grid elements.
Non-linear iter.: 68/500. Linear iter.: 4. Min. area: 0.000149332. Error: 2.55692e-11.
Computing volumes of the grid elements.
Min. volume: 0.000149332, max. volume: 36.4243.

# FGMRES residual history
# Residual tolerance target = 1e-10
# Initial residual norm     = 6.6057e-08
     0     1
# FGMRES final (true) residual:
# Iteration = 4: |res|/|res0| = 2.56183e-11.

Computing volumes of the grid elements.
Non-linear iter.: 69/500. Linear iter.: 4. Min. area: 0.000149334. Error: 2.56183e-11.
Computing volumes of the grid elements.
Min. volume: 0.000149334, max. volume: 36.4242.

# FGMRES residual history
# Residual tolerance target = 1e-10
# Initial residual norm     = 6.6227e-08
     0     1
# FGMRES final (true) residual:
# Iteration = 4: |res|/|res0| = 2.56662e-11.

Computing volumes of the grid elements.
Non-linear iter.: 70/500. Linear iter.: 4. Min. area: 0.000149337. Error: 2.56662e-11.
Computing volumes of the grid elements.
Min. volume: 0.000149337, max. volume: 36.4242.

# FGMRES residual history
# Residual tolerance target = 1e-10
# Initial residual norm     = 6.64013e-08
     0     1
# FGMRES final (true) residual:
# Iteration = 4: |res|/|res0| = 2.5713e-11.

Computing volumes of the grid elements.
Non-linear iter.: 71/500. Linear iter.: 4. Min. area: 0.000149339. Error: 2.5713e-11.
Computing volumes of the grid elements.
Min. volume: 0.000149339, max. volume: 36.4241.

# FGMRES residual history
# Residual tolerance target = 1e-10
# Initial residual norm     = 6.658e-08
     0     1
# FGMRES final (true) residual:
# Iteration = 4: |res|/|res0| = 2.57584e-11.

Computing volumes of the grid elements.
Non-linear iter.: 72/500. Linear iter.: 4. Min. area: 0.000149342. Error: 2.57584e-11.
Computing volumes of the grid elements.
Min. volume: 0.000149342, max. volume: 36.4241.

# FGMRES residual history
# Residual tolerance target = 1e-10
# Initial residual norm     = 6.67631e-08
     0     1
# FGMRES final (true) residual:
# Iteration = 4: |res|/|res0| = 2.58025e-11.

Computing volumes of the grid elements.
Non-linear iter.: 73/500. Linear iter.: 4. Min. area: 0.000149345. Error: 2.58025e-11.
Computing volumes of the grid elements.
Min. volume: 0.000149345, max. volume: 36.4241.

# FGMRES residual history
# Residual tolerance target = 1e-10
# Initial residual norm     = 6.69506e-08
     0     1
# FGMRES final (true) residual:
# Iteration = 4: |res|/|res0| = 2.58452e-11.

Computing volumes of the grid elements.
Non-linear iter.: 74/500. Linear iter.: 4. Min. area: 0.000149347. Error: 2.58452e-11.
Computing volumes of the grid elements.
Min. volume: 0.000149347, max. volume: 36.424.

# FGMRES residual history
# Residual tolerance target = 1e-10
# Initial residual norm     = 6.71426e-08
     0     1
# FGMRES final (true) residual:
# Iteration = 4: |res|/|res0| = 2.58863e-11.

Computing volumes of the grid elements.
Non-linear iter.: 75/500. Linear iter.: 4. Min. area: 0.00014935. Error: 2.58863e-11.
Computing volumes of the grid elements.
Min. volume: 0.00014935, max. volume: 36.424.

# FGMRES residual history
# Residual tolerance target = 1e-10
# Initial residual norm     = 6.73391e-08
     0     1
# FGMRES final (true) residual:
# Iteration = 4: |res|/|res0| = 2.59258e-11.

Computing volumes of the grid elements.
Non-linear iter.: 76/500. Linear iter.: 4. Min. area: 0.000149353. Error: 2.59258e-11.
Computing volumes of the grid elements.
Min. volume: 0.000149353, max. volume: 36.424.

# FGMRES residual history
# Residual tolerance target = 1e-10
# Initial residual norm     = 6.75401e-08
     0     1
# FGMRES final (true) residual:
# Iteration = 4: |res|/|res0| = 2.59637e-11.

Computing volumes of the grid elements.
Non-linear iter.: 77/500. Linear iter.: 4. Min. area: 0.000149356. Error: 2.59637e-11.
Computing volumes of the grid elements.
Min. volume: 0.000149356, max. volume: 36.4239.

# FGMRES residual history
# Residual tolerance target = 1e-10
# Initial residual norm     = 6.77457e-08
     0     1
# FGMRES final (true) residual:
# Iteration = 4: |res|/|res0| = 2.59998e-11.

Computing volumes of the grid elements.
Non-linear iter.: 78/500. Linear iter.: 4. Min. area: 0.000149359. Error: 2.59998e-11.
Computing volumes of the grid elements.
Min. volume: 0.000149359, max. volume: 36.4239.

# FGMRES residual history
# Residual tolerance target = 1e-10
# Initial residual norm     = 6.79559e-08
     0     1
# FGMRES final (true) residual:
# Iteration = 4: |res|/|res0| = 2.60341e-11.

Computing volumes of the grid elements.
Non-linear iter.: 79/500. Linear iter.: 4. Min. area: 0.000149362. Error: 2.60341e-11.
Computing volumes of the grid elements.
Min. volume: 0.000149362, max. volume: 36.4238.

# FGMRES residual history
# Residual tolerance target = 1e-10
# Initial residual norm     = 6.81708e-08
     0     1
# FGMRES final (true) residual:
# Iteration = 4: |res|/|res0| = 2.60665e-11.

Computing volumes of the grid elements.
Non-linear iter.: 80/500. Linear iter.: 4. Min. area: 0.000149365. Error: 2.60665e-11.
Computing volumes of the grid elements.
Min. volume: 0.000149365, max. volume: 36.4238.

# FGMRES residual history
# Residual tolerance target = 1e-10
# Initial residual norm     = 6.83904e-08
     0     1
# FGMRES final (true) residual:
# Iteration = 4: |res|/|res0| = 2.6097e-11.

Computing volumes of the grid elements.
Non-linear iter.: 81/500. Linear iter.: 4. Min. area: 0.000149368. Error: 2.6097e-11.
Computing volumes of the grid elements.
Min. volume: 0.000149368, max. volume: 36.4238.

# FGMRES residual history
# Residual tolerance target = 1e-10
# Initial residual norm     = 6.86147e-08
     0     1
# FGMRES final (true) residual:
# Iteration = 4: |res|/|res0| = 2.61254e-11.

Computing volumes of the grid elements.
Non-linear iter.: 82/500. Linear iter.: 4. Min. area: 0.000149371. Error: 2.61254e-11.
Computing volumes of the grid elements.
Min. volume: 0.000149371, max. volume: 36.4238.

# FGMRES residual history
# Residual tolerance target = 1e-10
# Initial residual norm     = 6.88438e-08
     0     1
# FGMRES final (true) residual:
# Iteration = 4: |res|/|res0| = 2.61518e-11.

Computing volumes of the grid elements.
Non-linear iter.: 83/500. Linear iter.: 4. Min. area: 0.000149374. Error: 2.61518e-11.
Computing volumes of the grid elements.
Min. volume: 0.000149374, max. volume: 36.4237.

# FGMRES residual history
# Residual tolerance target = 1e-10
# Initial residual norm     = 6.90777e-08
     0     1
# FGMRES final (true) residual:
# Iteration = 4: |res|/|res0| = 2.61761e-11.

Computing volumes of the grid elements.
Non-linear iter.: 84/500. Linear iter.: 4. Min. area: 0.000149377. Error: 2.61761e-11.
Computing volumes of the grid elements.
Min. volume: 0.000149377, max. volume: 36.4237.

# FGMRES residual history
# Residual tolerance target = 1e-10
# Initial residual norm     = 6.93164e-08
     0     1
# FGMRES final (true) residual:
# Iteration = 4: |res|/|res0| = 2.61982e-11.

Computing volumes of the grid elements.
Non-linear iter.: 85/500. Linear iter.: 4. Min. area: 0.00014938. Error: 2.61982e-11.
Computing volumes of the grid elements.
Min. volume: 0.00014938, max. volume: 36.4237.

# FGMRES residual history
# Residual tolerance target = 1e-10
# Initial residual norm     = 6.95599e-08
     0     1
# FGMRES final (true) residual:
# Iteration = 4: |res|/|res0| = 2.62181e-11.

Computing volumes of the grid elements.
Non-linear iter.: 86/500. Linear iter.: 4. Min. area: 0.000149383. Error: 2.62181e-11.
Computing volumes of the grid elements.
Min. volume: 0.000149383, max. volume: 36.4236.

# FGMRES residual history
# Residual tolerance target = 1e-10
# Initial residual norm     = 6.98084e-08
     0     1
# FGMRES final (true) residual:
# Iteration = 4: |res|/|res0| = 2.62358e-11.

Computing volumes of the grid elements.
Non-linear iter.: 87/500. Linear iter.: 4. Min. area: 0.000149387. Error: 2.62358e-11.
Computing volumes of the grid elements.
Min. volume: 0.000149387, max. volume: 36.4236.

# FGMRES residual history
# Residual tolerance target = 1e-10
# Initial residual norm     = 7.00618e-08
     0     1
# FGMRES final (true) residual:
# Iteration = 4: |res|/|res0| = 2.62512e-11.

Computing volumes of the grid elements.
Non-linear iter.: 88/500. Linear iter.: 4. Min. area: 0.00014939. Error: 2.62512e-11.
Computing volumes of the grid elements.
Min. volume: 0.00014939, max. volume: 36.4236.

# FGMRES residual history
# Residual tolerance target = 1e-10
# Initial residual norm     = 7.03202e-08
     0     1
# FGMRES final (true) residual:
# Iteration = 4: |res|/|res0| = 2.62642e-11.

Computing volumes of the grid elements.
Non-linear iter.: 89/500. Linear iter.: 4. Min. area: 0.000149393. Error: 2.62642e-11.
Computing volumes of the grid elements.
Min. volume: 0.000149393, max. volume: 36.4236.

# FGMRES residual history
# Residual tolerance target = 1e-10
# Initial residual norm     = 7.05837e-08
     0     1
# FGMRES final (true) residual:
# Iteration = 4: |res|/|res0| = 2.62748e-11.

Computing volumes of the grid elements.
Non-linear iter.: 90/500. Linear iter.: 4. Min. area: 0.000149397. Error: 2.62748e-11.
Computing volumes of the grid elements.
Min. volume: 0.000149397, max. volume: 36.4235.

# FGMRES residual history
# Residual tolerance target = 1e-10
# Initial residual norm     = 7.08521e-08
     0     1
# FGMRES final (true) residual:
# Iteration = 4: |res|/|res0| = 2.62831e-11.

Computing volumes of the grid elements.
Non-linear iter.: 91/500. Linear iter.: 4. Min. area: 0.0001494. Error: 2.62831e-11.
Computing volumes of the grid elements.
Min. volume: 0.0001494, max. volume: 36.4235.

# FGMRES residual history
# Residual tolerance target = 1e-10
# Initial residual norm     = 7.11257e-08
     0     1
# FGMRES final (true) residual:
# Iteration = 4: |res|/|res0| = 2.62889e-11.

Computing volumes of the grid elements.
Non-linear iter.: 92/500. Linear iter.: 4. Min. area: 0.000149404. Error: 2.62889e-11.
Computing volumes of the grid elements.
Min. volume: 0.000149404, max. volume: 36.4235.

# FGMRES residual history
# Residual tolerance target = 1e-10
# Initial residual norm     = 7.14043e-08
     0     1
# FGMRES final (true) residual:
# Iteration = 4: |res|/|res0| = 2.62923e-11.

Computing volumes of the grid elements.
Non-linear iter.: 93/500. Linear iter.: 4. Min. area: 0.000149407. Error: 2.62923e-11.
Computing volumes of the grid elements.
Min. volume: 0.000149407, max. volume: 36.4235.

# FGMRES residual history
# Residual tolerance target = 1e-10
# Initial residual norm     = 7.16881e-08
     0     1
# FGMRES final (true) residual:
# Iteration = 4: |res|/|res0| = 2.62932e-11.

Computing volumes of the grid elements.
Non-linear iter.: 94/500. Linear iter.: 4. Min. area: 0.000149411. Error: 2.62932e-11.
Computing volumes of the grid elements.
Min. volume: 0.000149411, max. volume: 36.4235.

# FGMRES residual history
# Residual tolerance target = 1e-10
# Initial residual norm     = 7.19771e-08
     0     1
# FGMRES final (true) residual:
# Iteration = 4: |res|/|res0| = 2.62916e-11.

Computing volumes of the grid elements.
Non-linear iter.: 95/500. Linear iter.: 4. Min. area: 0.000149414. Error: 2.62916e-11.
Computing volumes of the grid elements.
Min. volume: 0.000149414, max. volume: 36.4235.

# FGMRES residual history
# Residual tolerance target = 1e-10
# Initial residual norm     = 7.22713e-08
     0     1
# FGMRES final (true) residual:
# Iteration = 4: |res|/|res0| = 2.62875e-11.

Computing volumes of the grid elements.
Non-linear iter.: 96/500. Linear iter.: 4. Min. area: 0.000149418. Error: 2.62875e-11.
Computing volumes of the grid elements.
Min. volume: 0.000149418, max. volume: 36.4234.

# FGMRES residual history
# Residual tolerance target = 1e-10
# Initial residual norm     = 7.25708e-08
     0     1
# FGMRES final (true) residual:
# Iteration = 4: |res|/|res0| = 2.62808e-11.

Computing volumes of the grid elements.
Non-linear iter.: 97/500. Linear iter.: 4. Min. area: 0.000149422. Error: 2.62808e-11.
Computing volumes of the grid elements.
Min. volume: 0.000149422, max. volume: 36.4234.

# FGMRES residual history
# Residual tolerance target = 1e-10
# Initial residual norm     = 7.28756e-08
     0     1
# FGMRES final (true) residual:
# Iteration = 4: |res|/|res0| = 2.62716e-11.

Computing volumes of the grid elements.
Non-linear iter.: 98/500. Linear iter.: 4. Min. area: 0.000149426. Error: 2.62716e-11.
Computing volumes of the grid elements.
Min. volume: 0.000149426, max. volume: 36.4234.

# FGMRES residual history
# Residual tolerance target = 1e-10
# Initial residual norm     = 7.31856e-08
     0     1
# FGMRES final (true) residual:
# Iteration = 4: |res|/|res0| = 2.62599e-11.

Computing volumes of the grid elements.
Non-linear iter.: 99/500. Linear iter.: 4. Min. area: 0.000149429. Error: 2.62599e-11.
Computing volumes of the grid elements.
Min. volume: 0.000149429, max. volume: 36.4234.

# FGMRES residual history
# Residual tolerance target = 1e-10
# Initial residual norm     = 7.35011e-08
     0     1
# FGMRES final (true) residual:
# Iteration = 4: |res|/|res0| = 2.62456e-11.

Computing volumes of the grid elements.
Non-linear iter.: 100/500. Linear iter.: 4. Min. area: 0.000149433. Error: 2.62456e-11.
Computing volumes of the grid elements.
Min. volume: 0.000149433, max. volume: 36.4234.

# FGMRES residual history
# Residual tolerance target = 1e-10
# Initial residual norm     = 7.38219e-08
     0     1
# FGMRES final (true) residual:
# Iteration = 4: |res|/|res0| = 2.62287e-11.

Computing volumes of the grid elements.
Non-linear iter.: 101/500. Linear iter.: 4. Min. area: 0.000149437. Error: 2.62287e-11.
Computing volumes of the grid elements.
Min. volume: 0.000149437, max. volume: 36.4234.

# FGMRES residual history
# Residual tolerance target = 1e-10
# Initial residual norm     = 7.41481e-08
     0     1
# FGMRES final (true) residual:
# Iteration = 4: |res|/|res0| = 2.62093e-11.

Computing volumes of the grid elements.
Non-linear iter.: 102/500. Linear iter.: 4. Min. area: 0.000149441. Error: 2.62093e-11.
Computing volumes of the grid elements.
Min. volume: 0.000149441, max. volume: 36.4234.

# FGMRES residual history
# Residual tolerance target = 1e-10
# Initial residual norm     = 7.44798e-08
     0     1
# FGMRES final (true) residual:
# Iteration = 4: |res|/|res0| = 2.61874e-11.

Computing volumes of the grid elements.
Non-linear iter.: 103/500. Linear iter.: 4. Min. area: 0.000149445. Error: 2.61874e-11.
Computing volumes of the grid elements.
Min. volume: 0.000149445, max. volume: 36.4234.

# FGMRES residual history
# Residual tolerance target = 1e-10
# Initial residual norm     = 7.4817e-08
     0     1
# FGMRES final (true) residual:
# Iteration = 4: |res|/|res0| = 2.61628e-11.

Computing volumes of the grid elements.
Non-linear iter.: 104/500. Linear iter.: 4. Min. area: 0.000149449. Error: 2.61628e-11.
Computing volumes of the grid elements.
Min. volume: 0.000149449, max. volume: 36.4234.

# FGMRES residual history
# Residual tolerance target = 1e-10
# Initial residual norm     = 7.51597e-08
     0     1
# FGMRES final (true) residual:
# Iteration = 4: |res|/|res0| = 2.61357e-11.

Computing volumes of the grid elements.
Non-linear iter.: 105/500. Linear iter.: 4. Min. area: 0.000149453. Error: 2.61357e-11.
Computing volumes of the grid elements.
Min. volume: 0.000149453, max. volume: 36.4233.

# FGMRES residual history
# Residual tolerance target = 1e-10
# Initial residual norm     = 7.55079e-08
     0     1
# FGMRES final (true) residual:
# Iteration = 4: |res|/|res0| = 2.61061e-11.

Computing volumes of the grid elements.
Non-linear iter.: 106/500. Linear iter.: 4. Min. area: 0.000149457. Error: 2.61061e-11.
Computing volumes of the grid elements.
Min. volume: 0.000149457, max. volume: 36.4233.

# FGMRES residual history
# Residual tolerance target = 1e-10
# Initial residual norm     = 7.58618e-08
     0     1
# FGMRES final (true) residual:
# Iteration = 4: |res|/|res0| = 2.6074e-11.

Computing volumes of the grid elements.
Non-linear iter.: 107/500. Linear iter.: 4. Min. area: 0.000149462. Error: 2.6074e-11.
Computing volumes of the grid elements.
Min. volume: 0.000149462, max. volume: 36.4233.

# FGMRES residual history
# Residual tolerance target = 1e-10
# Initial residual norm     = 7.62212e-08
     0     1
# FGMRES final (true) residual:
# Iteration = 4: |res|/|res0| = 2.60393e-11.

Computing volumes of the grid elements.
Non-linear iter.: 108/500. Linear iter.: 4. Min. area: 0.000149466. Error: 2.60393e-11.
Computing volumes of the grid elements.
Min. volume: 0.000149466, max. volume: 36.4233.

# FGMRES residual history
# Residual tolerance target = 1e-10
# Initial residual norm     = 7.65863e-08
     0     1
# FGMRES final (true) residual:
# Iteration = 4: |res|/|res0| = 2.60021e-11.

Computing volumes of the grid elements.
Non-linear iter.: 109/500. Linear iter.: 4. Min. area: 0.00014947. Error: 2.60021e-11.
Computing volumes of the grid elements.
Min. volume: 0.00014947, max. volume: 36.4233.

# FGMRES residual history
# Residual tolerance target = 1e-10
# Initial residual norm     = 7.69571e-08
     0     1
# FGMRES final (true) residual:
# Iteration = 4: |res|/|res0| = 2.59624e-11.

Computing volumes of the grid elements.
Non-linear iter.: 110/500. Linear iter.: 4. Min. area: 0.000149475. Error: 2.59624e-11.
Computing volumes of the grid elements.
Min. volume: 0.000149475, max. volume: 36.4233.

# FGMRES residual history
# Residual tolerance target = 1e-10
# Initial residual norm     = 7.73336e-08
     0     1
# FGMRES final (true) residual:
# Iteration = 4: |res|/|res0| = 2.59202e-11.

Computing volumes of the grid elements.
Non-linear iter.: 111/500. Linear iter.: 4. Min. area: 0.000149479. Error: 2.59202e-11.
Computing volumes of the grid elements.
Min. volume: 0.000149479, max. volume: 36.4233.

# FGMRES residual history
# Residual tolerance target = 1e-10
# Initial residual norm     = 7.77158e-08
     0     1
# FGMRES final (true) residual:
# Iteration = 4: |res|/|res0| = 2.58756e-11.

Computing volumes of the grid elements.
Non-linear iter.: 112/500. Linear iter.: 4. Min. area: 0.000149483. Error: 2.58756e-11.
Computing volumes of the grid elements.
Min. volume: 0.000149483, max. volume: 36.4233.

# FGMRES residual history
# Residual tolerance target = 1e-10
# Initial residual norm     = 7.81039e-08
     0     1
# FGMRES final (true) residual:
# Iteration = 4: |res|/|res0| = 2.58286e-11.

Computing volumes of the grid elements.
Non-linear iter.: 113/500. Linear iter.: 4. Min. area: 0.000149488. Error: 2.58286e-11.
Computing volumes of the grid elements.
Min. volume: 0.000149488, max. volume: 36.4233.

# FGMRES residual history
# Residual tolerance target = 1e-10
# Initial residual norm     = 7.84977e-08
     0     1
# FGMRES final (true) residual:
# Iteration = 4: |res|/|res0| = 2.57791e-11.

Computing volumes of the grid elements.
Non-linear iter.: 114/500. Linear iter.: 4. Min. area: 0.000149493. Error: 2.57791e-11.
Computing volumes of the grid elements.
Min. volume: 0.000149493, max. volume: 36.4234.

# FGMRES residual history
# Residual tolerance target = 1e-10
# Initial residual norm     = 7.88974e-08
     0     1
# FGMRES final (true) residual:
# Iteration = 4: |res|/|res0| = 2.57272e-11.

Computing volumes of the grid elements.
Non-linear iter.: 115/500. Linear iter.: 4. Min. area: 0.000149497. Error: 2.57272e-11.
Computing volumes of the grid elements.
Min. volume: 0.000149497, max. volume: 36.4234.

# FGMRES residual history
# Residual tolerance target = 1e-10
# Initial residual norm     = 7.93029e-08
     0     1
# FGMRES final (true) residual:
# Iteration = 4: |res|/|res0| = 2.56729e-11.

Computing volumes of the grid elements.
Non-linear iter.: 116/500. Linear iter.: 4. Min. area: 0.000149502. Error: 2.56729e-11.
Computing volumes of the grid elements.
Min. volume: 0.000149502, max. volume: 36.4234.

# FGMRES residual history
# Residual tolerance target = 1e-10
# Initial residual norm     = 7.97144e-08
     0     1
# FGMRES final (true) residual:
# Iteration = 4: |res|/|res0| = 2.56162e-11.

Computing volumes of the grid elements.
Non-linear iter.: 117/500. Linear iter.: 4. Min. area: 0.000149507. Error: 2.56162e-11.
Computing volumes of the grid elements.
Min. volume: 0.000149507, max. volume: 36.4234.

# FGMRES residual history
# Residual tolerance target = 1e-10
# Initial residual norm     = 8.01318e-08
     0     1
# FGMRES final (true) residual:
# Iteration = 4: |res|/|res0| = 2.55572e-11.

Computing volumes of the grid elements.
Non-linear iter.: 118/500. Linear iter.: 4. Min. area: 0.000149511. Error: 2.55572e-11.
Computing volumes of the grid elements.
Min. volume: 0.000149511, max. volume: 36.4234.

# FGMRES residual history
# Residual tolerance target = 1e-10
# Initial residual norm     = 8.05552e-08
     0     1
# FGMRES final (true) residual:
# Iteration = 4: |res|/|res0| = 2.54959e-11.

Computing volumes of the grid elements.
Non-linear iter.: 119/500. Linear iter.: 4. Min. area: 0.000149516. Error: 2.54959e-11.
Computing volumes of the grid elements.
Min. volume: 0.000149516, max. volume: 36.4234.

# FGMRES residual history
# Residual tolerance target = 1e-10
# Initial residual norm     = 8.09846e-08
     0     1
# FGMRES final (true) residual:
# Iteration = 4: |res|/|res0| = 2.54322e-11.

Computing volumes of the grid elements.
Non-linear iter.: 120/500. Linear iter.: 4. Min. area: 0.000149521. Error: 2.54322e-11.
Computing volumes of the grid elements.
Min. volume: 0.000149521, max. volume: 36.4234.

# FGMRES residual history
# Residual tolerance target = 1e-10
# Initial residual norm     = 8.142e-08
     0     1
# FGMRES final (true) residual:
# Iteration = 4: |res|/|res0| = 2.53663e-11.

Computing volumes of the grid elements.
Non-linear iter.: 121/500. Linear iter.: 4. Min. area: 0.000149526. Error: 2.53663e-11.
Computing volumes of the grid elements.
Min. volume: 0.000149526, max. volume: 36.4234.

# FGMRES residual history
# Residual tolerance target = 1e-10
# Initial residual norm     = 8.18615e-08
     0     1
# FGMRES final (true) residual:
# Iteration = 4: |res|/|res0| = 2.5298e-11.

Computing volumes of the grid elements.
Non-linear iter.: 122/500. Linear iter.: 4. Min. area: 0.000149531. Error: 2.5298e-11.
Computing volumes of the grid elements.
Min. volume: 0.000149531, max. volume: 36.4234.

# FGMRES residual history
# Residual tolerance target = 1e-10
# Initial residual norm     = 8.23091e-08
     0     1
# FGMRES final (true) residual:
# Iteration = 4: |res|/|res0| = 2.52275e-11.

Computing volumes of the grid elements.
Non-linear iter.: 123/500. Linear iter.: 4. Min. area: 0.000149536. Error: 2.52275e-11.
Computing volumes of the grid elements.
Min. volume: 0.000149536, max. volume: 36.4235.

# FGMRES residual history
# Residual tolerance target = 1e-10
# Initial residual norm     = 8.27628e-08
     0     1
# FGMRES final (true) residual:
# Iteration = 4: |res|/|res0| = 2.51547e-11.

Computing volumes of the grid elements.
Non-linear iter.: 124/500. Linear iter.: 4. Min. area: 0.000149541. Error: 2.51547e-11.
Computing volumes of the grid elements.
Min. volume: 0.000149541, max. volume: 36.4235.

# FGMRES residual history
# Residual tolerance target = 1e-10
# Initial residual norm     = 8.32227e-08
     0     1
# FGMRES final (true) residual:
# Iteration = 4: |res|/|res0| = 2.50797e-11.

Computing volumes of the grid elements.
Non-linear iter.: 125/500. Linear iter.: 4. Min. area: 0.000149546. Error: 2.50797e-11.
Computing volumes of the grid elements.
Min. volume: 0.000149546, max. volume: 36.4235.

# FGMRES residual history
# Residual tolerance target = 1e-10
# Initial residual norm     = 8.36889e-08
     0     1
# FGMRES final (true) residual:
# Iteration = 4: |res|/|res0| = 2.50023e-11.

Computing volumes of the grid elements.
Non-linear iter.: 126/500. Linear iter.: 4. Min. area: 0.000149551. Error: 2.50023e-11.
Computing volumes of the grid elements.
Min. volume: 0.000149551, max. volume: 36.4235.

# FGMRES residual history
# Residual tolerance target = 1e-10
# Initial residual norm     = 8.41612e-08
     0     1
# FGMRES final (true) residual:
# Iteration = 4: |res|/|res0| = 2.49226e-11.

Computing volumes of the grid elements.
Non-linear iter.: 127/500. Linear iter.: 4. Min. area: 0.000149557. Error: 2.49226e-11.
Computing volumes of the grid elements.
Min. volume: 0.000149557, max. volume: 36.4235.

# FGMRES residual history
# Residual tolerance target = 1e-10
# Initial residual norm     = 8.46398e-08
     0     1
# FGMRES final (true) residual:
# Iteration = 4: |res|/|res0| = 2.48406e-11.

Computing volumes of the grid elements.
Non-linear iter.: 128/500. Linear iter.: 4. Min. area: 0.000149562. Error: 2.48406e-11.
Computing volumes of the grid elements.
Min. volume: 0.000149562, max. volume: 36.4236.

# FGMRES residual history
# Residual tolerance target = 1e-10
# Initial residual norm     = 8.51247e-08
     0     1
# FGMRES final (true) residual:
# Iteration = 4: |res|/|res0| = 2.47561e-11.

Computing volumes of the grid elements.
Non-linear iter.: 129/500. Linear iter.: 4. Min. area: 0.000149567. Error: 2.47561e-11.
Computing volumes of the grid elements.
Min. volume: 0.000149567, max. volume: 36.4236.

# FGMRES residual history
# Residual tolerance target = 1e-10
# Initial residual norm     = 8.56159e-08
     0     1
# FGMRES final (true) residual:
# Iteration = 4: |res|/|res0| = 2.46691e-11.

Computing volumes of the grid elements.
Non-linear iter.: 130/500. Linear iter.: 4. Min. area: 0.000149573. Error: 2.46691e-11.
Computing volumes of the grid elements.
Min. volume: 0.000149573, max. volume: 36.4236.

# FGMRES residual history
# Residual tolerance target = 1e-10
# Initial residual norm     = 8.61135e-08
     0     1
# FGMRES final (true) residual:
# Iteration = 4: |res|/|res0| = 2.45794e-11.

Computing volumes of the grid elements.
Non-linear iter.: 131/500. Linear iter.: 4. Min. area: 0.000149578. Error: 2.45794e-11.
Computing volumes of the grid elements.
Min. volume: 0.000149578, max. volume: 36.4236.

# FGMRES residual history
# Residual tolerance target = 1e-10
# Initial residual norm     = 8.66175e-08
     0     1
# FGMRES final (true) residual:
# Iteration = 4: |res|/|res0| = 2.44869e-11.

Computing volumes of the grid elements.
Non-linear iter.: 132/500. Linear iter.: 4. Min. area: 0.000149584. Error: 2.44869e-11.
Computing volumes of the grid elements.
Min. volume: 0.000149584, max. volume: 36.4237.

# FGMRES residual history
# Residual tolerance target = 1e-10
# Initial residual norm     = 8.7128e-08
     0     1
# FGMRES final (true) residual:
# Iteration = 4: |res|/|res0| = 2.43912e-11.

Computing volumes of the grid elements.
Non-linear iter.: 133/500. Linear iter.: 4. Min. area: 0.00014959. Error: 2.43912e-11.
Computing volumes of the grid elements.
Min. volume: 0.00014959, max. volume: 36.4237.

# FGMRES residual history
# Residual tolerance target = 1e-10
# Initial residual norm     = 8.76449e-08
     0     1
# FGMRES final (true) residual:
# Iteration = 4: |res|/|res0| = 2.42918e-11.

Computing volumes of the grid elements.
Non-linear iter.: 134/500. Linear iter.: 4. Min. area: 0.000149595. Error: 2.42918e-11.
Computing volumes of the grid elements.
Min. volume: 0.000149595, max. volume: 36.4237.

# FGMRES residual history
# Residual tolerance target = 1e-10
# Initial residual norm     = 8.81683e-08
     0     1
# FGMRES final (true) residual:
# Iteration = 4: |res|/|res0| = 2.41882e-11.

Computing volumes of the grid elements.
Non-linear iter.: 135/500. Linear iter.: 4. Min. area: 0.000149601. Error: 2.41882e-11.
Computing volumes of the grid elements.
Min. volume: 0.000149601, max. volume: 36.4238.

# FGMRES residual history
# Residual tolerance target = 1e-10
# Initial residual norm     = 8.86982e-08
     0     1
# FGMRES final (true) residual:
# Iteration = 4: |res|/|res0| = 2.4079e-11.

Computing volumes of the grid elements.
Non-linear iter.: 136/500. Linear iter.: 4. Min. area: 0.000149607. Error: 2.4079e-11.
Computing volumes of the grid elements.
Min. volume: 0.000149607, max. volume: 36.4238.

# FGMRES residual history
# Residual tolerance target = 1e-10
# Initial residual norm     = 8.92348e-08
     0     1
# FGMRES final (true) residual:
# Iteration = 4: |res|/|res0| = 2.39626e-11.

Computing volumes of the grid elements.
Non-linear iter.: 137/500. Linear iter.: 4. Min. area: 0.000149613. Error: 2.39626e-11.
Computing volumes of the grid elements.
Min. volume: 0.000149613, max. volume: 36.4238.

# FGMRES residual history
# Residual tolerance target = 1e-10
# Initial residual norm     = 8.97779e-08
     0     1
# FGMRES final (true) residual:
# Iteration = 4: |res|/|res0| = 2.38357e-11.

Computing volumes of the grid elements.
Non-linear iter.: 138/500. Linear iter.: 4. Min. area: 0.000149618. Error: 2.38357e-11.
Computing volumes of the grid elements.
Min. volume: 0.000149618, max. volume: 36.4239.

# FGMRES residual history
# Residual tolerance target = 1e-10
# Initial residual norm     = 9.03276e-08
     0     1
# FGMRES final (true) residual:
# Iteration = 4: |res|/|res0| = 2.36919e-11.

Computing volumes of the grid elements.
Non-linear iter.: 139/500. Linear iter.: 4. Min. area: 0.000149624. Error: 2.36919e-11.
Computing volumes of the grid elements.
Min. volume: 0.000149624, max. volume: 36.4239.

# FGMRES residual history
# Residual tolerance target = 1e-10
# Initial residual norm     = 9.08841e-08
     0     1
# FGMRES final (true) residual:
# Iteration = 4: |res|/|res0| = 2.35172e-11.

Computing volumes of the grid elements.
Non-linear iter.: 140/500. Linear iter.: 4. Min. area: 0.00014963. Error: 2.35172e-11.
Computing volumes of the grid elements.
Min. volume: 0.00014963, max. volume: 36.424.

# FGMRES residual history
# Residual tolerance target = 1e-10
# Initial residual norm     = 9.14472e-08
     0     1
# FGMRES final (true) residual:
# Iteration = 4: |res|/|res0| = 2.32742e-11.

Computing volumes of the grid elements.
Non-linear iter.: 141/500. Linear iter.: 4. Min. area: 0.000149637. Error: 2.32742e-11.
Computing volumes of the grid elements.
Min. volume: 0.000149637, max. volume: 36.424.

# FGMRES residual history
# Residual tolerance target = 1e-10
# Initial residual norm     = 9.20171e-08
     0     1
# FGMRES final (true) residual:
# Iteration = 4: |res|/|res0| = 2.28237e-11.

Computing volumes of the grid elements.
Non-linear iter.: 142/500. Linear iter.: 4. Min. area: 0.000149643. Error: 2.28237e-11.
Computing volumes of the grid elements.
Min. volume: 0.000149643, max. volume: 36.424.

# FGMRES residual history
# Residual tolerance target = 1e-10
# Initial residual norm     = 9.25938e-08
     0     1
# FGMRES final (true) residual:
# Iteration = 4: |res|/|res0| = 2.13602e-11.

Computing volumes of the grid elements.
Non-linear iter.: 143/500. Linear iter.: 4. Min. area: 0.000149649. Error: 2.13602e-11.
Computing volumes of the grid elements.
Min. volume: 0.000149649, max. volume: 36.4241.

# FGMRES residual history
# Residual tolerance target = 1e-10
# Initial residual norm     = 9.31773e-08
     0     1
# FGMRES final (true) residual:
# Iteration = 4: |res|/|res0| = 2.38994e-11.

Computing volumes of the grid elements.
Non-linear iter.: 144/500. Linear iter.: 4. Min. area: 0.000149655. Error: 2.38994e-11.
Computing volumes of the grid elements.
Min. volume: 0.000149655, max. volume: 36.4241.

# FGMRES residual history
# Residual tolerance target = 1e-10
# Initial residual norm     = 9.37676e-08
     0     1
# FGMRES final (true) residual:
# Iteration = 4: |res|/|res0| = 2.38379e-11.

Computing volumes of the grid elements.
Non-linear iter.: 145/500. Linear iter.: 4. Min. area: 0.000149662. Error: 2.38379e-11.
Computing volumes of the grid elements.
Min. volume: 0.000149662, max. volume: 36.4242.

# FGMRES residual history
# Residual tolerance target = 1e-10
# Initial residual norm     = 9.43649e-08
     0     1
# FGMRES final (true) residual:
# Iteration = 4: |res|/|res0| = 2.35891e-11.

Computing volumes of the grid elements.
Non-linear iter.: 146/500. Linear iter.: 4. Min. area: 0.000149668. Error: 2.35891e-11.
Computing volumes of the grid elements.
Min. volume: 0.000149668, max. volume: 36.4242.

# FGMRES residual history
# Residual tolerance target = 1e-10
# Initial residual norm     = 9.4969e-08
     0     1
# FGMRES final (true) residual:
# Iteration = 4: |res|/|res0| = 2.34003e-11.

Computing volumes of the grid elements.
Non-linear iter.: 147/500. Linear iter.: 4. Min. area: 0.000149674. Error: 2.34003e-11.
Computing volumes of the grid elements.
Min. volume: 0.000149674, max. volume: 36.4243.

# FGMRES residual history
# Residual tolerance target = 1e-10
# Initial residual norm     = 9.55802e-08
     0     1
# FGMRES final (true) residual:
# Iteration = 4: |res|/|res0| = 2.32421e-11.

Computing volumes of the grid elements.
Non-linear iter.: 148/500. Linear iter.: 4. Min. area: 0.000149681. Error: 2.32421e-11.
Computing volumes of the grid elements.
Min. volume: 0.000149681, max. volume: 36.4243.

# FGMRES residual history
# Residual tolerance target = 1e-10
# Initial residual norm     = 9.61983e-08
     0     1
# FGMRES final (true) residual:
# Iteration = 4: |res|/|res0| = 2.30999e-11.

Computing volumes of the grid elements.
Non-linear iter.: 149/500. Linear iter.: 4. Min. area: 0.000149688. Error: 2.30999e-11.
Computing volumes of the grid elements.
Min. volume: 0.000149688, max. volume: 36.4244.

# FGMRES residual history
# Residual tolerance target = 1e-10
# Initial residual norm     = 9.68235e-08
     0     1
# FGMRES final (true) residual:
# Iteration = 4: |res|/|res0| = 2.29666e-11.

Computing volumes of the grid elements.
Non-linear iter.: 150/500. Linear iter.: 4. Min. area: 0.000149694. Error: 2.29666e-11.
Computing volumes of the grid elements.
Min. volume: 0.000149694, max. volume: 36.4244.

# FGMRES residual history
# Residual tolerance target = 1e-10
# Initial residual norm     = 9.74558e-08
     0     1
# FGMRES final (true) residual:
# Iteration = 4: |res|/|res0| = 2.28387e-11.

Computing volumes of the grid elements.
Non-linear iter.: 151/500. Linear iter.: 4. Min. area: 0.000149701. Error: 2.28387e-11.
Computing volumes of the grid elements.
Min. volume: 0.000149701, max. volume: 36.4245.

# FGMRES residual history
# Residual tolerance target = 1e-10
# Initial residual norm     = 9.80952e-08
     0     1
# FGMRES final (true) residual:
# Iteration = 4: |res|/|res0| = 2.27142e-11.

Computing volumes of the grid elements.
Non-linear iter.: 152/500. Linear iter.: 4. Min. area: 0.000149708. Error: 2.27142e-11.
Computing volumes of the grid elements.
Min. volume: 0.000149708, max. volume: 36.4246.

# FGMRES residual history
# Residual tolerance target = 1e-10
# Initial residual norm     = 9.87417e-08
     0     1
# FGMRES final (true) residual:
# Iteration = 4: |res|/|res0| = 2.25918e-11.

Computing volumes of the grid elements.
Non-linear iter.: 153/500. Linear iter.: 4. Min. area: 0.000149715. Error: 2.25918e-11.
Computing volumes of the grid elements.
Min. volume: 0.000149715, max. volume: 36.4246.

# FGMRES residual history
# Residual tolerance target = 1e-10
# Initial residual norm     = 9.93955e-08
     0     1
# FGMRES final (true) residual:
# Iteration = 4: |res|/|res0| = 2.24708e-11.

Computing volumes of the grid elements.
Non-linear iter.: 154/500. Linear iter.: 4. Min. area: 0.000149722. Error: 2.24708e-11.
Computing volumes of the grid elements.
Min. volume: 0.000149722, max. volume: 36.4247.

# FGMRES residual history
# Residual tolerance target = 1e-10
# Initial residual norm     = 1.00056e-07
     0     1
# FGMRES final (true) residual:
# Iteration = 4: |res|/|res0| = 2.23507e-11.

Computing volumes of the grid elements.
Non-linear iter.: 155/500. Linear iter.: 4. Min. area: 0.000149727. Error: 2.23507e-11.
Computing volumes of the grid elements.
Min. volume: 0.000149727, max. volume: 36.4247.

# FGMRES residual history
# Residual tolerance target = 1e-10
# Initial residual norm     = 1.00725e-07
     0     1
# FGMRES final (true) residual:
# Iteration = 4: |res|/|res0| = 2.22311e-11.

Computing volumes of the grid elements.
Non-linear iter.: 156/500. Linear iter.: 4. Min. area: 0.000149723. Error: 2.22311e-11.
Computing volumes of the grid elements.
Min. volume: 0.000149723, max. volume: 36.4248.

# FGMRES residual history
# Residual tolerance target = 1e-10
# Initial residual norm     = 1.014e-07
     0     1
# FGMRES final (true) residual:
# Iteration = 4: |res|/|res0| = 2.21118e-11.

Computing volumes of the grid elements.
Non-linear iter.: 157/500. Linear iter.: 4. Min. area: 0.000149719. Error: 2.21118e-11.
Computing volumes of the grid elements.
Min. volume: 0.000149719, max. volume: 36.4249.

# FGMRES residual history
# Residual tolerance target = 1e-10
# Initial residual norm     = 1.02083e-07
     0     1
# FGMRES final (true) residual:
# Iteration = 4: |res|/|res0| = 2.19926e-11.

Computing volumes of the grid elements.
Non-linear iter.: 158/500. Linear iter.: 4. Min. area: 0.000149715. Error: 2.19926e-11.
Computing volumes of the grid elements.
Min. volume: 0.000149715, max. volume: 36.4249.

# FGMRES residual history
# Residual tolerance target = 1e-10
# Initial residual norm     = 1.02774e-07
     0     1
# FGMRES final (true) residual:
# Iteration = 4: |res|/|res0| = 2.18735e-11.

Computing volumes of the grid elements.
Non-linear iter.: 159/500. Linear iter.: 4. Min. area: 0.000149711. Error: 2.18735e-11.
Computing volumes of the grid elements.
Min. volume: 0.000149711, max. volume: 36.425.

# FGMRES residual history
# Residual tolerance target = 1e-10
# Initial residual norm     = 1.03472e-07
     0     1
# FGMRES final (true) residual:
# Iteration = 4: |res|/|res0| = 2.17543e-11.

Computing volumes of the grid elements.
Non-linear iter.: 160/500. Linear iter.: 4. Min. area: 0.000149708. Error: 2.17543e-11.
Computing volumes of the grid elements.
Min. volume: 0.000149708, max. volume: 36.4251.

# FGMRES residual history
# Residual tolerance target = 1e-10
# Initial residual norm     = 1.04177e-07
     0     1
# FGMRES final (true) residual:
# Iteration = 4: |res|/|res0| = 2.16351e-11.

Computing volumes of the grid elements.
Non-linear iter.: 161/500. Linear iter.: 4. Min. area: 0.000149704. Error: 2.16351e-11.
Computing volumes of the grid elements.
Min. volume: 0.000149704, max. volume: 36.4251.

# FGMRES residual history
# Residual tolerance target = 1e-10
# Initial residual norm     = 1.0489e-07
     0     1
# FGMRES final (true) residual:
# Iteration = 4: |res|/|res0| = 2.15157e-11.

Computing volumes of the grid elements.
Non-linear iter.: 162/500. Linear iter.: 4. Min. area: 0.0001497. Error: 2.15157e-11.
Computing volumes of the grid elements.
Min. volume: 0.0001497, max. volume: 36.4252.

# FGMRES residual history
# Residual tolerance target = 1e-10
# Initial residual norm     = 1.0561e-07
     0     1
# FGMRES final (true) residual:
# Iteration = 4: |res|/|res0| = 2.13961e-11.

Computing volumes of the grid elements.
Non-linear iter.: 163/500. Linear iter.: 4. Min. area: 0.000149696. Error: 2.13961e-11.
Computing volumes of the grid elements.
Min. volume: 0.000149696, max. volume: 36.4253.

# FGMRES residual history
# Residual tolerance target = 1e-10
# Initial residual norm     = 1.06338e-07
     0     1
# FGMRES final (true) residual:
# Iteration = 4: |res|/|res0| = 2.12764e-11.

Computing volumes of the grid elements.
Non-linear iter.: 164/500. Linear iter.: 4. Min. area: 0.000149692. Error: 2.12764e-11.
Computing volumes of the grid elements.
Min. volume: 0.000149692, max. volume: 36.4254.

# FGMRES residual history
# Residual tolerance target = 1e-10
# Initial residual norm     = 1.07074e-07
     0     1
# FGMRES final (true) residual:
# Iteration = 4: |res|/|res0| = 2.11565e-11.

Computing volumes of the grid elements.
Non-linear iter.: 165/500. Linear iter.: 4. Min. area: 0.000149688. Error: 2.11565e-11.
Computing volumes of the grid elements.
Min. volume: 0.000149688, max. volume: 36.4254.

# FGMRES residual history
# Residual tolerance target = 1e-10
# Initial residual norm     = 1.07817e-07
     0     1
# FGMRES final (true) residual:
# Iteration = 4: |res|/|res0| = 2.10365e-11.

Computing volumes of the grid elements.
Non-linear iter.: 166/500. Linear iter.: 4. Min. area: 0.000149684. Error: 2.10365e-11.
Computing volumes of the grid elements.
Min. volume: 0.000149684, max. volume: 36.4255.

# FGMRES residual history
# Residual tolerance target = 1e-10
# Initial residual norm     = 1.08569e-07
     0     1
# FGMRES final (true) residual:
# Iteration = 4: |res|/|res0| = 2.09163e-11.

Computing volumes of the grid elements.
Non-linear iter.: 167/500. Linear iter.: 4. Min. area: 0.00014968. Error: 2.09163e-11.
Computing volumes of the grid elements.
Min. volume: 0.00014968, max. volume: 36.4256.

# FGMRES residual history
# Residual tolerance target = 1e-10
# Initial residual norm     = 1.09328e-07
     0     1
# FGMRES final (true) residual:
# Iteration = 4: |res|/|res0| = 2.07959e-11.

Computing volumes of the grid elements.
Non-linear iter.: 168/500. Linear iter.: 4. Min. area: 0.000149677. Error: 2.07959e-11.
Computing volumes of the grid elements.
Min. volume: 0.000149677, max. volume: 36.4257.

# FGMRES residual history
# Residual tolerance target = 1e-10
# Initial residual norm     = 1.10095e-07
     0     1
# FGMRES final (true) residual:
# Iteration = 4: |res|/|res0| = 2.06754e-11.

Computing volumes of the grid elements.
Non-linear iter.: 169/500. Linear iter.: 4. Min. area: 0.000149673. Error: 2.06754e-11.
Computing volumes of the grid elements.
Min. volume: 0.000149673, max. volume: 36.4258.

# FGMRES residual history
# Residual tolerance target = 1e-10
# Initial residual norm     = 1.10869e-07
     0     1
# FGMRES final (true) residual:
# Iteration = 4: |res|/|res0| = 2.05547e-11.

Computing volumes of the grid elements.
Non-linear iter.: 170/500. Linear iter.: 4. Min. area: 0.000149669. Error: 2.05547e-11.
Computing volumes of the grid elements.
Min. volume: 0.000149669, max. volume: 36.4259.

# FGMRES residual history
# Residual tolerance target = 1e-10
# Initial residual norm     = 1.11652e-07
     0     1
# FGMRES final (true) residual:
# Iteration = 4: |res|/|res0| = 2.0434e-11.

Computing volumes of the grid elements.
Non-linear iter.: 171/500. Linear iter.: 4. Min. area: 0.000149665. Error: 2.0434e-11.
Computing volumes of the grid elements.
Min. volume: 0.000149665, max. volume: 36.426.

# FGMRES residual history
# Residual tolerance target = 1e-10
# Initial residual norm     = 1.12443e-07
     0     1
# FGMRES final (true) residual:
# Iteration = 4: |res|/|res0| = 2.03131e-11.

Computing volumes of the grid elements.
Non-linear iter.: 172/500. Linear iter.: 4. Min. area: 0.000149661. Error: 2.03131e-11.
Computing volumes of the grid elements.
Min. volume: 0.000149661, max. volume: 36.426.

# FGMRES residual history
# Residual tolerance target = 1e-10
# Initial residual norm     = 1.13242e-07
     0     1
# FGMRES final (true) residual:
# Iteration = 4: |res|/|res0| = 2.01922e-11.

Computing volumes of the grid elements.
Non-linear iter.: 173/500. Linear iter.: 4. Min. area: 0.000149657. Error: 2.01922e-11.
Computing volumes of the grid elements.
Min. volume: 0.000149657, max. volume: 36.4261.

# FGMRES residual history
# Residual tolerance target = 1e-10
# Initial residual norm     = 1.14049e-07
     0     1
# FGMRES final (true) residual:
# Iteration = 4: |res|/|res0| = 2.00712e-11.

Computing volumes of the grid elements.
Non-linear iter.: 174/500. Linear iter.: 4. Min. area: 0.000149653. Error: 2.00712e-11.
Computing volumes of the grid elements.
Min. volume: 0.000149653, max. volume: 36.4262.

# FGMRES residual history
# Residual tolerance target = 1e-10
# Initial residual norm     = 1.14864e-07
     0     1
# FGMRES final (true) residual:
# Iteration = 4: |res|/|res0| = 1.99501e-11.

Computing volumes of the grid elements.
Non-linear iter.: 175/500. Linear iter.: 4. Min. area: 0.000149649. Error: 1.99501e-11.
Computing volumes of the grid elements.
Min. volume: 0.000149649, max. volume: 36.4263.

# FGMRES residual history
# Residual tolerance target = 1e-10
# Initial residual norm     = 1.15687e-07
     0     1
# FGMRES final (true) residual:
# Iteration = 4: |res|/|res0| = 1.98291e-11.

Computing volumes of the grid elements.
Non-linear iter.: 176/500. Linear iter.: 4. Min. area: 0.000149645. Error: 1.98291e-11.
Computing volumes of the grid elements.
Min. volume: 0.000149645, max. volume: 36.4264.

# FGMRES residual history
# Residual tolerance target = 1e-10
# Initial residual norm     = 1.16518e-07
     0     1
# FGMRES final (true) residual:
# Iteration = 4: |res|/|res0| = 1.9708e-11.

Computing volumes of the grid elements.
Non-linear iter.: 177/500. Linear iter.: 4. Min. area: 0.000149642. Error: 1.9708e-11.
Computing volumes of the grid elements.
Min. volume: 0.000149642, max. volume: 36.4265.

# FGMRES residual history
# Residual tolerance target = 1e-10
# Initial residual norm     = 1.17358e-07
     0     1
# FGMRES final (true) residual:
# Iteration = 4: |res|/|res0| = 1.95869e-11.

Computing volumes of the grid elements.
Non-linear iter.: 178/500. Linear iter.: 4. Min. area: 0.000149638. Error: 1.95869e-11.
Computing volumes of the grid elements.
Min. volume: 0.000149638, max. volume: 36.4266.

# FGMRES residual history
# Residual tolerance target = 1e-10
# Initial residual norm     = 1.18207e-07
     0     1
# FGMRES final (true) residual:
# Iteration = 4: |res|/|res0| = 1.94659e-11.

Computing volumes of the grid elements.
Non-linear iter.: 179/500. Linear iter.: 4. Min. area: 0.000149634. Error: 1.94659e-11.
Computing volumes of the grid elements.
Min. volume: 0.000149634, max. volume: 36.4267.

# FGMRES residual history
# Residual tolerance target = 1e-10
# Initial residual norm     = 1.19063e-07
     0     1
# FGMRES final (true) residual:
# Iteration = 4: |res|/|res0| = 1.93449e-11.

Computing volumes of the grid elements.
Non-linear iter.: 180/500. Linear iter.: 4. Min. area: 0.00014963. Error: 1.93449e-11.
Computing volumes of the grid elements.
Min. volume: 0.00014963, max. volume: 36.4268.

# FGMRES residual history
# Residual tolerance target = 1e-10
# Initial residual norm     = 1.19928e-07
     0     1
# FGMRES final (true) residual:
# Iteration = 4: |res|/|res0| = 1.92239e-11.

Computing volumes of the grid elements.
Non-linear iter.: 181/500. Linear iter.: 4. Min. area: 0.000149626. Error: 1.92239e-11.
Computing volumes of the grid elements.
Min. volume: 0.000149626, max. volume: 36.4269.

# FGMRES residual history
# Residual tolerance target = 1e-10
# Initial residual norm     = 1.20802e-07
     0     1
# FGMRES final (true) residual:
# Iteration = 4: |res|/|res0| = 1.91031e-11.

Computing volumes of the grid elements.
Non-linear iter.: 182/500. Linear iter.: 4. Min. area: 0.000149622. Error: 1.91031e-11.
Computing volumes of the grid elements.
Min. volume: 0.000149622, max. volume: 36.4271.

# FGMRES residual history
# Residual tolerance target = 1e-10
# Initial residual norm     = 1.21684e-07
     0     1
# FGMRES final (true) residual:
# Iteration = 4: |res|/|res0| = 1.89823e-11.

Computing volumes of the grid elements.
Non-linear iter.: 183/500. Linear iter.: 4. Min. area: 0.000149618. Error: 1.89823e-11.
Computing volumes of the grid elements.
Min. volume: 0.000149618, max. volume: 36.4272.

# FGMRES residual history
# Residual tolerance target = 1e-10
# Initial residual norm     = 1.22575e-07
     0     1
# FGMRES final (true) residual:
# Iteration = 4: |res|/|res0| = 1.88617e-11.

Computing volumes of the grid elements.
Non-linear iter.: 184/500. Linear iter.: 4. Min. area: 0.000149615. Error: 1.88617e-11.
Computing volumes of the grid elements.
Min. volume: 0.000149615, max. volume: 36.4273.

# FGMRES residual history
# Residual tolerance target = 1e-10
# Initial residual norm     = 1.23475e-07
     0     1
# FGMRES final (true) residual:
# Iteration = 4: |res|/|res0| = 1.87412e-11.

Computing volumes of the grid elements.
Non-linear iter.: 185/500. Linear iter.: 4. Min. area: 0.000149611. Error: 1.87412e-11.
Computing volumes of the grid elements.
Min. volume: 0.000149611, max. volume: 36.4274.

# FGMRES residual history
# Residual tolerance target = 1e-10
# Initial residual norm     = 1.24383e-07
     0     1
# FGMRES final (true) residual:
# Iteration = 4: |res|/|res0| = 1.86209e-11.

Computing volumes of the grid elements.
Non-linear iter.: 186/500. Linear iter.: 4. Min. area: 0.000149607. Error: 1.86209e-11.
Computing volumes of the grid elements.
Min. volume: 0.000149607, max. volume: 36.4275.

# FGMRES residual history
# Residual tolerance target = 1e-10
# Initial residual norm     = 1.253e-07
     0     1
# FGMRES final (true) residual:
# Iteration = 4: |res|/|res0| = 1.85007e-11.

Computing volumes of the grid elements.
Non-linear iter.: 187/500. Linear iter.: 4. Min. area: 0.000149603. Error: 1.85007e-11.
Computing volumes of the grid elements.
Min. volume: 0.000149603, max. volume: 36.4276.

# FGMRES residual history
# Residual tolerance target = 1e-10
# Initial residual norm     = 1.26227e-07
     0     1
# FGMRES final (true) residual:
# Iteration = 4: |res|/|res0| = 1.83807e-11.

Computing volumes of the grid elements.
Non-linear iter.: 188/500. Linear iter.: 4. Min. area: 0.000149599. Error: 1.83807e-11.
Computing volumes of the grid elements.
Min. volume: 0.000149599, max. volume: 36.4277.

# FGMRES residual history
# Residual tolerance target = 1e-10
# Initial residual norm     = 1.27162e-07
     0     1
# FGMRES final (true) residual:
# Iteration = 4: |res|/|res0| = 1.82609e-11.

Computing volumes of the grid elements.
Non-linear iter.: 189/500. Linear iter.: 4. Min. area: 0.000149595. Error: 1.82609e-11.
Computing volumes of the grid elements.
Min. volume: 0.000149595, max. volume: 36.4279.

# FGMRES residual history
# Residual tolerance target = 1e-10
# Initial residual norm     = 1.28106e-07
     0     1
# FGMRES final (true) residual:
# Iteration = 4: |res|/|res0| = 1.81413e-11.

Computing volumes of the grid elements.
Non-linear iter.: 190/500. Linear iter.: 4. Min. area: 0.000149591. Error: 1.81413e-11.
Computing volumes of the grid elements.
Min. volume: 0.000149591, max. volume: 36.428.

# FGMRES residual history
# Residual tolerance target = 1e-10
# Initial residual norm     = 1.29059e-07
     0     1
# FGMRES final (true) residual:
# Iteration = 4: |res|/|res0| = 1.8022e-11.

Computing volumes of the grid elements.
Non-linear iter.: 191/500. Linear iter.: 4. Min. area: 0.000149587. Error: 1.8022e-11.
Computing volumes of the grid elements.
Min. volume: 0.000149587, max. volume: 36.4281.

# FGMRES residual history
# Residual tolerance target = 1e-10
# Initial residual norm     = 1.30021e-07
     0     1
# FGMRES final (true) residual:
# Iteration = 4: |res|/|res0| = 1.79029e-11.

Computing volumes of the grid elements.
Non-linear iter.: 192/500. Linear iter.: 4. Min. area: 0.000149584. Error: 1.79029e-11.
Computing volumes of the grid elements.
Min. volume: 0.000149584, max. volume: 36.4282.

# FGMRES residual history
# Residual tolerance target = 1e-10
# Initial residual norm     = 1.30992e-07
     0     1
# FGMRES final (true) residual:
# Iteration = 4: |res|/|res0| = 1.77841e-11.

Computing volumes of the grid elements.
Non-linear iter.: 193/500. Linear iter.: 4. Min. area: 0.00014958. Error: 1.77841e-11.
Computing volumes of the grid elements.
Min. volume: 0.00014958, max. volume: 36.4284.

# FGMRES residual history
# Residual tolerance target = 1e-10
# Initial residual norm     = 1.31973e-07
     0     1
# FGMRES final (true) residual:
# Iteration = 4: |res|/|res0| = 1.76655e-11.

Computing volumes of the grid elements.
Non-linear iter.: 194/500. Linear iter.: 4. Min. area: 0.000149576. Error: 1.76655e-11.
Computing volumes of the grid elements.
Min. volume: 0.000149576, max. volume: 36.4285.

# FGMRES residual history
# Residual tolerance target = 1e-10
# Initial residual norm     = 1.32963e-07
     0     1
# FGMRES final (true) residual:
# Iteration = 4: |res|/|res0| = 1.75473e-11.

Computing volumes of the grid elements.
Non-linear iter.: 195/500. Linear iter.: 4. Min. area: 0.000149572. Error: 1.75473e-11.
Computing volumes of the grid elements.
Min. volume: 0.000149572, max. volume: 36.4286.

# FGMRES residual history
# Residual tolerance target = 1e-10
# Initial residual norm     = 1.33963e-07
     0     1
# FGMRES final (true) residual:
# Iteration = 4: |res|/|res0| = 1.74293e-11.

Computing volumes of the grid elements.
Non-linear iter.: 196/500. Linear iter.: 4. Min. area: 0.000149568. Error: 1.74293e-11.
Computing volumes of the grid elements.
Min. volume: 0.000149568, max. volume: 36.4288.

# FGMRES residual history
# Residual tolerance target = 1e-10
# Initial residual norm     = 1.34972e-07
     0     1
# FGMRES final (true) residual:
# Iteration = 4: |res|/|res0| = 1.73117e-11.

Computing volumes of the grid elements.
Non-linear iter.: 197/500. Linear iter.: 4. Min. area: 0.000149564. Error: 1.73117e-11.
Computing volumes of the grid elements.
Min. volume: 0.000149564, max. volume: 36.4289.

# FGMRES residual history
# Residual tolerance target = 1e-10
# Initial residual norm     = 1.3599e-07
     0     1
# FGMRES final (true) residual:
# Iteration = 4: |res|/|res0| = 1.71944e-11.

Computing volumes of the grid elements.
Non-linear iter.: 198/500. Linear iter.: 4. Min. area: 0.00014956. Error: 1.71944e-11.
Computing volumes of the grid elements.
Min. volume: 0.00014956, max. volume: 36.429.

# FGMRES residual history
# Residual tolerance target = 1e-10
# Initial residual norm     = 1.37018e-07
     0     1
# FGMRES final (true) residual:
# Iteration = 4: |res|/|res0| = 1.70774e-11.

Computing volumes of the grid elements.
Non-linear iter.: 199/500. Linear iter.: 4. Min. area: 0.000149557. Error: 1.70774e-11.
Computing volumes of the grid elements.
Min. volume: 0.000149557, max. volume: 36.4292.

# FGMRES residual history
# Residual tolerance target = 1e-10
# Initial residual norm     = 1.38056e-07
     0     1
# FGMRES final (true) residual:
# Iteration = 4: |res|/|res0| = 1.69608e-11.

Computing volumes of the grid elements.
Non-linear iter.: 200/500. Linear iter.: 4. Min. area: 0.000149553. Error: 1.69608e-11.
Computing volumes of the grid elements.
Min. volume: 0.000149553, max. volume: 36.4293.

# FGMRES residual history
# Residual tolerance target = 1e-10
# Initial residual norm     = 1.39104e-07
     0     1
# FGMRES final (true) residual:
# Iteration = 4: |res|/|res0| = 1.68445e-11.

Computing volumes of the grid elements.
Non-linear iter.: 201/500. Linear iter.: 4. Min. area: 0.000149549. Error: 1.68445e-11.
Computing volumes of the grid elements.
Min. volume: 0.000149549, max. volume: 36.4295.

# FGMRES residual history
# Residual tolerance target = 1e-10
# Initial residual norm     = 1.40161e-07
     0     1
# FGMRES final (true) residual:
# Iteration = 4: |res|/|res0| = 1.67286e-11.

Computing volumes of the grid elements.
Non-linear iter.: 202/500. Linear iter.: 4. Min. area: 0.000149545. Error: 1.67286e-11.
Computing volumes of the grid elements.
Min. volume: 0.000149545, max. volume: 36.4296.

# FGMRES residual history
# Residual tolerance target = 1e-10
# Initial residual norm     = 1.41228e-07
     0     1
# FGMRES final (true) residual:
# Iteration = 4: |res|/|res0| = 1.66131e-11.

Computing volumes of the grid elements.
Non-linear iter.: 203/500. Linear iter.: 4. Min. area: 0.000149541. Error: 1.66131e-11.
Computing volumes of the grid elements.
Min. volume: 0.000149541, max. volume: 36.4298.

# FGMRES residual history
# Residual tolerance target = 1e-10
# Initial residual norm     = 1.42305e-07
     0     1
# FGMRES final (true) residual:
# Iteration = 4: |res|/|res0| = 1.6498e-11.

Computing volumes of the grid elements.
Non-linear iter.: 204/500. Linear iter.: 4. Min. area: 0.000149537. Error: 1.6498e-11.
Computing volumes of the grid elements.
Min. volume: 0.000149537, max. volume: 36.4299.

# FGMRES residual history
# Residual tolerance target = 1e-10
# Initial residual norm     = 1.43393e-07
     0     1
# FGMRES final (true) residual:
# Iteration = 4: |res|/|res0| = 1.63833e-11.

Computing volumes of the grid elements.
Non-linear iter.: 205/500. Linear iter.: 4. Min. area: 0.000149533. Error: 1.63833e-11.
Computing volumes of the grid elements.
Min. volume: 0.000149533, max. volume: 36.4301.

# FGMRES residual history
# Residual tolerance target = 1e-10
# Initial residual norm     = 1.4449e-07
     0     1
# FGMRES final (true) residual:
# Iteration = 4: |res|/|res0| = 1.6269e-11.

Computing volumes of the grid elements.
Non-linear iter.: 206/500. Linear iter.: 4. Min. area: 0.00014953. Error: 1.6269e-11.
Computing volumes of the grid elements.
Min. volume: 0.00014953, max. volume: 36.4302.

# FGMRES residual history
# Residual tolerance target = 1e-10
# Initial residual norm     = 1.45598e-07
     0     1
# FGMRES final (true) residual:
# Iteration = 4: |res|/|res0| = 1.61551e-11.

Computing volumes of the grid elements.
Non-linear iter.: 207/500. Linear iter.: 4. Min. area: 0.000149526. Error: 1.61551e-11.
Computing volumes of the grid elements.
Min. volume: 0.000149526, max. volume: 36.4304.

# FGMRES residual history
# Residual tolerance target = 1e-10
# Initial residual norm     = 1.46715e-07
     0     1
# FGMRES final (true) residual:
# Iteration = 4: |res|/|res0| = 1.60417e-11.

Computing volumes of the grid elements.
Non-linear iter.: 208/500. Linear iter.: 4. Min. area: 0.000149522. Error: 1.60417e-11.
Computing volumes of the grid elements.
Min. volume: 0.000149522, max. volume: 36.4306.

# FGMRES residual history
# Residual tolerance target = 1e-10
# Initial residual norm     = 1.47844e-07
     0     1
# FGMRES final (true) residual:
# Iteration = 4: |res|/|res0| = 1.59287e-11.

Computing volumes of the grid elements.
Non-linear iter.: 209/500. Linear iter.: 4. Min. area: 0.000149518. Error: 1.59287e-11.
Computing volumes of the grid elements.
Min. volume: 0.000149518, max. volume: 36.4307.

# FGMRES residual history
# Residual tolerance target = 1e-10
# Initial residual norm     = 1.48982e-07
     0     1
# FGMRES final (true) residual:
# Iteration = 4: |res|/|res0| = 1.58161e-11.

Computing volumes of the grid elements.
Non-linear iter.: 210/500. Linear iter.: 4. Min. area: 0.000149514. Error: 1.58161e-11.
Computing volumes of the grid elements.
Min. volume: 0.000149514, max. volume: 36.4309.

# FGMRES residual history
# Residual tolerance target = 1e-10
# Initial residual norm     = 1.50132e-07
     0     1
# FGMRES final (true) residual:
# Iteration = 4: |res|/|res0| = 1.5704e-11.

Computing volumes of the grid elements.
Non-linear iter.: 211/500. Linear iter.: 4. Min. area: 0.00014951. Error: 1.5704e-11.
Computing volumes of the grid elements.
Min. volume: 0.00014951, max. volume: 36.4311.

# FGMRES residual history
# Residual tolerance target = 1e-10
# Initial residual norm     = 1.51291e-07
     0     1
# FGMRES final (true) residual:
# Iteration = 4: |res|/|res0| = 1.55924e-11.

Computing volumes of the grid elements.
Non-linear iter.: 212/500. Linear iter.: 4. Min. area: 0.000149506. Error: 1.55924e-11.
Computing volumes of the grid elements.
Min. volume: 0.000149506, max. volume: 36.4312.

# FGMRES residual history
# Residual tolerance target = 1e-10
# Initial residual norm     = 1.52462e-07
     0     1
# FGMRES final (true) residual:
# Iteration = 4: |res|/|res0| = 1.54812e-11.

Computing volumes of the grid elements.
Non-linear iter.: 213/500. Linear iter.: 4. Min. area: 0.000149503. Error: 1.54812e-11.
Computing volumes of the grid elements.
Min. volume: 0.000149503, max. volume: 36.4314.

# FGMRES residual history
# Residual tolerance target = 1e-10
# Initial residual norm     = 1.53643e-07
     0     1
# FGMRES final (true) residual:
# Iteration = 4: |res|/|res0| = 1.53705e-11.

Computing volumes of the grid elements.
Non-linear iter.: 214/500. Linear iter.: 4. Min. area: 0.000149499. Error: 1.53705e-11.
Computing volumes of the grid elements.
Min. volume: 0.000149499, max. volume: 36.4316.

# FGMRES residual history
# Residual tolerance target = 1e-10
# Initial residual norm     = 1.54835e-07
     0     1
# FGMRES final (true) residual:
# Iteration = 4: |res|/|res0| = 1.52603e-11.

Computing volumes of the grid elements.
Non-linear iter.: 215/500. Linear iter.: 4. Min. area: 0.000149495. Error: 1.52603e-11.
Computing volumes of the grid elements.
Min. volume: 0.000149495, max. volume: 36.4318.

# FGMRES residual history
# Residual tolerance target = 1e-10
# Initial residual norm     = 1.56038e-07
     0     1
# FGMRES final (true) residual:
# Iteration = 4: |res|/|res0| = 1.51506e-11.

Computing volumes of the grid elements.
Non-linear iter.: 216/500. Linear iter.: 4. Min. area: 0.000149491. Error: 1.51506e-11.
Computing volumes of the grid elements.
Min. volume: 0.000149491, max. volume: 36.4319.

# FGMRES residual history
# Residual tolerance target = 1e-10
# Initial residual norm     = 1.57252e-07
     0     1
# FGMRES final (true) residual:
# Iteration = 4: |res|/|res0| = 1.50413e-11.

Computing volumes of the grid elements.
Non-linear iter.: 217/500. Linear iter.: 4. Min. area: 0.000149487. Error: 1.50413e-11.
Computing volumes of the grid elements.
Min. volume: 0.000149487, max. volume: 36.4321.

# FGMRES residual history
# Residual tolerance target = 1e-10
# Initial residual norm     = 1.58478e-07
     0     1
# FGMRES final (true) residual:
# Iteration = 4: |res|/|res0| = 1.49326e-11.

Computing volumes of the grid elements.
Non-linear iter.: 218/500. Linear iter.: 4. Min. area: 0.000149483. Error: 1.49326e-11.
Computing volumes of the grid elements.
Min. volume: 0.000149483, max. volume: 36.4323.

# FGMRES residual history
# Residual tolerance target = 1e-10
# Initial residual norm     = 1.59714e-07
     0     1
# FGMRES final (true) residual:
# Iteration = 4: |res|/|res0| = 1.48244e-11.

Computing volumes of the grid elements.
Non-linear iter.: 219/500. Linear iter.: 4. Min. area: 0.000149479. Error: 1.48244e-11.
Computing volumes of the grid elements.
Min. volume: 0.000149479, max. volume: 36.4325.

# FGMRES residual history
# Residual tolerance target = 1e-10
# Initial residual norm     = 1.60962e-07
     0     1
# FGMRES final (true) residual:
# Iteration = 4: |res|/|res0| = 1.47167e-11.

Computing volumes of the grid elements.
Non-linear iter.: 220/500. Linear iter.: 4. Min. area: 0.000149476. Error: 1.47167e-11.
Computing volumes of the grid elements.
Min. volume: 0.000149476, max. volume: 36.4327.

# FGMRES residual history
# Residual tolerance target = 1e-10
# Initial residual norm     = 1.62221e-07
     0     1
# FGMRES final (true) residual:
# Iteration = 4: |res|/|res0| = 1.46095e-11.

Computing volumes of the grid elements.
Non-linear iter.: 221/500. Linear iter.: 4. Min. area: 0.000149472. Error: 1.46095e-11.
Computing volumes of the grid elements.
Min. volume: 0.000149472, max. volume: 36.4329.

# FGMRES residual history
# Residual tolerance target = 1e-10
# Initial residual norm     = 1.63492e-07
     0     1
# FGMRES final (true) residual:
# Iteration = 4: |res|/|res0| = 1.45028e-11.

Computing volumes of the grid elements.
Non-linear iter.: 222/500. Linear iter.: 4. Min. area: 0.000149468. Error: 1.45028e-11.
Computing volumes of the grid elements.
Min. volume: 0.000149468, max. volume: 36.4331.

# FGMRES residual history
# Residual tolerance target = 1e-10
# Initial residual norm     = 1.64774e-07
     0     1
# FGMRES final (true) residual:
# Iteration = 4: |res|/|res0| = 1.43967e-11.

Computing volumes of the grid elements.
Non-linear iter.: 223/500. Linear iter.: 4. Min. area: 0.000149464. Error: 1.43967e-11.
Computing volumes of the grid elements.
Min. volume: 0.000149464, max. volume: 36.4332.

# FGMRES residual history
# Residual tolerance target = 1e-10
# Initial residual norm     = 1.66068e-07
     0     1
# FGMRES final (true) residual:
# Iteration = 4: |res|/|res0| = 1.42911e-11.

Computing volumes of the grid elements.
Non-linear iter.: 224/500. Linear iter.: 4. Min. area: 0.00014946. Error: 1.42911e-11.
Computing volumes of the grid elements.
Min. volume: 0.00014946, max. volume: 36.4334.

# FGMRES residual history
# Residual tolerance target = 1e-10
# Initial residual norm     = 1.67373e-07
     0     1
# FGMRES final (true) residual:
# Iteration = 4: |res|/|res0| = 1.4186e-11.

Computing volumes of the grid elements.
Non-linear iter.: 225/500. Linear iter.: 4. Min. area: 0.000149456. Error: 1.4186e-11.
Computing volumes of the grid elements.
Min. volume: 0.000149456, max. volume: 36.4336.

# FGMRES residual history
# Residual tolerance target = 1e-10
# Initial residual norm     = 1.68691e-07
     0     1
# FGMRES final (true) residual:
# Iteration = 4: |res|/|res0| = 1.40815e-11.

Computing volumes of the grid elements.
Non-linear iter.: 226/500. Linear iter.: 4. Min. area: 0.000149453. Error: 1.40815e-11.
Computing volumes of the grid elements.
Min. volume: 0.000149453, max. volume: 36.4339.

# FGMRES residual history
# Residual tolerance target = 1e-10
# Initial residual norm     = 1.7002e-07
     0     1
# FGMRES final (true) residual:
# Iteration = 4: |res|/|res0| = 1.39775e-11.

Computing volumes of the grid elements.
Non-linear iter.: 227/500. Linear iter.: 4. Min. area: 0.000149449. Error: 1.39775e-11.
Computing volumes of the grid elements.
Min. volume: 0.000149449, max. volume: 36.4341.

# FGMRES residual history
# Residual tolerance target = 1e-10
# Initial residual norm     = 1.71362e-07
     0     1
# FGMRES final (true) residual:
# Iteration = 4: |res|/|res0| = 1.3874e-11.

Computing volumes of the grid elements.
Non-linear iter.: 228/500. Linear iter.: 4. Min. area: 0.000149445. Error: 1.3874e-11.
Computing volumes of the grid elements.
Min. volume: 0.000149445, max. volume: 36.4343.

# FGMRES residual history
# Residual tolerance target = 1e-10
# Initial residual norm     = 1.72716e-07
     0     1
# FGMRES final (true) residual:
# Iteration = 4: |res|/|res0| = 1.37711e-11.

Computing volumes of the grid elements.
Non-linear iter.: 229/500. Linear iter.: 4. Min. area: 0.000149441. Error: 1.37711e-11.
Computing volumes of the grid elements.
Min. volume: 0.000149441, max. volume: 36.4345.

# FGMRES residual history
# Residual tolerance target = 1e-10
# Initial residual norm     = 1.74082e-07
     0     1
# FGMRES final (true) residual:
# Iteration = 4: |res|/|res0| = 1.36687e-11.

Computing volumes of the grid elements.
Non-linear iter.: 230/500. Linear iter.: 4. Min. area: 0.000149437. Error: 1.36687e-11.
Computing volumes of the grid elements.
Min. volume: 0.000149437, max. volume: 36.4347.

# FGMRES residual history
# Residual tolerance target = 1e-10
# Initial residual norm     = 1.7546e-07
     0     1
# FGMRES final (true) residual:
# Iteration = 4: |res|/|res0| = 1.35669e-11.

Computing volumes of the grid elements.
Non-linear iter.: 231/500. Linear iter.: 4. Min. area: 0.000149433. Error: 1.35669e-11.
Computing volumes of the grid elements.
Min. volume: 0.000149433, max. volume: 36.4349.

# FGMRES residual history
# Residual tolerance target = 1e-10
# Initial residual norm     = 1.76851e-07
     0     1
# FGMRES final (true) residual:
# Iteration = 4: |res|/|res0| = 1.34657e-11.

Computing volumes of the grid elements.
Non-linear iter.: 232/500. Linear iter.: 4. Min. area: 0.00014943. Error: 1.34657e-11.
Computing volumes of the grid elements.
Min. volume: 0.00014943, max. volume: 36.4351.

# FGMRES residual history
# Residual tolerance target = 1e-10
# Initial residual norm     = 1.78255e-07
     0     1
# FGMRES final (true) residual:
# Iteration = 4: |res|/|res0| = 1.3365e-11.

Computing volumes of the grid elements.
Non-linear iter.: 233/500. Linear iter.: 4. Min. area: 0.000149426. Error: 1.3365e-11.
Computing volumes of the grid elements.
Min. volume: 0.000149426, max. volume: 36.4353.

# FGMRES residual history
# Residual tolerance target = 1e-10
# Initial residual norm     = 1.79671e-07
     0     1
# FGMRES final (true) residual:
# Iteration = 4: |res|/|res0| = 1.32648e-11.

Computing volumes of the grid elements.
Non-linear iter.: 234/500. Linear iter.: 4. Min. area: 0.000149422. Error: 1.32648e-11.
Computing volumes of the grid elements.
Min. volume: 0.000149422, max. volume: 36.4356.

# FGMRES residual history
# Residual tolerance target = 1e-10
# Initial residual norm     = 1.811e-07
     0     1
# FGMRES final (true) residual:
# Iteration = 4: |res|/|res0| = 1.31652e-11.

Computing volumes of the grid elements.
Non-linear iter.: 235/500. Linear iter.: 4. Min. area: 0.000149418. Error: 1.31652e-11.
Computing volumes of the grid elements.
Min. volume: 0.000149418, max. volume: 36.4358.

# FGMRES residual history
# Residual tolerance target = 1e-10
# Initial residual norm     = 1.82542e-07
     0     1
# FGMRES final (true) residual:
# Iteration = 4: |res|/|res0| = 1.30662e-11.

Computing volumes of the grid elements.
Non-linear iter.: 236/500. Linear iter.: 4. Min. area: 0.000149414. Error: 1.30662e-11.
Computing volumes of the grid elements.
Min. volume: 0.000149414, max. volume: 36.436.

# FGMRES residual history
# Residual tolerance target = 1e-10
# Initial residual norm     = 1.83997e-07
     0     1
# FGMRES final (true) residual:
# Iteration = 4: |res|/|res0| = 1.29678e-11.

Computing volumes of the grid elements.
Non-linear iter.: 237/500. Linear iter.: 4. Min. area: 0.00014941. Error: 1.29678e-11.
Computing volumes of the grid elements.
Min. volume: 0.00014941, max. volume: 36.4363.

# FGMRES residual history
# Residual tolerance target = 1e-10
# Initial residual norm     = 1.85466e-07
     0     1
# FGMRES final (true) residual:
# Iteration = 4: |res|/|res0| = 1.28699e-11.

Computing volumes of the grid elements.
Non-linear iter.: 238/500. Linear iter.: 4. Min. area: 0.000149407. Error: 1.28699e-11.
Computing volumes of the grid elements.
Min. volume: 0.000149407, max. volume: 36.4365.

# FGMRES residual history
# Residual tolerance target = 1e-10
# Initial residual norm     = 1.86947e-07
     0     1
# FGMRES final (true) residual:
# Iteration = 4: |res|/|res0| = 1.27726e-11.

Computing volumes of the grid elements.
Non-linear iter.: 239/500. Linear iter.: 4. Min. area: 0.000149403. Error: 1.27726e-11.
Computing volumes of the grid elements.
Min. volume: 0.000149403, max. volume: 36.4367.

# FGMRES residual history
# Residual tolerance target = 1e-10
# Initial residual norm     = 1.88442e-07
     0     1
# FGMRES final (true) residual:
# Iteration = 4: |res|/|res0| = 1.26758e-11.

Computing volumes of the grid elements.
Non-linear iter.: 240/500. Linear iter.: 4. Min. area: 0.000149399. Error: 1.26758e-11.
Computing volumes of the grid elements.
Min. volume: 0.000149399, max. volume: 36.437.

# FGMRES residual history
# Residual tolerance target = 1e-10
# Initial residual norm     = 1.8995e-07
     0     1
# FGMRES final (true) residual:
# Iteration = 4: |res|/|res0| = 1.25797e-11.

Computing volumes of the grid elements.
Non-linear iter.: 241/500. Linear iter.: 4. Min. area: 0.000149395. Error: 1.25797e-11.
Computing volumes of the grid elements.
Min. volume: 0.000149395, max. volume: 36.4372.

# FGMRES residual history
# Residual tolerance target = 1e-10
# Initial residual norm     = 1.91472e-07
     0     1
# FGMRES final (true) residual:
# Iteration = 4: |res|/|res0| = 1.24841e-11.

Computing volumes of the grid elements.
Non-linear iter.: 242/500. Linear iter.: 4. Min. area: 0.000149391. Error: 1.24841e-11.
Computing volumes of the grid elements.
Min. volume: 0.000149391, max. volume: 36.4374.

# FGMRES residual history
# Residual tolerance target = 1e-10
# Initial residual norm     = 1.93008e-07
     0     1
# FGMRES final (true) residual:
# Iteration = 4: |res|/|res0| = 1.2389e-11.

Computing volumes of the grid elements.
Non-linear iter.: 243/500. Linear iter.: 4. Min. area: 0.000149387. Error: 1.2389e-11.
Computing volumes of the grid elements.
Min. volume: 0.000149387, max. volume: 36.4377.

# FGMRES residual history
# Residual tolerance target = 1e-10
# Initial residual norm     = 1.94558e-07
     0     1
# FGMRES final (true) residual:
# Iteration = 4: |res|/|res0| = 1.22946e-11.

Computing volumes of the grid elements.
Non-linear iter.: 244/500. Linear iter.: 4. Min. area: 0.000149384. Error: 1.22946e-11.
Computing volumes of the grid elements.
Min. volume: 0.000149384, max. volume: 36.4379.

# FGMRES residual history
# Residual tolerance target = 1e-10
# Initial residual norm     = 1.96121e-07
     0     1
# FGMRES final (true) residual:
# Iteration = 4: |res|/|res0| = 1.22007e-11.

Computing volumes of the grid elements.
Non-linear iter.: 245/500. Linear iter.: 4. Min. area: 0.00014938. Error: 1.22007e-11.
Computing volumes of the grid elements.
Min. volume: 0.00014938, max. volume: 36.4382.

# FGMRES residual history
# Residual tolerance target = 1e-10
# Initial residual norm     = 1.97699e-07
     0     1
# FGMRES final (true) residual:
# Iteration = 4: |res|/|res0| = 1.21074e-11.

Computing volumes of the grid elements.
Non-linear iter.: 246/500. Linear iter.: 4. Min. area: 0.000149376. Error: 1.21074e-11.
Computing volumes of the grid elements.
Min. volume: 0.000149376, max. volume: 36.4385.

# FGMRES residual history
# Residual tolerance target = 1e-10
# Initial residual norm     = 1.99291e-07
     0     1
# FGMRES final (true) residual:
# Iteration = 4: |res|/|res0| = 1.20146e-11.

Computing volumes of the grid elements.
Non-linear iter.: 247/500. Linear iter.: 4. Min. area: 0.000149372. Error: 1.20146e-11.
Computing volumes of the grid elements.
Min. volume: 0.000149372, max. volume: 36.4387.

# FGMRES residual history
# Residual tolerance target = 1e-10
# Initial residual norm     = 2.00898e-07
     0     1
# FGMRES final (true) residual:
# Iteration = 4: |res|/|res0| = 1.19224e-11.

Computing volumes of the grid elements.
Non-linear iter.: 248/500. Linear iter.: 4. Min. area: 0.000149368. Error: 1.19224e-11.
Computing volumes of the grid elements.
Min. volume: 0.000149368, max. volume: 36.439.

# FGMRES residual history
# Residual tolerance target = 1e-10
# Initial residual norm     = 2.02519e-07
     0     1
# FGMRES final (true) residual:
# Iteration = 4: |res|/|res0| = 1.18308e-11.

Computing volumes of the grid elements.
Non-linear iter.: 249/500. Linear iter.: 4. Min. area: 0.000149364. Error: 1.18308e-11.
Computing volumes of the grid elements.
Min. volume: 0.000149364, max. volume: 36.4392.

# FGMRES residual history
# Residual tolerance target = 1e-10
# Initial residual norm     = 2.04154e-07
     0     1
# FGMRES final (true) residual:
# Iteration = 4: |res|/|res0| = 1.17398e-11.

Computing volumes of the grid elements.
Non-linear iter.: 250/500. Linear iter.: 4. Min. area: 0.000149361. Error: 1.17398e-11.
Computing volumes of the grid elements.
Min. volume: 0.000149361, max. volume: 36.4395.

# FGMRES residual history
# Residual tolerance target = 1e-10
# Initial residual norm     = 2.05804e-07
     0     1
# FGMRES final (true) residual:
# Iteration = 4: |res|/|res0| = 1.16494e-11.

Computing volumes of the grid elements.
Non-linear iter.: 251/500. Linear iter.: 4. Min. area: 0.000149357. Error: 1.16494e-11.
Computing volumes of the grid elements.
Min. volume: 0.000149357, max. volume: 36.4398.

# FGMRES residual history
# Residual tolerance target = 1e-10
# Initial residual norm     = 2.0747e-07
     0     1
# FGMRES final (true) residual:
# Iteration = 4: |res|/|res0| = 1.15595e-11.

Computing volumes of the grid elements.
Non-linear iter.: 252/500. Linear iter.: 4. Min. area: 0.000149353. Error: 1.15595e-11.
Computing volumes of the grid elements.
Min. volume: 0.000149353, max. volume: 36.44.

# FGMRES residual history
# Residual tolerance target = 1e-10
# Initial residual norm     = 2.0915e-07
     0     1
# FGMRES final (true) residual:
# Iteration = 4: |res|/|res0| = 1.14702e-11.

Computing volumes of the grid elements.
Non-linear iter.: 253/500. Linear iter.: 4. Min. area: 0.000149349. Error: 1.14702e-11.
Computing volumes of the grid elements.
Min. volume: 0.000149349, max. volume: 36.4403.

# FGMRES residual history
# Residual tolerance target = 1e-10
# Initial residual norm     = 2.10845e-07
     0     1
# FGMRES final (true) residual:
# Iteration = 4: |res|/|res0| = 1.13814e-11.

Computing volumes of the grid elements.
Non-linear iter.: 254/500. Linear iter.: 4. Min. area: 0.000149345. Error: 1.13814e-11.
Computing volumes of the grid elements.
Min. volume: 0.000149345, max. volume: 36.4406.

# FGMRES residual history
# Residual tolerance target = 1e-10
# Initial residual norm     = 2.12556e-07
     0     1
# FGMRES final (true) residual:
# Iteration = 4: |res|/|res0| = 1.12933e-11.

Computing volumes of the grid elements.
Non-linear iter.: 255/500. Linear iter.: 4. Min. area: 0.000149341. Error: 1.12933e-11.
Computing volumes of the grid elements.
Min. volume: 0.000149341, max. volume: 36.4409.

# FGMRES residual history
# Residual tolerance target = 1e-10
# Initial residual norm     = 2.14282e-07
     0     1
# FGMRES final (true) residual:
# Iteration = 4: |res|/|res0| = 1.12057e-11.

Computing volumes of the grid elements.
Non-linear iter.: 256/500. Linear iter.: 4. Min. area: 0.000149338. Error: 1.12057e-11.
Computing volumes of the grid elements.
Min. volume: 0.000149338, max. volume: 36.4412.

# FGMRES residual history
# Residual tolerance target = 1e-10
# Initial residual norm     = 2.16024e-07
     0     1
# FGMRES final (true) residual:
# Iteration = 4: |res|/|res0| = 1.11187e-11.

Computing volumes of the grid elements.
Non-linear iter.: 257/500. Linear iter.: 4. Min. area: 0.000149334. Error: 1.11187e-11.
Computing volumes of the grid elements.
Min. volume: 0.000149334, max. volume: 36.4415.

# FGMRES residual history
# Residual tolerance target = 1e-10
# Initial residual norm     = 2.17782e-07
     0     1
# FGMRES final (true) residual:
# Iteration = 4: |res|/|res0| = 1.10322e-11.

Computing volumes of the grid elements.
Non-linear iter.: 258/500. Linear iter.: 4. Min. area: 0.00014933. Error: 1.10322e-11.
Computing volumes of the grid elements.
Min. volume: 0.00014933, max. volume: 36.4418.

# FGMRES residual history
# Residual tolerance target = 1e-10
# Initial residual norm     = 2.19555e-07
     0     1
# FGMRES final (true) residual:
# Iteration = 4: |res|/|res0| = 1.09463e-11.

Computing volumes of the grid elements.
Non-linear iter.: 259/500. Linear iter.: 4. Min. area: 0.000149326. Error: 1.09463e-11.
Computing volumes of the grid elements.
Min. volume: 0.000149326, max. volume: 36.442.

# FGMRES residual history
# Residual tolerance target = 1e-10
# Initial residual norm     = 2.21345e-07
     0     1
# FGMRES final (true) residual:
# Iteration = 4: |res|/|res0| = 1.0861e-11.

Computing volumes of the grid elements.
Non-linear iter.: 260/500. Linear iter.: 4. Min. area: 0.000149322. Error: 1.0861e-11.
Computing volumes of the grid elements.
Min. volume: 0.000149322, max. volume: 36.4423.

# FGMRES residual history
# Residual tolerance target = 1e-10
# Initial residual norm     = 2.23151e-07
     0     1
# FGMRES final (true) residual:
# Iteration = 4: |res|/|res0| = 1.07763e-11.

Computing volumes of the grid elements.
Non-linear iter.: 261/500. Linear iter.: 4. Min. area: 0.000149319. Error: 1.07763e-11.
Computing volumes of the grid elements.
Min. volume: 0.000149319, max. volume: 36.4426.

# FGMRES residual history
# Residual tolerance target = 1e-10
# Initial residual norm     = 2.24973e-07
     0     1
# FGMRES final (true) residual:
# Iteration = 4: |res|/|res0| = 1.06921e-11.

Computing volumes of the grid elements.
Non-linear iter.: 262/500. Linear iter.: 4. Min. area: 0.000149315. Error: 1.06921e-11.
Computing volumes of the grid elements.
Min. volume: 0.000149315, max. volume: 36.4429.

# FGMRES residual history
# Residual tolerance target = 1e-10
# Initial residual norm     = 2.26811e-07
     0     1
# FGMRES final (true) residual:
# Iteration = 4: |res|/|res0| = 1.06085e-11.

Computing volumes of the grid elements.
Non-linear iter.: 263/500. Linear iter.: 4. Min. area: 0.000149311. Error: 1.06085e-11.
Computing volumes of the grid elements.
Min. volume: 0.000149311, max. volume: 36.4433.

# FGMRES residual history
# Residual tolerance target = 1e-10
# Initial residual norm     = 2.28666e-07
     0     1
# FGMRES final (true) residual:
# Iteration = 4: |res|/|res0| = 1.05254e-11.

Computing volumes of the grid elements.
Non-linear iter.: 264/500. Linear iter.: 4. Min. area: 0.000149307. Error: 1.05254e-11.
Computing volumes of the grid elements.
Min. volume: 0.000149307, max. volume: 36.4436.

# FGMRES residual history
# Residual tolerance target = 1e-10
# Initial residual norm     = 2.30539e-07
     0     1
# FGMRES final (true) residual:
# Iteration = 4: |res|/|res0| = 1.04429e-11.

Computing volumes of the grid elements.
Non-linear iter.: 265/500. Linear iter.: 4. Min. area: 0.000149303. Error: 1.04429e-11.
Computing volumes of the grid elements.
Min. volume: 0.000149303, max. volume: 36.4439.

# FGMRES residual history
# Residual tolerance target = 1e-10
# Initial residual norm     = 2.32428e-07
     0     1
# FGMRES final (true) residual:
# Iteration = 4: |res|/|res0| = 1.03609e-11.

Computing volumes of the grid elements.
Non-linear iter.: 266/500. Linear iter.: 4. Min. area: 0.000149299. Error: 1.03609e-11.
Computing volumes of the grid elements.
Min. volume: 0.000149299, max. volume: 36.4442.

# FGMRES residual history
# Residual tolerance target = 1e-10
# Initial residual norm     = 2.34334e-07
     0     1
# FGMRES final (true) residual:
# Iteration = 4: |res|/|res0| = 1.02796e-11.

Computing volumes of the grid elements.
Non-linear iter.: 267/500. Linear iter.: 4. Min. area: 0.000149296. Error: 1.02796e-11.
Computing volumes of the grid elements.
Min. volume: 0.000149296, max. volume: 36.4445.

# FGMRES residual history
# Residual tolerance target = 1e-10
# Initial residual norm     = 2.36257e-07
     0     1
# FGMRES final (true) residual:
# Iteration = 4: |res|/|res0| = 1.01987e-11.

Computing volumes of the grid elements.
Non-linear iter.: 268/500. Linear iter.: 4. Min. area: 0.000149292. Error: 1.01987e-11.
Computing volumes of the grid elements.
Min. volume: 0.000149292, max. volume: 36.4448.

# FGMRES residual history
# Residual tolerance target = 1e-10
# Initial residual norm     = 2.38198e-07
     0     1
# FGMRES final (true) residual:
# Iteration = 4: |res|/|res0| = 1.01185e-11.

Computing volumes of the grid elements.
Non-linear iter.: 269/500. Linear iter.: 4. Min. area: 0.000149288. Error: 1.01185e-11.
Computing volumes of the grid elements.
Min. volume: 0.000149288, max. volume: 36.4452.

# FGMRES residual history
# Residual tolerance target = 1e-10
# Initial residual norm     = 2.40157e-07
     0     1
# FGMRES final (true) residual:
# Iteration = 4: |res|/|res0| = 1.00388e-11.

Computing volumes of the grid elements.
Non-linear iter.: 270/500. Linear iter.: 4. Min. area: 0.000149284. Error: 1.00388e-11.
Computing volumes of the grid elements.
Min. volume: 0.000149284, max. volume: 36.4455.

# FGMRES residual history
# Residual tolerance target = 1e-10
# Initial residual norm     = 2.42133e-07
     0     1
# FGMRES final (true) residual:
# Iteration = 4: |res|/|res0| = 9.9596e-12.

Computing volumes of the grid elements.
Non-linear iter.: 271/500. Linear iter.: 4. Min. area: 0.00014928. Error: 9.9596e-12.
Computing volumes of the grid elements.
Min. volume: 0.00014928, max. volume: 36.4458.

# FGMRES residual history
# Residual tolerance target = 1e-10
# Initial residual norm     = 2.44127e-07
     0     1
# FGMRES final (true) residual:
# Iteration = 4: |res|/|res0| = 9.88098e-12.

Computing volumes of the grid elements.
Non-linear iter.: 272/500. Linear iter.: 4. Min. area: 0.000149277. Error: 9.88098e-12.
Computing volumes of the grid elements.
Min. volume: 0.000149277, max. volume: 36.4462.

# FGMRES residual history
# Residual tolerance target = 1e-10
# Initial residual norm     = 2.4614e-07
     0     1
# FGMRES final (true) residual:
# Iteration = 4: |res|/|res0| = 9.80292e-12.

Computing volumes of the grid elements.
Non-linear iter.: 273/500. Linear iter.: 4. Min. area: 0.000149273. Error: 9.80292e-12.
Computing volumes of the grid elements.
Min. volume: 0.000149273, max. volume: 36.4465.

# FGMRES residual history
# Residual tolerance target = 1e-10
# Initial residual norm     = 2.4817e-07
     0     1
# FGMRES final (true) residual:
# Iteration = 4: |res|/|res0| = 9.7254e-12.

Computing volumes of the grid elements.
Non-linear iter.: 274/500. Linear iter.: 4. Min. area: 0.000149269. Error: 9.7254e-12.
Computing volumes of the grid elements.
Min. volume: 0.000149269, max. volume: 36.4468.

# FGMRES residual history
# Residual tolerance target = 1e-10
# Initial residual norm     = 2.5022e-07
     0     1
# FGMRES final (true) residual:
# Iteration = 4: |res|/|res0| = 9.64843e-12.

Computing volumes of the grid elements.
Non-linear iter.: 275/500. Linear iter.: 4. Min. area: 0.000149265. Error: 9.64843e-12.
Computing volumes of the grid elements.
Min. volume: 0.000149265, max. volume: 36.4472.

# FGMRES residual history
# Residual tolerance target = 1e-10
# Initial residual norm     = 2.52287e-07
     0     1
# FGMRES final (true) residual:
# Iteration = 4: |res|/|res0| = 9.57201e-12.

Computing volumes of the grid elements.
Non-linear iter.: 276/500. Linear iter.: 4. Min. area: 0.000149261. Error: 9.57201e-12.
Computing volumes of the grid elements.
Min. volume: 0.000149261, max. volume: 36.4475.

# FGMRES residual history
# Residual tolerance target = 1e-10
# Initial residual norm     = 2.54374e-07
     0     1
# FGMRES final (true) residual:
# Iteration = 4: |res|/|res0| = 9.49612e-12.

Computing volumes of the grid elements.
Non-linear iter.: 277/500. Linear iter.: 4. Min. area: 0.000149258. Error: 9.49612e-12.
Computing volumes of the grid elements.
Min. volume: 0.000149258, max. volume: 36.4479.

# FGMRES residual history
# Residual tolerance target = 1e-10
# Initial residual norm     = 2.5648e-07
     0     1
# FGMRES final (true) residual:
# Iteration = 4: |res|/|res0| = 9.42077e-12.

Computing volumes of the grid elements.
Non-linear iter.: 278/500. Linear iter.: 4. Min. area: 0.000149254. Error: 9.42077e-12.
Computing volumes of the grid elements.
Min. volume: 0.000149254, max. volume: 36.4483.

# FGMRES residual history
# Residual tolerance target = 1e-10
# Initial residual norm     = 2.58605e-07
     0     1
# FGMRES final (true) residual:
# Iteration = 4: |res|/|res0| = 9.34597e-12.

Computing volumes of the grid elements.
Non-linear iter.: 279/500. Linear iter.: 4. Min. area: 0.00014925. Error: 9.34597e-12.
Computing volumes of the grid elements.
Min. volume: 0.00014925, max. volume: 36.4486.

# FGMRES residual history
# Residual tolerance target = 1e-10
# Initial residual norm     = 2.60749e-07
     0     1
# FGMRES final (true) residual:
# Iteration = 4: |res|/|res0| = 9.27169e-12.

Computing volumes of the grid elements.
Non-linear iter.: 280/500. Linear iter.: 4. Min. area: 0.000149246. Error: 9.27169e-12.
Computing volumes of the grid elements.
Min. volume: 0.000149246, max. volume: 36.449.

# FGMRES residual history
# Residual tolerance target = 1e-10
# Initial residual norm     = 2.62913e-07
     0     1
# FGMRES final (true) residual:
# Iteration = 4: |res|/|res0| = 9.19795e-12.

Computing volumes of the grid elements.
Non-linear iter.: 281/500. Linear iter.: 4. Min. area: 0.000149242. Error: 9.19795e-12.
Computing volumes of the grid elements.
Min. volume: 0.000149242, max. volume: 36.4494.

# FGMRES residual history
# Residual tolerance target = 1e-10
# Initial residual norm     = 2.65097e-07
     0     1
# FGMRES final (true) residual:
# Iteration = 4: |res|/|res0| = 9.12475e-12.

Computing volumes of the grid elements.
Non-linear iter.: 282/500. Linear iter.: 4. Min. area: 0.000149239. Error: 9.12475e-12.
Computing volumes of the grid elements.
Min. volume: 0.000149239, max. volume: 36.4497.

# FGMRES residual history
# Residual tolerance target = 1e-10
# Initial residual norm     = 2.67301e-07
     0     1
# FGMRES final (true) residual:
# Iteration = 4: |res|/|res0| = 9.05207e-12.

Computing volumes of the grid elements.
Non-linear iter.: 283/500. Linear iter.: 4. Min. area: 0.000149235. Error: 9.05207e-12.
Computing volumes of the grid elements.
Min. volume: 0.000149235, max. volume: 36.4501.

# FGMRES residual history
# Residual tolerance target = 1e-10
# Initial residual norm     = 2.69524e-07
     0     1
# FGMRES final (true) residual:
# Iteration = 4: |res|/|res0| = 8.97992e-12.

Computing volumes of the grid elements.
Non-linear iter.: 284/500. Linear iter.: 4. Min. area: 0.000149231. Error: 8.97992e-12.
Computing volumes of the grid elements.
Min. volume: 0.000149231, max. volume: 36.4505.

# FGMRES residual history
# Residual tolerance target = 1e-10
# Initial residual norm     = 2.71769e-07
     0     1
# FGMRES final (true) residual:
# Iteration = 4: |res|/|res0| = 8.9083e-12.

Computing volumes of the grid elements.
Non-linear iter.: 285/500. Linear iter.: 4. Min. area: 0.000149227. Error: 8.9083e-12.
Computing volumes of the grid elements.
Min. volume: 0.000149227, max. volume: 36.4509.

# FGMRES residual history
# Residual tolerance target = 1e-10
# Initial residual norm     = 2.74033e-07
     0     1
# FGMRES final (true) residual:
# Iteration = 4: |res|/|res0| = 8.8372e-12.

Computing volumes of the grid elements.
Non-linear iter.: 286/500. Linear iter.: 4. Min. area: 0.000149223. Error: 8.8372e-12.
Computing volumes of the grid elements.
Min. volume: 0.000149223, max. volume: 36.4512.

# FGMRES residual history
# Residual tolerance target = 1e-10
# Initial residual norm     = 2.76319e-07
     0     1
# FGMRES final (true) residual:
# Iteration = 4: |res|/|res0| = 8.76662e-12.

Computing volumes of the grid elements.
Non-linear iter.: 287/500. Linear iter.: 4. Min. area: 0.00014922. Error: 8.76662e-12.
Computing volumes of the grid elements.
Min. volume: 0.00014922, max. volume: 36.4516.

# FGMRES residual history
# Residual tolerance target = 1e-10
# Initial residual norm     = 2.78625e-07
     0     1
# FGMRES final (true) residual:
# Iteration = 4: |res|/|res0| = 8.69656e-12.

Computing volumes of the grid elements.
Non-linear iter.: 288/500. Linear iter.: 4. Min. area: 0.000149216. Error: 8.69656e-12.
Computing volumes of the grid elements.
Min. volume: 0.000149216, max. volume: 36.452.

# FGMRES residual history
# Residual tolerance target = 1e-10
# Initial residual norm     = 2.80953e-07
     0     1
# FGMRES final (true) residual:
# Iteration = 4: |res|/|res0| = 8.62701e-12.

Computing volumes of the grid elements.
Non-linear iter.: 289/500. Linear iter.: 4. Min. area: 0.000149212. Error: 8.62701e-12.
Computing volumes of the grid elements.
Min. volume: 0.000149212, max. volume: 36.4524.

# FGMRES residual history
# Residual tolerance target = 1e-10
# Initial residual norm     = 2.83302e-07
     0     1
# FGMRES final (true) residual:
# Iteration = 4: |res|/|res0| = 8.55799e-12.

Computing volumes of the grid elements.
Non-linear iter.: 290/500. Linear iter.: 4. Min. area: 0.000149208. Error: 8.55799e-12.
Computing volumes of the grid elements.
Min. volume: 0.000149208, max. volume: 36.4528.

# FGMRES residual history
# Residual tolerance target = 1e-10
# Initial residual norm     = 2.85673e-07
     0     1
# FGMRES final (true) residual:
# Iteration = 4: |res|/|res0| = 8.48947e-12.

Computing volumes of the grid elements.
Non-linear iter.: 291/500. Linear iter.: 4. Min. area: 0.000149204. Error: 8.48947e-12.
Computing volumes of the grid elements.
Min. volume: 0.000149204, max. volume: 36.4532.

# FGMRES residual history
# Residual tolerance target = 1e-10
# Initial residual norm     = 2.88065e-07
     0     1
# FGMRES final (true) residual:
# Iteration = 4: |res|/|res0| = 8.42147e-12.

Computing volumes of the grid elements.
Non-linear iter.: 292/500. Linear iter.: 4. Min. area: 0.000149201. Error: 8.42147e-12.
Computing volumes of the grid elements.
Min. volume: 0.000149201, max. volume: 36.4537.

# FGMRES residual history
# Residual tolerance target = 1e-10
# Initial residual norm     = 2.9048e-07
     0     1
# FGMRES final (true) residual:
# Iteration = 4: |res|/|res0| = 8.35397e-12.

Computing volumes of the grid elements.
Non-linear iter.: 293/500. Linear iter.: 4. Min. area: 0.000149197. Error: 8.35397e-12.
Computing volumes of the grid elements.
Min. volume: 0.000149197, max. volume: 36.4541.

# FGMRES residual history
# Residual tolerance target = 1e-10
# Initial residual norm     = 2.92916e-07
     0     1
# FGMRES final (true) residual:
# Iteration = 4: |res|/|res0| = 8.28698e-12.

Computing volumes of the grid elements.
Non-linear iter.: 294/500. Linear iter.: 4. Min. area: 0.000149193. Error: 8.28698e-12.
Computing volumes of the grid elements.
Min. volume: 0.000149193, max. volume: 36.4545.

# FGMRES residual history
# Residual tolerance target = 1e-10
# Initial residual norm     = 2.95375e-07
     0     1
# FGMRES final (true) residual:
# Iteration = 4: |res|/|res0| = 8.22049e-12.

Computing volumes of the grid elements.
Non-linear iter.: 295/500. Linear iter.: 4. Min. area: 0.000149189. Error: 8.22049e-12.
Computing volumes of the grid elements.
Min. volume: 0.000149189, max. volume: 36.4549.

# FGMRES residual history
# Residual tolerance target = 1e-10
# Initial residual norm     = 2.97857e-07
     0     1
# FGMRES final (true) residual:
# Iteration = 4: |res|/|res0| = 8.1545e-12.

Computing volumes of the grid elements.
Non-linear iter.: 296/500. Linear iter.: 4. Min. area: 0.000149185. Error: 8.1545e-12.
Computing volumes of the grid elements.
Min. volume: 0.000149185, max. volume: 36.4553.

# FGMRES residual history
# Residual tolerance target = 1e-10
# Initial residual norm     = 3.00362e-07
     0     1
# FGMRES final (true) residual:
# Iteration = 4: |res|/|res0| = 8.08902e-12.

Computing volumes of the grid elements.
Non-linear iter.: 297/500. Linear iter.: 4. Min. area: 0.000149182. Error: 8.08902e-12.
Computing volumes of the grid elements.
Min. volume: 0.000149182, max. volume: 36.4558.

# FGMRES residual history
# Residual tolerance target = 1e-10
# Initial residual norm     = 3.0289e-07
     0     1
# FGMRES final (true) residual:
# Iteration = 4: |res|/|res0| = 8.02403e-12.

Computing volumes of the grid elements.
Non-linear iter.: 298/500. Linear iter.: 4. Min. area: 0.000149178. Error: 8.02403e-12.
Computing volumes of the grid elements.
Min. volume: 0.000149178, max. volume: 36.4562.

# FGMRES residual history
# Residual tolerance target = 1e-10
# Initial residual norm     = 3.05441e-07
     0     1
# FGMRES final (true) residual:
# Iteration = 4: |res|/|res0| = 7.95953e-12.

Computing volumes of the grid elements.
Non-linear iter.: 299/500. Linear iter.: 4. Min. area: 0.000149174. Error: 7.95953e-12.
Computing volumes of the grid elements.
Min. volume: 0.000149174, max. volume: 36.4566.

# FGMRES residual history
# Residual tolerance target = 1e-10
# Initial residual norm     = 3.08016e-07
     0     1
# FGMRES final (true) residual:
# Iteration = 4: |res|/|res0| = 7.89553e-12.

Computing volumes of the grid elements.
Non-linear iter.: 300/500. Linear iter.: 4. Min. area: 0.00014917. Error: 7.89553e-12.
Computing volumes of the grid elements.
Min. volume: 0.00014917, max. volume: 36.4571.

# FGMRES residual history
# Residual tolerance target = 1e-10
# Initial residual norm     = 3.10614e-07
     0     1
# FGMRES final (true) residual:
# Iteration = 4: |res|/|res0| = 7.83201e-12.

Computing volumes of the grid elements.
Non-linear iter.: 301/500. Linear iter.: 4. Min. area: 0.000149166. Error: 7.83201e-12.
Computing volumes of the grid elements.
Min. volume: 0.000149166, max. volume: 36.4575.

# FGMRES residual history
# Residual tolerance target = 1e-10
# Initial residual norm     = 3.13237e-07
     0     1
# FGMRES final (true) residual:
# Iteration = 4: |res|/|res0| = 7.76899e-12.

Computing volumes of the grid elements.
Non-linear iter.: 302/500. Linear iter.: 4. Min. area: 0.000149163. Error: 7.76899e-12.
Computing volumes of the grid elements.
Min. volume: 0.000149163, max. volume: 36.458.

# FGMRES residual history
# Residual tolerance target = 1e-10
# Initial residual norm     = 3.15884e-07
     0     1
# FGMRES final (true) residual:
# Iteration = 4: |res|/|res0| = 7.70645e-12.

Computing volumes of the grid elements.
Non-linear iter.: 303/500. Linear iter.: 4. Min. area: 0.000149159. Error: 7.70645e-12.
Computing volumes of the grid elements.
Min. volume: 0.000149159, max. volume: 36.4584.

# FGMRES residual history
# Residual tolerance target = 1e-10
# Initial residual norm     = 3.18555e-07
     0     1
# FGMRES final (true) residual:
# Iteration = 4: |res|/|res0| = 7.64439e-12.

Computing volumes of the grid elements.
Non-linear iter.: 304/500. Linear iter.: 4. Min. area: 0.000149155. Error: 7.64439e-12.
Computing volumes of the grid elements.
Min. volume: 0.000149155, max. volume: 36.4589.

# FGMRES residual history
# Residual tolerance target = 1e-10
# Initial residual norm     = 3.21252e-07
     0     1
# FGMRES final (true) residual:
# Iteration = 4: |res|/|res0| = 7.58281e-12.

Computing volumes of the grid elements.
Non-linear iter.: 305/500. Linear iter.: 4. Min. area: 0.000149151. Error: 7.58281e-12.
Computing volumes of the grid elements.
Min. volume: 0.000149151, max. volume: 36.4593.

# FGMRES residual history
# Residual tolerance target = 1e-10
# Initial residual norm     = 3.23973e-07
     0     1
# FGMRES final (true) residual:
# Iteration = 4: |res|/|res0| = 7.52171e-12.

Computing volumes of the grid elements.
Non-linear iter.: 306/500. Linear iter.: 4. Min. area: 0.000149148. Error: 7.52171e-12.
Computing volumes of the grid elements.
Min. volume: 0.000149148, max. volume: 36.4598.

# FGMRES residual history
# Residual tolerance target = 1e-10
# Initial residual norm     = 3.2672e-07
     0     1
# FGMRES final (true) residual:
# Iteration = 4: |res|/|res0| = 7.46109e-12.

Computing volumes of the grid elements.
Non-linear iter.: 307/500. Linear iter.: 4. Min. area: 0.000149144. Error: 7.46109e-12.
Computing volumes of the grid elements.
Min. volume: 0.000149144, max. volume: 36.4603.

# FGMRES residual history
# Residual tolerance target = 1e-10
# Initial residual norm     = 3.29492e-07
     0     1
# FGMRES final (true) residual:
# Iteration = 4: |res|/|res0| = 7.40094e-12.

Computing volumes of the grid elements.
Non-linear iter.: 308/500. Linear iter.: 4. Min. area: 0.00014914. Error: 7.40094e-12.
Computing volumes of the grid elements.
Min. volume: 0.00014914, max. volume: 36.4608.

# FGMRES residual history
# Residual tolerance target = 1e-10
# Initial residual norm     = 3.3229e-07
     0     1
# FGMRES final (true) residual:
# Iteration = 4: |res|/|res0| = 7.34126e-12.

Computing volumes of the grid elements.
Non-linear iter.: 309/500. Linear iter.: 4. Min. area: 0.000149136. Error: 7.34126e-12.
Computing volumes of the grid elements.
Min. volume: 0.000149136, max. volume: 36.4612.

# FGMRES residual history
# Residual tolerance target = 1e-10
# Initial residual norm     = 3.35114e-07
     0     1
# FGMRES final (true) residual:
# Iteration = 4: |res|/|res0| = 7.28205e-12.

Computing volumes of the grid elements.
Non-linear iter.: 310/500. Linear iter.: 4. Min. area: 0.000149132. Error: 7.28205e-12.
Computing volumes of the grid elements.
Min. volume: 0.000149132, max. volume: 36.4617.

# FGMRES residual history
# Residual tolerance target = 1e-10
# Initial residual norm     = 3.37964e-07
     0     1
# FGMRES final (true) residual:
# Iteration = 4: |res|/|res0| = 7.2233e-12.

Computing volumes of the grid elements.
Non-linear iter.: 311/500. Linear iter.: 4. Min. area: 0.000149129. Error: 7.2233e-12.
Computing volumes of the grid elements.
Min. volume: 0.000149129, max. volume: 36.4622.

# FGMRES residual history
# Residual tolerance target = 1e-10
# Initial residual norm     = 3.40841e-07
     0     1
# FGMRES final (true) residual:
# Iteration = 4: |res|/|res0| = 7.16502e-12.

Computing volumes of the grid elements.
Non-linear iter.: 312/500. Linear iter.: 4. Min. area: 0.000149125. Error: 7.16502e-12.
Computing volumes of the grid elements.
Min. volume: 0.000149125, max. volume: 36.4627.

# FGMRES residual history
# Residual tolerance target = 1e-10
# Initial residual norm     = 3.43744e-07
     0     1
# FGMRES final (true) residual:
# Iteration = 4: |res|/|res0| = 7.1072e-12.

Computing volumes of the grid elements.
Non-linear iter.: 313/500. Linear iter.: 4. Min. area: 0.000149121. Error: 7.1072e-12.
Computing volumes of the grid elements.
Min. volume: 0.000149121, max. volume: 36.4632.

# FGMRES residual history
# Residual tolerance target = 1e-10
# Initial residual norm     = 3.46675e-07
     0     1
# FGMRES final (true) residual:
# Iteration = 4: |res|/|res0| = 7.04984e-12.

Computing volumes of the grid elements.
Non-linear iter.: 314/500. Linear iter.: 4. Min. area: 0.000149117. Error: 7.04984e-12.
Computing volumes of the grid elements.
Min. volume: 0.000149117, max. volume: 36.4637.

# FGMRES residual history
# Residual tolerance target = 1e-10
# Initial residual norm     = 3.49633e-07
     0     1
# FGMRES final (true) residual:
# Iteration = 4: |res|/|res0| = 6.99294e-12.

Computing volumes of the grid elements.
Non-linear iter.: 315/500. Linear iter.: 4. Min. area: 0.000149114. Error: 6.99294e-12.
Computing volumes of the grid elements.
Min. volume: 0.000149114, max. volume: 36.4643.

# FGMRES residual history
# Residual tolerance target = 1e-10
# Initial residual norm     = 3.5262e-07
     0     1
# FGMRES final (true) residual:
# Iteration = 4: |res|/|res0| = 6.93649e-12.

Computing volumes of the grid elements.
Non-linear iter.: 316/500. Linear iter.: 4. Min. area: 0.00014911. Error: 6.93649e-12.
Computing volumes of the grid elements.
Min. volume: 0.00014911, max. volume: 36.465.

# FGMRES residual history
# Residual tolerance target = 1e-10
# Initial residual norm     = 3.55635e-07
     0     1
# FGMRES final (true) residual:
# Iteration = 4: |res|/|res0| = 6.8805e-12.

Computing volumes of the grid elements.
Non-linear iter.: 317/500. Linear iter.: 4. Min. area: 0.000149106. Error: 6.8805e-12.
Computing volumes of the grid elements.
Min. volume: 0.000149106, max. volume: 36.4656.

# FGMRES residual history
# Residual tolerance target = 1e-10
# Initial residual norm     = 3.58679e-07
     0     1
# FGMRES final (true) residual:
# Iteration = 4: |res|/|res0| = 6.82495e-12.

Computing volumes of the grid elements.
Non-linear iter.: 318/500. Linear iter.: 4. Min. area: 0.000149102. Error: 6.82495e-12.
Computing volumes of the grid elements.
Min. volume: 0.000149102, max. volume: 36.4663.

# FGMRES residual history
# Residual tolerance target = 1e-10
# Initial residual norm     = 3.6175e-07
     0     1
# FGMRES final (true) residual:
# Iteration = 4: |res|/|res0| = 6.76985e-12.

Computing volumes of the grid elements.
Non-linear iter.: 319/500. Linear iter.: 4. Min. area: 0.000149098. Error: 6.76985e-12.
Computing volumes of the grid elements.
Min. volume: 0.000149098, max. volume: 36.4669.

# FGMRES residual history
# Residual tolerance target = 1e-10
# Initial residual norm     = 3.64851e-07
     0     1
# FGMRES final (true) residual:
# Iteration = 4: |res|/|res0| = 6.7152e-12.

Computing volumes of the grid elements.
Non-linear iter.: 320/500. Linear iter.: 4. Min. area: 0.000149095. Error: 6.7152e-12.
Computing volumes of the grid elements.
Min. volume: 0.000149095, max. volume: 36.4676.

# FGMRES residual history
# Residual tolerance target = 1e-10
# Initial residual norm     = 3.67981e-07
     0     1
# FGMRES final (true) residual:
# Iteration = 4: |res|/|res0| = 6.66099e-12.

Computing volumes of the grid elements.
Non-linear iter.: 321/500. Linear iter.: 4. Min. area: 0.000149091. Error: 6.66099e-12.
Computing volumes of the grid elements.
Min. volume: 0.000149091, max. volume: 36.4683.

# FGMRES residual history
# Residual tolerance target = 1e-10
# Initial residual norm     = 3.7114e-07
     0     1
# FGMRES final (true) residual:
# Iteration = 4: |res|/|res0| = 6.60722e-12.

Computing volumes of the grid elements.
Non-linear iter.: 322/500. Linear iter.: 4. Min. area: 0.000149087. Error: 6.60722e-12.
Computing volumes of the grid elements.
Min. volume: 0.000149087, max. volume: 36.4689.

# FGMRES residual history
# Residual tolerance target = 1e-10
# Initial residual norm     = 3.74329e-07
     0     1
# FGMRES final (true) residual:
# Iteration = 4: |res|/|res0| = 6.55389e-12.

Computing volumes of the grid elements.
Non-linear iter.: 323/500. Linear iter.: 4. Min. area: 0.000149083. Error: 6.55389e-12.
Computing volumes of the grid elements.
Min. volume: 0.000149083, max. volume: 36.4696.

# FGMRES residual history
# Residual tolerance target = 1e-10
# Initial residual norm     = 3.77547e-07
     0     1
# FGMRES final (true) residual:
# Iteration = 4: |res|/|res0| = 6.501e-12.

Computing volumes of the grid elements.
Non-linear iter.: 324/500. Linear iter.: 4. Min. area: 0.00014908. Error: 6.501e-12.
Computing volumes of the grid elements.
Min. volume: 0.00014908, max. volume: 36.4703.

# FGMRES residual history
# Residual tolerance target = 1e-10
# Initial residual norm     = 3.80797e-07
     0     1
# FGMRES final (true) residual:
# Iteration = 4: |res|/|res0| = 6.44853e-12.

Computing volumes of the grid elements.
Non-linear iter.: 325/500. Linear iter.: 4. Min. area: 0.000149076. Error: 6.44853e-12.
Computing volumes of the grid elements.
Min. volume: 0.000149076, max. volume: 36.471.

# FGMRES residual history
# Residual tolerance target = 1e-10
# Initial residual norm     = 3.84076e-07
     0     1
# FGMRES final (true) residual:
# Iteration = 4: |res|/|res0| = 6.3965e-12.

Computing volumes of the grid elements.
Non-linear iter.: 326/500. Linear iter.: 4. Min. area: 0.000149072. Error: 6.3965e-12.
Computing volumes of the grid elements.
Min. volume: 0.000149072, max. volume: 36.4717.

# FGMRES residual history
# Residual tolerance target = 1e-10
# Initial residual norm     = 3.87387e-07
     0     1
# FGMRES final (true) residual:
# Iteration = 4: |res|/|res0| = 6.3449e-12.

Computing volumes of the grid elements.
Non-linear iter.: 327/500. Linear iter.: 4. Min. area: 0.000149068. Error: 6.3449e-12.
Computing volumes of the grid elements.
Min. volume: 0.000149068, max. volume: 36.4724.

# FGMRES residual history
# Residual tolerance target = 1e-10
# Initial residual norm     = 3.90729e-07
     0     1
# FGMRES final (true) residual:
# Iteration = 4: |res|/|res0| = 6.29373e-12.

Computing volumes of the grid elements.
Non-linear iter.: 328/500. Linear iter.: 4. Min. area: 0.000149065. Error: 6.29373e-12.
Computing volumes of the grid elements.
Min. volume: 0.000149065, max. volume: 36.4731.

# FGMRES residual history
# Residual tolerance target = 1e-10
# Initial residual norm     = 3.94102e-07
     0     1
# FGMRES final (true) residual:
# Iteration = 4: |res|/|res0| = 6.24298e-12.

Computing volumes of the grid elements.
Non-linear iter.: 329/500. Linear iter.: 4. Min. area: 0.000149061. Error: 6.24298e-12.
Computing volumes of the grid elements.
Min. volume: 0.000149061, max. volume: 36.4738.

# FGMRES residual history
# Residual tolerance target = 1e-10
# Initial residual norm     = 3.97507e-07
     0     1
# FGMRES final (true) residual:
# Iteration = 4: |res|/|res0| = 6.19265e-12.

Computing volumes of the grid elements.
Non-linear iter.: 330/500. Linear iter.: 4. Min. area: 0.000149057. Error: 6.19265e-12.
Computing volumes of the grid elements.
Min. volume: 0.000149057, max. volume: 36.4746.

# FGMRES residual history
# Residual tolerance target = 1e-10
# Initial residual norm     = 4.00944e-07
     0     1
# FGMRES final (true) residual:
# Iteration = 4: |res|/|res0| = 6.14274e-12.

Computing volumes of the grid elements.
Non-linear iter.: 331/500. Linear iter.: 4. Min. area: 0.000149053. Error: 6.14274e-12.
Computing volumes of the grid elements.
Min. volume: 0.000149053, max. volume: 36.4753.

# FGMRES residual history
# Residual tolerance target = 1e-10
# Initial residual norm     = 4.04414e-07
     0     1
# FGMRES final (true) residual:
# Iteration = 4: |res|/|res0| = 6.09325e-12.

Computing volumes of the grid elements.
Non-linear iter.: 332/500. Linear iter.: 4. Min. area: 0.000149049. Error: 6.09325e-12.
Computing volumes of the grid elements.
Min. volume: 0.000149049, max. volume: 36.476.

# FGMRES residual history
# Residual tolerance target = 1e-10
# Initial residual norm     = 4.07917e-07
     0     1
# FGMRES final (true) residual:
# Iteration = 4: |res|/|res0| = 6.04417e-12.

Computing volumes of the grid elements.
Non-linear iter.: 333/500. Linear iter.: 4. Min. area: 0.000149046. Error: 6.04417e-12.
Computing volumes of the grid elements.
Min. volume: 0.000149046, max. volume: 36.4768.

# FGMRES residual history
# Residual tolerance target = 1e-10
# Initial residual norm     = 4.11453e-07
     0     1
# FGMRES final (true) residual:
# Iteration = 4: |res|/|res0| = 5.9955e-12.

Computing volumes of the grid elements.
Non-linear iter.: 334/500. Linear iter.: 4. Min. area: 0.000149042. Error: 5.9955e-12.
Computing volumes of the grid elements.
Min. volume: 0.000149042, max. volume: 36.4775.

# FGMRES residual history
# Residual tolerance target = 1e-10
# Initial residual norm     = 4.15022e-07
     0     1
# FGMRES final (true) residual:
# Iteration = 4: |res|/|res0| = 5.94725e-12.

Computing volumes of the grid elements.
Non-linear iter.: 335/500. Linear iter.: 4. Min. area: 0.000149038. Error: 5.94725e-12.
Computing volumes of the grid elements.
Min. volume: 0.000149038, max. volume: 36.4783.

# FGMRES residual history
# Residual tolerance target = 1e-10
# Initial residual norm     = 4.18625e-07
     0     1
# FGMRES final (true) residual:
# Iteration = 4: |res|/|res0| = 5.8994e-12.

Computing volumes of the grid elements.
Non-linear iter.: 336/500. Linear iter.: 4. Min. area: 0.000149034. Error: 5.8994e-12.
Computing volumes of the grid elements.
Min. volume: 0.000149034, max. volume: 36.479.

# FGMRES residual history
# Residual tolerance target = 1e-10
# Initial residual norm     = 4.22262e-07
     0     1
# FGMRES final (true) residual:
# Iteration = 4: |res|/|res0| = 5.85196e-12.

Computing volumes of the grid elements.
Non-linear iter.: 337/500. Linear iter.: 4. Min. area: 0.000149031. Error: 5.85196e-12.
Computing volumes of the grid elements.
Min. volume: 0.000149031, max. volume: 36.4798.

# FGMRES residual history
# Residual tolerance target = 1e-10
# Initial residual norm     = 4.25934e-07
     0     1
# FGMRES final (true) residual:
# Iteration = 4: |res|/|res0| = 5.80493e-12.

Computing volumes of the grid elements.
Non-linear iter.: 338/500. Linear iter.: 4. Min. area: 0.000149027. Error: 5.80493e-12.
Computing volumes of the grid elements.
Min. volume: 0.000149027, max. volume: 36.4806.

# FGMRES residual history
# Residual tolerance target = 1e-10
# Initial residual norm     = 4.2964e-07
     0     1
# FGMRES final (true) residual:
# Iteration = 4: |res|/|res0| = 5.75829e-12.

Computing volumes of the grid elements.
Non-linear iter.: 339/500. Linear iter.: 4. Min. area: 0.000149023. Error: 5.75829e-12.
Computing volumes of the grid elements.
Min. volume: 0.000149023, max. volume: 36.4814.

# FGMRES residual history
# Residual tolerance target = 1e-10
# Initial residual norm     = 4.33382e-07
     0     1
# FGMRES final (true) residual:
# Iteration = 4: |res|/|res0| = 5.71206e-12.

Computing volumes of the grid elements.
Non-linear iter.: 340/500. Linear iter.: 4. Min. area: 0.000149019. Error: 5.71206e-12.
Computing volumes of the grid elements.
Min. volume: 0.000149019, max. volume: 36.4822.

# FGMRES residual history
# Residual tolerance target = 1e-10
# Initial residual norm     = 4.37159e-07
     0     1
# FGMRES final (true) residual:
# Iteration = 4: |res|/|res0| = 5.66622e-12.

Computing volumes of the grid elements.
Non-linear iter.: 341/500. Linear iter.: 4. Min. area: 0.000149016. Error: 5.66622e-12.
Computing volumes of the grid elements.
Min. volume: 0.000149016, max. volume: 36.483.

# FGMRES residual history
# Residual tolerance target = 1e-10
# Initial residual norm     = 4.40973e-07
     0     1
# FGMRES final (true) residual:
# Iteration = 4: |res|/|res0| = 5.62077e-12.

Computing volumes of the grid elements.
Non-linear iter.: 342/500. Linear iter.: 4. Min. area: 0.000149012. Error: 5.62077e-12.
Computing volumes of the grid elements.
Min. volume: 0.000149012, max. volume: 36.4838.

# FGMRES residual history
# Residual tolerance target = 1e-10
# Initial residual norm     = 4.44822e-07
     0     1
# FGMRES final (true) residual:
# Iteration = 4: |res|/|res0| = 5.57572e-12.

Computing volumes of the grid elements.
Non-linear iter.: 343/500. Linear iter.: 4. Min. area: 0.000149008. Error: 5.57572e-12.
Computing volumes of the grid elements.
Min. volume: 0.000149008, max. volume: 36.4846.

# FGMRES residual history
# Residual tolerance target = 1e-10
# Initial residual norm     = 4.48708e-07
     0     1
# FGMRES final (true) residual:
# Iteration = 4: |res|/|res0| = 5.53106e-12.

Computing volumes of the grid elements.
Non-linear iter.: 344/500. Linear iter.: 4. Min. area: 0.000149004. Error: 5.53106e-12.
Computing volumes of the grid elements.
Min. volume: 0.000149004, max. volume: 36.4854.

# FGMRES residual history
# Residual tolerance target = 1e-10
# Initial residual norm     = 4.52631e-07
     0     1
# FGMRES final (true) residual:
# Iteration = 4: |res|/|res0| = 5.48678e-12.

Computing volumes of the grid elements.
Non-linear iter.: 345/500. Linear iter.: 4. Min. area: 0.000149001. Error: 5.48678e-12.
Computing volumes of the grid elements.
Min. volume: 0.000149001, max. volume: 36.4862.

# FGMRES residual history
# Residual tolerance target = 1e-10
# Initial residual norm     = 4.56591e-07
     0     1
# FGMRES final (true) residual:
# Iteration = 4: |res|/|res0| = 5.44289e-12.

Computing volumes of the grid elements.
Non-linear iter.: 346/500. Linear iter.: 4. Min. area: 0.000148997. Error: 5.44289e-12.
Computing volumes of the grid elements.
Min. volume: 0.000148997, max. volume: 36.487.

# FGMRES residual history
# Residual tolerance target = 1e-10
# Initial residual norm     = 4.60589e-07
     0     1
# FGMRES final (true) residual:
# Iteration = 4: |res|/|res0| = 5.39939e-12.

Computing volumes of the grid elements.
Non-linear iter.: 347/500. Linear iter.: 4. Min. area: 0.000148993. Error: 5.39939e-12.
Computing volumes of the grid elements.
Min. volume: 0.000148993, max. volume: 36.4879.

# FGMRES residual history
# Residual tolerance target = 1e-10
# Initial residual norm     = 4.64625e-07
     0     1
# FGMRES final (true) residual:
# Iteration = 4: |res|/|res0| = 5.35626e-12.

Computing volumes of the grid elements.
Non-linear iter.: 348/500. Linear iter.: 4. Min. area: 0.000148989. Error: 5.35626e-12.
Computing volumes of the grid elements.
Min. volume: 0.000148989, max. volume: 36.4887.

# FGMRES residual history
# Residual tolerance target = 1e-10
# Initial residual norm     = 4.687e-07
     0     1
# FGMRES final (true) residual:
# Iteration = 4: |res|/|res0| = 5.31352e-12.

Computing volumes of the grid elements.
Non-linear iter.: 349/500. Linear iter.: 4. Min. area: 0.000148986. Error: 5.31352e-12.
Computing volumes of the grid elements.
Min. volume: 0.000148986, max. volume: 36.4896.

# FGMRES residual history
# Residual tolerance target = 1e-10
# Initial residual norm     = 4.72813e-07
     0     1
# FGMRES final (true) residual:
# Iteration = 4: |res|/|res0| = 5.27115e-12.

Computing volumes of the grid elements.
Non-linear iter.: 350/500. Linear iter.: 4. Min. area: 0.000148982. Error: 5.27115e-12.
Computing volumes of the grid elements.
Min. volume: 0.000148982, max. volume: 36.4904.

# FGMRES residual history
# Residual tolerance target = 1e-10
# Initial residual norm     = 4.76966e-07
     0     1
# FGMRES final (true) residual:
# Iteration = 4: |res|/|res0| = 5.22915e-12.

Computing volumes of the grid elements.
Non-linear iter.: 351/500. Linear iter.: 4. Min. area: 0.000148978. Error: 5.22915e-12.
Computing volumes of the grid elements.
Min. volume: 0.000148978, max. volume: 36.4913.

# FGMRES residual history
# Residual tolerance target = 1e-10
# Initial residual norm     = 4.81158e-07
     0     1
# FGMRES final (true) residual:
# Iteration = 4: |res|/|res0| = 5.18753e-12.

Computing volumes of the grid elements.
Non-linear iter.: 352/500. Linear iter.: 4. Min. area: 0.000148974. Error: 5.18753e-12.
Computing volumes of the grid elements.
Min. volume: 0.000148974, max. volume: 36.4922.

# FGMRES residual history
# Residual tolerance target = 1e-10
# Initial residual norm     = 4.8539e-07
     0     1
# FGMRES final (true) residual:
# Iteration = 4: |res|/|res0| = 5.14628e-12.

Computing volumes of the grid elements.
Non-linear iter.: 353/500. Linear iter.: 4. Min. area: 0.000148971. Error: 5.14628e-12.
Computing volumes of the grid elements.
Min. volume: 0.000148971, max. volume: 36.4931.

# FGMRES residual history
# Residual tolerance target = 1e-10
# Initial residual norm     = 4.89663e-07
     0     1
# FGMRES final (true) residual:
# Iteration = 4: |res|/|res0| = 5.1054e-12.

Computing volumes of the grid elements.
Non-linear iter.: 354/500. Linear iter.: 4. Min. area: 0.000148967. Error: 5.1054e-12.
Computing volumes of the grid elements.
Min. volume: 0.000148967, max. volume: 36.4939.

# FGMRES residual history
# Residual tolerance target = 1e-10
# Initial residual norm     = 4.93976e-07
     0     1
# FGMRES final (true) residual:
# Iteration = 4: |res|/|res0| = 5.06488e-12.

Computing volumes of the grid elements.
Non-linear iter.: 355/500. Linear iter.: 4. Min. area: 0.000148963. Error: 5.06488e-12.
Computing volumes of the grid elements.
Min. volume: 0.000148963, max. volume: 36.4948.

# FGMRES residual history
# Residual tolerance target = 1e-10
# Initial residual norm     = 4.98331e-07
     0     1
# FGMRES final (true) residual:
# Iteration = 4: |res|/|res0| = 5.02472e-12.

Computing volumes of the grid elements.
Non-linear iter.: 356/500. Linear iter.: 4. Min. area: 0.000148959. Error: 5.02472e-12.
Computing volumes of the grid elements.
Min. volume: 0.000148959, max. volume: 36.4957.

# FGMRES residual history
# Residual tolerance target = 1e-10
# Initial residual norm     = 5.02727e-07
     0     1
# FGMRES final (true) residual:
# Iteration = 4: |res|/|res0| = 4.98493e-12.

Computing volumes of the grid elements.
Non-linear iter.: 357/500. Linear iter.: 4. Min. area: 0.000148956. Error: 4.98493e-12.
Computing volumes of the grid elements.
Min. volume: 0.000148956, max. volume: 36.4967.

# FGMRES residual history
# Residual tolerance target = 1e-10
# Initial residual norm     = 5.07165e-07
     0     1
# FGMRES final (true) residual:
# Iteration = 4: |res|/|res0| = 4.94549e-12.

Computing volumes of the grid elements.
Non-linear iter.: 358/500. Linear iter.: 4. Min. area: 0.000148952. Error: 4.94549e-12.
Computing volumes of the grid elements.
Min. volume: 0.000148952, max. volume: 36.4976.

# FGMRES residual history
# Residual tolerance target = 1e-10
# Initial residual norm     = 5.11645e-07
     0     1
# FGMRES final (true) residual:
# Iteration = 4: |res|/|res0| = 4.90641e-12.

Computing volumes of the grid elements.
Non-linear iter.: 359/500. Linear iter.: 4. Min. area: 0.000148948. Error: 4.90641e-12.
Computing volumes of the grid elements.
Min. volume: 0.000148948, max. volume: 36.4985.

# FGMRES residual history
# Residual tolerance target = 1e-10
# Initial residual norm     = 5.16169e-07
     0     1
# FGMRES final (true) residual:
# Iteration = 4: |res|/|res0| = 4.86769e-12.

Computing volumes of the grid elements.
Non-linear iter.: 360/500. Linear iter.: 4. Min. area: 0.000148944. Error: 4.86769e-12.
Computing volumes of the grid elements.
Min. volume: 0.000148944, max. volume: 36.4994.

# FGMRES residual history
# Residual tolerance target = 1e-10
# Initial residual norm     = 5.20736e-07
     0     1
# FGMRES final (true) residual:
# Iteration = 4: |res|/|res0| = 4.82932e-12.

Computing volumes of the grid elements.
Non-linear iter.: 361/500. Linear iter.: 4. Min. area: 0.000148941. Error: 4.82932e-12.
Computing volumes of the grid elements.
Min. volume: 0.000148941, max. volume: 36.5004.

# FGMRES residual history
# Residual tolerance target = 1e-10
# Initial residual norm     = 5.25346e-07
     0     1
# FGMRES final (true) residual:
# Iteration = 4: |res|/|res0| = 4.7913e-12.

Computing volumes of the grid elements.
Non-linear iter.: 362/500. Linear iter.: 4. Min. area: 0.000148937. Error: 4.7913e-12.
Computing volumes of the grid elements.
Min. volume: 0.000148937, max. volume: 36.5013.

# FGMRES residual history
# Residual tolerance target = 1e-10
# Initial residual norm     = 5.3e-07
     0     1
# FGMRES final (true) residual:
# Iteration = 4: |res|/|res0| = 4.75363e-12.

Computing volumes of the grid elements.
Non-linear iter.: 363/500. Linear iter.: 4. Min. area: 0.000148933. Error: 4.75363e-12.
Computing volumes of the grid elements.
Min. volume: 0.000148933, max. volume: 36.5023.

# FGMRES residual history
# Residual tolerance target = 1e-10
# Initial residual norm     = 5.34699e-07
     0     1
# FGMRES final (true) residual:
# Iteration = 4: |res|/|res0| = 4.7163e-12.

Computing volumes of the grid elements.
Non-linear iter.: 364/500. Linear iter.: 4. Min. area: 0.00014893. Error: 4.7163e-12.
Computing volumes of the grid elements.
Min. volume: 0.00014893, max. volume: 36.5033.

# FGMRES residual history
# Residual tolerance target = 1e-10
# Initial residual norm     = 5.39443e-07
     0     1
# FGMRES final (true) residual:
# Iteration = 4: |res|/|res0| = 4.67932e-12.

Computing volumes of the grid elements.
Non-linear iter.: 365/500. Linear iter.: 4. Min. area: 0.000148926. Error: 4.67932e-12.
Computing volumes of the grid elements.
Min. volume: 0.000148926, max. volume: 36.5042.

# FGMRES residual history
# Residual tolerance target = 1e-10
# Initial residual norm     = 5.44232e-07
     0     1
# FGMRES final (true) residual:
# Iteration = 4: |res|/|res0| = 4.64268e-12.

Computing volumes of the grid elements.
Non-linear iter.: 366/500. Linear iter.: 4. Min. area: 0.000148922. Error: 4.64268e-12.
Computing volumes of the grid elements.
Min. volume: 0.000148922, max. volume: 36.5052.

# FGMRES residual history
# Residual tolerance target = 1e-10
# Initial residual norm     = 5.49067e-07
     0     1
# FGMRES final (true) residual:
# Iteration = 4: |res|/|res0| = 4.60638e-12.

Computing volumes of the grid elements.
Non-linear iter.: 367/500. Linear iter.: 4. Min. area: 0.000148918. Error: 4.60638e-12.
Computing volumes of the grid elements.
Min. volume: 0.000148918, max. volume: 36.5062.

# FGMRES residual history
# Residual tolerance target = 1e-10
# Initial residual norm     = 5.53948e-07
     0     1
# FGMRES final (true) residual:
# Iteration = 4: |res|/|res0| = 4.57042e-12.

Computing volumes of the grid elements.
Non-linear iter.: 368/500. Linear iter.: 4. Min. area: 0.000148915. Error: 4.57042e-12.
Computing volumes of the grid elements.
Min. volume: 0.000148915, max. volume: 36.5072.

# FGMRES residual history
# Residual tolerance target = 1e-10
# Initial residual norm     = 5.58876e-07
     0     1
# FGMRES final (true) residual:
# Iteration = 4: |res|/|res0| = 4.53479e-12.

Computing volumes of the grid elements.
Non-linear iter.: 369/500. Linear iter.: 4. Min. area: 0.000148911. Error: 4.53479e-12.
Computing volumes of the grid elements.
Min. volume: 0.000148911, max. volume: 36.5082.

# FGMRES residual history
# Residual tolerance target = 1e-10
# Initial residual norm     = 5.63851e-07
     0     1
# FGMRES final (true) residual:
# Iteration = 4: |res|/|res0| = 4.49949e-12.

Computing volumes of the grid elements.
Non-linear iter.: 370/500. Linear iter.: 4. Min. area: 0.000148907. Error: 4.49949e-12.
Computing volumes of the grid elements.
Min. volume: 0.000148907, max. volume: 36.5092.

# FGMRES residual history
# Residual tolerance target = 1e-10
# Initial residual norm     = 5.68874e-07
     0     1
# FGMRES final (true) residual:
# Iteration = 4: |res|/|res0| = 4.46453e-12.

Computing volumes of the grid elements.
Non-linear iter.: 371/500. Linear iter.: 4. Min. area: 0.000148903. Error: 4.46453e-12.
Computing volumes of the grid elements.
Min. volume: 0.000148903, max. volume: 36.5103.

# FGMRES residual history
# Residual tolerance target = 1e-10
# Initial residual norm     = 5.73944e-07
     0     1
# FGMRES final (true) residual:
# Iteration = 4: |res|/|res0| = 4.42989e-12.

Computing volumes of the grid elements.
Non-linear iter.: 372/500. Linear iter.: 4. Min. area: 0.0001489. Error: 4.42989e-12.
Computing volumes of the grid elements.
Min. volume: 0.0001489, max. volume: 36.5113.

# FGMRES residual history
# Residual tolerance target = 1e-10
# Initial residual norm     = 5.79064e-07
     0     1
# FGMRES final (true) residual:
# Iteration = 4: |res|/|res0| = 4.39559e-12.

Computing volumes of the grid elements.
Non-linear iter.: 373/500. Linear iter.: 4. Min. area: 0.000148896. Error: 4.39559e-12.
Computing volumes of the grid elements.
Min. volume: 0.000148896, max. volume: 36.5123.

# FGMRES residual history
# Residual tolerance target = 1e-10
# Initial residual norm     = 5.84232e-07
     0     1
# FGMRES final (true) residual:
# Iteration = 4: |res|/|res0| = 4.3616e-12.

Computing volumes of the grid elements.
Non-linear iter.: 374/500. Linear iter.: 4. Min. area: 0.000148892. Error: 4.3616e-12.
Computing volumes of the grid elements.
Min. volume: 0.000148892, max. volume: 36.5134.

# FGMRES residual history
# Residual tolerance target = 1e-10
# Initial residual norm     = 5.89449e-07
     0     1
# FGMRES final (true) residual:
# Iteration = 4: |res|/|res0| = 4.32794e-12.

Computing volumes of the grid elements.
Non-linear iter.: 375/500. Linear iter.: 4. Min. area: 0.000148889. Error: 4.32794e-12.
Computing volumes of the grid elements.
Min. volume: 0.000148889, max. volume: 36.5144.

# FGMRES residual history
# Residual tolerance target = 1e-10
# Initial residual norm     = 5.94716e-07
     0     1
# FGMRES final (true) residual:
# Iteration = 4: |res|/|res0| = 4.2946e-12.

Computing volumes of the grid elements.
Non-linear iter.: 376/500. Linear iter.: 4. Min. area: 0.000148885. Error: 4.2946e-12.
Computing volumes of the grid elements.
Min. volume: 0.000148885, max. volume: 36.5155.

# FGMRES residual history
# Residual tolerance target = 1e-10
# Initial residual norm     = 6.00034e-07
     0     1
# FGMRES final (true) residual:
# Iteration = 4: |res|/|res0| = 4.26158e-12.

Computing volumes of the grid elements.
Non-linear iter.: 377/500. Linear iter.: 4. Min. area: 0.000148881. Error: 4.26158e-12.
Computing volumes of the grid elements.
Min. volume: 0.000148881, max. volume: 36.5166.

# FGMRES residual history
# Residual tolerance target = 1e-10
# Initial residual norm     = 6.05403e-07
     0     1
# FGMRES final (true) residual:
# Iteration = 4: |res|/|res0| = 4.22887e-12.

Computing volumes of the grid elements.
Non-linear iter.: 378/500. Linear iter.: 4. Min. area: 0.000148877. Error: 4.22887e-12.
Computing volumes of the grid elements.
Min. volume: 0.000148877, max. volume: 36.5177.

# FGMRES residual history
# Residual tolerance target = 1e-10
# Initial residual norm     = 6.10822e-07
     0     1
# FGMRES final (true) residual:
# Iteration = 4: |res|/|res0| = 4.19647e-12.

Computing volumes of the grid elements.
Non-linear iter.: 379/500. Linear iter.: 4. Min. area: 0.000148874. Error: 4.19647e-12.
Computing volumes of the grid elements.
Min. volume: 0.000148874, max. volume: 36.5188.

# FGMRES residual history
# Residual tolerance target = 1e-10
# Initial residual norm     = 6.16294e-07
     0     1
# FGMRES final (true) residual:
# Iteration = 4: |res|/|res0| = 4.16439e-12.

Computing volumes of the grid elements.
Non-linear iter.: 380/500. Linear iter.: 4. Min. area: 0.00014887. Error: 4.16439e-12.
Computing volumes of the grid elements.
Min. volume: 0.00014887, max. volume: 36.5199.

# FGMRES residual history
# Residual tolerance target = 1e-10
# Initial residual norm     = 6.21818e-07
     0     1
# FGMRES final (true) residual:
# Iteration = 4: |res|/|res0| = 4.13262e-12.

Computing volumes of the grid elements.
Non-linear iter.: 381/500. Linear iter.: 4. Min. area: 0.000148866. Error: 4.13262e-12.
Computing volumes of the grid elements.
Min. volume: 0.000148866, max. volume: 36.521.

# FGMRES residual history
# Residual tolerance target = 1e-10
# Initial residual norm     = 6.27394e-07
     0     1
# FGMRES final (true) residual:
# Iteration = 4: |res|/|res0| = 4.10116e-12.

Computing volumes of the grid elements.
Non-linear iter.: 382/500. Linear iter.: 4. Min. area: 0.000148862. Error: 4.10116e-12.
Computing volumes of the grid elements.
Min. volume: 0.000148862, max. volume: 36.5221.

# FGMRES residual history
# Residual tolerance target = 1e-10
# Initial residual norm     = 6.33024e-07
     0     1
# FGMRES final (true) residual:
# Iteration = 4: |res|/|res0| = 4.07e-12.

Computing volumes of the grid elements.
Non-linear iter.: 383/500. Linear iter.: 4. Min. area: 0.000148859. Error: 4.07e-12.
Computing volumes of the grid elements.
Min. volume: 0.000148859, max. volume: 36.5232.

# FGMRES residual history
# Residual tolerance target = 1e-10
# Initial residual norm     = 6.38707e-07
     0     1
# FGMRES final (true) residual:
# Iteration = 4: |res|/|res0| = 4.03914e-12.

Computing volumes of the grid elements.
Non-linear iter.: 384/500. Linear iter.: 4. Min. area: 0.000148855. Error: 4.03914e-12.
Computing volumes of the grid elements.
Min. volume: 0.000148855, max. volume: 36.5244.

# FGMRES residual history
# Residual tolerance target = 1e-10
# Initial residual norm     = 6.44444e-07
     0     1
# FGMRES final (true) residual:
# Iteration = 4: |res|/|res0| = 4.00858e-12.

Computing volumes of the grid elements.
Non-linear iter.: 385/500. Linear iter.: 4. Min. area: 0.000148851. Error: 4.00858e-12.
Computing volumes of the grid elements.
Min. volume: 0.000148851, max. volume: 36.5255.

# FGMRES residual history
# Residual tolerance target = 1e-10
# Initial residual norm     = 6.50237e-07
     0     1
# FGMRES final (true) residual:
# Iteration = 4: |res|/|res0| = 3.97833e-12.

Computing volumes of the grid elements.
Non-linear iter.: 386/500. Linear iter.: 4. Min. area: 0.000148848. Error: 3.97833e-12.
Computing volumes of the grid elements.
Min. volume: 0.000148848, max. volume: 36.5267.

# FGMRES residual history
# Residual tolerance target = 1e-10
# Initial residual norm     = 6.56084e-07
     0     1
# FGMRES final (true) residual:
# Iteration = 4: |res|/|res0| = 3.94837e-12.

Computing volumes of the grid elements.
Non-linear iter.: 387/500. Linear iter.: 4. Min. area: 0.000148844. Error: 3.94837e-12.
Computing volumes of the grid elements.
Min. volume: 0.000148844, max. volume: 36.5278.

# FGMRES residual history
# Residual tolerance target = 1e-10
# Initial residual norm     = 6.61987e-07
     0     1
# FGMRES final (true) residual:
# Iteration = 4: |res|/|res0| = 3.9187e-12.

Computing volumes of the grid elements.
Non-linear iter.: 388/500. Linear iter.: 4. Min. area: 0.00014884. Error: 3.9187e-12.
Computing volumes of the grid elements.
Min. volume: 0.00014884, max. volume: 36.529.

# FGMRES residual history
# Residual tolerance target = 1e-10
# Initial residual norm     = 6.67946e-07
     0     1
# FGMRES final (true) residual:
# Iteration = 4: |res|/|res0| = 3.88933e-12.

Computing volumes of the grid elements.
Non-linear iter.: 389/500. Linear iter.: 4. Min. area: 0.000148837. Error: 3.88933e-12.
Computing volumes of the grid elements.
Min. volume: 0.000148837, max. volume: 36.5302.

# FGMRES residual history
# Residual tolerance target = 1e-10
# Initial residual norm     = 6.73961e-07
     0     1
# FGMRES final (true) residual:
# Iteration = 4: |res|/|res0| = 3.86024e-12.

Computing volumes of the grid elements.
Non-linear iter.: 390/500. Linear iter.: 4. Min. area: 0.000148833. Error: 3.86024e-12.
Computing volumes of the grid elements.
Min. volume: 0.000148833, max. volume: 36.5314.

# FGMRES residual history
# Residual tolerance target = 1e-10
# Initial residual norm     = 6.80034e-07
     0     1
# FGMRES final (true) residual:
# Iteration = 4: |res|/|res0| = 3.83145e-12.

Computing volumes of the grid elements.
Non-linear iter.: 391/500. Linear iter.: 4. Min. area: 0.000148829. Error: 3.83145e-12.
Computing volumes of the grid elements.
Min. volume: 0.000148829, max. volume: 36.5326.

# FGMRES residual history
# Residual tolerance target = 1e-10
# Initial residual norm     = 6.86165e-07
     0     1
# FGMRES final (true) residual:
# Iteration = 4: |res|/|res0| = 3.80294e-12.

Computing volumes of the grid elements.
Non-linear iter.: 392/500. Linear iter.: 4. Min. area: 0.000148825. Error: 3.80294e-12.
Computing volumes of the grid elements.
Min. volume: 0.000148825, max. volume: 36.5338.

# FGMRES residual history
# Residual tolerance target = 1e-10
# Initial residual norm     = 6.92354e-07
     0     1
# FGMRES final (true) residual:
# Iteration = 4: |res|/|res0| = 3.77471e-12.

Computing volumes of the grid elements.
Non-linear iter.: 393/500. Linear iter.: 4. Min. area: 0.000148822. Error: 3.77471e-12.
Computing volumes of the grid elements.
Min. volume: 0.000148822, max. volume: 36.535.

# FGMRES residual history
# Residual tolerance target = 1e-10
# Initial residual norm     = 6.98601e-07
     0     1
# FGMRES final (true) residual:
# Iteration = 4: |res|/|res0| = 3.74677e-12.

Computing volumes of the grid elements.
Non-linear iter.: 394/500. Linear iter.: 4. Min. area: 0.000148818. Error: 3.74677e-12.
Computing volumes of the grid elements.
Min. volume: 0.000148818, max. volume: 36.5362.

# FGMRES residual history
# Residual tolerance target = 1e-10
# Initial residual norm     = 7.04907e-07
     0     1
# FGMRES final (true) residual:
# Iteration = 4: |res|/|res0| = 3.7191e-12.

Computing volumes of the grid elements.
Non-linear iter.: 395/500. Linear iter.: 4. Min. area: 0.000148814. Error: 3.7191e-12.
Computing volumes of the grid elements.
Min. volume: 0.000148814, max. volume: 36.5375.

# FGMRES residual history
# Residual tolerance target = 1e-10
# Initial residual norm     = 7.11274e-07
     0     1
# FGMRES final (true) residual:
# Iteration = 4: |res|/|res0| = 3.69171e-12.

Computing volumes of the grid elements.
Non-linear iter.: 396/500. Linear iter.: 4. Min. area: 0.000148811. Error: 3.69171e-12.
Computing volumes of the grid elements.
Min. volume: 0.000148811, max. volume: 36.5387.

# FGMRES residual history
# Residual tolerance target = 1e-10
# Initial residual norm     = 7.177e-07
     0     1
# FGMRES final (true) residual:
# Iteration = 4: |res|/|res0| = 3.6646e-12.

Computing volumes of the grid elements.
Non-linear iter.: 397/500. Linear iter.: 4. Min. area: 0.000148807. Error: 3.6646e-12.
Computing volumes of the grid elements.
Min. volume: 0.000148807, max. volume: 36.54.

# FGMRES residual history
# Residual tolerance target = 1e-10
# Initial residual norm     = 7.24187e-07
     0     1
# FGMRES final (true) residual:
# Iteration = 4: |res|/|res0| = 3.63776e-12.

Computing volumes of the grid elements.
Non-linear iter.: 398/500. Linear iter.: 4. Min. area: 0.000148803. Error: 3.63776e-12.
Computing volumes of the grid elements.
Min. volume: 0.000148803, max. volume: 36.5413.

# FGMRES residual history
# Residual tolerance target = 1e-10
# Initial residual norm     = 7.30736e-07
     0     1
# FGMRES final (true) residual:
# Iteration = 4: |res|/|res0| = 3.61119e-12.

Computing volumes of the grid elements.
Non-linear iter.: 399/500. Linear iter.: 4. Min. area: 0.000148799. Error: 3.61119e-12.
Computing volumes of the grid elements.
Min. volume: 0.000148799, max. volume: 36.5425.

# FGMRES residual history
# Residual tolerance target = 1e-10
# Initial residual norm     = 7.37346e-07
     0     1
# FGMRES final (true) residual:
# Iteration = 4: |res|/|res0| = 3.58489e-12.

Computing volumes of the grid elements.
Non-linear iter.: 400/500. Linear iter.: 4. Min. area: 0.000148796. Error: 3.58489e-12.
Computing volumes of the grid elements.
Min. volume: 0.000148796, max. volume: 36.5438.

# FGMRES residual history
# Residual tolerance target = 1e-10
# Initial residual norm     = 7.44019e-07
     0     1
# FGMRES final (true) residual:
# Iteration = 4: |res|/|res0| = 3.55886e-12.

Computing volumes of the grid elements.
Non-linear iter.: 401/500. Linear iter.: 4. Min. area: 0.000148792. Error: 3.55886e-12.
Computing volumes of the grid elements.
Min. volume: 0.000148792, max. volume: 36.5451.

# FGMRES residual history
# Residual tolerance target = 1e-10
# Initial residual norm     = 7.50754e-07
     0     1
# FGMRES final (true) residual:
# Iteration = 4: |res|/|res0| = 3.53309e-12.

Computing volumes of the grid elements.
Non-linear iter.: 402/500. Linear iter.: 4. Min. area: 0.000148788. Error: 3.53309e-12.
Computing volumes of the grid elements.
Min. volume: 0.000148788, max. volume: 36.5464.

# FGMRES residual history
# Residual tolerance target = 1e-10
# Initial residual norm     = 7.57553e-07
     0     1
# FGMRES final (true) residual:
# Iteration = 4: |res|/|res0| = 3.50758e-12.

Computing volumes of the grid elements.
Non-linear iter.: 403/500. Linear iter.: 4. Min. area: 0.000148785. Error: 3.50758e-12.
Computing volumes of the grid elements.
Min. volume: 0.000148785, max. volume: 36.5478.

# FGMRES residual history
# Residual tolerance target = 1e-10
# Initial residual norm     = 7.64415e-07
     0     1
# FGMRES final (true) residual:
# Iteration = 4: |res|/|res0| = 3.48234e-12.

Computing volumes of the grid elements.
Non-linear iter.: 404/500. Linear iter.: 4. Min. area: 0.000148781. Error: 3.48234e-12.
Computing volumes of the grid elements.
Min. volume: 0.000148781, max. volume: 36.5491.

# FGMRES residual history
# Residual tolerance target = 1e-10
# Initial residual norm     = 7.71342e-07
     0     1
# FGMRES final (true) residual:
# Iteration = 4: |res|/|res0| = 3.45735e-12.

Computing volumes of the grid elements.
Non-linear iter.: 405/500. Linear iter.: 4. Min. area: 0.000148777. Error: 3.45735e-12.
Computing volumes of the grid elements.
Min. volume: 0.000148777, max. volume: 36.5504.

# FGMRES residual history
# Residual tolerance target = 1e-10
# Initial residual norm     = 7.78334e-07
     0     1
# FGMRES final (true) residual:
# Iteration = 4: |res|/|res0| = 3.43261e-12.

Computing volumes of the grid elements.
Non-linear iter.: 406/500. Linear iter.: 4. Min. area: 0.000148774. Error: 3.43261e-12.
Computing volumes of the grid elements.
Min. volume: 0.000148774, max. volume: 36.5518.

# FGMRES residual history
# Residual tolerance target = 1e-10
# Initial residual norm     = 7.85392e-07
     0     1
# FGMRES final (true) residual:
# Iteration = 4: |res|/|res0| = 3.40813e-12.

Computing volumes of the grid elements.
Non-linear iter.: 407/500. Linear iter.: 4. Min. area: 0.00014877. Error: 3.40813e-12.
Computing volumes of the grid elements.
Min. volume: 0.00014877, max. volume: 36.5532.

# FGMRES residual history
# Residual tolerance target = 1e-10
# Initial residual norm     = 7.92515e-07
     0     1
# FGMRES final (true) residual:
# Iteration = 4: |res|/|res0| = 3.3839e-12.

Computing volumes of the grid elements.
Non-linear iter.: 408/500. Linear iter.: 4. Min. area: 0.000148766. Error: 3.3839e-12.
Computing volumes of the grid elements.
Min. volume: 0.000148766, max. volume: 36.5545.

# FGMRES residual history
# Residual tolerance target = 1e-10
# Initial residual norm     = 7.99705e-07
     0     1
# FGMRES final (true) residual:
# Iteration = 4: |res|/|res0| = 3.35992e-12.

Computing volumes of the grid elements.
Non-linear iter.: 409/500. Linear iter.: 4. Min. area: 0.000148762. Error: 3.35992e-12.
Computing volumes of the grid elements.
Min. volume: 0.000148762, max. volume: 36.5559.

# FGMRES residual history
# Residual tolerance target = 1e-10
# Initial residual norm     = 8.06962e-07
     0     1
# FGMRES final (true) residual:
# Iteration = 4: |res|/|res0| = 3.33619e-12.

Computing volumes of the grid elements.
Non-linear iter.: 410/500. Linear iter.: 4. Min. area: 0.000148759. Error: 3.33619e-12.
Computing volumes of the grid elements.
Min. volume: 0.000148759, max. volume: 36.5573.

# FGMRES residual history
# Residual tolerance target = 1e-10
# Initial residual norm     = 8.14287e-07
     0     1
# FGMRES final (true) residual:
# Iteration = 4: |res|/|res0| = 3.3127e-12.

Computing volumes of the grid elements.
Non-linear iter.: 411/500. Linear iter.: 4. Min. area: 0.000148755. Error: 3.3127e-12.
Computing volumes of the grid elements.
Min. volume: 0.000148755, max. volume: 36.5587.

# FGMRES residual history
# Residual tolerance target = 1e-10
# Initial residual norm     = 8.21679e-07
     0     1
# FGMRES final (true) residual:
# Iteration = 4: |res|/|res0| = 3.28945e-12.

Computing volumes of the grid elements.
Non-linear iter.: 412/500. Linear iter.: 4. Min. area: 0.000148751. Error: 3.28945e-12.
Computing volumes of the grid elements.
Min. volume: 0.000148751, max. volume: 36.5601.

# FGMRES residual history
# Residual tolerance target = 1e-10
# Initial residual norm     = 8.29141e-07
     0     1
# FGMRES final (true) residual:
# Iteration = 4: |res|/|res0| = 3.26645e-12.

Computing volumes of the grid elements.
Non-linear iter.: 413/500. Linear iter.: 4. Min. area: 0.000148748. Error: 3.26645e-12.
Computing volumes of the grid elements.
Min. volume: 0.000148748, max. volume: 36.5615.

# FGMRES residual history
# Residual tolerance target = 1e-10
# Initial residual norm     = 8.36672e-07
     0     1
# FGMRES final (true) residual:
# Iteration = 4: |res|/|res0| = 3.24368e-12.

Computing volumes of the grid elements.
Non-linear iter.: 414/500. Linear iter.: 4. Min. area: 0.000148744. Error: 3.24368e-12.
Computing volumes of the grid elements.
Min. volume: 0.000148744, max. volume: 36.563.

# FGMRES residual history
# Residual tolerance target = 1e-10
# Initial residual norm     = 8.44272e-07
     0     1
# FGMRES final (true) residual:
# Iteration = 4: |res|/|res0| = 3.22115e-12.

Computing volumes of the grid elements.
Non-linear iter.: 415/500. Linear iter.: 4. Min. area: 0.00014874. Error: 3.22115e-12.
Computing volumes of the grid elements.
Min. volume: 0.00014874, max. volume: 36.5644.

# FGMRES residual history
# Residual tolerance target = 1e-10
# Initial residual norm     = 8.51943e-07
     0     1
# FGMRES final (true) residual:
# Iteration = 4: |res|/|res0| = 3.19885e-12.

Computing volumes of the grid elements.
Non-linear iter.: 416/500. Linear iter.: 4. Min. area: 0.000148737. Error: 3.19885e-12.
Computing volumes of the grid elements.
Min. volume: 0.000148737, max. volume: 36.5659.

# FGMRES residual history
# Residual tolerance target = 1e-10
# Initial residual norm     = 8.59684e-07
     0     1
# FGMRES final (true) residual:
# Iteration = 4: |res|/|res0| = 3.17678e-12.

Computing volumes of the grid elements.
Non-linear iter.: 417/500. Linear iter.: 4. Min. area: 0.000148733. Error: 3.17678e-12.
Computing volumes of the grid elements.
Min. volume: 0.000148733, max. volume: 36.5673.

# FGMRES residual history
# Residual tolerance target = 1e-10
# Initial residual norm     = 8.67497e-07
     0     1
# FGMRES final (true) residual:
# Iteration = 4: |res|/|res0| = 3.15494e-12.

Computing volumes of the grid elements.
Non-linear iter.: 418/500. Linear iter.: 4. Min. area: 0.000148729. Error: 3.15494e-12.
Computing volumes of the grid elements.
Min. volume: 0.000148729, max. volume: 36.5688.

# FGMRES residual history
# Residual tolerance target = 1e-10
# Initial residual norm     = 8.75382e-07
     0     1
# FGMRES final (true) residual:
# Iteration = 4: |res|/|res0| = 3.13333e-12.

Computing volumes of the grid elements.
Non-linear iter.: 419/500. Linear iter.: 4. Min. area: 0.000148726. Error: 3.13333e-12.
Computing volumes of the grid elements.
Min. volume: 0.000148726, max. volume: 36.5703.

# FGMRES residual history
# Residual tolerance target = 1e-10
# Initial residual norm     = 8.83339e-07
     0     1
# FGMRES final (true) residual:
# Iteration = 4: |res|/|res0| = 3.11195e-12.

Computing volumes of the grid elements.
Non-linear iter.: 420/500. Linear iter.: 4. Min. area: 0.000148722. Error: 3.11195e-12.
Computing volumes of the grid elements.
Min. volume: 0.000148722, max. volume: 36.5718.

# FGMRES residual history
# Residual tolerance target = 1e-10
# Initial residual norm     = 8.91369e-07
     0     1
# FGMRES final (true) residual:
# Iteration = 4: |res|/|res0| = 3.09079e-12.

Computing volumes of the grid elements.
Non-linear iter.: 421/500. Linear iter.: 4. Min. area: 0.000148718. Error: 3.09079e-12.
Computing volumes of the grid elements.
Min. volume: 0.000148718, max. volume: 36.5733.

# FGMRES residual history
# Residual tolerance target = 1e-10
# Initial residual norm     = 8.99473e-07
     0     1
# FGMRES final (true) residual:
# Iteration = 4: |res|/|res0| = 3.06984e-12.

Computing volumes of the grid elements.
Non-linear iter.: 422/500. Linear iter.: 4. Min. area: 0.000148715. Error: 3.06984e-12.
Computing volumes of the grid elements.
Min. volume: 0.000148715, max. volume: 36.5748.

# FGMRES residual history
# Residual tolerance target = 1e-10
# Initial residual norm     = 9.0765e-07
     0     1
# FGMRES final (true) residual:
# Iteration = 4: |res|/|res0| = 3.04912e-12.

Computing volumes of the grid elements.
Non-linear iter.: 423/500. Linear iter.: 4. Min. area: 0.000148711. Error: 3.04912e-12.
Computing volumes of the grid elements.
Min. volume: 0.000148711, max. volume: 36.5764.

# FGMRES residual history
# Residual tolerance target = 1e-10
# Initial residual norm     = 9.15902e-07
     0     1
# FGMRES final (true) residual:
# Iteration = 4: |res|/|res0| = 3.02861e-12.

Computing volumes of the grid elements.
Non-linear iter.: 424/500. Linear iter.: 4. Min. area: 0.000148707. Error: 3.02861e-12.
Computing volumes of the grid elements.
Min. volume: 0.000148707, max. volume: 36.5779.

# FGMRES residual history
# Residual tolerance target = 1e-10
# Initial residual norm     = 9.2423e-07
     0     1
# FGMRES final (true) residual:
# Iteration = 4: |res|/|res0| = 3.00832e-12.

Computing volumes of the grid elements.
Non-linear iter.: 425/500. Linear iter.: 4. Min. area: 0.000148704. Error: 3.00832e-12.
Computing volumes of the grid elements.
Min. volume: 0.000148704, max. volume: 36.5795.

# FGMRES residual history
# Residual tolerance target = 1e-10
# Initial residual norm     = 9.32633e-07
     0     1
# FGMRES final (true) residual:
# Iteration = 4: |res|/|res0| = 2.98824e-12.

Computing volumes of the grid elements.
Non-linear iter.: 426/500. Linear iter.: 4. Min. area: 0.0001487. Error: 2.98824e-12.
Computing volumes of the grid elements.
Min. volume: 0.0001487, max. volume: 36.581.

# FGMRES residual history
# Residual tolerance target = 1e-10
# Initial residual norm     = 9.41112e-07
     0     1
# FGMRES final (true) residual:
# Iteration = 4: |res|/|res0| = 2.96837e-12.

Computing volumes of the grid elements.
Non-linear iter.: 427/500. Linear iter.: 4. Min. area: 0.000148696. Error: 2.96837e-12.
Computing volumes of the grid elements.
Min. volume: 0.000148696, max. volume: 36.5826.

# FGMRES residual history
# Residual tolerance target = 1e-10
# Initial residual norm     = 9.49667e-07
     0     1
# FGMRES final (true) residual:
# Iteration = 4: |res|/|res0| = 2.9487e-12.

Computing volumes of the grid elements.
Non-linear iter.: 428/500. Linear iter.: 4. Min. area: 0.000148693. Error: 2.9487e-12.
Computing volumes of the grid elements.
Min. volume: 0.000148693, max. volume: 36.5842.

# FGMRES residual history
# Residual tolerance target = 1e-10
# Initial residual norm     = 9.583e-07
     0     1
# FGMRES final (true) residual:
# Iteration = 4: |res|/|res0| = 2.92924e-12.

Computing volumes of the grid elements.
Non-linear iter.: 429/500. Linear iter.: 4. Min. area: 0.000148689. Error: 2.92924e-12.
Computing volumes of the grid elements.
Min. volume: 0.000148689, max. volume: 36.5858.

# FGMRES residual history
# Residual tolerance target = 1e-10
# Initial residual norm     = 9.67011e-07
     0     1
# FGMRES final (true) residual:
# Iteration = 4: |res|/|res0| = 2.90999e-12.

Computing volumes of the grid elements.
Non-linear iter.: 430/500. Linear iter.: 4. Min. area: 0.000148685. Error: 2.90999e-12.
Computing volumes of the grid elements.
Min. volume: 0.000148685, max. volume: 36.5874.

# FGMRES residual history
# Residual tolerance target = 1e-10
# Initial residual norm     = 9.758e-07
     0     1
# FGMRES final (true) residual:
# Iteration = 4: |res|/|res0| = 2.89093e-12.

Computing volumes of the grid elements.
Non-linear iter.: 431/500. Linear iter.: 4. Min. area: 0.000148682. Error: 2.89093e-12.
Computing volumes of the grid elements.
Min. volume: 0.000148682, max. volume: 36.589.

# FGMRES residual history
# Residual tolerance target = 1e-10
# Initial residual norm     = 9.84668e-07
     0     1
# FGMRES final (true) residual:
# Iteration = 4: |res|/|res0| = 2.87208e-12.

Computing volumes of the grid elements.
Non-linear iter.: 432/500. Linear iter.: 4. Min. area: 0.000148678. Error: 2.87208e-12.
Computing volumes of the grid elements.
Min. volume: 0.000148678, max. volume: 36.5907.

# FGMRES residual history
# Residual tolerance target = 1e-10
# Initial residual norm     = 9.93615e-07
     0     1
# FGMRES final (true) residual:
# Iteration = 4: |res|/|res0| = 2.85342e-12.

Computing volumes of the grid elements.
Non-linear iter.: 433/500. Linear iter.: 4. Min. area: 0.000148674. Error: 2.85342e-12.
Computing volumes of the grid elements.
Min. volume: 0.000148674, max. volume: 36.5923.

# FGMRES residual history
# Residual tolerance target = 1e-10
# Initial residual norm     = 1.00264e-06
     0     1
# FGMRES final (true) residual:
# Iteration = 4: |res|/|res0| = 2.83495e-12.

Computing volumes of the grid elements.
Non-linear iter.: 434/500. Linear iter.: 4. Min. area: 0.000148671. Error: 2.83495e-12.
Computing volumes of the grid elements.
Min. volume: 0.000148671, max. volume: 36.594.

# FGMRES residual history
# Residual tolerance target = 1e-10
# Initial residual norm     = 1.01175e-06
     0     1
# FGMRES final (true) residual:
# Iteration = 4: |res|/|res0| = 2.81668e-12.

Computing volumes of the grid elements.
Non-linear iter.: 435/500. Linear iter.: 4. Min. area: 0.000148667. Error: 2.81668e-12.
Computing volumes of the grid elements.
Min. volume: 0.000148667, max. volume: 36.5957.

# FGMRES residual history
# Residual tolerance target = 1e-10
# Initial residual norm     = 1.02094e-06
     0     1
# FGMRES final (true) residual:
# Iteration = 4: |res|/|res0| = 2.7986e-12.

Computing volumes of the grid elements.
Non-linear iter.: 436/500. Linear iter.: 4. Min. area: 0.000148663. Error: 2.7986e-12.
Computing volumes of the grid elements.
Min. volume: 0.000148663, max. volume: 36.5973.

# FGMRES residual history
# Residual tolerance target = 1e-10
# Initial residual norm     = 1.03021e-06
     0     1
# FGMRES final (true) residual:
# Iteration = 4: |res|/|res0| = 2.78071e-12.

Computing volumes of the grid elements.
Non-linear iter.: 437/500. Linear iter.: 4. Min. area: 0.00014866. Error: 2.78071e-12.
Computing volumes of the grid elements.
Min. volume: 0.00014866, max. volume: 36.599.

# FGMRES residual history
# Residual tolerance target = 1e-10
# Initial residual norm     = 1.03956e-06
     0     1
# FGMRES final (true) residual:
# Iteration = 4: |res|/|res0| = 2.763e-12.

Computing volumes of the grid elements.
Non-linear iter.: 438/500. Linear iter.: 4. Min. area: 0.000148656. Error: 2.763e-12.
Computing volumes of the grid elements.
Min. volume: 0.000148656, max. volume: 36.6007.

# FGMRES residual history
# Residual tolerance target = 1e-10
# Initial residual norm     = 1.04899e-06
     0     1
# FGMRES final (true) residual:
# Iteration = 4: |res|/|res0| = 2.74547e-12.

Computing volumes of the grid elements.
Non-linear iter.: 439/500. Linear iter.: 4. Min. area: 0.000148652. Error: 2.74547e-12.
Computing volumes of the grid elements.
Min. volume: 0.000148652, max. volume: 36.6024.

# FGMRES residual history
# Residual tolerance target = 1e-10
# Initial residual norm     = 1.05851e-06
     0     1
# FGMRES final (true) residual:
# Iteration = 4: |res|/|res0| = 2.72813e-12.

Computing volumes of the grid elements.
Non-linear iter.: 440/500. Linear iter.: 4. Min. area: 0.000148649. Error: 2.72813e-12.
Computing volumes of the grid elements.
Min. volume: 0.000148649, max. volume: 36.6042.

# FGMRES residual history
# Residual tolerance target = 1e-10
# Initial residual norm     = 1.06811e-06
     0     1
# FGMRES final (true) residual:
# Iteration = 4: |res|/|res0| = 2.71097e-12.

Computing volumes of the grid elements.
Non-linear iter.: 441/500. Linear iter.: 4. Min. area: 0.000148645. Error: 2.71097e-12.
Computing volumes of the grid elements.
Min. volume: 0.000148645, max. volume: 36.6059.

# FGMRES residual history
# Residual tolerance target = 1e-10
# Initial residual norm     = 1.07779e-06
     0     1
# FGMRES final (true) residual:
# Iteration = 4: |res|/|res0| = 2.69398e-12.

Computing volumes of the grid elements.
Non-linear iter.: 442/500. Linear iter.: 4. Min. area: 0.000148641. Error: 2.69398e-12.
Computing volumes of the grid elements.
Min. volume: 0.000148641, max. volume: 36.6077.

# FGMRES residual history
# Residual tolerance target = 1e-10
# Initial residual norm     = 1.08756e-06
     0     1
# FGMRES final (true) residual:
# Iteration = 4: |res|/|res0| = 2.67717e-12.

Computing volumes of the grid elements.
Non-linear iter.: 443/500. Linear iter.: 4. Min. area: 0.000148638. Error: 2.67717e-12.
Computing volumes of the grid elements.
Min. volume: 0.000148638, max. volume: 36.6094.

# FGMRES residual history
# Residual tolerance target = 1e-10
# Initial residual norm     = 1.09741e-06
     0     1
# FGMRES final (true) residual:
# Iteration = 4: |res|/|res0| = 2.66053e-12.

Computing volumes of the grid elements.
Non-linear iter.: 444/500. Linear iter.: 4. Min. area: 0.000148634. Error: 2.66053e-12.
Computing volumes of the grid elements.
Min. volume: 0.000148634, max. volume: 36.6112.

# FGMRES residual history
# Residual tolerance target = 1e-10
# Initial residual norm     = 1.10735e-06
     0     1
# FGMRES final (true) residual:
# Iteration = 4: |res|/|res0| = 2.64406e-12.

Computing volumes of the grid elements.
Non-linear iter.: 445/500. Linear iter.: 4. Min. area: 0.00014863. Error: 2.64406e-12.
Computing volumes of the grid elements.
Min. volume: 0.00014863, max. volume: 36.613.

# FGMRES residual history
# Residual tolerance target = 1e-10
# Initial residual norm     = 1.11737e-06
     0     1
# FGMRES final (true) residual:
# Iteration = 4: |res|/|res0| = 2.62777e-12.

Computing volumes of the grid elements.
Non-linear iter.: 446/500. Linear iter.: 4. Min. area: 0.000148627. Error: 2.62777e-12.
Computing volumes of the grid elements.
Min. volume: 0.000148627, max. volume: 36.6148.

# FGMRES residual history
# Residual tolerance target = 1e-10
# Initial residual norm     = 1.12748e-06
     0     1
# FGMRES final (true) residual:
# Iteration = 4: |res|/|res0| = 2.61164e-12.

Computing volumes of the grid elements.
Non-linear iter.: 447/500. Linear iter.: 4. Min. area: 0.000148623. Error: 2.61164e-12.
Computing volumes of the grid elements.
Min. volume: 0.000148623, max. volume: 36.6166.

# FGMRES residual history
# Residual tolerance target = 1e-10
# Initial residual norm     = 1.13767e-06
     0     1
# FGMRES final (true) residual:
# Iteration = 4: |res|/|res0| = 2.59567e-12.

Computing volumes of the grid elements.
Non-linear iter.: 448/500. Linear iter.: 4. Min. area: 0.000148619. Error: 2.59567e-12.
Computing volumes of the grid elements.
Min. volume: 0.000148619, max. volume: 36.6184.

# FGMRES residual history
# Residual tolerance target = 1e-10
# Initial residual norm     = 1.14796e-06
     0     1
# FGMRES final (true) residual:
# Iteration = 4: |res|/|res0| = 2.57987e-12.

Computing volumes of the grid elements.
Non-linear iter.: 449/500. Linear iter.: 4. Min. area: 0.000148616. Error: 2.57987e-12.
Computing volumes of the grid elements.
Min. volume: 0.000148616, max. volume: 36.6203.

# FGMRES residual history
# Residual tolerance target = 1e-10
# Initial residual norm     = 1.15833e-06
     0     1
# FGMRES final (true) residual:
# Iteration = 4: |res|/|res0| = 2.56422e-12.

Computing volumes of the grid elements.
Non-linear iter.: 450/500. Linear iter.: 4. Min. area: 0.000148612. Error: 2.56422e-12.
Computing volumes of the grid elements.
Min. volume: 0.000148612, max. volume: 36.6221.

# FGMRES residual history
# Residual tolerance target = 1e-10
# Initial residual norm     = 1.16879e-06
     0     1
# FGMRES final (true) residual:
# Iteration = 4: |res|/|res0| = 2.54874e-12.

Computing volumes of the grid elements.
Non-linear iter.: 451/500. Linear iter.: 4. Min. area: 0.000148608. Error: 2.54874e-12.
Computing volumes of the grid elements.
Min. volume: 0.000148608, max. volume: 36.624.

# FGMRES residual history
# Residual tolerance target = 1e-10
# Initial residual norm     = 1.17933e-06
     0     1
# FGMRES final (true) residual:
# Iteration = 4: |res|/|res0| = 2.53341e-12.

Computing volumes of the grid elements.
Non-linear iter.: 452/500. Linear iter.: 4. Min. area: 0.000148605. Error: 2.53341e-12.
Computing volumes of the grid elements.
Min. volume: 0.000148605, max. volume: 36.6258.

# FGMRES residual history
# Residual tolerance target = 1e-10
# Initial residual norm     = 1.18997e-06
     0     1
# FGMRES final (true) residual:
# Iteration = 4: |res|/|res0| = 2.51824e-12.

Computing volumes of the grid elements.
Non-linear iter.: 453/500. Linear iter.: 4. Min. area: 0.000148601. Error: 2.51824e-12.
Computing volumes of the grid elements.
Min. volume: 0.000148601, max. volume: 36.6277.

# FGMRES residual history
# Residual tolerance target = 1e-10
# Initial residual norm     = 1.20069e-06
     0     1
# FGMRES final (true) residual:
# Iteration = 4: |res|/|res0| = 2.50322e-12.

Computing volumes of the grid elements.
Non-linear iter.: 454/500. Linear iter.: 4. Min. area: 0.000148597. Error: 2.50322e-12.
Computing volumes of the grid elements.
Min. volume: 0.000148597, max. volume: 36.6296.

# FGMRES residual history
# Residual tolerance target = 1e-10
# Initial residual norm     = 1.21151e-06
     0     1
# FGMRES final (true) residual:
# Iteration = 4: |res|/|res0| = 2.48835e-12.

Computing volumes of the grid elements.
Non-linear iter.: 455/500. Linear iter.: 4. Min. area: 0.000148594. Error: 2.48835e-12.
Computing volumes of the grid elements.
Min. volume: 0.000148594, max. volume: 36.6315.

# FGMRES residual history
# Residual tolerance target = 1e-10
# Initial residual norm     = 1.22241e-06
     0     1
# FGMRES final (true) residual:
# Iteration = 4: |res|/|res0| = 2.47363e-12.

Computing volumes of the grid elements.
Non-linear iter.: 456/500. Linear iter.: 4. Min. area: 0.00014859. Error: 2.47363e-12.
Computing volumes of the grid elements.
Min. volume: 0.00014859, max. volume: 36.6335.

# FGMRES residual history
# Residual tolerance target = 1e-10
# Initial residual norm     = 1.23341e-06
     0     1
# FGMRES final (true) residual:
# Iteration = 4: |res|/|res0| = 2.45906e-12.

Computing volumes of the grid elements.
Non-linear iter.: 457/500. Linear iter.: 4. Min. area: 0.000148587. Error: 2.45906e-12.
Computing volumes of the grid elements.
Min. volume: 0.000148587, max. volume: 36.6354.

# FGMRES residual history
# Residual tolerance target = 1e-10
# Initial residual norm     = 1.24449e-06
     0     1
# FGMRES final (true) residual:
# Iteration = 4: |res|/|res0| = 2.44463e-12.

Computing volumes of the grid elements.
Non-linear iter.: 458/500. Linear iter.: 4. Min. area: 0.000148583. Error: 2.44463e-12.
Computing volumes of the grid elements.
Min. volume: 0.000148583, max. volume: 36.6373.

# FGMRES residual history
# Residual tolerance target = 1e-10
# Initial residual norm     = 1.25567e-06
     0     1
# FGMRES final (true) residual:
# Iteration = 4: |res|/|res0| = 2.43035e-12.

Computing volumes of the grid elements.
Non-linear iter.: 459/500. Linear iter.: 4. Min. area: 0.000148579. Error: 2.43035e-12.
Computing volumes of the grid elements.
Min. volume: 0.000148579, max. volume: 36.6393.

# FGMRES residual history
# Residual tolerance target = 1e-10
# Initial residual norm     = 1.26694e-06
     0     1
# FGMRES final (true) residual:
# Iteration = 4: |res|/|res0| = 2.4162e-12.

Computing volumes of the grid elements.
Non-linear iter.: 460/500. Linear iter.: 4. Min. area: 0.000148576. Error: 2.4162e-12.
Computing volumes of the grid elements.
Min. volume: 0.000148576, max. volume: 36.6413.

# FGMRES residual history
# Residual tolerance target = 1e-10
# Initial residual norm     = 1.2783e-06
     0     1
# FGMRES final (true) residual:
# Iteration = 4: |res|/|res0| = 2.40219e-12.

Computing volumes of the grid elements.
Non-linear iter.: 461/500. Linear iter.: 4. Min. area: 0.000148572. Error: 2.40219e-12.
Computing volumes of the grid elements.
Min. volume: 0.000148572, max. volume: 36.6432.

# FGMRES residual history
# Residual tolerance target = 1e-10
# Initial residual norm     = 1.28976e-06
     0     1
# FGMRES final (true) residual:
# Iteration = 4: |res|/|res0| = 2.38833e-12.

Computing volumes of the grid elements.
Non-linear iter.: 462/500. Linear iter.: 4. Min. area: 0.000148568. Error: 2.38833e-12.
Computing volumes of the grid elements.
Min. volume: 0.000148568, max. volume: 36.6452.

# FGMRES residual history
# Residual tolerance target = 1e-10
# Initial residual norm     = 1.3013e-06
     0     1
# FGMRES final (true) residual:
# Iteration = 4: |res|/|res0| = 2.37459e-12.

Computing volumes of the grid elements.
Non-linear iter.: 463/500. Linear iter.: 4. Min. area: 0.000148565. Error: 2.37459e-12.
Computing volumes of the grid elements.
Min. volume: 0.000148565, max. volume: 36.6472.

# FGMRES residual history
# Residual tolerance target = 1e-10
# Initial residual norm     = 1.31294e-06
     0     1
# FGMRES final (true) residual:
# Iteration = 4: |res|/|res0| = 2.36099e-12.

Computing volumes of the grid elements.
Non-linear iter.: 464/500. Linear iter.: 4. Min. area: 0.000148561. Error: 2.36099e-12.
Computing volumes of the grid elements.
Min. volume: 0.000148561, max. volume: 36.6493.

# FGMRES residual history
# Residual tolerance target = 1e-10
# Initial residual norm     = 1.32467e-06
     0     1
# FGMRES final (true) residual:
# Iteration = 4: |res|/|res0| = 2.34752e-12.

Computing volumes of the grid elements.
Non-linear iter.: 465/500. Linear iter.: 4. Min. area: 0.000148557. Error: 2.34752e-12.
Computing volumes of the grid elements.
Min. volume: 0.000148557, max. volume: 36.6513.

# FGMRES residual history
# Residual tolerance target = 1e-10
# Initial residual norm     = 1.3365e-06
     0     1
# FGMRES final (true) residual:
# Iteration = 4: |res|/|res0| = 2.33419e-12.

Computing volumes of the grid elements.
Non-linear iter.: 466/500. Linear iter.: 4. Min. area: 0.000148554. Error: 2.33419e-12.
Computing volumes of the grid elements.
Min. volume: 0.000148554, max. volume: 36.6533.

# FGMRES residual history
# Residual tolerance target = 1e-10
# Initial residual norm     = 1.34842e-06
     0     1
# FGMRES final (true) residual:
# Iteration = 4: |res|/|res0| = 2.32098e-12.

Computing volumes of the grid elements.
Non-linear iter.: 467/500. Linear iter.: 4. Min. area: 0.00014855. Error: 2.32098e-12.
Computing volumes of the grid elements.
Min. volume: 0.00014855, max. volume: 36.6554.

# FGMRES residual history
# Residual tolerance target = 1e-10
# Initial residual norm     = 1.36044e-06
     0     1
# FGMRES final (true) residual:
# Iteration = 4: |res|/|res0| = 2.30789e-12.

Computing volumes of the grid elements.
Non-linear iter.: 468/500. Linear iter.: 4. Min. area: 0.000148547. Error: 2.30789e-12.
Computing volumes of the grid elements.
Min. volume: 0.000148547, max. volume: 36.6575.

# FGMRES residual history
# Residual tolerance target = 1e-10
# Initial residual norm     = 1.37255e-06
     0     1
# FGMRES final (true) residual:
# Iteration = 4: |res|/|res0| = 2.29493e-12.

Computing volumes of the grid elements.
Non-linear iter.: 469/500. Linear iter.: 4. Min. area: 0.000148543. Error: 2.29493e-12.
Computing volumes of the grid elements.
Min. volume: 0.000148543, max. volume: 36.6596.

# FGMRES residual history
# Residual tolerance target = 1e-10
# Initial residual norm     = 1.38475e-06
     0     1
# FGMRES final (true) residual:
# Iteration = 4: |res|/|res0| = 2.28209e-12.

Computing volumes of the grid elements.
Non-linear iter.: 470/500. Linear iter.: 4. Min. area: 0.000148539. Error: 2.28209e-12.
Computing volumes of the grid elements.
Min. volume: 0.000148539, max. volume: 36.6616.

# FGMRES residual history
# Residual tolerance target = 1e-10
# Initial residual norm     = 1.39705e-06
     0     1
# FGMRES final (true) residual:
# Iteration = 4: |res|/|res0| = 2.26938e-12.

Computing volumes of the grid elements.
Non-linear iter.: 471/500. Linear iter.: 4. Min. area: 0.000148536. Error: 2.26938e-12.
Computing volumes of the grid elements.
Min. volume: 0.000148536, max. volume: 36.6638.

# FGMRES residual history
# Residual tolerance target = 1e-10
# Initial residual norm     = 1.40945e-06
     0     1
# FGMRES final (true) residual:
# Iteration = 4: |res|/|res0| = 2.25678e-12.

Computing volumes of the grid elements.
Non-linear iter.: 472/500. Linear iter.: 4. Min. area: 0.000148532. Error: 2.25678e-12.
Computing volumes of the grid elements.
Min. volume: 0.000148532, max. volume: 36.6659.

# FGMRES residual history
# Residual tolerance target = 1e-10
# Initial residual norm     = 1.42194e-06
     0     1
# FGMRES final (true) residual:
# Iteration = 4: |res|/|res0| = 2.2443e-12.

Computing volumes of the grid elements.
Non-linear iter.: 473/500. Linear iter.: 4. Min. area: 0.000148528. Error: 2.2443e-12.
Computing volumes of the grid elements.
Min. volume: 0.000148528, max. volume: 36.668.

# FGMRES residual history
# Residual tolerance target = 1e-10
# Initial residual norm     = 1.43453e-06
     0     1
# FGMRES final (true) residual:
# Iteration = 4: |res|/|res0| = 2.23194e-12.

Computing volumes of the grid elements.
Non-linear iter.: 474/500. Linear iter.: 4. Min. area: 0.000148525. Error: 2.23194e-12.
Computing volumes of the grid elements.
Min. volume: 0.000148525, max. volume: 36.6702.

# FGMRES residual history
# Residual tolerance target = 1e-10
# Initial residual norm     = 1.44721e-06
     0     1
# FGMRES final (true) residual:
# Iteration = 4: |res|/|res0| = 2.21969e-12.

Computing volumes of the grid elements.
Non-linear iter.: 475/500. Linear iter.: 4. Min. area: 0.000148521. Error: 2.21969e-12.
Computing volumes of the grid elements.
Min. volume: 0.000148521, max. volume: 36.6723.

# FGMRES residual history
# Residual tolerance target = 1e-10
# Initial residual norm     = 1.45999e-06
     0     1
# FGMRES final (true) residual:
# Iteration = 4: |res|/|res0| = 2.20755e-12.

Computing volumes of the grid elements.
Non-linear iter.: 476/500. Linear iter.: 4. Min. area: 0.000148518. Error: 2.20755e-12.
Computing volumes of the grid elements.
Min. volume: 0.000148518, max. volume: 36.6745.

# FGMRES residual history
# Residual tolerance target = 1e-10
# Initial residual norm     = 1.47287e-06
     0     1
# FGMRES final (true) residual:
# Iteration = 4: |res|/|res0| = 2.19553e-12.

Computing volumes of the grid elements.
Non-linear iter.: 477/500. Linear iter.: 4. Min. area: 0.000148514. Error: 2.19553e-12.
Computing volumes of the grid elements.
Min. volume: 0.000148514, max. volume: 36.6767.

# FGMRES residual history
# Residual tolerance target = 1e-10
# Initial residual norm     = 1.48584e-06
     0     1
# FGMRES final (true) residual:
# Iteration = 4: |res|/|res0| = 2.18361e-12.

Computing volumes of the grid elements.
Non-linear iter.: 478/500. Linear iter.: 4. Min. area: 0.00014851. Error: 2.18361e-12.
Computing volumes of the grid elements.
Min. volume: 0.00014851, max. volume: 36.6789.

# FGMRES residual history
# Residual tolerance target = 1e-10
# Initial residual norm     = 1.49892e-06
     0     1
# FGMRES final (true) residual:
# Iteration = 4: |res|/|res0| = 2.1718e-12.

Computing volumes of the grid elements.
Non-linear iter.: 479/500. Linear iter.: 4. Min. area: 0.000148507. Error: 2.1718e-12.
Computing volumes of the grid elements.
Min. volume: 0.000148507, max. volume: 36.6811.

# FGMRES residual history
# Residual tolerance target = 1e-10
# Initial residual norm     = 1.51209e-06
     0     1
# FGMRES final (true) residual:
# Iteration = 4: |res|/|res0| = 2.1601e-12.

Computing volumes of the grid elements.
Non-linear iter.: 480/500. Linear iter.: 4. Min. area: 0.000148503. Error: 2.1601e-12.
Computing volumes of the grid elements.
Min. volume: 0.000148503, max. volume: 36.6833.

# FGMRES residual history
# Residual tolerance target = 1e-10
# Initial residual norm     = 1.52535e-06
     0     1
# FGMRES final (true) residual:
# Iteration = 4: |res|/|res0| = 2.1485e-12.

Computing volumes of the grid elements.
Non-linear iter.: 481/500. Linear iter.: 4. Min. area: 0.0001485. Error: 2.1485e-12.
Computing volumes of the grid elements.
Min. volume: 0.0001485, max. volume: 36.6855.

# FGMRES residual history
# Residual tolerance target = 1e-10
# Initial residual norm     = 1.53872e-06
     0     1
# FGMRES final (true) residual:
# Iteration = 4: |res|/|res0| = 2.13701e-12.

Computing volumes of the grid elements.
Non-linear iter.: 482/500. Linear iter.: 4. Min. area: 0.000148496. Error: 2.13701e-12.
Computing volumes of the grid elements.
Min. volume: 0.000148496, max. volume: 36.6878.

# FGMRES residual history
# Residual tolerance target = 1e-10
# Initial residual norm     = 1.55218e-06
     0     1
# FGMRES final (true) residual:
# Iteration = 4: |res|/|res0| = 2.12561e-12.

Computing volumes of the grid elements.
Non-linear iter.: 483/500. Linear iter.: 4. Min. area: 0.000148492. Error: 2.12561e-12.
Computing volumes of the grid elements.
Min. volume: 0.000148492, max. volume: 36.69.

# FGMRES residual history
# Residual tolerance target = 1e-10
# Initial residual norm     = 1.56574e-06
     0     1
# FGMRES final (true) residual:
# Iteration = 4: |res|/|res0| = 2.11432e-12.

Computing volumes of the grid elements.
Non-linear iter.: 484/500. Linear iter.: 4. Min. area: 0.000148489. Error: 2.11432e-12.
Computing volumes of the grid elements.
Min. volume: 0.000148489, max. volume: 36.6923.

# FGMRES residual history
# Residual tolerance target = 1e-10
# Initial residual norm     = 1.5794e-06
     0     1
# FGMRES final (true) residual:
# Iteration = 4: |res|/|res0| = 2.10313e-12.

Computing volumes of the grid elements.
Non-linear iter.: 485/500. Linear iter.: 4. Min. area: 0.000148485. Error: 2.10313e-12.
Computing volumes of the grid elements.
Min. volume: 0.000148485, max. volume: 36.6946.

# FGMRES residual history
# Residual tolerance target = 1e-10
# Initial residual norm     = 1.59316e-06
     0     1
# FGMRES final (true) residual:
# Iteration = 4: |res|/|res0| = 2.09203e-12.

Computing volumes of the grid elements.
Non-linear iter.: 486/500. Linear iter.: 4. Min. area: 0.000148482. Error: 2.09203e-12.
Computing volumes of the grid elements.
Min. volume: 0.000148482, max. volume: 36.6968.

# FGMRES residual history
# Residual tolerance target = 1e-10
# Initial residual norm     = 1.60701e-06
     0     1
# FGMRES final (true) residual:
# Iteration = 4: |res|/|res0| = 2.08103e-12.

Computing volumes of the grid elements.
Non-linear iter.: 487/500. Linear iter.: 4. Min. area: 0.000148478. Error: 2.08103e-12.
Computing volumes of the grid elements.
Min. volume: 0.000148478, max. volume: 36.6992.

# FGMRES residual history
# Residual tolerance target = 1e-10
# Initial residual norm     = 1.62097e-06
     0     1
# FGMRES final (true) residual:
# Iteration = 4: |res|/|res0| = 2.07013e-12.

Computing volumes of the grid elements.
Non-linear iter.: 488/500. Linear iter.: 4. Min. area: 0.000148474. Error: 2.07013e-12.
Computing volumes of the grid elements.
Min. volume: 0.000148474, max. volume: 36.7015.

# FGMRES residual history
# Residual tolerance target = 1e-10
# Initial residual norm     = 1.63502e-06
     0     1
# FGMRES final (true) residual:
# Iteration = 4: |res|/|res0| = 2.05932e-12.

Computing volumes of the grid elements.
Non-linear iter.: 489/500. Linear iter.: 4. Min. area: 0.000148471. Error: 2.05932e-12.
Computing volumes of the grid elements.
Min. volume: 0.000148471, max. volume: 36.7038.

# FGMRES residual history
# Residual tolerance target = 1e-10
# Initial residual norm     = 1.64917e-06
     0     1
# FGMRES final (true) residual:
# Iteration = 4: |res|/|res0| = 2.04859e-12.

Computing volumes of the grid elements.
Non-linear iter.: 490/500. Linear iter.: 4. Min. area: 0.000148467. Error: 2.04859e-12.
Computing volumes of the grid elements.
Min. volume: 0.000148467, max. volume: 36.7061.

# FGMRES residual history
# Residual tolerance target = 1e-10
# Initial residual norm     = 1.66342e-06
     0     1
# FGMRES final (true) residual:
# Iteration = 4: |res|/|res0| = 2.03797e-12.

Computing volumes of the grid elements.
Non-linear iter.: 491/500. Linear iter.: 4. Min. area: 0.000148463. Error: 2.03797e-12.
Computing volumes of the grid elements.
Min. volume: 0.000148463, max. volume: 36.7085.

# FGMRES residual history
# Residual tolerance target = 1e-10
# Initial residual norm     = 1.67777e-06
     0     1
# FGMRES final (true) residual:
# Iteration = 4: |res|/|res0| = 2.02743e-12.

Computing volumes of the grid elements.
Non-linear iter.: 492/500. Linear iter.: 4. Min. area: 0.00014846. Error: 2.02743e-12.
Computing volumes of the grid elements.
Min. volume: 0.00014846, max. volume: 36.7109.

# FGMRES residual history
# Residual tolerance target = 1e-10
# Initial residual norm     = 1.69222e-06
     0     1
# FGMRES final (true) residual:
# Iteration = 4: |res|/|res0| = 2.01697e-12.

Computing volumes of the grid elements.
Non-linear iter.: 493/500. Linear iter.: 4. Min. area: 0.000148456. Error: 2.01697e-12.
Computing volumes of the grid elements.
Min. volume: 0.000148456, max. volume: 36.7132.

# FGMRES residual history
# Residual tolerance target = 1e-10
# Initial residual norm     = 1.70677e-06
     0     1
# FGMRES final (true) residual:
# Iteration = 4: |res|/|res0| = 2.00661e-12.

Computing volumes of the grid elements.
Non-linear iter.: 494/500. Linear iter.: 4. Min. area: 0.000148453. Error: 2.00661e-12.
Computing volumes of the grid elements.
Min. volume: 0.000148453, max. volume: 36.7156.

# FGMRES residual history
# Residual tolerance target = 1e-10
# Initial residual norm     = 1.72141e-06
     0     1
# FGMRES final (true) residual:
# Iteration = 4: |res|/|res0| = 1.99633e-12.

Computing volumes of the grid elements.
Non-linear iter.: 495/500. Linear iter.: 4. Min. area: 0.000148449. Error: 1.99633e-12.
Computing volumes of the grid elements.
Min. volume: 0.000148449, max. volume: 36.718.

# FGMRES residual history
# Residual tolerance target = 1e-10
# Initial residual norm     = 1.73616e-06
     0     1
# FGMRES final (true) residual:
# Iteration = 4: |res|/|res0| = 1.98613e-12.

Computing volumes of the grid elements.
Non-linear iter.: 496/500. Linear iter.: 4. Min. area: 0.000148445. Error: 1.98613e-12.
Computing volumes of the grid elements.
Min. volume: 0.000148445, max. volume: 36.7205.

# FGMRES residual history
# Residual tolerance target = 1e-10
# Initial residual norm     = 1.751e-06
     0     1
# FGMRES final (true) residual:
# Iteration = 4: |res|/|res0| = 1.97602e-12.

Computing volumes of the grid elements.
Non-linear iter.: 497/500. Linear iter.: 4. Min. area: 0.000148442. Error: 1.97602e-12.
Computing volumes of the grid elements.
Min. volume: 0.000148442, max. volume: 36.7229.

# FGMRES residual history
# Residual tolerance target = 1e-10
# Initial residual norm     = 1.76594e-06
     0     1
# FGMRES final (true) residual:
# Iteration = 4: |res|/|res0| = 1.96599e-12.

Computing volumes of the grid elements.
Non-linear iter.: 498/500. Linear iter.: 4. Min. area: 0.000148438. Error: 1.96599e-12.
Computing volumes of the grid elements.
Min. volume: 0.000148438, max. volume: 36.7253.

# FGMRES residual history
# Residual tolerance target = 1e-10
# Initial residual norm     = 1.78098e-06
     0     1
# FGMRES final (true) residual:
# Iteration = 4: |res|/|res0| = 1.95604e-12.

Computing volumes of the grid elements.
Non-linear iter.: 499/500. Linear iter.: 4. Min. area: 0.000148435. Error: 1.95604e-12.
Computing volumes of the grid elements.
Min. volume: 0.000148435, max. volume: 36.7278.

# FGMRES residual history
# Residual tolerance target = 1e-10
# Initial residual norm     = 1.79612e-06
     0     1
# FGMRES final (true) residual:
# Iteration = 4: |res|/|res0| = 1.94617e-12.

Computing volumes of the grid elements.
Non-linear iter.: 500/500. Linear iter.: 4. Min. area: 0.000148431. Error: 1.94617e-12.

Completed in 0.082326 seconds on 1 core.

----------------------- Write deformed grid files -----------------------
|SU2 mesh                           |mesh_deformed.su2                  |
Adding any FFD information to the SU2 file.

------------------------- Finalize Solver -------------------------
Deleted CNumerics container.
Deleted CSolver container.
Deleted CGeometry container.
Deleted CSurfaceMovement class.
Deleted CVolumetricMovement class.
Deleted CConfig container.
Deleted COutput class.

------------------------- Exit Success (SU2_DEF) ------------------------

