
-------------------------------------------------------------------------
|    ___ _   _ ___                                                      |
|   / __| | | |_  )   Release 8.4.0 "Harrier"                           |
|   \__ \ |_| |/ /                                                      |
|   |___/\___//___|   Suite (Mesh Deformation Code)                     |
|                                                                       |
-------------------------------------------------------------------------
| SU2 Project Website: https://su2code.github.io                        |
|                                                                       |
| The SU2 Project is maintained by the SU2 Foundation                   |
| (http://su2foundation.org)                                            |
-------------------------------------------------------------------------
| Copyright 2012-2026, SU2 Contributors                                 |
|                                                                       |
| SU2 is free software; you can redistribute it and/or                  |
| modify it under the terms of the GNU Lesser General Public            |
| License as published by the Free Software Foundation; either          |
| version 2.1 of the License, or (at your option) any later version.    |
|                                                                       |
| SU2 is distributed in the hope that it will be useful,                |
| but WITHOUT ANY WARRANTY; without even the implied warranty of        |
| MERCHANTABILITY or FITNESS FOR A PARTICULAR PURPOSE. See the GNU      |
| Lesser General Public License for more details.                       |
|                                                                       |
| You should have received a copy of the GNU Lesser General Public      |
| License along with SU2. If not, see <http://www.gnu.org/licenses/>.   |
-------------------------------------------------------------------------

----------------- Physical Case Definition ( Zone 0 ) -------------------
Input mesh file name: mesh_original.su2

---------------- Grid deformation parameters ( Zone 0 )  ----------------
Grid deformation using linear elasticity method.


-------------------- Output Information ( Zone 0 ) ----------------------
Output mesh file name: mesh_deformed.su2. 
Cell stiffness scaled by inverse of the cell volume.

------------- Config File Boundary Information ( Zone 0 ) ---------------
+-----------------------------------------------------------------------+
|                        Marker Type|                        Marker Name|
+-----------------------------------------------------------------------+
|                          Far-field|                           farfield|
+-----------------------------------------------------------------------+
|                     Heat flux wall|                            airfoil|
+-----------------------------------------------------------------------+
Two dimensional problem.
222 grid points.
235 volume elements.
2 surface markers.
50 boundary elements in index 0 (Marker = farfield).
159 boundary elements in index 1 (Marker = airfoil).
235 triangles.

----------------------- Preprocessing computations ----------------------
Setting local point connectivity.
Checking the numerical grid orientation of the interior elements.
All volume elements are correctly oriented.
There has been a re-orientation of 159 LINE surface elements.
Identify edges and vertices.
Setting the bound control volume structure.
Area of the computational grid: 599.943.
  Info: Ignoring the following volume output fields/groups:
  SOLUTION
Volume output fields: COORDINATES
Screen output fields: 
History output group(s): 
Warning: No (valid) fields chosen for convergence monitoring. Convergence monitoring inactive.
Warning: No (valid) fields chosen for time convergence monitoring. Time convergence monitoring inactive.

--------------------- Surface grid deformation (ZONE 0) -----------------
Performing the deformation of the surface grid.
Updating the surface coordinates from the input file.

------------------- Volumetric grid deformation (ZONE 0) ----------------
Performing the deformation of the volumetric grid.
Computing volumes of the grid elements.
Min. volume: 0.000151846, max. volume: 36.5349.

# FGMRES residual history
# Residual tolerance target = 1e-10
# Initial residual norm     = 6.9097e-10
     0     1
# FGMRES final (true) residual:
# Iteration = 4: |res|/|res0| = 2.70532e-11.

Computing volumes of the grid elements.
Non-linear iter.: 1/500. Linear iter.: 4. Min. area: 0.000151846. Error: 2.70532e-11.
Computing volumes of the grid elements.
Min. volume: 0.000151846, max. volume: 36.5349.

# FGMRES residual history
# Residual tolerance target = 1e-10
# Initial residual norm     = 6.90977e-10
     0     1
# FGMRES final (true) residual:
# Iteration = 4: |res|/|res0| = 2.70528e-11.

Computing volumes of the grid elements.
Non-linear iter.: 2/500. Linear iter.: 4. Min. area: 0.000151846. Error: 2.70528e-11.
Computing volumes of the grid elements.
Min. volume: 0.000151846, max. volume: 36.5349.

# FGMRES residual history
# Residual tolerance target = 1e-10
# Initial residual norm     = 6.90984e-10
     0     1
# FGMRES final (true) residual:
# Iteration = 4: |res|/|res0| = 2.70525e-11.

Computing volumes of the grid elements.
Non-linear iter.: 3/500. Linear iter.: 4. Min. area: 0.000151846. Error: 2.70525e-11.
Computing volumes of the grid elements.
Min. volume: 0.000151846, max. volume: 36.5349.

# FGMRES residual history
# Residual tolerance target = 1e-10
# Initial residual norm     = 6.90991e-10
     0     1
# FGMRES final (true) residual:
# Iteration = 4: |res|/|res0| = 2.70522e-11.

Computing volumes of the grid elements.
Non-linear iter.: 4/500. Linear iter.: 4. Min. area: 0.000151846. Error: 2.70522e-11.
Computing volumes of the grid elements.
Min. volume: 0.000151846, max. volume: 36.5349.

# FGMRES residual history
# Residual tolerance target = 1e-10
# Initial residual norm     = 6.90999e-10
     0     1
# FGMRES final (true) residual:
# Iteration = 4: |res|/|res0| = 2.70518e-11.

Computing volumes of the grid elements.
Non-linear iter.: 5/500. Linear iter.: 4. Min. area: 0.000151846. Error: 2.70518e-11.
Computing volumes of the grid elements.
Min. volume: 0.000151846, max. volume: 36.5349.

# FGMRES residual history
# Residual tolerance target = 1e-10
# Initial residual norm     = 6.91006e-10
     0     1
# FGMRES final (true) residual:
# Iteration = 4: |res|/|res0| = 2.70515e-11.

Computing volumes of the grid elements.
Non-linear iter.: 6/500. Linear iter.: 4. Min. area: 0.000151846. Error: 2.70515e-11.
Computing volumes of the grid elements.
Min. volume: 0.000151846, max. volume: 36.5349.

# FGMRES residual history
# Residual tolerance target = 1e-10
# Initial residual norm     = 6.91013e-10
     0     1
# FGMRES final (true) residual:
# Iteration = 4: |res|/|res0| = 2.70512e-11.

Computing volumes of the grid elements.
Non-linear iter.: 7/500. Linear iter.: 4. Min. area: 0.000151846. Error: 2.70512e-11.
Computing volumes of the grid elements.
Min. volume: 0.000151846, max. volume: 36.5349.

# FGMRES residual history
# Residual tolerance target = 1e-10
# Initial residual norm     = 6.9102e-10
     0     1
# FGMRES final (true) residual:
# Iteration = 4: |res|/|res0| = 2.70508e-11.

Computing volumes of the grid elements.
Non-linear iter.: 8/500. Linear iter.: 4. Min. area: 0.000151846. Error: 2.70508e-11.
Computing volumes of the grid elements.
Min. volume: 0.000151846, max. volume: 36.5349.

# FGMRES residual history
# Residual tolerance target = 1e-10
# Initial residual norm     = 6.91027e-10
     0     1
# FGMRES final (true) residual:
# Iteration = 4: |res|/|res0| = 2.70505e-11.

Computing volumes of the grid elements.
Non-linear iter.: 9/500. Linear iter.: 4. Min. area: 0.000151846. Error: 2.70505e-11.
Computing volumes of the grid elements.
Min. volume: 0.000151846, max. volume: 36.5349.

# FGMRES residual history
# Residual tolerance target = 1e-10
# Initial residual norm     = 6.91034e-10
     0     1
# FGMRES final (true) residual:
# Iteration = 4: |res|/|res0| = 2.70502e-11.

Computing volumes of the grid elements.
Non-linear iter.: 10/500. Linear iter.: 4. Min. area: 0.000151846. Error: 2.70502e-11.
Computing volumes of the grid elements.
Min. volume: 0.000151846, max. volume: 36.5349.

# FGMRES residual history
# Residual tolerance target = 1e-10
# Initial residual norm     = 6.91041e-10
     0     1
# FGMRES final (true) residual:
# Iteration = 4: |res|/|res0| = 2.70499e-11.

Computing volumes of the grid elements.
Non-linear iter.: 11/500. Linear iter.: 4. Min. area: 0.000151846. Error: 2.70499e-11.
Computing volumes of the grid elements.
Min. volume: 0.000151846, max. volume: 36.5349.

# FGMRES residual history
# Residual tolerance target = 1e-10
# Initial residual norm     = 6.91048e-10
     0     1
# FGMRES final (true) residual:
# Iteration = 4: |res|/|res0| = 2.70495e-11.

Computing volumes of the grid elements.
Non-linear iter.: 12/500. Linear iter.: 4. Min. area: 0.000151846. Error: 2.70495e-11.
Computing volumes of the grid elements.
Min. volume: 0.000151846, max. volume: 36.5349.

# FGMRES residual history
# Residual tolerance target = 1e-10
# Initial residual norm     = 6.91056e-10
     0     1
# FGMRES final (true) residual:
# Iteration = 4: |res|/|res0| = 2.70492e-11.

Computing volumes of the grid elements.
Non-linear iter.: 13/500. Linear iter.: 4. Min. area: 0.000151846. Error: 2.70492e-11.
Computing volumes of the grid elements.
Min. volume: 0.000151846, max. volume: 36.5349.

# FGMRES residual history
# Residual tolerance target = 1e-10
# Initial residual norm     = 6.91063e-10
     0     1
# FGMRES final (true) residual:
# Iteration = 4: |res|/|res0| = 2.70489e-11.

Computing volumes of the grid elements.
Non-linear iter.: 14/500. Linear iter.: 4. Min. area: 0.000151846. Error: 2.70489e-11.
Computing volumes of the grid elements.
Min. volume: 0.000151846, max. volume: 36.5349.

# FGMRES residual history
# Residual tolerance target = 1e-10
# Initial residual norm     = 6.9107e-10
     0     1
# FGMRES final (true) residual:
# Iteration = 4: |res|/|res0| = 2.70485e-11.

Computing volumes of the grid elements.
Non-linear iter.: 15/500. Linear iter.: 4. Min. area: 0.000151846. Error: 2.70485e-11.
Computing volumes of the grid elements.
Min. volume: 0.000151846, max. volume: 36.5349.

# FGMRES residual history
# Residual tolerance target = 1e-10
# Initial residual norm     = 6.91077e-10
     0     1
# FGMRES final (true) residual:
# Iteration = 4: |res|/|res0| = 2.70482e-11.

Computing volumes of the grid elements.
Non-linear iter.: 16/500. Linear iter.: 4. Min. area: 0.000151846. Error: 2.70482e-11.
Computing volumes of the grid elements.
Min. volume: 0.000151846, max. volume: 36.5349.

# FGMRES residual history
# Residual tolerance target = 1e-10
# Initial residual norm     = 6.91084e-10
     0     1
# FGMRES final (true) residual:
# Iteration = 4: |res|/|res0| = 2.70479e-11.

Computing volumes of the grid elements.
Non-linear iter.: 17/500. Linear iter.: 4. Min. area: 0.000151846. Error: 2.70479e-11.
Computing volumes of the grid elements.
Min. volume: 0.000151846, max. volume: 36.5349.

# FGMRES residual history
# Residual tolerance target = 1e-10
# Initial residual norm     = 6.91091e-10
     0     1
# FGMRES final (true) residual:
# Iteration = 4: |res|/|res0| = 2.70475e-11.

Computing volumes of the grid elements.
Non-linear iter.: 18/500. Linear iter.: 4. Min. area: 0.000151846. Error: 2.70475e-11.
Computing volumes of the grid elements.
Min. volume: 0.000151846, max. volume: 36.5349.

# FGMRES residual history
# Residual tolerance target = 1e-10
# Initial residual norm     = 6.91098e-10
     0     1
# FGMRES final (true) residual:
# Iteration = 4: |res|/|res0| = 2.70472e-11.

Computing volumes of the grid elements.
Non-linear iter.: 19/500. Linear iter.: 4. Min. area: 0.000151846. Error: 2.70472e-11.
Computing volumes of the grid elements.
Min. volume: 0.000151846, max. volume: 36.5349.

# FGMRES residual history
# Residual tolerance target = 1e-10
# Initial residual norm     = 6.91105e-10
     0     1
# FGMRES final (true) residual:
# Iteration = 4: |res|/|res0| = 2.70469e-11.

Computing volumes of the grid elements.
Non-linear iter.: 20/500. Linear iter.: 4. Min. area: 0.000151846. Error: 2.70469e-11.
Computing volumes of the grid elements.
Min. volume: 0.000151846, max. volume: 36.5349.

# FGMRES residual history
# Residual tolerance target = 1e-10
# Initial residual norm     = 6.91112e-10
     0     1
# FGMRES final (true) residual:
# Iteration = 4: |res|/|res0| = 2.70465e-11.

Computing volumes of the grid elements.
Non-linear iter.: 21/500. Linear iter.: 4. Min. area: 0.000151846. Error: 2.70465e-11.
Computing volumes of the grid elements.
Min. volume: 0.000151846, max. volume: 36.5349.

# FGMRES residual history
# Residual tolerance target = 1e-10
# Initial residual norm     = 6.9112e-10
     0     1
# FGMRES final (true) residual:
# Iteration = 4: |res|/|res0| = 2.70462e-11.

Computing volumes of the grid elements.
Non-linear iter.: 22/500. Linear iter.: 4. Min. area: 0.000151846. Error: 2.70462e-11.
Computing volumes of the grid elements.
Min. volume: 0.000151846, max. volume: 36.5349.

# FGMRES residual history
# Residual tolerance target = 1e-10
# Initial residual norm     = 6.91127e-10
     0     1
# FGMRES final (true) residual:
# Iteration = 4: |res|/|res0| = 2.70459e-11.

Computing volumes of the grid elements.
Non-linear iter.: 23/500. Linear iter.: 4. Min. area: 0.000151846. Error: 2.70459e-11.
Computing volumes of the grid elements.
Min. volume: 0.000151846, max. volume: 36.5349.

# FGMRES residual history
# Residual tolerance target = 1e-10
# Initial residual norm     = 6.91134e-10
     0     1
# FGMRES final (true) residual:
# Iteration = 4: |res|/|res0| = 2.70456e-11.

Computing volumes of the grid elements.
Non-linear iter.: 24/500. Linear iter.: 4. Min. area: 0.000151846. Error: 2.70456e-11.
Computing volumes of the grid elements.
Min. volume: 0.000151846, max. volume: 36.5349.

# FGMRES residual history
# Residual tolerance target = 1e-10
# Initial residual norm     = 6.91141e-10
     0     1
# FGMRES final (true) residual:
# Iteration = 4: |res|/|res0| = 2.70452e-11.

Computing volumes of the grid elements.
Non-linear iter.: 25/500. Linear iter.: 4. Min. area: 0.000151846. Error: 2.70452e-11.
Computing volumes of the grid elements.
Min. volume: 0.000151846, max. volume: 36.5349.

# FGMRES residual history
# Residual tolerance target = 1e-10
# Initial residual norm     = 6.91148e-10
     0     1
# FGMRES final (true) residual:
# Iteration = 4: |res|/|res0| = 2.70449e-11.

Computing volumes of the grid elements.
Non-linear iter.: 26/500. Linear iter.: 4. Min. area: 0.000151846. Error: 2.70449e-11.
Computing volumes of the grid elements.
Min. volume: 0.000151846, max. volume: 36.5349.

# FGMRES residual history
# Residual tolerance target = 1e-10
# Initial residual norm     = 6.91155e-10
     0     1
# FGMRES final (true) residual:
# Iteration = 4: |res|/|res0| = 2.70446e-11.

Computing volumes of the grid elements.
Non-linear iter.: 27/500. Linear iter.: 4. Min. area: 0.000151846. Error: 2.70446e-11.
Computing volumes of the grid elements.
Min. volume: 0.000151846, max. volume: 36.5349.

# FGMRES residual history
# Residual tolerance target = 1e-10
# Initial residual norm     = 6.91162e-10
     0     1
# FGMRES final (true) residual:
# Iteration = 4: |res|/|res0| = 2.70442e-11.

Computing volumes of the grid elements.
Non-linear iter.: 28/500. Linear iter.: 4. Min. area: 0.000151846. Error: 2.70442e-11.
Computing volumes of the grid elements.
Min. volume: 0.000151846, max. volume: 36.5349.

# FGMRES residual history
# Residual tolerance target = 1e-10
# Initial residual norm     = 6.91169e-10
     0     1
# FGMRES final (true) residual:
# Iteration = 4: |res|/|res0| = 2.70439e-11.

Computing volumes of the grid elements.
Non-linear iter.: 29/500. Linear iter.: 4. Min. area: 0.000151846. Error: 2.70439e-11.
Computing volumes of the grid elements.
Min. volume: 0.000151846, max. volume: 36.5349.

# FGMRES residual history
# Residual tolerance target = 1e-10
# Initial residual norm     = 6.91177e-10
     0     1
# FGMRES final (true) residual:
# Iteration = 4: |res|/|res0| = 2.70436e-11.

Computing volumes of the grid elements.
Non-linear iter.: 30/500. Linear iter.: 4. Min. area: 0.000151846. Error: 2.70436e-11.
Computing volumes of the grid elements.
Min. volume: 0.000151846, max. volume: 36.5349.

# FGMRES residual history
# Residual tolerance target = 1e-10
# Initial residual norm     = 6.91184e-10
     0     1
# FGMRES final (true) residual:
# Iteration = 4: |res|/|res0| = 2.70432e-11.

Computing volumes of the grid elements.
Non-linear iter.: 31/500. Linear iter.: 4. Min. area: 0.000151846. Error: 2.70432e-11.
Computing volumes of the grid elements.
Min. volume: 0.000151846, max. volume: 36.5349.

# FGMRES residual history
# Residual tolerance target = 1e-10
# Initial residual norm     = 6.91191e-10
     0     1
# FGMRES final (true) residual:
# Iteration = 4: |res|/|res0| = 2.70429e-11.

Computing volumes of the grid elements.
Non-linear iter.: 32/500. Linear iter.: 4. Min. area: 0.000151846. Error: 2.70429e-11.
Computing volumes of the grid elements.
Min. volume: 0.000151846, max. volume: 36.5349.

# FGMRES residual history
# Residual tolerance target = 1e-10
# Initial residual norm     = 6.91198e-10
     0     1
# FGMRES final (true) residual:
# Iteration = 4: |res|/|res0| = 2.70426e-11.

Computing volumes of the grid elements.
Non-linear iter.: 33/500. Linear iter.: 4. Min. area: 0.000151846. Error: 2.70426e-11.
Computing volumes of the grid elements.
Min. volume: 0.000151846, max. volume: 36.5349.

# FGMRES residual history
# Residual tolerance target = 1e-10
# Initial residual norm     = 6.91205e-10
     0     1
# FGMRES final (true) residual:
# Iteration = 4: |res|/|res0| = 2.70422e-11.

Computing volumes of the grid elements.
Non-linear iter.: 34/500. Linear iter.: 4. Min. area: 0.000151846. Error: 2.70422e-11.
Computing volumes of the grid elements.
Min. volume: 0.000151846, max. volume: 36.5349.

# FGMRES residual history
# Residual tolerance target = 1e-10
# Initial residual norm     = 6.91212e-10
     0     1
# FGMRES final (true) residual:
# Iteration = 4: |res|/|res0| = 2.70419e-11.

Computing volumes of the grid elements.
Non-linear iter.: 35/500. Linear iter.: 4. Min. area: 0.000151846. Error: 2.70419e-11.
Computing volumes of the grid elements.
Min. volume: 0.000151846, max. volume: 36.5349.

# FGMRES residual history
# Residual tolerance target = 1e-10
# Initial residual norm     = 6.91219e-10
     0     1
# FGMRES final (true) residual:
# Iteration = 4: |res|/|res0| = 2.70416e-11.

Computing volumes of the grid elements.
Non-linear iter.: 36/500. Linear iter.: 4. Min. area: 0.000151846. Error: 2.70416e-11.
Computing volumes of the grid elements.
Min. volume: 0.000151846, max. volume: 36.5349.

# FGMRES residual history
# Residual tolerance target = 1e-10
# Initial residual norm     = 6.91226e-10
     0     1
# FGMRES final (true) residual:
# Iteration = 4: |res|/|res0| = 2.70413e-11.

Computing volumes of the grid elements.
Non-linear iter.: 37/500. Linear iter.: 4. Min. area: 0.000151846. Error: 2.70413e-11.
Computing volumes of the grid elements.
Min. volume: 0.000151846, max. volume: 36.5349.

# FGMRES residual history
# Residual tolerance target = 1e-10
# Initial residual norm     = 6.91234e-10
     0     1
# FGMRES final (true) residual:
# Iteration = 4: |res|/|res0| = 2.70409e-11.

Computing volumes of the grid elements.
Non-linear iter.: 38/500. Linear iter.: 4. Min. area: 0.000151846. Error: 2.70409e-11.
Computing volumes of the grid elements.
Min. volume: 0.000151846, max. volume: 36.5349.

# FGMRES residual history
# Residual tolerance target = 1e-10
# Initial residual norm     = 6.91241e-10
     0     1
# FGMRES final (true) residual:
# Iteration = 4: |res|/|res0| = 2.70406e-11.

Computing volumes of the grid elements.
Non-linear iter.: 39/500. Linear iter.: 4. Min. area: 0.000151846. Error: 2.70406e-11.
Computing volumes of the grid elements.
Min. volume: 0.000151846, max. volume: 36.5349.

# FGMRES residual history
# Residual tolerance target = 1e-10
# Initial residual norm     = 6.91248e-10
     0     1
# FGMRES final (true) residual:
# Iteration = 4: |res|/|res0| = 2.70403e-11.

Computing volumes of the grid elements.
Non-linear iter.: 40/500. Linear iter.: 4. Min. area: 0.000151846. Error: 2.70403e-11.
Computing volumes of the grid elements.
Min. volume: 0.000151846, max. volume: 36.5349.

# FGMRES residual history
# Residual tolerance target = 1e-10
# Initial residual norm     = 6.91255e-10
     0     1
# FGMRES final (true) residual:
# Iteration = 4: |res|/|res0| = 2.70399e-11.

Computing volumes of the grid elements.
Non-linear iter.: 41/500. Linear iter.: 4. Min. area: 0.000151846. Error: 2.70399e-11.
Computing volumes of the grid elements.
Min. volume: 0.000151846, max. volume: 36.5349.

# FGMRES residual history
# Residual tolerance target = 1e-10
# Initial residual norm     = 6.91262e-10
     0     1
# FGMRES final (true) residual:
# Iteration = 4: |res|/|res0| = 2.70396e-11.

Computing volumes of the grid elements.
Non-linear iter.: 42/500. Linear iter.: 4. Min. area: 0.000151846. Error: 2.70396e-11.
Computing volumes of the grid elements.
Min. volume: 0.000151846, max. volume: 36.5349.

# FGMRES residual history
# Residual tolerance target = 1e-10
# Initial residual norm     = 6.91269e-10
     0     1
# FGMRES final (true) residual:
# Iteration = 4: |res|/|res0| = 2.70393e-11.

Computing volumes of the grid elements.
Non-linear iter.: 43/500. Linear iter.: 4. Min. area: 0.000151846. Error: 2.70393e-11.
Computing volumes of the grid elements.
Min. volume: 0.000151846, max. volume: 36.5349.

# FGMRES residual history
# Residual tolerance target = 1e-10
# Initial residual norm     = 6.91276e-10
     0     1
# FGMRES final (true) residual:
# Iteration = 4: |res|/|res0| = 2.70389e-11.

Computing volumes of the grid elements.
Non-linear iter.: 44/500. Linear iter.: 4. Min. area: 0.000151846. Error: 2.70389e-11.
Computing volumes of the grid elements.
Min. volume: 0.000151846, max. volume: 36.5349.

# FGMRES residual history
# Residual tolerance target = 1e-10
# Initial residual norm     = 6.91283e-10
     0     1
# FGMRES final (true) residual:
# Iteration = 4: |res|/|res0| = 2.70386e-11.

Computing volumes of the grid elements.
Non-linear iter.: 45/500. Linear iter.: 4. Min. area: 0.000151846. Error: 2.70386e-11.
Computing volumes of the grid elements.
Min. volume: 0.000151846, max. volume: 36.5349.

# FGMRES residual history
# Residual tolerance target = 1e-10
# Initial residual norm     = 6.91291e-10
     0     1
# FGMRES final (true) residual:
# Iteration = 4: |res|/|res0| = 2.70383e-11.

Computing volumes of the grid elements.
Non-linear iter.: 46/500. Linear iter.: 4. Min. area: 0.000151846. Error: 2.70383e-11.
Computing volumes of the grid elements.
Min. volume: 0.000151846, max. volume: 36.5349.

# FGMRES residual history
# Residual tolerance target = 1e-10
# Initial residual norm     = 6.91298e-10
     0     1
# FGMRES final (true) residual:
# Iteration = 4: |res|/|res0| = 2.70379e-11.

Computing volumes of the grid elements.
Non-linear iter.: 47/500. Linear iter.: 4. Min. area: 0.000151846. Error: 2.70379e-11.
Computing volumes of the grid elements.
Min. volume: 0.000151846, max. volume: 36.5349.

# FGMRES residual history
# Residual tolerance target = 1e-10
# Initial residual norm     = 6.91305e-10
     0     1
# FGMRES final (true) residual:
# Iteration = 4: |res|/|res0| = 2.70376e-11.

Computing volumes of the grid elements.
Non-linear iter.: 48/500. Linear iter.: 4. Min. area: 0.000151846. Error: 2.70376e-11.
Computing volumes of the grid elements.
Min. volume: 0.000151846, max. volume: 36.5349.

# FGMRES residual history
# Residual tolerance target = 1e-10
# Initial residual norm     = 6.91312e-10
     0     1
# FGMRES final (true) residual:
# Iteration = 4: |res|/|res0| = 2.70373e-11.

Computing volumes of the grid elements.
Non-linear iter.: 49/500. Linear iter.: 4. Min. area: 0.000151846. Error: 2.70373e-11.
Computing volumes of the grid elements.
Min. volume: 0.000151846, max. volume: 36.5349.

# FGMRES residual history
# Residual tolerance target = 1e-10
# Initial residual norm     = 6.91319e-10
     0     1
# FGMRES final (true) residual:
# Iteration = 4: |res|/|res0| = 2.7037e-11.

Computing volumes of the grid elements.
Non-linear iter.: 50/500. Linear iter.: 4. Min. area: 0.000151846. Error: 2.7037e-11.
Computing volumes of the grid elements.
Min. volume: 0.000151846, max. volume: 36.5349.

# FGMRES residual history
# Residual tolerance target = 1e-10
# Initial residual norm     = 6.91326e-10
     0     1
# FGMRES final (true) residual:
# Iteration = 4: |res|/|res0| = 2.70366e-11.

Computing volumes of the grid elements.
Non-linear iter.: 51/500. Linear iter.: 4. Min. area: 0.000151846. Error: 2.70366e-11.
Computing volumes of the grid elements.
Min. volume: 0.000151846, max. volume: 36.5349.

# FGMRES residual history
# Residual tolerance target = 1e-10
# Initial residual norm     = 6.91333e-10
     0     1
# FGMRES final (true) residual:
# Iteration = 4: |res|/|res0| = 2.70363e-11.

Computing volumes of the grid elements.
Non-linear iter.: 52/500. Linear iter.: 4. Min. area: 0.000151846. Error: 2.70363e-11.
Computing volumes of the grid elements.
Min. volume: 0.000151846, max. volume: 36.5349.

# FGMRES residual history
# Residual tolerance target = 1e-10
# Initial residual norm     = 6.9134e-10
     0     1
# FGMRES final (true) residual:
# Iteration = 4: |res|/|res0| = 2.7036e-11.

Computing volumes of the grid elements.
Non-linear iter.: 53/500. Linear iter.: 4. Min. area: 0.000151846. Error: 2.7036e-11.
Computing volumes of the grid elements.
Min. volume: 0.000151846, max. volume: 36.5349.

# FGMRES residual history
# Residual tolerance target = 1e-10
# Initial residual norm     = 6.91348e-10
     0     1
# FGMRES final (true) residual:
# Iteration = 4: |res|/|res0| = 2.70356e-11.

Computing volumes of the grid elements.
Non-linear iter.: 54/500. Linear iter.: 4. Min. area: 0.000151846. Error: 2.70356e-11.
Computing volumes of the grid elements.
Min. volume: 0.000151846, max. volume: 36.5349.

# FGMRES residual history
# Residual tolerance target = 1e-10
# Initial residual norm     = 6.91355e-10
     0     1
# FGMRES final (true) residual:
# Iteration = 4: |res|/|res0| = 2.70353e-11.

Computing volumes of the grid elements.
Non-linear iter.: 55/500. Linear iter.: 4. Min. area: 0.000151846. Error: 2.70353e-11.
Computing volumes of the grid elements.
Min. volume: 0.000151846, max. volume: 36.5349.

# FGMRES residual history
# Residual tolerance target = 1e-10
# Initial residual norm     = 6.91362e-10
     0     1
# FGMRES final (true) residual:
# Iteration = 4: |res|/|res0| = 2.7035e-11.

Computing volumes of the grid elements.
Non-linear iter.: 56/500. Linear iter.: 4. Min. area: 0.000151846. Error: 2.7035e-11.
Computing volumes of the grid elements.
Min. volume: 0.000151846, max. volume: 36.5349.

# FGMRES residual history
# Residual tolerance target = 1e-10
# Initial residual norm     = 6.91369e-10
     0     1
# FGMRES final (true) residual:
# Iteration = 4: |res|/|res0| = 2.70346e-11.

Computing volumes of the grid elements.
Non-linear iter.: 57/500. Linear iter.: 4. Min. area: 0.000151846. Error: 2.70346e-11.
Computing volumes of the grid elements.
Min. volume: 0.000151846, max. volume: 36.5349.

# FGMRES residual history
# Residual tolerance target = 1e-10
# Initial residual norm     = 6.91376e-10
     0     1
# FGMRES final (true) residual:
# Iteration = 4: |res|/|res0| = 2.70343e-11.

Computing volumes of the grid elements.
Non-linear iter.: 58/500. Linear iter.: 4. Min. area: 0.000151846. Error: 2.70343e-11.
Computing volumes of the grid elements.
Min. volume: 0.000151846, max. volume: 36.5349.

# FGMRES residual history
# Residual tolerance target = 1e-10
# Initial residual norm     = 6.91383e-10
     0     1
# FGMRES final (true) residual:
# Iteration = 4: |res|/|res0| = 2.7034e-11.

Computing volumes of the grid elements.
Non-linear iter.: 59/500. Linear iter.: 4. Min. area: 0.000151846. Error: 2.7034e-11.
Computing volumes of the grid elements.
Min. volume: 0.000151846, max. volume: 36.5349.

# FGMRES residual history
# Residual tolerance target = 1e-10
# Initial residual norm     = 6.9139e-10
     0     1
# FGMRES final (true) residual:
# Iteration = 4: |res|/|res0| = 2.70336e-11.

Computing volumes of the grid elements.
Non-linear iter.: 60/500. Linear iter.: 4. Min. area: 0.000151846. Error: 2.70336e-11.
Computing volumes of the grid elements.
Min. volume: 0.000151846, max. volume: 36.5349.

# FGMRES residual history
# Residual tolerance target = 1e-10
# Initial residual norm     = 6.91398e-10
     0     1
# FGMRES final (true) residual:
# Iteration = 4: |res|/|res0| = 2.70333e-11.

Computing volumes of the grid elements.
Non-linear iter.: 61/500. Linear iter.: 4. Min. area: 0.000151846. Error: 2.70333e-11.
Computing volumes of the grid elements.
Min. volume: 0.000151846, max. volume: 36.5349.

# FGMRES residual history
# Residual tolerance target = 1e-10
# Initial residual norm     = 6.91405e-10
     0     1
# FGMRES final (true) residual:
# Iteration = 4: |res|/|res0| = 2.7033e-11.

Computing volumes of the grid elements.
Non-linear iter.: 62/500. Linear iter.: 4. Min. area: 0.000151846. Error: 2.7033e-11.
Computing volumes of the grid elements.
Min. volume: 0.000151846, max. volume: 36.5349.

# FGMRES residual history
# Residual tolerance target = 1e-10
# Initial residual norm     = 6.91412e-10
     0     1
# FGMRES final (true) residual:
# Iteration = 4: |res|/|res0| = 2.70326e-11.

Computing volumes of the grid elements.
Non-linear iter.: 63/500. Linear iter.: 4. Min. area: 0.000151846. Error: 2.70326e-11.
Computing volumes of the grid elements.
Min. volume: 0.000151846, max. volume: 36.5349.

# FGMRES residual history
# Residual tolerance target = 1e-10
# Initial residual norm     = 6.91419e-10
     0     1
# FGMRES final (true) residual:
# Iteration = 4: |res|/|res0| = 2.70323e-11.

Computing volumes of the grid elements.
Non-linear iter.: 64/500. Linear iter.: 4. Min. area: 0.000151846. Error: 2.70323e-11.
Computing volumes of the grid elements.
Min. volume: 0.000151846, max. volume: 36.5349.

# FGMRES residual history
# Residual tolerance target = 1e-10
# Initial residual norm     = 6.91426e-10
     0     1
# FGMRES final (true) residual:
# Iteration = 4: |res|/|res0| = 2.7032e-11.

Computing volumes of the grid elements.
Non-linear iter.: 65/500. Linear iter.: 4. Min. area: 0.000151846. Error: 2.7032e-11.
Computing volumes of the grid elements.
Min. volume: 0.000151846, max. volume: 36.5349.

# FGMRES residual history
# Residual tolerance target = 1e-10
# Initial residual norm     = 6.91433e-10
     0     1
# FGMRES final (true) residual:
# Iteration = 4: |res|/|res0| = 2.70317e-11.

Computing volumes of the grid elements.
Non-linear iter.: 66/500. Linear iter.: 4. Min. area: 0.000151846. Error: 2.70317e-11.
Computing volumes of the grid elements.
Min. volume: 0.000151846, max. volume: 36.5349.

# FGMRES residual history
# Residual tolerance target = 1e-10
# Initial residual norm     = 6.9144e-10
     0     1
# FGMRES final (true) residual:
# Iteration = 4: |res|/|res0| = 2.70313e-11.

Computing volumes of the grid elements.
Non-linear iter.: 67/500. Linear iter.: 4. Min. area: 0.000151846. Error: 2.70313e-11.
Computing volumes of the grid elements.
Min. volume: 0.000151846, max. volume: 36.5349.

# FGMRES residual history
# Residual tolerance target = 1e-10
# Initial residual norm     = 6.91447e-10
     0     1
# FGMRES final (true) residual:
# Iteration = 4: |res|/|res0| = 2.7031e-11.

Computing volumes of the grid elements.
Non-linear iter.: 68/500. Linear iter.: 4. Min. area: 0.000151846. Error: 2.7031e-11.
Computing volumes of the grid elements.
Min. volume: 0.000151846, max. volume: 36.5349.

# FGMRES residual history
# Residual tolerance target = 1e-10
# Initial residual norm     = 6.91455e-10
     0     1
# FGMRES final (true) residual:
# Iteration = 4: |res|/|res0| = 2.70307e-11.

Computing volumes of the grid elements.
Non-linear iter.: 69/500. Linear iter.: 4. Min. area: 0.000151846. Error: 2.70307e-11.
Computing volumes of the grid elements.
Min. volume: 0.000151846, max. volume: 36.5349.

# FGMRES residual history
# Residual tolerance target = 1e-10
# Initial residual norm     = 6.91462e-10
     0     1
# FGMRES final (true) residual:
# Iteration = 4: |res|/|res0| = 2.70303e-11.

Computing volumes of the grid elements.
Non-linear iter.: 70/500. Linear iter.: 4. Min. area: 0.000151846. Error: 2.70303e-11.
Computing volumes of the grid elements.
Min. volume: 0.000151846, max. volume: 36.5349.

# FGMRES residual history
# Residual tolerance target = 1e-10
# Initial residual norm     = 6.91469e-10
     0     1
# FGMRES final (true) residual:
# Iteration = 4: |res|/|res0| = 2.703e-11.

Computing volumes of the grid elements.
Non-linear iter.: 71/500. Linear iter.: 4. Min. area: 0.000151846. Error: 2.703e-11.
Computing volumes of the grid elements.
Min. volume: 0.000151846, max. volume: 36.5349.

# FGMRES residual history
# Residual tolerance target = 1e-10
# Initial residual norm     = 6.91476e-10
     0     1
# FGMRES final (true) residual:
# Iteration = 4: |res|/|res0| = 2.70297e-11.

Computing volumes of the grid elements.
Non-linear iter.: 72/500. Linear iter.: 4. Min. area: 0.000151846. Error: 2.70297e-11.
Computing volumes of the grid elements.
Min. volume: 0.000151846, max. volume: 36.5349.

# FGMRES residual history
# Residual tolerance target = 1e-10
# Initial residual norm     = 6.91483e-10
     0     1
# FGMRES final (true) residual:
# Iteration = 4: |res|/|res0| = 2.70293e-11.

Computing volumes of the grid elements.
Non-linear iter.: 73/500. Linear iter.: 4. Min. area: 0.000151846. Error: 2.70293e-11.
Computing volumes of the grid elements.
Min. volume: 0.000151846, max. volume: 36.5349.

# FGMRES residual history
# Residual tolerance target = 1e-10
# Initial residual norm     = 6.9149e-10
     0     1
# FGMRES final (true) residual:
# Iteration = 4: |res|/|res0| = 2.7029e-11.

Computing volumes of the grid elements.
Non-linear iter.: 74/500. Linear iter.: 4. Min. area: 0.000151846. Error: 2.7029e-11.
Computing volumes of the grid elements.
Min. volume: 0.000151846, max. volume: 36.5349.

# FGMRES residual history
# Residual tolerance target = 1e-10
# Initial residual norm     = 6.91497e-10
     0     1
# FGMRES final (true) residual:
# Iteration = 4: |res|/|res0| = 2.70287e-11.

Computing volumes of the grid elements.
Non-linear iter.: 75/500. Linear iter.: 4. Min. area: 0.000151846. Error: 2.70287e-11.
Computing volumes of the grid elements.
Min. volume: 0.000151846, max. volume: 36.5349.

# FGMRES residual history
# Residual tolerance target = 1e-10
# Initial residual norm     = 6.91505e-10
     0     1
# FGMRES final (true) residual:
# Iteration = 4: |res|/|res0| = 2.70283e-11.

Computing volumes of the grid elements.
Non-linear iter.: 76/500. Linear iter.: 4. Min. area: 0.000151846. Error: 2.70283e-11.
Computing volumes of the grid elements.
Min. volume: 0.000151846, max. volume: 36.5349.

# FGMRES residual history
# Residual tolerance target = 1e-10
# Initial residual norm     = 6.91512e-10
     0     1
# FGMRES final (true) residual:
# Iteration = 4: |res|/|res0| = 2.7028e-11.

Computing volumes of the grid elements.
Non-linear iter.: 77/500. Linear iter.: 4. Min. area: 0.000151846. Error: 2.7028e-11.
Computing volumes of the grid elements.
Min. volume: 0.000151846, max. volume: 36.5349.

# FGMRES residual history
# Residual tolerance target = 1e-10
# Initial residual norm     = 6.91519e-10
     0     1
# FGMRES final (true) residual:
# Iteration = 4: |res|/|res0| = 2.70277e-11.

Computing volumes of the grid elements.
Non-linear iter.: 78/500. Linear iter.: 4. Min. area: 0.000151846. Error: 2.70277e-11.
Computing volumes of the grid elements.
Min. volume: 0.000151846, max. volume: 36.5349.

# FGMRES residual history
# Residual tolerance target = 1e-10
# Initial residual norm     = 6.91526e-10
     0     1
# FGMRES final (true) residual:
# Iteration = 4: |res|/|res0| = 2.70274e-11.

Computing volumes of the grid elements.
Non-linear iter.: 79/500. Linear iter.: 4. Min. area: 0.000151846. Error: 2.70274e-11.
Computing volumes of the grid elements.
Min. volume: 0.000151846, max. volume: 36.5349.

# FGMRES residual history
# Residual tolerance target = 1e-10
# Initial residual norm     = 6.91533e-10
     0     1
# FGMRES final (true) residual:
# Iteration = 4: |res|/|res0| = 2.7027e-11.

Computing volumes of the grid elements.
Non-linear iter.: 80/500. Linear iter.: 4. Min. area: 0.000151846. Error: 2.7027e-11.
Computing volumes of the grid elements.
Min. volume: 0.000151846, max. volume: 36.5349.

# FGMRES residual history
# Residual tolerance target = 1e-10
# Initial residual norm     = 6.9154e-10
     0     1
# FGMRES final (true) residual:
# Iteration = 4: |res|/|res0| = 2.70267e-11.

Computing volumes of the grid elements.
Non-linear iter.: 81/500. Linear iter.: 4. Min. area: 0.000151846. Error: 2.70267e-11.
Computing volumes of the grid elements.
Min. volume: 0.000151846, max. volume: 36.5349.

# FGMRES residual history
# Residual tolerance target = 1e-10
# Initial residual norm     = 6.91547e-10
     0     1
# FGMRES final (true) residual:
# Iteration = 4: |res|/|res0| = 2.70264e-11.

Computing volumes of the grid elements.
Non-linear iter.: 82/500. Linear iter.: 4. Min. area: 0.000151846. Error: 2.70264e-11.
Computing volumes of the grid elements.
Min. volume: 0.000151846, max. volume: 36.5349.

# FGMRES residual history
# Residual tolerance target = 1e-10
# Initial residual norm     = 6.91554e-10
     0     1
# FGMRES final (true) residual:
# Iteration = 4: |res|/|res0| = 2.7026e-11.

Computing volumes of the grid elements.
Non-linear iter.: 83/500. Linear iter.: 4. Min. area: 0.000151846. Error: 2.7026e-11.
Computing volumes of the grid elements.
Min. volume: 0.000151846, max. volume: 36.5349.

# FGMRES residual history
# Residual tolerance target = 1e-10
# Initial residual norm     = 6.91562e-10
     0     1
# FGMRES final (true) residual:
# Iteration = 4: |res|/|res0| = 2.70257e-11.

Computing volumes of the grid elements.
Non-linear iter.: 84/500. Linear iter.: 4. Min. area: 0.000151846. Error: 2.70257e-11.
Computing volumes of the grid elements.
Min. volume: 0.000151846, max. volume: 36.5349.

# FGMRES residual history
# Residual tolerance target = 1e-10
# Initial residual norm     = 6.91569e-10
     0     1
# FGMRES final (true) residual:
# Iteration = 4: |res|/|res0| = 2.70254e-11.

Computing volumes of the grid elements.
Non-linear iter.: 85/500. Linear iter.: 4. Min. area: 0.000151846. Error: 2.70254e-11.
Computing volumes of the grid elements.
Min. volume: 0.000151846, max. volume: 36.5349.

# FGMRES residual history
# Residual tolerance target = 1e-10
# Initial residual norm     = 6.91576e-10
     0     1
# FGMRES final (true) residual:
# Iteration = 4: |res|/|res0| = 2.7025e-11.

Computing volumes of the grid elements.
Non-linear iter.: 86/500. Linear iter.: 4. Min. area: 0.000151846. Error: 2.7025e-11.
Computing volumes of the grid elements.
Min. volume: 0.000151846, max. volume: 36.5349.

# FGMRES residual history
# Residual tolerance target = 1e-10
# Initial residual norm     = 6.91583e-10
     0     1
# FGMRES final (true) residual:
# Iteration = 4: |res|/|res0| = 2.70247e-11.

Computing volumes of the grid elements.
Non-linear iter.: 87/500. Linear iter.: 4. Min. area: 0.000151846. Error: 2.70247e-11.
Computing volumes of the grid elements.
Min. volume: 0.000151846, max. volume: 36.5349.

# FGMRES residual history
# Residual tolerance target = 1e-10
# Initial residual norm     = 6.9159e-10
     0     1
# FGMRES final (true) residual:
# Iteration = 4: |res|/|res0| = 2.70244e-11.

Computing volumes of the grid elements.
Non-linear iter.: 88/500. Linear iter.: 4. Min. area: 0.000151846. Error: 2.70244e-11.
Computing volumes of the grid elements.
Min. volume: 0.000151846, max. volume: 36.5349.

# FGMRES residual history
# Residual tolerance target = 1e-10
# Initial residual norm     = 6.91597e-10
     0     1
# FGMRES final (true) residual:
# Iteration = 4: |res|/|res0| = 2.7024e-11.

Computing volumes of the grid elements.
Non-linear iter.: 89/500. Linear iter.: 4. Min. area: 0.000151846. Error: 2.7024e-11.
Computing volumes of the grid elements.
Min. volume: 0.000151846, max. volume: 36.5349.

# FGMRES residual history
# Residual tolerance target = 1e-10
# Initial residual norm     = 6.91604e-10
     0     1
# FGMRES final (true) residual:
# Iteration = 4: |res|/|res0| = 2.70237e-11.

Computing volumes of the grid elements.
Non-linear iter.: 90/500. Linear iter.: 4. Min. area: 0.000151846. Error: 2.70237e-11.
Computing volumes of the grid elements.
Min. volume: 0.000151846, max. volume: 36.5349.

# FGMRES residual history
# Residual tolerance target = 1e-10
# Initial residual norm     = 6.91612e-10
     0     1
# FGMRES final (true) residual:
# Iteration = 4: |res|/|res0| = 2.70234e-11.

Computing volumes of the grid elements.
Non-linear iter.: 91/500. Linear iter.: 4. Min. area: 0.000151846. Error: 2.70234e-11.
Computing volumes of the grid elements.
Min. volume: 0.000151846, max. volume: 36.5349.

# FGMRES residual history
# Residual tolerance target = 1e-10
# Initial residual norm     = 6.91619e-10
     0     1
# FGMRES final (true) residual:
# Iteration = 4: |res|/|res0| = 2.7023e-11.

Computing volumes of the grid elements.
Non-linear iter.: 92/500. Linear iter.: 4. Min. area: 0.000151846. Error: 2.7023e-11.
Computing volumes of the grid elements.
Min. volume: 0.000151846, max. volume: 36.5349.

# FGMRES residual history
# Residual tolerance target = 1e-10
# Initial residual norm     = 6.91626e-10
     0     1
# FGMRES final (true) residual:
# Iteration = 4: |res|/|res0| = 2.70227e-11.

Computing volumes of the grid elements.
Non-linear iter.: 93/500. Linear iter.: 4. Min. area: 0.000151846. Error: 2.70227e-11.
Computing volumes of the grid elements.
Min. volume: 0.000151846, max. volume: 36.5349.

# FGMRES residual history
# Residual tolerance target = 1e-10
# Initial residual norm     = 6.91633e-10
     0     1
# FGMRES final (true) residual:
# Iteration = 4: |res|/|res0| = 2.70224e-11.

Computing volumes of the grid elements.
Non-linear iter.: 94/500. Linear iter.: 4. Min. area: 0.000151846. Error: 2.70224e-11.
Computing volumes of the grid elements.
Min. volume: 0.000151846, max. volume: 36.5349.

# FGMRES residual history
# Residual tolerance target = 1e-10
# Initial residual norm     = 6.9164e-10
     0     1
# FGMRES final (true) residual:
# Iteration = 4: |res|/|res0| = 2.70221e-11.

Computing volumes of the grid elements.
Non-linear iter.: 95/500. Linear iter.: 4. Min. area: 0.000151846. Error: 2.70221e-11.
Computing volumes of the grid elements.
Min. volume: 0.000151846, max. volume: 36.5349.

# FGMRES residual history
# Residual tolerance target = 1e-10
# Initial residual norm     = 6.91647e-10
     0     1
# FGMRES final (true) residual:
# Iteration = 4: |res|/|res0| = 2.70217e-11.

Computing volumes of the grid elements.
Non-linear iter.: 96/500. Linear iter.: 4. Min. area: 0.000151846. Error: 2.70217e-11.
Computing volumes of the grid elements.
Min. volume: 0.000151846, max. volume: 36.5349.

# FGMRES residual history
# Residual tolerance target = 1e-10
# Initial residual norm     = 6.91654e-10
     0     1
# FGMRES final (true) residual:
# Iteration = 4: |res|/|res0| = 2.70214e-11.

Computing volumes of the grid elements.
Non-linear iter.: 97/500. Linear iter.: 4. Min. area: 0.000151846. Error: 2.70214e-11.
Computing volumes of the grid elements.
Min. volume: 0.000151846, max. volume: 36.5349.

# FGMRES residual history
# Residual tolerance target = 1e-10
# Initial residual norm     = 6.91662e-10
     0     1
# FGMRES final (true) residual:
# Iteration = 4: |res|/|res0| = 2.70211e-11.

Computing volumes of the grid elements.
Non-linear iter.: 98/500. Linear iter.: 4. Min. area: 0.000151846. Error: 2.70211e-11.
Computing volumes of the grid elements.
Min. volume: 0.000151846, max. volume: 36.5349.

# FGMRES residual history
# Residual tolerance target = 1e-10
# Initial residual norm     = 6.91669e-10
     0     1
# FGMRES final (true) residual:
# Iteration = 4: |res|/|res0| = 2.70207e-11.

Computing volumes of the grid elements.
Non-linear iter.: 99/500. Linear iter.: 4. Min. area: 0.000151846. Error: 2.70207e-11.
Computing volumes of the grid elements.
Min. volume: 0.000151846, max. volume: 36.5349.

# FGMRES residual history
# Residual tolerance target = 1e-10
# Initial residual norm     = 6.91676e-10
     0     1
# FGMRES final (true) residual:
# Iteration = 4: |res|/|res0| = 2.70204e-11.

Computing volumes of the grid elements.
Non-linear iter.: 100/500. Linear iter.: 4. Min. area: 0.000151846. Error: 2.70204e-11.
Computing volumes of the grid elements.
Min. volume: 0.000151846, max. volume: 36.5349.

# FGMRES residual history
# Residual tolerance target = 1e-10
# Initial residual norm     = 6.91683e-10
     0     1
# FGMRES final (true) residual:
# Iteration = 4: |res|/|res0| = 2.70201e-11.

Computing volumes of the grid elements.
Non-linear iter.: 101/500. Linear iter.: 4. Min. area: 0.000151846. Error: 2.70201e-11.
Computing volumes of the grid elements.
Min. volume: 0.000151846, max. volume: 36.5349.

# FGMRES residual history
# Residual tolerance target = 1e-10
# Initial residual norm     = 6.9169e-10
     0     1
# FGMRES final (true) residual:
# Iteration = 4: |res|/|res0| = 2.70197e-11.

Computing volumes of the grid elements.
Non-linear iter.: 102/500. Linear iter.: 4. Min. area: 0.000151846. Error: 2.70197e-11.
Computing volumes of the grid elements.
Min. volume: 0.000151846, max. volume: 36.5349.

# FGMRES residual history
# Residual tolerance target = 1e-10
# Initial residual norm     = 6.91697e-10
     0     1
# FGMRES final (true) residual:
# Iteration = 4: |res|/|res0| = 2.70194e-11.

Computing volumes of the grid elements.
Non-linear iter.: 103/500. Linear iter.: 4. Min. area: 0.000151846. Error: 2.70194e-11.
Computing volumes of the grid elements.
Min. volume: 0.000151846, max. volume: 36.5349.

# FGMRES residual history
# Residual tolerance target = 1e-10
# Initial residual norm     = 6.91704e-10
     0     1
# FGMRES final (true) residual:
# Iteration = 4: |res|/|res0| = 2.70191e-11.

Computing volumes of the grid elements.
Non-linear iter.: 104/500. Linear iter.: 4. Min. area: 0.000151846. Error: 2.70191e-11.
Computing volumes of the grid elements.
Min. volume: 0.000151846, max. volume: 36.5349.

# FGMRES residual history
# Residual tolerance target = 1e-10
# Initial residual norm     = 6.91712e-10
     0     1
# FGMRES final (true) residual:
# Iteration = 4: |res|/|res0| = 2.70187e-11.

Computing volumes of the grid elements.
Non-linear iter.: 105/500. Linear iter.: 4. Min. area: 0.000151846. Error: 2.70187e-11.
Computing volumes of the grid elements.
Min. volume: 0.000151846, max. volume: 36.5349.

# FGMRES residual history
# Residual tolerance target = 1e-10
# Initial residual norm     = 6.91719e-10
     0     1
# FGMRES final (true) residual:
# Iteration = 4: |res|/|res0| = 2.70184e-11.

Computing volumes of the grid elements.
Non-linear iter.: 106/500. Linear iter.: 4. Min. area: 0.000151846. Error: 2.70184e-11.
Computing volumes of the grid elements.
Min. volume: 0.000151846, max. volume: 36.5349.

# FGMRES residual history
# Residual tolerance target = 1e-10
# Initial residual norm     = 6.91726e-10
     0     1
# FGMRES final (true) residual:
# Iteration = 4: |res|/|res0| = 2.70181e-11.

Computing volumes of the grid elements.
Non-linear iter.: 107/500. Linear iter.: 4. Min. area: 0.000151846. Error: 2.70181e-11.
Computing volumes of the grid elements.
Min. volume: 0.000151846, max. volume: 36.5349.

# FGMRES residual history
# Residual tolerance target = 1e-10
# Initial residual norm     = 6.91733e-10
     0     1
# FGMRES final (true) residual:
# Iteration = 4: |res|/|res0| = 2.70177e-11.

Computing volumes of the grid elements.
Non-linear iter.: 108/500. Linear iter.: 4. Min. area: 0.000151846. Error: 2.70177e-11.
Computing volumes of the grid elements.
Min. volume: 0.000151846, max. volume: 36.5349.

# FGMRES residual history
# Residual tolerance target = 1e-10
# Initial residual norm     = 6.9174e-10
     0     1
# FGMRES final (true) residual:
# Iteration = 4: |res|/|res0| = 2.70174e-11.

Computing volumes of the grid elements.
Non-linear iter.: 109/500. Linear iter.: 4. Min. area: 0.000151846. Error: 2.70174e-11.
Computing volumes of the grid elements.
Min. volume: 0.000151846, max. volume: 36.5349.

# FGMRES residual history
# Residual tolerance target = 1e-10
# Initial residual norm     = 6.91747e-10
     0     1
# FGMRES final (true) residual:
# Iteration = 4: |res|/|res0| = 2.70171e-11.

Computing volumes of the grid elements.
Non-linear iter.: 110/500. Linear iter.: 4. Min. area: 0.000151846. Error: 2.70171e-11.
Computing volumes of the grid elements.
Min. volume: 0.000151846, max. volume: 36.5349.

# FGMRES residual history
# Residual tolerance target = 1e-10
# Initial residual norm     = 6.91754e-10
     0     1
# FGMRES final (true) residual:
# Iteration = 4: |res|/|res0| = 2.70168e-11.

Computing volumes of the grid elements.
Non-linear iter.: 111/500. Linear iter.: 4. Min. area: 0.000151846. Error: 2.70168e-11.
Computing volumes of the grid elements.
Min. volume: 0.000151846, max. volume: 36.5349.

# FGMRES residual history
# Residual tolerance target = 1e-10
# Initial residual norm     = 6.91762e-10
     0     1
# FGMRES final (true) residual:
# Iteration = 4: |res|/|res0| = 2.70164e-11.

Computing volumes of the grid elements.
Non-linear iter.: 112/500. Linear iter.: 4. Min. area: 0.000151846. Error: 2.70164e-11.
Computing volumes of the grid elements.
Min. volume: 0.000151846, max. volume: 36.5349.

# FGMRES residual history
# Residual tolerance target = 1e-10
# Initial residual norm     = 6.91769e-10
     0     1
# FGMRES final (true) residual:
# Iteration = 4: |res|/|res0| = 2.70161e-11.

Computing volumes of the grid elements.
Non-linear iter.: 113/500. Linear iter.: 4. Min. area: 0.000151846. Error: 2.70161e-11.
Computing volumes of the grid elements.
Min. volume: 0.000151846, max. volume: 36.5349.

# FGMRES residual history
# Residual tolerance target = 1e-10
# Initial residual norm     = 6.91776e-10
     0     1
# FGMRES final (true) residual:
# Iteration = 4: |res|/|res0| = 2.70158e-11.

Computing volumes of the grid elements.
Non-linear iter.: 114/500. Linear iter.: 4. Min. area: 0.000151846. Error: 2.70158e-11.
Computing volumes of the grid elements.
Min. volume: 0.000151846, max. volume: 36.5349.

# FGMRES residual history
# Residual tolerance target = 1e-10
# Initial residual norm     = 6.91783e-10
     0     1
# FGMRES final (true) residual:
# Iteration = 4: |res|/|res0| = 2.70154e-11.

Computing volumes of the grid elements.
Non-linear iter.: 115/500. Linear iter.: 4. Min. area: 0.000151846. Error: 2.70154e-11.
Computing volumes of the grid elements.
Min. volume: 0.000151846, max. volume: 36.5349.

# FGMRES residual history
# Residual tolerance target = 1e-10
# Initial residual norm     = 6.9179e-10
     0     1
# FGMRES final (true) residual:
# Iteration = 4: |res|/|res0| = 2.70151e-11.

Computing volumes of the grid elements.
Non-linear iter.: 116/500. Linear iter.: 4. Min. area: 0.000151846. Error: 2.70151e-11.
Computing volumes of the grid elements.
Min. volume: 0.000151846, max. volume: 36.5349.

# FGMRES residual history
# Residual tolerance target = 1e-10
# Initial residual norm     = 6.91797e-10
     0     1
# FGMRES final (true) residual:
# Iteration = 4: |res|/|res0| = 2.70148e-11.

Computing volumes of the grid elements.
Non-linear iter.: 117/500. Linear iter.: 4. Min. area: 0.000151846. Error: 2.70148e-11.
Computing volumes of the grid elements.
Min. volume: 0.000151846, max. volume: 36.5349.

# FGMRES residual history
# Residual tolerance target = 1e-10
# Initial residual norm     = 6.91804e-10
     0     1
# FGMRES final (true) residual:
# Iteration = 4: |res|/|res0| = 2.70144e-11.

Computing volumes of the grid elements.
Non-linear iter.: 118/500. Linear iter.: 4. Min. area: 0.000151846. Error: 2.70144e-11.
Computing volumes of the grid elements.
Min. volume: 0.000151846, max. volume: 36.5349.

# FGMRES residual history
# Residual tolerance target = 1e-10
# Initial residual norm     = 6.91812e-10
     0     1
# FGMRES final (true) residual:
# Iteration = 4: |res|/|res0| = 2.70141e-11.

Computing volumes of the grid elements.
Non-linear iter.: 119/500. Linear iter.: 4. Min. area: 0.000151846. Error: 2.70141e-11.
Computing volumes of the grid elements.
Min. volume: 0.000151846, max. volume: 36.5349.

# FGMRES residual history
# Residual tolerance target = 1e-10
# Initial residual norm     = 6.91819e-10
     0     1
# FGMRES final (true) residual:
# Iteration = 4: |res|/|res0| = 2.70138e-11.

Computing volumes of the grid elements.
Non-linear iter.: 120/500. Linear iter.: 4. Min. area: 0.000151846. Error: 2.70138e-11.
Computing volumes of the grid elements.
Min. volume: 0.000151846, max. volume: 36.5349.

# FGMRES residual history
# Residual tolerance target = 1e-10
# Initial residual norm     = 6.91826e-10
     0     1
# FGMRES final (true) residual:
# Iteration = 4: |res|/|res0| = 2.70134e-11.

Computing volumes of the grid elements.
Non-linear iter.: 121/500. Linear iter.: 4. Min. area: 0.000151846. Error: 2.70134e-11.
Computing volumes of the grid elements.
Min. volume: 0.000151846, max. volume: 36.5349.

# FGMRES residual history
# Residual tolerance target = 1e-10
# Initial residual norm     = 6.91833e-10
     0     1
# FGMRES final (true) residual:
# Iteration = 4: |res|/|res0| = 2.70131e-11.

Computing volumes of the grid elements.
Non-linear iter.: 122/500. Linear iter.: 4. Min. area: 0.000151846. Error: 2.70131e-11.
Computing volumes of the grid elements.
Min. volume: 0.000151846, max. volume: 36.5349.

# FGMRES residual history
# Residual tolerance target = 1e-10
# Initial residual norm     = 6.9184e-10
     0     1
# FGMRES final (true) residual:
# Iteration = 4: |res|/|res0| = 2.70128e-11.

Computing volumes of the grid elements.
Non-linear iter.: 123/500. Linear iter.: 4. Min. area: 0.000151846. Error: 2.70128e-11.
Computing volumes of the grid elements.
Min. volume: 0.000151846, max. volume: 36.5349.

# FGMRES residual history
# Residual tolerance target = 1e-10
# Initial residual norm     = 6.91847e-10
     0     1
# FGMRES final (true) residual:
# Iteration = 4: |res|/|res0| = 2.70124e-11.

Computing volumes of the grid elements.
Non-linear iter.: 124/500. Linear iter.: 4. Min. area: 0.000151846. Error: 2.70124e-11.
Computing volumes of the grid elements.
Min. volume: 0.000151846, max. volume: 36.5349.

# FGMRES residual history
# Residual tolerance target = 1e-10
# Initial residual norm     = 6.91854e-10
     0     1
# FGMRES final (true) residual:
# Iteration = 4: |res|/|res0| = 2.70121e-11.

Computing volumes of the grid elements.
Non-linear iter.: 125/500. Linear iter.: 4. Min. area: 0.000151846. Error: 2.70121e-11.
Computing volumes of the grid elements.
Min. volume: 0.000151846, max. volume: 36.5349.

# FGMRES residual history
# Residual tolerance target = 1e-10
# Initial residual norm     = 6.91862e-10
     0     1
# FGMRES final (true) residual:
# Iteration = 4: |res|/|res0| = 2.70118e-11.

Computing volumes of the grid elements.
Non-linear iter.: 126/500. Linear iter.: 4. Min. area: 0.000151846. Error: 2.70118e-11.
Computing volumes of the grid elements.
Min. volume: 0.000151846, max. volume: 36.5349.

# FGMRES residual history
# Residual tolerance target = 1e-10
# Initial residual norm     = 6.91869e-10
     0     1
# FGMRES final (true) residual:
# Iteration = 4: |res|/|res0| = 2.70115e-11.

Computing volumes of the grid elements.
Non-linear iter.: 127/500. Linear iter.: 4. Min. area: 0.000151846. Error: 2.70115e-11.
Computing volumes of the grid elements.
Min. volume: 0.000151846, max. volume: 36.5349.

# FGMRES residual history
# Residual tolerance target = 1e-10
# Initial residual norm     = 6.91876e-10
     0     1
# FGMRES final (true) residual:
# Iteration = 4: |res|/|res0| = 2.70111e-11.

Computing volumes of the grid elements.
Non-linear iter.: 128/500. Linear iter.: 4. Min. area: 0.000151846. Error: 2.70111e-11.
Computing volumes of the grid elements.
Min. volume: 0.000151846, max. volume: 36.5349.

# FGMRES residual history
# Residual tolerance target = 1e-10
# Initial residual norm     = 6.91883e-10
     0     1
# FGMRES final (true) residual:
# Iteration = 4: |res|/|res0| = 2.70108e-11.

Computing volumes of the grid elements.
Non-linear iter.: 129/500. Linear iter.: 4. Min. area: 0.000151846. Error: 2.70108e-11.
Computing volumes of the grid elements.
Min. volume: 0.000151846, max. volume: 36.5349.

# FGMRES residual history
# Residual tolerance target = 1e-10
# Initial residual norm     = 6.9189e-10
     0     1
# FGMRES final (true) residual:
# Iteration = 4: |res|/|res0| = 2.70105e-11.

Computing volumes of the grid elements.
Non-linear iter.: 130/500. Linear iter.: 4. Min. area: 0.000151846. Error: 2.70105e-11.
Computing volumes of the grid elements.
Min. volume: 0.000151846, max. volume: 36.5349.

# FGMRES residual history
# Residual tolerance target = 1e-10
# Initial residual norm     = 6.91897e-10
     0     1
# FGMRES final (true) residual:
# Iteration = 4: |res|/|res0| = 2.70101e-11.

Computing volumes of the grid elements.
Non-linear iter.: 131/500. Linear iter.: 4. Min. area: 0.000151846. Error: 2.70101e-11.
Computing volumes of the grid elements.
Min. volume: 0.000151846, max. volume: 36.5349.

# FGMRES residual history
# Residual tolerance target = 1e-10
# Initial residual norm     = 6.91904e-10
     0     1
# FGMRES final (true) residual:
# Iteration = 4: |res|/|res0| = 2.70098e-11.

Computing volumes of the grid elements.
Non-linear iter.: 132/500. Linear iter.: 4. Min. area: 0.000151846. Error: 2.70098e-11.
Computing volumes of the grid elements.
Min. volume: 0.000151846, max. volume: 36.5349.

# FGMRES residual history
# Residual tolerance target = 1e-10
# Initial residual norm     = 6.91912e-10
     0     1
# FGMRES final (true) residual:
# Iteration = 4: |res|/|res0| = 2.70095e-11.

Computing volumes of the grid elements.
Non-linear iter.: 133/500. Linear iter.: 4. Min. area: 0.000151846. Error: 2.70095e-11.
Computing volumes of the grid elements.
Min. volume: 0.000151846, max. volume: 36.5349.

# FGMRES residual history
# Residual tolerance target = 1e-10
# Initial residual norm     = 6.91919e-10
     0     1
# FGMRES final (true) residual:
# Iteration = 4: |res|/|res0| = 2.70091e-11.

Computing volumes of the grid elements.
Non-linear iter.: 134/500. Linear iter.: 4. Min. area: 0.000151846. Error: 2.70091e-11.
Computing volumes of the grid elements.
Min. volume: 0.000151846, max. volume: 36.5349.

# FGMRES residual history
# Residual tolerance target = 1e-10
# Initial residual norm     = 6.91926e-10
     0     1
# FGMRES final (true) residual:
# Iteration = 4: |res|/|res0| = 2.70088e-11.

Computing volumes of the grid elements.
Non-linear iter.: 135/500. Linear iter.: 4. Min. area: 0.000151846. Error: 2.70088e-11.
Computing volumes of the grid elements.
Min. volume: 0.000151846, max. volume: 36.5349.

# FGMRES residual history
# Residual tolerance target = 1e-10
# Initial residual norm     = 6.91933e-10
     0     1
# FGMRES final (true) residual:
# Iteration = 4: |res|/|res0| = 2.70085e-11.

Computing volumes of the grid elements.
Non-linear iter.: 136/500. Linear iter.: 4. Min. area: 0.000151846. Error: 2.70085e-11.
Computing volumes of the grid elements.
Min. volume: 0.000151846, max. volume: 36.5349.

# FGMRES residual history
# Residual tolerance target = 1e-10
# Initial residual norm     = 6.9194e-10
     0     1
# FGMRES final (true) residual:
# Iteration = 4: |res|/|res0| = 2.70081e-11.

Computing volumes of the grid elements.
Non-linear iter.: 137/500. Linear iter.: 4. Min. area: 0.000151846. Error: 2.70081e-11.
Computing volumes of the grid elements.
Min. volume: 0.000151846, max. volume: 36.5349.

# FGMRES residual history
# Residual tolerance target = 1e-10
# Initial residual norm     = 6.91947e-10
     0     1
# FGMRES final (true) residual:
# Iteration = 4: |res|/|res0| = 2.70078e-11.

Computing volumes of the grid elements.
Non-linear iter.: 138/500. Linear iter.: 4. Min. area: 0.000151846. Error: 2.70078e-11.
Computing volumes of the grid elements.
Min. volume: 0.000151846, max. volume: 36.5349.

# FGMRES residual history
# Residual tolerance target = 1e-10
# Initial residual norm     = 6.91954e-10
     0     1
# FGMRES final (true) residual:
# Iteration = 4: |res|/|res0| = 2.70075e-11.

Computing volumes of the grid elements.
Non-linear iter.: 139/500. Linear iter.: 4. Min. area: 0.000151846. Error: 2.70075e-11.
Computing volumes of the grid elements.
Min. volume: 0.000151846, max. volume: 36.5349.

# FGMRES residual history
# Residual tolerance target = 1e-10
# Initial residual norm     = 6.91962e-10
     0     1
# FGMRES final (true) residual:
# Iteration = 4: |res|/|res0| = 2.70071e-11.

Computing volumes of the grid elements.
Non-linear iter.: 140/500. Linear iter.: 4. Min. area: 0.000151846. Error: 2.70071e-11.
Computing volumes of the grid elements.
Min. volume: 0.000151846, max. volume: 36.5349.

# FGMRES residual history
# Residual tolerance target = 1e-10
# Initial residual norm     = 6.91969e-10
     0     1
# FGMRES final (true) residual:
# Iteration = 4: |res|/|res0| = 2.70068e-11.

Computing volumes of the grid elements.
Non-linear iter.: 141/500. Linear iter.: 4. Min. area: 0.000151846. Error: 2.70068e-11.
Computing volumes of the grid elements.
Min. volume: 0.000151846, max. volume: 36.5349.

# FGMRES residual history
# Residual tolerance target = 1e-10
# Initial residual norm     = 6.91976e-10
     0     1
# FGMRES final (true) residual:
# Iteration = 4: |res|/|res0| = 2.70065e-11.

Computing volumes of the grid elements.
Non-linear iter.: 142/500. Linear iter.: 4. Min. area: 0.000151846. Error: 2.70065e-11.
Computing volumes of the grid elements.
Min. volume: 0.000151846, max. volume: 36.5349.

# FGMRES residual history
# Residual tolerance target = 1e-10
# Initial residual norm     = 6.91983e-10
     0     1
# FGMRES final (true) residual:
# Iteration = 4: |res|/|res0| = 2.70062e-11.

Computing volumes of the grid elements.
Non-linear iter.: 143/500. Linear iter.: 4. Min. area: 0.000151846. Error: 2.70062e-11.
Computing volumes of the grid elements.
Min. volume: 0.000151846, max. volume: 36.5349.

# FGMRES residual history
# Residual tolerance target = 1e-10
# Initial residual norm     = 6.9199e-10
     0     1
# FGMRES final (true) residual:
# Iteration = 4: |res|/|res0| = 2.70058e-11.

Computing volumes of the grid elements.
Non-linear iter.: 144/500. Linear iter.: 4. Min. area: 0.000151846. Error: 2.70058e-11.
Computing volumes of the grid elements.
Min. volume: 0.000151846, max. volume: 36.5349.

# FGMRES residual history
# Residual tolerance target = 1e-10
# Initial residual norm     = 6.91997e-10
     0     1
# FGMRES final (true) residual:
# Iteration = 4: |res|/|res0| = 2.70055e-11.

Computing volumes of the grid elements.
Non-linear iter.: 145/500. Linear iter.: 4. Min. area: 0.000151846. Error: 2.70055e-11.
Computing volumes of the grid elements.
Min. volume: 0.000151846, max. volume: 36.5349.

# FGMRES residual history
# Residual tolerance target = 1e-10
# Initial residual norm     = 6.92005e-10
     0     1
# FGMRES final (true) residual:
# Iteration = 4: |res|/|res0| = 2.70052e-11.

Computing volumes of the grid elements.
Non-linear iter.: 146/500. Linear iter.: 4. Min. area: 0.000151846. Error: 2.70052e-11.
Computing volumes of the grid elements.
Min. volume: 0.000151846, max. volume: 36.5349.

# FGMRES residual history
# Residual tolerance target = 1e-10
# Initial residual norm     = 6.92012e-10
     0     1
# FGMRES final (true) residual:
# Iteration = 4: |res|/|res0| = 2.70048e-11.

Computing volumes of the grid elements.
Non-linear iter.: 147/500. Linear iter.: 4. Min. area: 0.000151846. Error: 2.70048e-11.
Computing volumes of the grid elements.
Min. volume: 0.000151846, max. volume: 36.5349.

# FGMRES residual history
# Residual tolerance target = 1e-10
# Initial residual norm     = 6.92019e-10
     0     1
# FGMRES final (true) residual:
# Iteration = 4: |res|/|res0| = 2.70045e-11.

Computing volumes of the grid elements.
Non-linear iter.: 148/500. Linear iter.: 4. Min. area: 0.000151846. Error: 2.70045e-11.
Computing volumes of the grid elements.
Min. volume: 0.000151846, max. volume: 36.5349.

# FGMRES residual history
# Residual tolerance target = 1e-10
# Initial residual norm     = 6.92026e-10
     0     1
# FGMRES final (true) residual:
# Iteration = 4: |res|/|res0| = 2.70042e-11.

Computing volumes of the grid elements.
Non-linear iter.: 149/500. Linear iter.: 4. Min. area: 0.000151846. Error: 2.70042e-11.
Computing volumes of the grid elements.
Min. volume: 0.000151846, max. volume: 36.5349.

# FGMRES residual history
# Residual tolerance target = 1e-10
# Initial residual norm     = 6.92033e-10
     0     1
# FGMRES final (true) residual:
# Iteration = 4: |res|/|res0| = 2.70038e-11.

Computing volumes of the grid elements.
Non-linear iter.: 150/500. Linear iter.: 4. Min. area: 0.000151846. Error: 2.70038e-11.
Computing volumes of the grid elements.
Min. volume: 0.000151846, max. volume: 36.5349.

# FGMRES residual history
# Residual tolerance target = 1e-10
# Initial residual norm     = 6.9204e-10
     0     1
# FGMRES final (true) residual:
# Iteration = 4: |res|/|res0| = 2.70035e-11.

Computing volumes of the grid elements.
Non-linear iter.: 151/500. Linear iter.: 4. Min. area: 0.000151846. Error: 2.70035e-11.
Computing volumes of the grid elements.
Min. volume: 0.000151846, max. volume: 36.5349.

# FGMRES residual history
# Residual tolerance target = 1e-10
# Initial residual norm     = 6.92047e-10
     0     1
# FGMRES final (true) residual:
# Iteration = 4: |res|/|res0| = 2.70032e-11.

Computing volumes of the grid elements.
Non-linear iter.: 152/500. Linear iter.: 4. Min. area: 0.000151846. Error: 2.70032e-11.
Computing volumes of the grid elements.
Min. volume: 0.000151846, max. volume: 36.5349.

# FGMRES residual history
# Residual tolerance target = 1e-10
# Initial residual norm     = 6.92055e-10
     0     1
# FGMRES final (true) residual:
# Iteration = 4: |res|/|res0| = 2.70028e-11.

Computing volumes of the grid elements.
Non-linear iter.: 153/500. Linear iter.: 4. Min. area: 0.000151846. Error: 2.70028e-11.
Computing volumes of the grid elements.
Min. volume: 0.000151846, max. volume: 36.5349.

# FGMRES residual history
# Residual tolerance target = 1e-10
# Initial residual norm     = 6.92062e-10
     0     1
# FGMRES final (true) residual:
# Iteration = 4: |res|/|res0| = 2.70025e-11.

Computing volumes of the grid elements.
Non-linear iter.: 154/500. Linear iter.: 4. Min. area: 0.000151846. Error: 2.70025e-11.
Computing volumes of the grid elements.
Min. volume: 0.000151846, max. volume: 36.5349.

# FGMRES residual history
# Residual tolerance target = 1e-10
# Initial residual norm     = 6.92069e-10
     0     1
# FGMRES final (true) residual:
# Iteration = 4: |res|/|res0| = 2.70022e-11.

Computing volumes of the grid elements.
Non-linear iter.: 155/500. Linear iter.: 4. Min. area: 0.000151846. Error: 2.70022e-11.
Computing volumes of the grid elements.
Min. volume: 0.000151846, max. volume: 36.5349.

# FGMRES residual history
# Residual tolerance target = 1e-10
# Initial residual norm     = 6.92076e-10
     0     1
# FGMRES final (true) residual:
# Iteration = 4: |res|/|res0| = 2.70018e-11.

Computing volumes of the grid elements.
Non-linear iter.: 156/500. Linear iter.: 4. Min. area: 0.000151846. Error: 2.70018e-11.
Computing volumes of the grid elements.
Min. volume: 0.000151846, max. volume: 36.5349.

# FGMRES residual history
# Residual tolerance target = 1e-10
# Initial residual norm     = 6.92083e-10
     0     1
# FGMRES final (true) residual:
# Iteration = 4: |res|/|res0| = 2.70015e-11.

Computing volumes of the grid elements.
Non-linear iter.: 157/500. Linear iter.: 4. Min. area: 0.000151845. Error: 2.70015e-11.
Computing volumes of the grid elements.
Min. volume: 0.000151845, max. volume: 36.5349.

# FGMRES residual history
# Residual tolerance target = 1e-10
# Initial residual norm     = 6.9209e-10
     0     1
# FGMRES final (true) residual:
# Iteration = 4: |res|/|res0| = 2.70012e-11.

Computing volumes of the grid elements.
Non-linear iter.: 158/500. Linear iter.: 4. Min. area: 0.000151845. Error: 2.70012e-11.
Computing volumes of the grid elements.
Min. volume: 0.000151845, max. volume: 36.5349.

# FGMRES residual history
# Residual tolerance target = 1e-10
# Initial residual norm     = 6.92097e-10
     0     1
# FGMRES final (true) residual:
# Iteration = 4: |res|/|res0| = 2.70009e-11.

Computing volumes of the grid elements.
Non-linear iter.: 159/500. Linear iter.: 4. Min. area: 0.000151845. Error: 2.70009e-11.
Computing volumes of the grid elements.
Min. volume: 0.000151845, max. volume: 36.5349.

# FGMRES residual history
# Residual tolerance target = 1e-10
# Initial residual norm     = 6.92105e-10
     0     1
# FGMRES final (true) residual:
# Iteration = 4: |res|/|res0| = 2.70005e-11.

Computing volumes of the grid elements.
Non-linear iter.: 160/500. Linear iter.: 4. Min. area: 0.000151845. Error: 2.70005e-11.
Computing volumes of the grid elements.
Min. volume: 0.000151845, max. volume: 36.5349.

# FGMRES residual history
# Residual tolerance target = 1e-10
# Initial residual norm     = 6.92112e-10
     0     1
# FGMRES final (true) residual:
# Iteration = 4: |res|/|res0| = 2.70002e-11.

Computing volumes of the grid elements.
Non-linear iter.: 161/500. Linear iter.: 4. Min. area: 0.000151845. Error: 2.70002e-11.
Computing volumes of the grid elements.
Min. volume: 0.000151845, max. volume: 36.5349.

# FGMRES residual history
# Residual tolerance target = 1e-10
# Initial residual norm     = 6.92119e-10
     0     1
# FGMRES final (true) residual:
# Iteration = 4: |res|/|res0| = 2.69999e-11.

Computing volumes of the grid elements.
Non-linear iter.: 162/500. Linear iter.: 4. Min. area: 0.000151845. Error: 2.69999e-11.
Computing volumes of the grid elements.
Min. volume: 0.000151845, max. volume: 36.5349.

# FGMRES residual history
# Residual tolerance target = 1e-10
# Initial residual norm     = 6.92126e-10
     0     1
# FGMRES final (true) residual:
# Iteration = 4: |res|/|res0| = 2.69995e-11.

Computing volumes of the grid elements.
Non-linear iter.: 163/500. Linear iter.: 4. Min. area: 0.000151845. Error: 2.69995e-11.
Computing volumes of the grid elements.
Min. volume: 0.000151845, max. volume: 36.5349.

# FGMRES residual history
# Residual tolerance target = 1e-10
# Initial residual norm     = 6.92133e-10
     0     1
# FGMRES final (true) residual:
# Iteration = 4: |res|/|res0| = 2.69992e-11.

Computing volumes of the grid elements.
Non-linear iter.: 164/500. Linear iter.: 4. Min. area: 0.000151845. Error: 2.69992e-11.
Computing volumes of the grid elements.
Min. volume: 0.000151845, max. volume: 36.5349.

# FGMRES residual history
# Residual tolerance target = 1e-10
# Initial residual norm     = 6.9214e-10
     0     1
# FGMRES final (true) residual:
# Iteration = 4: |res|/|res0| = 2.69989e-11.

Computing volumes of the grid elements.
Non-linear iter.: 165/500. Linear iter.: 4. Min. area: 0.000151845. Error: 2.69989e-11.
Computing volumes of the grid elements.
Min. volume: 0.000151845, max. volume: 36.5349.

# FGMRES residual history
# Residual tolerance target = 1e-10
# Initial residual norm     = 6.92148e-10
     0     1
# FGMRES final (true) residual:
# Iteration = 4: |res|/|res0| = 2.69985e-11.

Computing volumes of the grid elements.
Non-linear iter.: 166/500. Linear iter.: 4. Min. area: 0.000151845. Error: 2.69985e-11.
Computing volumes of the grid elements.
Min. volume: 0.000151845, max. volume: 36.5349.

# FGMRES residual history
# Residual tolerance target = 1e-10
# Initial residual norm     = 6.92155e-10
     0     1
# FGMRES final (true) residual:
# Iteration = 4: |res|/|res0| = 2.69982e-11.

Computing volumes of the grid elements.
Non-linear iter.: 167/500. Linear iter.: 4. Min. area: 0.000151845. Error: 2.69982e-11.
Computing volumes of the grid elements.
Min. volume: 0.000151845, max. volume: 36.5349.

# FGMRES residual history
# Residual tolerance target = 1e-10
# Initial residual norm     = 6.92162e-10
     0     1
# FGMRES final (true) residual:
# Iteration = 4: |res|/|res0| = 2.69979e-11.

Computing volumes of the grid elements.
Non-linear iter.: 168/500. Linear iter.: 4. Min. area: 0.000151845. Error: 2.69979e-11.
Computing volumes of the grid elements.
Min. volume: 0.000151845, max. volume: 36.5349.

# FGMRES residual history
# Residual tolerance target = 1e-10
# Initial residual norm     = 6.92169e-10
     0     1
# FGMRES final (true) residual:
# Iteration = 4: |res|/|res0| = 2.69975e-11.

Computing volumes of the grid elements.
Non-linear iter.: 169/500. Linear iter.: 4. Min. area: 0.000151845. Error: 2.69975e-11.
Computing volumes of the grid elements.
Min. volume: 0.000151845, max. volume: 36.5349.

# FGMRES residual history
# Residual tolerance target = 1e-10
# Initial residual norm     = 6.92176e-10
     0     1
# FGMRES final (true) residual:
# Iteration = 4: |res|/|res0| = 2.69972e-11.

Computing volumes of the grid elements.
Non-linear iter.: 170/500. Linear iter.: 4. Min. area: 0.000151845. Error: 2.69972e-11.
Computing volumes of the grid elements.
Min. volume: 0.000151845, max. volume: 36.5349.

# FGMRES residual history
# Residual tolerance target = 1e-10
# Initial residual norm     = 6.92183e-10
     0     1
# FGMRES final (true) residual:
# Iteration = 4: |res|/|res0| = 2.69969e-11.

Computing volumes of the grid elements.
Non-linear iter.: 171/500. Linear iter.: 4. Min. area: 0.000151845. Error: 2.69969e-11.
Computing volumes of the grid elements.
Min. volume: 0.000151845, max. volume: 36.5349.

# FGMRES residual history
# Residual tolerance target = 1e-10
# Initial residual norm     = 6.92191e-10
     0     1
# FGMRES final (true) residual:
# Iteration = 4: |res|/|res0| = 2.69965e-11.

Computing volumes of the grid elements.
Non-linear iter.: 172/500. Linear iter.: 4. Min. area: 0.000151845. Error: 2.69965e-11.
Computing volumes of the grid elements.
Min. volume: 0.000151845, max. volume: 36.5349.

# FGMRES residual history
# Residual tolerance target = 1e-10
# Initial residual norm     = 6.92198e-10
     0     1
# FGMRES final (true) residual:
# Iteration = 4: |res|/|res0| = 2.69962e-11.

Computing volumes of the grid elements.
Non-linear iter.: 173/500. Linear iter.: 4. Min. area: 0.000151845. Error: 2.69962e-11.
Computing volumes of the grid elements.
Min. volume: 0.000151845, max. volume: 36.5349.

# FGMRES residual history
# Residual tolerance target = 1e-10
# Initial residual norm     = 6.92205e-10
     0     1
# FGMRES final (true) residual:
# Iteration = 4: |res|/|res0| = 2.69959e-11.

Computing volumes of the grid elements.
Non-linear iter.: 174/500. Linear iter.: 4. Min. area: 0.000151845. Error: 2.69959e-11.
Computing volumes of the grid elements.
Min. volume: 0.000151845, max. volume: 36.5349.

# FGMRES residual history
# Residual tolerance target = 1e-10
# Initial residual norm     = 6.92212e-10
     0     1
# FGMRES final (true) residual:
# Iteration = 4: |res|/|res0| = 2.69955e-11.

Computing volumes of the grid elements.
Non-linear iter.: 175/500. Linear iter.: 4. Min. area: 0.000151845. Error: 2.69955e-11.
Computing volumes of the grid elements.
Min. volume: 0.000151845, max. volume: 36.5349.

# FGMRES residual history
# Residual tolerance target = 1e-10
# Initial residual norm     = 6.92219e-10
     0     1
# FGMRES final (true) residual:
# Iteration = 4: |res|/|res0| = 2.69952e-11.

Computing volumes of the grid elements.
Non-linear iter.: 176/500. Linear iter.: 4. Min. area: 0.000151845. Error: 2.69952e-11.
Computing volumes of the grid elements.
Min. volume: 0.000151845, max. volume: 36.5349.

# FGMRES residual history
# Residual tolerance target = 1e-10
# Initial residual norm     = 6.92226e-10
     0     1
# FGMRES final (true) residual:
# Iteration = 4: |res|/|res0| = 2.69949e-11.

Computing volumes of the grid elements.
Non-linear iter.: 177/500. Linear iter.: 4. Min. area: 0.000151845. Error: 2.69949e-11.
Computing volumes of the grid elements.
Min. volume: 0.000151845, max. volume: 36.5349.

# FGMRES residual history
# Residual tolerance target = 1e-10
# Initial residual norm     = 6.92233e-10
     0     1
# FGMRES final (true) residual:
# Iteration = 4: |res|/|res0| = 2.69946e-11.

Computing volumes of the grid elements.
Non-linear iter.: 178/500. Linear iter.: 4. Min. area: 0.000151845. Error: 2.69946e-11.
Computing volumes of the grid elements.
Min. volume: 0.000151845, max. volume: 36.5349.

# FGMRES residual history
# Residual tolerance target = 1e-10
# Initial residual norm     = 6.92241e-10
     0     1
# FGMRES final (true) residual:
# Iteration = 4: |res|/|res0| = 2.69942e-11.

Computing volumes of the grid elements.
Non-linear iter.: 179/500. Linear iter.: 4. Min. area: 0.000151845. Error: 2.69942e-11.
Computing volumes of the grid elements.
Min. volume: 0.000151845, max. volume: 36.5349.

# FGMRES residual history
# Residual tolerance target = 1e-10
# Initial residual norm     = 6.92248e-10
     0     1
# FGMRES final (true) residual:
# Iteration = 4: |res|/|res0| = 2.69939e-11.

Computing volumes of the grid elements.
Non-linear iter.: 180/500. Linear iter.: 4. Min. area: 0.000151845. Error: 2.69939e-11.
Computing volumes of the grid elements.
Min. volume: 0.000151845, max. volume: 36.5349.

# FGMRES residual history
# Residual tolerance target = 1e-10
# Initial residual norm     = 6.92255e-10
     0     1
# FGMRES final (true) residual:
# Iteration = 4: |res|/|res0| = 2.69936e-11.

Computing volumes of the grid elements.
Non-linear iter.: 181/500. Linear iter.: 4. Min. area: 0.000151845. Error: 2.69936e-11.
Computing volumes of the grid elements.
Min. volume: 0.000151845, max. volume: 36.5349.

# FGMRES residual history
# Residual tolerance target = 1e-10
# Initial residual norm     = 6.92262e-10
     0     1
# FGMRES final (true) residual:
# Iteration = 4: |res|/|res0| = 2.69932e-11.

Computing volumes of the grid elements.
Non-linear iter.: 182/500. Linear iter.: 4. Min. area: 0.000151845. Error: 2.69932e-11.
Computing volumes of the grid elements.
Min. volume: 0.000151845, max. volume: 36.5349.

# FGMRES residual history
# Residual tolerance target = 1e-10
# Initial residual norm     = 6.92269e-10
     0     1
# FGMRES final (true) residual:
# Iteration = 4: |res|/|res0| = 2.69929e-11.

Computing volumes of the grid elements.
Non-linear iter.: 183/500. Linear iter.: 4. Min. area: 0.000151845. Error: 2.69929e-11.
Computing volumes of the grid elements.
Min. volume: 0.000151845, max. volume: 36.5349.

# FGMRES residual history
# Residual tolerance target = 1e-10
# Initial residual norm     = 6.92276e-10
     0     1
# FGMRES final (true) residual:
# Iteration = 4: |res|/|res0| = 2.69926e-11.

Computing volumes of the grid elements.
Non-linear iter.: 184/500. Linear iter.: 4. Min. area: 0.000151845. Error: 2.69926e-11.
Computing volumes of the grid elements.
Min. volume: 0.000151845, max. volume: 36.5349.

# FGMRES residual history
# Residual tolerance target = 1e-10
# Initial residual norm     = 6.92284e-10
     0     1
# FGMRES final (true) residual:
# Iteration = 4: |res|/|res0| = 2.69922e-11.

Computing volumes of the grid elements.
Non-linear iter.: 185/500. Linear iter.: 4. Min. area: 0.000151845. Error: 2.69922e-11.
Computing volumes of the grid elements.
Min. volume: 0.000151845, max. volume: 36.5349.

# FGMRES residual history
# Residual tolerance target = 1e-10
# Initial residual norm     = 6.92291e-10
     0     1
# FGMRES final (true) residual:
# Iteration = 4: |res|/|res0| = 2.69919e-11.

Computing volumes of the grid elements.
Non-linear iter.: 186/500. Linear iter.: 4. Min. area: 0.000151845. Error: 2.69919e-11.
Computing volumes of the grid elements.
Min. volume: 0.000151845, max. volume: 36.5349.

# FGMRES residual history
# Residual tolerance target = 1e-10
# Initial residual norm     = 6.92298e-10
     0     1
# FGMRES final (true) residual:
# Iteration = 4: |res|/|res0| = 2.69916e-11.

Computing volumes of the grid elements.
Non-linear iter.: 187/500. Linear iter.: 4. Min. area: 0.000151845. Error: 2.69916e-11.
Computing volumes of the grid elements.
Min. volume: 0.000151845, max. volume: 36.5349.

# FGMRES residual history
# Residual tolerance target = 1e-10
# Initial residual norm     = 6.92305e-10
     0     1
# FGMRES final (true) residual:
# Iteration = 4: |res|/|res0| = 2.69912e-11.

Computing volumes of the grid elements.
Non-linear iter.: 188/500. Linear iter.: 4. Min. area: 0.000151845. Error: 2.69912e-11.
Computing volumes of the grid elements.
Min. volume: 0.000151845, max. volume: 36.5349.

# FGMRES residual history
# Residual tolerance target = 1e-10
# Initial residual norm     = 6.92312e-10
     0     1
# FGMRES final (true) residual:
# Iteration = 4: |res|/|res0| = 2.69909e-11.

Computing volumes of the grid elements.
Non-linear iter.: 189/500. Linear iter.: 4. Min. area: 0.000151845. Error: 2.69909e-11.
Computing volumes of the grid elements.
Min. volume: 0.000151845, max. volume: 36.5349.

# FGMRES residual history
# Residual tolerance target = 1e-10
# Initial residual norm     = 6.92319e-10
     0     1
# FGMRES final (true) residual:
# Iteration = 4: |res|/|res0| = 2.69906e-11.

Computing volumes of the grid elements.
Non-linear iter.: 190/500. Linear iter.: 4. Min. area: 0.000151845. Error: 2.69906e-11.
Computing volumes of the grid elements.
Min. volume: 0.000151845, max. volume: 36.5349.

# FGMRES residual history
# Residual tolerance target = 1e-10
# Initial residual norm     = 6.92327e-10
     0     1
# FGMRES final (true) residual:
# Iteration = 4: |res|/|res0| = 2.69902e-11.

Computing volumes of the grid elements.
Non-linear iter.: 191/500. Linear iter.: 4. Min. area: 0.000151845. Error: 2.69902e-11.
Computing volumes of the grid elements.
Min. volume: 0.000151845, max. volume: 36.5349.

# FGMRES residual history
# Residual tolerance target = 1e-10
# Initial residual norm     = 6.92334e-10
     0     1
# FGMRES final (true) residual:
# Iteration = 4: |res|/|res0| = 2.69899e-11.

Computing volumes of the grid elements.
Non-linear iter.: 192/500. Linear iter.: 4. Min. area: 0.000151845. Error: 2.69899e-11.
Computing volumes of the grid elements.
Min. volume: 0.000151845, max. volume: 36.5349.

# FGMRES residual history
# Residual tolerance target = 1e-10
# Initial residual norm     = 6.92341e-10
     0     1
# FGMRES final (true) residual:
# Iteration = 4: |res|/|res0| = 2.69896e-11.

Computing volumes of the grid elements.
Non-linear iter.: 193/500. Linear iter.: 4. Min. area: 0.000151845. Error: 2.69896e-11.
Computing volumes of the grid elements.
Min. volume: 0.000151845, max. volume: 36.5349.

# FGMRES residual history
# Residual tolerance target = 1e-10
# Initial residual norm     = 6.92348e-10
     0     1
# FGMRES final (true) residual:
# Iteration = 4: |res|/|res0| = 2.69892e-11.

Computing volumes of the grid elements.
Non-linear iter.: 194/500. Linear iter.: 4. Min. area: 0.000151845. Error: 2.69892e-11.
Computing volumes of the grid elements.
Min. volume: 0.000151845, max. volume: 36.5349.

# FGMRES residual history
# Residual tolerance target = 1e-10
# Initial residual norm     = 6.92355e-10
     0     1
# FGMRES final (true) residual:
# Iteration = 4: |res|/|res0| = 2.69889e-11.

Computing volumes of the grid elements.
Non-linear iter.: 195/500. Linear iter.: 4. Min. area: 0.000151845. Error: 2.69889e-11.
Computing volumes of the grid elements.
Min. volume: 0.000151845, max. volume: 36.5349.

# FGMRES residual history
# Residual tolerance target = 1e-10
# Initial residual norm     = 6.92362e-10
     0     1
# FGMRES final (true) residual:
# Iteration = 4: |res|/|res0| = 2.69886e-11.

Computing volumes of the grid elements.
Non-linear iter.: 196/500. Linear iter.: 4. Min. area: 0.000151845. Error: 2.69886e-11.
Computing volumes of the grid elements.
Min. volume: 0.000151845, max. volume: 36.5349.

# FGMRES residual history
# Residual tolerance target = 1e-10
# Initial residual norm     = 6.9237e-10
     0     1
# FGMRES final (true) residual:
# Iteration = 4: |res|/|res0| = 2.69883e-11.

Computing volumes of the grid elements.
Non-linear iter.: 197/500. Linear iter.: 4. Min. area: 0.000151845. Error: 2.69883e-11.
Computing volumes of the grid elements.
Min. volume: 0.000151845, max. volume: 36.5349.

# FGMRES residual history
# Residual tolerance target = 1e-10
# Initial residual norm     = 6.92377e-10
     0     1
# FGMRES final (true) residual:
# Iteration = 4: |res|/|res0| = 2.69879e-11.

Computing volumes of the grid elements.
Non-linear iter.: 198/500. Linear iter.: 4. Min. area: 0.000151845. Error: 2.69879e-11.
Computing volumes of the grid elements.
Min. volume: 0.000151845, max. volume: 36.5349.

# FGMRES residual history
# Residual tolerance target = 1e-10
# Initial residual norm     = 6.92384e-10
     0     1
# FGMRES final (true) residual:
# Iteration = 4: |res|/|res0| = 2.69876e-11.

Computing volumes of the grid elements.
Non-linear iter.: 199/500. Linear iter.: 4. Min. area: 0.000151845. Error: 2.69876e-11.
Computing volumes of the grid elements.
Min. volume: 0.000151845, max. volume: 36.5349.

# FGMRES residual history
# Residual tolerance target = 1e-10
# Initial residual norm     = 6.92391e-10
     0     1
# FGMRES final (true) residual:
# Iteration = 4: |res|/|res0| = 2.69873e-11.

Computing volumes of the grid elements.
Non-linear iter.: 200/500. Linear iter.: 4. Min. area: 0.000151845. Error: 2.69873e-11.
Computing volumes of the grid elements.
Min. volume: 0.000151845, max. volume: 36.5349.

# FGMRES residual history
# Residual tolerance target = 1e-10
# Initial residual norm     = 6.92398e-10
     0     1
# FGMRES final (true) residual:
# Iteration = 4: |res|/|res0| = 2.69869e-11.

Computing volumes of the grid elements.
Non-linear iter.: 201/500. Linear iter.: 4. Min. area: 0.000151845. Error: 2.69869e-11.
Computing volumes of the grid elements.
Min. volume: 0.000151845, max. volume: 36.5349.

# FGMRES residual history
# Residual tolerance target = 1e-10
# Initial residual norm     = 6.92405e-10
     0     1
# FGMRES final (true) residual:
# Iteration = 4: |res|/|res0| = 2.69866e-11.

Computing volumes of the grid elements.
Non-linear iter.: 202/500. Linear iter.: 4. Min. area: 0.000151845. Error: 2.69866e-11.
Computing volumes of the grid elements.
Min. volume: 0.000151845, max. volume: 36.5349.

# FGMRES residual history
# Residual tolerance target = 1e-10
# Initial residual norm     = 6.92412e-10
     0     1
# FGMRES final (true) residual:
# Iteration = 4: |res|/|res0| = 2.69863e-11.

Computing volumes of the grid elements.
Non-linear iter.: 203/500. Linear iter.: 4. Min. area: 0.000151845. Error: 2.69863e-11.
Computing volumes of the grid elements.
Min. volume: 0.000151845, max. volume: 36.5349.

# FGMRES residual history
# Residual tolerance target = 1e-10
# Initial residual norm     = 6.9242e-10
     0     1
# FGMRES final (true) residual:
# Iteration = 4: |res|/|res0| = 2.69859e-11.

Computing volumes of the grid elements.
Non-linear iter.: 204/500. Linear iter.: 4. Min. area: 0.000151845. Error: 2.69859e-11.
Computing volumes of the grid elements.
Min. volume: 0.000151845, max. volume: 36.5349.

# FGMRES residual history
# Residual tolerance target = 1e-10
# Initial residual norm     = 6.92427e-10
     0     1
# FGMRES final (true) residual:
# Iteration = 4: |res|/|res0| = 2.69856e-11.

Computing volumes of the grid elements.
Non-linear iter.: 205/500. Linear iter.: 4. Min. area: 0.000151845. Error: 2.69856e-11.
Computing volumes of the grid elements.
Min. volume: 0.000151845, max. volume: 36.5349.

# FGMRES residual history
# Residual tolerance target = 1e-10
# Initial residual norm     = 6.92434e-10
     0     1
# FGMRES final (true) residual:
# Iteration = 4: |res|/|res0| = 2.69853e-11.

Computing volumes of the grid elements.
Non-linear iter.: 206/500. Linear iter.: 4. Min. area: 0.000151845. Error: 2.69853e-11.
Computing volumes of the grid elements.
Min. volume: 0.000151845, max. volume: 36.5349.

# FGMRES residual history
# Residual tolerance target = 1e-10
# Initial residual norm     = 6.92441e-10
     0     1
# FGMRES final (true) residual:
# Iteration = 4: |res|/|res0| = 2.69849e-11.

Computing volumes of the grid elements.
Non-linear iter.: 207/500. Linear iter.: 4. Min. area: 0.000151845. Error: 2.69849e-11.
Computing volumes of the grid elements.
Min. volume: 0.000151845, max. volume: 36.5349.

# FGMRES residual history
# Residual tolerance target = 1e-10
# Initial residual norm     = 6.92448e-10
     0     1
# FGMRES final (true) residual:
# Iteration = 4: |res|/|res0| = 2.69846e-11.

Computing volumes of the grid elements.
Non-linear iter.: 208/500. Linear iter.: 4. Min. area: 0.000151845. Error: 2.69846e-11.
Computing volumes of the grid elements.
Min. volume: 0.000151845, max. volume: 36.5349.

# FGMRES residual history
# Residual tolerance target = 1e-10
# Initial residual norm     = 6.92455e-10
     0     1
# FGMRES final (true) residual:
# Iteration = 4: |res|/|res0| = 2.69843e-11.

Computing volumes of the grid elements.
Non-linear iter.: 209/500. Linear iter.: 4. Min. area: 0.000151845. Error: 2.69843e-11.
Computing volumes of the grid elements.
Min. volume: 0.000151845, max. volume: 36.5349.

# FGMRES residual history
# Residual tolerance target = 1e-10
# Initial residual norm     = 6.92463e-10
     0     1
# FGMRES final (true) residual:
# Iteration = 4: |res|/|res0| = 2.69839e-11.

Computing volumes of the grid elements.
Non-linear iter.: 210/500. Linear iter.: 4. Min. area: 0.000151845. Error: 2.69839e-11.
Computing volumes of the grid elements.
Min. volume: 0.000151845, max. volume: 36.5349.

# FGMRES residual history
# Residual tolerance target = 1e-10
# Initial residual norm     = 6.9247e-10
     0     1
# FGMRES final (true) residual:
# Iteration = 4: |res|/|res0| = 2.69836e-11.

Computing volumes of the grid elements.
Non-linear iter.: 211/500. Linear iter.: 4. Min. area: 0.000151845. Error: 2.69836e-11.
Computing volumes of the grid elements.
Min. volume: 0.000151845, max. volume: 36.5349.

# FGMRES residual history
# Residual tolerance target = 1e-10
# Initial residual norm     = 6.92477e-10
     0     1
# FGMRES final (true) residual:
# Iteration = 4: |res|/|res0| = 2.69833e-11.

Computing volumes of the grid elements.
Non-linear iter.: 212/500. Linear iter.: 4. Min. area: 0.000151845. Error: 2.69833e-11.
Computing volumes of the grid elements.
Min. volume: 0.000151845, max. volume: 36.5349.

# FGMRES residual history
# Residual tolerance target = 1e-10
# Initial residual norm     = 6.92484e-10
     0     1
# FGMRES final (true) residual:
# Iteration = 4: |res|/|res0| = 2.69829e-11.

Computing volumes of the grid elements.
Non-linear iter.: 213/500. Linear iter.: 4. Min. area: 0.000151845. Error: 2.69829e-11.
Computing volumes of the grid elements.
Min. volume: 0.000151845, max. volume: 36.5349.

# FGMRES residual history
# Residual tolerance target = 1e-10
# Initial residual norm     = 6.92491e-10
     0     1
# FGMRES final (true) residual:
# Iteration = 4: |res|/|res0| = 2.69826e-11.

Computing volumes of the grid elements.
Non-linear iter.: 214/500. Linear iter.: 4. Min. area: 0.000151845. Error: 2.69826e-11.
Computing volumes of the grid elements.
Min. volume: 0.000151845, max. volume: 36.5349.

# FGMRES residual history
# Residual tolerance target = 1e-10
# Initial residual norm     = 6.92498e-10
     0     1
# FGMRES final (true) residual:
# Iteration = 4: |res|/|res0| = 2.69823e-11.

Computing volumes of the grid elements.
Non-linear iter.: 215/500. Linear iter.: 4. Min. area: 0.000151845. Error: 2.69823e-11.
Computing volumes of the grid elements.
Min. volume: 0.000151845, max. volume: 36.5349.

# FGMRES residual history
# Residual tolerance target = 1e-10
# Initial residual norm     = 6.92506e-10
     0     1
# FGMRES final (true) residual:
# Iteration = 4: |res|/|res0| = 2.6982e-11.

Computing volumes of the grid elements.
Non-linear iter.: 216/500. Linear iter.: 4. Min. area: 0.000151845. Error: 2.6982e-11.
Computing volumes of the grid elements.
Min. volume: 0.000151845, max. volume: 36.5349.

# FGMRES residual history
# Residual tolerance target = 1e-10
# Initial residual norm     = 6.92513e-10
     0     1
# FGMRES final (true) residual:
# Iteration = 4: |res|/|res0| = 2.69816e-11.

Computing volumes of the grid elements.
Non-linear iter.: 217/500. Linear iter.: 4. Min. area: 0.000151845. Error: 2.69816e-11.
Computing volumes of the grid elements.
Min. volume: 0.000151845, max. volume: 36.5349.

# FGMRES residual history
# Residual tolerance target = 1e-10
# Initial residual norm     = 6.9252e-10
     0     1
# FGMRES final (true) residual:
# Iteration = 4: |res|/|res0| = 2.69813e-11.

Computing volumes of the grid elements.
Non-linear iter.: 218/500. Linear iter.: 4. Min. area: 0.000151845. Error: 2.69813e-11.
Computing volumes of the grid elements.
Min. volume: 0.000151845, max. volume: 36.5349.

# FGMRES residual history
# Residual tolerance target = 1e-10
# Initial residual norm     = 6.92527e-10
     0     1
# FGMRES final (true) residual:
# Iteration = 4: |res|/|res0| = 2.6981e-11.

Computing volumes of the grid elements.
Non-linear iter.: 219/500. Linear iter.: 4. Min. area: 0.000151845. Error: 2.6981e-11.
Computing volumes of the grid elements.
Min. volume: 0.000151845, max. volume: 36.5349.

# FGMRES residual history
# Residual tolerance target = 1e-10
# Initial residual norm     = 6.92534e-10
     0     1
# FGMRES final (true) residual:
# Iteration = 4: |res|/|res0| = 2.69806e-11.

Computing volumes of the grid elements.
Non-linear iter.: 220/500. Linear iter.: 4. Min. area: 0.000151845. Error: 2.69806e-11.
Computing volumes of the grid elements.
Min. volume: 0.000151845, max. volume: 36.5349.

# FGMRES residual history
# Residual tolerance target = 1e-10
# Initial residual norm     = 6.92541e-10
     0     1
# FGMRES final (true) residual:
# Iteration = 4: |res|/|res0| = 2.69803e-11.

Computing volumes of the grid elements.
Non-linear iter.: 221/500. Linear iter.: 4. Min. area: 0.000151845. Error: 2.69803e-11.
Computing volumes of the grid elements.
Min. volume: 0.000151845, max. volume: 36.5349.

# FGMRES residual history
# Residual tolerance target = 1e-10
# Initial residual norm     = 6.92549e-10
     0     1
# FGMRES final (true) residual:
# Iteration = 4: |res|/|res0| = 2.698e-11.

Computing volumes of the grid elements.
Non-linear iter.: 222/500. Linear iter.: 4. Min. area: 0.000151845. Error: 2.698e-11.
Computing volumes of the grid elements.
Min. volume: 0.000151845, max. volume: 36.5349.

# FGMRES residual history
# Residual tolerance target = 1e-10
# Initial residual norm     = 6.92556e-10
     0     1
# FGMRES final (true) residual:
# Iteration = 4: |res|/|res0| = 2.69796e-11.

Computing volumes of the grid elements.
Non-linear iter.: 223/500. Linear iter.: 4. Min. area: 0.000151845. Error: 2.69796e-11.
Computing volumes of the grid elements.
Min. volume: 0.000151845, max. volume: 36.5349.

# FGMRES residual history
# Residual tolerance target = 1e-10
# Initial residual norm     = 6.92563e-10
     0     1
# FGMRES final (true) residual:
# Iteration = 4: |res|/|res0| = 2.69793e-11.

Computing volumes of the grid elements.
Non-linear iter.: 224/500. Linear iter.: 4. Min. area: 0.000151845. Error: 2.69793e-11.
Computing volumes of the grid elements.
Min. volume: 0.000151845, max. volume: 36.5349.

# FGMRES residual history
# Residual tolerance target = 1e-10
# Initial residual norm     = 6.9257e-10
     0     1
# FGMRES final (true) residual:
# Iteration = 4: |res|/|res0| = 2.6979e-11.

Computing volumes of the grid elements.
Non-linear iter.: 225/500. Linear iter.: 4. Min. area: 0.000151845. Error: 2.6979e-11.
Computing volumes of the grid elements.
Min. volume: 0.000151845, max. volume: 36.5349.

# FGMRES residual history
# Residual tolerance target = 1e-10
# Initial residual norm     = 6.92577e-10
     0     1
# FGMRES final (true) residual:
# Iteration = 4: |res|/|res0| = 2.69786e-11.

Computing volumes of the grid elements.
Non-linear iter.: 226/500. Linear iter.: 4. Min. area: 0.000151845. Error: 2.69786e-11.
Computing volumes of the grid elements.
Min. volume: 0.000151845, max. volume: 36.5349.

# FGMRES residual history
# Residual tolerance target = 1e-10
# Initial residual norm     = 6.92584e-10
     0     1
# FGMRES final (true) residual:
# Iteration = 4: |res|/|res0| = 2.69783e-11.

Computing volumes of the grid elements.
Non-linear iter.: 227/500. Linear iter.: 4. Min. area: 0.000151845. Error: 2.69783e-11.
Computing volumes of the grid elements.
Min. volume: 0.000151845, max. volume: 36.5349.

# FGMRES residual history
# Residual tolerance target = 1e-10
# Initial residual norm     = 6.92592e-10
     0     1
# FGMRES final (true) residual:
# Iteration = 4: |res|/|res0| = 2.6978e-11.

Computing volumes of the grid elements.
Non-linear iter.: 228/500. Linear iter.: 4. Min. area: 0.000151845. Error: 2.6978e-11.
Computing volumes of the grid elements.
Min. volume: 0.000151845, max. volume: 36.5349.

# FGMRES residual history
# Residual tolerance target = 1e-10
# Initial residual norm     = 6.92599e-10
     0     1
# FGMRES final (true) residual:
# Iteration = 4: |res|/|res0| = 2.69776e-11.

Computing volumes of the grid elements.
Non-linear iter.: 229/500. Linear iter.: 4. Min. area: 0.000151845. Error: 2.69776e-11.
Computing volumes of the grid elements.
Min. volume: 0.000151845, max. volume: 36.5349.

# FGMRES residual history
# Residual tolerance target = 1e-10
# Initial residual norm     = 6.92606e-10
     0     1
# FGMRES final (true) residual:
# Iteration = 4: |res|/|res0| = 2.69773e-11.

Computing volumes of the grid elements.
Non-linear iter.: 230/500. Linear iter.: 4. Min. area: 0.000151845. Error: 2.69773e-11.
Computing volumes of the grid elements.
Min. volume: 0.000151845, max. volume: 36.5349.

# FGMRES residual history
# Residual tolerance target = 1e-10
# Initial residual norm     = 6.92613e-10
     0     1
# FGMRES final (true) residual:
# Iteration = 4: |res|/|res0| = 2.6977e-11.

Computing volumes of the grid elements.
Non-linear iter.: 231/500. Linear iter.: 4. Min. area: 0.000151845. Error: 2.6977e-11.
Computing volumes of the grid elements.
Min. volume: 0.000151845, max. volume: 36.5349.

# FGMRES residual history
# Residual tolerance target = 1e-10
# Initial residual norm     = 6.9262e-10
     0     1
# FGMRES final (true) residual:
# Iteration = 4: |res|/|res0| = 2.69766e-11.

Computing volumes of the grid elements.
Non-linear iter.: 232/500. Linear iter.: 4. Min. area: 0.000151845. Error: 2.69766e-11.
Computing volumes of the grid elements.
Min. volume: 0.000151845, max. volume: 36.5349.

# FGMRES residual history
# Residual tolerance target = 1e-10
# Initial residual norm     = 6.92627e-10
     0     1
# FGMRES final (true) residual:
# Iteration = 4: |res|/|res0| = 2.69763e-11.

Computing volumes of the grid elements.
Non-linear iter.: 233/500. Linear iter.: 4. Min. area: 0.000151845. Error: 2.69763e-11.
Computing volumes of the grid elements.
Min. volume: 0.000151845, max. volume: 36.5349.

# FGMRES residual history
# Residual tolerance target = 1e-10
# Initial residual norm     = 6.92635e-10
     0     1
# FGMRES final (true) residual:
# Iteration = 4: |res|/|res0| = 2.6976e-11.

Computing volumes of the grid elements.
Non-linear iter.: 234/500. Linear iter.: 4. Min. area: 0.000151845. Error: 2.6976e-11.
Computing volumes of the grid elements.
Min. volume: 0.000151845, max. volume: 36.5349.

# FGMRES residual history
# Residual tolerance target = 1e-10
# Initial residual norm     = 6.92642e-10
     0     1
# FGMRES final (true) residual:
# Iteration = 4: |res|/|res0| = 2.69756e-11.

Computing volumes of the grid elements.
Non-linear iter.: 235/500. Linear iter.: 4. Min. area: 0.000151845. Error: 2.69756e-11.
Computing volumes of the grid elements.
Min. volume: 0.000151845, max. volume: 36.5349.

# FGMRES residual history
# Residual tolerance target = 1e-10
# Initial residual norm     = 6.92649e-10
     0     1
# FGMRES final (true) residual:
# Iteration = 4: |res|/|res0| = 2.69753e-11.

Computing volumes of the grid elements.
Non-linear iter.: 236/500. Linear iter.: 4. Min. area: 0.000151845. Error: 2.69753e-11.
Computing volumes of the grid elements.
Min. volume: 0.000151845, max. volume: 36.5349.

# FGMRES residual history
# Residual tolerance target = 1e-10
# Initial residual norm     = 6.92656e-10
     0     1
# FGMRES final (true) residual:
# Iteration = 4: |res|/|res0| = 2.6975e-11.

Computing volumes of the grid elements.
Non-linear iter.: 237/500. Linear iter.: 4. Min. area: 0.000151845. Error: 2.6975e-11.
Computing volumes of the grid elements.
Min. volume: 0.000151845, max. volume: 36.5349.

# FGMRES residual history
# Residual tolerance target = 1e-10
# Initial residual norm     = 6.92663e-10
     0     1
# FGMRES final (true) residual:
# Iteration = 4: |res|/|res0| = 2.69747e-11.

Computing volumes of the grid elements.
Non-linear iter.: 238/500. Linear iter.: 4. Min. area: 0.000151845. Error: 2.69747e-11.
Computing volumes of the grid elements.
Min. volume: 0.000151845, max. volume: 36.5349.

# FGMRES residual history
# Residual tolerance target = 1e-10
# Initial residual norm     = 6.92671e-10
     0     1
# FGMRES final (true) residual:
# Iteration = 4: |res|/|res0| = 2.69743e-11.

Computing volumes of the grid elements.
Non-linear iter.: 239/500. Linear iter.: 4. Min. area: 0.000151845. Error: 2.69743e-11.
Computing volumes of the grid elements.
Min. volume: 0.000151845, max. volume: 36.5349.

# FGMRES residual history
# Residual tolerance target = 1e-10
# Initial residual norm     = 6.92678e-10
     0     1
# FGMRES final (true) residual:
# Iteration = 4: |res|/|res0| = 2.6974e-11.

Computing volumes of the grid elements.
Non-linear iter.: 240/500. Linear iter.: 4. Min. area: 0.000151845. Error: 2.6974e-11.
Computing volumes of the grid elements.
Min. volume: 0.000151845, max. volume: 36.5349.

# FGMRES residual history
# Residual tolerance target = 1e-10
# Initial residual norm     = 6.92685e-10
     0     1
# FGMRES final (true) residual:
# Iteration = 4: |res|/|res0| = 2.69737e-11.

Computing volumes of the grid elements.
Non-linear iter.: 241/500. Linear iter.: 4. Min. area: 0.000151845. Error: 2.69737e-11.
Computing volumes of the grid elements.
Min. volume: 0.000151845, max. volume: 36.5349.

# FGMRES residual history
# Residual tolerance target = 1e-10
# Initial residual norm     = 6.92692e-10
     0     1
# FGMRES final (true) residual:
# Iteration = 4: |res|/|res0| = 2.69733e-11.

Computing volumes of the grid elements.
Non-linear iter.: 242/500. Linear iter.: 4. Min. area: 0.000151845. Error: 2.69733e-11.
Computing volumes of the grid elements.
Min. volume: 0.000151845, max. volume: 36.5349.

# FGMRES residual history
# Residual tolerance target = 1e-10
# Initial residual norm     = 6.92699e-10
     0     1
# FGMRES final (true) residual:
# Iteration = 4: |res|/|res0| = 2.6973e-11.

Computing volumes of the grid elements.
Non-linear iter.: 243/500. Linear iter.: 4. Min. area: 0.000151845. Error: 2.6973e-11.
Computing volumes of the grid elements.
Min. volume: 0.000151845, max. volume: 36.5349.

# FGMRES residual history
# Residual tolerance target = 1e-10
# Initial residual norm     = 6.92706e-10
     0     1
# FGMRES final (true) residual:
# Iteration = 4: |res|/|res0| = 2.69727e-11.

Computing volumes of the grid elements.
Non-linear iter.: 244/500. Linear iter.: 4. Min. area: 0.000151845. Error: 2.69727e-11.
Computing volumes of the grid elements.
Min. volume: 0.000151845, max. volume: 36.5349.

# FGMRES residual history
# Residual tolerance target = 1e-10
# Initial residual norm     = 6.92714e-10
     0     1
# FGMRES final (true) residual:
# Iteration = 4: |res|/|res0| = 2.69723e-11.

Computing volumes of the grid elements.
Non-linear iter.: 245/500. Linear iter.: 4. Min. area: 0.000151845. Error: 2.69723e-11.
Computing volumes of the grid elements.
Min. volume: 0.000151845, max. volume: 36.5349.

# FGMRES residual history
# Residual tolerance target = 1e-10
# Initial residual norm     = 6.92721e-10
     0     1
# FGMRES final (true) residual:
# Iteration = 4: |res|/|res0| = 2.6972e-11.

Computing volumes of the grid elements.
Non-linear iter.: 246/500. Linear iter.: 4. Min. area: 0.000151845. Error: 2.6972e-11.
Computing volumes of the grid elements.
Min. volume: 0.000151845, max. volume: 36.5349.

# FGMRES residual history
# Residual tolerance target = 1e-10
# Initial residual norm     = 6.92728e-10
     0     1
# FGMRES final (true) residual:
# Iteration = 4: |res|/|res0| = 2.69717e-11.

Computing volumes of the grid elements.
Non-linear iter.: 247/500. Linear iter.: 4. Min. area: 0.000151845. Error: 2.69717e-11.
Computing volumes of the grid elements.
Min. volume: 0.000151845, max. volume: 36.5349.

# FGMRES residual history
# Residual tolerance target = 1e-10
# Initial residual norm     = 6.92735e-10
     0     1
# FGMRES final (true) residual:
# Iteration = 4: |res|/|res0| = 2.69713e-11.

Computing volumes of the grid elements.
Non-linear iter.: 248/500. Linear iter.: 4. Min. area: 0.000151845. Error: 2.69713e-11.
Computing volumes of the grid elements.
Min. volume: 0.000151845, max. volume: 36.5349.

# FGMRES residual history
# Residual tolerance target = 1e-10
# Initial residual norm     = 6.92742e-10
     0     1
# FGMRES final (true) residual:
# Iteration = 4: |res|/|res0| = 2.6971e-11.

Computing volumes of the grid elements.
Non-linear iter.: 249/500. Linear iter.: 4. Min. area: 0.000151845. Error: 2.6971e-11.
Computing volumes of the grid elements.
Min. volume: 0.000151845, max. volume: 36.5349.

# FGMRES residual history
# Residual tolerance target = 1e-10
# Initial residual norm     = 6.92749e-10
     0     1
# FGMRES final (true) residual:
# Iteration = 4: |res|/|res0| = 2.69707e-11.

Computing volumes of the grid elements.
Non-linear iter.: 250/500. Linear iter.: 4. Min. area: 0.000151845. Error: 2.69707e-11.
Computing volumes of the grid elements.
Min. volume: 0.000151845, max. volume: 36.5349.

# FGMRES residual history
# Residual tolerance target = 1e-10
# Initial residual norm     = 6.92757e-10
     0     1
# FGMRES final (true) residual:
# Iteration = 4: |res|/|res0| = 2.69703e-11.

Computing volumes of the grid elements.
Non-linear iter.: 251/500. Linear iter.: 4. Min. area: 0.000151845. Error: 2.69703e-11.
Computing volumes of the grid elements.
Min. volume: 0.000151845, max. volume: 36.5349.

# FGMRES residual history
# Residual tolerance target = 1e-10
# Initial residual norm     = 6.92764e-10
     0     1
# FGMRES final (true) residual:
# Iteration = 4: |res|/|res0| = 2.697e-11.

Computing volumes of the grid elements.
Non-linear iter.: 252/500. Linear iter.: 4. Min. area: 0.000151845. Error: 2.697e-11.
Computing volumes of the grid elements.
Min. volume: 0.000151845, max. volume: 36.5349.

# FGMRES residual history
# Residual tolerance target = 1e-10
# Initial residual norm     = 6.92771e-10
     0     1
# FGMRES final (true) residual:
# Iteration = 4: |res|/|res0| = 2.69697e-11.

Computing volumes of the grid elements.
Non-linear iter.: 253/500. Linear iter.: 4. Min. area: 0.000151845. Error: 2.69697e-11.
Computing volumes of the grid elements.
Min. volume: 0.000151845, max. volume: 36.5349.

# FGMRES residual history
# Residual tolerance target = 1e-10
# Initial residual norm     = 6.92778e-10
     0     1
# FGMRES final (true) residual:
# Iteration = 4: |res|/|res0| = 2.69693e-11.

Computing volumes of the grid elements.
Non-linear iter.: 254/500. Linear iter.: 4. Min. area: 0.000151845. Error: 2.69693e-11.
Computing volumes of the grid elements.
Min. volume: 0.000151845, max. volume: 36.5349.

# FGMRES residual history
# Residual tolerance target = 1e-10
# Initial residual norm     = 6.92785e-10
     0     1
# FGMRES final (true) residual:
# Iteration = 4: |res|/|res0| = 2.6969e-11.

Computing volumes of the grid elements.
Non-linear iter.: 255/500. Linear iter.: 4. Min. area: 0.000151845. Error: 2.6969e-11.
Computing volumes of the grid elements.
Min. volume: 0.000151845, max. volume: 36.5349.

# FGMRES residual history
# Residual tolerance target = 1e-10
# Initial residual norm     = 6.92792e-10
     0     1
# FGMRES final (true) residual:
# Iteration = 4: |res|/|res0| = 2.69687e-11.

Computing volumes of the grid elements.
Non-linear iter.: 256/500. Linear iter.: 4. Min. area: 0.000151845. Error: 2.69687e-11.
Computing volumes of the grid elements.
Min. volume: 0.000151845, max. volume: 36.5349.

# FGMRES residual history
# Residual tolerance target = 1e-10
# Initial residual norm     = 6.928e-10
     0     1
# FGMRES final (true) residual:
# Iteration = 4: |res|/|res0| = 2.69683e-11.

Computing volumes of the grid elements.
Non-linear iter.: 257/500. Linear iter.: 4. Min. area: 0.000151845. Error: 2.69683e-11.
Computing volumes of the grid elements.
Min. volume: 0.000151845, max. volume: 36.5349.

# FGMRES residual history
# Residual tolerance target = 1e-10
# Initial residual norm     = 6.92807e-10
     0     1
# FGMRES final (true) residual:
# Iteration = 4: |res|/|res0| = 2.6968e-11.

Computing volumes of the grid elements.
Non-linear iter.: 258/500. Linear iter.: 4. Min. area: 0.000151845. Error: 2.6968e-11.
Computing volumes of the grid elements.
Min. volume: 0.000151845, max. volume: 36.5349.

# FGMRES residual history
# Residual tolerance target = 1e-10
# Initial residual norm     = 6.92814e-10
     0     1
# FGMRES final (true) residual:
# Iteration = 4: |res|/|res0| = 2.69677e-11.

Computing volumes of the grid elements.
Non-linear iter.: 259/500. Linear iter.: 4. Min. area: 0.000151845. Error: 2.69677e-11.
Computing volumes of the grid elements.
Min. volume: 0.000151845, max. volume: 36.5349.

# FGMRES residual history
# Residual tolerance target = 1e-10
# Initial residual norm     = 6.92821e-10
     0     1
# FGMRES final (true) residual:
# Iteration = 4: |res|/|res0| = 2.69674e-11.

Computing volumes of the grid elements.
Non-linear iter.: 260/500. Linear iter.: 4. Min. area: 0.000151845. Error: 2.69674e-11.
Computing volumes of the grid elements.
Min. volume: 0.000151845, max. volume: 36.5349.

# FGMRES residual history
# Residual tolerance target = 1e-10
# Initial residual norm     = 6.92828e-10
     0     1
# FGMRES final (true) residual:
# Iteration = 4: |res|/|res0| = 2.6967e-11.

Computing volumes of the grid elements.
Non-linear iter.: 261/500. Linear iter.: 4. Min. area: 0.000151845. Error: 2.6967e-11.
Computing volumes of the grid elements.
Min. volume: 0.000151845, max. volume: 36.5349.

# FGMRES residual history
# Residual tolerance target = 1e-10
# Initial residual norm     = 6.92836e-10
     0     1
# FGMRES final (true) residual:
# Iteration = 4: |res|/|res0| = 2.69667e-11.

Computing volumes of the grid elements.
Non-linear iter.: 262/500. Linear iter.: 4. Min. area: 0.000151845. Error: 2.69667e-11.
Computing volumes of the grid elements.
Min. volume: 0.000151845, max. volume: 36.5349.

# FGMRES residual history
# Residual tolerance target = 1e-10
# Initial residual norm     = 6.92843e-10
     0     1
# FGMRES final (true) residual:
# Iteration = 4: |res|/|res0| = 2.69664e-11.

Computing volumes of the grid elements.
Non-linear iter.: 263/500. Linear iter.: 4. Min. area: 0.000151845. Error: 2.69664e-11.
Computing volumes of the grid elements.
Min. volume: 0.000151845, max. volume: 36.5349.

# FGMRES residual history
# Residual tolerance target = 1e-10
# Initial residual norm     = 6.9285e-10
     0     1
# FGMRES final (true) residual:
# Iteration = 4: |res|/|res0| = 2.6966e-11.

Computing volumes of the grid elements.
Non-linear iter.: 264/500. Linear iter.: 4. Min. area: 0.000151845. Error: 2.6966e-11.
Computing volumes of the grid elements.
Min. volume: 0.000151845, max. volume: 36.5349.

# FGMRES residual history
# Residual tolerance target = 1e-10
# Initial residual norm     = 6.92857e-10
     0     1
# FGMRES final (true) residual:
# Iteration = 4: |res|/|res0| = 2.69657e-11.

Computing volumes of the grid elements.
Non-linear iter.: 265/500. Linear iter.: 4. Min. area: 0.000151845. Error: 2.69657e-11.
Computing volumes of the grid elements.
Min. volume: 0.000151845, max. volume: 36.5349.

# FGMRES residual history
# Residual tolerance target = 1e-10
# Initial residual norm     = 6.92864e-10
     0     1
# FGMRES final (true) residual:
# Iteration = 4: |res|/|res0| = 2.69654e-11.

Computing volumes of the grid elements.
Non-linear iter.: 266/500. Linear iter.: 4. Min. area: 0.000151845. Error: 2.69654e-11.
Computing volumes of the grid elements.
Min. volume: 0.000151845, max. volume: 36.5349.

# FGMRES residual history
# Residual tolerance target = 1e-10
# Initial residual norm     = 6.92871e-10
     0     1
# FGMRES final (true) residual:
# Iteration = 4: |res|/|res0| = 2.6965e-11.

Computing volumes of the grid elements.
Non-linear iter.: 267/500. Linear iter.: 4. Min. area: 0.000151845. Error: 2.6965e-11.
Computing volumes of the grid elements.
Min. volume: 0.000151845, max. volume: 36.5349.

# FGMRES residual history
# Residual tolerance target = 1e-10
# Initial residual norm     = 6.92879e-10
     0     1
# FGMRES final (true) residual:
# Iteration = 4: |res|/|res0| = 2.69647e-11.

Computing volumes of the grid elements.
Non-linear iter.: 268/500. Linear iter.: 4. Min. area: 0.000151845. Error: 2.69647e-11.
Computing volumes of the grid elements.
Min. volume: 0.000151845, max. volume: 36.5349.

# FGMRES residual history
# Residual tolerance target = 1e-10
# Initial residual norm     = 6.92886e-10
     0     1
# FGMRES final (true) residual:
# Iteration = 4: |res|/|res0| = 2.69644e-11.

Computing volumes of the grid elements.
Non-linear iter.: 269/500. Linear iter.: 4. Min. area: 0.000151845. Error: 2.69644e-11.
Computing volumes of the grid elements.
Min. volume: 0.000151845, max. volume: 36.5349.

# FGMRES residual history
# Residual tolerance target = 1e-10
# Initial residual norm     = 6.92893e-10
     0     1
# FGMRES final (true) residual:
# Iteration = 4: |res|/|res0| = 2.6964e-11.

Computing volumes of the grid elements.
Non-linear iter.: 270/500. Linear iter.: 4. Min. area: 0.000151845. Error: 2.6964e-11.
Computing volumes of the grid elements.
Min. volume: 0.000151845, max. volume: 36.5349.

# FGMRES residual history
# Residual tolerance target = 1e-10
# Initial residual norm     = 6.929e-10
     0     1
# FGMRES final (true) residual:
# Iteration = 4: |res|/|res0| = 2.69637e-11.

Computing volumes of the grid elements.
Non-linear iter.: 271/500. Linear iter.: 4. Min. area: 0.000151845. Error: 2.69637e-11.
Computing volumes of the grid elements.
Min. volume: 0.000151845, max. volume: 36.5349.

# FGMRES residual history
# Residual tolerance target = 1e-10
# Initial residual norm     = 6.92907e-10
     0     1
# FGMRES final (true) residual:
# Iteration = 4: |res|/|res0| = 2.69634e-11.

Computing volumes of the grid elements.
Non-linear iter.: 272/500. Linear iter.: 4. Min. area: 0.000151845. Error: 2.69634e-11.
Computing volumes of the grid elements.
Min. volume: 0.000151845, max. volume: 36.5349.

# FGMRES residual history
# Residual tolerance target = 1e-10
# Initial residual norm     = 6.92915e-10
     0     1
# FGMRES final (true) residual:
# Iteration = 4: |res|/|res0| = 2.6963e-11.

Computing volumes of the grid elements.
Non-linear iter.: 273/500. Linear iter.: 4. Min. area: 0.000151845. Error: 2.6963e-11.
Computing volumes of the grid elements.
Min. volume: 0.000151845, max. volume: 36.5349.

# FGMRES residual history
# Residual tolerance target = 1e-10
# Initial residual norm     = 6.92922e-10
     0     1
# FGMRES final (true) residual:
# Iteration = 4: |res|/|res0| = 2.69627e-11.

Computing volumes of the grid elements.
Non-linear iter.: 274/500. Linear iter.: 4. Min. area: 0.000151845. Error: 2.69627e-11.
Computing volumes of the grid elements.
Min. volume: 0.000151845, max. volume: 36.5349.

# FGMRES residual history
# Residual tolerance target = 1e-10
# Initial residual norm     = 6.92929e-10
     0     1
# FGMRES final (true) residual:
# Iteration = 4: |res|/|res0| = 2.69624e-11.

Computing volumes of the grid elements.
Non-linear iter.: 275/500. Linear iter.: 4. Min. area: 0.000151845. Error: 2.69624e-11.
Computing volumes of the grid elements.
Min. volume: 0.000151845, max. volume: 36.5349.

# FGMRES residual history
# Residual tolerance target = 1e-10
# Initial residual norm     = 6.92936e-10
     0     1
# FGMRES final (true) residual:
# Iteration = 4: |res|/|res0| = 2.6962e-11.

Computing volumes of the grid elements.
Non-linear iter.: 276/500. Linear iter.: 4. Min. area: 0.000151845. Error: 2.6962e-11.
Computing volumes of the grid elements.
Min. volume: 0.000151845, max. volume: 36.5349.

# FGMRES residual history
# Residual tolerance target = 1e-10
# Initial residual norm     = 6.92943e-10
     0     1
# FGMRES final (true) residual:
# Iteration = 4: |res|/|res0| = 2.69617e-11.

Computing volumes of the grid elements.
Non-linear iter.: 277/500. Linear iter.: 4. Min. area: 0.000151845. Error: 2.69617e-11.
Computing volumes of the grid elements.
Min. volume: 0.000151845, max. volume: 36.5349.

# FGMRES residual history
# Residual tolerance target = 1e-10
# Initial residual norm     = 6.9295e-10
     0     1
# FGMRES final (true) residual:
# Iteration = 4: |res|/|res0| = 2.69614e-11.

Computing volumes of the grid elements.
Non-linear iter.: 278/500. Linear iter.: 4. Min. area: 0.000151845. Error: 2.69614e-11.
Computing volumes of the grid elements.
Min. volume: 0.000151845, max. volume: 36.5349.

# FGMRES residual history
# Residual tolerance target = 1e-10
# Initial residual norm     = 6.92958e-10
     0     1
# FGMRES final (true) residual:
# Iteration = 4: |res|/|res0| = 2.6961e-11.

Computing volumes of the grid elements.
Non-linear iter.: 279/500. Linear iter.: 4. Min. area: 0.000151845. Error: 2.6961e-11.
Computing volumes of the grid elements.
Min. volume: 0.000151845, max. volume: 36.5349.

# FGMRES residual history
# Residual tolerance target = 1e-10
# Initial residual norm     = 6.92965e-10
     0     1
# FGMRES final (true) residual:
# Iteration = 4: |res|/|res0| = 2.69607e-11.

Computing volumes of the grid elements.
Non-linear iter.: 280/500. Linear iter.: 4. Min. area: 0.000151845. Error: 2.69607e-11.
Computing volumes of the grid elements.
Min. volume: 0.000151845, max. volume: 36.5349.

# FGMRES residual history
# Residual tolerance target = 1e-10
# Initial residual norm     = 6.92972e-10
     0     1
# FGMRES final (true) residual:
# Iteration = 4: |res|/|res0| = 2.69604e-11.

Computing volumes of the grid elements.
Non-linear iter.: 281/500. Linear iter.: 4. Min. area: 0.000151845. Error: 2.69604e-11.
Computing volumes of the grid elements.
Min. volume: 0.000151845, max. volume: 36.5349.

# FGMRES residual history
# Residual tolerance target = 1e-10
# Initial residual norm     = 6.92979e-10
     0     1
# FGMRES final (true) residual:
# Iteration = 4: |res|/|res0| = 2.69601e-11.

Computing volumes of the grid elements.
Non-linear iter.: 282/500. Linear iter.: 4. Min. area: 0.000151845. Error: 2.69601e-11.
Computing volumes of the grid elements.
Min. volume: 0.000151845, max. volume: 36.5349.

# FGMRES residual history
# Residual tolerance target = 1e-10
# Initial residual norm     = 6.92986e-10
     0     1
# FGMRES final (true) residual:
# Iteration = 4: |res|/|res0| = 2.69597e-11.

Computing volumes of the grid elements.
Non-linear iter.: 283/500. Linear iter.: 4. Min. area: 0.000151845. Error: 2.69597e-11.
Computing volumes of the grid elements.
Min. volume: 0.000151845, max. volume: 36.5349.

# FGMRES residual history
# Residual tolerance target = 1e-10
# Initial residual norm     = 6.92994e-10
     0     1
# FGMRES final (true) residual:
# Iteration = 4: |res|/|res0| = 2.69594e-11.

Computing volumes of the grid elements.
Non-linear iter.: 284/500. Linear iter.: 4. Min. area: 0.000151845. Error: 2.69594e-11.
Computing volumes of the grid elements.
Min. volume: 0.000151845, max. volume: 36.5349.

# FGMRES residual history
# Residual tolerance target = 1e-10
# Initial residual norm     = 6.93001e-10
     0     1
# FGMRES final (true) residual:
# Iteration = 4: |res|/|res0| = 2.69591e-11.

Computing volumes of the grid elements.
Non-linear iter.: 285/500. Linear iter.: 4. Min. area: 0.000151845. Error: 2.69591e-11.
Computing volumes of the grid elements.
Min. volume: 0.000151845, max. volume: 36.5349.

# FGMRES residual history
# Residual tolerance target = 1e-10
# Initial residual norm     = 6.93008e-10
     0     1
# FGMRES final (true) residual:
# Iteration = 4: |res|/|res0| = 2.69587e-11.

Computing volumes of the grid elements.
Non-linear iter.: 286/500. Linear iter.: 4. Min. area: 0.000151845. Error: 2.69587e-11.
Computing volumes of the grid elements.
Min. volume: 0.000151845, max. volume: 36.5349.

# FGMRES residual history
# Residual tolerance target = 1e-10
# Initial residual norm     = 6.93015e-10
     0     1
# FGMRES final (true) residual:
# Iteration = 4: |res|/|res0| = 2.69584e-11.

Computing volumes of the grid elements.
Non-linear iter.: 287/500. Linear iter.: 4. Min. area: 0.000151845. Error: 2.69584e-11.
Computing volumes of the grid elements.
Min. volume: 0.000151845, max. volume: 36.5349.

# FGMRES residual history
# Residual tolerance target = 1e-10
# Initial residual norm     = 6.93022e-10
     0     1
# FGMRES final (true) residual:
# Iteration = 4: |res|/|res0| = 2.69581e-11.

Computing volumes of the grid elements.
Non-linear iter.: 288/500. Linear iter.: 4. Min. area: 0.000151845. Error: 2.69581e-11.
Computing volumes of the grid elements.
Min. volume: 0.000151845, max. volume: 36.5349.

# FGMRES residual history
# Residual tolerance target = 1e-10
# Initial residual norm     = 6.93029e-10
     0     1
# FGMRES final (true) residual:
# Iteration = 4: |res|/|res0| = 2.69577e-11.

Computing volumes of the grid elements.
Non-linear iter.: 289/500. Linear iter.: 4. Min. area: 0.000151845. Error: 2.69577e-11.
Computing volumes of the grid elements.
Min. volume: 0.000151845, max. volume: 36.5349.

# FGMRES residual history
# Residual tolerance target = 1e-10
# Initial residual norm     = 6.93037e-10
     0     1
# FGMRES final (true) residual:
# Iteration = 4: |res|/|res0| = 2.69574e-11.

Computing volumes of the grid elements.
Non-linear iter.: 290/500. Linear iter.: 4. Min. area: 0.000151845. Error: 2.69574e-11.
Computing volumes of the grid elements.
Min. volume: 0.000151845, max. volume: 36.5349.

# FGMRES residual history
# Residual tolerance target = 1e-10
# Initial residual norm     = 6.93044e-10
     0     1
# FGMRES final (true) residual:
# Iteration = 4: |res|/|res0| = 2.69571e-11.

Computing volumes of the grid elements.
Non-linear iter.: 291/500. Linear iter.: 4. Min. area: 0.000151845. Error: 2.69571e-11.
Computing volumes of the grid elements.
Min. volume: 0.000151845, max. volume: 36.5349.

# FGMRES residual history
# Residual tolerance target = 1e-10
# Initial residual norm     = 6.93051e-10
     0     1
# FGMRES final (true) residual:
# Iteration = 4: |res|/|res0| = 2.69567e-11.

Computing volumes of the grid elements.
Non-linear iter.: 292/500. Linear iter.: 4. Min. area: 0.000151845. Error: 2.69567e-11.
Computing volumes of the grid elements.
Min. volume: 0.000151845, max. volume: 36.5349.

# FGMRES residual history
# Residual tolerance target = 1e-10
# Initial residual norm     = 6.93058e-10
     0     1
# FGMRES final (true) residual:
# Iteration = 4: |res|/|res0| = 2.69564e-11.

Computing volumes of the grid elements.
Non-linear iter.: 293/500. Linear iter.: 4. Min. area: 0.000151845. Error: 2.69564e-11.
Computing volumes of the grid elements.
Min. volume: 0.000151845, max. volume: 36.5349.

# FGMRES residual history
# Residual tolerance target = 1e-10
# Initial residual norm     = 6.93065e-10
     0     1
# FGMRES final (true) residual:
# Iteration = 4: |res|/|res0| = 2.69561e-11.

Computing volumes of the grid elements.
Non-linear iter.: 294/500. Linear iter.: 4. Min. area: 0.000151845. Error: 2.69561e-11.
Computing volumes of the grid elements.
Min. volume: 0.000151845, max. volume: 36.5349.

# FGMRES residual history
# Residual tolerance target = 1e-10
# Initial residual norm     = 6.93073e-10
     0     1
# FGMRES final (true) residual:
# Iteration = 4: |res|/|res0| = 2.69557e-11.

Computing volumes of the grid elements.
Non-linear iter.: 295/500. Linear iter.: 4. Min. area: 0.000151845. Error: 2.69557e-11.
Computing volumes of the grid elements.
Min. volume: 0.000151845, max. volume: 36.5349.

# FGMRES residual history
# Residual tolerance target = 1e-10
# Initial residual norm     = 6.9308e-10
     0     1
# FGMRES final (true) residual:
# Iteration = 4: |res|/|res0| = 2.69554e-11.

Computing volumes of the grid elements.
Non-linear iter.: 296/500. Linear iter.: 4. Min. area: 0.000151845. Error: 2.69554e-11.
Computing volumes of the grid elements.
Min. volume: 0.000151845, max. volume: 36.5349.

# FGMRES residual history
# Residual tolerance target = 1e-10
# Initial residual norm     = 6.93087e-10
     0     1
# FGMRES final (true) residual:
# Iteration = 4: |res|/|res0| = 2.69551e-11.

Computing volumes of the grid elements.
Non-linear iter.: 297/500. Linear iter.: 4. Min. area: 0.000151845. Error: 2.69551e-11.
Computing volumes of the grid elements.
Min. volume: 0.000151845, max. volume: 36.5349.

# FGMRES residual history
# Residual tolerance target = 1e-10
# Initial residual norm     = 6.93094e-10
     0     1
# FGMRES final (true) residual:
# Iteration = 4: |res|/|res0| = 2.69547e-11.

Computing volumes of the grid elements.
Non-linear iter.: 298/500. Linear iter.: 4. Min. area: 0.000151845. Error: 2.69547e-11.
Computing volumes of the grid elements.
Min. volume: 0.000151845, max. volume: 36.5349.

# FGMRES residual history
# Residual tolerance target = 1e-10
# Initial residual norm     = 6.93101e-10
     0     1
# FGMRES final (true) residual:
# Iteration = 4: |res|/|res0| = 2.69544e-11.

Computing volumes of the grid elements.
Non-linear iter.: 299/500. Linear iter.: 4. Min. area: 0.000151845. Error: 2.69544e-11.
Computing volumes of the grid elements.
Min. volume: 0.000151845, max. volume: 36.5349.

# FGMRES residual history
# Residual tolerance target = 1e-10
# Initial residual norm     = 6.93108e-10
     0     1
# FGMRES final (true) residual:
# Iteration = 4: |res|/|res0| = 2.69541e-11.

Computing volumes of the grid elements.
Non-linear iter.: 300/500. Linear iter.: 4. Min. area: 0.000151845. Error: 2.69541e-11.
Computing volumes of the grid elements.
Min. volume: 0.000151845, max. volume: 36.5349.

# FGMRES residual history
# Residual tolerance target = 1e-10
# Initial residual norm     = 6.93116e-10
     0     1
# FGMRES final (true) residual:
# Iteration = 4: |res|/|res0| = 2.69537e-11.

Computing volumes of the grid elements.
Non-linear iter.: 301/500. Linear iter.: 4. Min. area: 0.000151845. Error: 2.69537e-11.
Computing volumes of the grid elements.
Min. volume: 0.000151845, max. volume: 36.5349.

# FGMRES residual history
# Residual tolerance target = 1e-10
# Initial residual norm     = 6.93123e-10
     0     1
# FGMRES final (true) residual:
# Iteration = 4: |res|/|res0| = 2.69534e-11.

Computing volumes of the grid elements.
Non-linear iter.: 302/500. Linear iter.: 4. Min. area: 0.000151845. Error: 2.69534e-11.
Computing volumes of the grid elements.
Min. volume: 0.000151845, max. volume: 36.5349.

# FGMRES residual history
# Residual tolerance target = 1e-10
# Initial residual norm     = 6.9313e-10
     0     1
# FGMRES final (true) residual:
# Iteration = 4: |res|/|res0| = 2.69531e-11.

Computing volumes of the grid elements.
Non-linear iter.: 303/500. Linear iter.: 4. Min. area: 0.000151845. Error: 2.69531e-11.
Computing volumes of the grid elements.
Min. volume: 0.000151845, max. volume: 36.5349.

# FGMRES residual history
# Residual tolerance target = 1e-10
# Initial residual norm     = 6.93137e-10
     0     1
# FGMRES final (true) residual:
# Iteration = 4: |res|/|res0| = 2.69527e-11.

Computing volumes of the grid elements.
Non-linear iter.: 304/500. Linear iter.: 4. Min. area: 0.000151845. Error: 2.69527e-11.
Computing volumes of the grid elements.
Min. volume: 0.000151845, max. volume: 36.5349.

# FGMRES residual history
# Residual tolerance target = 1e-10
# Initial residual norm     = 6.93144e-10
     0     1
# FGMRES final (true) residual:
# Iteration = 4: |res|/|res0| = 2.69524e-11.

Computing volumes of the grid elements.
Non-linear iter.: 305/500. Linear iter.: 4. Min. area: 0.000151845. Error: 2.69524e-11.
Computing volumes of the grid elements.
Min. volume: 0.000151845, max. volume: 36.5349.

# FGMRES residual history
# Residual tolerance target = 1e-10
# Initial residual norm     = 6.93152e-10
     0     1
# FGMRES final (true) residual:
# Iteration = 4: |res|/|res0| = 2.69521e-11.

Computing volumes of the grid elements.
Non-linear iter.: 306/500. Linear iter.: 4. Min. area: 0.000151845. Error: 2.69521e-11.
Computing volumes of the grid elements.
Min. volume: 0.000151845, max. volume: 36.5349.

# FGMRES residual history
# Residual tolerance target = 1e-10
# Initial residual norm     = 6.93159e-10
     0     1
# FGMRES final (true) residual:
# Iteration = 4: |res|/|res0| = 2.69518e-11.

Computing volumes of the grid elements.
Non-linear iter.: 307/500. Linear iter.: 4. Min. area: 0.000151845. Error: 2.69518e-11.
Computing volumes of the grid elements.
Min. volume: 0.000151845, max. volume: 36.5349.

# FGMRES residual history
# Residual tolerance target = 1e-10
# Initial residual norm     = 6.93166e-10
     0     1
# FGMRES final (true) residual:
# Iteration = 4: |res|/|res0| = 2.69514e-11.

Computing volumes of the grid elements.
Non-linear iter.: 308/500. Linear iter.: 4. Min. area: 0.000151845. Error: 2.69514e-11.
Computing volumes of the grid elements.
Min. volume: 0.000151845, max. volume: 36.5349.

# FGMRES residual history
# Residual tolerance target = 1e-10
# Initial residual norm     = 6.93173e-10
     0     1
# FGMRES final (true) residual:
# Iteration = 4: |res|/|res0| = 2.69511e-11.

Computing volumes of the grid elements.
Non-linear iter.: 309/500. Linear iter.: 4. Min. area: 0.000151845. Error: 2.69511e-11.
Computing volumes of the grid elements.
Min. volume: 0.000151845, max. volume: 36.5349.

# FGMRES residual history
# Residual tolerance target = 1e-10
# Initial residual norm     = 6.9318e-10
     0     1
# FGMRES final (true) residual:
# Iteration = 4: |res|/|res0| = 2.69508e-11.

Computing volumes of the grid elements.
Non-linear iter.: 310/500. Linear iter.: 4. Min. area: 0.000151845. Error: 2.69508e-11.
Computing volumes of the grid elements.
Min. volume: 0.000151845, max. volume: 36.5349.

# FGMRES residual history
# Residual tolerance target = 1e-10
# Initial residual norm     = 6.93188e-10
     0     1
# FGMRES final (true) residual:
# Iteration = 4: |res|/|res0| = 2.69504e-11.

Computing volumes of the grid elements.
Non-linear iter.: 311/500. Linear iter.: 4. Min. area: 0.000151845. Error: 2.69504e-11.
Computing volumes of the grid elements.
Min. volume: 0.000151845, max. volume: 36.5349.

# FGMRES residual history
# Residual tolerance target = 1e-10
# Initial residual norm     = 6.93195e-10
     0     1
# FGMRES final (true) residual:
# Iteration = 4: |res|/|res0| = 2.69501e-11.

Computing volumes of the grid elements.
Non-linear iter.: 312/500. Linear iter.: 4. Min. area: 0.000151845. Error: 2.69501e-11.
Computing volumes of the grid elements.
Min. volume: 0.000151845, max. volume: 36.5349.

# FGMRES residual history
# Residual tolerance target = 1e-10
# Initial residual norm     = 6.93202e-10
     0     1
# FGMRES final (true) residual:
# Iteration = 4: |res|/|res0| = 2.69498e-11.

Computing volumes of the grid elements.
Non-linear iter.: 313/500. Linear iter.: 4. Min. area: 0.000151845. Error: 2.69498e-11.
Computing volumes of the grid elements.
Min. volume: 0.000151845, max. volume: 36.5349.

# FGMRES residual history
# Residual tolerance target = 1e-10
# Initial residual norm     = 6.93209e-10
     0     1
# FGMRES final (true) residual:
# Iteration = 4: |res|/|res0| = 2.69494e-11.

Computing volumes of the grid elements.
Non-linear iter.: 314/500. Linear iter.: 4. Min. area: 0.000151845. Error: 2.69494e-11.
Computing volumes of the grid elements.
Min. volume: 0.000151845, max. volume: 36.5349.

# FGMRES residual history
# Residual tolerance target = 1e-10
# Initial residual norm     = 6.93216e-10
     0     1
# FGMRES final (true) residual:
# Iteration = 4: |res|/|res0| = 2.69491e-11.

Computing volumes of the grid elements.
Non-linear iter.: 315/500. Linear iter.: 4. Min. area: 0.000151845. Error: 2.69491e-11.
Computing volumes of the grid elements.
Min. volume: 0.000151845, max. volume: 36.5349.

# FGMRES residual history
# Residual tolerance target = 1e-10
# Initial residual norm     = 6.93223e-10
     0     1
# FGMRES final (true) residual:
# Iteration = 4: |res|/|res0| = 2.69488e-11.

Computing volumes of the grid elements.
Non-linear iter.: 316/500. Linear iter.: 4. Min. area: 0.000151845. Error: 2.69488e-11.
Computing volumes of the grid elements.
Min. volume: 0.000151845, max. volume: 36.5349.

# FGMRES residual history
# Residual tolerance target = 1e-10
# Initial residual norm     = 6.93231e-10
     0     1
# FGMRES final (true) residual:
# Iteration = 4: |res|/|res0| = 2.69484e-11.

Computing volumes of the grid elements.
Non-linear iter.: 317/500. Linear iter.: 4. Min. area: 0.000151845. Error: 2.69484e-11.
Computing volumes of the grid elements.
Min. volume: 0.000151845, max. volume: 36.5349.

# FGMRES residual history
# Residual tolerance target = 1e-10
# Initial residual norm     = 6.93238e-10
     0     1
# FGMRES final (true) residual:
# Iteration = 4: |res|/|res0| = 2.69481e-11.

Computing volumes of the grid elements.
Non-linear iter.: 318/500. Linear iter.: 4. Min. area: 0.000151845. Error: 2.69481e-11.
Computing volumes of the grid elements.
Min. volume: 0.000151845, max. volume: 36.5349.

# FGMRES residual history
# Residual tolerance target = 1e-10
# Initial residual norm     = 6.93245e-10
     0     1
# FGMRES final (true) residual:
# Iteration = 4: |res|/|res0| = 2.69478e-11.

Computing volumes of the grid elements.
Non-linear iter.: 319/500. Linear iter.: 4. Min. area: 0.000151845. Error: 2.69478e-11.
Computing volumes of the grid elements.
Min. volume: 0.000151845, max. volume: 36.5349.

# FGMRES residual history
# Residual tolerance target = 1e-10
# Initial residual norm     = 6.93252e-10
     0     1
# FGMRES final (true) residual:
# Iteration = 4: |res|/|res0| = 2.69474e-11.

Computing volumes of the grid elements.
Non-linear iter.: 320/500. Linear iter.: 4. Min. area: 0.000151845. Error: 2.69474e-11.
Computing volumes of the grid elements.
Min. volume: 0.000151845, max. volume: 36.5349.

# FGMRES residual history
# Residual tolerance target = 1e-10
# Initial residual norm     = 6.93259e-10
     0     1
# FGMRES final (true) residual:
# Iteration = 4: |res|/|res0| = 2.69471e-11.

Computing volumes of the grid elements.
Non-linear iter.: 321/500. Linear iter.: 4. Min. area: 0.000151845. Error: 2.69471e-11.
Computing volumes of the grid elements.
Min. volume: 0.000151845, max. volume: 36.5349.

# FGMRES residual history
# Residual tolerance target = 1e-10
# Initial residual norm     = 6.93267e-10
     0     1
# FGMRES final (true) residual:
# Iteration = 4: |res|/|res0| = 2.69468e-11.

Computing volumes of the grid elements.
Non-linear iter.: 322/500. Linear iter.: 4. Min. area: 0.000151845. Error: 2.69468e-11.
Computing volumes of the grid elements.
Min. volume: 0.000151845, max. volume: 36.5349.

# FGMRES residual history
# Residual tolerance target = 1e-10
# Initial residual norm     = 6.93274e-10
     0     1
# FGMRES final (true) residual:
# Iteration = 4: |res|/|res0| = 2.69464e-11.

Computing volumes of the grid elements.
Non-linear iter.: 323/500. Linear iter.: 4. Min. area: 0.000151845. Error: 2.69464e-11.
Computing volumes of the grid elements.
Min. volume: 0.000151845, max. volume: 36.5349.

# FGMRES residual history
# Residual tolerance target = 1e-10
# Initial residual norm     = 6.93281e-10
     0     1
# FGMRES final (true) residual:
# Iteration = 4: |res|/|res0| = 2.69461e-11.

Computing volumes of the grid elements.
Non-linear iter.: 324/500. Linear iter.: 4. Min. area: 0.000151845. Error: 2.69461e-11.
Computing volumes of the grid elements.
Min. volume: 0.000151845, max. volume: 36.5349.

# FGMRES residual history
# Residual tolerance target = 1e-10
# Initial residual norm     = 6.93288e-10
     0     1
# FGMRES final (true) residual:
# Iteration = 4: |res|/|res0| = 2.69458e-11.

Computing volumes of the grid elements.
Non-linear iter.: 325/500. Linear iter.: 4. Min. area: 0.000151845. Error: 2.69458e-11.
Computing volumes of the grid elements.
Min. volume: 0.000151845, max. volume: 36.5349.

# FGMRES residual history
# Residual tolerance target = 1e-10
# Initial residual norm     = 6.93295e-10
     0     1
# FGMRES final (true) residual:
# Iteration = 4: |res|/|res0| = 2.69454e-11.

Computing volumes of the grid elements.
Non-linear iter.: 326/500. Linear iter.: 4. Min. area: 0.000151845. Error: 2.69454e-11.
Computing volumes of the grid elements.
Min. volume: 0.000151845, max. volume: 36.5349.

# FGMRES residual history
# Residual tolerance target = 1e-10
# Initial residual norm     = 6.93303e-10
     0     1
# FGMRES final (true) residual:
# Iteration = 4: |res|/|res0| = 2.69451e-11.

Computing volumes of the grid elements.
Non-linear iter.: 327/500. Linear iter.: 4. Min. area: 0.000151845. Error: 2.69451e-11.
Computing volumes of the grid elements.
Min. volume: 0.000151845, max. volume: 36.5349.

# FGMRES residual history
# Residual tolerance target = 1e-10
# Initial residual norm     = 6.9331e-10
     0     1
# FGMRES final (true) residual:
# Iteration = 4: |res|/|res0| = 2.69448e-11.

Computing volumes of the grid elements.
Non-linear iter.: 328/500. Linear iter.: 4. Min. area: 0.000151845. Error: 2.69448e-11.
Computing volumes of the grid elements.
Min. volume: 0.000151845, max. volume: 36.5349.

# FGMRES residual history
# Residual tolerance target = 1e-10
# Initial residual norm     = 6.93317e-10
     0     1
# FGMRES final (true) residual:
# Iteration = 4: |res|/|res0| = 2.69444e-11.

Computing volumes of the grid elements.
Non-linear iter.: 329/500. Linear iter.: 4. Min. area: 0.000151845. Error: 2.69444e-11.
Computing volumes of the grid elements.
Min. volume: 0.000151845, max. volume: 36.5349.

# FGMRES residual history
# Residual tolerance target = 1e-10
# Initial residual norm     = 6.93324e-10
     0     1
# FGMRES final (true) residual:
# Iteration = 4: |res|/|res0| = 2.69441e-11.

Computing volumes of the grid elements.
Non-linear iter.: 330/500. Linear iter.: 4. Min. area: 0.000151845. Error: 2.69441e-11.
Computing volumes of the grid elements.
Min. volume: 0.000151845, max. volume: 36.5349.

# FGMRES residual history
# Residual tolerance target = 1e-10
# Initial residual norm     = 6.93331e-10
     0     1
# FGMRES final (true) residual:
# Iteration = 4: |res|/|res0| = 2.69438e-11.

Computing volumes of the grid elements.
Non-linear iter.: 331/500. Linear iter.: 4. Min. area: 0.000151845. Error: 2.69438e-11.
Computing volumes of the grid elements.
Min. volume: 0.000151845, max. volume: 36.5349.

# FGMRES residual history
# Residual tolerance target = 1e-10
# Initial residual norm     = 6.93339e-10
     0     1
# FGMRES final (true) residual:
# Iteration = 4: |res|/|res0| = 2.69434e-11.

Computing volumes of the grid elements.
Non-linear iter.: 332/500. Linear iter.: 4. Min. area: 0.000151845. Error: 2.69434e-11.
Computing volumes of the grid elements.
Min. volume: 0.000151845, max. volume: 36.5349.

# FGMRES residual history
# Residual tolerance target = 1e-10
# Initial residual norm     = 6.93346e-10
     0     1
# FGMRES final (true) residual:
# Iteration = 4: |res|/|res0| = 2.69431e-11.

Computing volumes of the grid elements.
Non-linear iter.: 333/500. Linear iter.: 4. Min. area: 0.000151845. Error: 2.69431e-11.
Computing volumes of the grid elements.
Min. volume: 0.000151845, max. volume: 36.5349.

# FGMRES residual history
# Residual tolerance target = 1e-10
# Initial residual norm     = 6.93353e-10
     0     1
# FGMRES final (true) residual:
# Iteration = 4: |res|/|res0| = 2.69428e-11.

Computing volumes of the grid elements.
Non-linear iter.: 334/500. Linear iter.: 4. Min. area: 0.000151845. Error: 2.69428e-11.
Computing volumes of the grid elements.
Min. volume: 0.000151845, max. volume: 36.5349.

# FGMRES residual history
# Residual tolerance target = 1e-10
# Initial residual norm     = 6.9336e-10
     0     1
# FGMRES final (true) residual:
# Iteration = 4: |res|/|res0| = 2.69425e-11.

Computing volumes of the grid elements.
Non-linear iter.: 335/500. Linear iter.: 4. Min. area: 0.000151845. Error: 2.69425e-11.
Computing volumes of the grid elements.
Min. volume: 0.000151845, max. volume: 36.5349.

# FGMRES residual history
# Residual tolerance target = 1e-10
# Initial residual norm     = 6.93367e-10
     0     1
# FGMRES final (true) residual:
# Iteration = 4: |res|/|res0| = 2.69421e-11.

Computing volumes of the grid elements.
Non-linear iter.: 336/500. Linear iter.: 4. Min. area: 0.000151845. Error: 2.69421e-11.
Computing volumes of the grid elements.
Min. volume: 0.000151845, max. volume: 36.5349.

# FGMRES residual history
# Residual tolerance target = 1e-10
# Initial residual norm     = 6.93375e-10
     0     1
# FGMRES final (true) residual:
# Iteration = 4: |res|/|res0| = 2.69418e-11.

Computing volumes of the grid elements.
Non-linear iter.: 337/500. Linear iter.: 4. Min. area: 0.000151845. Error: 2.69418e-11.
Computing volumes of the grid elements.
Min. volume: 0.000151845, max. volume: 36.5349.

# FGMRES residual history
# Residual tolerance target = 1e-10
# Initial residual norm     = 6.93382e-10
     0     1
# FGMRES final (true) residual:
# Iteration = 4: |res|/|res0| = 2.69415e-11.

Computing volumes of the grid elements.
Non-linear iter.: 338/500. Linear iter.: 4. Min. area: 0.000151845. Error: 2.69415e-11.
Computing volumes of the grid elements.
Min. volume: 0.000151845, max. volume: 36.5349.

# FGMRES residual history
# Residual tolerance target = 1e-10
# Initial residual norm     = 6.93389e-10
     0     1
# FGMRES final (true) residual:
# Iteration = 4: |res|/|res0| = 2.69411e-11.

Computing volumes of the grid elements.
Non-linear iter.: 339/500. Linear iter.: 4. Min. area: 0.000151845. Error: 2.69411e-11.
Computing volumes of the grid elements.
Min. volume: 0.000151845, max. volume: 36.5349.

# FGMRES residual history
# Residual tolerance target = 1e-10
# Initial residual norm     = 6.93396e-10
     0     1
# FGMRES final (true) residual:
# Iteration = 4: |res|/|res0| = 2.69408e-11.

Computing volumes of the grid elements.
Non-linear iter.: 340/500. Linear iter.: 4. Min. area: 0.000151845. Error: 2.69408e-11.
Computing volumes of the grid elements.
Min. volume: 0.000151845, max. volume: 36.5349.

# FGMRES residual history
# Residual tolerance target = 1e-10
# Initial residual norm     = 6.93403e-10
     0     1
# FGMRES final (true) residual:
# Iteration = 4: |res|/|res0| = 2.69405e-11.

Computing volumes of the grid elements.
Non-linear iter.: 341/500. Linear iter.: 4. Min. area: 0.000151845. Error: 2.69405e-11.
Computing volumes of the grid elements.
Min. volume: 0.000151845, max. volume: 36.5349.

# FGMRES residual history
# Residual tolerance target = 1e-10
# Initial residual norm     = 6.9341e-10
     0     1
# FGMRES final (true) residual:
# Iteration = 4: |res|/|res0| = 2.69401e-11.

Computing volumes of the grid elements.
Non-linear iter.: 342/500. Linear iter.: 4. Min. area: 0.000151845. Error: 2.69401e-11.
Computing volumes of the grid elements.
Min. volume: 0.000151845, max. volume: 36.5349.

# FGMRES residual history
# Residual tolerance target = 1e-10
# Initial residual norm     = 6.93418e-10
     0     1
# FGMRES final (true) residual:
# Iteration = 4: |res|/|res0| = 2.69398e-11.

Computing volumes of the grid elements.
Non-linear iter.: 343/500. Linear iter.: 4. Min. area: 0.000151845. Error: 2.69398e-11.
Computing volumes of the grid elements.
Min. volume: 0.000151845, max. volume: 36.5349.

# FGMRES residual history
# Residual tolerance target = 1e-10
# Initial residual norm     = 6.93425e-10
     0     1
# FGMRES final (true) residual:
# Iteration = 4: |res|/|res0| = 2.69395e-11.

Computing volumes of the grid elements.
Non-linear iter.: 344/500. Linear iter.: 4. Min. area: 0.000151845. Error: 2.69395e-11.
Computing volumes of the grid elements.
Min. volume: 0.000151845, max. volume: 36.5349.

# FGMRES residual history
# Residual tolerance target = 1e-10
# Initial residual norm     = 6.93432e-10
     0     1
# FGMRES final (true) residual:
# Iteration = 4: |res|/|res0| = 2.69391e-11.

Computing volumes of the grid elements.
Non-linear iter.: 345/500. Linear iter.: 4. Min. area: 0.000151845. Error: 2.69391e-11.
Computing volumes of the grid elements.
Min. volume: 0.000151845, max. volume: 36.5349.

# FGMRES residual history
# Residual tolerance target = 1e-10
# Initial residual norm     = 6.93439e-10
     0     1
# FGMRES final (true) residual:
# Iteration = 4: |res|/|res0| = 2.69388e-11.

Computing volumes of the grid elements.
Non-linear iter.: 346/500. Linear iter.: 4. Min. area: 0.000151845. Error: 2.69388e-11.
Computing volumes of the grid elements.
Min. volume: 0.000151845, max. volume: 36.5349.

# FGMRES residual history
# Residual tolerance target = 1e-10
# Initial residual norm     = 6.93446e-10
     0     1
# FGMRES final (true) residual:
# Iteration = 4: |res|/|res0| = 2.69385e-11.

Computing volumes of the grid elements.
Non-linear iter.: 347/500. Linear iter.: 4. Min. area: 0.000151845. Error: 2.69385e-11.
Computing volumes of the grid elements.
Min. volume: 0.000151845, max. volume: 36.5349.

# FGMRES residual history
# Residual tolerance target = 1e-10
# Initial residual norm     = 6.93454e-10
     0     1
# FGMRES final (true) residual:
# Iteration = 4: |res|/|res0| = 2.69381e-11.

Computing volumes of the grid elements.
Non-linear iter.: 348/500. Linear iter.: 4. Min. area: 0.000151845. Error: 2.69381e-11.
Computing volumes of the grid elements.
Min. volume: 0.000151845, max. volume: 36.5349.

# FGMRES residual history
# Residual tolerance target = 1e-10
# Initial residual norm     = 6.93461e-10
     0     1
# FGMRES final (true) residual:
# Iteration = 4: |res|/|res0| = 2.69378e-11.

Computing volumes of the grid elements.
Non-linear iter.: 349/500. Linear iter.: 4. Min. area: 0.000151845. Error: 2.69378e-11.
Computing volumes of the grid elements.
Min. volume: 0.000151845, max. volume: 36.5349.

# FGMRES residual history
# Residual tolerance target = 1e-10
# Initial residual norm     = 6.93468e-10
     0     1
# FGMRES final (true) residual:
# Iteration = 4: |res|/|res0| = 2.69375e-11.

Computing volumes of the grid elements.
Non-linear iter.: 350/500. Linear iter.: 4. Min. area: 0.000151845. Error: 2.69375e-11.
Computing volumes of the grid elements.
Min. volume: 0.000151845, max. volume: 36.5349.

# FGMRES residual history
# Residual tolerance target = 1e-10
# Initial residual norm     = 6.93475e-10
     0     1
# FGMRES final (true) residual:
# Iteration = 4: |res|/|res0| = 2.69371e-11.

Computing volumes of the grid elements.
Non-linear iter.: 351/500. Linear iter.: 4. Min. area: 0.000151845. Error: 2.69371e-11.
Computing volumes of the grid elements.
Min. volume: 0.000151845, max. volume: 36.5349.

# FGMRES residual history
# Residual tolerance target = 1e-10
# Initial residual norm     = 6.93482e-10
     0     1
# FGMRES final (true) residual:
# Iteration = 4: |res|/|res0| = 2.69368e-11.

Computing volumes of the grid elements.
Non-linear iter.: 352/500. Linear iter.: 4. Min. area: 0.000151845. Error: 2.69368e-11.
Computing volumes of the grid elements.
Min. volume: 0.000151845, max. volume: 36.5349.

# FGMRES residual history
# Residual tolerance target = 1e-10
# Initial residual norm     = 6.9349e-10
     0     1
# FGMRES final (true) residual:
# Iteration = 4: |res|/|res0| = 2.69365e-11.

Computing volumes of the grid elements.
Non-linear iter.: 353/500. Linear iter.: 4. Min. area: 0.000151845. Error: 2.69365e-11.
Computing volumes of the grid elements.
Min. volume: 0.000151845, max. volume: 36.5349.

# FGMRES residual history
# Residual tolerance target = 1e-10
# Initial residual norm     = 6.93497e-10
     0     1
# FGMRES final (true) residual:
# Iteration = 4: |res|/|res0| = 2.69361e-11.

Computing volumes of the grid elements.
Non-linear iter.: 354/500. Linear iter.: 4. Min. area: 0.000151845. Error: 2.69361e-11.
Computing volumes of the grid elements.
Min. volume: 0.000151845, max. volume: 36.5349.

# FGMRES residual history
# Residual tolerance target = 1e-10
# Initial residual norm     = 6.93504e-10
     0     1
# FGMRES final (true) residual:
# Iteration = 4: |res|/|res0| = 2.69358e-11.

Computing volumes of the grid elements.
Non-linear iter.: 355/500. Linear iter.: 4. Min. area: 0.000151845. Error: 2.69358e-11.
Computing volumes of the grid elements.
Min. volume: 0.000151845, max. volume: 36.5349.

# FGMRES residual history
# Residual tolerance target = 1e-10
# Initial residual norm     = 6.93511e-10
     0     1
# FGMRES final (true) residual:
# Iteration = 4: |res|/|res0| = 2.69355e-11.

Computing volumes of the grid elements.
Non-linear iter.: 356/500. Linear iter.: 4. Min. area: 0.000151845. Error: 2.69355e-11.
Computing volumes of the grid elements.
Min. volume: 0.000151845, max. volume: 36.5349.

# FGMRES residual history
# Residual tolerance target = 1e-10
# Initial residual norm     = 6.93518e-10
     0     1
# FGMRES final (true) residual:
# Iteration = 4: |res|/|res0| = 2.69351e-11.

Computing volumes of the grid elements.
Non-linear iter.: 357/500. Linear iter.: 4. Min. area: 0.000151845. Error: 2.69351e-11.
Computing volumes of the grid elements.
Min. volume: 0.000151845, max. volume: 36.5349.

# FGMRES residual history
# Residual tolerance target = 1e-10
# Initial residual norm     = 6.93526e-10
     0     1
# FGMRES final (true) residual:
# Iteration = 4: |res|/|res0| = 2.69348e-11.

Computing volumes of the grid elements.
Non-linear iter.: 358/500. Linear iter.: 4. Min. area: 0.000151845. Error: 2.69348e-11.
Computing volumes of the grid elements.
Min. volume: 0.000151845, max. volume: 36.5349.

# FGMRES residual history
# Residual tolerance target = 1e-10
# Initial residual norm     = 6.93533e-10
     0     1
# FGMRES final (true) residual:
# Iteration = 4: |res|/|res0| = 2.69345e-11.

Computing volumes of the grid elements.
Non-linear iter.: 359/500. Linear iter.: 4. Min. area: 0.000151845. Error: 2.69345e-11.
Computing volumes of the grid elements.
Min. volume: 0.000151845, max. volume: 36.5349.

# FGMRES residual history
# Residual tolerance target = 1e-10
# Initial residual norm     = 6.9354e-10
     0     1
# FGMRES final (true) residual:
# Iteration = 4: |res|/|res0| = 2.69341e-11.

Computing volumes of the grid elements.
Non-linear iter.: 360/500. Linear iter.: 4. Min. area: 0.000151845. Error: 2.69341e-11.
Computing volumes of the grid elements.
Min. volume: 0.000151845, max. volume: 36.5349.

# FGMRES residual history
# Residual tolerance target = 1e-10
# Initial residual norm     = 6.93547e-10
     0     1
# FGMRES final (true) residual:
# Iteration = 4: |res|/|res0| = 2.69338e-11.

Computing volumes of the grid elements.
Non-linear iter.: 361/500. Linear iter.: 4. Min. area: 0.000151845. Error: 2.69338e-11.
Computing volumes of the grid elements.
Min. volume: 0.000151845, max. volume: 36.5349.

# FGMRES residual history
# Residual tolerance target = 1e-10
# Initial residual norm     = 6.93554e-10
     0     1
# FGMRES final (true) residual:
# Iteration = 4: |res|/|res0| = 2.69335e-11.

Computing volumes of the grid elements.
Non-linear iter.: 362/500. Linear iter.: 4. Min. area: 0.000151845. Error: 2.69335e-11.
Computing volumes of the grid elements.
Min. volume: 0.000151845, max. volume: 36.5349.

# FGMRES residual history
# Residual tolerance target = 1e-10
# Initial residual norm     = 6.93562e-10
     0     1
# FGMRES final (true) residual:
# Iteration = 4: |res|/|res0| = 2.69331e-11.

Computing volumes of the grid elements.
Non-linear iter.: 363/500. Linear iter.: 4. Min. area: 0.000151845. Error: 2.69331e-11.
Computing volumes of the grid elements.
Min. volume: 0.000151845, max. volume: 36.5349.

# FGMRES residual history
# Residual tolerance target = 1e-10
# Initial residual norm     = 6.93569e-10
     0     1
# FGMRES final (true) residual:
# Iteration = 4: |res|/|res0| = 2.69328e-11.

Computing volumes of the grid elements.
Non-linear iter.: 364/500. Linear iter.: 4. Min. area: 0.000151845. Error: 2.69328e-11.
Computing volumes of the grid elements.
Min. volume: 0.000151845, max. volume: 36.5349.

# FGMRES residual history
# Residual tolerance target = 1e-10
# Initial residual norm     = 6.93576e-10
     0     1
# FGMRES final (true) residual:
# Iteration = 4: |res|/|res0| = 2.69325e-11.

Computing volumes of the grid elements.
Non-linear iter.: 365/500. Linear iter.: 4. Min. area: 0.000151845. Error: 2.69325e-11.
Computing volumes of the grid elements.
Min. volume: 0.000151845, max. volume: 36.5349.

# FGMRES residual history
# Residual tolerance target = 1e-10
# Initial residual norm     = 6.93583e-10
     0     1
# FGMRES final (true) residual:
# Iteration = 4: |res|/|res0| = 2.69322e-11.

Computing volumes of the grid elements.
Non-linear iter.: 366/500. Linear iter.: 4. Min. area: 0.000151845. Error: 2.69322e-11.
Computing volumes of the grid elements.
Min. volume: 0.000151845, max. volume: 36.5349.

# FGMRES residual history
# Residual tolerance target = 1e-10
# Initial residual norm     = 6.9359e-10
     0     1
# FGMRES final (true) residual:
# Iteration = 4: |res|/|res0| = 2.69318e-11.

Computing volumes of the grid elements.
Non-linear iter.: 367/500. Linear iter.: 4. Min. area: 0.000151845. Error: 2.69318e-11.
Computing volumes of the grid elements.
Min. volume: 0.000151845, max. volume: 36.5349.

# FGMRES residual history
# Residual tolerance target = 1e-10
# Initial residual norm     = 6.93598e-10
     0     1
# FGMRES final (true) residual:
# Iteration = 4: |res|/|res0| = 2.69315e-11.

Computing volumes of the grid elements.
Non-linear iter.: 368/500. Linear iter.: 4. Min. area: 0.000151845. Error: 2.69315e-11.
Computing volumes of the grid elements.
Min. volume: 0.000151845, max. volume: 36.5349.

# FGMRES residual history
# Residual tolerance target = 1e-10
# Initial residual norm     = 6.93605e-10
     0     1
# FGMRES final (true) residual:
# Iteration = 4: |res|/|res0| = 2.69312e-11.

Computing volumes of the grid elements.
Non-linear iter.: 369/500. Linear iter.: 4. Min. area: 0.000151845. Error: 2.69312e-11.
Computing volumes of the grid elements.
Min. volume: 0.000151845, max. volume: 36.5349.

# FGMRES residual history
# Residual tolerance target = 1e-10
# Initial residual norm     = 6.93612e-10
     0     1
# FGMRES final (true) residual:
# Iteration = 4: |res|/|res0| = 2.69308e-11.

Computing volumes of the grid elements.
Non-linear iter.: 370/500. Linear iter.: 4. Min. area: 0.000151845. Error: 2.69308e-11.
Computing volumes of the grid elements.
Min. volume: 0.000151845, max. volume: 36.5349.

# FGMRES residual history
# Residual tolerance target = 1e-10
# Initial residual norm     = 6.93619e-10
     0     1
# FGMRES final (true) residual:
# Iteration = 4: |res|/|res0| = 2.69305e-11.

Computing volumes of the grid elements.
Non-linear iter.: 371/500. Linear iter.: 4. Min. area: 0.000151845. Error: 2.69305e-11.
Computing volumes of the grid elements.
Min. volume: 0.000151845, max. volume: 36.5349.

# FGMRES residual history
# Residual tolerance target = 1e-10
# Initial residual norm     = 6.93626e-10
     0     1
# FGMRES final (true) residual:
# Iteration = 4: |res|/|res0| = 2.69302e-11.

Computing volumes of the grid elements.
Non-linear iter.: 372/500. Linear iter.: 4. Min. area: 0.000151845. Error: 2.69302e-11.
Computing volumes of the grid elements.
Min. volume: 0.000151845, max. volume: 36.5349.

# FGMRES residual history
# Residual tolerance target = 1e-10
# Initial residual norm     = 6.93634e-10
     0     1
# FGMRES final (true) residual:
# Iteration = 4: |res|/|res0| = 2.69298e-11.

Computing volumes of the grid elements.
Non-linear iter.: 373/500. Linear iter.: 4. Min. area: 0.000151845. Error: 2.69298e-11.
Computing volumes of the grid elements.
Min. volume: 0.000151845, max. volume: 36.5349.

# FGMRES residual history
# Residual tolerance target = 1e-10
# Initial residual norm     = 6.93641e-10
     0     1
# FGMRES final (true) residual:
# Iteration = 4: |res|/|res0| = 2.69295e-11.

Computing volumes of the grid elements.
Non-linear iter.: 374/500. Linear iter.: 4. Min. area: 0.000151845. Error: 2.69295e-11.
Computing volumes of the grid elements.
Min. volume: 0.000151845, max. volume: 36.5349.

# FGMRES residual history
# Residual tolerance target = 1e-10
# Initial residual norm     = 6.93648e-10
     0     1
# FGMRES final (true) residual:
# Iteration = 4: |res|/|res0| = 2.69292e-11.

Computing volumes of the grid elements.
Non-linear iter.: 375/500. Linear iter.: 4. Min. area: 0.000151845. Error: 2.69292e-11.
Computing volumes of the grid elements.
Min. volume: 0.000151845, max. volume: 36.5349.

# FGMRES residual history
# Residual tolerance target = 1e-10
# Initial residual norm     = 6.93655e-10
     0     1
# FGMRES final (true) residual:
# Iteration = 4: |res|/|res0| = 2.69288e-11.

Computing volumes of the grid elements.
Non-linear iter.: 376/500. Linear iter.: 4. Min. area: 0.000151845. Error: 2.69288e-11.
Computing volumes of the grid elements.
Min. volume: 0.000151845, max. volume: 36.5349.

# FGMRES residual history
# Residual tolerance target = 1e-10
# Initial residual norm     = 6.93662e-10
     0     1
# FGMRES final (true) residual:
# Iteration = 4: |res|/|res0| = 2.69285e-11.

Computing volumes of the grid elements.
Non-linear iter.: 377/500. Linear iter.: 4. Min. area: 0.000151845. Error: 2.69285e-11.
Computing volumes of the grid elements.
Min. volume: 0.000151845, max. volume: 36.5349.

# FGMRES residual history
# Residual tolerance target = 1e-10
# Initial residual norm     = 6.9367e-10
     0     1
# FGMRES final (true) residual:
# Iteration = 4: |res|/|res0| = 2.69282e-11.

Computing volumes of the grid elements.
Non-linear iter.: 378/500. Linear iter.: 4. Min. area: 0.000151845. Error: 2.69282e-11.
Computing volumes of the grid elements.
Min. volume: 0.000151845, max. volume: 36.5349.

# FGMRES residual history
# Residual tolerance target = 1e-10
# Initial residual norm     = 6.93677e-10
     0     1
# FGMRES final (true) residual:
# Iteration = 4: |res|/|res0| = 2.69278e-11.

Computing volumes of the grid elements.
Non-linear iter.: 379/500. Linear iter.: 4. Min. area: 0.000151845. Error: 2.69278e-11.
Computing volumes of the grid elements.
Min. volume: 0.000151845, max. volume: 36.5349.

# FGMRES residual history
# Residual tolerance target = 1e-10
# Initial residual norm     = 6.93684e-10
     0     1
# FGMRES final (true) residual:
# Iteration = 4: |res|/|res0| = 2.69275e-11.

Computing volumes of the grid elements.
Non-linear iter.: 380/500. Linear iter.: 4. Min. area: 0.000151845. Error: 2.69275e-11.
Computing volumes of the grid elements.
Min. volume: 0.000151845, max. volume: 36.5349.

# FGMRES residual history
# Residual tolerance target = 1e-10
# Initial residual norm     = 6.93691e-10
     0     1
# FGMRES final (true) residual:
# Iteration = 4: |res|/|res0| = 2.69272e-11.

Computing volumes of the grid elements.
Non-linear iter.: 381/500. Linear iter.: 4. Min. area: 0.000151845. Error: 2.69272e-11.
Computing volumes of the grid elements.
Min. volume: 0.000151845, max. volume: 36.5349.

# FGMRES residual history
# Residual tolerance target = 1e-10
# Initial residual norm     = 6.93699e-10
     0     1
# FGMRES final (true) residual:
# Iteration = 4: |res|/|res0| = 2.69268e-11.

Computing volumes of the grid elements.
Non-linear iter.: 382/500. Linear iter.: 4. Min. area: 0.000151845. Error: 2.69268e-11.
Computing volumes of the grid elements.
Min. volume: 0.000151845, max. volume: 36.5349.

# FGMRES residual history
# Residual tolerance target = 1e-10
# Initial residual norm     = 6.93706e-10
     0     1
# FGMRES final (true) residual:
# Iteration = 4: |res|/|res0| = 2.69265e-11.

Computing volumes of the grid elements.
Non-linear iter.: 383/500. Linear iter.: 4. Min. area: 0.000151845. Error: 2.69265e-11.
Computing volumes of the grid elements.
Min. volume: 0.000151845, max. volume: 36.5349.

# FGMRES residual history
# Residual tolerance target = 1e-10
# Initial residual norm     = 6.93713e-10
     0     1
# FGMRES final (true) residual:
# Iteration = 4: |res|/|res0| = 2.69262e-11.

Computing volumes of the grid elements.
Non-linear iter.: 384/500. Linear iter.: 4. Min. area: 0.000151845. Error: 2.69262e-11.
Computing volumes of the grid elements.
Min. volume: 0.000151845, max. volume: 36.5349.

# FGMRES residual history
# Residual tolerance target = 1e-10
# Initial residual norm     = 6.9372e-10
     0     1
# FGMRES final (true) residual:
# Iteration = 4: |res|/|res0| = 2.69258e-11.

Computing volumes of the grid elements.
Non-linear iter.: 385/500. Linear iter.: 4. Min. area: 0.000151845. Error: 2.69258e-11.
Computing volumes of the grid elements.
Min. volume: 0.000151845, max. volume: 36.5349.

# FGMRES residual history
# Residual tolerance target = 1e-10
# Initial residual norm     = 6.93727e-10
     0     1
# FGMRES final (true) residual:
# Iteration = 4: |res|/|res0| = 2.69255e-11.

Computing volumes of the grid elements.
Non-linear iter.: 386/500. Linear iter.: 4. Min. area: 0.000151845. Error: 2.69255e-11.
Computing volumes of the grid elements.
Min. volume: 0.000151845, max. volume: 36.5349.

# FGMRES residual history
# Residual tolerance target = 1e-10
# Initial residual norm     = 6.93735e-10
     0     1
# FGMRES final (true) residual:
# Iteration = 4: |res|/|res0| = 2.69252e-11.

Computing volumes of the grid elements.
Non-linear iter.: 387/500. Linear iter.: 4. Min. area: 0.000151845. Error: 2.69252e-11.
Computing volumes of the grid elements.
Min. volume: 0.000151845, max. volume: 36.5349.

# FGMRES residual history
# Residual tolerance target = 1e-10
# Initial residual norm     = 6.93742e-10
     0     1
# FGMRES final (true) residual:
# Iteration = 4: |res|/|res0| = 2.69248e-11.

Computing volumes of the grid elements.
Non-linear iter.: 388/500. Linear iter.: 4. Min. area: 0.000151845. Error: 2.69248e-11.
Computing volumes of the grid elements.
Min. volume: 0.000151845, max. volume: 36.5349.

# FGMRES residual history
# Residual tolerance target = 1e-10
# Initial residual norm     = 6.93749e-10
     0     1
# FGMRES final (true) residual:
# Iteration = 4: |res|/|res0| = 2.69245e-11.

Computing volumes of the grid elements.
Non-linear iter.: 389/500. Linear iter.: 4. Min. area: 0.000151845. Error: 2.69245e-11.
Computing volumes of the grid elements.
Min. volume: 0.000151845, max. volume: 36.5349.

# FGMRES residual history
# Residual tolerance target = 1e-10
# Initial residual norm     = 6.93756e-10
     0     1
# FGMRES final (true) residual:
# Iteration = 4: |res|/|res0| = 2.69242e-11.

Computing volumes of the grid elements.
Non-linear iter.: 390/500. Linear iter.: 4. Min. area: 0.000151845. Error: 2.69242e-11.
Computing volumes of the grid elements.
Min. volume: 0.000151845, max. volume: 36.5349.

# FGMRES residual history
# Residual tolerance target = 1e-10
# Initial residual norm     = 6.93763e-10
     0     1
# FGMRES final (true) residual:
# Iteration = 4: |res|/|res0| = 2.69238e-11.

Computing volumes of the grid elements.
Non-linear iter.: 391/500. Linear iter.: 4. Min. area: 0.000151845. Error: 2.69238e-11.
Computing volumes of the grid elements.
Min. volume: 0.000151845, max. volume: 36.5349.

# FGMRES residual history
# Residual tolerance target = 1e-10
# Initial residual norm     = 6.93771e-10
     0     1
# FGMRES final (true) residual:
# Iteration = 4: |res|/|res0| = 2.69235e-11.

Computing volumes of the grid elements.
Non-linear iter.: 392/500. Linear iter.: 4. Min. area: 0.000151845. Error: 2.69235e-11.
Computing volumes of the grid elements.
Min. volume: 0.000151845, max. volume: 36.5349.

# FGMRES residual history
# Residual tolerance target = 1e-10
# Initial residual norm     = 6.93778e-10
     0     1
# FGMRES final (true) residual:
# Iteration = 4: |res|/|res0| = 2.69232e-11.

Computing volumes of the grid elements.
Non-linear iter.: 393/500. Linear iter.: 4. Min. area: 0.000151845. Error: 2.69232e-11.
Computing volumes of the grid elements.
Min. volume: 0.000151845, max. volume: 36.5349.

# FGMRES residual history
# Residual tolerance target = 1e-10
# Initial residual norm     = 6.93785e-10
     0     1
# FGMRES final (true) residual:
# Iteration = 4: |res|/|res0| = 2.69228e-11.

Computing volumes of the grid elements.
Non-linear iter.: 394/500. Linear iter.: 4. Min. area: 0.000151845. Error: 2.69228e-11.
Computing volumes of the grid elements.
Min. volume: 0.000151845, max. volume: 36.5349.

# FGMRES residual history
# Residual tolerance target = 1e-10
# Initial residual norm     = 6.93792e-10
     0     1
# FGMRES final (true) residual:
# Iteration = 4: |res|/|res0| = 2.69225e-11.

Computing volumes of the grid elements.
Non-linear iter.: 395/500. Linear iter.: 4. Min. area: 0.000151845. Error: 2.69225e-11.
Computing volumes of the grid elements.
Min. volume: 0.000151845, max. volume: 36.5349.

# FGMRES residual history
# Residual tolerance target = 1e-10
# Initial residual norm     = 6.93799e-10
     0     1
# FGMRES final (true) residual:
# Iteration = 4: |res|/|res0| = 2.69222e-11.

Computing volumes of the grid elements.
Non-linear iter.: 396/500. Linear iter.: 4. Min. area: 0.000151845. Error: 2.69222e-11.
Computing volumes of the grid elements.
Min. volume: 0.000151845, max. volume: 36.5349.

# FGMRES residual history
# Residual tolerance target = 1e-10
# Initial residual norm     = 6.93807e-10
     0     1
# FGMRES final (true) residual:
# Iteration = 4: |res|/|res0| = 2.69218e-11.

Computing volumes of the grid elements.
Non-linear iter.: 397/500. Linear iter.: 4. Min. area: 0.000151845. Error: 2.69218e-11.
Computing volumes of the grid elements.
Min. volume: 0.000151845, max. volume: 36.5349.

# FGMRES residual history
# Residual tolerance target = 1e-10
# Initial residual norm     = 6.93814e-10
     0     1
# FGMRES final (true) residual:
# Iteration = 4: |res|/|res0| = 2.69215e-11.

Computing volumes of the grid elements.
Non-linear iter.: 398/500. Linear iter.: 4. Min. area: 0.000151845. Error: 2.69215e-11.
Computing volumes of the grid elements.
Min. volume: 0.000151845, max. volume: 36.5349.

# FGMRES residual history
# Residual tolerance target = 1e-10
# Initial residual norm     = 6.93821e-10
     0     1
# FGMRES final (true) residual:
# Iteration = 4: |res|/|res0| = 2.69212e-11.

Computing volumes of the grid elements.
Non-linear iter.: 399/500. Linear iter.: 4. Min. area: 0.000151845. Error: 2.69212e-11.
Computing volumes of the grid elements.
Min. volume: 0.000151845, max. volume: 36.5349.

# FGMRES residual history
# Residual tolerance target = 1e-10
# Initial residual norm     = 6.93828e-10
     0     1
# FGMRES final (true) residual:
# Iteration = 4: |res|/|res0| = 2.69209e-11.

Computing volumes of the grid elements.
Non-linear iter.: 400/500. Linear iter.: 4. Min. area: 0.000151845. Error: 2.69209e-11.
Computing volumes of the grid elements.
Min. volume: 0.000151845, max. volume: 36.5349.

# FGMRES residual history
# Residual tolerance target = 1e-10
# Initial residual norm     = 6.93835e-10
     0     1
# FGMRES final (true) residual:
# Iteration = 4: |res|/|res0| = 2.69205e-11.

Computing volumes of the grid elements.
Non-linear iter.: 401/500. Linear iter.: 4. Min. area: 0.000151845. Error: 2.69205e-11.
Computing volumes of the grid elements.
Min. volume: 0.000151845, max. volume: 36.5349.

# FGMRES residual history
# Residual tolerance target = 1e-10
# Initial residual norm     = 6.93843e-10
     0     1
# FGMRES final (true) residual:
# Iteration = 4: |res|/|res0| = 2.69202e-11.

Computing volumes of the grid elements.
Non-linear iter.: 402/500. Linear iter.: 4. Min. area: 0.000151845. Error: 2.69202e-11.
Computing volumes of the grid elements.
Min. volume: 0.000151845, max. volume: 36.5349.

# FGMRES residual history
# Residual tolerance target = 1e-10
# Initial residual norm     = 6.9385e-10
     0     1
# FGMRES final (true) residual:
# Iteration = 4: |res|/|res0| = 2.69199e-11.

Computing volumes of the grid elements.
Non-linear iter.: 403/500. Linear iter.: 4. Min. area: 0.000151845. Error: 2.69199e-11.
Computing volumes of the grid elements.
Min. volume: 0.000151845, max. volume: 36.5349.

# FGMRES residual history
# Residual tolerance target = 1e-10
# Initial residual norm     = 6.93857e-10
     0     1
# FGMRES final (true) residual:
# Iteration = 4: |res|/|res0| = 2.69195e-11.

Computing volumes of the grid elements.
Non-linear iter.: 404/500. Linear iter.: 4. Min. area: 0.000151845. Error: 2.69195e-11.
Computing volumes of the grid elements.
Min. volume: 0.000151845, max. volume: 36.5349.

# FGMRES residual history
# Residual tolerance target = 1e-10
# Initial residual norm     = 6.93864e-10
     0     1
# FGMRES final (true) residual:
# Iteration = 4: |res|/|res0| = 2.69192e-11.

Computing volumes of the grid elements.
Non-linear iter.: 405/500. Linear iter.: 4. Min. area: 0.000151845. Error: 2.69192e-11.
Computing volumes of the grid elements.
Min. volume: 0.000151845, max. volume: 36.5349.

# FGMRES residual history
# Residual tolerance target = 1e-10
# Initial residual norm     = 6.93872e-10
     0     1
# FGMRES final (true) residual:
# Iteration = 4: |res|/|res0| = 2.69189e-11.

Computing volumes of the grid elements.
Non-linear iter.: 406/500. Linear iter.: 4. Min. area: 0.000151845. Error: 2.69189e-11.
Computing volumes of the grid elements.
Min. volume: 0.000151845, max. volume: 36.5349.

# FGMRES residual history
# Residual tolerance target = 1e-10
# Initial residual norm     = 6.93879e-10
     0     1
# FGMRES final (true) residual:
# Iteration = 4: |res|/|res0| = 2.69185e-11.

Computing volumes of the grid elements.
Non-linear iter.: 407/500. Linear iter.: 4. Min. area: 0.000151845. Error: 2.69185e-11.
Computing volumes of the grid elements.
Min. volume: 0.000151845, max. volume: 36.5349.

# FGMRES residual history
# Residual tolerance target = 1e-10
# Initial residual norm     = 6.93886e-10
     0     1
# FGMRES final (true) residual:
# Iteration = 4: |res|/|res0| = 2.69182e-11.

Computing volumes of the grid elements.
Non-linear iter.: 408/500. Linear iter.: 4. Min. area: 0.000151845. Error: 2.69182e-11.
Computing volumes of the grid elements.
Min. volume: 0.000151845, max. volume: 36.5349.

# FGMRES residual history
# Residual tolerance target = 1e-10
# Initial residual norm     = 6.93893e-10
     0     1
# FGMRES final (true) residual:
# Iteration = 4: |res|/|res0| = 2.69179e-11.

Computing volumes of the grid elements.
Non-linear iter.: 409/500. Linear iter.: 4. Min. area: 0.000151845. Error: 2.69179e-11.
Computing volumes of the grid elements.
Min. volume: 0.000151845, max. volume: 36.5349.

# FGMRES residual history
# Residual tolerance target = 1e-10
# Initial residual norm     = 6.939e-10
     0     1
# FGMRES final (true) residual:
# Iteration = 4: |res|/|res0| = 2.69175e-11.

Computing volumes of the grid elements.
Non-linear iter.: 410/500. Linear iter.: 4. Min. area: 0.000151845. Error: 2.69175e-11.
Computing volumes of the grid elements.
Min. volume: 0.000151845, max. volume: 36.5349.

# FGMRES residual history
# Residual tolerance target = 1e-10
# Initial residual norm     = 6.93908e-10
     0     1
# FGMRES final (true) residual:
# Iteration = 4: |res|/|res0| = 2.69172e-11.

Computing volumes of the grid elements.
Non-linear iter.: 411/500. Linear iter.: 4. Min. area: 0.000151845. Error: 2.69172e-11.
Computing volumes of the grid elements.
Min. volume: 0.000151845, max. volume: 36.5349.

# FGMRES residual history
# Residual tolerance target = 1e-10
# Initial residual norm     = 6.93915e-10
     0     1
# FGMRES final (true) residual:
# Iteration = 4: |res|/|res0| = 2.69169e-11.

Computing volumes of the grid elements.
Non-linear iter.: 412/500. Linear iter.: 4. Min. area: 0.000151845. Error: 2.69169e-11.
Computing volumes of the grid elements.
Min. volume: 0.000151845, max. volume: 36.5349.

# FGMRES residual history
# Residual tolerance target = 1e-10
# Initial residual norm     = 6.93922e-10
     0     1
# FGMRES final (true) residual:
# Iteration = 4: |res|/|res0| = 2.69165e-11.

Computing volumes of the grid elements.
Non-linear iter.: 413/500. Linear iter.: 4. Min. area: 0.000151845. Error: 2.69165e-11.
Computing volumes of the grid elements.
Min. volume: 0.000151845, max. volume: 36.5349.

# FGMRES residual history
# Residual tolerance target = 1e-10
# Initial residual norm     = 6.93929e-10
     0     1
# FGMRES final (true) residual:
# Iteration = 4: |res|/|res0| = 2.69162e-11.

Computing volumes of the grid elements.
Non-linear iter.: 414/500. Linear iter.: 4. Min. area: 0.000151845. Error: 2.69162e-11.
Computing volumes of the grid elements.
Min. volume: 0.000151845, max. volume: 36.5349.

# FGMRES residual history
# Residual tolerance target = 1e-10
# Initial residual norm     = 6.93936e-10
     0     1
# FGMRES final (true) residual:
# Iteration = 4: |res|/|res0| = 2.69159e-11.

Computing volumes of the grid elements.
Non-linear iter.: 415/500. Linear iter.: 4. Min. area: 0.000151845. Error: 2.69159e-11.
Computing volumes of the grid elements.
Min. volume: 0.000151845, max. volume: 36.5349.

# FGMRES residual history
# Residual tolerance target = 1e-10
# Initial residual norm     = 6.93944e-10
     0     1
# FGMRES final (true) residual:
# Iteration = 4: |res|/|res0| = 2.69155e-11.

Computing volumes of the grid elements.
Non-linear iter.: 416/500. Linear iter.: 4. Min. area: 0.000151845. Error: 2.69155e-11.
Computing volumes of the grid elements.
Min. volume: 0.000151845, max. volume: 36.5349.

# FGMRES residual history
# Residual tolerance target = 1e-10
# Initial residual norm     = 6.93951e-10
     0     1
# FGMRES final (true) residual:
# Iteration = 4: |res|/|res0| = 2.69152e-11.

Computing volumes of the grid elements.
Non-linear iter.: 417/500. Linear iter.: 4. Min. area: 0.000151845. Error: 2.69152e-11.
Computing volumes of the grid elements.
Min. volume: 0.000151845, max. volume: 36.5349.

# FGMRES residual history
# Residual tolerance target = 1e-10
# Initial residual norm     = 6.93958e-10
     0     1
# FGMRES final (true) residual:
# Iteration = 4: |res|/|res0| = 2.69149e-11.

Computing volumes of the grid elements.
Non-linear iter.: 418/500. Linear iter.: 4. Min. area: 0.000151845. Error: 2.69149e-11.
Computing volumes of the grid elements.
Min. volume: 0.000151845, max. volume: 36.5349.

# FGMRES residual history
# Residual tolerance target = 1e-10
# Initial residual norm     = 6.93965e-10
     0     1
# FGMRES final (true) residual:
# Iteration = 4: |res|/|res0| = 2.69145e-11.

Computing volumes of the grid elements.
Non-linear iter.: 419/500. Linear iter.: 4. Min. area: 0.000151845. Error: 2.69145e-11.
Computing volumes of the grid elements.
Min. volume: 0.000151845, max. volume: 36.5349.

# FGMRES residual history
# Residual tolerance target = 1e-10
# Initial residual norm     = 6.93972e-10
     0     1
# FGMRES final (true) residual:
# Iteration = 4: |res|/|res0| = 2.69142e-11.

Computing volumes of the grid elements.
Non-linear iter.: 420/500. Linear iter.: 4. Min. area: 0.000151845. Error: 2.69142e-11.
Computing volumes of the grid elements.
Min. volume: 0.000151845, max. volume: 36.5349.

# FGMRES residual history
# Residual tolerance target = 1e-10
# Initial residual norm     = 6.9398e-10
     0     1
# FGMRES final (true) residual:
# Iteration = 4: |res|/|res0| = 2.69139e-11.

Computing volumes of the grid elements.
Non-linear iter.: 421/500. Linear iter.: 4. Min. area: 0.000151845. Error: 2.69139e-11.
Computing volumes of the grid elements.
Min. volume: 0.000151845, max. volume: 36.5349.

# FGMRES residual history
# Residual tolerance target = 1e-10
# Initial residual norm     = 6.93987e-10
     0     1
# FGMRES final (true) residual:
# Iteration = 4: |res|/|res0| = 2.69135e-11.

Computing volumes of the grid elements.
Non-linear iter.: 422/500. Linear iter.: 4. Min. area: 0.000151845. Error: 2.69135e-11.
Computing volumes of the grid elements.
Min. volume: 0.000151845, max. volume: 36.5349.

# FGMRES residual history
# Residual tolerance target = 1e-10
# Initial residual norm     = 6.93994e-10
     0     1
# FGMRES final (true) residual:
# Iteration = 4: |res|/|res0| = 2.69132e-11.

Computing volumes of the grid elements.
Non-linear iter.: 423/500. Linear iter.: 4. Min. area: 0.000151845. Error: 2.69132e-11.
Computing volumes of the grid elements.
Min. volume: 0.000151845, max. volume: 36.5349.

# FGMRES residual history
# Residual tolerance target = 1e-10
# Initial residual norm     = 6.94001e-10
     0     1
# FGMRES final (true) residual:
# Iteration = 4: |res|/|res0| = 2.69129e-11.

Computing volumes of the grid elements.
Non-linear iter.: 424/500. Linear iter.: 4. Min. area: 0.000151845. Error: 2.69129e-11.
Computing volumes of the grid elements.
Min. volume: 0.000151845, max. volume: 36.5349.

# FGMRES residual history
# Residual tolerance target = 1e-10
# Initial residual norm     = 6.94009e-10
     0     1
# FGMRES final (true) residual:
# Iteration = 4: |res|/|res0| = 2.69125e-11.

Computing volumes of the grid elements.
Non-linear iter.: 425/500. Linear iter.: 4. Min. area: 0.000151845. Error: 2.69125e-11.
Computing volumes of the grid elements.
Min. volume: 0.000151845, max. volume: 36.5349.

# FGMRES residual history
# Residual tolerance target = 1e-10
# Initial residual norm     = 6.94016e-10
     0     1
# FGMRES final (true) residual:
# Iteration = 4: |res|/|res0| = 2.69122e-11.

Computing volumes of the grid elements.
Non-linear iter.: 426/500. Linear iter.: 4. Min. area: 0.000151845. Error: 2.69122e-11.
Computing volumes of the grid elements.
Min. volume: 0.000151845, max. volume: 36.5349.

# FGMRES residual history
# Residual tolerance target = 1e-10
# Initial residual norm     = 6.94023e-10
     0     1
# FGMRES final (true) residual:
# Iteration = 4: |res|/|res0| = 2.69119e-11.

Computing volumes of the grid elements.
Non-linear iter.: 427/500. Linear iter.: 4. Min. area: 0.000151845. Error: 2.69119e-11.
Computing volumes of the grid elements.
Min. volume: 0.000151845, max. volume: 36.5349.

# FGMRES residual history
# Residual tolerance target = 1e-10
# Initial residual norm     = 6.9403e-10
     0     1
# FGMRES final (true) residual:
# Iteration = 4: |res|/|res0| = 2.69115e-11.

Computing volumes of the grid elements.
Non-linear iter.: 428/500. Linear iter.: 4. Min. area: 0.000151845. Error: 2.69115e-11.
Computing volumes of the grid elements.
Min. volume: 0.000151845, max. volume: 36.5349.

# FGMRES residual history
# Residual tolerance target = 1e-10
# Initial residual norm     = 6.94037e-10
     0     1
# FGMRES final (true) residual:
# Iteration = 4: |res|/|res0| = 2.69112e-11.

Computing volumes of the grid elements.
Non-linear iter.: 429/500. Linear iter.: 4. Min. area: 0.000151845. Error: 2.69112e-11.
Computing volumes of the grid elements.
Min. volume: 0.000151845, max. volume: 36.5349.

# FGMRES residual history
# Residual tolerance target = 1e-10
# Initial residual norm     = 6.94045e-10
     0     1
# FGMRES final (true) residual:
# Iteration = 4: |res|/|res0| = 2.69109e-11.

Computing volumes of the grid elements.
Non-linear iter.: 430/500. Linear iter.: 4. Min. area: 0.000151845. Error: 2.69109e-11.
Computing volumes of the grid elements.
Min. volume: 0.000151845, max. volume: 36.5349.

# FGMRES residual history
# Residual tolerance target = 1e-10
# Initial residual norm     = 6.94052e-10
     0     1
# FGMRES final (true) residual:
# Iteration = 4: |res|/|res0| = 2.69105e-11.

Computing volumes of the grid elements.
Non-linear iter.: 431/500. Linear iter.: 4. Min. area: 0.000151845. Error: 2.69105e-11.
Computing volumes of the grid elements.
Min. volume: 0.000151845, max. volume: 36.5349.

# FGMRES residual history
# Residual tolerance target = 1e-10
# Initial residual norm     = 6.94059e-10
     0     1
# FGMRES final (true) residual:
# Iteration = 4: |res|/|res0| = 2.69102e-11.

Computing volumes of the grid elements.
Non-linear iter.: 432/500. Linear iter.: 4. Min. area: 0.000151845. Error: 2.69102e-11.
Computing volumes of the grid elements.
Min. volume: 0.000151845, max. volume: 36.5349.

# FGMRES residual history
# Residual tolerance target = 1e-10
# Initial residual norm     = 6.94066e-10
     0     1
# FGMRES final (true) residual:
# Iteration = 4: |res|/|res0| = 2.69099e-11.

Computing volumes of the grid elements.
Non-linear iter.: 433/500. Linear iter.: 4. Min. area: 0.000151845. Error: 2.69099e-11.
Computing volumes of the grid elements.
Min. volume: 0.000151845, max. volume: 36.5349.

# FGMRES residual history
# Residual tolerance target = 1e-10
# Initial residual norm     = 6.94073e-10
     0     1
# FGMRES final (true) residual:
# Iteration = 4: |res|/|res0| = 2.69095e-11.

Computing volumes of the grid elements.
Non-linear iter.: 434/500. Linear iter.: 4. Min. area: 0.000151845. Error: 2.69095e-11.
Computing volumes of the grid elements.
Min. volume: 0.000151845, max. volume: 36.5349.

# FGMRES residual history
# Residual tolerance target = 1e-10
# Initial residual norm     = 6.94081e-10
     0     1
# FGMRES final (true) residual:
# Iteration = 4: |res|/|res0| = 2.69092e-11.

Computing volumes of the grid elements.
Non-linear iter.: 435/500. Linear iter.: 4. Min. area: 0.000151845. Error: 2.69092e-11.
Computing volumes of the grid elements.
Min. volume: 0.000151845, max. volume: 36.5349.

# FGMRES residual history
# Residual tolerance target = 1e-10
# Initial residual norm     = 6.94088e-10
     0     1
# FGMRES final (true) residual:
# Iteration = 4: |res|/|res0| = 2.69089e-11.

Computing volumes of the grid elements.
Non-linear iter.: 436/500. Linear iter.: 4. Min. area: 0.000151845. Error: 2.69089e-11.
Computing volumes of the grid elements.
Min. volume: 0.000151845, max. volume: 36.5349.

# FGMRES residual history
# Residual tolerance target = 1e-10
# Initial residual norm     = 6.94095e-10
     0     1
# FGMRES final (true) residual:
# Iteration = 4: |res|/|res0| = 2.69085e-11.

Computing volumes of the grid elements.
Non-linear iter.: 437/500. Linear iter.: 4. Min. area: 0.000151845. Error: 2.69085e-11.
Computing volumes of the grid elements.
Min. volume: 0.000151845, max. volume: 36.5349.

# FGMRES residual history
# Residual tolerance target = 1e-10
# Initial residual norm     = 6.94102e-10
     0     1
# FGMRES final (true) residual:
# Iteration = 4: |res|/|res0| = 2.69082e-11.

Computing volumes of the grid elements.
Non-linear iter.: 438/500. Linear iter.: 4. Min. area: 0.000151845. Error: 2.69082e-11.
Computing volumes of the grid elements.
Min. volume: 0.000151845, max. volume: 36.5349.

# FGMRES residual history
# Residual tolerance target = 1e-10
# Initial residual norm     = 6.9411e-10
     0     1
# FGMRES final (true) residual:
# Iteration = 4: |res|/|res0| = 2.69079e-11.

Computing volumes of the grid elements.
Non-linear iter.: 439/500. Linear iter.: 4. Min. area: 0.000151845. Error: 2.69079e-11.
Computing volumes of the grid elements.
Min. volume: 0.000151845, max. volume: 36.5349.

# FGMRES residual history
# Residual tolerance target = 1e-10
# Initial residual norm     = 6.94117e-10
     0     1
# FGMRES final (true) residual:
# Iteration = 4: |res|/|res0| = 2.69075e-11.

Computing volumes of the grid elements.
Non-linear iter.: 440/500. Linear iter.: 4. Min. area: 0.000151845. Error: 2.69075e-11.
Computing volumes of the grid elements.
Min. volume: 0.000151845, max. volume: 36.5349.

# FGMRES residual history
# Residual tolerance target = 1e-10
# Initial residual norm     = 6.94124e-10
     0     1
# FGMRES final (true) residual:
# Iteration = 4: |res|/|res0| = 2.69072e-11.

Computing volumes of the grid elements.
Non-linear iter.: 441/500. Linear iter.: 4. Min. area: 0.000151845. Error: 2.69072e-11.
Computing volumes of the grid elements.
Min. volume: 0.000151845, max. volume: 36.5349.

# FGMRES residual history
# Residual tolerance target = 1e-10
# Initial residual norm     = 6.94131e-10
     0     1
# FGMRES final (true) residual:
# Iteration = 4: |res|/|res0| = 2.69069e-11.

Computing volumes of the grid elements.
Non-linear iter.: 442/500. Linear iter.: 4. Min. area: 0.000151845. Error: 2.69069e-11.
Computing volumes of the grid elements.
Min. volume: 0.000151845, max. volume: 36.5349.

# FGMRES residual history
# Residual tolerance target = 1e-10
# Initial residual norm     = 6.94138e-10
     0     1
# FGMRES final (true) residual:
# Iteration = 4: |res|/|res0| = 2.69066e-11.

Computing volumes of the grid elements.
Non-linear iter.: 443/500. Linear iter.: 4. Min. area: 0.000151845. Error: 2.69066e-11.
Computing volumes of the grid elements.
Min. volume: 0.000151845, max. volume: 36.5349.

# FGMRES residual history
# Residual tolerance target = 1e-10
# Initial residual norm     = 6.94146e-10
     0     1
# FGMRES final (true) residual:
# Iteration = 4: |res|/|res0| = 2.69062e-11.

Computing volumes of the grid elements.
Non-linear iter.: 444/500. Linear iter.: 4. Min. area: 0.000151845. Error: 2.69062e-11.
Computing volumes of the grid elements.
Min. volume: 0.000151845, max. volume: 36.5349.

# FGMRES residual history
# Residual tolerance target = 1e-10
# Initial residual norm     = 6.94153e-10
     0     1
# FGMRES final (true) residual:
# Iteration = 4: |res|/|res0| = 2.69059e-11.

Computing volumes of the grid elements.
Non-linear iter.: 445/500. Linear iter.: 4. Min. area: 0.000151845. Error: 2.69059e-11.
Computing volumes of the grid elements.
Min. volume: 0.000151845, max. volume: 36.5349.

# FGMRES residual history
# Residual tolerance target = 1e-10
# Initial residual norm     = 6.9416e-10
     0     1
# FGMRES final (true) residual:
# Iteration = 4: |res|/|res0| = 2.69056e-11.

Computing volumes of the grid elements.
Non-linear iter.: 446/500. Linear iter.: 4. Min. area: 0.000151845. Error: 2.69056e-11.
Computing volumes of the grid elements.
Min. volume: 0.000151845, max. volume: 36.5349.

# FGMRES residual history
# Residual tolerance target = 1e-10
# Initial residual norm     = 6.94167e-10
     0     1
# FGMRES final (true) residual:
# Iteration = 4: |res|/|res0| = 2.69052e-11.

Computing volumes of the grid elements.
Non-linear iter.: 447/500. Linear iter.: 4. Min. area: 0.000151845. Error: 2.69052e-11.
Computing volumes of the grid elements.
Min. volume: 0.000151845, max. volume: 36.5349.

# FGMRES residual history
# Residual tolerance target = 1e-10
# Initial residual norm     = 6.94175e-10
     0     1
# FGMRES final (true) residual:
# Iteration = 4: |res|/|res0| = 2.69049e-11.

Computing volumes of the grid elements.
Non-linear iter.: 448/500. Linear iter.: 4. Min. area: 0.000151845. Error: 2.69049e-11.
Computing volumes of the grid elements.
Min. volume: 0.000151845, max. volume: 36.5349.

# FGMRES residual history
# Residual tolerance target = 1e-10
# Initial residual norm     = 6.94182e-10
     0     1
# FGMRES final (true) residual:
# Iteration = 4: |res|/|res0| = 2.69046e-11.

Computing volumes of the grid elements.
Non-linear iter.: 449/500. Linear iter.: 4. Min. area: 0.000151845. Error: 2.69046e-11.
Computing volumes of the grid elements.
Min. volume: 0.000151845, max. volume: 36.5349.

# FGMRES residual history
# Residual tolerance target = 1e-10
# Initial residual norm     = 6.94189e-10
     0     1
# FGMRES final (true) residual:
# Iteration = 4: |res|/|res0| = 2.69042e-11.

Computing volumes of the grid elements.
Non-linear iter.: 450/500. Linear iter.: 4. Min. area: 0.000151845. Error: 2.69042e-11.
Computing volumes of the grid elements.
Min. volume: 0.000151845, max. volume: 36.5349.

# FGMRES residual history
# Residual tolerance target = 1e-10
# Initial residual norm     = 6.94196e-10
     0     1
# FGMRES final (true) residual:
# Iteration = 4: |res|/|res0| = 2.69039e-11.

Computing volumes of the grid elements.
Non-linear iter.: 451/500. Linear iter.: 4. Min. area: 0.000151845. Error: 2.69039e-11.
Computing volumes of the grid elements.
Min. volume: 0.000151845, max. volume: 36.5349.

# FGMRES residual history
# Residual tolerance target = 1e-10
# Initial residual norm     = 6.94203e-10
     0     1
# FGMRES final (true) residual:
# Iteration = 4: |res|/|res0| = 2.69036e-11.

Computing volumes of the grid elements.
Non-linear iter.: 452/500. Linear iter.: 4. Min. area: 0.000151845. Error: 2.69036e-11.
Computing volumes of the grid elements.
Min. volume: 0.000151845, max. volume: 36.5349.

# FGMRES residual history
# Residual tolerance target = 1e-10
# Initial residual norm     = 6.94211e-10
     0     1
# FGMRES final (true) residual:
# Iteration = 4: |res|/|res0| = 2.69032e-11.

Computing volumes of the grid elements.
Non-linear iter.: 453/500. Linear iter.: 4. Min. area: 0.000151845. Error: 2.69032e-11.
Computing volumes of the grid elements.
Min. volume: 0.000151845, max. volume: 36.5349.

# FGMRES residual history
# Residual tolerance target = 1e-10
# Initial residual norm     = 6.94218e-10
     0     1
# FGMRES final (true) residual:
# Iteration = 4: |res|/|res0| = 2.69029e-11.

Computing volumes of the grid elements.
Non-linear iter.: 454/500. Linear iter.: 4. Min. area: 0.000151845. Error: 2.69029e-11.
Computing volumes of the grid elements.
Min. volume: 0.000151845, max. volume: 36.5349.

# FGMRES residual history
# Residual tolerance target = 1e-10
# Initial residual norm     = 6.94225e-10
     0     1
# FGMRES final (true) residual:
# Iteration = 4: |res|/|res0| = 2.69026e-11.

Computing volumes of the grid elements.
Non-linear iter.: 455/500. Linear iter.: 4. Min. area: 0.000151845. Error: 2.69026e-11.
Computing volumes of the grid elements.
Min. volume: 0.000151845, max. volume: 36.5349.

# FGMRES residual history
# Residual tolerance target = 1e-10
# Initial residual norm     = 6.94232e-10
     0     1
# FGMRES final (true) residual:
# Iteration = 4: |res|/|res0| = 2.69022e-11.

Computing volumes of the grid elements.
Non-linear iter.: 456/500. Linear iter.: 4. Min. area: 0.000151845. Error: 2.69022e-11.
Computing volumes of the grid elements.
Min. volume: 0.000151845, max. volume: 36.5349.

# FGMRES residual history
# Residual tolerance target = 1e-10
# Initial residual norm     = 6.9424e-10
     0     1
# FGMRES final (true) residual:
# Iteration = 4: |res|/|res0| = 2.69019e-11.

Computing volumes of the grid elements.
Non-linear iter.: 457/500. Linear iter.: 4. Min. area: 0.000151845. Error: 2.69019e-11.
Computing volumes of the grid elements.
Min. volume: 0.000151845, max. volume: 36.5349.

# FGMRES residual history
# Residual tolerance target = 1e-10
# Initial residual norm     = 6.94247e-10
     0     1
# FGMRES final (true) residual:
# Iteration = 4: |res|/|res0| = 2.69016e-11.

Computing volumes of the grid elements.
Non-linear iter.: 458/500. Linear iter.: 4. Min. area: 0.000151845. Error: 2.69016e-11.
Computing volumes of the grid elements.
Min. volume: 0.000151845, max. volume: 36.5349.

# FGMRES residual history
# Residual tolerance target = 1e-10
# Initial residual norm     = 6.94254e-10
     0     1
# FGMRES final (true) residual:
# Iteration = 4: |res|/|res0| = 2.69012e-11.

Computing volumes of the grid elements.
Non-linear iter.: 459/500. Linear iter.: 4. Min. area: 0.000151845. Error: 2.69012e-11.
Computing volumes of the grid elements.
Min. volume: 0.000151845, max. volume: 36.5349.

# FGMRES residual history
# Residual tolerance target = 1e-10
# Initial residual norm     = 6.94261e-10
     0     1
# FGMRES final (true) residual:
# Iteration = 4: |res|/|res0| = 2.69009e-11.

Computing volumes of the grid elements.
Non-linear iter.: 460/500. Linear iter.: 4. Min. area: 0.000151845. Error: 2.69009e-11.
Computing volumes of the grid elements.
Min. volume: 0.000151845, max. volume: 36.5349.

# FGMRES residual history
# Residual tolerance target = 1e-10
# Initial residual norm     = 6.94268e-10
     0     1
# FGMRES final (true) residual:
# Iteration = 4: |res|/|res0| = 2.69006e-11.

Computing volumes of the grid elements.
Non-linear iter.: 461/500. Linear iter.: 4. Min. area: 0.000151845. Error: 2.69006e-11.
Computing volumes of the grid elements.
Min. volume: 0.000151845, max. volume: 36.5349.

# FGMRES residual history
# Residual tolerance target = 1e-10
# Initial residual norm     = 6.94276e-10
     0     1
# FGMRES final (true) residual:
# Iteration = 4: |res|/|res0| = 2.69002e-11.

Computing volumes of the grid elements.
Non-linear iter.: 462/500. Linear iter.: 4. Min. area: 0.000151845. Error: 2.69002e-11.
Computing volumes of the grid elements.
Min. volume: 0.000151845, max. volume: 36.5349.

# FGMRES residual history
# Residual tolerance target = 1e-10
# Initial residual norm     = 6.94283e-10
     0     1
# FGMRES final (true) residual:
# Iteration = 4: |res|/|res0| = 2.68999e-11.

Computing volumes of the grid elements.
Non-linear iter.: 463/500. Linear iter.: 4. Min. area: 0.000151845. Error: 2.68999e-11.
Computing volumes of the grid elements.
Min. volume: 0.000151845, max. volume: 36.5349.

# FGMRES residual history
# Residual tolerance target = 1e-10
# Initial residual norm     = 6.9429e-10
     0     1
# FGMRES final (true) residual:
# Iteration = 4: |res|/|res0| = 2.68996e-11.

Computing volumes of the grid elements.
Non-linear iter.: 464/500. Linear iter.: 4. Min. area: 0.000151845. Error: 2.68996e-11.
Computing volumes of the grid elements.
Min. volume: 0.000151845, max. volume: 36.5349.

# FGMRES residual history
# Residual tolerance target = 1e-10
# Initial residual norm     = 6.94297e-10
     0     1
# FGMRES final (true) residual:
# Iteration = 4: |res|/|res0| = 2.68992e-11.

Computing volumes of the grid elements.
Non-linear iter.: 465/500. Linear iter.: 4. Min. area: 0.000151845. Error: 2.68992e-11.
Computing volumes of the grid elements.
Min. volume: 0.000151845, max. volume: 36.5349.

# FGMRES residual history
# Residual tolerance target = 1e-10
# Initial residual norm     = 6.94305e-10
     0     1
# FGMRES final (true) residual:
# Iteration = 4: |res|/|res0| = 2.68989e-11.

Computing volumes of the grid elements.
Non-linear iter.: 466/500. Linear iter.: 4. Min. area: 0.000151845. Error: 2.68989e-11.
Computing volumes of the grid elements.
Min. volume: 0.000151845, max. volume: 36.5349.

# FGMRES residual history
# Residual tolerance target = 1e-10
# Initial residual norm     = 6.94312e-10
     0     1
# FGMRES final (true) residual:
# Iteration = 4: |res|/|res0| = 2.68986e-11.

Computing volumes of the grid elements.
Non-linear iter.: 467/500. Linear iter.: 4. Min. area: 0.000151845. Error: 2.68986e-11.
Computing volumes of the grid elements.
Min. volume: 0.000151845, max. volume: 36.5349.

# FGMRES residual history
# Residual tolerance target = 1e-10
# Initial residual norm     = 6.94319e-10
     0     1
# FGMRES final (true) residual:
# Iteration = 4: |res|/|res0| = 2.68982e-11.

Computing volumes of the grid elements.
Non-linear iter.: 468/500. Linear iter.: 4. Min. area: 0.000151845. Error: 2.68982e-11.
Computing volumes of the grid elements.
Min. volume: 0.000151845, max. volume: 36.5349.

# FGMRES residual history
# Residual tolerance target = 1e-10
# Initial residual norm     = 6.94326e-10
     0     1
# FGMRES final (true) residual:
# Iteration = 4: |res|/|res0| = 2.68979e-11.

Computing volumes of the grid elements.
Non-linear iter.: 469/500. Linear iter.: 4. Min. area: 0.000151845. Error: 2.68979e-11.
Computing volumes of the grid elements.
Min. volume: 0.000151845, max. volume: 36.5349.

# FGMRES residual history
# Residual tolerance target = 1e-10
# Initial residual norm     = 6.94333e-10
     0     1
# FGMRES final (true) residual:
# Iteration = 4: |res|/|res0| = 2.68976e-11.

Computing volumes of the grid elements.
Non-linear iter.: 470/500. Linear iter.: 4. Min. area: 0.000151845. Error: 2.68976e-11.
Computing volumes of the grid elements.
Min. volume: 0.000151845, max. volume: 36.5349.

# FGMRES residual history
# Residual tolerance target = 1e-10
# Initial residual norm     = 6.94341e-10
     0     1
# FGMRES final (true) residual:
# Iteration = 4: |res|/|res0| = 2.68972e-11.

Computing volumes of the grid elements.
Non-linear iter.: 471/500. Linear iter.: 4. Min. area: 0.000151845. Error: 2.68972e-11.
Computing volumes of the grid elements.
Min. volume: 0.000151845, max. volume: 36.5349.

# FGMRES residual history
# Residual tolerance target = 1e-10
# Initial residual norm     = 6.94348e-10
     0     1
# FGMRES final (true) residual:
# Iteration = 4: |res|/|res0| = 2.68969e-11.

Computing volumes of the grid elements.
Non-linear iter.: 472/500. Linear iter.: 4. Min. area: 0.000151845. Error: 2.68969e-11.
Computing volumes of the grid elements.
Min. volume: 0.000151845, max. volume: 36.5349.

# FGMRES residual history
# Residual tolerance target = 1e-10
# Initial residual norm     = 6.94355e-10
     0     1
# FGMRES final (true) residual:
# Iteration = 4: |res|/|res0| = 2.68966e-11.

Computing volumes of the grid elements.
Non-linear iter.: 473/500. Linear iter.: 4. Min. area: 0.000151845. Error: 2.68966e-11.
Computing volumes of the grid elements.
Min. volume: 0.000151845, max. volume: 36.5349.

# FGMRES residual history
# Residual tolerance target = 1e-10
# Initial residual norm     = 6.94362e-10
     0     1
# FGMRES final (true) residual:
# Iteration = 4: |res|/|res0| = 2.68962e-11.

Computing volumes of the grid elements.
Non-linear iter.: 474/500. Linear iter.: 4. Min. area: 0.000151845. Error: 2.68962e-11.
Computing volumes of the grid elements.
Min. volume: 0.000151845, max. volume: 36.5349.

# FGMRES residual history
# Residual tolerance target = 1e-10
# Initial residual norm     = 6.9437e-10
     0     1
# FGMRES final (true) residual:
# Iteration = 4: |res|/|res0| = 2.68959e-11.

Computing volumes of the grid elements.
Non-linear iter.: 475/500. Linear iter.: 4. Min. area: 0.000151845. Error: 2.68959e-11.
Computing volumes of the grid elements.
Min. volume: 0.000151845, max. volume: 36.5349.

# FGMRES residual history
# Residual tolerance target = 1e-10
# Initial residual norm     = 6.94377e-10
     0     1
# FGMRES final (true) residual:
# Iteration = 4: |res|/|res0| = 2.68956e-11.

Computing volumes of the grid elements.
Non-linear iter.: 476/500. Linear iter.: 4. Min. area: 0.000151845. Error: 2.68956e-11.
Computing volumes of the grid elements.
Min. volume: 0.000151845, max. volume: 36.5349.

# FGMRES residual history
# Residual tolerance target = 1e-10
# Initial residual norm     = 6.94384e-10
     0     1
# FGMRES final (true) residual:
# Iteration = 4: |res|/|res0| = 2.68952e-11.

Computing volumes of the grid elements.
Non-linear iter.: 477/500. Linear iter.: 4. Min. area: 0.000151845. Error: 2.68952e-11.
Computing volumes of the grid elements.
Min. volume: 0.000151845, max. volume: 36.5349.

# FGMRES residual history
# Residual tolerance target = 1e-10
# Initial residual norm     = 6.94391e-10
     0     1
# FGMRES final (true) residual:
# Iteration = 4: |res|/|res0| = 2.68949e-11.

Computing volumes of the grid elements.
Non-linear iter.: 478/500. Linear iter.: 4. Min. area: 0.000151845. Error: 2.68949e-11.
Computing volumes of the grid elements.
Min. volume: 0.000151845, max. volume: 36.5349.

# FGMRES residual history
# Residual tolerance target = 1e-10
# Initial residual norm     = 6.94399e-10
     0     1
# FGMRES final (true) residual:
# Iteration = 4: |res|/|res0| = 2.68946e-11.

Computing volumes of the grid elements.
Non-linear iter.: 479/500. Linear iter.: 4. Min. area: 0.000151845. Error: 2.68946e-11.
Computing volumes of the grid elements.
Min. volume: 0.000151845, max. volume: 36.5349.

# FGMRES residual history
# Residual tolerance target = 1e-10
# Initial residual norm     = 6.94406e-10
     0     1
# FGMRES final (true) residual:
# Iteration = 4: |res|/|res0| = 2.68942e-11.

Computing volumes of the grid elements.
Non-linear iter.: 480/500. Linear iter.: 4. Min. area: 0.000151845. Error: 2.68942e-11.
Computing volumes of the grid elements.
Min. volume: 0.000151845, max. volume: 36.5349.

# FGMRES residual history
# Residual tolerance target = 1e-10
# Initial residual norm     = 6.94413e-10
     0     1
# FGMRES final (true) residual:
# Iteration = 4: |res|/|res0| = 2.68939e-11.

Computing volumes of the grid elements.
Non-linear iter.: 481/500. Linear iter.: 4. Min. area: 0.000151845. Error: 2.68939e-11.
Computing volumes of the grid elements.
Min. volume: 0.000151845, max. volume: 36.5349.

# FGMRES residual history
# Residual tolerance target = 1e-10
# Initial residual norm     = 6.9442e-10
     0     1
# FGMRES final (true) residual:
# Iteration = 4: |res|/|res0| = 2.68936e-11.

Computing volumes of the grid elements.
Non-linear iter.: 482/500. Linear iter.: 4. Min. area: 0.000151845. Error: 2.68936e-11.
Computing volumes of the grid elements.
Min. volume: 0.000151845, max. volume: 36.5349.

# FGMRES residual history
# Residual tolerance target = 1e-10
# Initial residual norm     = 6.94427e-10
     0     1
# FGMRES final (true) residual:
# Iteration = 4: |res|/|res0| = 2.68932e-11.

Computing volumes of the grid elements.
Non-linear iter.: 483/500. Linear iter.: 4. Min. area: 0.000151845. Error: 2.68932e-11.
Computing volumes of the grid elements.
Min. volume: 0.000151845, max. volume: 36.5349.

# FGMRES residual history
# Residual tolerance target = 1e-10
# Initial residual norm     = 6.94435e-10
     0     1
# FGMRES final (true) residual:
# Iteration = 4: |res|/|res0| = 2.68929e-11.

Computing volumes of the grid elements.
Non-linear iter.: 484/500. Linear iter.: 4. Min. area: 0.000151845. Error: 2.68929e-11.
Computing volumes of the grid elements.
Min. volume: 0.000151845, max. volume: 36.5349.

# FGMRES residual history
# Residual tolerance target = 1e-10
# Initial residual norm     = 6.94442e-10
     0     1
# FGMRES final (true) residual:
# Iteration = 4: |res|/|res0| = 2.68926e-11.

Computing volumes of the grid elements.
Non-linear iter.: 485/500. Linear iter.: 4. Min. area: 0.000151845. Error: 2.68926e-11.
Computing volumes of the grid elements.
Min. volume: 0.000151845, max. volume: 36.5349.

# FGMRES residual history
# Residual tolerance target = 1e-10
# Initial residual norm     = 6.94449e-10
     0     1
# FGMRES final (true) residual:
# Iteration = 4: |res|/|res0| = 2.68922e-11.

Computing volumes of the grid elements.
Non-linear iter.: 486/500. Linear iter.: 4. Min. area: 0.000151845. Error: 2.68922e-11.
Computing volumes of the grid elements.
Min. volume: 0.000151845, max. volume: 36.5349.

# FGMRES residual history
# Residual tolerance target = 1e-10
# Initial residual norm     = 6.94456e-10
     0     1
# FGMRES final (true) residual:
# Iteration = 4: |res|/|res0| = 2.68919e-11.

Computing volumes of the grid elements.
Non-linear iter.: 487/500. Linear iter.: 4. Min. area: 0.000151845. Error: 2.68919e-11.
Computing volumes of the grid elements.
Min. volume: 0.000151845, max. volume: 36.5349.

# FGMRES residual history
# Residual tolerance target = 1e-10
# Initial residual norm     = 6.94464e-10
     0     1
# FGMRES final (true) residual:
# Iteration = 4: |res|/|res0| = 2.68916e-11.

Computing volumes of the grid elements.
Non-linear iter.: 488/500. Linear iter.: 4. Min. area: 0.000151845. Error: 2.68916e-11.
Computing volumes of the grid elements.
Min. volume: 0.000151845, max. volume: 36.5349.

# FGMRES residual history
# Residual tolerance target = 1e-10
# Initial residual norm     = 6.94471e-10
     0     1
# FGMRES final (true) residual:
# Iteration = 4: |res|/|res0| = 2.68912e-11.

Computing volumes of the grid elements.
Non-linear iter.: 489/500. Linear iter.: 4. Min. area: 0.000151845. Error: 2.68912e-11.
Computing volumes of the grid elements.
Min. volume: 0.000151845, max. volume: 36.5349.

# FGMRES residual history
# Residual tolerance target = 1e-10
# Initial residual norm     = 6.94478e-10
     0     1
# FGMRES final (true) residual:
# Iteration = 4: |res|/|res0| = 2.68909e-11.

Computing volumes of the grid elements.
Non-linear iter.: 490/500. Linear iter.: 4. Min. area: 0.000151845. Error: 2.68909e-11.
Computing volumes of the grid elements.
Min. volume: 0.000151845, max. volume: 36.5349.

# FGMRES residual history
# Residual tolerance target = 1e-10
# Initial residual norm     = 6.94485e-10
     0     1
# FGMRES final (true) residual:
# Iteration = 4: |res|/|res0| = 2.68906e-11.

Computing volumes of the grid elements.
Non-linear iter.: 491/500. Linear iter.: 4. Min. area: 0.000151845. Error: 2.68906e-11.
Computing volumes of the grid elements.
Min. volume: 0.000151845, max. volume: 36.5349.

# FGMRES residual history
# Residual tolerance target = 1e-10
# Initial residual norm     = 6.94492e-10
     0     1
# FGMRES final (true) residual:
# Iteration = 4: |res|/|res0| = 2.68902e-11.

Computing volumes of the grid elements.
Non-linear iter.: 492/500. Linear iter.: 4. Min. area: 0.000151845. Error: 2.68902e-11.
Computing volumes of the grid elements.
Min. volume: 0.000151845, max. volume: 36.5349.

# FGMRES residual history
# Residual tolerance target = 1e-10
# Initial residual norm     = 6.945e-10
     0     1
# FGMRES final (true) residual:
# Iteration = 4: |res|/|res0| = 2.68899e-11.

Computing volumes of the grid elements.
Non-linear iter.: 493/500. Linear iter.: 4. Min. area: 0.000151845. Error: 2.68899e-11.
Computing volumes of the grid elements.
Min. volume: 0.000151845, max. volume: 36.5349.

# FGMRES residual history
# Residual tolerance target = 1e-10
# Initial residual norm     = 6.94507e-10
     0     1
# FGMRES final (true) residual:
# Iteration = 4: |res|/|res0| = 2.68896e-11.

Computing volumes of the grid elements.
Non-linear iter.: 494/500. Linear iter.: 4. Min. area: 0.000151845. Error: 2.68896e-11.
Computing volumes of the grid elements.
Min. volume: 0.000151845, max. volume: 36.5349.

# FGMRES residual history
# Residual tolerance target = 1e-10
# Initial residual norm     = 6.94514e-10
     0     1
# FGMRES final (true) residual:
# Iteration = 4: |res|/|res0| = 2.68892e-11.

Computing volumes of the grid elements.
Non-linear iter.: 495/500. Linear iter.: 4. Min. area: 0.000151845. Error: 2.68892e-11.
Computing volumes of the grid elements.
Min. volume: 0.000151845, max. volume: 36.5349.

# FGMRES residual history
# Residual tolerance target = 1e-10
# Initial residual norm     = 6.94521e-10
     0     1
# FGMRES final (true) residual:
# Iteration = 4: |res|/|res0| = 2.68889e-11.

Computing volumes of the grid elements.
Non-linear iter.: 496/500. Linear iter.: 4. Min. area: 0.000151845. Error: 2.68889e-11.
Computing volumes of the grid elements.
Min. volume: 0.000151845, max. volume: 36.5349.

# FGMRES residual history
# Residual tolerance target = 1e-10
# Initial residual norm     = 6.94529e-10
     0     1
# FGMRES final (true) residual:
# Iteration = 4: |res|/|res0| = 2.68886e-11.

Computing volumes of the grid elements.
Non-linear iter.: 497/500. Linear iter.: 4. Min. area: 0.000151845. Error: 2.68886e-11.
Computing volumes of the grid elements.
Min. volume: 0.000151845, max. volume: 36.5349.

# FGMRES residual history
# Residual tolerance target = 1e-10
# Initial residual norm     = 6.94536e-10
     0     1
# FGMRES final (true) residual:
# Iteration = 4: |res|/|res0| = 2.68883e-11.

Computing volumes of the grid elements.
Non-linear iter.: 498/500. Linear iter.: 4. Min. area: 0.000151845. Error: 2.68883e-11.
Computing volumes of the grid elements.
Min. volume: 0.000151845, max. volume: 36.5349.

# FGMRES residual history
# Residual tolerance target = 1e-10
# Initial residual norm     = 6.94543e-10
     0     1
# FGMRES final (true) residual:
# Iteration = 4: |res|/|res0| = 2.68879e-11.

Computing volumes of the grid elements.
Non-linear iter.: 499/500. Linear iter.: 4. Min. area: 0.000151845. Error: 2.68879e-11.
Computing volumes of the grid elements.
Min. volume: 0.000151845, max. volume: 36.5349.

# FGMRES residual history
# Residual tolerance target = 1e-10
# Initial residual norm     = 6.9455e-10
     0     1
# FGMRES final (true) residual:
# Iteration = 4: |res|/|res0| = 2.68876e-11.

Computing volumes of the grid elements.
Non-linear iter.: 500/500. Linear iter.: 4. Min. area: 0.000151845. Error: 2.68876e-11.

Completed in 0.105620 seconds on 1 core.

----------------------- Write deformed grid files -----------------------
|SU2 mesh                           |mesh_deformed.su2                  |
Adding any FFD information to the SU2 file.

------------------------- Finalize Solver -------------------------
Deleted CNumerics container.
Deleted CSolver container.
Deleted CGeometry container.
Deleted CSurfaceMovement class.
Deleted CVolumetricMovement class.
Deleted CConfig container.
Deleted COutput class.

------------------------- Exit Success (SU2_DEF) ------------------------

