
-------------------------------------------------------------------------
|    ___ _   _ ___                                                      |
|   / __| | | |_  )   Release 8.4.0 "Harrier"                           |
|   \__ \ |_| |/ /                                                      |
|   |___/\___//___|   Suite (Mesh Deformation Code)                     |
|                                                                       |
-------------------------------------------------------------------------
| SU2 Project Website: https://su2code.github.io                        |
|                                                                       |
| The SU2 Project is maintained by the SU2 Foundation                   |
| (http://su2foundation.org)                                            |
-------------------------------------------------------------------------
| Copyright 2012-2026, SU2 Contributors                                 |
|                                                                       |
| SU2 is free software; you can redistribute it and/or                  |
| modify it under the terms of the GNU Lesser General Public            |
| License as published by the Free Software Foundation; either          |
| version 2.1 of the License, or (at your option) any later version.    |
|                                                                       |
| SU2 is distributed in the hope that it will be useful,                |
| but WITHOUT ANY WARRANTY; without even the implied warranty of        |
| MERCHANTABILITY or FITNESS FOR A PARTICULAR PURPOSE. See the GNU      |
| Lesser General Public License for more details.                       |
|                                                                       |
| You should have received a copy of the GNU Lesser General Public      |
| License along with SU2. If not, see <http://www.gnu.org/licenses/>.   |
-------------------------------------------------------------------------

----------------- Physical Case Definition ( Zone 0 ) -------------------
Input mesh file name: mesh_original.su2

---------------- Grid deformation parameters ( Zone 0 )  ----------------
Grid deformation using linear elasticity method.


-------------------- Output Information ( Zone 0 ) ----------------------
Output mesh file name: mesh_deformed.su2. 
Cell stiffness scaled by inverse of the cell volume.

------------- Config File Boundary Information ( Zone 0 ) ---------------
+-----------------------------------------------------------------------+
|                        Marker Type|                        Marker Name|
+-----------------------------------------------------------------------+
|                          Far-field|                           farfield|
+-----------------------------------------------------------------------+
|                     Heat flux wall|                            airfoil|
+-----------------------------------------------------------------------+
Two dimensional problem.
222 grid points.
235 volume elements.
2 surface markers.
50 boundary elements in index 0 (Marker = farfield).
159 boundary elements in index 1 (Marker = airfoil).
235 triangles.

----------------------- Preprocessing computations ----------------------
Setting local point connectivity.
Checking the numerical grid orientation of the interior elements.
All volume elements are correctly oriented.
There has been a re-orientation of 159 LINE surface elements.
Identify edges and vertices.
Setting the bound control volume structure.
Area of the computational grid: 599.962.
  Info: Ignoring the following volume output fields/groups:
  SOLUTION
Volume output fields: COORDINATES
Screen output fields: 
History output group(s): 
Warning: No (valid) fields chosen for convergence monitoring. Convergence monitoring inactive.
Warning: No (valid) fields chosen for time convergence monitoring. Time convergence monitoring inactive.

--------------------- Surface grid deformation (ZONE 0) -----------------
Performing the deformation of the surface grid.
Updating the surface coordinates from the input file.

------------------- Volumetric grid deformation (ZONE 0) ----------------
Performing the deformation of the volumetric grid.
Computing volumes of the grid elements.
Min. volume: 0.000146672, max. volume: 36.3909.

# FGMRES residual history
# Residual tolerance target = 1e-10
# Initial residual norm     = 2.08621e-07
     0     1
# FGMRES final (true) residual:
# Iteration = 4: |res|/|res0| = 1.41534e-11.

Computing volumes of the grid elements.
Non-linear iter.: 1/500. Linear iter.: 4. Min. area: 0.000146668. Error: 1.41534e-11.
Computing volumes of the grid elements.
Min. volume: 0.000146668, max. volume: 36.3904.

# FGMRES residual history
# Residual tolerance target = 1e-10
# Initial residual norm     = 2.07527e-07
     0     1
# FGMRES final (true) residual:
# Iteration = 4: |res|/|res0| = 1.42374e-11.

Computing volumes of the grid elements.
Non-linear iter.: 2/500. Linear iter.: 4. Min. area: 0.000146665. Error: 1.42374e-11.
Computing volumes of the grid elements.
Min. volume: 0.000146665, max. volume: 36.3899.

# FGMRES residual history
# Residual tolerance target = 1e-10
# Initial residual norm     = 2.06439e-07
     0     1
# FGMRES final (true) residual:
# Iteration = 4: |res|/|res0| = 1.43219e-11.

Computing volumes of the grid elements.
Non-linear iter.: 3/500. Linear iter.: 4. Min. area: 0.000146661. Error: 1.43219e-11.
Computing volumes of the grid elements.
Min. volume: 0.000146661, max. volume: 36.3894.

# FGMRES residual history
# Residual tolerance target = 1e-10
# Initial residual norm     = 2.05358e-07
     0     1
# FGMRES final (true) residual:
# Iteration = 4: |res|/|res0| = 1.4407e-11.

Computing volumes of the grid elements.
Non-linear iter.: 4/500. Linear iter.: 4. Min. area: 0.000146658. Error: 1.4407e-11.
Computing volumes of the grid elements.
Min. volume: 0.000146658, max. volume: 36.389.

# FGMRES residual history
# Residual tolerance target = 1e-10
# Initial residual norm     = 2.04282e-07
     0     1
# FGMRES final (true) residual:
# Iteration = 4: |res|/|res0| = 1.44926e-11.

Computing volumes of the grid elements.
Non-linear iter.: 5/500. Linear iter.: 4. Min. area: 0.000146654. Error: 1.44926e-11.
Computing volumes of the grid elements.
Min. volume: 0.000146654, max. volume: 36.3885.

# FGMRES residual history
# Residual tolerance target = 1e-10
# Initial residual norm     = 2.03212e-07
     0     1
# FGMRES final (true) residual:
# Iteration = 4: |res|/|res0| = 1.45787e-11.

Computing volumes of the grid elements.
Non-linear iter.: 6/500. Linear iter.: 4. Min. area: 0.000146651. Error: 1.45787e-11.
Computing volumes of the grid elements.
Min. volume: 0.000146651, max. volume: 36.388.

# FGMRES residual history
# Residual tolerance target = 1e-10
# Initial residual norm     = 2.02149e-07
     0     1
# FGMRES final (true) residual:
# Iteration = 4: |res|/|res0| = 1.46653e-11.

Computing volumes of the grid elements.
Non-linear iter.: 7/500. Linear iter.: 4. Min. area: 0.000146648. Error: 1.46653e-11.
Computing volumes of the grid elements.
Min. volume: 0.000146648, max. volume: 36.3875.

# FGMRES residual history
# Residual tolerance target = 1e-10
# Initial residual norm     = 2.01091e-07
     0     1
# FGMRES final (true) residual:
# Iteration = 4: |res|/|res0| = 1.47525e-11.

Computing volumes of the grid elements.
Non-linear iter.: 8/500. Linear iter.: 4. Min. area: 0.000146644. Error: 1.47525e-11.
Computing volumes of the grid elements.
Min. volume: 0.000146644, max. volume: 36.3871.

# FGMRES residual history
# Residual tolerance target = 1e-10
# Initial residual norm     = 2.00039e-07
     0     1
# FGMRES final (true) residual:
# Iteration = 4: |res|/|res0| = 1.48402e-11.

Computing volumes of the grid elements.
Non-linear iter.: 9/500. Linear iter.: 4. Min. area: 0.000146641. Error: 1.48402e-11.
Computing volumes of the grid elements.
Min. volume: 0.000146641, max. volume: 36.3866.

# FGMRES residual history
# Residual tolerance target = 1e-10
# Initial residual norm     = 1.98993e-07
     0     1
# FGMRES final (true) residual:
# Iteration = 4: |res|/|res0| = 1.49285e-11.

Computing volumes of the grid elements.
Non-linear iter.: 10/500. Linear iter.: 4. Min. area: 0.000146637. Error: 1.49285e-11.
Computing volumes of the grid elements.
Min. volume: 0.000146637, max. volume: 36.3861.

# FGMRES residual history
# Residual tolerance target = 1e-10
# Initial residual norm     = 1.97952e-07
     0     1
# FGMRES final (true) residual:
# Iteration = 4: |res|/|res0| = 1.50173e-11.

Computing volumes of the grid elements.
Non-linear iter.: 11/500. Linear iter.: 4. Min. area: 0.000146634. Error: 1.50173e-11.
Computing volumes of the grid elements.
Min. volume: 0.000146634, max. volume: 36.3857.

# FGMRES residual history
# Residual tolerance target = 1e-10
# Initial residual norm     = 1.96918e-07
     0     1
# FGMRES final (true) residual:
# Iteration = 4: |res|/|res0| = 1.51066e-11.

Computing volumes of the grid elements.
Non-linear iter.: 12/500. Linear iter.: 4. Min. area: 0.00014663. Error: 1.51066e-11.
Computing volumes of the grid elements.
Min. volume: 0.00014663, max. volume: 36.3852.

# FGMRES residual history
# Residual tolerance target = 1e-10
# Initial residual norm     = 1.95889e-07
     0     1
# FGMRES final (true) residual:
# Iteration = 4: |res|/|res0| = 1.51964e-11.

Computing volumes of the grid elements.
Non-linear iter.: 13/500. Linear iter.: 4. Min. area: 0.000146627. Error: 1.51964e-11.
Computing volumes of the grid elements.
Min. volume: 0.000146627, max. volume: 36.3847.

# FGMRES residual history
# Residual tolerance target = 1e-10
# Initial residual norm     = 1.94866e-07
     0     1
# FGMRES final (true) residual:
# Iteration = 4: |res|/|res0| = 1.52869e-11.

Computing volumes of the grid elements.
Non-linear iter.: 14/500. Linear iter.: 4. Min. area: 0.000146623. Error: 1.52869e-11.
Computing volumes of the grid elements.
Min. volume: 0.000146623, max. volume: 36.3843.

# FGMRES residual history
# Residual tolerance target = 1e-10
# Initial residual norm     = 1.93848e-07
     0     1
# FGMRES final (true) residual:
# Iteration = 4: |res|/|res0| = 1.53778e-11.

Computing volumes of the grid elements.
Non-linear iter.: 15/500. Linear iter.: 4. Min. area: 0.00014662. Error: 1.53778e-11.
Computing volumes of the grid elements.
Min. volume: 0.00014662, max. volume: 36.3838.

# FGMRES residual history
# Residual tolerance target = 1e-10
# Initial residual norm     = 1.92836e-07
     0     1
# FGMRES final (true) residual:
# Iteration = 4: |res|/|res0| = 1.54693e-11.

Computing volumes of the grid elements.
Non-linear iter.: 16/500. Linear iter.: 4. Min. area: 0.000146616. Error: 1.54693e-11.
Computing volumes of the grid elements.
Min. volume: 0.000146616, max. volume: 36.3834.

# FGMRES residual history
# Residual tolerance target = 1e-10
# Initial residual norm     = 1.9183e-07
     0     1
# FGMRES final (true) residual:
# Iteration = 4: |res|/|res0| = 1.55613e-11.

Computing volumes of the grid elements.
Non-linear iter.: 17/500. Linear iter.: 4. Min. area: 0.000146613. Error: 1.55613e-11.
Computing volumes of the grid elements.
Min. volume: 0.000146613, max. volume: 36.3829.

# FGMRES residual history
# Residual tolerance target = 1e-10
# Initial residual norm     = 1.90829e-07
     0     1
# FGMRES final (true) residual:
# Iteration = 4: |res|/|res0| = 1.56539e-11.

Computing volumes of the grid elements.
Non-linear iter.: 18/500. Linear iter.: 4. Min. area: 0.00014661. Error: 1.56539e-11.
Computing volumes of the grid elements.
Min. volume: 0.00014661, max. volume: 36.3825.

# FGMRES residual history
# Residual tolerance target = 1e-10
# Initial residual norm     = 1.89833e-07
     0     1
# FGMRES final (true) residual:
# Iteration = 4: |res|/|res0| = 1.5747e-11.

Computing volumes of the grid elements.
Non-linear iter.: 19/500. Linear iter.: 4. Min. area: 0.000146606. Error: 1.5747e-11.
Computing volumes of the grid elements.
Min. volume: 0.000146606, max. volume: 36.382.

# FGMRES residual history
# Residual tolerance target = 1e-10
# Initial residual norm     = 1.88843e-07
     0     1
# FGMRES final (true) residual:
# Iteration = 4: |res|/|res0| = 1.58407e-11.

Computing volumes of the grid elements.
Non-linear iter.: 20/500. Linear iter.: 4. Min. area: 0.000146603. Error: 1.58407e-11.
Computing volumes of the grid elements.
Min. volume: 0.000146603, max. volume: 36.3816.

# FGMRES residual history
# Residual tolerance target = 1e-10
# Initial residual norm     = 1.87859e-07
     0     1
# FGMRES final (true) residual:
# Iteration = 4: |res|/|res0| = 1.59349e-11.

Computing volumes of the grid elements.
Non-linear iter.: 21/500. Linear iter.: 4. Min. area: 0.000146599. Error: 1.59349e-11.
Computing volumes of the grid elements.
Min. volume: 0.000146599, max. volume: 36.3811.

# FGMRES residual history
# Residual tolerance target = 1e-10
# Initial residual norm     = 1.8688e-07
     0     1
# FGMRES final (true) residual:
# Iteration = 4: |res|/|res0| = 1.60296e-11.

Computing volumes of the grid elements.
Non-linear iter.: 22/500. Linear iter.: 4. Min. area: 0.000146596. Error: 1.60296e-11.
Computing volumes of the grid elements.
Min. volume: 0.000146596, max. volume: 36.3807.

# FGMRES residual history
# Residual tolerance target = 1e-10
# Initial residual norm     = 1.85906e-07
     0     1
# FGMRES final (true) residual:
# Iteration = 4: |res|/|res0| = 1.61249e-11.

Computing volumes of the grid elements.
Non-linear iter.: 23/500. Linear iter.: 4. Min. area: 0.000146592. Error: 1.61249e-11.
Computing volumes of the grid elements.
Min. volume: 0.000146592, max. volume: 36.3802.

# FGMRES residual history
# Residual tolerance target = 1e-10
# Initial residual norm     = 1.84937e-07
     0     1
# FGMRES final (true) residual:
# Iteration = 4: |res|/|res0| = 1.62208e-11.

Computing volumes of the grid elements.
Non-linear iter.: 24/500. Linear iter.: 4. Min. area: 0.000146589. Error: 1.62208e-11.
Computing volumes of the grid elements.
Min. volume: 0.000146589, max. volume: 36.3798.

# FGMRES residual history
# Residual tolerance target = 1e-10
# Initial residual norm     = 1.83974e-07
     0     1
# FGMRES final (true) residual:
# Iteration = 4: |res|/|res0| = 1.63171e-11.

Computing volumes of the grid elements.
Non-linear iter.: 25/500. Linear iter.: 4. Min. area: 0.000146585. Error: 1.63171e-11.
Computing volumes of the grid elements.
Min. volume: 0.000146585, max. volume: 36.3794.

# FGMRES residual history
# Residual tolerance target = 1e-10
# Initial residual norm     = 1.83016e-07
     0     1
# FGMRES final (true) residual:
# Iteration = 4: |res|/|res0| = 1.6414e-11.

Computing volumes of the grid elements.
Non-linear iter.: 26/500. Linear iter.: 4. Min. area: 0.000146582. Error: 1.6414e-11.
Computing volumes of the grid elements.
Min. volume: 0.000146582, max. volume: 36.3789.

# FGMRES residual history
# Residual tolerance target = 1e-10
# Initial residual norm     = 1.82063e-07
     0     1
# FGMRES final (true) residual:
# Iteration = 4: |res|/|res0| = 1.65115e-11.

Computing volumes of the grid elements.
Non-linear iter.: 27/500. Linear iter.: 4. Min. area: 0.000146579. Error: 1.65115e-11.
Computing volumes of the grid elements.
Min. volume: 0.000146579, max. volume: 36.3785.

# FGMRES residual history
# Residual tolerance target = 1e-10
# Initial residual norm     = 1.81115e-07
     0     1
# FGMRES final (true) residual:
# Iteration = 4: |res|/|res0| = 1.66094e-11.

Computing volumes of the grid elements.
Non-linear iter.: 28/500. Linear iter.: 4. Min. area: 0.000146575. Error: 1.66094e-11.
Computing volumes of the grid elements.
Min. volume: 0.000146575, max. volume: 36.3781.

# FGMRES residual history
# Residual tolerance target = 1e-10
# Initial residual norm     = 1.80173e-07
     0     1
# FGMRES final (true) residual:
# Iteration = 4: |res|/|res0| = 1.67079e-11.

Computing volumes of the grid elements.
Non-linear iter.: 29/500. Linear iter.: 4. Min. area: 0.000146572. Error: 1.67079e-11.
Computing volumes of the grid elements.
Min. volume: 0.000146572, max. volume: 36.3776.

# FGMRES residual history
# Residual tolerance target = 1e-10
# Initial residual norm     = 1.79235e-07
     0     1
# FGMRES final (true) residual:
# Iteration = 4: |res|/|res0| = 1.68069e-11.

Computing volumes of the grid elements.
Non-linear iter.: 30/500. Linear iter.: 4. Min. area: 0.000146568. Error: 1.68069e-11.
Computing volumes of the grid elements.
Min. volume: 0.000146568, max. volume: 36.3772.

# FGMRES residual history
# Residual tolerance target = 1e-10
# Initial residual norm     = 1.78303e-07
     0     1
# FGMRES final (true) residual:
# Iteration = 4: |res|/|res0| = 1.69065e-11.

Computing volumes of the grid elements.
Non-linear iter.: 31/500. Linear iter.: 4. Min. area: 0.000146565. Error: 1.69065e-11.
Computing volumes of the grid elements.
Min. volume: 0.000146565, max. volume: 36.3768.

# FGMRES residual history
# Residual tolerance target = 1e-10
# Initial residual norm     = 1.77375e-07
     0     1
# FGMRES final (true) residual:
# Iteration = 4: |res|/|res0| = 1.70065e-11.

Computing volumes of the grid elements.
Non-linear iter.: 32/500. Linear iter.: 4. Min. area: 0.000146561. Error: 1.70065e-11.
Computing volumes of the grid elements.
Min. volume: 0.000146561, max. volume: 36.3764.

# FGMRES residual history
# Residual tolerance target = 1e-10
# Initial residual norm     = 1.76453e-07
     0     1
# FGMRES final (true) residual:
# Iteration = 4: |res|/|res0| = 1.71071e-11.

Computing volumes of the grid elements.
Non-linear iter.: 33/500. Linear iter.: 4. Min. area: 0.000146558. Error: 1.71071e-11.
Computing volumes of the grid elements.
Min. volume: 0.000146558, max. volume: 36.3759.

# FGMRES residual history
# Residual tolerance target = 1e-10
# Initial residual norm     = 1.75535e-07
     0     1
# FGMRES final (true) residual:
# Iteration = 4: |res|/|res0| = 1.72081e-11.

Computing volumes of the grid elements.
Non-linear iter.: 34/500. Linear iter.: 4. Min. area: 0.000146555. Error: 1.72081e-11.
Computing volumes of the grid elements.
Min. volume: 0.000146555, max. volume: 36.3755.

# FGMRES residual history
# Residual tolerance target = 1e-10
# Initial residual norm     = 1.74623e-07
     0     1
# FGMRES final (true) residual:
# Iteration = 4: |res|/|res0| = 1.73097e-11.

Computing volumes of the grid elements.
Non-linear iter.: 35/500. Linear iter.: 4. Min. area: 0.000146551. Error: 1.73097e-11.
Computing volumes of the grid elements.
Min. volume: 0.000146551, max. volume: 36.3751.

# FGMRES residual history
# Residual tolerance target = 1e-10
# Initial residual norm     = 1.73715e-07
     0     1
# FGMRES final (true) residual:
# Iteration = 4: |res|/|res0| = 1.74118e-11.

Computing volumes of the grid elements.
Non-linear iter.: 36/500. Linear iter.: 4. Min. area: 0.000146548. Error: 1.74118e-11.
Computing volumes of the grid elements.
Min. volume: 0.000146548, max. volume: 36.3747.

# FGMRES residual history
# Residual tolerance target = 1e-10
# Initial residual norm     = 1.72812e-07
     0     1
# FGMRES final (true) residual:
# Iteration = 4: |res|/|res0| = 1.75143e-11.

Computing volumes of the grid elements.
Non-linear iter.: 37/500. Linear iter.: 4. Min. area: 0.000146544. Error: 1.75143e-11.
Computing volumes of the grid elements.
Min. volume: 0.000146544, max. volume: 36.3743.

# FGMRES residual history
# Residual tolerance target = 1e-10
# Initial residual norm     = 1.71914e-07
     0     1
# FGMRES final (true) residual:
# Iteration = 4: |res|/|res0| = 1.76173e-11.

Computing volumes of the grid elements.
Non-linear iter.: 38/500. Linear iter.: 4. Min. area: 0.000146541. Error: 1.76173e-11.
Computing volumes of the grid elements.
Min. volume: 0.000146541, max. volume: 36.3739.

# FGMRES residual history
# Residual tolerance target = 1e-10
# Initial residual norm     = 1.71021e-07
     0     1
# FGMRES final (true) residual:
# Iteration = 4: |res|/|res0| = 1.77208e-11.

Computing volumes of the grid elements.
Non-linear iter.: 39/500. Linear iter.: 4. Min. area: 0.000146537. Error: 1.77208e-11.
Computing volumes of the grid elements.
Min. volume: 0.000146537, max. volume: 36.3735.

# FGMRES residual history
# Residual tolerance target = 1e-10
# Initial residual norm     = 1.70133e-07
     0     1
# FGMRES final (true) residual:
# Iteration = 4: |res|/|res0| = 1.78248e-11.

Computing volumes of the grid elements.
Non-linear iter.: 40/500. Linear iter.: 4. Min. area: 0.000146534. Error: 1.78248e-11.
Computing volumes of the grid elements.
Min. volume: 0.000146534, max. volume: 36.3731.

# FGMRES residual history
# Residual tolerance target = 1e-10
# Initial residual norm     = 1.69249e-07
     0     1
# FGMRES final (true) residual:
# Iteration = 4: |res|/|res0| = 1.79292e-11.

Computing volumes of the grid elements.
Non-linear iter.: 41/500. Linear iter.: 4. Min. area: 0.000146531. Error: 1.79292e-11.
Computing volumes of the grid elements.
Min. volume: 0.000146531, max. volume: 36.3727.

# FGMRES residual history
# Residual tolerance target = 1e-10
# Initial residual norm     = 1.6837e-07
     0     1
# FGMRES final (true) residual:
# Iteration = 4: |res|/|res0| = 1.8034e-11.

Computing volumes of the grid elements.
Non-linear iter.: 42/500. Linear iter.: 4. Min. area: 0.000146527. Error: 1.8034e-11.
Computing volumes of the grid elements.
Min. volume: 0.000146527, max. volume: 36.3723.

# FGMRES residual history
# Residual tolerance target = 1e-10
# Initial residual norm     = 1.67496e-07
     0     1
# FGMRES final (true) residual:
# Iteration = 4: |res|/|res0| = 1.81393e-11.

Computing volumes of the grid elements.
Non-linear iter.: 43/500. Linear iter.: 4. Min. area: 0.000146524. Error: 1.81393e-11.
Computing volumes of the grid elements.
Min. volume: 0.000146524, max. volume: 36.3718.

# FGMRES residual history
# Residual tolerance target = 1e-10
# Initial residual norm     = 1.66626e-07
     0     1
# FGMRES final (true) residual:
# Iteration = 4: |res|/|res0| = 1.8245e-11.

Computing volumes of the grid elements.
Non-linear iter.: 44/500. Linear iter.: 4. Min. area: 0.00014652. Error: 1.8245e-11.
Computing volumes of the grid elements.
Min. volume: 0.00014652, max. volume: 36.3714.

# FGMRES residual history
# Residual tolerance target = 1e-10
# Initial residual norm     = 1.65761e-07
     0     1
# FGMRES final (true) residual:
# Iteration = 4: |res|/|res0| = 1.8351e-11.

Computing volumes of the grid elements.
Non-linear iter.: 45/500. Linear iter.: 4. Min. area: 0.000146517. Error: 1.8351e-11.
Computing volumes of the grid elements.
Min. volume: 0.000146517, max. volume: 36.3711.

# FGMRES residual history
# Residual tolerance target = 1e-10
# Initial residual norm     = 1.649e-07
     0     1
# FGMRES final (true) residual:
# Iteration = 4: |res|/|res0| = 1.84575e-11.

Computing volumes of the grid elements.
Non-linear iter.: 46/500. Linear iter.: 4. Min. area: 0.000146513. Error: 1.84575e-11.
Computing volumes of the grid elements.
Min. volume: 0.000146513, max. volume: 36.3707.

# FGMRES residual history
# Residual tolerance target = 1e-10
# Initial residual norm     = 1.64044e-07
     0     1
# FGMRES final (true) residual:
# Iteration = 4: |res|/|res0| = 1.85644e-11.

Computing volumes of the grid elements.
Non-linear iter.: 47/500. Linear iter.: 4. Min. area: 0.00014651. Error: 1.85644e-11.
Computing volumes of the grid elements.
Min. volume: 0.00014651, max. volume: 36.3703.

# FGMRES residual history
# Residual tolerance target = 1e-10
# Initial residual norm     = 1.63193e-07
     0     1
# FGMRES final (true) residual:
# Iteration = 4: |res|/|res0| = 1.86716e-11.

Computing volumes of the grid elements.
Non-linear iter.: 48/500. Linear iter.: 4. Min. area: 0.000146507. Error: 1.86716e-11.
Computing volumes of the grid elements.
Min. volume: 0.000146507, max. volume: 36.3699.

# FGMRES residual history
# Residual tolerance target = 1e-10
# Initial residual norm     = 1.62346e-07
     0     1
# FGMRES final (true) residual:
# Iteration = 4: |res|/|res0| = 1.87791e-11.

Computing volumes of the grid elements.
Non-linear iter.: 49/500. Linear iter.: 4. Min. area: 0.000146503. Error: 1.87791e-11.
Computing volumes of the grid elements.
Min. volume: 0.000146503, max. volume: 36.3695.

# FGMRES residual history
# Residual tolerance target = 1e-10
# Initial residual norm     = 1.61504e-07
     0     1
# FGMRES final (true) residual:
# Iteration = 4: |res|/|res0| = 1.88869e-11.

Computing volumes of the grid elements.
Non-linear iter.: 50/500. Linear iter.: 4. Min. area: 0.0001465. Error: 1.88869e-11.
Computing volumes of the grid elements.
Min. volume: 0.0001465, max. volume: 36.3691.

# FGMRES residual history
# Residual tolerance target = 1e-10
# Initial residual norm     = 1.60666e-07
     0     1
# FGMRES final (true) residual:
# Iteration = 4: |res|/|res0| = 1.89951e-11.

Computing volumes of the grid elements.
Non-linear iter.: 51/500. Linear iter.: 4. Min. area: 0.000146496. Error: 1.89951e-11.
Computing volumes of the grid elements.
Min. volume: 0.000146496, max. volume: 36.3687.

# FGMRES residual history
# Residual tolerance target = 1e-10
# Initial residual norm     = 1.59832e-07
     0     1
# FGMRES final (true) residual:
# Iteration = 4: |res|/|res0| = 1.91035e-11.

Computing volumes of the grid elements.
Non-linear iter.: 52/500. Linear iter.: 4. Min. area: 0.000146493. Error: 1.91035e-11.
Computing volumes of the grid elements.
Min. volume: 0.000146493, max. volume: 36.3683.

# FGMRES residual history
# Residual tolerance target = 1e-10
# Initial residual norm     = 1.59003e-07
     0     1
# FGMRES final (true) residual:
# Iteration = 4: |res|/|res0| = 1.92122e-11.

Computing volumes of the grid elements.
Non-linear iter.: 53/500. Linear iter.: 4. Min. area: 0.000146489. Error: 1.92122e-11.
Computing volumes of the grid elements.
Min. volume: 0.000146489, max. volume: 36.3679.

# FGMRES residual history
# Residual tolerance target = 1e-10
# Initial residual norm     = 1.58178e-07
     0     1
# FGMRES final (true) residual:
# Iteration = 4: |res|/|res0| = 1.93211e-11.

Computing volumes of the grid elements.
Non-linear iter.: 54/500. Linear iter.: 4. Min. area: 0.000146486. Error: 1.93211e-11.
Computing volumes of the grid elements.
Min. volume: 0.000146486, max. volume: 36.3676.

# FGMRES residual history
# Residual tolerance target = 1e-10
# Initial residual norm     = 1.57357e-07
     0     1
# FGMRES final (true) residual:
# Iteration = 4: |res|/|res0| = 1.94303e-11.

Computing volumes of the grid elements.
Non-linear iter.: 55/500. Linear iter.: 4. Min. area: 0.000146483. Error: 1.94303e-11.
Computing volumes of the grid elements.
Min. volume: 0.000146483, max. volume: 36.3672.

# FGMRES residual history
# Residual tolerance target = 1e-10
# Initial residual norm     = 1.56541e-07
     0     1
# FGMRES final (true) residual:
# Iteration = 4: |res|/|res0| = 1.95396e-11.

Computing volumes of the grid elements.
Non-linear iter.: 56/500. Linear iter.: 4. Min. area: 0.000146479. Error: 1.95396e-11.
Computing volumes of the grid elements.
Min. volume: 0.000146479, max. volume: 36.3668.

# FGMRES residual history
# Residual tolerance target = 1e-10
# Initial residual norm     = 1.55729e-07
     0     1
# FGMRES final (true) residual:
# Iteration = 4: |res|/|res0| = 1.9649e-11.

Computing volumes of the grid elements.
Non-linear iter.: 57/500. Linear iter.: 4. Min. area: 0.000146476. Error: 1.9649e-11.
Computing volumes of the grid elements.
Min. volume: 0.000146476, max. volume: 36.3664.

# FGMRES residual history
# Residual tolerance target = 1e-10
# Initial residual norm     = 1.54921e-07
     0     1
# FGMRES final (true) residual:
# Iteration = 4: |res|/|res0| = 1.97586e-11.

Computing volumes of the grid elements.
Non-linear iter.: 58/500. Linear iter.: 4. Min. area: 0.000146472. Error: 1.97586e-11.
Computing volumes of the grid elements.
Min. volume: 0.000146472, max. volume: 36.366.

# FGMRES residual history
# Residual tolerance target = 1e-10
# Initial residual norm     = 1.54118e-07
     0     1
# FGMRES final (true) residual:
# Iteration = 4: |res|/|res0| = 1.98683e-11.

Computing volumes of the grid elements.
Non-linear iter.: 59/500. Linear iter.: 4. Min. area: 0.000146469. Error: 1.98683e-11.
Computing volumes of the grid elements.
Min. volume: 0.000146469, max. volume: 36.3657.

# FGMRES residual history
# Residual tolerance target = 1e-10
# Initial residual norm     = 1.53318e-07
     0     1
# FGMRES final (true) residual:
# Iteration = 4: |res|/|res0| = 1.9978e-11.

Computing volumes of the grid elements.
Non-linear iter.: 60/500. Linear iter.: 4. Min. area: 0.000146465. Error: 1.9978e-11.
Computing volumes of the grid elements.
Min. volume: 0.000146465, max. volume: 36.3653.

# FGMRES residual history
# Residual tolerance target = 1e-10
# Initial residual norm     = 1.52523e-07
     0     1
# FGMRES final (true) residual:
# Iteration = 4: |res|/|res0| = 2.00877e-11.

Computing volumes of the grid elements.
Non-linear iter.: 61/500. Linear iter.: 4. Min. area: 0.000146462. Error: 2.00877e-11.
Computing volumes of the grid elements.
Min. volume: 0.000146462, max. volume: 36.3649.

# FGMRES residual history
# Residual tolerance target = 1e-10
# Initial residual norm     = 1.51732e-07
     0     1
# FGMRES final (true) residual:
# Iteration = 4: |res|/|res0| = 2.01974e-11.

Computing volumes of the grid elements.
Non-linear iter.: 62/500. Linear iter.: 4. Min. area: 0.000146459. Error: 2.01974e-11.
Computing volumes of the grid elements.
Min. volume: 0.000146459, max. volume: 36.3646.

# FGMRES residual history
# Residual tolerance target = 1e-10
# Initial residual norm     = 1.50945e-07
     0     1
# FGMRES final (true) residual:
# Iteration = 4: |res|/|res0| = 2.03071e-11.

Computing volumes of the grid elements.
Non-linear iter.: 63/500. Linear iter.: 4. Min. area: 0.000146455. Error: 2.03071e-11.
Computing volumes of the grid elements.
Min. volume: 0.000146455, max. volume: 36.3642.

# FGMRES residual history
# Residual tolerance target = 1e-10
# Initial residual norm     = 1.50162e-07
     0     1
# FGMRES final (true) residual:
# Iteration = 4: |res|/|res0| = 2.04166e-11.

Computing volumes of the grid elements.
Non-linear iter.: 64/500. Linear iter.: 4. Min. area: 0.000146452. Error: 2.04166e-11.
Computing volumes of the grid elements.
Min. volume: 0.000146452, max. volume: 36.3638.

# FGMRES residual history
# Residual tolerance target = 1e-10
# Initial residual norm     = 1.49383e-07
     0     1
# FGMRES final (true) residual:
# Iteration = 4: |res|/|res0| = 2.0526e-11.

Computing volumes of the grid elements.
Non-linear iter.: 65/500. Linear iter.: 4. Min. area: 0.000146448. Error: 2.0526e-11.
Computing volumes of the grid elements.
Min. volume: 0.000146448, max. volume: 36.3635.

# FGMRES residual history
# Residual tolerance target = 1e-10
# Initial residual norm     = 1.48609e-07
     0     1
# FGMRES final (true) residual:
# Iteration = 4: |res|/|res0| = 2.06352e-11.

Computing volumes of the grid elements.
Non-linear iter.: 66/500. Linear iter.: 4. Min. area: 0.000146445. Error: 2.06352e-11.
Computing volumes of the grid elements.
Min. volume: 0.000146445, max. volume: 36.3631.

# FGMRES residual history
# Residual tolerance target = 1e-10
# Initial residual norm     = 1.47838e-07
     0     1
# FGMRES final (true) residual:
# Iteration = 4: |res|/|res0| = 2.07442e-11.

Computing volumes of the grid elements.
Non-linear iter.: 67/500. Linear iter.: 4. Min. area: 0.000146442. Error: 2.07442e-11.
Computing volumes of the grid elements.
Min. volume: 0.000146442, max. volume: 36.3628.

# FGMRES residual history
# Residual tolerance target = 1e-10
# Initial residual norm     = 1.47071e-07
     0     1
# FGMRES final (true) residual:
# Iteration = 4: |res|/|res0| = 2.08529e-11.

Computing volumes of the grid elements.
Non-linear iter.: 68/500. Linear iter.: 4. Min. area: 0.000146438. Error: 2.08529e-11.
Computing volumes of the grid elements.
Min. volume: 0.000146438, max. volume: 36.3624.

# FGMRES residual history
# Residual tolerance target = 1e-10
# Initial residual norm     = 1.46308e-07
     0     1
# FGMRES final (true) residual:
# Iteration = 4: |res|/|res0| = 2.09612e-11.

Computing volumes of the grid elements.
Non-linear iter.: 69/500. Linear iter.: 4. Min. area: 0.000146435. Error: 2.09612e-11.
Computing volumes of the grid elements.
Min. volume: 0.000146435, max. volume: 36.362.

# FGMRES residual history
# Residual tolerance target = 1e-10
# Initial residual norm     = 1.45549e-07
     0     1
# FGMRES final (true) residual:
# Iteration = 4: |res|/|res0| = 2.10691e-11.

Computing volumes of the grid elements.
Non-linear iter.: 70/500. Linear iter.: 4. Min. area: 0.000146431. Error: 2.10691e-11.
Computing volumes of the grid elements.
Min. volume: 0.000146431, max. volume: 36.3617.

# FGMRES residual history
# Residual tolerance target = 1e-10
# Initial residual norm     = 1.44794e-07
     0     1
# FGMRES final (true) residual:
# Iteration = 4: |res|/|res0| = 2.11765e-11.

Computing volumes of the grid elements.
Non-linear iter.: 71/500. Linear iter.: 4. Min. area: 0.000146428. Error: 2.11765e-11.
Computing volumes of the grid elements.
Min. volume: 0.000146428, max. volume: 36.3613.

# FGMRES residual history
# Residual tolerance target = 1e-10
# Initial residual norm     = 1.44043e-07
     0     1
# FGMRES final (true) residual:
# Iteration = 4: |res|/|res0| = 2.12835e-11.

Computing volumes of the grid elements.
Non-linear iter.: 72/500. Linear iter.: 4. Min. area: 0.000146424. Error: 2.12835e-11.
Computing volumes of the grid elements.
Min. volume: 0.000146424, max. volume: 36.361.

# FGMRES residual history
# Residual tolerance target = 1e-10
# Initial residual norm     = 1.43296e-07
     0     1
# FGMRES final (true) residual:
# Iteration = 4: |res|/|res0| = 2.13898e-11.

Computing volumes of the grid elements.
Non-linear iter.: 73/500. Linear iter.: 4. Min. area: 0.000146421. Error: 2.13898e-11.
Computing volumes of the grid elements.
Min. volume: 0.000146421, max. volume: 36.3606.

# FGMRES residual history
# Residual tolerance target = 1e-10
# Initial residual norm     = 1.42553e-07
     0     1
# FGMRES final (true) residual:
# Iteration = 4: |res|/|res0| = 2.14954e-11.

Computing volumes of the grid elements.
Non-linear iter.: 74/500. Linear iter.: 4. Min. area: 0.000146418. Error: 2.14954e-11.
Computing volumes of the grid elements.
Min. volume: 0.000146418, max. volume: 36.3603.

# FGMRES residual history
# Residual tolerance target = 1e-10
# Initial residual norm     = 1.41813e-07
     0     1
# FGMRES final (true) residual:
# Iteration = 4: |res|/|res0| = 2.16003e-11.

Computing volumes of the grid elements.
Non-linear iter.: 75/500. Linear iter.: 4. Min. area: 0.000146414. Error: 2.16003e-11.
Computing volumes of the grid elements.
Min. volume: 0.000146414, max. volume: 36.3599.

# FGMRES residual history
# Residual tolerance target = 1e-10
# Initial residual norm     = 1.41078e-07
     0     1
# FGMRES final (true) residual:
# Iteration = 4: |res|/|res0| = 2.17044e-11.

Computing volumes of the grid elements.
Non-linear iter.: 76/500. Linear iter.: 4. Min. area: 0.000146411. Error: 2.17044e-11.
Computing volumes of the grid elements.
Min. volume: 0.000146411, max. volume: 36.3596.

# FGMRES residual history
# Residual tolerance target = 1e-10
# Initial residual norm     = 1.40346e-07
     0     1
# FGMRES final (true) residual:
# Iteration = 4: |res|/|res0| = 2.18076e-11.

Computing volumes of the grid elements.
Non-linear iter.: 77/500. Linear iter.: 4. Min. area: 0.000146407. Error: 2.18076e-11.
Computing volumes of the grid elements.
Min. volume: 0.000146407, max. volume: 36.3593.

# FGMRES residual history
# Residual tolerance target = 1e-10
# Initial residual norm     = 1.39618e-07
     0     1
# FGMRES final (true) residual:
# Iteration = 4: |res|/|res0| = 2.19099e-11.

Computing volumes of the grid elements.
Non-linear iter.: 78/500. Linear iter.: 4. Min. area: 0.000146404. Error: 2.19099e-11.
Computing volumes of the grid elements.
Min. volume: 0.000146404, max. volume: 36.3589.

# FGMRES residual history
# Residual tolerance target = 1e-10
# Initial residual norm     = 1.38893e-07
     0     1
# FGMRES final (true) residual:
# Iteration = 4: |res|/|res0| = 2.2011e-11.

Computing volumes of the grid elements.
Non-linear iter.: 79/500. Linear iter.: 4. Min. area: 0.000146401. Error: 2.2011e-11.
Computing volumes of the grid elements.
Min. volume: 0.000146401, max. volume: 36.3586.

# FGMRES residual history
# Residual tolerance target = 1e-10
# Initial residual norm     = 1.38173e-07
     0     1
# FGMRES final (true) residual:
# Iteration = 4: |res|/|res0| = 2.2111e-11.

Computing volumes of the grid elements.
Non-linear iter.: 80/500. Linear iter.: 4. Min. area: 0.000146397. Error: 2.2111e-11.
Computing volumes of the grid elements.
Min. volume: 0.000146397, max. volume: 36.3582.

# FGMRES residual history
# Residual tolerance target = 1e-10
# Initial residual norm     = 1.37456e-07
     0     1
# FGMRES final (true) residual:
# Iteration = 4: |res|/|res0| = 2.22097e-11.

Computing volumes of the grid elements.
Non-linear iter.: 81/500. Linear iter.: 4. Min. area: 0.000146394. Error: 2.22097e-11.
Computing volumes of the grid elements.
Min. volume: 0.000146394, max. volume: 36.3579.

# FGMRES residual history
# Residual tolerance target = 1e-10
# Initial residual norm     = 1.36742e-07
     0     1
# FGMRES final (true) residual:
# Iteration = 4: |res|/|res0| = 2.23071e-11.

Computing volumes of the grid elements.
Non-linear iter.: 82/500. Linear iter.: 4. Min. area: 0.00014639. Error: 2.23071e-11.
Computing volumes of the grid elements.
Min. volume: 0.00014639, max. volume: 36.3576.

# FGMRES residual history
# Residual tolerance target = 1e-10
# Initial residual norm     = 1.36033e-07
     0     1
# FGMRES final (true) residual:
# Iteration = 4: |res|/|res0| = 2.24031e-11.

Computing volumes of the grid elements.
Non-linear iter.: 83/500. Linear iter.: 4. Min. area: 0.000146387. Error: 2.24031e-11.
Computing volumes of the grid elements.
Min. volume: 0.000146387, max. volume: 36.3572.

# FGMRES residual history
# Residual tolerance target = 1e-10
# Initial residual norm     = 1.35327e-07
     0     1
# FGMRES final (true) residual:
# Iteration = 4: |res|/|res0| = 2.24974e-11.

Computing volumes of the grid elements.
Non-linear iter.: 84/500. Linear iter.: 4. Min. area: 0.000146384. Error: 2.24974e-11.
Computing volumes of the grid elements.
Min. volume: 0.000146384, max. volume: 36.3569.

# FGMRES residual history
# Residual tolerance target = 1e-10
# Initial residual norm     = 1.34624e-07
     0     1
# FGMRES final (true) residual:
# Iteration = 4: |res|/|res0| = 2.25901e-11.

Computing volumes of the grid elements.
Non-linear iter.: 85/500. Linear iter.: 4. Min. area: 0.00014638. Error: 2.25901e-11.
Computing volumes of the grid elements.
Min. volume: 0.00014638, max. volume: 36.3566.

# FGMRES residual history
# Residual tolerance target = 1e-10
# Initial residual norm     = 1.33925e-07
     0     1
# FGMRES final (true) residual:
# Iteration = 4: |res|/|res0| = 2.26811e-11.

Computing volumes of the grid elements.
Non-linear iter.: 86/500. Linear iter.: 4. Min. area: 0.000146377. Error: 2.26811e-11.
Computing volumes of the grid elements.
Min. volume: 0.000146377, max. volume: 36.3562.

# FGMRES residual history
# Residual tolerance target = 1e-10
# Initial residual norm     = 1.3323e-07
     0     1
# FGMRES final (true) residual:
# Iteration = 4: |res|/|res0| = 2.277e-11.

Computing volumes of the grid elements.
Non-linear iter.: 87/500. Linear iter.: 4. Min. area: 0.000146373. Error: 2.277e-11.
Computing volumes of the grid elements.
Min. volume: 0.000146373, max. volume: 36.3559.

# FGMRES residual history
# Residual tolerance target = 1e-10
# Initial residual norm     = 1.32539e-07
     0     1
# FGMRES final (true) residual:
# Iteration = 4: |res|/|res0| = 2.2857e-11.

Computing volumes of the grid elements.
Non-linear iter.: 88/500. Linear iter.: 4. Min. area: 0.00014637. Error: 2.2857e-11.
Computing volumes of the grid elements.
Min. volume: 0.00014637, max. volume: 36.3556.

# FGMRES residual history
# Residual tolerance target = 1e-10
# Initial residual norm     = 1.3185e-07
     0     1
# FGMRES final (true) residual:
# Iteration = 4: |res|/|res0| = 2.29418e-11.

Computing volumes of the grid elements.
Non-linear iter.: 89/500. Linear iter.: 4. Min. area: 0.000146367. Error: 2.29418e-11.
Computing volumes of the grid elements.
Min. volume: 0.000146367, max. volume: 36.3553.

# FGMRES residual history
# Residual tolerance target = 1e-10
# Initial residual norm     = 1.31166e-07
     0     1
# FGMRES final (true) residual:
# Iteration = 4: |res|/|res0| = 2.30243e-11.

Computing volumes of the grid elements.
Non-linear iter.: 90/500. Linear iter.: 4. Min. area: 0.000146363. Error: 2.30243e-11.
Computing volumes of the grid elements.
Min. volume: 0.000146363, max. volume: 36.355.

# FGMRES residual history
# Residual tolerance target = 1e-10
# Initial residual norm     = 1.30485e-07
     0     1
# FGMRES final (true) residual:
# Iteration = 4: |res|/|res0| = 2.31044e-11.

Computing volumes of the grid elements.
Non-linear iter.: 91/500. Linear iter.: 4. Min. area: 0.00014636. Error: 2.31044e-11.
Computing volumes of the grid elements.
Min. volume: 0.00014636, max. volume: 36.3546.

# FGMRES residual history
# Residual tolerance target = 1e-10
# Initial residual norm     = 1.29807e-07
     0     1
# FGMRES final (true) residual:
# Iteration = 4: |res|/|res0| = 2.31819e-11.

Computing volumes of the grid elements.
Non-linear iter.: 92/500. Linear iter.: 4. Min. area: 0.000146356. Error: 2.31819e-11.
Computing volumes of the grid elements.
Min. volume: 0.000146356, max. volume: 36.3543.

# FGMRES residual history
# Residual tolerance target = 1e-10
# Initial residual norm     = 1.29133e-07
     0     1
# FGMRES final (true) residual:
# Iteration = 4: |res|/|res0| = 2.32566e-11.

Computing volumes of the grid elements.
Non-linear iter.: 93/500. Linear iter.: 4. Min. area: 0.000146353. Error: 2.32566e-11.
Computing volumes of the grid elements.
Min. volume: 0.000146353, max. volume: 36.354.

# FGMRES residual history
# Residual tolerance target = 1e-10
# Initial residual norm     = 1.28462e-07
     0     1
# FGMRES final (true) residual:
# Iteration = 4: |res|/|res0| = 2.33285e-11.

Computing volumes of the grid elements.
Non-linear iter.: 94/500. Linear iter.: 4. Min. area: 0.00014635. Error: 2.33285e-11.
Computing volumes of the grid elements.
Min. volume: 0.00014635, max. volume: 36.3537.

# FGMRES residual history
# Residual tolerance target = 1e-10
# Initial residual norm     = 1.27795e-07
     0     1
# FGMRES final (true) residual:
# Iteration = 4: |res|/|res0| = 2.33974e-11.

Computing volumes of the grid elements.
Non-linear iter.: 95/500. Linear iter.: 4. Min. area: 0.000146346. Error: 2.33974e-11.
Computing volumes of the grid elements.
Min. volume: 0.000146346, max. volume: 36.3534.

# FGMRES residual history
# Residual tolerance target = 1e-10
# Initial residual norm     = 1.27131e-07
     0     1
# FGMRES final (true) residual:
# Iteration = 4: |res|/|res0| = 2.3463e-11.

Computing volumes of the grid elements.
Non-linear iter.: 96/500. Linear iter.: 4. Min. area: 0.000146343. Error: 2.3463e-11.
Computing volumes of the grid elements.
Min. volume: 0.000146343, max. volume: 36.3531.

# FGMRES residual history
# Residual tolerance target = 1e-10
# Initial residual norm     = 1.26471e-07
     0     1
# FGMRES final (true) residual:
# Iteration = 4: |res|/|res0| = 2.35253e-11.

Computing volumes of the grid elements.
Non-linear iter.: 97/500. Linear iter.: 4. Min. area: 0.000146339. Error: 2.35253e-11.
Computing volumes of the grid elements.
Min. volume: 0.000146339, max. volume: 36.3527.

# FGMRES residual history
# Residual tolerance target = 1e-10
# Initial residual norm     = 1.25814e-07
     0     1
# FGMRES final (true) residual:
# Iteration = 4: |res|/|res0| = 2.35841e-11.

Computing volumes of the grid elements.
Non-linear iter.: 98/500. Linear iter.: 4. Min. area: 0.000146336. Error: 2.35841e-11.
Computing volumes of the grid elements.
Min. volume: 0.000146336, max. volume: 36.3524.

# FGMRES residual history
# Residual tolerance target = 1e-10
# Initial residual norm     = 1.2516e-07
     0     1
# FGMRES final (true) residual:
# Iteration = 4: |res|/|res0| = 2.36392e-11.

Computing volumes of the grid elements.
Non-linear iter.: 99/500. Linear iter.: 4. Min. area: 0.000146333. Error: 2.36392e-11.
Computing volumes of the grid elements.
Min. volume: 0.000146333, max. volume: 36.3521.

# FGMRES residual history
# Residual tolerance target = 1e-10
# Initial residual norm     = 1.24509e-07
     0     1
# FGMRES final (true) residual:
# Iteration = 4: |res|/|res0| = 2.36904e-11.

Computing volumes of the grid elements.
Non-linear iter.: 100/500. Linear iter.: 4. Min. area: 0.000146329. Error: 2.36904e-11.
Computing volumes of the grid elements.
Min. volume: 0.000146329, max. volume: 36.3518.

# FGMRES residual history
# Residual tolerance target = 1e-10
# Initial residual norm     = 1.23862e-07
     0     1
# FGMRES final (true) residual:
# Iteration = 4: |res|/|res0| = 2.37376e-11.

Computing volumes of the grid elements.
Non-linear iter.: 101/500. Linear iter.: 4. Min. area: 0.000146326. Error: 2.37376e-11.
Computing volumes of the grid elements.
Min. volume: 0.000146326, max. volume: 36.3515.

# FGMRES residual history
# Residual tolerance target = 1e-10
# Initial residual norm     = 1.23219e-07
     0     1
# FGMRES final (true) residual:
# Iteration = 4: |res|/|res0| = 2.37805e-11.

Computing volumes of the grid elements.
Non-linear iter.: 102/500. Linear iter.: 4. Min. area: 0.000146322. Error: 2.37805e-11.
Computing volumes of the grid elements.
Min. volume: 0.000146322, max. volume: 36.3512.

# FGMRES residual history
# Residual tolerance target = 1e-10
# Initial residual norm     = 1.22578e-07
     0     1
# FGMRES final (true) residual:
# Iteration = 4: |res|/|res0| = 2.3819e-11.

Computing volumes of the grid elements.
Non-linear iter.: 103/500. Linear iter.: 4. Min. area: 0.000146319. Error: 2.3819e-11.
Computing volumes of the grid elements.
Min. volume: 0.000146319, max. volume: 36.3509.

# FGMRES residual history
# Residual tolerance target = 1e-10
# Initial residual norm     = 1.21941e-07
     0     1
# FGMRES final (true) residual:
# Iteration = 4: |res|/|res0| = 2.38529e-11.

Computing volumes of the grid elements.
Non-linear iter.: 104/500. Linear iter.: 4. Min. area: 0.000146316. Error: 2.38529e-11.
Computing volumes of the grid elements.
Min. volume: 0.000146316, max. volume: 36.3506.

# FGMRES residual history
# Residual tolerance target = 1e-10
# Initial residual norm     = 1.21307e-07
     0     1
# FGMRES final (true) residual:
# Iteration = 4: |res|/|res0| = 2.3882e-11.

Computing volumes of the grid elements.
Non-linear iter.: 105/500. Linear iter.: 4. Min. area: 0.000146312. Error: 2.3882e-11.
Computing volumes of the grid elements.
Min. volume: 0.000146312, max. volume: 36.3503.

# FGMRES residual history
# Residual tolerance target = 1e-10
# Initial residual norm     = 1.20677e-07
     0     1
# FGMRES final (true) residual:
# Iteration = 4: |res|/|res0| = 2.39062e-11.

Computing volumes of the grid elements.
Non-linear iter.: 106/500. Linear iter.: 4. Min. area: 0.000146309. Error: 2.39062e-11.
Computing volumes of the grid elements.
Min. volume: 0.000146309, max. volume: 36.35.

# FGMRES residual history
# Residual tolerance target = 1e-10
# Initial residual norm     = 1.20049e-07
     0     1
# FGMRES final (true) residual:
# Iteration = 4: |res|/|res0| = 2.39251e-11.

Computing volumes of the grid elements.
Non-linear iter.: 107/500. Linear iter.: 4. Min. area: 0.000146305. Error: 2.39251e-11.
Computing volumes of the grid elements.
Min. volume: 0.000146305, max. volume: 36.3497.

# FGMRES residual history
# Residual tolerance target = 1e-10
# Initial residual norm     = 1.19425e-07
     0     1
# FGMRES final (true) residual:
# Iteration = 4: |res|/|res0| = 2.39387e-11.

Computing volumes of the grid elements.
Non-linear iter.: 108/500. Linear iter.: 4. Min. area: 0.000146302. Error: 2.39387e-11.
Computing volumes of the grid elements.
Min. volume: 0.000146302, max. volume: 36.3494.

# FGMRES residual history
# Residual tolerance target = 1e-10
# Initial residual norm     = 1.18804e-07
     0     1
# FGMRES final (true) residual:
# Iteration = 4: |res|/|res0| = 2.39467e-11.

Computing volumes of the grid elements.
Non-linear iter.: 109/500. Linear iter.: 4. Min. area: 0.000146299. Error: 2.39467e-11.
Computing volumes of the grid elements.
Min. volume: 0.000146299, max. volume: 36.3491.

# FGMRES residual history
# Residual tolerance target = 1e-10
# Initial residual norm     = 1.18186e-07
     0     1
# FGMRES final (true) residual:
# Iteration = 4: |res|/|res0| = 2.3949e-11.

Computing volumes of the grid elements.
Non-linear iter.: 110/500. Linear iter.: 4. Min. area: 0.000146295. Error: 2.3949e-11.
Computing volumes of the grid elements.
Min. volume: 0.000146295, max. volume: 36.3488.

# FGMRES residual history
# Residual tolerance target = 1e-10
# Initial residual norm     = 1.17572e-07
     0     1
# FGMRES final (true) residual:
# Iteration = 4: |res|/|res0| = 2.39454e-11.

Computing volumes of the grid elements.
Non-linear iter.: 111/500. Linear iter.: 4. Min. area: 0.000146292. Error: 2.39454e-11.
Computing volumes of the grid elements.
Min. volume: 0.000146292, max. volume: 36.3486.

# FGMRES residual history
# Residual tolerance target = 1e-10
# Initial residual norm     = 1.1696e-07
     0     1
# FGMRES final (true) residual:
# Iteration = 4: |res|/|res0| = 2.39356e-11.

Computing volumes of the grid elements.
Non-linear iter.: 112/500. Linear iter.: 4. Min. area: 0.000146288. Error: 2.39356e-11.
Computing volumes of the grid elements.
Min. volume: 0.000146288, max. volume: 36.3483.

# FGMRES residual history
# Residual tolerance target = 1e-10
# Initial residual norm     = 1.16352e-07
     0     1
# FGMRES final (true) residual:
# Iteration = 4: |res|/|res0| = 2.39195e-11.

Computing volumes of the grid elements.
Non-linear iter.: 113/500. Linear iter.: 4. Min. area: 0.000146285. Error: 2.39195e-11.
Computing volumes of the grid elements.
Min. volume: 0.000146285, max. volume: 36.348.

# FGMRES residual history
# Residual tolerance target = 1e-10
# Initial residual norm     = 1.15747e-07
     0     1
# FGMRES final (true) residual:
# Iteration = 4: |res|/|res0| = 2.38969e-11.

Computing volumes of the grid elements.
Non-linear iter.: 114/500. Linear iter.: 4. Min. area: 0.000146282. Error: 2.38969e-11.
Computing volumes of the grid elements.
Min. volume: 0.000146282, max. volume: 36.3477.

# FGMRES residual history
# Residual tolerance target = 1e-10
# Initial residual norm     = 1.15145e-07
     0     1
# FGMRES final (true) residual:
# Iteration = 4: |res|/|res0| = 2.38676e-11.

Computing volumes of the grid elements.
Non-linear iter.: 115/500. Linear iter.: 4. Min. area: 0.000146278. Error: 2.38676e-11.
Computing volumes of the grid elements.
Min. volume: 0.000146278, max. volume: 36.3474.

# FGMRES residual history
# Residual tolerance target = 1e-10
# Initial residual norm     = 1.14546e-07
     0     1
# FGMRES final (true) residual:
# Iteration = 4: |res|/|res0| = 2.38314e-11.

Computing volumes of the grid elements.
Non-linear iter.: 116/500. Linear iter.: 4. Min. area: 0.000146275. Error: 2.38314e-11.
Computing volumes of the grid elements.
Min. volume: 0.000146275, max. volume: 36.3471.

# FGMRES residual history
# Residual tolerance target = 1e-10
# Initial residual norm     = 1.1395e-07
     0     1
# FGMRES final (true) residual:
# Iteration = 4: |res|/|res0| = 2.37883e-11.

Computing volumes of the grid elements.
Non-linear iter.: 117/500. Linear iter.: 4. Min. area: 0.000146272. Error: 2.37883e-11.
Computing volumes of the grid elements.
Min. volume: 0.000146272, max. volume: 36.3469.

# FGMRES residual history
# Residual tolerance target = 1e-10
# Initial residual norm     = 1.13358e-07
     0     1
# FGMRES final (true) residual:
# Iteration = 4: |res|/|res0| = 2.37379e-11.

Computing volumes of the grid elements.
Non-linear iter.: 118/500. Linear iter.: 4. Min. area: 0.000146268. Error: 2.37379e-11.
Computing volumes of the grid elements.
Min. volume: 0.000146268, max. volume: 36.3466.

# FGMRES residual history
# Residual tolerance target = 1e-10
# Initial residual norm     = 1.12768e-07
     0     1
# FGMRES final (true) residual:
# Iteration = 4: |res|/|res0| = 2.36803e-11.

Computing volumes of the grid elements.
Non-linear iter.: 119/500. Linear iter.: 4. Min. area: 0.000146265. Error: 2.36803e-11.
Computing volumes of the grid elements.
Min. volume: 0.000146265, max. volume: 36.3463.

# FGMRES residual history
# Residual tolerance target = 1e-10
# Initial residual norm     = 1.12182e-07
     0     1
# FGMRES final (true) residual:
# Iteration = 4: |res|/|res0| = 2.36151e-11.

Computing volumes of the grid elements.
Non-linear iter.: 120/500. Linear iter.: 4. Min. area: 0.000146261. Error: 2.36151e-11.
Computing volumes of the grid elements.
Min. volume: 0.000146261, max. volume: 36.346.

# FGMRES residual history
# Residual tolerance target = 1e-10
# Initial residual norm     = 1.11598e-07
     0     1
# FGMRES final (true) residual:
# Iteration = 4: |res|/|res0| = 2.35423e-11.

Computing volumes of the grid elements.
Non-linear iter.: 121/500. Linear iter.: 4. Min. area: 0.000146258. Error: 2.35423e-11.
Computing volumes of the grid elements.
Min. volume: 0.000146258, max. volume: 36.3457.

# FGMRES residual history
# Residual tolerance target = 1e-10
# Initial residual norm     = 1.11018e-07
     0     1
# FGMRES final (true) residual:
# Iteration = 4: |res|/|res0| = 2.34617e-11.

Computing volumes of the grid elements.
Non-linear iter.: 122/500. Linear iter.: 4. Min. area: 0.000146255. Error: 2.34617e-11.
Computing volumes of the grid elements.
Min. volume: 0.000146255, max. volume: 36.3455.

# FGMRES residual history
# Residual tolerance target = 1e-10
# Initial residual norm     = 1.10441e-07
     0     1
# FGMRES final (true) residual:
# Iteration = 4: |res|/|res0| = 2.33733e-11.

Computing volumes of the grid elements.
Non-linear iter.: 123/500. Linear iter.: 4. Min. area: 0.000146251. Error: 2.33733e-11.
Computing volumes of the grid elements.
Min. volume: 0.000146251, max. volume: 36.3452.

# FGMRES residual history
# Residual tolerance target = 1e-10
# Initial residual norm     = 1.09867e-07
     0     1
# FGMRES final (true) residual:
# Iteration = 4: |res|/|res0| = 2.32769e-11.

Computing volumes of the grid elements.
Non-linear iter.: 124/500. Linear iter.: 4. Min. area: 0.000146248. Error: 2.32769e-11.
Computing volumes of the grid elements.
Min. volume: 0.000146248, max. volume: 36.3449.

# FGMRES residual history
# Residual tolerance target = 1e-10
# Initial residual norm     = 1.09295e-07
     0     1
# FGMRES final (true) residual:
# Iteration = 4: |res|/|res0| = 2.31724e-11.

Computing volumes of the grid elements.
Non-linear iter.: 125/500. Linear iter.: 4. Min. area: 0.000146244. Error: 2.31724e-11.
Computing volumes of the grid elements.
Min. volume: 0.000146244, max. volume: 36.3447.

# FGMRES residual history
# Residual tolerance target = 1e-10
# Initial residual norm     = 1.08727e-07
     0     1
# FGMRES final (true) residual:
# Iteration = 4: |res|/|res0| = 2.30598e-11.

Computing volumes of the grid elements.
Non-linear iter.: 126/500. Linear iter.: 4. Min. area: 0.000146241. Error: 2.30598e-11.
Computing volumes of the grid elements.
Min. volume: 0.000146241, max. volume: 36.3444.

# FGMRES residual history
# Residual tolerance target = 1e-10
# Initial residual norm     = 1.08162e-07
     0     1
# FGMRES final (true) residual:
# Iteration = 4: |res|/|res0| = 2.2939e-11.

Computing volumes of the grid elements.
Non-linear iter.: 127/500. Linear iter.: 4. Min. area: 0.000146238. Error: 2.2939e-11.
Computing volumes of the grid elements.
Min. volume: 0.000146238, max. volume: 36.3441.

# FGMRES residual history
# Residual tolerance target = 1e-10
# Initial residual norm     = 1.076e-07
     0     1
# FGMRES final (true) residual:
# Iteration = 4: |res|/|res0| = 2.28098e-11.

Computing volumes of the grid elements.
Non-linear iter.: 128/500. Linear iter.: 4. Min. area: 0.000146234. Error: 2.28098e-11.
Computing volumes of the grid elements.
Min. volume: 0.000146234, max. volume: 36.3439.

# FGMRES residual history
# Residual tolerance target = 1e-10
# Initial residual norm     = 1.0704e-07
     0     1
# FGMRES final (true) residual:
# Iteration = 4: |res|/|res0| = 2.26724e-11.

Computing volumes of the grid elements.
Non-linear iter.: 129/500. Linear iter.: 4. Min. area: 0.000146231. Error: 2.26724e-11.
Computing volumes of the grid elements.
Min. volume: 0.000146231, max. volume: 36.3436.

# FGMRES residual history
# Residual tolerance target = 1e-10
# Initial residual norm     = 1.06484e-07
     0     1
# FGMRES final (true) residual:
# Iteration = 4: |res|/|res0| = 2.25266e-11.

Computing volumes of the grid elements.
Non-linear iter.: 130/500. Linear iter.: 4. Min. area: 0.000146228. Error: 2.25266e-11.
Computing volumes of the grid elements.
Min. volume: 0.000146228, max. volume: 36.3433.

# FGMRES residual history
# Residual tolerance target = 1e-10
# Initial residual norm     = 1.05931e-07
     0     1
# FGMRES final (true) residual:
# Iteration = 4: |res|/|res0| = 2.23724e-11.

Computing volumes of the grid elements.
Non-linear iter.: 131/500. Linear iter.: 4. Min. area: 0.000146224. Error: 2.23724e-11.
Computing volumes of the grid elements.
Min. volume: 0.000146224, max. volume: 36.3431.

# FGMRES residual history
# Residual tolerance target = 1e-10
# Initial residual norm     = 1.05381e-07
     0     1
# FGMRES final (true) residual:
# Iteration = 4: |res|/|res0| = 2.22099e-11.

Computing volumes of the grid elements.
Non-linear iter.: 132/500. Linear iter.: 4. Min. area: 0.000146221. Error: 2.22099e-11.
Computing volumes of the grid elements.
Min. volume: 0.000146221, max. volume: 36.3428.

# FGMRES residual history
# Residual tolerance target = 1e-10
# Initial residual norm     = 1.04833e-07
     0     1
# FGMRES final (true) residual:
# Iteration = 4: |res|/|res0| = 2.20391e-11.

Computing volumes of the grid elements.
Non-linear iter.: 133/500. Linear iter.: 4. Min. area: 0.000146217. Error: 2.20391e-11.
Computing volumes of the grid elements.
Min. volume: 0.000146217, max. volume: 36.3426.

# FGMRES residual history
# Residual tolerance target = 1e-10
# Initial residual norm     = 1.04289e-07
     0     1
# FGMRES final (true) residual:
# Iteration = 4: |res|/|res0| = 2.186e-11.

Computing volumes of the grid elements.
Non-linear iter.: 134/500. Linear iter.: 4. Min. area: 0.000146214. Error: 2.186e-11.
Computing volumes of the grid elements.
Min. volume: 0.000146214, max. volume: 36.3423.

# FGMRES residual history
# Residual tolerance target = 1e-10
# Initial residual norm     = 1.03747e-07
     0     1
# FGMRES final (true) residual:
# Iteration = 4: |res|/|res0| = 2.16726e-11.

Computing volumes of the grid elements.
Non-linear iter.: 135/500. Linear iter.: 4. Min. area: 0.000146211. Error: 2.16726e-11.
Computing volumes of the grid elements.
Min. volume: 0.000146211, max. volume: 36.342.

# FGMRES residual history
# Residual tolerance target = 1e-10
# Initial residual norm     = 1.03209e-07
     0     1
# FGMRES final (true) residual:
# Iteration = 4: |res|/|res0| = 2.14772e-11.

Computing volumes of the grid elements.
Non-linear iter.: 136/500. Linear iter.: 4. Min. area: 0.000146207. Error: 2.14772e-11.
Computing volumes of the grid elements.
Min. volume: 0.000146207, max. volume: 36.3418.

# FGMRES residual history
# Residual tolerance target = 1e-10
# Initial residual norm     = 1.02673e-07
     0     1
# FGMRES final (true) residual:
# Iteration = 4: |res|/|res0| = 2.12736e-11.

Computing volumes of the grid elements.
Non-linear iter.: 137/500. Linear iter.: 4. Min. area: 0.000146204. Error: 2.12736e-11.
Computing volumes of the grid elements.
Min. volume: 0.000146204, max. volume: 36.3415.

# FGMRES residual history
# Residual tolerance target = 1e-10
# Initial residual norm     = 1.0214e-07
     0     1
# FGMRES final (true) residual:
# Iteration = 4: |res|/|res0| = 2.10621e-11.

Computing volumes of the grid elements.
Non-linear iter.: 138/500. Linear iter.: 4. Min. area: 0.000146201. Error: 2.10621e-11.
Computing volumes of the grid elements.
Min. volume: 0.000146201, max. volume: 36.3413.

# FGMRES residual history
# Residual tolerance target = 1e-10
# Initial residual norm     = 1.01611e-07
     0     1
# FGMRES final (true) residual:
# Iteration = 4: |res|/|res0| = 2.08428e-11.

Computing volumes of the grid elements.
Non-linear iter.: 139/500. Linear iter.: 4. Min. area: 0.000146197. Error: 2.08428e-11.
Computing volumes of the grid elements.
Min. volume: 0.000146197, max. volume: 36.341.

# FGMRES residual history
# Residual tolerance target = 1e-10
# Initial residual norm     = 1.01084e-07
     0     1
# FGMRES final (true) residual:
# Iteration = 4: |res|/|res0| = 2.06158e-11.

Computing volumes of the grid elements.
Non-linear iter.: 140/500. Linear iter.: 4. Min. area: 0.000146194. Error: 2.06158e-11.
Computing volumes of the grid elements.
Min. volume: 0.000146194, max. volume: 36.3408.

# FGMRES residual history
# Residual tolerance target = 1e-10
# Initial residual norm     = 1.0056e-07
     0     1
# FGMRES final (true) residual:
# Iteration = 4: |res|/|res0| = 2.03812e-11.

Computing volumes of the grid elements.
Non-linear iter.: 141/500. Linear iter.: 4. Min. area: 0.00014619. Error: 2.03812e-11.
Computing volumes of the grid elements.
Min. volume: 0.00014619, max. volume: 36.3405.

# FGMRES residual history
# Residual tolerance target = 1e-10
# Initial residual norm     = 1.00039e-07
     0     1
# FGMRES final (true) residual:
# Iteration = 4: |res|/|res0| = 2.01393e-11.

Computing volumes of the grid elements.
Non-linear iter.: 142/500. Linear iter.: 4. Min. area: 0.000146187. Error: 2.01393e-11.
Computing volumes of the grid elements.
Min. volume: 0.000146187, max. volume: 36.3403.

# FGMRES residual history
# Residual tolerance target = 1e-10
# Initial residual norm     = 9.95207e-08
     0     1
# FGMRES final (true) residual:
# Iteration = 4: |res|/|res0| = 1.98901e-11.

Computing volumes of the grid elements.
Non-linear iter.: 143/500. Linear iter.: 4. Min. area: 0.000146184. Error: 1.98901e-11.
Computing volumes of the grid elements.
Min. volume: 0.000146184, max. volume: 36.3401.

# FGMRES residual history
# Residual tolerance target = 1e-10
# Initial residual norm     = 9.90054e-08
     0     1
# FGMRES final (true) residual:
# Iteration = 4: |res|/|res0| = 1.9634e-11.

Computing volumes of the grid elements.
Non-linear iter.: 144/500. Linear iter.: 4. Min. area: 0.00014618. Error: 1.9634e-11.
Computing volumes of the grid elements.
Min. volume: 0.00014618, max. volume: 36.3398.

# FGMRES residual history
# Residual tolerance target = 1e-10
# Initial residual norm     = 9.84931e-08
     0     1
# FGMRES final (true) residual:
# Iteration = 4: |res|/|res0| = 1.93711e-11.

Computing volumes of the grid elements.
Non-linear iter.: 145/500. Linear iter.: 4. Min. area: 0.000146177. Error: 1.93711e-11.
Computing volumes of the grid elements.
Min. volume: 0.000146177, max. volume: 36.3396.

# FGMRES residual history
# Residual tolerance target = 1e-10
# Initial residual norm     = 9.79836e-08
     0     1
# FGMRES final (true) residual:
# Iteration = 4: |res|/|res0| = 1.91016e-11.

Computing volumes of the grid elements.
Non-linear iter.: 146/500. Linear iter.: 4. Min. area: 0.000146174. Error: 1.91016e-11.
Computing volumes of the grid elements.
Min. volume: 0.000146174, max. volume: 36.3393.

# FGMRES residual history
# Residual tolerance target = 1e-10
# Initial residual norm     = 9.7477e-08
     0     1
# FGMRES final (true) residual:
# Iteration = 4: |res|/|res0| = 1.88258e-11.

Computing volumes of the grid elements.
Non-linear iter.: 147/500. Linear iter.: 4. Min. area: 0.00014617. Error: 1.88258e-11.
Computing volumes of the grid elements.
Min. volume: 0.00014617, max. volume: 36.3391.

# FGMRES residual history
# Residual tolerance target = 1e-10
# Initial residual norm     = 9.69733e-08
     0     1
# FGMRES final (true) residual:
# Iteration = 4: |res|/|res0| = 1.85439e-11.

Computing volumes of the grid elements.
Non-linear iter.: 148/500. Linear iter.: 4. Min. area: 0.000146167. Error: 1.85439e-11.
Computing volumes of the grid elements.
Min. volume: 0.000146167, max. volume: 36.3388.

# FGMRES residual history
# Residual tolerance target = 1e-10
# Initial residual norm     = 9.64724e-08
     0     1
# FGMRES final (true) residual:
# Iteration = 4: |res|/|res0| = 1.82562e-11.

Computing volumes of the grid elements.
Non-linear iter.: 149/500. Linear iter.: 4. Min. area: 0.000146164. Error: 1.82562e-11.
Computing volumes of the grid elements.
Min. volume: 0.000146164, max. volume: 36.3386.

# FGMRES residual history
# Residual tolerance target = 1e-10
# Initial residual norm     = 9.59745e-08
     0     1
# FGMRES final (true) residual:
# Iteration = 4: |res|/|res0| = 1.79629e-11.

Computing volumes of the grid elements.
Non-linear iter.: 150/500. Linear iter.: 4. Min. area: 0.00014616. Error: 1.79629e-11.
Computing volumes of the grid elements.
Min. volume: 0.00014616, max. volume: 36.3384.

# FGMRES residual history
# Residual tolerance target = 1e-10
# Initial residual norm     = 9.54794e-08
     0     1
# FGMRES final (true) residual:
# Iteration = 4: |res|/|res0| = 1.76643e-11.

Computing volumes of the grid elements.
Non-linear iter.: 151/500. Linear iter.: 4. Min. area: 0.000146157. Error: 1.76643e-11.
Computing volumes of the grid elements.
Min. volume: 0.000146157, max. volume: 36.3381.

# FGMRES residual history
# Residual tolerance target = 1e-10
# Initial residual norm     = 9.49872e-08
     0     1
# FGMRES final (true) residual:
# Iteration = 4: |res|/|res0| = 1.73606e-11.

Computing volumes of the grid elements.
Non-linear iter.: 152/500. Linear iter.: 4. Min. area: 0.000146153. Error: 1.73606e-11.
Computing volumes of the grid elements.
Min. volume: 0.000146153, max. volume: 36.3379.

# FGMRES residual history
# Residual tolerance target = 1e-10
# Initial residual norm     = 9.44979e-08
     0     1
# FGMRES final (true) residual:
# Iteration = 4: |res|/|res0| = 1.70521e-11.

Computing volumes of the grid elements.
Non-linear iter.: 153/500. Linear iter.: 4. Min. area: 0.00014615. Error: 1.70521e-11.
Computing volumes of the grid elements.
Min. volume: 0.00014615, max. volume: 36.3377.

# FGMRES residual history
# Residual tolerance target = 1e-10
# Initial residual norm     = 9.40114e-08
     0     1
# FGMRES final (true) residual:
# Iteration = 4: |res|/|res0| = 1.67392e-11.

Computing volumes of the grid elements.
Non-linear iter.: 154/500. Linear iter.: 4. Min. area: 0.000146147. Error: 1.67392e-11.
Computing volumes of the grid elements.
Min. volume: 0.000146147, max. volume: 36.3375.

# FGMRES residual history
# Residual tolerance target = 1e-10
# Initial residual norm     = 9.35278e-08
     0     1
# FGMRES final (true) residual:
# Iteration = 4: |res|/|res0| = 1.64221e-11.

Computing volumes of the grid elements.
Non-linear iter.: 155/500. Linear iter.: 4. Min. area: 0.000146143. Error: 1.64221e-11.
Computing volumes of the grid elements.
Min. volume: 0.000146143, max. volume: 36.3372.

# FGMRES residual history
# Residual tolerance target = 1e-10
# Initial residual norm     = 9.30471e-08
     0     1
# FGMRES final (true) residual:
# Iteration = 4: |res|/|res0| = 1.61011e-11.

Computing volumes of the grid elements.
Non-linear iter.: 156/500. Linear iter.: 4. Min. area: 0.00014614. Error: 1.61011e-11.
Computing volumes of the grid elements.
Min. volume: 0.00014614, max. volume: 36.337.

# FGMRES residual history
# Residual tolerance target = 1e-10
# Initial residual norm     = 9.25692e-08
     0     1
# FGMRES final (true) residual:
# Iteration = 4: |res|/|res0| = 1.57764e-11.

Computing volumes of the grid elements.
Non-linear iter.: 157/500. Linear iter.: 4. Min. area: 0.000146137. Error: 1.57764e-11.
Computing volumes of the grid elements.
Min. volume: 0.000146137, max. volume: 36.3368.

# FGMRES residual history
# Residual tolerance target = 1e-10
# Initial residual norm     = 9.20942e-08
     0     1
# FGMRES final (true) residual:
# Iteration = 4: |res|/|res0| = 1.54484e-11.

Computing volumes of the grid elements.
Non-linear iter.: 158/500. Linear iter.: 4. Min. area: 0.000146133. Error: 1.54484e-11.
Computing volumes of the grid elements.
Min. volume: 0.000146133, max. volume: 36.3365.

# FGMRES residual history
# Residual tolerance target = 1e-10
# Initial residual norm     = 9.16221e-08
     0     1
# FGMRES final (true) residual:
# Iteration = 4: |res|/|res0| = 1.51174e-11.

Computing volumes of the grid elements.
Non-linear iter.: 159/500. Linear iter.: 4. Min. area: 0.00014613. Error: 1.51174e-11.
Computing volumes of the grid elements.
Min. volume: 0.00014613, max. volume: 36.3363.

# FGMRES residual history
# Residual tolerance target = 1e-10
# Initial residual norm     = 9.11528e-08
     0     1
# FGMRES final (true) residual:
# Iteration = 4: |res|/|res0| = 1.47836e-11.

Computing volumes of the grid elements.
Non-linear iter.: 160/500. Linear iter.: 4. Min. area: 0.000146127. Error: 1.47836e-11.
Computing volumes of the grid elements.
Min. volume: 0.000146127, max. volume: 36.3361.

# FGMRES residual history
# Residual tolerance target = 1e-10
# Initial residual norm     = 9.06865e-08
     0     1
# FGMRES final (true) residual:
# Iteration = 4: |res|/|res0| = 1.44473e-11.

Computing volumes of the grid elements.
Non-linear iter.: 161/500. Linear iter.: 4. Min. area: 0.000146123. Error: 1.44473e-11.
Computing volumes of the grid elements.
Min. volume: 0.000146123, max. volume: 36.3359.

# FGMRES residual history
# Residual tolerance target = 1e-10
# Initial residual norm     = 9.0223e-08
     0     1
# FGMRES final (true) residual:
# Iteration = 4: |res|/|res0| = 1.41088e-11.

Computing volumes of the grid elements.
Non-linear iter.: 162/500. Linear iter.: 4. Min. area: 0.00014612. Error: 1.41088e-11.
Computing volumes of the grid elements.
Min. volume: 0.00014612, max. volume: 36.3357.

# FGMRES residual history
# Residual tolerance target = 1e-10
# Initial residual norm     = 8.97623e-08
     0     1
# FGMRES final (true) residual:
# Iteration = 4: |res|/|res0| = 1.37685e-11.

Computing volumes of the grid elements.
Non-linear iter.: 163/500. Linear iter.: 4. Min. area: 0.000146116. Error: 1.37685e-11.
Computing volumes of the grid elements.
Min. volume: 0.000146116, max. volume: 36.3354.

# FGMRES residual history
# Residual tolerance target = 1e-10
# Initial residual norm     = 8.93046e-08
     0     1
# FGMRES final (true) residual:
# Iteration = 4: |res|/|res0| = 1.34265e-11.

Computing volumes of the grid elements.
Non-linear iter.: 164/500. Linear iter.: 4. Min. area: 0.000146113. Error: 1.34265e-11.
Computing volumes of the grid elements.
Min. volume: 0.000146113, max. volume: 36.3352.

# FGMRES residual history
# Residual tolerance target = 1e-10
# Initial residual norm     = 8.88497e-08
     0     1
# FGMRES final (true) residual:
# Iteration = 4: |res|/|res0| = 1.30833e-11.

Computing volumes of the grid elements.
Non-linear iter.: 165/500. Linear iter.: 4. Min. area: 0.00014611. Error: 1.30833e-11.
Computing volumes of the grid elements.
Min. volume: 0.00014611, max. volume: 36.335.

# FGMRES residual history
# Residual tolerance target = 1e-10
# Initial residual norm     = 8.83978e-08
     0     1
# FGMRES final (true) residual:
# Iteration = 4: |res|/|res0| = 1.27389e-11.

Computing volumes of the grid elements.
Non-linear iter.: 166/500. Linear iter.: 4. Min. area: 0.000146106. Error: 1.27389e-11.
Computing volumes of the grid elements.
Min. volume: 0.000146106, max. volume: 36.3348.

# FGMRES residual history
# Residual tolerance target = 1e-10
# Initial residual norm     = 8.79487e-08
     0     1
# FGMRES final (true) residual:
# Iteration = 4: |res|/|res0| = 1.23938e-11.

Computing volumes of the grid elements.
Non-linear iter.: 167/500. Linear iter.: 4. Min. area: 0.000146103. Error: 1.23938e-11.
Computing volumes of the grid elements.
Min. volume: 0.000146103, max. volume: 36.3346.

# FGMRES residual history
# Residual tolerance target = 1e-10
# Initial residual norm     = 8.75025e-08
     0     1
# FGMRES final (true) residual:
# Iteration = 4: |res|/|res0| = 1.20481e-11.

Computing volumes of the grid elements.
Non-linear iter.: 168/500. Linear iter.: 4. Min. area: 0.0001461. Error: 1.20481e-11.
Computing volumes of the grid elements.
Min. volume: 0.0001461, max. volume: 36.3344.

# FGMRES residual history
# Residual tolerance target = 1e-10
# Initial residual norm     = 8.70592e-08
     0     1
# FGMRES final (true) residual:
# Iteration = 4: |res|/|res0| = 1.17022e-11.

Computing volumes of the grid elements.
Non-linear iter.: 169/500. Linear iter.: 4. Min. area: 0.000146096. Error: 1.17022e-11.
Computing volumes of the grid elements.
Min. volume: 0.000146096, max. volume: 36.3342.

# FGMRES residual history
# Residual tolerance target = 1e-10
# Initial residual norm     = 8.66188e-08
     0     1
# FGMRES final (true) residual:
# Iteration = 4: |res|/|res0| = 1.13563e-11.

Computing volumes of the grid elements.
Non-linear iter.: 170/500. Linear iter.: 4. Min. area: 0.000146093. Error: 1.13563e-11.
Computing volumes of the grid elements.
Min. volume: 0.000146093, max. volume: 36.334.

# FGMRES residual history
# Residual tolerance target = 1e-10
# Initial residual norm     = 8.61814e-08
     0     1
# FGMRES final (true) residual:
# Iteration = 4: |res|/|res0| = 1.10107e-11.

Computing volumes of the grid elements.
Non-linear iter.: 171/500. Linear iter.: 4. Min. area: 0.00014609. Error: 1.10107e-11.
Computing volumes of the grid elements.
Min. volume: 0.00014609, max. volume: 36.3337.

# FGMRES residual history
# Residual tolerance target = 1e-10
# Initial residual norm     = 8.57468e-08
     0     1
# FGMRES final (true) residual:
# Iteration = 4: |res|/|res0| = 1.06657e-11.

Computing volumes of the grid elements.
Non-linear iter.: 172/500. Linear iter.: 4. Min. area: 0.000146086. Error: 1.06657e-11.
Computing volumes of the grid elements.
Min. volume: 0.000146086, max. volume: 36.3335.

# FGMRES residual history
# Residual tolerance target = 1e-10
# Initial residual norm     = 8.53151e-08
     0     1
# FGMRES final (true) residual:
# Iteration = 4: |res|/|res0| = 1.03214e-11.

Computing volumes of the grid elements.
Non-linear iter.: 173/500. Linear iter.: 4. Min. area: 0.000146083. Error: 1.03214e-11.
Computing volumes of the grid elements.
Min. volume: 0.000146083, max. volume: 36.3333.

# FGMRES residual history
# Residual tolerance target = 1e-10
# Initial residual norm     = 8.48864e-08
     0     1
# FGMRES final (true) residual:
# Iteration = 4: |res|/|res0| = 9.97827e-12.

Computing volumes of the grid elements.
Non-linear iter.: 174/500. Linear iter.: 4. Min. area: 0.00014608. Error: 9.97827e-12.
Computing volumes of the grid elements.
Min. volume: 0.00014608, max. volume: 36.3331.

# FGMRES residual history
# Residual tolerance target = 1e-10
# Initial residual norm     = 8.44607e-08
     0     1
# FGMRES final (true) residual:
# Iteration = 4: |res|/|res0| = 9.63647e-12.

Computing volumes of the grid elements.
Non-linear iter.: 175/500. Linear iter.: 4. Min. area: 0.000146076. Error: 9.63647e-12.
Computing volumes of the grid elements.
Min. volume: 0.000146076, max. volume: 36.3329.

# FGMRES residual history
# Residual tolerance target = 1e-10
# Initial residual norm     = 8.40378e-08
     0     1
# FGMRES final (true) residual:
# Iteration = 4: |res|/|res0| = 9.29631e-12.

Computing volumes of the grid elements.
Non-linear iter.: 176/500. Linear iter.: 4. Min. area: 0.000146073. Error: 9.29631e-12.
Computing volumes of the grid elements.
Min. volume: 0.000146073, max. volume: 36.3327.

# FGMRES residual history
# Residual tolerance target = 1e-10
# Initial residual norm     = 8.36179e-08
     0     1
# FGMRES final (true) residual:
# Iteration = 4: |res|/|res0| = 8.95807e-12.

Computing volumes of the grid elements.
Non-linear iter.: 177/500. Linear iter.: 4. Min. area: 0.00014607. Error: 8.95807e-12.
Computing volumes of the grid elements.
Min. volume: 0.00014607, max. volume: 36.3325.

# FGMRES residual history
# Residual tolerance target = 1e-10
# Initial residual norm     = 8.3201e-08
     0     1
# FGMRES final (true) residual:
# Iteration = 4: |res|/|res0| = 8.62203e-12.

Computing volumes of the grid elements.
Non-linear iter.: 178/500. Linear iter.: 4. Min. area: 0.000146066. Error: 8.62203e-12.
Computing volumes of the grid elements.
Min. volume: 0.000146066, max. volume: 36.3323.

# FGMRES residual history
# Residual tolerance target = 1e-10
# Initial residual norm     = 8.2787e-08
     0     1
# FGMRES final (true) residual:
# Iteration = 4: |res|/|res0| = 8.28852e-12.

Computing volumes of the grid elements.
Non-linear iter.: 179/500. Linear iter.: 4. Min. area: 0.000146063. Error: 8.28852e-12.
Computing volumes of the grid elements.
Min. volume: 0.000146063, max. volume: 36.3321.

# FGMRES residual history
# Residual tolerance target = 1e-10
# Initial residual norm     = 8.2376e-08
     0     1
# FGMRES final (true) residual:
# Iteration = 4: |res|/|res0| = 7.95786e-12.

Computing volumes of the grid elements.
Non-linear iter.: 180/500. Linear iter.: 4. Min. area: 0.00014606. Error: 7.95786e-12.
Computing volumes of the grid elements.
Min. volume: 0.00014606, max. volume: 36.3319.

# FGMRES residual history
# Residual tolerance target = 1e-10
# Initial residual norm     = 8.1968e-08
     0     1
# FGMRES final (true) residual:
# Iteration = 4: |res|/|res0| = 7.63041e-12.

Computing volumes of the grid elements.
Non-linear iter.: 181/500. Linear iter.: 4. Min. area: 0.000146056. Error: 7.63041e-12.
Computing volumes of the grid elements.
Min. volume: 0.000146056, max. volume: 36.3317.

# FGMRES residual history
# Residual tolerance target = 1e-10
# Initial residual norm     = 8.1563e-08
     0     1
# FGMRES final (true) residual:
# Iteration = 4: |res|/|res0| = 7.30653e-12.

Computing volumes of the grid elements.
Non-linear iter.: 182/500. Linear iter.: 4. Min. area: 0.000146053. Error: 7.30653e-12.
Computing volumes of the grid elements.
Min. volume: 0.000146053, max. volume: 36.3315.

# FGMRES residual history
# Residual tolerance target = 1e-10
# Initial residual norm     = 8.11609e-08
     0     1
# FGMRES final (true) residual:
# Iteration = 4: |res|/|res0| = 6.98664e-12.

Computing volumes of the grid elements.
Non-linear iter.: 183/500. Linear iter.: 4. Min. area: 0.00014605. Error: 6.98664e-12.
Computing volumes of the grid elements.
Min. volume: 0.00014605, max. volume: 36.3314.

# FGMRES residual history
# Residual tolerance target = 1e-10
# Initial residual norm     = 8.07619e-08
     0     1
# FGMRES final (true) residual:
# Iteration = 4: |res|/|res0| = 6.67122e-12.

Computing volumes of the grid elements.
Non-linear iter.: 184/500. Linear iter.: 4. Min. area: 0.000146046. Error: 6.67122e-12.
Computing volumes of the grid elements.
Min. volume: 0.000146046, max. volume: 36.3312.

# FGMRES residual history
# Residual tolerance target = 1e-10
# Initial residual norm     = 8.03659e-08
     0     1
# FGMRES final (true) residual:
# Iteration = 4: |res|/|res0| = 6.36076e-12.

Computing volumes of the grid elements.
Non-linear iter.: 185/500. Linear iter.: 4. Min. area: 0.000146043. Error: 6.36076e-12.
Computing volumes of the grid elements.
Min. volume: 0.000146043, max. volume: 36.331.

# FGMRES residual history
# Residual tolerance target = 1e-10
# Initial residual norm     = 7.9973e-08
     0     1
# FGMRES final (true) residual:
# Iteration = 4: |res|/|res0| = 6.05586e-12.

Computing volumes of the grid elements.
Non-linear iter.: 186/500. Linear iter.: 4. Min. area: 0.000146039. Error: 6.05586e-12.
Computing volumes of the grid elements.
Min. volume: 0.000146039, max. volume: 36.3308.

# FGMRES residual history
# Residual tolerance target = 1e-10
# Initial residual norm     = 7.95831e-08
     0     1
# FGMRES final (true) residual:
# Iteration = 4: |res|/|res0| = 5.75719e-12.

Computing volumes of the grid elements.
Non-linear iter.: 187/500. Linear iter.: 4. Min. area: 0.000146036. Error: 5.75719e-12.
Computing volumes of the grid elements.
Min. volume: 0.000146036, max. volume: 36.3306.

# FGMRES residual history
# Residual tolerance target = 1e-10
# Initial residual norm     = 7.91962e-08
     0     1
# FGMRES final (true) residual:
# Iteration = 4: |res|/|res0| = 5.46551e-12.

Computing volumes of the grid elements.
Non-linear iter.: 188/500. Linear iter.: 4. Min. area: 0.000146033. Error: 5.46551e-12.
Computing volumes of the grid elements.
Min. volume: 0.000146033, max. volume: 36.3304.

# FGMRES residual history
# Residual tolerance target = 1e-10
# Initial residual norm     = 7.88124e-08
     0     1
# FGMRES final (true) residual:
# Iteration = 4: |res|/|res0| = 5.18171e-12.

Computing volumes of the grid elements.
Non-linear iter.: 189/500. Linear iter.: 4. Min. area: 0.000146029. Error: 5.18171e-12.
Computing volumes of the grid elements.
Min. volume: 0.000146029, max. volume: 36.3302.

# FGMRES residual history
# Residual tolerance target = 1e-10
# Initial residual norm     = 7.84317e-08
     0     1
# FGMRES final (true) residual:
# Iteration = 4: |res|/|res0| = 4.90684e-12.

Computing volumes of the grid elements.
Non-linear iter.: 190/500. Linear iter.: 4. Min. area: 0.000146026. Error: 4.90684e-12.
Computing volumes of the grid elements.
Min. volume: 0.000146026, max. volume: 36.33.

# FGMRES residual history
# Residual tolerance target = 1e-10
# Initial residual norm     = 7.80541e-08
     0     1
# FGMRES final (true) residual:
# Iteration = 4: |res|/|res0| = 4.64212e-12.

Computing volumes of the grid elements.
Non-linear iter.: 191/500. Linear iter.: 4. Min. area: 0.000146023. Error: 4.64212e-12.
Computing volumes of the grid elements.
Min. volume: 0.000146023, max. volume: 36.3299.

# FGMRES residual history
# Residual tolerance target = 1e-10
# Initial residual norm     = 7.76797e-08
     0     1
# FGMRES final (true) residual:
# Iteration = 4: |res|/|res0| = 4.38897e-12.

Computing volumes of the grid elements.
Non-linear iter.: 192/500. Linear iter.: 4. Min. area: 0.000146019. Error: 4.38897e-12.
Computing volumes of the grid elements.
Min. volume: 0.000146019, max. volume: 36.3297.

# FGMRES residual history
# Residual tolerance target = 1e-10
# Initial residual norm     = 7.73083e-08
     0     1
# FGMRES final (true) residual:
# Iteration = 4: |res|/|res0| = 4.14908e-12.

Computing volumes of the grid elements.
Non-linear iter.: 193/500. Linear iter.: 4. Min. area: 0.000146016. Error: 4.14908e-12.
Computing volumes of the grid elements.
Min. volume: 0.000146016, max. volume: 36.3295.

# FGMRES residual history
# Residual tolerance target = 1e-10
# Initial residual norm     = 7.69401e-08
     0     1
# FGMRES final (true) residual:
# Iteration = 4: |res|/|res0| = 3.92438e-12.

Computing volumes of the grid elements.
Non-linear iter.: 194/500. Linear iter.: 4. Min. area: 0.000146013. Error: 3.92438e-12.
Computing volumes of the grid elements.
Min. volume: 0.000146013, max. volume: 36.3293.

# FGMRES residual history
# Residual tolerance target = 1e-10
# Initial residual norm     = 7.6575e-08
     0     1
# FGMRES final (true) residual:
# Iteration = 4: |res|/|res0| = 3.71709e-12.

Computing volumes of the grid elements.
Non-linear iter.: 195/500. Linear iter.: 4. Min. area: 0.000146009. Error: 3.71709e-12.
Computing volumes of the grid elements.
Min. volume: 0.000146009, max. volume: 36.3291.

# FGMRES residual history
# Residual tolerance target = 1e-10
# Initial residual norm     = 7.62131e-08
     0     1
# FGMRES final (true) residual:
# Iteration = 4: |res|/|res0| = 3.52971e-12.

Computing volumes of the grid elements.
Non-linear iter.: 196/500. Linear iter.: 4. Min. area: 0.000146006. Error: 3.52971e-12.
Computing volumes of the grid elements.
Min. volume: 0.000146006, max. volume: 36.329.

# FGMRES residual history
# Residual tolerance target = 1e-10
# Initial residual norm     = 7.58544e-08
     0     1
# FGMRES final (true) residual:
# Iteration = 4: |res|/|res0| = 3.36495e-12.

Computing volumes of the grid elements.
Non-linear iter.: 197/500. Linear iter.: 4. Min. area: 0.000146003. Error: 3.36495e-12.
Computing volumes of the grid elements.
Min. volume: 0.000146003, max. volume: 36.3288.

# FGMRES residual history
# Residual tolerance target = 1e-10
# Initial residual norm     = 7.54989e-08
     0     1
# FGMRES final (true) residual:
# Iteration = 4: |res|/|res0| = 3.22562e-12.

Computing volumes of the grid elements.
Non-linear iter.: 198/500. Linear iter.: 4. Min. area: 0.000145999. Error: 3.22562e-12.
Computing volumes of the grid elements.
Min. volume: 0.000145999, max. volume: 36.3286.

# FGMRES residual history
# Residual tolerance target = 1e-10
# Initial residual norm     = 7.51466e-08
     0     1
# FGMRES final (true) residual:
# Iteration = 4: |res|/|res0| = 3.11444e-12.

Computing volumes of the grid elements.
Non-linear iter.: 199/500. Linear iter.: 4. Min. area: 0.000145996. Error: 3.11444e-12.
Computing volumes of the grid elements.
Min. volume: 0.000145996, max. volume: 36.3284.

# FGMRES residual history
# Residual tolerance target = 1e-10
# Initial residual norm     = 7.47975e-08
     0     1
# FGMRES final (true) residual:
# Iteration = 4: |res|/|res0| = 3.03381e-12.

Computing volumes of the grid elements.
Non-linear iter.: 200/500. Linear iter.: 4. Min. area: 0.000145993. Error: 3.03381e-12.
Computing volumes of the grid elements.
Min. volume: 0.000145993, max. volume: 36.3283.

# FGMRES residual history
# Residual tolerance target = 1e-10
# Initial residual norm     = 7.44517e-08
     0     1
# FGMRES final (true) residual:
# Iteration = 4: |res|/|res0| = 2.98547e-12.

Computing volumes of the grid elements.
Non-linear iter.: 201/500. Linear iter.: 4. Min. area: 0.000145989. Error: 2.98547e-12.
Computing volumes of the grid elements.
Min. volume: 0.000145989, max. volume: 36.3281.

# FGMRES residual history
# Residual tolerance target = 1e-10
# Initial residual norm     = 7.41092e-08
     0     1
# FGMRES final (true) residual:
# Iteration = 4: |res|/|res0| = 2.97025e-12.

Computing volumes of the grid elements.
Non-linear iter.: 202/500. Linear iter.: 4. Min. area: 0.000145986. Error: 2.97025e-12.
Computing volumes of the grid elements.
Min. volume: 0.000145986, max. volume: 36.3279.

# FGMRES residual history
# Residual tolerance target = 1e-10
# Initial residual norm     = 7.37699e-08
     0     1
# FGMRES final (true) residual:
# Iteration = 4: |res|/|res0| = 2.98793e-12.

Computing volumes of the grid elements.
Non-linear iter.: 203/500. Linear iter.: 4. Min. area: 0.000145983. Error: 2.98793e-12.
Computing volumes of the grid elements.
Min. volume: 0.000145983, max. volume: 36.3278.

# FGMRES residual history
# Residual tolerance target = 1e-10
# Initial residual norm     = 7.3434e-08
     0     1
# FGMRES final (true) residual:
# Iteration = 4: |res|/|res0| = 3.0372e-12.

Computing volumes of the grid elements.
Non-linear iter.: 204/500. Linear iter.: 4. Min. area: 0.000145979. Error: 3.0372e-12.
Computing volumes of the grid elements.
Min. volume: 0.000145979, max. volume: 36.3276.

# FGMRES residual history
# Residual tolerance target = 1e-10
# Initial residual norm     = 7.31014e-08
     0     1
# FGMRES final (true) residual:
# Iteration = 4: |res|/|res0| = 3.11586e-12.

Computing volumes of the grid elements.
Non-linear iter.: 205/500. Linear iter.: 4. Min. area: 0.000145976. Error: 3.11586e-12.
Computing volumes of the grid elements.
Min. volume: 0.000145976, max. volume: 36.3274.

# FGMRES residual history
# Residual tolerance target = 1e-10
# Initial residual norm     = 7.27721e-08
     0     1
# FGMRES final (true) residual:
# Iteration = 4: |res|/|res0| = 3.22107e-12.

Computing volumes of the grid elements.
Non-linear iter.: 206/500. Linear iter.: 4. Min. area: 0.000145973. Error: 3.22107e-12.
Computing volumes of the grid elements.
Min. volume: 0.000145973, max. volume: 36.3273.

# FGMRES residual history
# Residual tolerance target = 1e-10
# Initial residual norm     = 7.24462e-08
     0     1
# FGMRES final (true) residual:
# Iteration = 4: |res|/|res0| = 3.34967e-12.

Computing volumes of the grid elements.
Non-linear iter.: 207/500. Linear iter.: 4. Min. area: 0.000145969. Error: 3.34967e-12.
Computing volumes of the grid elements.
Min. volume: 0.000145969, max. volume: 36.3271.

# FGMRES residual history
# Residual tolerance target = 1e-10
# Initial residual norm     = 7.21237e-08
     0     1
# FGMRES final (true) residual:
# Iteration = 4: |res|/|res0| = 3.49845e-12.

Computing volumes of the grid elements.
Non-linear iter.: 208/500. Linear iter.: 4. Min. area: 0.000145966. Error: 3.49845e-12.
Computing volumes of the grid elements.
Min. volume: 0.000145966, max. volume: 36.3269.

# FGMRES residual history
# Residual tolerance target = 1e-10
# Initial residual norm     = 7.18046e-08
     0     1
# FGMRES final (true) residual:
# Iteration = 4: |res|/|res0| = 3.66436e-12.

Computing volumes of the grid elements.
Non-linear iter.: 209/500. Linear iter.: 4. Min. area: 0.000145963. Error: 3.66436e-12.
Computing volumes of the grid elements.
Min. volume: 0.000145963, max. volume: 36.3268.

# FGMRES residual history
# Residual tolerance target = 1e-10
# Initial residual norm     = 7.14889e-08
     0     1
# FGMRES final (true) residual:
# Iteration = 4: |res|/|res0| = 3.84461e-12.

Computing volumes of the grid elements.
Non-linear iter.: 210/500. Linear iter.: 4. Min. area: 0.00014596. Error: 3.84461e-12.
Computing volumes of the grid elements.
Min. volume: 0.00014596, max. volume: 36.3266.

# FGMRES residual history
# Residual tolerance target = 1e-10
# Initial residual norm     = 7.11767e-08
     0     1
# FGMRES final (true) residual:
# Iteration = 4: |res|/|res0| = 4.03674e-12.

Computing volumes of the grid elements.
Non-linear iter.: 211/500. Linear iter.: 4. Min. area: 0.000145956. Error: 4.03674e-12.
Computing volumes of the grid elements.
Min. volume: 0.000145956, max. volume: 36.3265.

# FGMRES residual history
# Residual tolerance target = 1e-10
# Initial residual norm     = 7.0868e-08
     0     1
# FGMRES final (true) residual:
# Iteration = 4: |res|/|res0| = 4.23864e-12.

Computing volumes of the grid elements.
Non-linear iter.: 212/500. Linear iter.: 4. Min. area: 0.000145953. Error: 4.23864e-12.
Computing volumes of the grid elements.
Min. volume: 0.000145953, max. volume: 36.3263.

# FGMRES residual history
# Residual tolerance target = 1e-10
# Initial residual norm     = 7.05627e-08
     0     1
# FGMRES final (true) residual:
# Iteration = 4: |res|/|res0| = 4.44848e-12.

Computing volumes of the grid elements.
Non-linear iter.: 213/500. Linear iter.: 4. Min. area: 0.00014595. Error: 4.44848e-12.
Computing volumes of the grid elements.
Min. volume: 0.00014595, max. volume: 36.3261.

# FGMRES residual history
# Residual tolerance target = 1e-10
# Initial residual norm     = 7.0261e-08
     0     1
# FGMRES final (true) residual:
# Iteration = 4: |res|/|res0| = 4.66473e-12.

Computing volumes of the grid elements.
Non-linear iter.: 214/500. Linear iter.: 4. Min. area: 0.000145946. Error: 4.66473e-12.
Computing volumes of the grid elements.
Min. volume: 0.000145946, max. volume: 36.326.

# FGMRES residual history
# Residual tolerance target = 1e-10
# Initial residual norm     = 6.99628e-08
     0     1
# FGMRES final (true) residual:
# Iteration = 4: |res|/|res0| = 4.88612e-12.

Computing volumes of the grid elements.
Non-linear iter.: 215/500. Linear iter.: 4. Min. area: 0.000145943. Error: 4.88612e-12.
Computing volumes of the grid elements.
Min. volume: 0.000145943, max. volume: 36.3258.

# FGMRES residual history
# Residual tolerance target = 1e-10
# Initial residual norm     = 6.96682e-08
     0     1
# FGMRES final (true) residual:
# Iteration = 4: |res|/|res0| = 5.11155e-12.

Computing volumes of the grid elements.
Non-linear iter.: 216/500. Linear iter.: 4. Min. area: 0.00014594. Error: 5.11155e-12.
Computing volumes of the grid elements.
Min. volume: 0.00014594, max. volume: 36.3257.

# FGMRES residual history
# Residual tolerance target = 1e-10
# Initial residual norm     = 6.93772e-08
     0     1
# FGMRES final (true) residual:
# Iteration = 4: |res|/|res0| = 5.34013e-12.

Computing volumes of the grid elements.
Non-linear iter.: 217/500. Linear iter.: 4. Min. area: 0.000145936. Error: 5.34013e-12.
Computing volumes of the grid elements.
Min. volume: 0.000145936, max. volume: 36.3255.

# FGMRES residual history
# Residual tolerance target = 1e-10
# Initial residual norm     = 6.90897e-08
     0     1
# FGMRES final (true) residual:
# Iteration = 4: |res|/|res0| = 5.5711e-12.

Computing volumes of the grid elements.
Non-linear iter.: 218/500. Linear iter.: 4. Min. area: 0.000145933. Error: 5.5711e-12.
Computing volumes of the grid elements.
Min. volume: 0.000145933, max. volume: 36.3254.

# FGMRES residual history
# Residual tolerance target = 1e-10
# Initial residual norm     = 6.8806e-08
     0     1
# FGMRES final (true) residual:
# Iteration = 4: |res|/|res0| = 5.80381e-12.

Computing volumes of the grid elements.
Non-linear iter.: 219/500. Linear iter.: 4. Min. area: 0.00014593. Error: 5.80381e-12.
Computing volumes of the grid elements.
Min. volume: 0.00014593, max. volume: 36.3252.

# FGMRES residual history
# Residual tolerance target = 1e-10
# Initial residual norm     = 6.85258e-08
     0     1
# FGMRES final (true) residual:
# Iteration = 4: |res|/|res0| = 6.03773e-12.

Computing volumes of the grid elements.
Non-linear iter.: 220/500. Linear iter.: 4. Min. area: 0.000145926. Error: 6.03773e-12.
Computing volumes of the grid elements.
Min. volume: 0.000145926, max. volume: 36.3251.

# FGMRES residual history
# Residual tolerance target = 1e-10
# Initial residual norm     = 6.82494e-08
     0     1
# FGMRES final (true) residual:
# Iteration = 4: |res|/|res0| = 6.27239e-12.

Computing volumes of the grid elements.
Non-linear iter.: 221/500. Linear iter.: 4. Min. area: 0.000145923. Error: 6.27239e-12.
Computing volumes of the grid elements.
Min. volume: 0.000145923, max. volume: 36.3249.

# FGMRES residual history
# Residual tolerance target = 1e-10
# Initial residual norm     = 6.79767e-08
     0     1
# FGMRES final (true) residual:
# Iteration = 4: |res|/|res0| = 6.5074e-12.

Computing volumes of the grid elements.
Non-linear iter.: 222/500. Linear iter.: 4. Min. area: 0.00014592. Error: 6.5074e-12.
Computing volumes of the grid elements.
Min. volume: 0.00014592, max. volume: 36.3248.

# FGMRES residual history
# Residual tolerance target = 1e-10
# Initial residual norm     = 6.77077e-08
     0     1
# FGMRES final (true) residual:
# Iteration = 4: |res|/|res0| = 6.74243e-12.

Computing volumes of the grid elements.
Non-linear iter.: 223/500. Linear iter.: 4. Min. area: 0.000145916. Error: 6.74243e-12.
Computing volumes of the grid elements.
Min. volume: 0.000145916, max. volume: 36.3247.

# FGMRES residual history
# Residual tolerance target = 1e-10
# Initial residual norm     = 6.74425e-08
     0     1
# FGMRES final (true) residual:
# Iteration = 4: |res|/|res0| = 6.9772e-12.

Computing volumes of the grid elements.
Non-linear iter.: 224/500. Linear iter.: 4. Min. area: 0.000145913. Error: 6.9772e-12.
Computing volumes of the grid elements.
Min. volume: 0.000145913, max. volume: 36.3245.

# FGMRES residual history
# Residual tolerance target = 1e-10
# Initial residual norm     = 6.71811e-08
     0     1
# FGMRES final (true) residual:
# Iteration = 4: |res|/|res0| = 7.21145e-12.

Computing volumes of the grid elements.
Non-linear iter.: 225/500. Linear iter.: 4. Min. area: 0.00014591. Error: 7.21145e-12.
Computing volumes of the grid elements.
Min. volume: 0.00014591, max. volume: 36.3244.

# FGMRES residual history
# Residual tolerance target = 1e-10
# Initial residual norm     = 6.69235e-08
     0     1
# FGMRES final (true) residual:
# Iteration = 4: |res|/|res0| = 7.44497e-12.

Computing volumes of the grid elements.
Non-linear iter.: 226/500. Linear iter.: 4. Min. area: 0.000145906. Error: 7.44497e-12.
Computing volumes of the grid elements.
Min. volume: 0.000145906, max. volume: 36.3242.

# FGMRES residual history
# Residual tolerance target = 1e-10
# Initial residual norm     = 6.66697e-08
     0     1
# FGMRES final (true) residual:
# Iteration = 4: |res|/|res0| = 7.67757e-12.

Computing volumes of the grid elements.
Non-linear iter.: 227/500. Linear iter.: 4. Min. area: 0.000145903. Error: 7.67757e-12.
Computing volumes of the grid elements.
Min. volume: 0.000145903, max. volume: 36.3241.

# FGMRES residual history
# Residual tolerance target = 1e-10
# Initial residual norm     = 6.64199e-08
     0     1
# FGMRES final (true) residual:
# Iteration = 4: |res|/|res0| = 7.90909e-12.

Computing volumes of the grid elements.
Non-linear iter.: 228/500. Linear iter.: 4. Min. area: 0.0001459. Error: 7.90909e-12.
Computing volumes of the grid elements.
Min. volume: 0.0001459, max. volume: 36.324.

# FGMRES residual history
# Residual tolerance target = 1e-10
# Initial residual norm     = 6.61739e-08
     0     1
# FGMRES final (true) residual:
# Iteration = 4: |res|/|res0| = 8.13939e-12.

Computing volumes of the grid elements.
Non-linear iter.: 229/500. Linear iter.: 4. Min. area: 0.000145896. Error: 8.13939e-12.
Computing volumes of the grid elements.
Min. volume: 0.000145896, max. volume: 36.3238.

# FGMRES residual history
# Residual tolerance target = 1e-10
# Initial residual norm     = 6.59318e-08
     0     1
# FGMRES final (true) residual:
# Iteration = 4: |res|/|res0| = 8.36833e-12.

Computing volumes of the grid elements.
Non-linear iter.: 230/500. Linear iter.: 4. Min. area: 0.000145893. Error: 8.36833e-12.
Computing volumes of the grid elements.
Min. volume: 0.000145893, max. volume: 36.3237.

# FGMRES residual history
# Residual tolerance target = 1e-10
# Initial residual norm     = 6.56937e-08
     0     1
# FGMRES final (true) residual:
# Iteration = 4: |res|/|res0| = 8.59582e-12.

Computing volumes of the grid elements.
Non-linear iter.: 231/500. Linear iter.: 4. Min. area: 0.00014589. Error: 8.59582e-12.
Computing volumes of the grid elements.
Min. volume: 0.00014589, max. volume: 36.3235.

# FGMRES residual history
# Residual tolerance target = 1e-10
# Initial residual norm     = 6.54596e-08
     0     1
# FGMRES final (true) residual:
# Iteration = 4: |res|/|res0| = 8.82174e-12.

Computing volumes of the grid elements.
Non-linear iter.: 232/500. Linear iter.: 4. Min. area: 0.000145887. Error: 8.82174e-12.
Computing volumes of the grid elements.
Min. volume: 0.000145887, max. volume: 36.3234.

# FGMRES residual history
# Residual tolerance target = 1e-10
# Initial residual norm     = 6.52295e-08
     0     1
# FGMRES final (true) residual:
# Iteration = 4: |res|/|res0| = 9.04602e-12.

Computing volumes of the grid elements.
Non-linear iter.: 233/500. Linear iter.: 4. Min. area: 0.000145883. Error: 9.04602e-12.
Computing volumes of the grid elements.
Min. volume: 0.000145883, max. volume: 36.3233.

# FGMRES residual history
# Residual tolerance target = 1e-10
# Initial residual norm     = 6.50035e-08
     0     1
# FGMRES final (true) residual:
# Iteration = 4: |res|/|res0| = 9.26857e-12.

Computing volumes of the grid elements.
Non-linear iter.: 234/500. Linear iter.: 4. Min. area: 0.00014588. Error: 9.26857e-12.
Computing volumes of the grid elements.
Min. volume: 0.00014588, max. volume: 36.3232.

# FGMRES residual history
# Residual tolerance target = 1e-10
# Initial residual norm     = 6.47815e-08
     0     1
# FGMRES final (true) residual:
# Iteration = 4: |res|/|res0| = 9.48932e-12.

Computing volumes of the grid elements.
Non-linear iter.: 235/500. Linear iter.: 4. Min. area: 0.000145877. Error: 9.48932e-12.
Computing volumes of the grid elements.
Min. volume: 0.000145877, max. volume: 36.323.

# FGMRES residual history
# Residual tolerance target = 1e-10
# Initial residual norm     = 6.45636e-08
     0     1
# FGMRES final (true) residual:
# Iteration = 4: |res|/|res0| = 9.70821e-12.

Computing volumes of the grid elements.
Non-linear iter.: 236/500. Linear iter.: 4. Min. area: 0.000145873. Error: 9.70821e-12.
Computing volumes of the grid elements.
Min. volume: 0.000145873, max. volume: 36.3229.

# FGMRES residual history
# Residual tolerance target = 1e-10
# Initial residual norm     = 6.43498e-08
     0     1
# FGMRES final (true) residual:
# Iteration = 4: |res|/|res0| = 9.92518e-12.

Computing volumes of the grid elements.
Non-linear iter.: 237/500. Linear iter.: 4. Min. area: 0.00014587. Error: 9.92518e-12.
Computing volumes of the grid elements.
Min. volume: 0.00014587, max. volume: 36.3228.

# FGMRES residual history
# Residual tolerance target = 1e-10
# Initial residual norm     = 6.41402e-08
     0     1
# FGMRES final (true) residual:
# Iteration = 4: |res|/|res0| = 1.01402e-11.

Computing volumes of the grid elements.
Non-linear iter.: 238/500. Linear iter.: 4. Min. area: 0.000145867. Error: 1.01402e-11.
Computing volumes of the grid elements.
Min. volume: 0.000145867, max. volume: 36.3226.

# FGMRES residual history
# Residual tolerance target = 1e-10
# Initial residual norm     = 6.39348e-08
     0     1
# FGMRES final (true) residual:
# Iteration = 4: |res|/|res0| = 1.03532e-11.

Computing volumes of the grid elements.
Non-linear iter.: 239/500. Linear iter.: 4. Min. area: 0.000145863. Error: 1.03532e-11.
Computing volumes of the grid elements.
Min. volume: 0.000145863, max. volume: 36.3225.

# FGMRES residual history
# Residual tolerance target = 1e-10
# Initial residual norm     = 6.37336e-08
     0     1
# FGMRES final (true) residual:
# Iteration = 4: |res|/|res0| = 1.05641e-11.

Computing volumes of the grid elements.
Non-linear iter.: 240/500. Linear iter.: 4. Min. area: 0.00014586. Error: 1.05641e-11.
Computing volumes of the grid elements.
Min. volume: 0.00014586, max. volume: 36.3224.

# FGMRES residual history
# Residual tolerance target = 1e-10
# Initial residual norm     = 6.35366e-08
     0     1
# FGMRES final (true) residual:
# Iteration = 4: |res|/|res0| = 1.07729e-11.

Computing volumes of the grid elements.
Non-linear iter.: 241/500. Linear iter.: 4. Min. area: 0.000145857. Error: 1.07729e-11.
Computing volumes of the grid elements.
Min. volume: 0.000145857, max. volume: 36.3223.

# FGMRES residual history
# Residual tolerance target = 1e-10
# Initial residual norm     = 6.33439e-08
     0     1
# FGMRES final (true) residual:
# Iteration = 4: |res|/|res0| = 1.09797e-11.

Computing volumes of the grid elements.
Non-linear iter.: 242/500. Linear iter.: 4. Min. area: 0.000145853. Error: 1.09797e-11.
Computing volumes of the grid elements.
Min. volume: 0.000145853, max. volume: 36.3222.

# FGMRES residual history
# Residual tolerance target = 1e-10
# Initial residual norm     = 6.31555e-08
     0     1
# FGMRES final (true) residual:
# Iteration = 4: |res|/|res0| = 1.11842e-11.

Computing volumes of the grid elements.
Non-linear iter.: 243/500. Linear iter.: 4. Min. area: 0.00014585. Error: 1.11842e-11.
Computing volumes of the grid elements.
Min. volume: 0.00014585, max. volume: 36.322.

# FGMRES residual history
# Residual tolerance target = 1e-10
# Initial residual norm     = 6.29715e-08
     0     1
# FGMRES final (true) residual:
# Iteration = 4: |res|/|res0| = 1.13866e-11.

Computing volumes of the grid elements.
Non-linear iter.: 244/500. Linear iter.: 4. Min. area: 0.000145847. Error: 1.13866e-11.
Computing volumes of the grid elements.
Min. volume: 0.000145847, max. volume: 36.3219.

# FGMRES residual history
# Residual tolerance target = 1e-10
# Initial residual norm     = 6.27918e-08
     0     1
# FGMRES final (true) residual:
# Iteration = 4: |res|/|res0| = 1.15868e-11.

Computing volumes of the grid elements.
Non-linear iter.: 245/500. Linear iter.: 4. Min. area: 0.000145844. Error: 1.15868e-11.
Computing volumes of the grid elements.
Min. volume: 0.000145844, max. volume: 36.3218.

# FGMRES residual history
# Residual tolerance target = 1e-10
# Initial residual norm     = 6.26164e-08
     0     1
# FGMRES final (true) residual:
# Iteration = 4: |res|/|res0| = 1.17848e-11.

Computing volumes of the grid elements.
Non-linear iter.: 246/500. Linear iter.: 4. Min. area: 0.00014584. Error: 1.17848e-11.
Computing volumes of the grid elements.
Min. volume: 0.00014584, max. volume: 36.3217.

# FGMRES residual history
# Residual tolerance target = 1e-10
# Initial residual norm     = 6.24455e-08
     0     1
# FGMRES final (true) residual:
# Iteration = 4: |res|/|res0| = 1.19806e-11.

Computing volumes of the grid elements.
Non-linear iter.: 247/500. Linear iter.: 4. Min. area: 0.000145837. Error: 1.19806e-11.
Computing volumes of the grid elements.
Min. volume: 0.000145837, max. volume: 36.3216.

# FGMRES residual history
# Residual tolerance target = 1e-10
# Initial residual norm     = 6.22791e-08
     0     1
# FGMRES final (true) residual:
# Iteration = 4: |res|/|res0| = 1.21741e-11.

Computing volumes of the grid elements.
Non-linear iter.: 248/500. Linear iter.: 4. Min. area: 0.000145834. Error: 1.21741e-11.
Computing volumes of the grid elements.
Min. volume: 0.000145834, max. volume: 36.3214.

# FGMRES residual history
# Residual tolerance target = 1e-10
# Initial residual norm     = 6.21171e-08
     0     1
# FGMRES final (true) residual:
# Iteration = 4: |res|/|res0| = 1.23654e-11.

Computing volumes of the grid elements.
Non-linear iter.: 249/500. Linear iter.: 4. Min. area: 0.00014583. Error: 1.23654e-11.
Computing volumes of the grid elements.
Min. volume: 0.00014583, max. volume: 36.3213.

# FGMRES residual history
# Residual tolerance target = 1e-10
# Initial residual norm     = 6.19596e-08
     0     1
# FGMRES final (true) residual:
# Iteration = 4: |res|/|res0| = 1.25544e-11.

Computing volumes of the grid elements.
Non-linear iter.: 250/500. Linear iter.: 4. Min. area: 0.000145827. Error: 1.25544e-11.
Computing volumes of the grid elements.
Min. volume: 0.000145827, max. volume: 36.3212.

# FGMRES residual history
# Residual tolerance target = 1e-10
# Initial residual norm     = 6.18067e-08
     0     1
# FGMRES final (true) residual:
# Iteration = 4: |res|/|res0| = 1.27411e-11.

Computing volumes of the grid elements.
Non-linear iter.: 251/500. Linear iter.: 4. Min. area: 0.000145824. Error: 1.27411e-11.
Computing volumes of the grid elements.
Min. volume: 0.000145824, max. volume: 36.3211.

# FGMRES residual history
# Residual tolerance target = 1e-10
# Initial residual norm     = 6.16583e-08
     0     1
# FGMRES final (true) residual:
# Iteration = 4: |res|/|res0| = 1.29256e-11.

Computing volumes of the grid elements.
Non-linear iter.: 252/500. Linear iter.: 4. Min. area: 0.00014582. Error: 1.29256e-11.
Computing volumes of the grid elements.
Min. volume: 0.00014582, max. volume: 36.321.

# FGMRES residual history
# Residual tolerance target = 1e-10
# Initial residual norm     = 6.15145e-08
     0     1
# FGMRES final (true) residual:
# Iteration = 4: |res|/|res0| = 1.31079e-11.

Computing volumes of the grid elements.
Non-linear iter.: 253/500. Linear iter.: 4. Min. area: 0.000145817. Error: 1.31079e-11.
Computing volumes of the grid elements.
Min. volume: 0.000145817, max. volume: 36.3209.

# FGMRES residual history
# Residual tolerance target = 1e-10
# Initial residual norm     = 6.13753e-08
     0     1
# FGMRES final (true) residual:
# Iteration = 4: |res|/|res0| = 1.32879e-11.

Computing volumes of the grid elements.
Non-linear iter.: 254/500. Linear iter.: 4. Min. area: 0.000145814. Error: 1.32879e-11.
Computing volumes of the grid elements.
Min. volume: 0.000145814, max. volume: 36.3208.

# FGMRES residual history
# Residual tolerance target = 1e-10
# Initial residual norm     = 6.12407e-08
     0     1
# FGMRES final (true) residual:
# Iteration = 4: |res|/|res0| = 1.34657e-11.

Computing volumes of the grid elements.
Non-linear iter.: 255/500. Linear iter.: 4. Min. area: 0.000145811. Error: 1.34657e-11.
Computing volumes of the grid elements.
Min. volume: 0.000145811, max. volume: 36.3207.

# FGMRES residual history
# Residual tolerance target = 1e-10
# Initial residual norm     = 6.11108e-08
     0     1
# FGMRES final (true) residual:
# Iteration = 4: |res|/|res0| = 1.36413e-11.

Computing volumes of the grid elements.
Non-linear iter.: 256/500. Linear iter.: 4. Min. area: 0.000145807. Error: 1.36413e-11.
Computing volumes of the grid elements.
Min. volume: 0.000145807, max. volume: 36.3206.

# FGMRES residual history
# Residual tolerance target = 1e-10
# Initial residual norm     = 6.09857e-08
     0     1
# FGMRES final (true) residual:
# Iteration = 4: |res|/|res0| = 1.38147e-11.

Computing volumes of the grid elements.
Non-linear iter.: 257/500. Linear iter.: 4. Min. area: 0.000145804. Error: 1.38147e-11.
Computing volumes of the grid elements.
Min. volume: 0.000145804, max. volume: 36.3205.

# FGMRES residual history
# Residual tolerance target = 1e-10
# Initial residual norm     = 6.08652e-08
     0     1
# FGMRES final (true) residual:
# Iteration = 4: |res|/|res0| = 1.3986e-11.

Computing volumes of the grid elements.
Non-linear iter.: 258/500. Linear iter.: 4. Min. area: 0.000145801. Error: 1.3986e-11.
Computing volumes of the grid elements.
Min. volume: 0.000145801, max. volume: 36.3204.

# FGMRES residual history
# Residual tolerance target = 1e-10
# Initial residual norm     = 6.07495e-08
     0     1
# FGMRES final (true) residual:
# Iteration = 4: |res|/|res0| = 1.41551e-11.

Computing volumes of the grid elements.
Non-linear iter.: 259/500. Linear iter.: 4. Min. area: 0.000145797. Error: 1.41551e-11.
Computing volumes of the grid elements.
Min. volume: 0.000145797, max. volume: 36.3203.

# FGMRES residual history
# Residual tolerance target = 1e-10
# Initial residual norm     = 6.06385e-08
     0     1
# FGMRES final (true) residual:
# Iteration = 4: |res|/|res0| = 1.43221e-11.

Computing volumes of the grid elements.
Non-linear iter.: 260/500. Linear iter.: 4. Min. area: 0.000145794. Error: 1.43221e-11.
Computing volumes of the grid elements.
Min. volume: 0.000145794, max. volume: 36.3202.

# FGMRES residual history
# Residual tolerance target = 1e-10
# Initial residual norm     = 6.05324e-08
     0     1
# FGMRES final (true) residual:
# Iteration = 4: |res|/|res0| = 1.44871e-11.

Computing volumes of the grid elements.
Non-linear iter.: 261/500. Linear iter.: 4. Min. area: 0.000145791. Error: 1.44871e-11.
Computing volumes of the grid elements.
Min. volume: 0.000145791, max. volume: 36.3201.

# FGMRES residual history
# Residual tolerance target = 1e-10
# Initial residual norm     = 6.0431e-08
     0     1
# FGMRES final (true) residual:
# Iteration = 4: |res|/|res0| = 1.46501e-11.

Computing volumes of the grid elements.
Non-linear iter.: 262/500. Linear iter.: 4. Min. area: 0.000145788. Error: 1.46501e-11.
Computing volumes of the grid elements.
Min. volume: 0.000145788, max. volume: 36.32.

# FGMRES residual history
# Residual tolerance target = 1e-10
# Initial residual norm     = 6.03346e-08
     0     1
# FGMRES final (true) residual:
# Iteration = 4: |res|/|res0| = 1.48111e-11.

Computing volumes of the grid elements.
Non-linear iter.: 263/500. Linear iter.: 4. Min. area: 0.000145784. Error: 1.48111e-11.
Computing volumes of the grid elements.
Min. volume: 0.000145784, max. volume: 36.3199.

# FGMRES residual history
# Residual tolerance target = 1e-10
# Initial residual norm     = 6.02429e-08
     0     1
# FGMRES final (true) residual:
# Iteration = 4: |res|/|res0| = 1.49702e-11.

Computing volumes of the grid elements.
Non-linear iter.: 264/500. Linear iter.: 4. Min. area: 0.000145781. Error: 1.49702e-11.
Computing volumes of the grid elements.
Min. volume: 0.000145781, max. volume: 36.3198.

# FGMRES residual history
# Residual tolerance target = 1e-10
# Initial residual norm     = 6.01562e-08
     0     1
# FGMRES final (true) residual:
# Iteration = 4: |res|/|res0| = 1.51274e-11.

Computing volumes of the grid elements.
Non-linear iter.: 265/500. Linear iter.: 4. Min. area: 0.000145778. Error: 1.51274e-11.
Computing volumes of the grid elements.
Min. volume: 0.000145778, max. volume: 36.3197.

# FGMRES residual history
# Residual tolerance target = 1e-10
# Initial residual norm     = 6.00744e-08
     0     1
# FGMRES final (true) residual:
# Iteration = 4: |res|/|res0| = 1.52829e-11.

Computing volumes of the grid elements.
Non-linear iter.: 266/500. Linear iter.: 4. Min. area: 0.000145774. Error: 1.52829e-11.
Computing volumes of the grid elements.
Min. volume: 0.000145774, max. volume: 36.3196.

# FGMRES residual history
# Residual tolerance target = 1e-10
# Initial residual norm     = 5.99976e-08
     0     1
# FGMRES final (true) residual:
# Iteration = 4: |res|/|res0| = 1.54367e-11.

Computing volumes of the grid elements.
Non-linear iter.: 267/500. Linear iter.: 4. Min. area: 0.000145771. Error: 1.54367e-11.
Computing volumes of the grid elements.
Min. volume: 0.000145771, max. volume: 36.3195.

# FGMRES residual history
# Residual tolerance target = 1e-10
# Initial residual norm     = 5.99256e-08
     0     1
# FGMRES final (true) residual:
# Iteration = 4: |res|/|res0| = 1.55888e-11.

Computing volumes of the grid elements.
Non-linear iter.: 268/500. Linear iter.: 4. Min. area: 0.000145768. Error: 1.55888e-11.
Computing volumes of the grid elements.
Min. volume: 0.000145768, max. volume: 36.3194.

# FGMRES residual history
# Residual tolerance target = 1e-10
# Initial residual norm     = 5.98587e-08
     0     1
# FGMRES final (true) residual:
# Iteration = 4: |res|/|res0| = 1.57394e-11.

Computing volumes of the grid elements.
Non-linear iter.: 269/500. Linear iter.: 4. Min. area: 0.000145765. Error: 1.57394e-11.
Computing volumes of the grid elements.
Min. volume: 0.000145765, max. volume: 36.3193.

# FGMRES residual history
# Residual tolerance target = 1e-10
# Initial residual norm     = 5.97968e-08
     0     1
# FGMRES final (true) residual:
# Iteration = 4: |res|/|res0| = 1.58885e-11.

Computing volumes of the grid elements.
Non-linear iter.: 270/500. Linear iter.: 4. Min. area: 0.000145761. Error: 1.58885e-11.
Computing volumes of the grid elements.
Min. volume: 0.000145761, max. volume: 36.3192.

# FGMRES residual history
# Residual tolerance target = 1e-10
# Initial residual norm     = 5.97399e-08
     0     1
# FGMRES final (true) residual:
# Iteration = 4: |res|/|res0| = 1.60363e-11.

Computing volumes of the grid elements.
Non-linear iter.: 271/500. Linear iter.: 4. Min. area: 0.000145758. Error: 1.60363e-11.
Computing volumes of the grid elements.
Min. volume: 0.000145758, max. volume: 36.3191.

# FGMRES residual history
# Residual tolerance target = 1e-10
# Initial residual norm     = 5.9688e-08
     0     1
# FGMRES final (true) residual:
# Iteration = 4: |res|/|res0| = 1.61828e-11.

Computing volumes of the grid elements.
Non-linear iter.: 272/500. Linear iter.: 4. Min. area: 0.000145755. Error: 1.61828e-11.
Computing volumes of the grid elements.
Min. volume: 0.000145755, max. volume: 36.3191.

# FGMRES residual history
# Residual tolerance target = 1e-10
# Initial residual norm     = 5.96412e-08
     0     1
# FGMRES final (true) residual:
# Iteration = 4: |res|/|res0| = 1.63281e-11.

Computing volumes of the grid elements.
Non-linear iter.: 273/500. Linear iter.: 4. Min. area: 0.000145751. Error: 1.63281e-11.
Computing volumes of the grid elements.
Min. volume: 0.000145751, max. volume: 36.319.

# FGMRES residual history
# Residual tolerance target = 1e-10
# Initial residual norm     = 5.95995e-08
     0     1
# FGMRES final (true) residual:
# Iteration = 4: |res|/|res0| = 1.64725e-11.

Computing volumes of the grid elements.
Non-linear iter.: 274/500. Linear iter.: 4. Min. area: 0.000145748. Error: 1.64725e-11.
Computing volumes of the grid elements.
Min. volume: 0.000145748, max. volume: 36.3189.

# FGMRES residual history
# Residual tolerance target = 1e-10
# Initial residual norm     = 5.95628e-08
     0     1
# FGMRES final (true) residual:
# Iteration = 4: |res|/|res0| = 1.66159e-11.

Computing volumes of the grid elements.
Non-linear iter.: 275/500. Linear iter.: 4. Min. area: 0.000145745. Error: 1.66159e-11.
Computing volumes of the grid elements.
Min. volume: 0.000145745, max. volume: 36.3188.

# FGMRES residual history
# Residual tolerance target = 1e-10
# Initial residual norm     = 5.95313e-08
     0     1
# FGMRES final (true) residual:
# Iteration = 4: |res|/|res0| = 1.67585e-11.

Computing volumes of the grid elements.
Non-linear iter.: 276/500. Linear iter.: 4. Min. area: 0.000145742. Error: 1.67585e-11.
Computing volumes of the grid elements.
Min. volume: 0.000145742, max. volume: 36.3187.

# FGMRES residual history
# Residual tolerance target = 1e-10
# Initial residual norm     = 5.95049e-08
     0     1
# FGMRES final (true) residual:
# Iteration = 4: |res|/|res0| = 1.69004e-11.

Computing volumes of the grid elements.
Non-linear iter.: 277/500. Linear iter.: 4. Min. area: 0.000145738. Error: 1.69004e-11.
Computing volumes of the grid elements.
Min. volume: 0.000145738, max. volume: 36.3186.

# FGMRES residual history
# Residual tolerance target = 1e-10
# Initial residual norm     = 5.94836e-08
     0     1
# FGMRES final (true) residual:
# Iteration = 4: |res|/|res0| = 1.70419e-11.

Computing volumes of the grid elements.
Non-linear iter.: 278/500. Linear iter.: 4. Min. area: 0.000145735. Error: 1.70419e-11.
Computing volumes of the grid elements.
Min. volume: 0.000145735, max. volume: 36.3186.

# FGMRES residual history
# Residual tolerance target = 1e-10
# Initial residual norm     = 5.94675e-08
     0     1
# FGMRES final (true) residual:
# Iteration = 4: |res|/|res0| = 1.71829e-11.

Computing volumes of the grid elements.
Non-linear iter.: 279/500. Linear iter.: 4. Min. area: 0.000145732. Error: 1.71829e-11.
Computing volumes of the grid elements.
Min. volume: 0.000145732, max. volume: 36.3185.

# FGMRES residual history
# Residual tolerance target = 1e-10
# Initial residual norm     = 5.94566e-08
     0     1
# FGMRES final (true) residual:
# Iteration = 4: |res|/|res0| = 1.73238e-11.

Computing volumes of the grid elements.
Non-linear iter.: 280/500. Linear iter.: 4. Min. area: 0.000145728. Error: 1.73238e-11.
Computing volumes of the grid elements.
Min. volume: 0.000145728, max. volume: 36.3184.

# FGMRES residual history
# Residual tolerance target = 1e-10
# Initial residual norm     = 5.94508e-08
     0     1
# FGMRES final (true) residual:
# Iteration = 4: |res|/|res0| = 1.74645e-11.

Computing volumes of the grid elements.
Non-linear iter.: 281/500. Linear iter.: 4. Min. area: 0.000145725. Error: 1.74645e-11.
Computing volumes of the grid elements.
Min. volume: 0.000145725, max. volume: 36.3183.

# FGMRES residual history
# Residual tolerance target = 1e-10
# Initial residual norm     = 5.94502e-08
     0     1
# FGMRES final (true) residual:
# Iteration = 4: |res|/|res0| = 1.76054e-11.

Computing volumes of the grid elements.
Non-linear iter.: 282/500. Linear iter.: 4. Min. area: 0.000145722. Error: 1.76054e-11.
Computing volumes of the grid elements.
Min. volume: 0.000145722, max. volume: 36.3183.

# FGMRES residual history
# Residual tolerance target = 1e-10
# Initial residual norm     = 5.94548e-08
     0     1
# FGMRES final (true) residual:
# Iteration = 4: |res|/|res0| = 1.77465e-11.

Computing volumes of the grid elements.
Non-linear iter.: 283/500. Linear iter.: 4. Min. area: 0.000145719. Error: 1.77465e-11.
Computing volumes of the grid elements.
Min. volume: 0.000145719, max. volume: 36.3182.

# FGMRES residual history
# Residual tolerance target = 1e-10
# Initial residual norm     = 5.94647e-08
     0     1
# FGMRES final (true) residual:
# Iteration = 4: |res|/|res0| = 1.7888e-11.

Computing volumes of the grid elements.
Non-linear iter.: 284/500. Linear iter.: 4. Min. area: 0.000145715. Error: 1.7888e-11.
Computing volumes of the grid elements.
Min. volume: 0.000145715, max. volume: 36.3181.

# FGMRES residual history
# Residual tolerance target = 1e-10
# Initial residual norm     = 5.94797e-08
     0     1
# FGMRES final (true) residual:
# Iteration = 4: |res|/|res0| = 1.803e-11.

Computing volumes of the grid elements.
Non-linear iter.: 285/500. Linear iter.: 4. Min. area: 0.000145712. Error: 1.803e-11.
Computing volumes of the grid elements.
Min. volume: 0.000145712, max. volume: 36.3181.

# FGMRES residual history
# Residual tolerance target = 1e-10
# Initial residual norm     = 5.95e-08
     0     1
# FGMRES final (true) residual:
# Iteration = 4: |res|/|res0| = 1.81728e-11.

Computing volumes of the grid elements.
Non-linear iter.: 286/500. Linear iter.: 4. Min. area: 0.000145709. Error: 1.81728e-11.
Computing volumes of the grid elements.
Min. volume: 0.000145709, max. volume: 36.318.

# FGMRES residual history
# Residual tolerance target = 1e-10
# Initial residual norm     = 5.95255e-08
     0     1
# FGMRES final (true) residual:
# Iteration = 4: |res|/|res0| = 1.83165e-11.

Computing volumes of the grid elements.
Non-linear iter.: 287/500. Linear iter.: 4. Min. area: 0.000145706. Error: 1.83165e-11.
Computing volumes of the grid elements.
Min. volume: 0.000145706, max. volume: 36.3179.

# FGMRES residual history
# Residual tolerance target = 1e-10
# Initial residual norm     = 5.95562e-08
     0     1
# FGMRES final (true) residual:
# Iteration = 4: |res|/|res0| = 1.84612e-11.

Computing volumes of the grid elements.
Non-linear iter.: 288/500. Linear iter.: 4. Min. area: 0.000145702. Error: 1.84612e-11.
Computing volumes of the grid elements.
Min. volume: 0.000145702, max. volume: 36.3178.

# FGMRES residual history
# Residual tolerance target = 1e-10
# Initial residual norm     = 5.95922e-08
     0     1
# FGMRES final (true) residual:
# Iteration = 4: |res|/|res0| = 1.86071e-11.

Computing volumes of the grid elements.
Non-linear iter.: 289/500. Linear iter.: 4. Min. area: 0.000145699. Error: 1.86071e-11.
Computing volumes of the grid elements.
Min. volume: 0.000145699, max. volume: 36.3178.

# FGMRES residual history
# Residual tolerance target = 1e-10
# Initial residual norm     = 5.96335e-08
     0     1
# FGMRES final (true) residual:
# Iteration = 4: |res|/|res0| = 1.87544e-11.

Computing volumes of the grid elements.
Non-linear iter.: 290/500. Linear iter.: 4. Min. area: 0.000145696. Error: 1.87544e-11.
Computing volumes of the grid elements.
Min. volume: 0.000145696, max. volume: 36.3177.

# FGMRES residual history
# Residual tolerance target = 1e-10
# Initial residual norm     = 5.968e-08
     0     1
# FGMRES final (true) residual:
# Iteration = 4: |res|/|res0| = 1.89032e-11.

Computing volumes of the grid elements.
Non-linear iter.: 291/500. Linear iter.: 4. Min. area: 0.000145693. Error: 1.89032e-11.
Computing volumes of the grid elements.
Min. volume: 0.000145693, max. volume: 36.3177.

# FGMRES residual history
# Residual tolerance target = 1e-10
# Initial residual norm     = 5.97318e-08
     0     1
# FGMRES final (true) residual:
# Iteration = 4: |res|/|res0| = 1.90537e-11.

Computing volumes of the grid elements.
Non-linear iter.: 292/500. Linear iter.: 4. Min. area: 0.000145689. Error: 1.90537e-11.
Computing volumes of the grid elements.
Min. volume: 0.000145689, max. volume: 36.3176.

# FGMRES residual history
# Residual tolerance target = 1e-10
# Initial residual norm     = 5.97888e-08
     0     1
# FGMRES final (true) residual:
# Iteration = 4: |res|/|res0| = 1.92059e-11.

Computing volumes of the grid elements.
Non-linear iter.: 293/500. Linear iter.: 4. Min. area: 0.000145686. Error: 1.92059e-11.
Computing volumes of the grid elements.
Min. volume: 0.000145686, max. volume: 36.3175.

# FGMRES residual history
# Residual tolerance target = 1e-10
# Initial residual norm     = 5.98511e-08
     0     1
# FGMRES final (true) residual:
# Iteration = 4: |res|/|res0| = 1.936e-11.

Computing volumes of the grid elements.
Non-linear iter.: 294/500. Linear iter.: 4. Min. area: 0.000145683. Error: 1.936e-11.
Computing volumes of the grid elements.
Min. volume: 0.000145683, max. volume: 36.3175.

# FGMRES residual history
# Residual tolerance target = 1e-10
# Initial residual norm     = 5.99187e-08
     0     1
# FGMRES final (true) residual:
# Iteration = 4: |res|/|res0| = 1.95162e-11.

Computing volumes of the grid elements.
Non-linear iter.: 295/500. Linear iter.: 4. Min. area: 0.000145679. Error: 1.95162e-11.
Computing volumes of the grid elements.
Min. volume: 0.000145679, max. volume: 36.3174.

# FGMRES residual history
# Residual tolerance target = 1e-10
# Initial residual norm     = 5.99915e-08
     0     1
# FGMRES final (true) residual:
# Iteration = 4: |res|/|res0| = 1.96744e-11.

Computing volumes of the grid elements.
Non-linear iter.: 296/500. Linear iter.: 4. Min. area: 0.000145676. Error: 1.96744e-11.
Computing volumes of the grid elements.
Min. volume: 0.000145676, max. volume: 36.3174.

# FGMRES residual history
# Residual tolerance target = 1e-10
# Initial residual norm     = 6.00696e-08
     0     1
# FGMRES final (true) residual:
# Iteration = 4: |res|/|res0| = 1.98348e-11.

Computing volumes of the grid elements.
Non-linear iter.: 297/500. Linear iter.: 4. Min. area: 0.000145673. Error: 1.98348e-11.
Computing volumes of the grid elements.
Min. volume: 0.000145673, max. volume: 36.3173.

# FGMRES residual history
# Residual tolerance target = 1e-10
# Initial residual norm     = 6.0153e-08
     0     1
# FGMRES final (true) residual:
# Iteration = 4: |res|/|res0| = 1.99975e-11.

Computing volumes of the grid elements.
Non-linear iter.: 298/500. Linear iter.: 4. Min. area: 0.00014567. Error: 1.99975e-11.
Computing volumes of the grid elements.
Min. volume: 0.00014567, max. volume: 36.3172.

# FGMRES residual history
# Residual tolerance target = 1e-10
# Initial residual norm     = 6.02416e-08
     0     1
# FGMRES final (true) residual:
# Iteration = 4: |res|/|res0| = 2.01625e-11.

Computing volumes of the grid elements.
Non-linear iter.: 299/500. Linear iter.: 4. Min. area: 0.000145666. Error: 2.01625e-11.
Computing volumes of the grid elements.
Min. volume: 0.000145666, max. volume: 36.3172.

# FGMRES residual history
# Residual tolerance target = 1e-10
# Initial residual norm     = 6.03354e-08
     0     1
# FGMRES final (true) residual:
# Iteration = 4: |res|/|res0| = 2.03297e-11.

Computing volumes of the grid elements.
Non-linear iter.: 300/500. Linear iter.: 4. Min. area: 0.000145663. Error: 2.03297e-11.
Computing volumes of the grid elements.
Min. volume: 0.000145663, max. volume: 36.3171.

# FGMRES residual history
# Residual tolerance target = 1e-10
# Initial residual norm     = 6.04346e-08
     0     1
# FGMRES final (true) residual:
# Iteration = 4: |res|/|res0| = 2.04993e-11.

Computing volumes of the grid elements.
Non-linear iter.: 301/500. Linear iter.: 4. Min. area: 0.00014566. Error: 2.04993e-11.
Computing volumes of the grid elements.
Min. volume: 0.00014566, max. volume: 36.3171.

# FGMRES residual history
# Residual tolerance target = 1e-10
# Initial residual norm     = 6.0539e-08
     0     1
# FGMRES final (true) residual:
# Iteration = 4: |res|/|res0| = 2.06712e-11.

Computing volumes of the grid elements.
Non-linear iter.: 302/500. Linear iter.: 4. Min. area: 0.000145657. Error: 2.06712e-11.
Computing volumes of the grid elements.
Min. volume: 0.000145657, max. volume: 36.317.

# FGMRES residual history
# Residual tolerance target = 1e-10
# Initial residual norm     = 6.06486e-08
     0     1
# FGMRES final (true) residual:
# Iteration = 4: |res|/|res0| = 2.08453e-11.

Computing volumes of the grid elements.
Non-linear iter.: 303/500. Linear iter.: 4. Min. area: 0.000145653. Error: 2.08453e-11.
Computing volumes of the grid elements.
Min. volume: 0.000145653, max. volume: 36.317.

# FGMRES residual history
# Residual tolerance target = 1e-10
# Initial residual norm     = 6.07634e-08
     0     1
# FGMRES final (true) residual:
# Iteration = 4: |res|/|res0| = 2.10216e-11.

Computing volumes of the grid elements.
Non-linear iter.: 304/500. Linear iter.: 4. Min. area: 0.00014565. Error: 2.10216e-11.
Computing volumes of the grid elements.
Min. volume: 0.00014565, max. volume: 36.3169.

# FGMRES residual history
# Residual tolerance target = 1e-10
# Initial residual norm     = 6.08835e-08
     0     1
# FGMRES final (true) residual:
# Iteration = 4: |res|/|res0| = 2.12e-11.

Computing volumes of the grid elements.
Non-linear iter.: 305/500. Linear iter.: 4. Min. area: 0.000145647. Error: 2.12e-11.
Computing volumes of the grid elements.
Min. volume: 0.000145647, max. volume: 36.3169.

# FGMRES residual history
# Residual tolerance target = 1e-10
# Initial residual norm     = 6.10089e-08
     0     1
# FGMRES final (true) residual:
# Iteration = 4: |res|/|res0| = 2.13804e-11.

Computing volumes of the grid elements.
Non-linear iter.: 306/500. Linear iter.: 4. Min. area: 0.000145644. Error: 2.13804e-11.
Computing volumes of the grid elements.
Min. volume: 0.000145644, max. volume: 36.3169.

# FGMRES residual history
# Residual tolerance target = 1e-10
# Initial residual norm     = 6.11394e-08
     0     1
# FGMRES final (true) residual:
# Iteration = 4: |res|/|res0| = 2.15626e-11.

Computing volumes of the grid elements.
Non-linear iter.: 307/500. Linear iter.: 4. Min. area: 0.00014564. Error: 2.15626e-11.
Computing volumes of the grid elements.
Min. volume: 0.00014564, max. volume: 36.3168.

# FGMRES residual history
# Residual tolerance target = 1e-10
# Initial residual norm     = 6.12751e-08
     0     1
# FGMRES final (true) residual:
# Iteration = 4: |res|/|res0| = 2.17464e-11.

Computing volumes of the grid elements.
Non-linear iter.: 308/500. Linear iter.: 4. Min. area: 0.000145637. Error: 2.17464e-11.
Computing volumes of the grid elements.
Min. volume: 0.000145637, max. volume: 36.3168.

# FGMRES residual history
# Residual tolerance target = 1e-10
# Initial residual norm     = 6.14161e-08
     0     1
# FGMRES final (true) residual:
# Iteration = 4: |res|/|res0| = 2.19317e-11.

Computing volumes of the grid elements.
Non-linear iter.: 309/500. Linear iter.: 4. Min. area: 0.000145634. Error: 2.19317e-11.
Computing volumes of the grid elements.
Min. volume: 0.000145634, max. volume: 36.3167.

# FGMRES residual history
# Residual tolerance target = 1e-10
# Initial residual norm     = 6.15622e-08
     0     1
# FGMRES final (true) residual:
# Iteration = 4: |res|/|res0| = 2.21183e-11.

Computing volumes of the grid elements.
Non-linear iter.: 310/500. Linear iter.: 4. Min. area: 0.000145631. Error: 2.21183e-11.
Computing volumes of the grid elements.
Min. volume: 0.000145631, max. volume: 36.3167.

# FGMRES residual history
# Residual tolerance target = 1e-10
# Initial residual norm     = 6.17135e-08
     0     1
# FGMRES final (true) residual:
# Iteration = 4: |res|/|res0| = 2.23058e-11.

Computing volumes of the grid elements.
Non-linear iter.: 311/500. Linear iter.: 4. Min. area: 0.000145627. Error: 2.23058e-11.
Computing volumes of the grid elements.
Min. volume: 0.000145627, max. volume: 36.3166.

# FGMRES residual history
# Residual tolerance target = 1e-10
# Initial residual norm     = 6.18699e-08
     0     1
# FGMRES final (true) residual:
# Iteration = 4: |res|/|res0| = 2.24941e-11.

Computing volumes of the grid elements.
Non-linear iter.: 312/500. Linear iter.: 4. Min. area: 0.000145624. Error: 2.24941e-11.
Computing volumes of the grid elements.
Min. volume: 0.000145624, max. volume: 36.3166.

# FGMRES residual history
# Residual tolerance target = 1e-10
# Initial residual norm     = 6.20316e-08
     0     1
# FGMRES final (true) residual:
# Iteration = 4: |res|/|res0| = 2.26828e-11.

Computing volumes of the grid elements.
Non-linear iter.: 313/500. Linear iter.: 4. Min. area: 0.000145621. Error: 2.26828e-11.
Computing volumes of the grid elements.
Min. volume: 0.000145621, max. volume: 36.3166.

# FGMRES residual history
# Residual tolerance target = 1e-10
# Initial residual norm     = 6.21983e-08
     0     1
# FGMRES final (true) residual:
# Iteration = 4: |res|/|res0| = 2.28717e-11.

Computing volumes of the grid elements.
Non-linear iter.: 314/500. Linear iter.: 4. Min. area: 0.000145618. Error: 2.28717e-11.
Computing volumes of the grid elements.
Min. volume: 0.000145618, max. volume: 36.3165.

# FGMRES residual history
# Residual tolerance target = 1e-10
# Initial residual norm     = 6.23702e-08
     0     1
# FGMRES final (true) residual:
# Iteration = 4: |res|/|res0| = 2.30604e-11.

Computing volumes of the grid elements.
Non-linear iter.: 315/500. Linear iter.: 4. Min. area: 0.000145614. Error: 2.30604e-11.
Computing volumes of the grid elements.
Min. volume: 0.000145614, max. volume: 36.3165.

# FGMRES residual history
# Residual tolerance target = 1e-10
# Initial residual norm     = 6.25472e-08
     0     1
# FGMRES final (true) residual:
# Iteration = 4: |res|/|res0| = 2.32486e-11.

Computing volumes of the grid elements.
Non-linear iter.: 316/500. Linear iter.: 4. Min. area: 0.000145611. Error: 2.32486e-11.
Computing volumes of the grid elements.
Min. volume: 0.000145611, max. volume: 36.3165.

# FGMRES residual history
# Residual tolerance target = 1e-10
# Initial residual norm     = 6.27293e-08
     0     1
# FGMRES final (true) residual:
# Iteration = 4: |res|/|res0| = 2.3436e-11.

Computing volumes of the grid elements.
Non-linear iter.: 317/500. Linear iter.: 4. Min. area: 0.000145608. Error: 2.3436e-11.
Computing volumes of the grid elements.
Min. volume: 0.000145608, max. volume: 36.3164.

# FGMRES residual history
# Residual tolerance target = 1e-10
# Initial residual norm     = 6.29165e-08
     0     1
# FGMRES final (true) residual:
# Iteration = 4: |res|/|res0| = 2.36222e-11.

Computing volumes of the grid elements.
Non-linear iter.: 318/500. Linear iter.: 4. Min. area: 0.000145605. Error: 2.36222e-11.
Computing volumes of the grid elements.
Min. volume: 0.000145605, max. volume: 36.3164.

# FGMRES residual history
# Residual tolerance target = 1e-10
# Initial residual norm     = 6.31087e-08
     0     1
# FGMRES final (true) residual:
# Iteration = 4: |res|/|res0| = 2.38069e-11.

Computing volumes of the grid elements.
Non-linear iter.: 319/500. Linear iter.: 4. Min. area: 0.000145601. Error: 2.38069e-11.
Computing volumes of the grid elements.
Min. volume: 0.000145601, max. volume: 36.3164.

# FGMRES residual history
# Residual tolerance target = 1e-10
# Initial residual norm     = 6.33061e-08
     0     1
# FGMRES final (true) residual:
# Iteration = 4: |res|/|res0| = 2.39896e-11.

Computing volumes of the grid elements.
Non-linear iter.: 320/500. Linear iter.: 4. Min. area: 0.000145598. Error: 2.39896e-11.
Computing volumes of the grid elements.
Min. volume: 0.000145598, max. volume: 36.3163.

# FGMRES residual history
# Residual tolerance target = 1e-10
# Initial residual norm     = 6.35084e-08
     0     1
# FGMRES final (true) residual:
# Iteration = 4: |res|/|res0| = 2.41701e-11.

Computing volumes of the grid elements.
Non-linear iter.: 321/500. Linear iter.: 4. Min. area: 0.000145595. Error: 2.41701e-11.
Computing volumes of the grid elements.
Min. volume: 0.000145595, max. volume: 36.3163.

# FGMRES residual history
# Residual tolerance target = 1e-10
# Initial residual norm     = 6.37158e-08
     0     1
# FGMRES final (true) residual:
# Iteration = 4: |res|/|res0| = 2.4348e-11.

Computing volumes of the grid elements.
Non-linear iter.: 322/500. Linear iter.: 4. Min. area: 0.000145592. Error: 2.4348e-11.
Computing volumes of the grid elements.
Min. volume: 0.000145592, max. volume: 36.3163.

# FGMRES residual history
# Residual tolerance target = 1e-10
# Initial residual norm     = 6.39282e-08
     0     1
# FGMRES final (true) residual:
# Iteration = 4: |res|/|res0| = 2.45229e-11.

Computing volumes of the grid elements.
Non-linear iter.: 323/500. Linear iter.: 4. Min. area: 0.000145588. Error: 2.45229e-11.
Computing volumes of the grid elements.
Min. volume: 0.000145588, max. volume: 36.3163.

# FGMRES residual history
# Residual tolerance target = 1e-10
# Initial residual norm     = 6.41456e-08
     0     1
# FGMRES final (true) residual:
# Iteration = 4: |res|/|res0| = 2.46945e-11.

Computing volumes of the grid elements.
Non-linear iter.: 324/500. Linear iter.: 4. Min. area: 0.000145585. Error: 2.46945e-11.
Computing volumes of the grid elements.
Min. volume: 0.000145585, max. volume: 36.3162.

# FGMRES residual history
# Residual tolerance target = 1e-10
# Initial residual norm     = 6.43679e-08
     0     1
# FGMRES final (true) residual:
# Iteration = 4: |res|/|res0| = 2.48625e-11.

Computing volumes of the grid elements.
Non-linear iter.: 325/500. Linear iter.: 4. Min. area: 0.000145582. Error: 2.48625e-11.
Computing volumes of the grid elements.
Min. volume: 0.000145582, max. volume: 36.3162.

# FGMRES residual history
# Residual tolerance target = 1e-10
# Initial residual norm     = 6.45952e-08
     0     1
# FGMRES final (true) residual:
# Iteration = 4: |res|/|res0| = 2.50265e-11.

Computing volumes of the grid elements.
Non-linear iter.: 326/500. Linear iter.: 4. Min. area: 0.000145579. Error: 2.50265e-11.
Computing volumes of the grid elements.
Min. volume: 0.000145579, max. volume: 36.3162.

# FGMRES residual history
# Residual tolerance target = 1e-10
# Initial residual norm     = 6.48275e-08
     0     1
# FGMRES final (true) residual:
# Iteration = 4: |res|/|res0| = 2.51863e-11.

Computing volumes of the grid elements.
Non-linear iter.: 327/500. Linear iter.: 4. Min. area: 0.000145575. Error: 2.51863e-11.
Computing volumes of the grid elements.
Min. volume: 0.000145575, max. volume: 36.3162.

# FGMRES residual history
# Residual tolerance target = 1e-10
# Initial residual norm     = 6.50647e-08
     0     1
# FGMRES final (true) residual:
# Iteration = 4: |res|/|res0| = 2.53416e-11.

Computing volumes of the grid elements.
Non-linear iter.: 328/500. Linear iter.: 4. Min. area: 0.000145572. Error: 2.53416e-11.
Computing volumes of the grid elements.
Min. volume: 0.000145572, max. volume: 36.3162.

# FGMRES residual history
# Residual tolerance target = 1e-10
# Initial residual norm     = 6.53068e-08
     0     1
# FGMRES final (true) residual:
# Iteration = 4: |res|/|res0| = 2.54921e-11.

Computing volumes of the grid elements.
Non-linear iter.: 329/500. Linear iter.: 4. Min. area: 0.000145569. Error: 2.54921e-11.
Computing volumes of the grid elements.
Min. volume: 0.000145569, max. volume: 36.3162.

# FGMRES residual history
# Residual tolerance target = 1e-10
# Initial residual norm     = 6.55538e-08
     0     1
# FGMRES final (true) residual:
# Iteration = 4: |res|/|res0| = 2.56376e-11.

Computing volumes of the grid elements.
Non-linear iter.: 330/500. Linear iter.: 4. Min. area: 0.000145566. Error: 2.56376e-11.
Computing volumes of the grid elements.
Min. volume: 0.000145566, max. volume: 36.3161.

# FGMRES residual history
# Residual tolerance target = 1e-10
# Initial residual norm     = 6.58056e-08
     0     1
# FGMRES final (true) residual:
# Iteration = 4: |res|/|res0| = 2.57778e-11.

Computing volumes of the grid elements.
Non-linear iter.: 331/500. Linear iter.: 4. Min. area: 0.000145562. Error: 2.57778e-11.
Computing volumes of the grid elements.
Min. volume: 0.000145562, max. volume: 36.3161.

# FGMRES residual history
# Residual tolerance target = 1e-10
# Initial residual norm     = 6.60623e-08
     0     1
# FGMRES final (true) residual:
# Iteration = 4: |res|/|res0| = 2.59126e-11.

Computing volumes of the grid elements.
Non-linear iter.: 332/500. Linear iter.: 4. Min. area: 0.000145559. Error: 2.59126e-11.
Computing volumes of the grid elements.
Min. volume: 0.000145559, max. volume: 36.3161.

# FGMRES residual history
# Residual tolerance target = 1e-10
# Initial residual norm     = 6.63239e-08
     0     1
# FGMRES final (true) residual:
# Iteration = 4: |res|/|res0| = 2.60417e-11.

Computing volumes of the grid elements.
Non-linear iter.: 333/500. Linear iter.: 4. Min. area: 0.000145556. Error: 2.60417e-11.
Computing volumes of the grid elements.
Min. volume: 0.000145556, max. volume: 36.3161.

# FGMRES residual history
# Residual tolerance target = 1e-10
# Initial residual norm     = 6.65902e-08
     0     1
# FGMRES final (true) residual:
# Iteration = 4: |res|/|res0| = 2.61651e-11.

Computing volumes of the grid elements.
Non-linear iter.: 334/500. Linear iter.: 4. Min. area: 0.000145553. Error: 2.61651e-11.
Computing volumes of the grid elements.
Min. volume: 0.000145553, max. volume: 36.3161.

# FGMRES residual history
# Residual tolerance target = 1e-10
# Initial residual norm     = 6.68614e-08
     0     1
# FGMRES final (true) residual:
# Iteration = 4: |res|/|res0| = 2.62826e-11.

Computing volumes of the grid elements.
Non-linear iter.: 335/500. Linear iter.: 4. Min. area: 0.00014555. Error: 2.62826e-11.
Computing volumes of the grid elements.
Min. volume: 0.00014555, max. volume: 36.3161.

# FGMRES residual history
# Residual tolerance target = 1e-10
# Initial residual norm     = 6.71373e-08
     0     1
# FGMRES final (true) residual:
# Iteration = 4: |res|/|res0| = 2.63941e-11.

Computing volumes of the grid elements.
Non-linear iter.: 336/500. Linear iter.: 4. Min. area: 0.000145546. Error: 2.63941e-11.
Computing volumes of the grid elements.
Min. volume: 0.000145546, max. volume: 36.3161.

# FGMRES residual history
# Residual tolerance target = 1e-10
# Initial residual norm     = 6.7418e-08
     0     1
# FGMRES final (true) residual:
# Iteration = 4: |res|/|res0| = 2.64995e-11.

Computing volumes of the grid elements.
Non-linear iter.: 337/500. Linear iter.: 4. Min. area: 0.000145543. Error: 2.64995e-11.
Computing volumes of the grid elements.
Min. volume: 0.000145543, max. volume: 36.3161.

# FGMRES residual history
# Residual tolerance target = 1e-10
# Initial residual norm     = 6.77034e-08
     0     1
# FGMRES final (true) residual:
# Iteration = 4: |res|/|res0| = 2.65987e-11.

Computing volumes of the grid elements.
Non-linear iter.: 338/500. Linear iter.: 4. Min. area: 0.00014554. Error: 2.65987e-11.
Computing volumes of the grid elements.
Min. volume: 0.00014554, max. volume: 36.3161.

# FGMRES residual history
# Residual tolerance target = 1e-10
# Initial residual norm     = 6.79936e-08
     0     1
# FGMRES final (true) residual:
# Iteration = 4: |res|/|res0| = 2.66917e-11.

Computing volumes of the grid elements.
Non-linear iter.: 339/500. Linear iter.: 4. Min. area: 0.000145537. Error: 2.66917e-11.
Computing volumes of the grid elements.
Min. volume: 0.000145537, max. volume: 36.3161.

# FGMRES residual history
# Residual tolerance target = 1e-10
# Initial residual norm     = 6.82884e-08
     0     1
# FGMRES final (true) residual:
# Iteration = 4: |res|/|res0| = 2.67786e-11.

Computing volumes of the grid elements.
Non-linear iter.: 340/500. Linear iter.: 4. Min. area: 0.000145533. Error: 2.67786e-11.
Computing volumes of the grid elements.
Min. volume: 0.000145533, max. volume: 36.3161.

# FGMRES residual history
# Residual tolerance target = 1e-10
# Initial residual norm     = 6.8588e-08
     0     1
# FGMRES final (true) residual:
# Iteration = 4: |res|/|res0| = 2.68592e-11.

Computing volumes of the grid elements.
Non-linear iter.: 341/500. Linear iter.: 4. Min. area: 0.00014553. Error: 2.68592e-11.
Computing volumes of the grid elements.
Min. volume: 0.00014553, max. volume: 36.3161.

# FGMRES residual history
# Residual tolerance target = 1e-10
# Initial residual norm     = 6.88922e-08
     0     1
# FGMRES final (true) residual:
# Iteration = 4: |res|/|res0| = 2.69337e-11.

Computing volumes of the grid elements.
Non-linear iter.: 342/500. Linear iter.: 4. Min. area: 0.000145527. Error: 2.69337e-11.
Computing volumes of the grid elements.
Min. volume: 0.000145527, max. volume: 36.3161.

# FGMRES residual history
# Residual tolerance target = 1e-10
# Initial residual norm     = 6.92011e-08
     0     1
# FGMRES final (true) residual:
# Iteration = 4: |res|/|res0| = 2.7002e-11.

Computing volumes of the grid elements.
Non-linear iter.: 343/500. Linear iter.: 4. Min. area: 0.000145524. Error: 2.7002e-11.
Computing volumes of the grid elements.
Min. volume: 0.000145524, max. volume: 36.3161.

# FGMRES residual history
# Residual tolerance target = 1e-10
# Initial residual norm     = 6.95146e-08
     0     1
# FGMRES final (true) residual:
# Iteration = 4: |res|/|res0| = 2.70642e-11.

Computing volumes of the grid elements.
Non-linear iter.: 344/500. Linear iter.: 4. Min. area: 0.000145521. Error: 2.70642e-11.
Computing volumes of the grid elements.
Min. volume: 0.000145521, max. volume: 36.3161.

# FGMRES residual history
# Residual tolerance target = 1e-10
# Initial residual norm     = 6.98327e-08
     0     1
# FGMRES final (true) residual:
# Iteration = 4: |res|/|res0| = 2.71204e-11.

Computing volumes of the grid elements.
Non-linear iter.: 345/500. Linear iter.: 4. Min. area: 0.000145517. Error: 2.71204e-11.
Computing volumes of the grid elements.
Min. volume: 0.000145517, max. volume: 36.3161.

# FGMRES residual history
# Residual tolerance target = 1e-10
# Initial residual norm     = 7.01554e-08
     0     1
# FGMRES final (true) residual:
# Iteration = 4: |res|/|res0| = 2.71706e-11.

Computing volumes of the grid elements.
Non-linear iter.: 346/500. Linear iter.: 4. Min. area: 0.000145514. Error: 2.71706e-11.
Computing volumes of the grid elements.
Min. volume: 0.000145514, max. volume: 36.3161.

# FGMRES residual history
# Residual tolerance target = 1e-10
# Initial residual norm     = 7.04827e-08
     0     1
# FGMRES final (true) residual:
# Iteration = 4: |res|/|res0| = 2.7215e-11.

Computing volumes of the grid elements.
Non-linear iter.: 347/500. Linear iter.: 4. Min. area: 0.000145511. Error: 2.7215e-11.
Computing volumes of the grid elements.
Min. volume: 0.000145511, max. volume: 36.3161.

# FGMRES residual history
# Residual tolerance target = 1e-10
# Initial residual norm     = 7.08146e-08
     0     1
# FGMRES final (true) residual:
# Iteration = 4: |res|/|res0| = 2.72537e-11.

Computing volumes of the grid elements.
Non-linear iter.: 348/500. Linear iter.: 4. Min. area: 0.000145508. Error: 2.72537e-11.
Computing volumes of the grid elements.
Min. volume: 0.000145508, max. volume: 36.3161.

# FGMRES residual history
# Residual tolerance target = 1e-10
# Initial residual norm     = 7.1151e-08
     0     1
# FGMRES final (true) residual:
# Iteration = 4: |res|/|res0| = 2.72867e-11.

Computing volumes of the grid elements.
Non-linear iter.: 349/500. Linear iter.: 4. Min. area: 0.000145504. Error: 2.72867e-11.
Computing volumes of the grid elements.
Min. volume: 0.000145504, max. volume: 36.3161.

# FGMRES residual history
# Residual tolerance target = 1e-10
# Initial residual norm     = 7.14919e-08
     0     1
# FGMRES final (true) residual:
# Iteration = 4: |res|/|res0| = 2.73143e-11.

Computing volumes of the grid elements.
Non-linear iter.: 350/500. Linear iter.: 4. Min. area: 0.000145501. Error: 2.73143e-11.
Computing volumes of the grid elements.
Min. volume: 0.000145501, max. volume: 36.3161.

# FGMRES residual history
# Residual tolerance target = 1e-10
# Initial residual norm     = 7.18373e-08
     0     1
# FGMRES final (true) residual:
# Iteration = 4: |res|/|res0| = 2.73364e-11.

Computing volumes of the grid elements.
Non-linear iter.: 351/500. Linear iter.: 4. Min. area: 0.000145498. Error: 2.73364e-11.
Computing volumes of the grid elements.
Min. volume: 0.000145498, max. volume: 36.3161.

# FGMRES residual history
# Residual tolerance target = 1e-10
# Initial residual norm     = 7.21873e-08
     0     1
# FGMRES final (true) residual:
# Iteration = 4: |res|/|res0| = 2.73534e-11.

Computing volumes of the grid elements.
Non-linear iter.: 352/500. Linear iter.: 4. Min. area: 0.000145495. Error: 2.73534e-11.
Computing volumes of the grid elements.
Min. volume: 0.000145495, max. volume: 36.3161.

# FGMRES residual history
# Residual tolerance target = 1e-10
# Initial residual norm     = 7.25417e-08
     0     1
# FGMRES final (true) residual:
# Iteration = 4: |res|/|res0| = 2.73652e-11.

Computing volumes of the grid elements.
Non-linear iter.: 353/500. Linear iter.: 4. Min. area: 0.000145492. Error: 2.73652e-11.
Computing volumes of the grid elements.
Min. volume: 0.000145492, max. volume: 36.3161.

# FGMRES residual history
# Residual tolerance target = 1e-10
# Initial residual norm     = 7.29006e-08
     0     1
# FGMRES final (true) residual:
# Iteration = 4: |res|/|res0| = 2.73721e-11.

Computing volumes of the grid elements.
Non-linear iter.: 354/500. Linear iter.: 4. Min. area: 0.000145488. Error: 2.73721e-11.
Computing volumes of the grid elements.
Min. volume: 0.000145488, max. volume: 36.3161.

# FGMRES residual history
# Residual tolerance target = 1e-10
# Initial residual norm     = 7.32639e-08
     0     1
# FGMRES final (true) residual:
# Iteration = 4: |res|/|res0| = 2.73742e-11.

Computing volumes of the grid elements.
Non-linear iter.: 355/500. Linear iter.: 4. Min. area: 0.000145485. Error: 2.73742e-11.
Computing volumes of the grid elements.
Min. volume: 0.000145485, max. volume: 36.3162.

# FGMRES residual history
# Residual tolerance target = 1e-10
# Initial residual norm     = 7.36316e-08
     0     1
# FGMRES final (true) residual:
# Iteration = 4: |res|/|res0| = 2.73716e-11.

Computing volumes of the grid elements.
Non-linear iter.: 356/500. Linear iter.: 4. Min. area: 0.000145482. Error: 2.73716e-11.
Computing volumes of the grid elements.
Min. volume: 0.000145482, max. volume: 36.3162.

# FGMRES residual history
# Residual tolerance target = 1e-10
# Initial residual norm     = 7.40038e-08
     0     1
# FGMRES final (true) residual:
# Iteration = 4: |res|/|res0| = 2.73646e-11.

Computing volumes of the grid elements.
Non-linear iter.: 357/500. Linear iter.: 4. Min. area: 0.000145479. Error: 2.73646e-11.
Computing volumes of the grid elements.
Min. volume: 0.000145479, max. volume: 36.3162.

# FGMRES residual history
# Residual tolerance target = 1e-10
# Initial residual norm     = 7.43804e-08
     0     1
# FGMRES final (true) residual:
# Iteration = 4: |res|/|res0| = 2.73532e-11.

Computing volumes of the grid elements.
Non-linear iter.: 358/500. Linear iter.: 4. Min. area: 0.000145475. Error: 2.73532e-11.
Computing volumes of the grid elements.
Min. volume: 0.000145475, max. volume: 36.3162.

# FGMRES residual history
# Residual tolerance target = 1e-10
# Initial residual norm     = 7.47613e-08
     0     1
# FGMRES final (true) residual:
# Iteration = 4: |res|/|res0| = 2.73376e-11.

Computing volumes of the grid elements.
Non-linear iter.: 359/500. Linear iter.: 4. Min. area: 0.000145472. Error: 2.73376e-11.
Computing volumes of the grid elements.
Min. volume: 0.000145472, max. volume: 36.3162.

# FGMRES residual history
# Residual tolerance target = 1e-10
# Initial residual norm     = 7.51466e-08
     0     1
# FGMRES final (true) residual:
# Iteration = 4: |res|/|res0| = 2.7318e-11.

Computing volumes of the grid elements.
Non-linear iter.: 360/500. Linear iter.: 4. Min. area: 0.000145469. Error: 2.7318e-11.
Computing volumes of the grid elements.
Min. volume: 0.000145469, max. volume: 36.3163.

# FGMRES residual history
# Residual tolerance target = 1e-10
# Initial residual norm     = 7.55363e-08
     0     1
# FGMRES final (true) residual:
# Iteration = 4: |res|/|res0| = 2.72945e-11.

Computing volumes of the grid elements.
Non-linear iter.: 361/500. Linear iter.: 4. Min. area: 0.000145466. Error: 2.72945e-11.
Computing volumes of the grid elements.
Min. volume: 0.000145466, max. volume: 36.3163.

# FGMRES residual history
# Residual tolerance target = 1e-10
# Initial residual norm     = 7.59303e-08
     0     1
# FGMRES final (true) residual:
# Iteration = 4: |res|/|res0| = 2.72672e-11.

Computing volumes of the grid elements.
Non-linear iter.: 362/500. Linear iter.: 4. Min. area: 0.000145463. Error: 2.72672e-11.
Computing volumes of the grid elements.
Min. volume: 0.000145463, max. volume: 36.3163.

# FGMRES residual history
# Residual tolerance target = 1e-10
# Initial residual norm     = 7.63287e-08
     0     1
# FGMRES final (true) residual:
# Iteration = 4: |res|/|res0| = 2.72364e-11.

Computing volumes of the grid elements.
Non-linear iter.: 363/500. Linear iter.: 4. Min. area: 0.000145459. Error: 2.72364e-11.
Computing volumes of the grid elements.
Min. volume: 0.000145459, max. volume: 36.3163.

# FGMRES residual history
# Residual tolerance target = 1e-10
# Initial residual norm     = 7.67314e-08
     0     1
# FGMRES final (true) residual:
# Iteration = 4: |res|/|res0| = 2.72022e-11.

Computing volumes of the grid elements.
Non-linear iter.: 364/500. Linear iter.: 4. Min. area: 0.000145456. Error: 2.72022e-11.
Computing volumes of the grid elements.
Min. volume: 0.000145456, max. volume: 36.3164.

# FGMRES residual history
# Residual tolerance target = 1e-10
# Initial residual norm     = 7.71383e-08
     0     1
# FGMRES final (true) residual:
# Iteration = 4: |res|/|res0| = 2.71646e-11.

Computing volumes of the grid elements.
Non-linear iter.: 365/500. Linear iter.: 4. Min. area: 0.000145453. Error: 2.71646e-11.
Computing volumes of the grid elements.
Min. volume: 0.000145453, max. volume: 36.3164.

# FGMRES residual history
# Residual tolerance target = 1e-10
# Initial residual norm     = 7.75496e-08
     0     1
# FGMRES final (true) residual:
# Iteration = 4: |res|/|res0| = 2.71239e-11.

Computing volumes of the grid elements.
Non-linear iter.: 366/500. Linear iter.: 4. Min. area: 0.00014545. Error: 2.71239e-11.
Computing volumes of the grid elements.
Min. volume: 0.00014545, max. volume: 36.3164.

# FGMRES residual history
# Residual tolerance target = 1e-10
# Initial residual norm     = 7.79651e-08
     0     1
# FGMRES final (true) residual:
# Iteration = 4: |res|/|res0| = 2.70802e-11.

Computing volumes of the grid elements.
Non-linear iter.: 367/500. Linear iter.: 4. Min. area: 0.000145447. Error: 2.70802e-11.
Computing volumes of the grid elements.
Min. volume: 0.000145447, max. volume: 36.3165.

# FGMRES residual history
# Residual tolerance target = 1e-10
# Initial residual norm     = 7.8385e-08
     0     1
# FGMRES final (true) residual:
# Iteration = 4: |res|/|res0| = 2.70336e-11.

Computing volumes of the grid elements.
Non-linear iter.: 368/500. Linear iter.: 4. Min. area: 0.000145443. Error: 2.70336e-11.
Computing volumes of the grid elements.
Min. volume: 0.000145443, max. volume: 36.3165.

# FGMRES residual history
# Residual tolerance target = 1e-10
# Initial residual norm     = 7.8809e-08
     0     1
# FGMRES final (true) residual:
# Iteration = 4: |res|/|res0| = 2.69843e-11.

Computing volumes of the grid elements.
Non-linear iter.: 369/500. Linear iter.: 4. Min. area: 0.00014544. Error: 2.69843e-11.
Computing volumes of the grid elements.
Min. volume: 0.00014544, max. volume: 36.3165.

# FGMRES residual history
# Residual tolerance target = 1e-10
# Initial residual norm     = 7.92373e-08
     0     1
# FGMRES final (true) residual:
# Iteration = 4: |res|/|res0| = 2.69323e-11.

Computing volumes of the grid elements.
Non-linear iter.: 370/500. Linear iter.: 4. Min. area: 0.000145437. Error: 2.69323e-11.
Computing volumes of the grid elements.
Min. volume: 0.000145437, max. volume: 36.3166.

# FGMRES residual history
# Residual tolerance target = 1e-10
# Initial residual norm     = 7.96699e-08
     0     1
# FGMRES final (true) residual:
# Iteration = 4: |res|/|res0| = 2.68779e-11.

Computing volumes of the grid elements.
Non-linear iter.: 371/500. Linear iter.: 4. Min. area: 0.000145434. Error: 2.68779e-11.
Computing volumes of the grid elements.
Min. volume: 0.000145434, max. volume: 36.3166.

# FGMRES residual history
# Residual tolerance target = 1e-10
# Initial residual norm     = 8.01067e-08
     0     1
# FGMRES final (true) residual:
# Iteration = 4: |res|/|res0| = 2.6821e-11.

Computing volumes of the grid elements.
Non-linear iter.: 372/500. Linear iter.: 4. Min. area: 0.000145431. Error: 2.6821e-11.
Computing volumes of the grid elements.
Min. volume: 0.000145431, max. volume: 36.3167.

# FGMRES residual history
# Residual tolerance target = 1e-10
# Initial residual norm     = 8.05477e-08
     0     1
# FGMRES final (true) residual:
# Iteration = 4: |res|/|res0| = 2.67619e-11.

Computing volumes of the grid elements.
Non-linear iter.: 373/500. Linear iter.: 4. Min. area: 0.000145427. Error: 2.67619e-11.
Computing volumes of the grid elements.
Min. volume: 0.000145427, max. volume: 36.3167.

# FGMRES residual history
# Residual tolerance target = 1e-10
# Initial residual norm     = 8.09929e-08
     0     1
# FGMRES final (true) residual:
# Iteration = 4: |res|/|res0| = 2.67007e-11.

Computing volumes of the grid elements.
Non-linear iter.: 374/500. Linear iter.: 4. Min. area: 0.000145424. Error: 2.67007e-11.
Computing volumes of the grid elements.
Min. volume: 0.000145424, max. volume: 36.3167.

# FGMRES residual history
# Residual tolerance target = 1e-10
# Initial residual norm     = 8.14423e-08
     0     1
# FGMRES final (true) residual:
# Iteration = 4: |res|/|res0| = 2.66374e-11.

Computing volumes of the grid elements.
Non-linear iter.: 375/500. Linear iter.: 4. Min. area: 0.000145421. Error: 2.66374e-11.
Computing volumes of the grid elements.
Min. volume: 0.000145421, max. volume: 36.3168.

# FGMRES residual history
# Residual tolerance target = 1e-10
# Initial residual norm     = 8.18959e-08
     0     1
# FGMRES final (true) residual:
# Iteration = 4: |res|/|res0| = 2.65721e-11.

Computing volumes of the grid elements.
Non-linear iter.: 376/500. Linear iter.: 4. Min. area: 0.000145418. Error: 2.65721e-11.
Computing volumes of the grid elements.
Min. volume: 0.000145418, max. volume: 36.3168.

# FGMRES residual history
# Residual tolerance target = 1e-10
# Initial residual norm     = 8.23536e-08
     0     1
# FGMRES final (true) residual:
# Iteration = 4: |res|/|res0| = 2.65051e-11.

Computing volumes of the grid elements.
Non-linear iter.: 377/500. Linear iter.: 4. Min. area: 0.000145415. Error: 2.65051e-11.
Computing volumes of the grid elements.
Min. volume: 0.000145415, max. volume: 36.3169.

# FGMRES residual history
# Residual tolerance target = 1e-10
# Initial residual norm     = 8.28156e-08
     0     1
# FGMRES final (true) residual:
# Iteration = 4: |res|/|res0| = 2.64363e-11.

Computing volumes of the grid elements.
Non-linear iter.: 378/500. Linear iter.: 4. Min. area: 0.000145411. Error: 2.64363e-11.
Computing volumes of the grid elements.
Min. volume: 0.000145411, max. volume: 36.3169.

# FGMRES residual history
# Residual tolerance target = 1e-10
# Initial residual norm     = 8.32817e-08
     0     1
# FGMRES final (true) residual:
# Iteration = 4: |res|/|res0| = 2.63658e-11.

Computing volumes of the grid elements.
Non-linear iter.: 379/500. Linear iter.: 4. Min. area: 0.000145408. Error: 2.63658e-11.
Computing volumes of the grid elements.
Min. volume: 0.000145408, max. volume: 36.317.

# FGMRES residual history
# Residual tolerance target = 1e-10
# Initial residual norm     = 8.3752e-08
     0     1
# FGMRES final (true) residual:
# Iteration = 4: |res|/|res0| = 2.62938e-11.

Computing volumes of the grid elements.
Non-linear iter.: 380/500. Linear iter.: 4. Min. area: 0.000145405. Error: 2.62938e-11.
Computing volumes of the grid elements.
Min. volume: 0.000145405, max. volume: 36.317.

# FGMRES residual history
# Residual tolerance target = 1e-10
# Initial residual norm     = 8.42264e-08
     0     1
# FGMRES final (true) residual:
# Iteration = 4: |res|/|res0| = 2.62204e-11.

Computing volumes of the grid elements.
Non-linear iter.: 381/500. Linear iter.: 4. Min. area: 0.000145402. Error: 2.62204e-11.
Computing volumes of the grid elements.
Min. volume: 0.000145402, max. volume: 36.3171.

# FGMRES residual history
# Residual tolerance target = 1e-10
# Initial residual norm     = 8.4705e-08
     0     1
# FGMRES final (true) residual:
# Iteration = 4: |res|/|res0| = 2.61455e-11.

Computing volumes of the grid elements.
Non-linear iter.: 382/500. Linear iter.: 4. Min. area: 0.000145399. Error: 2.61455e-11.
Computing volumes of the grid elements.
Min. volume: 0.000145399, max. volume: 36.3171.

# FGMRES residual history
# Residual tolerance target = 1e-10
# Initial residual norm     = 8.51877e-08
     0     1
# FGMRES final (true) residual:
# Iteration = 4: |res|/|res0| = 2.60694e-11.

Computing volumes of the grid elements.
Non-linear iter.: 383/500. Linear iter.: 4. Min. area: 0.000145395. Error: 2.60694e-11.
Computing volumes of the grid elements.
Min. volume: 0.000145395, max. volume: 36.3172.

# FGMRES residual history
# Residual tolerance target = 1e-10
# Initial residual norm     = 8.56745e-08
     0     1
# FGMRES final (true) residual:
# Iteration = 4: |res|/|res0| = 2.5992e-11.

Computing volumes of the grid elements.
Non-linear iter.: 384/500. Linear iter.: 4. Min. area: 0.000145392. Error: 2.5992e-11.
Computing volumes of the grid elements.
Min. volume: 0.000145392, max. volume: 36.3172.

# FGMRES residual history
# Residual tolerance target = 1e-10
# Initial residual norm     = 8.61655e-08
     0     1
# FGMRES final (true) residual:
# Iteration = 4: |res|/|res0| = 2.59135e-11.

Computing volumes of the grid elements.
Non-linear iter.: 385/500. Linear iter.: 4. Min. area: 0.000145389. Error: 2.59135e-11.
Computing volumes of the grid elements.
Min. volume: 0.000145389, max. volume: 36.3173.

# FGMRES residual history
# Residual tolerance target = 1e-10
# Initial residual norm     = 8.66607e-08
     0     1
# FGMRES final (true) residual:
# Iteration = 4: |res|/|res0| = 2.58339e-11.

Computing volumes of the grid elements.
Non-linear iter.: 386/500. Linear iter.: 4. Min. area: 0.000145386. Error: 2.58339e-11.
Computing volumes of the grid elements.
Min. volume: 0.000145386, max. volume: 36.3174.

# FGMRES residual history
# Residual tolerance target = 1e-10
# Initial residual norm     = 8.71599e-08
     0     1
# FGMRES final (true) residual:
# Iteration = 4: |res|/|res0| = 2.57533e-11.

Computing volumes of the grid elements.
Non-linear iter.: 387/500. Linear iter.: 4. Min. area: 0.000145383. Error: 2.57533e-11.
Computing volumes of the grid elements.
Min. volume: 0.000145383, max. volume: 36.3174.

# FGMRES residual history
# Residual tolerance target = 1e-10
# Initial residual norm     = 8.76633e-08
     0     1
# FGMRES final (true) residual:
# Iteration = 4: |res|/|res0| = 2.56717e-11.

Computing volumes of the grid elements.
Non-linear iter.: 388/500. Linear iter.: 4. Min. area: 0.00014538. Error: 2.56717e-11.
Computing volumes of the grid elements.
Min. volume: 0.00014538, max. volume: 36.3175.

# FGMRES residual history
# Residual tolerance target = 1e-10
# Initial residual norm     = 8.81708e-08
     0     1
# FGMRES final (true) residual:
# Iteration = 4: |res|/|res0| = 2.55893e-11.

Computing volumes of the grid elements.
Non-linear iter.: 389/500. Linear iter.: 4. Min. area: 0.000145376. Error: 2.55893e-11.
Computing volumes of the grid elements.
Min. volume: 0.000145376, max. volume: 36.3175.

# FGMRES residual history
# Residual tolerance target = 1e-10
# Initial residual norm     = 8.86824e-08
     0     1
# FGMRES final (true) residual:
# Iteration = 4: |res|/|res0| = 2.55061e-11.

Computing volumes of the grid elements.
Non-linear iter.: 390/500. Linear iter.: 4. Min. area: 0.000145373. Error: 2.55061e-11.
Computing volumes of the grid elements.
Min. volume: 0.000145373, max. volume: 36.3176.

# FGMRES residual history
# Residual tolerance target = 1e-10
# Initial residual norm     = 8.91981e-08
     0     1
# FGMRES final (true) residual:
# Iteration = 4: |res|/|res0| = 2.5422e-11.

Computing volumes of the grid elements.
Non-linear iter.: 391/500. Linear iter.: 4. Min. area: 0.00014537. Error: 2.5422e-11.
Computing volumes of the grid elements.
Min. volume: 0.00014537, max. volume: 36.3177.

# FGMRES residual history
# Residual tolerance target = 1e-10
# Initial residual norm     = 8.97179e-08
     0     1
# FGMRES final (true) residual:
# Iteration = 4: |res|/|res0| = 2.53373e-11.

Computing volumes of the grid elements.
Non-linear iter.: 392/500. Linear iter.: 4. Min. area: 0.000145367. Error: 2.53373e-11.
Computing volumes of the grid elements.
Min. volume: 0.000145367, max. volume: 36.3177.

# FGMRES residual history
# Residual tolerance target = 1e-10
# Initial residual norm     = 9.02419e-08
     0     1
# FGMRES final (true) residual:
# Iteration = 4: |res|/|res0| = 2.52519e-11.

Computing volumes of the grid elements.
Non-linear iter.: 393/500. Linear iter.: 4. Min. area: 0.000145364. Error: 2.52519e-11.
Computing volumes of the grid elements.
Min. volume: 0.000145364, max. volume: 36.3178.

# FGMRES residual history
# Residual tolerance target = 1e-10
# Initial residual norm     = 9.07699e-08
     0     1
# FGMRES final (true) residual:
# Iteration = 4: |res|/|res0| = 2.51659e-11.

Computing volumes of the grid elements.
Non-linear iter.: 394/500. Linear iter.: 4. Min. area: 0.00014536. Error: 2.51659e-11.
Computing volumes of the grid elements.
Min. volume: 0.00014536, max. volume: 36.3179.

# FGMRES residual history
# Residual tolerance target = 1e-10
# Initial residual norm     = 9.13021e-08
     0     1
# FGMRES final (true) residual:
# Iteration = 4: |res|/|res0| = 2.50794e-11.

Computing volumes of the grid elements.
Non-linear iter.: 395/500. Linear iter.: 4. Min. area: 0.000145357. Error: 2.50794e-11.
Computing volumes of the grid elements.
Min. volume: 0.000145357, max. volume: 36.318.

# FGMRES residual history
# Residual tolerance target = 1e-10
# Initial residual norm     = 9.18384e-08
     0     1
# FGMRES final (true) residual:
# Iteration = 4: |res|/|res0| = 2.49923e-11.

Computing volumes of the grid elements.
Non-linear iter.: 396/500. Linear iter.: 4. Min. area: 0.000145354. Error: 2.49923e-11.
Computing volumes of the grid elements.
Min. volume: 0.000145354, max. volume: 36.318.

# FGMRES residual history
# Residual tolerance target = 1e-10
# Initial residual norm     = 9.23787e-08
     0     1
# FGMRES final (true) residual:
# Iteration = 4: |res|/|res0| = 2.49048e-11.

Computing volumes of the grid elements.
Non-linear iter.: 397/500. Linear iter.: 4. Min. area: 0.000145351. Error: 2.49048e-11.
Computing volumes of the grid elements.
Min. volume: 0.000145351, max. volume: 36.3181.

# FGMRES residual history
# Residual tolerance target = 1e-10
# Initial residual norm     = 9.29233e-08
     0     1
# FGMRES final (true) residual:
# Iteration = 4: |res|/|res0| = 2.48169e-11.

Computing volumes of the grid elements.
Non-linear iter.: 398/500. Linear iter.: 4. Min. area: 0.000145348. Error: 2.48169e-11.
Computing volumes of the grid elements.
Min. volume: 0.000145348, max. volume: 36.3182.

# FGMRES residual history
# Residual tolerance target = 1e-10
# Initial residual norm     = 9.34719e-08
     0     1
# FGMRES final (true) residual:
# Iteration = 4: |res|/|res0| = 2.47285e-11.

Computing volumes of the grid elements.
Non-linear iter.: 399/500. Linear iter.: 4. Min. area: 0.000145345. Error: 2.47285e-11.
Computing volumes of the grid elements.
Min. volume: 0.000145345, max. volume: 36.3183.

# FGMRES residual history
# Residual tolerance target = 1e-10
# Initial residual norm     = 9.40246e-08
     0     1
# FGMRES final (true) residual:
# Iteration = 4: |res|/|res0| = 2.46398e-11.

Computing volumes of the grid elements.
Non-linear iter.: 400/500. Linear iter.: 4. Min. area: 0.000145341. Error: 2.46398e-11.
Computing volumes of the grid elements.
Min. volume: 0.000145341, max. volume: 36.3183.

# FGMRES residual history
# Residual tolerance target = 1e-10
# Initial residual norm     = 9.45815e-08
     0     1
# FGMRES final (true) residual:
# Iteration = 4: |res|/|res0| = 2.45508e-11.

Computing volumes of the grid elements.
Non-linear iter.: 401/500. Linear iter.: 4. Min. area: 0.000145338. Error: 2.45508e-11.
Computing volumes of the grid elements.
Min. volume: 0.000145338, max. volume: 36.3184.

# FGMRES residual history
# Residual tolerance target = 1e-10
# Initial residual norm     = 9.51424e-08
     0     1
# FGMRES final (true) residual:
# Iteration = 4: |res|/|res0| = 2.44615e-11.

Computing volumes of the grid elements.
Non-linear iter.: 402/500. Linear iter.: 4. Min. area: 0.000145335. Error: 2.44615e-11.
Computing volumes of the grid elements.
Min. volume: 0.000145335, max. volume: 36.3185.

# FGMRES residual history
# Residual tolerance target = 1e-10
# Initial residual norm     = 9.57075e-08
     0     1
# FGMRES final (true) residual:
# Iteration = 4: |res|/|res0| = 2.4372e-11.

Computing volumes of the grid elements.
Non-linear iter.: 403/500. Linear iter.: 4. Min. area: 0.000145332. Error: 2.4372e-11.
Computing volumes of the grid elements.
Min. volume: 0.000145332, max. volume: 36.3186.

# FGMRES residual history
# Residual tolerance target = 1e-10
# Initial residual norm     = 9.62768e-08
     0     1
# FGMRES final (true) residual:
# Iteration = 4: |res|/|res0| = 2.42823e-11.

Computing volumes of the grid elements.
Non-linear iter.: 404/500. Linear iter.: 4. Min. area: 0.000145329. Error: 2.42823e-11.
Computing volumes of the grid elements.
Min. volume: 0.000145329, max. volume: 36.3187.

# FGMRES residual history
# Residual tolerance target = 1e-10
# Initial residual norm     = 9.68501e-08
     0     1
# FGMRES final (true) residual:
# Iteration = 4: |res|/|res0| = 2.41924e-11.

Computing volumes of the grid elements.
Non-linear iter.: 405/500. Linear iter.: 4. Min. area: 0.000145326. Error: 2.41924e-11.
Computing volumes of the grid elements.
Min. volume: 0.000145326, max. volume: 36.3188.

# FGMRES residual history
# Residual tolerance target = 1e-10
# Initial residual norm     = 9.74276e-08
     0     1
# FGMRES final (true) residual:
# Iteration = 4: |res|/|res0| = 2.41023e-11.

Computing volumes of the grid elements.
Non-linear iter.: 406/500. Linear iter.: 4. Min. area: 0.000145322. Error: 2.41023e-11.
Computing volumes of the grid elements.
Min. volume: 0.000145322, max. volume: 36.3189.

# FGMRES residual history
# Residual tolerance target = 1e-10
# Initial residual norm     = 9.80093e-08
     0     1
# FGMRES final (true) residual:
# Iteration = 4: |res|/|res0| = 2.40121e-11.

Computing volumes of the grid elements.
Non-linear iter.: 407/500. Linear iter.: 4. Min. area: 0.000145319. Error: 2.40121e-11.
Computing volumes of the grid elements.
Min. volume: 0.000145319, max. volume: 36.3189.

# FGMRES residual history
# Residual tolerance target = 1e-10
# Initial residual norm     = 9.85951e-08
     0     1
# FGMRES final (true) residual:
# Iteration = 4: |res|/|res0| = 2.39218e-11.

Computing volumes of the grid elements.
Non-linear iter.: 408/500. Linear iter.: 4. Min. area: 0.000145316. Error: 2.39218e-11.
Computing volumes of the grid elements.
Min. volume: 0.000145316, max. volume: 36.319.

# FGMRES residual history
# Residual tolerance target = 1e-10
# Initial residual norm     = 9.9185e-08
     0     1
# FGMRES final (true) residual:
# Iteration = 4: |res|/|res0| = 2.38315e-11.

Computing volumes of the grid elements.
Non-linear iter.: 409/500. Linear iter.: 4. Min. area: 0.000145313. Error: 2.38315e-11.
Computing volumes of the grid elements.
Min. volume: 0.000145313, max. volume: 36.3191.

# FGMRES residual history
# Residual tolerance target = 1e-10
# Initial residual norm     = 9.97791e-08
     0     1
# FGMRES final (true) residual:
# Iteration = 4: |res|/|res0| = 2.37411e-11.

Computing volumes of the grid elements.
Non-linear iter.: 410/500. Linear iter.: 4. Min. area: 0.00014531. Error: 2.37411e-11.
Computing volumes of the grid elements.
Min. volume: 0.00014531, max. volume: 36.3192.

# FGMRES residual history
# Residual tolerance target = 1e-10
# Initial residual norm     = 1.00377e-07
     0     1
# FGMRES final (true) residual:
# Iteration = 4: |res|/|res0| = 2.36506e-11.

Computing volumes of the grid elements.
Non-linear iter.: 411/500. Linear iter.: 4. Min. area: 0.000145307. Error: 2.36506e-11.
Computing volumes of the grid elements.
Min. volume: 0.000145307, max. volume: 36.3193.

# FGMRES residual history
# Residual tolerance target = 1e-10
# Initial residual norm     = 1.0098e-07
     0     1
# FGMRES final (true) residual:
# Iteration = 4: |res|/|res0| = 2.35602e-11.

Computing volumes of the grid elements.
Non-linear iter.: 412/500. Linear iter.: 4. Min. area: 0.000145303. Error: 2.35602e-11.
Computing volumes of the grid elements.
Min. volume: 0.000145303, max. volume: 36.3194.

# FGMRES residual history
# Residual tolerance target = 1e-10
# Initial residual norm     = 1.01586e-07
     0     1
# FGMRES final (true) residual:
# Iteration = 4: |res|/|res0| = 2.34698e-11.

Computing volumes of the grid elements.
Non-linear iter.: 413/500. Linear iter.: 4. Min. area: 0.0001453. Error: 2.34698e-11.
Computing volumes of the grid elements.
Min. volume: 0.0001453, max. volume: 36.3195.

# FGMRES residual history
# Residual tolerance target = 1e-10
# Initial residual norm     = 1.02197e-07
     0     1
# FGMRES final (true) residual:
# Iteration = 4: |res|/|res0| = 2.33794e-11.

Computing volumes of the grid elements.
Non-linear iter.: 414/500. Linear iter.: 4. Min. area: 0.000145297. Error: 2.33794e-11.
Computing volumes of the grid elements.
Min. volume: 0.000145297, max. volume: 36.3196.

# FGMRES residual history
# Residual tolerance target = 1e-10
# Initial residual norm     = 1.02812e-07
     0     1
# FGMRES final (true) residual:
# Iteration = 4: |res|/|res0| = 2.3289e-11.

Computing volumes of the grid elements.
Non-linear iter.: 415/500. Linear iter.: 4. Min. area: 0.000145294. Error: 2.3289e-11.
Computing volumes of the grid elements.
Min. volume: 0.000145294, max. volume: 36.3197.

# FGMRES residual history
# Residual tolerance target = 1e-10
# Initial residual norm     = 1.03431e-07
     0     1
# FGMRES final (true) residual:
# Iteration = 4: |res|/|res0| = 2.31988e-11.

Computing volumes of the grid elements.
Non-linear iter.: 416/500. Linear iter.: 4. Min. area: 0.000145291. Error: 2.31988e-11.
Computing volumes of the grid elements.
Min. volume: 0.000145291, max. volume: 36.3198.

# FGMRES residual history
# Residual tolerance target = 1e-10
# Initial residual norm     = 1.04055e-07
     0     1
# FGMRES final (true) residual:
# Iteration = 4: |res|/|res0| = 2.31086e-11.

Computing volumes of the grid elements.
Non-linear iter.: 417/500. Linear iter.: 4. Min. area: 0.000145288. Error: 2.31086e-11.
Computing volumes of the grid elements.
Min. volume: 0.000145288, max. volume: 36.3199.

# FGMRES residual history
# Residual tolerance target = 1e-10
# Initial residual norm     = 1.04683e-07
     0     1
# FGMRES final (true) residual:
# Iteration = 4: |res|/|res0| = 2.30185e-11.

Computing volumes of the grid elements.
Non-linear iter.: 418/500. Linear iter.: 4. Min. area: 0.000145285. Error: 2.30185e-11.
Computing volumes of the grid elements.
Min. volume: 0.000145285, max. volume: 36.32.

# FGMRES residual history
# Residual tolerance target = 1e-10
# Initial residual norm     = 1.05314e-07
     0     1
# FGMRES final (true) residual:
# Iteration = 4: |res|/|res0| = 2.29285e-11.

Computing volumes of the grid elements.
Non-linear iter.: 419/500. Linear iter.: 4. Min. area: 0.000145281. Error: 2.29285e-11.
Computing volumes of the grid elements.
Min. volume: 0.000145281, max. volume: 36.3202.

# FGMRES residual history
# Residual tolerance target = 1e-10
# Initial residual norm     = 1.05951e-07
     0     1
# FGMRES final (true) residual:
# Iteration = 4: |res|/|res0| = 2.28387e-11.

Computing volumes of the grid elements.
Non-linear iter.: 420/500. Linear iter.: 4. Min. area: 0.000145278. Error: 2.28387e-11.
Computing volumes of the grid elements.
Min. volume: 0.000145278, max. volume: 36.3203.

# FGMRES residual history
# Residual tolerance target = 1e-10
# Initial residual norm     = 1.06591e-07
     0     1
# FGMRES final (true) residual:
# Iteration = 4: |res|/|res0| = 2.2749e-11.

Computing volumes of the grid elements.
Non-linear iter.: 421/500. Linear iter.: 4. Min. area: 0.000145275. Error: 2.2749e-11.
Computing volumes of the grid elements.
Min. volume: 0.000145275, max. volume: 36.3204.

# FGMRES residual history
# Residual tolerance target = 1e-10
# Initial residual norm     = 1.07236e-07
     0     1
# FGMRES final (true) residual:
# Iteration = 4: |res|/|res0| = 2.26595e-11.

Computing volumes of the grid elements.
Non-linear iter.: 422/500. Linear iter.: 4. Min. area: 0.000145272. Error: 2.26595e-11.
Computing volumes of the grid elements.
Min. volume: 0.000145272, max. volume: 36.3205.

# FGMRES residual history
# Residual tolerance target = 1e-10
# Initial residual norm     = 1.07885e-07
     0     1
# FGMRES final (true) residual:
# Iteration = 4: |res|/|res0| = 2.25702e-11.

Computing volumes of the grid elements.
Non-linear iter.: 423/500. Linear iter.: 4. Min. area: 0.000145269. Error: 2.25702e-11.
Computing volumes of the grid elements.
Min. volume: 0.000145269, max. volume: 36.3206.

# FGMRES residual history
# Residual tolerance target = 1e-10
# Initial residual norm     = 1.08538e-07
     0     1
# FGMRES final (true) residual:
# Iteration = 4: |res|/|res0| = 2.2481e-11.

Computing volumes of the grid elements.
Non-linear iter.: 424/500. Linear iter.: 4. Min. area: 0.000145266. Error: 2.2481e-11.
Computing volumes of the grid elements.
Min. volume: 0.000145266, max. volume: 36.3207.

# FGMRES residual history
# Residual tolerance target = 1e-10
# Initial residual norm     = 1.09195e-07
     0     1
# FGMRES final (true) residual:
# Iteration = 4: |res|/|res0| = 2.23921e-11.

Computing volumes of the grid elements.
Non-linear iter.: 425/500. Linear iter.: 4. Min. area: 0.000145262. Error: 2.23921e-11.
Computing volumes of the grid elements.
Min. volume: 0.000145262, max. volume: 36.3208.

# FGMRES residual history
# Residual tolerance target = 1e-10
# Initial residual norm     = 1.09857e-07
     0     1
# FGMRES final (true) residual:
# Iteration = 4: |res|/|res0| = 2.23033e-11.

Computing volumes of the grid elements.
Non-linear iter.: 426/500. Linear iter.: 4. Min. area: 0.000145259. Error: 2.23033e-11.
Computing volumes of the grid elements.
Min. volume: 0.000145259, max. volume: 36.321.

# FGMRES residual history
# Residual tolerance target = 1e-10
# Initial residual norm     = 1.10523e-07
     0     1
# FGMRES final (true) residual:
# Iteration = 4: |res|/|res0| = 2.22148e-11.

Computing volumes of the grid elements.
Non-linear iter.: 427/500. Linear iter.: 4. Min. area: 0.000145256. Error: 2.22148e-11.
Computing volumes of the grid elements.
Min. volume: 0.000145256, max. volume: 36.3211.

# FGMRES residual history
# Residual tolerance target = 1e-10
# Initial residual norm     = 1.11194e-07
     0     1
# FGMRES final (true) residual:
# Iteration = 4: |res|/|res0| = 2.21265e-11.

Computing volumes of the grid elements.
Non-linear iter.: 428/500. Linear iter.: 4. Min. area: 0.000145253. Error: 2.21265e-11.
Computing volumes of the grid elements.
Min. volume: 0.000145253, max. volume: 36.3212.

# FGMRES residual history
# Residual tolerance target = 1e-10
# Initial residual norm     = 1.11869e-07
     0     1
# FGMRES final (true) residual:
# Iteration = 4: |res|/|res0| = 2.20384e-11.

Computing volumes of the grid elements.
Non-linear iter.: 429/500. Linear iter.: 4. Min. area: 0.00014525. Error: 2.20384e-11.
Computing volumes of the grid elements.
Min. volume: 0.00014525, max. volume: 36.3213.

# FGMRES residual history
# Residual tolerance target = 1e-10
# Initial residual norm     = 1.12548e-07
     0     1
# FGMRES final (true) residual:
# Iteration = 4: |res|/|res0| = 2.19506e-11.

Computing volumes of the grid elements.
Non-linear iter.: 430/500. Linear iter.: 4. Min. area: 0.000145247. Error: 2.19506e-11.
Computing volumes of the grid elements.
Min. volume: 0.000145247, max. volume: 36.3215.

# FGMRES residual history
# Residual tolerance target = 1e-10
# Initial residual norm     = 1.13231e-07
     0     1
# FGMRES final (true) residual:
# Iteration = 4: |res|/|res0| = 2.1863e-11.

Computing volumes of the grid elements.
Non-linear iter.: 431/500. Linear iter.: 4. Min. area: 0.000145244. Error: 2.1863e-11.
Computing volumes of the grid elements.
Min. volume: 0.000145244, max. volume: 36.3216.

# FGMRES residual history
# Residual tolerance target = 1e-10
# Initial residual norm     = 1.13919e-07
     0     1
# FGMRES final (true) residual:
# Iteration = 4: |res|/|res0| = 2.17757e-11.

Computing volumes of the grid elements.
Non-linear iter.: 432/500. Linear iter.: 4. Min. area: 0.00014524. Error: 2.17757e-11.
Computing volumes of the grid elements.
Min. volume: 0.00014524, max. volume: 36.3217.

# FGMRES residual history
# Residual tolerance target = 1e-10
# Initial residual norm     = 1.14612e-07
     0     1
# FGMRES final (true) residual:
# Iteration = 4: |res|/|res0| = 2.16886e-11.

Computing volumes of the grid elements.
Non-linear iter.: 433/500. Linear iter.: 4. Min. area: 0.000145237. Error: 2.16886e-11.
Computing volumes of the grid elements.
Min. volume: 0.000145237, max. volume: 36.3218.

# FGMRES residual history
# Residual tolerance target = 1e-10
# Initial residual norm     = 1.15309e-07
     0     1
# FGMRES final (true) residual:
# Iteration = 4: |res|/|res0| = 2.16019e-11.

Computing volumes of the grid elements.
Non-linear iter.: 434/500. Linear iter.: 4. Min. area: 0.000145234. Error: 2.16019e-11.
Computing volumes of the grid elements.
Min. volume: 0.000145234, max. volume: 36.322.

# FGMRES residual history
# Residual tolerance target = 1e-10
# Initial residual norm     = 1.1601e-07
     0     1
# FGMRES final (true) residual:
# Iteration = 4: |res|/|res0| = 2.15154e-11.

Computing volumes of the grid elements.
Non-linear iter.: 435/500. Linear iter.: 4. Min. area: 0.000145231. Error: 2.15154e-11.
Computing volumes of the grid elements.
Min. volume: 0.000145231, max. volume: 36.3221.

# FGMRES residual history
# Residual tolerance target = 1e-10
# Initial residual norm     = 1.16716e-07
     0     1
# FGMRES final (true) residual:
# Iteration = 4: |res|/|res0| = 2.14292e-11.

Computing volumes of the grid elements.
Non-linear iter.: 436/500. Linear iter.: 4. Min. area: 0.000145228. Error: 2.14292e-11.
Computing volumes of the grid elements.
Min. volume: 0.000145228, max. volume: 36.3223.

# FGMRES residual history
# Residual tolerance target = 1e-10
# Initial residual norm     = 1.17426e-07
     0     1
# FGMRES final (true) residual:
# Iteration = 4: |res|/|res0| = 2.13433e-11.

Computing volumes of the grid elements.
Non-linear iter.: 437/500. Linear iter.: 4. Min. area: 0.000145225. Error: 2.13433e-11.
Computing volumes of the grid elements.
Min. volume: 0.000145225, max. volume: 36.3224.

# FGMRES residual history
# Residual tolerance target = 1e-10
# Initial residual norm     = 1.18141e-07
     0     1
# FGMRES final (true) residual:
# Iteration = 4: |res|/|res0| = 2.12576e-11.

Computing volumes of the grid elements.
Non-linear iter.: 438/500. Linear iter.: 4. Min. area: 0.000145222. Error: 2.12576e-11.
Computing volumes of the grid elements.
Min. volume: 0.000145222, max. volume: 36.3225.

# FGMRES residual history
# Residual tolerance target = 1e-10
# Initial residual norm     = 1.1886e-07
     0     1
# FGMRES final (true) residual:
# Iteration = 4: |res|/|res0| = 2.11723e-11.

Computing volumes of the grid elements.
Non-linear iter.: 439/500. Linear iter.: 4. Min. area: 0.000145219. Error: 2.11723e-11.
Computing volumes of the grid elements.
Min. volume: 0.000145219, max. volume: 36.3227.

# FGMRES residual history
# Residual tolerance target = 1e-10
# Initial residual norm     = 1.19584e-07
     0     1
# FGMRES final (true) residual:
# Iteration = 4: |res|/|res0| = 2.10873e-11.

Computing volumes of the grid elements.
Non-linear iter.: 440/500. Linear iter.: 4. Min. area: 0.000145215. Error: 2.10873e-11.
Computing volumes of the grid elements.
Min. volume: 0.000145215, max. volume: 36.3228.

# FGMRES residual history
# Residual tolerance target = 1e-10
# Initial residual norm     = 1.20312e-07
     0     1
# FGMRES final (true) residual:
# Iteration = 4: |res|/|res0| = 2.10026e-11.

Computing volumes of the grid elements.
Non-linear iter.: 441/500. Linear iter.: 4. Min. area: 0.000145212. Error: 2.10026e-11.
Computing volumes of the grid elements.
Min. volume: 0.000145212, max. volume: 36.323.

# FGMRES residual history
# Residual tolerance target = 1e-10
# Initial residual norm     = 1.21045e-07
     0     1
# FGMRES final (true) residual:
# Iteration = 4: |res|/|res0| = 2.09182e-11.

Computing volumes of the grid elements.
Non-linear iter.: 442/500. Linear iter.: 4. Min. area: 0.000145209. Error: 2.09182e-11.
Computing volumes of the grid elements.
Min. volume: 0.000145209, max. volume: 36.3231.

# FGMRES residual history
# Residual tolerance target = 1e-10
# Initial residual norm     = 1.21782e-07
     0     1
# FGMRES final (true) residual:
# Iteration = 4: |res|/|res0| = 2.08342e-11.

Computing volumes of the grid elements.
Non-linear iter.: 443/500. Linear iter.: 4. Min. area: 0.000145206. Error: 2.08342e-11.
Computing volumes of the grid elements.
Min. volume: 0.000145206, max. volume: 36.3233.

# FGMRES residual history
# Residual tolerance target = 1e-10
# Initial residual norm     = 1.22525e-07
     0     1
# FGMRES final (true) residual:
# Iteration = 4: |res|/|res0| = 2.07504e-11.

Computing volumes of the grid elements.
Non-linear iter.: 444/500. Linear iter.: 4. Min. area: 0.000145203. Error: 2.07504e-11.
Computing volumes of the grid elements.
Min. volume: 0.000145203, max. volume: 36.3234.

# FGMRES residual history
# Residual tolerance target = 1e-10
# Initial residual norm     = 1.23271e-07
     0     1
# FGMRES final (true) residual:
# Iteration = 4: |res|/|res0| = 2.0667e-11.

Computing volumes of the grid elements.
Non-linear iter.: 445/500. Linear iter.: 4. Min. area: 0.0001452. Error: 2.0667e-11.
Computing volumes of the grid elements.
Min. volume: 0.0001452, max. volume: 36.3236.

# FGMRES residual history
# Residual tolerance target = 1e-10
# Initial residual norm     = 1.24023e-07
     0     1
# FGMRES final (true) residual:
# Iteration = 4: |res|/|res0| = 2.0584e-11.

Computing volumes of the grid elements.
Non-linear iter.: 446/500. Linear iter.: 4. Min. area: 0.000145197. Error: 2.0584e-11.
Computing volumes of the grid elements.
Min. volume: 0.000145197, max. volume: 36.3237.

# FGMRES residual history
# Residual tolerance target = 1e-10
# Initial residual norm     = 1.24779e-07
     0     1
# FGMRES final (true) residual:
# Iteration = 4: |res|/|res0| = 2.05012e-11.

Computing volumes of the grid elements.
Non-linear iter.: 447/500. Linear iter.: 4. Min. area: 0.000145194. Error: 2.05012e-11.
Computing volumes of the grid elements.
Min. volume: 0.000145194, max. volume: 36.3239.

# FGMRES residual history
# Residual tolerance target = 1e-10
# Initial residual norm     = 1.25539e-07
     0     1
# FGMRES final (true) residual:
# Iteration = 4: |res|/|res0| = 2.04188e-11.

Computing volumes of the grid elements.
Non-linear iter.: 448/500. Linear iter.: 4. Min. area: 0.00014519. Error: 2.04188e-11.
Computing volumes of the grid elements.
Min. volume: 0.00014519, max. volume: 36.324.

# FGMRES residual history
# Residual tolerance target = 1e-10
# Initial residual norm     = 1.26305e-07
     0     1
# FGMRES final (true) residual:
# Iteration = 4: |res|/|res0| = 2.03367e-11.

Computing volumes of the grid elements.
Non-linear iter.: 449/500. Linear iter.: 4. Min. area: 0.000145187. Error: 2.03367e-11.
Computing volumes of the grid elements.
Min. volume: 0.000145187, max. volume: 36.3242.

# FGMRES residual history
# Residual tolerance target = 1e-10
# Initial residual norm     = 1.27075e-07
     0     1
# FGMRES final (true) residual:
# Iteration = 4: |res|/|res0| = 2.0255e-11.

Computing volumes of the grid elements.
Non-linear iter.: 450/500. Linear iter.: 4. Min. area: 0.000145184. Error: 2.0255e-11.
Computing volumes of the grid elements.
Min. volume: 0.000145184, max. volume: 36.3243.

# FGMRES residual history
# Residual tolerance target = 1e-10
# Initial residual norm     = 1.2785e-07
     0     1
# FGMRES final (true) residual:
# Iteration = 4: |res|/|res0| = 2.01736e-11.

Computing volumes of the grid elements.
Non-linear iter.: 451/500. Linear iter.: 4. Min. area: 0.000145181. Error: 2.01736e-11.
Computing volumes of the grid elements.
Min. volume: 0.000145181, max. volume: 36.3245.

# FGMRES residual history
# Residual tolerance target = 1e-10
# Initial residual norm     = 1.2863e-07
     0     1
# FGMRES final (true) residual:
# Iteration = 4: |res|/|res0| = 2.00925e-11.

Computing volumes of the grid elements.
Non-linear iter.: 452/500. Linear iter.: 4. Min. area: 0.000145178. Error: 2.00925e-11.
Computing volumes of the grid elements.
Min. volume: 0.000145178, max. volume: 36.3247.

# FGMRES residual history
# Residual tolerance target = 1e-10
# Initial residual norm     = 1.29414e-07
     0     1
# FGMRES final (true) residual:
# Iteration = 4: |res|/|res0| = 2.00118e-11.

Computing volumes of the grid elements.
Non-linear iter.: 453/500. Linear iter.: 4. Min. area: 0.000145175. Error: 2.00118e-11.
Computing volumes of the grid elements.
Min. volume: 0.000145175, max. volume: 36.3248.

# FGMRES residual history
# Residual tolerance target = 1e-10
# Initial residual norm     = 1.30204e-07
     0     1
# FGMRES final (true) residual:
# Iteration = 4: |res|/|res0| = 1.99315e-11.

Computing volumes of the grid elements.
Non-linear iter.: 454/500. Linear iter.: 4. Min. area: 0.000145172. Error: 1.99315e-11.
Computing volumes of the grid elements.
Min. volume: 0.000145172, max. volume: 36.325.

# FGMRES residual history
# Residual tolerance target = 1e-10
# Initial residual norm     = 1.30998e-07
     0     1
# FGMRES final (true) residual:
# Iteration = 4: |res|/|res0| = 1.98515e-11.

Computing volumes of the grid elements.
Non-linear iter.: 455/500. Linear iter.: 4. Min. area: 0.000145169. Error: 1.98515e-11.
Computing volumes of the grid elements.
Min. volume: 0.000145169, max. volume: 36.3252.

# FGMRES residual history
# Residual tolerance target = 1e-10
# Initial residual norm     = 1.31797e-07
     0     1
# FGMRES final (true) residual:
# Iteration = 4: |res|/|res0| = 1.97718e-11.

Computing volumes of the grid elements.
Non-linear iter.: 456/500. Linear iter.: 4. Min. area: 0.000145166. Error: 1.97718e-11.
Computing volumes of the grid elements.
Min. volume: 0.000145166, max. volume: 36.3254.

# FGMRES residual history
# Residual tolerance target = 1e-10
# Initial residual norm     = 1.32601e-07
     0     1
# FGMRES final (true) residual:
# Iteration = 4: |res|/|res0| = 1.96925e-11.

Computing volumes of the grid elements.
Non-linear iter.: 457/500. Linear iter.: 4. Min. area: 0.000145162. Error: 1.96925e-11.
Computing volumes of the grid elements.
Min. volume: 0.000145162, max. volume: 36.3255.

# FGMRES residual history
# Residual tolerance target = 1e-10
# Initial residual norm     = 1.3341e-07
     0     1
# FGMRES final (true) residual:
# Iteration = 4: |res|/|res0| = 1.96136e-11.

Computing volumes of the grid elements.
Non-linear iter.: 458/500. Linear iter.: 4. Min. area: 0.000145159. Error: 1.96136e-11.
Computing volumes of the grid elements.
Min. volume: 0.000145159, max. volume: 36.3257.

# FGMRES residual history
# Residual tolerance target = 1e-10
# Initial residual norm     = 1.34224e-07
     0     1
# FGMRES final (true) residual:
# Iteration = 4: |res|/|res0| = 1.95349e-11.

Computing volumes of the grid elements.
Non-linear iter.: 459/500. Linear iter.: 4. Min. area: 0.000145156. Error: 1.95349e-11.
Computing volumes of the grid elements.
Min. volume: 0.000145156, max. volume: 36.3259.

# FGMRES residual history
# Residual tolerance target = 1e-10
# Initial residual norm     = 1.35043e-07
     0     1
# FGMRES final (true) residual:
# Iteration = 4: |res|/|res0| = 1.94567e-11.

Computing volumes of the grid elements.
Non-linear iter.: 460/500. Linear iter.: 4. Min. area: 0.000145153. Error: 1.94567e-11.
Computing volumes of the grid elements.
Min. volume: 0.000145153, max. volume: 36.3261.

# FGMRES residual history
# Residual tolerance target = 1e-10
# Initial residual norm     = 1.35866e-07
     0     1
# FGMRES final (true) residual:
# Iteration = 4: |res|/|res0| = 1.93788e-11.

Computing volumes of the grid elements.
Non-linear iter.: 461/500. Linear iter.: 4. Min. area: 0.00014515. Error: 1.93788e-11.
Computing volumes of the grid elements.
Min. volume: 0.00014515, max. volume: 36.3262.

# FGMRES residual history
# Residual tolerance target = 1e-10
# Initial residual norm     = 1.36695e-07
     0     1
# FGMRES final (true) residual:
# Iteration = 4: |res|/|res0| = 1.93013e-11.

Computing volumes of the grid elements.
Non-linear iter.: 462/500. Linear iter.: 4. Min. area: 0.000145147. Error: 1.93013e-11.
Computing volumes of the grid elements.
Min. volume: 0.000145147, max. volume: 36.3264.

# FGMRES residual history
# Residual tolerance target = 1e-10
# Initial residual norm     = 1.37529e-07
     0     1
# FGMRES final (true) residual:
# Iteration = 4: |res|/|res0| = 1.92241e-11.

Computing volumes of the grid elements.
Non-linear iter.: 463/500. Linear iter.: 4. Min. area: 0.000145144. Error: 1.92241e-11.
Computing volumes of the grid elements.
Min. volume: 0.000145144, max. volume: 36.3266.

# FGMRES residual history
# Residual tolerance target = 1e-10
# Initial residual norm     = 1.38368e-07
     0     1
# FGMRES final (true) residual:
# Iteration = 4: |res|/|res0| = 1.91472e-11.

Computing volumes of the grid elements.
Non-linear iter.: 464/500. Linear iter.: 4. Min. area: 0.000145141. Error: 1.91472e-11.
Computing volumes of the grid elements.
Min. volume: 0.000145141, max. volume: 36.3268.

# FGMRES residual history
# Residual tolerance target = 1e-10
# Initial residual norm     = 1.39212e-07
     0     1
# FGMRES final (true) residual:
# Iteration = 4: |res|/|res0| = 1.90708e-11.

Computing volumes of the grid elements.
Non-linear iter.: 465/500. Linear iter.: 4. Min. area: 0.000145138. Error: 1.90708e-11.
Computing volumes of the grid elements.
Min. volume: 0.000145138, max. volume: 36.327.

# FGMRES residual history
# Residual tolerance target = 1e-10
# Initial residual norm     = 1.40062e-07
     0     1
# FGMRES final (true) residual:
# Iteration = 4: |res|/|res0| = 1.89946e-11.

Computing volumes of the grid elements.
Non-linear iter.: 466/500. Linear iter.: 4. Min. area: 0.000145135. Error: 1.89946e-11.
Computing volumes of the grid elements.
Min. volume: 0.000145135, max. volume: 36.3272.

# FGMRES residual history
# Residual tolerance target = 1e-10
# Initial residual norm     = 1.40916e-07
     0     1
# FGMRES final (true) residual:
# Iteration = 4: |res|/|res0| = 1.89189e-11.

Computing volumes of the grid elements.
Non-linear iter.: 467/500. Linear iter.: 4. Min. area: 0.000145131. Error: 1.89189e-11.
Computing volumes of the grid elements.
Min. volume: 0.000145131, max. volume: 36.3274.

# FGMRES residual history
# Residual tolerance target = 1e-10
# Initial residual norm     = 1.41776e-07
     0     1
# FGMRES final (true) residual:
# Iteration = 4: |res|/|res0| = 1.88434e-11.

Computing volumes of the grid elements.
Non-linear iter.: 468/500. Linear iter.: 4. Min. area: 0.000145128. Error: 1.88434e-11.
Computing volumes of the grid elements.
Min. volume: 0.000145128, max. volume: 36.3276.

# FGMRES residual history
# Residual tolerance target = 1e-10
# Initial residual norm     = 1.42641e-07
     0     1
# FGMRES final (true) residual:
# Iteration = 4: |res|/|res0| = 1.87684e-11.

Computing volumes of the grid elements.
Non-linear iter.: 469/500. Linear iter.: 4. Min. area: 0.000145125. Error: 1.87684e-11.
Computing volumes of the grid elements.
Min. volume: 0.000145125, max. volume: 36.3278.

# FGMRES residual history
# Residual tolerance target = 1e-10
# Initial residual norm     = 1.43511e-07
     0     1
# FGMRES final (true) residual:
# Iteration = 4: |res|/|res0| = 1.86937e-11.

Computing volumes of the grid elements.
Non-linear iter.: 470/500. Linear iter.: 4. Min. area: 0.000145122. Error: 1.86937e-11.
Computing volumes of the grid elements.
Min. volume: 0.000145122, max. volume: 36.328.

# FGMRES residual history
# Residual tolerance target = 1e-10
# Initial residual norm     = 1.44386e-07
     0     1
# FGMRES final (true) residual:
# Iteration = 4: |res|/|res0| = 1.86193e-11.

Computing volumes of the grid elements.
Non-linear iter.: 471/500. Linear iter.: 4. Min. area: 0.000145119. Error: 1.86193e-11.
Computing volumes of the grid elements.
Min. volume: 0.000145119, max. volume: 36.3282.

# FGMRES residual history
# Residual tolerance target = 1e-10
# Initial residual norm     = 1.45267e-07
     0     1
# FGMRES final (true) residual:
# Iteration = 4: |res|/|res0| = 1.85453e-11.

Computing volumes of the grid elements.
Non-linear iter.: 472/500. Linear iter.: 4. Min. area: 0.000145116. Error: 1.85453e-11.
Computing volumes of the grid elements.
Min. volume: 0.000145116, max. volume: 36.3284.

# FGMRES residual history
# Residual tolerance target = 1e-10
# Initial residual norm     = 1.46153e-07
     0     1
# FGMRES final (true) residual:
# Iteration = 4: |res|/|res0| = 1.84717e-11.

Computing volumes of the grid elements.
Non-linear iter.: 473/500. Linear iter.: 4. Min. area: 0.000145113. Error: 1.84717e-11.
Computing volumes of the grid elements.
Min. volume: 0.000145113, max. volume: 36.3286.

# FGMRES residual history
# Residual tolerance target = 1e-10
# Initial residual norm     = 1.47044e-07
     0     1
# FGMRES final (true) residual:
# Iteration = 4: |res|/|res0| = 1.83984e-11.

Computing volumes of the grid elements.
Non-linear iter.: 474/500. Linear iter.: 4. Min. area: 0.00014511. Error: 1.83984e-11.
Computing volumes of the grid elements.
Min. volume: 0.00014511, max. volume: 36.3288.

# FGMRES residual history
# Residual tolerance target = 1e-10
# Initial residual norm     = 1.47941e-07
     0     1
# FGMRES final (true) residual:
# Iteration = 4: |res|/|res0| = 1.83254e-11.

Computing volumes of the grid elements.
Non-linear iter.: 475/500. Linear iter.: 4. Min. area: 0.000145107. Error: 1.83254e-11.
Computing volumes of the grid elements.
Min. volume: 0.000145107, max. volume: 36.329.

# FGMRES residual history
# Residual tolerance target = 1e-10
# Initial residual norm     = 1.48843e-07
     0     1
# FGMRES final (true) residual:
# Iteration = 4: |res|/|res0| = 1.82528e-11.

Computing volumes of the grid elements.
Non-linear iter.: 476/500. Linear iter.: 4. Min. area: 0.000145104. Error: 1.82528e-11.
Computing volumes of the grid elements.
Min. volume: 0.000145104, max. volume: 36.3292.

# FGMRES residual history
# Residual tolerance target = 1e-10
# Initial residual norm     = 1.49751e-07
     0     1
# FGMRES final (true) residual:
# Iteration = 4: |res|/|res0| = 1.81806e-11.

Computing volumes of the grid elements.
Non-linear iter.: 477/500. Linear iter.: 4. Min. area: 0.000145101. Error: 1.81806e-11.
Computing volumes of the grid elements.
Min. volume: 0.000145101, max. volume: 36.3294.

# FGMRES residual history
# Residual tolerance target = 1e-10
# Initial residual norm     = 1.50664e-07
     0     1
# FGMRES final (true) residual:
# Iteration = 4: |res|/|res0| = 1.81087e-11.

Computing volumes of the grid elements.
Non-linear iter.: 478/500. Linear iter.: 4. Min. area: 0.000145097. Error: 1.81087e-11.
Computing volumes of the grid elements.
Min. volume: 0.000145097, max. volume: 36.3296.

# FGMRES residual history
# Residual tolerance target = 1e-10
# Initial residual norm     = 1.51583e-07
     0     1
# FGMRES final (true) residual:
# Iteration = 4: |res|/|res0| = 1.80371e-11.

Computing volumes of the grid elements.
Non-linear iter.: 479/500. Linear iter.: 4. Min. area: 0.000145094. Error: 1.80371e-11.
Computing volumes of the grid elements.
Min. volume: 0.000145094, max. volume: 36.3298.

# FGMRES residual history
# Residual tolerance target = 1e-10
# Initial residual norm     = 1.52508e-07
     0     1
# FGMRES final (true) residual:
# Iteration = 4: |res|/|res0| = 1.79659e-11.

Computing volumes of the grid elements.
Non-linear iter.: 480/500. Linear iter.: 4. Min. area: 0.000145091. Error: 1.79659e-11.
Computing volumes of the grid elements.
Min. volume: 0.000145091, max. volume: 36.33.

# FGMRES residual history
# Residual tolerance target = 1e-10
# Initial residual norm     = 1.53438e-07
     0     1
# FGMRES final (true) residual:
# Iteration = 4: |res|/|res0| = 1.78951e-11.

Computing volumes of the grid elements.
Non-linear iter.: 481/500. Linear iter.: 4. Min. area: 0.000145088. Error: 1.78951e-11.
Computing volumes of the grid elements.
Min. volume: 0.000145088, max. volume: 36.3303.

# FGMRES residual history
# Residual tolerance target = 1e-10
# Initial residual norm     = 1.54373e-07
     0     1
# FGMRES final (true) residual:
# Iteration = 4: |res|/|res0| = 1.78246e-11.

Computing volumes of the grid elements.
Non-linear iter.: 482/500. Linear iter.: 4. Min. area: 0.000145085. Error: 1.78246e-11.
Computing volumes of the grid elements.
Min. volume: 0.000145085, max. volume: 36.3305.

# FGMRES residual history
# Residual tolerance target = 1e-10
# Initial residual norm     = 1.55315e-07
     0     1
# FGMRES final (true) residual:
# Iteration = 4: |res|/|res0| = 1.77544e-11.

Computing volumes of the grid elements.
Non-linear iter.: 483/500. Linear iter.: 4. Min. area: 0.000145082. Error: 1.77544e-11.
Computing volumes of the grid elements.
Min. volume: 0.000145082, max. volume: 36.3307.

# FGMRES residual history
# Residual tolerance target = 1e-10
# Initial residual norm     = 1.56262e-07
     0     1
# FGMRES final (true) residual:
# Iteration = 4: |res|/|res0| = 1.76846e-11.

Computing volumes of the grid elements.
Non-linear iter.: 484/500. Linear iter.: 4. Min. area: 0.000145079. Error: 1.76846e-11.
Computing volumes of the grid elements.
Min. volume: 0.000145079, max. volume: 36.3309.

# FGMRES residual history
# Residual tolerance target = 1e-10
# Initial residual norm     = 1.57214e-07
     0     1
# FGMRES final (true) residual:
# Iteration = 4: |res|/|res0| = 1.76151e-11.

Computing volumes of the grid elements.
Non-linear iter.: 485/500. Linear iter.: 4. Min. area: 0.000145076. Error: 1.76151e-11.
Computing volumes of the grid elements.
Min. volume: 0.000145076, max. volume: 36.3312.

# FGMRES residual history
# Residual tolerance target = 1e-10
# Initial residual norm     = 1.58173e-07
     0     1
# FGMRES final (true) residual:
# Iteration = 4: |res|/|res0| = 1.75459e-11.

Computing volumes of the grid elements.
Non-linear iter.: 486/500. Linear iter.: 4. Min. area: 0.000145073. Error: 1.75459e-11.
Computing volumes of the grid elements.
Min. volume: 0.000145073, max. volume: 36.3314.

# FGMRES residual history
# Residual tolerance target = 1e-10
# Initial residual norm     = 1.59137e-07
     0     1
# FGMRES final (true) residual:
# Iteration = 4: |res|/|res0| = 1.74771e-11.

Computing volumes of the grid elements.
Non-linear iter.: 487/500. Linear iter.: 4. Min. area: 0.00014507. Error: 1.74771e-11.
Computing volumes of the grid elements.
Min. volume: 0.00014507, max. volume: 36.3316.

# FGMRES residual history
# Residual tolerance target = 1e-10
# Initial residual norm     = 1.60107e-07
     0     1
# FGMRES final (true) residual:
# Iteration = 4: |res|/|res0| = 1.74086e-11.

Computing volumes of the grid elements.
Non-linear iter.: 488/500. Linear iter.: 4. Min. area: 0.000145067. Error: 1.74086e-11.
Computing volumes of the grid elements.
Min. volume: 0.000145067, max. volume: 36.3319.

# FGMRES residual history
# Residual tolerance target = 1e-10
# Initial residual norm     = 1.61084e-07
     0     1
# FGMRES final (true) residual:
# Iteration = 4: |res|/|res0| = 1.73405e-11.

Computing volumes of the grid elements.
Non-linear iter.: 489/500. Linear iter.: 4. Min. area: 0.000145064. Error: 1.73405e-11.
Computing volumes of the grid elements.
Min. volume: 0.000145064, max. volume: 36.3321.

# FGMRES residual history
# Residual tolerance target = 1e-10
# Initial residual norm     = 1.62066e-07
     0     1
# FGMRES final (true) residual:
# Iteration = 4: |res|/|res0| = 1.72727e-11.

Computing volumes of the grid elements.
Non-linear iter.: 490/500. Linear iter.: 4. Min. area: 0.000145061. Error: 1.72727e-11.
Computing volumes of the grid elements.
Min. volume: 0.000145061, max. volume: 36.3323.

# FGMRES residual history
# Residual tolerance target = 1e-10
# Initial residual norm     = 1.63054e-07
     0     1
# FGMRES final (true) residual:
# Iteration = 4: |res|/|res0| = 1.72052e-11.

Computing volumes of the grid elements.
Non-linear iter.: 491/500. Linear iter.: 4. Min. area: 0.000145057. Error: 1.72052e-11.
Computing volumes of the grid elements.
Min. volume: 0.000145057, max. volume: 36.3326.

# FGMRES residual history
# Residual tolerance target = 1e-10
# Initial residual norm     = 1.64048e-07
     0     1
# FGMRES final (true) residual:
# Iteration = 4: |res|/|res0| = 1.71381e-11.

Computing volumes of the grid elements.
Non-linear iter.: 492/500. Linear iter.: 4. Min. area: 0.000145054. Error: 1.71381e-11.
Computing volumes of the grid elements.
Min. volume: 0.000145054, max. volume: 36.3328.

# FGMRES residual history
# Residual tolerance target = 1e-10
# Initial residual norm     = 1.65048e-07
     0     1
# FGMRES final (true) residual:
# Iteration = 4: |res|/|res0| = 1.70713e-11.

Computing volumes of the grid elements.
Non-linear iter.: 493/500. Linear iter.: 4. Min. area: 0.000145051. Error: 1.70713e-11.
Computing volumes of the grid elements.
Min. volume: 0.000145051, max. volume: 36.3331.

# FGMRES residual history
# Residual tolerance target = 1e-10
# Initial residual norm     = 1.66054e-07
     0     1
# FGMRES final (true) residual:
# Iteration = 4: |res|/|res0| = 1.70048e-11.

Computing volumes of the grid elements.
Non-linear iter.: 494/500. Linear iter.: 4. Min. area: 0.000145048. Error: 1.70048e-11.
Computing volumes of the grid elements.
Min. volume: 0.000145048, max. volume: 36.3333.

# FGMRES residual history
# Residual tolerance target = 1e-10
# Initial residual norm     = 1.67066e-07
     0     1
# FGMRES final (true) residual:
# Iteration = 4: |res|/|res0| = 1.69386e-11.

Computing volumes of the grid elements.
Non-linear iter.: 495/500. Linear iter.: 4. Min. area: 0.000145045. Error: 1.69386e-11.
Computing volumes of the grid elements.
Min. volume: 0.000145045, max. volume: 36.3336.

# FGMRES residual history
# Residual tolerance target = 1e-10
# Initial residual norm     = 1.68084e-07
     0     1
# FGMRES final (true) residual:
# Iteration = 4: |res|/|res0| = 1.68728e-11.

Computing volumes of the grid elements.
Non-linear iter.: 496/500. Linear iter.: 4. Min. area: 0.000145042. Error: 1.68728e-11.
Computing volumes of the grid elements.
Min. volume: 0.000145042, max. volume: 36.3338.

# FGMRES residual history
# Residual tolerance target = 1e-10
# Initial residual norm     = 1.69109e-07
     0     1
# FGMRES final (true) residual:
# Iteration = 4: |res|/|res0| = 1.68073e-11.

Computing volumes of the grid elements.
Non-linear iter.: 497/500. Linear iter.: 4. Min. area: 0.000145039. Error: 1.68073e-11.
Computing volumes of the grid elements.
Min. volume: 0.000145039, max. volume: 36.3341.

# FGMRES residual history
# Residual tolerance target = 1e-10
# Initial residual norm     = 1.7014e-07
     0     1
# FGMRES final (true) residual:
# Iteration = 4: |res|/|res0| = 1.67421e-11.

Computing volumes of the grid elements.
Non-linear iter.: 498/500. Linear iter.: 4. Min. area: 0.000145036. Error: 1.67421e-11.
Computing volumes of the grid elements.
Min. volume: 0.000145036, max. volume: 36.3343.

# FGMRES residual history
# Residual tolerance target = 1e-10
# Initial residual norm     = 1.71177e-07
     0     1
# FGMRES final (true) residual:
# Iteration = 4: |res|/|res0| = 1.66772e-11.

Computing volumes of the grid elements.
Non-linear iter.: 499/500. Linear iter.: 4. Min. area: 0.000145033. Error: 1.66772e-11.
Computing volumes of the grid elements.
Min. volume: 0.000145033, max. volume: 36.3346.

# FGMRES residual history
# Residual tolerance target = 1e-10
# Initial residual norm     = 1.7222e-07
     0     1
# FGMRES final (true) residual:
# Iteration = 4: |res|/|res0| = 1.66126e-11.

Computing volumes of the grid elements.
Non-linear iter.: 500/500. Linear iter.: 4. Min. area: 0.00014503. Error: 1.66126e-11.

Completed in 0.096786 seconds on 1 core.

----------------------- Write deformed grid files -----------------------
|SU2 mesh                           |mesh_deformed.su2                  |
Adding any FFD information to the SU2 file.

------------------------- Finalize Solver -------------------------
Deleted CNumerics container.
Deleted CSolver container.
Deleted CGeometry container.
Deleted CSurfaceMovement class.
Deleted CVolumetricMovement class.
Deleted CConfig container.
Deleted COutput class.

------------------------- Exit Success (SU2_DEF) ------------------------

