
-------------------------------------------------------------------------
|    ___ _   _ ___                                                      |
|   / __| | | |_  )   Release 8.4.0 "Harrier"                           |
|   \__ \ |_| |/ /                                                      |
|   |___/\___//___|   Suite (Mesh Deformation Code)                     |
|                                                                       |
-------------------------------------------------------------------------
| SU2 Project Website: https://su2code.github.io                        |
|                                                                       |
| The SU2 Project is maintained by the SU2 Foundation                   |
| (http://su2foundation.org)                                            |
-------------------------------------------------------------------------
| Copyright 2012-2026, SU2 Contributors                                 |
|                                                                       |
| SU2 is free software; you can redistribute it and/or                  |
| modify it under the terms of the GNU Lesser General Public            |
| License as published by the Free Software Foundation; either          |
| version 2.1 of the License, or (at your option) any later version.    |
|                                                                       |
| SU2 is distributed in the hope that it will be useful,                |
| but WITHOUT ANY WARRANTY; without even the implied warranty of        |
| MERCHANTABILITY or FITNESS FOR A PARTICULAR PURPOSE. See the GNU      |
| Lesser General Public License for more details.                       |
|                                                                       |
| You should have received a copy of the GNU Lesser General Public      |
| License along with SU2. If not, see <http://www.gnu.org/licenses/>.   |
-------------------------------------------------------------------------

----------------- Physical Case Definition ( Zone 0 ) -------------------
Input mesh file name: mesh_original.su2

---------------- Grid deformation parameters ( Zone 0 )  ----------------
Grid deformation using linear elasticity method.


-------------------- Output Information ( Zone 0 ) ----------------------
Output mesh file name: mesh_deformed.su2. 
Cell stiffness scaled by inverse of the cell volume.

------------- Config File Boundary Information ( Zone 0 ) ---------------
+-----------------------------------------------------------------------+
|                        Marker Type|                        Marker Name|
+-----------------------------------------------------------------------+
|                          Far-field|                           farfield|
+-----------------------------------------------------------------------+
|                     Heat flux wall|                            airfoil|
+-----------------------------------------------------------------------+
Two dimensional problem.
222 grid points.
235 volume elements.
2 surface markers.
50 boundary elements in index 0 (Marker = farfield).
159 boundary elements in index 1 (Marker = airfoil).
235 triangles.

----------------------- Preprocessing computations ----------------------
Setting local point connectivity.
Checking the numerical grid orientation of the interior elements.
All volume elements are correctly oriented.
There has been a re-orientation of 159 LINE surface elements.
Identify edges and vertices.
Setting the bound control volume structure.
Area of the computational grid: 599.937.
  Info: Ignoring the following volume output fields/groups:
  SOLUTION
Volume output fields: COORDINATES
Screen output fields: 
History output group(s): 
Warning: No (valid) fields chosen for convergence monitoring. Convergence monitoring inactive.
Warning: No (valid) fields chosen for time convergence monitoring. Time convergence monitoring inactive.

--------------------- Surface grid deformation (ZONE 0) -----------------
Performing the deformation of the surface grid.
Updating the surface coordinates from the input file.

------------------- Volumetric grid deformation (ZONE 0) ----------------
Performing the deformation of the volumetric grid.
Computing volumes of the grid elements.
Min. volume: 0.000148453, max. volume: 36.6087.

# FGMRES residual history
# Residual tolerance target = 1e-10
# Initial residual norm     = 9.75441e-10
     0     1
# FGMRES final (true) residual:
# Iteration = 4: |res|/|res0| = 1.78438e-11.

Computing volumes of the grid elements.
Non-linear iter.: 1/500. Linear iter.: 4. Min. area: 0.000148453. Error: 1.78438e-11.
Computing volumes of the grid elements.
Min. volume: 0.000148453, max. volume: 36.6087.

# FGMRES residual history
# Residual tolerance target = 1e-10
# Initial residual norm     = 9.75458e-10
     0     1
# FGMRES final (true) residual:
# Iteration = 4: |res|/|res0| = 1.78434e-11.

Computing volumes of the grid elements.
Non-linear iter.: 2/500. Linear iter.: 4. Min. area: 0.000148453. Error: 1.78434e-11.
Computing volumes of the grid elements.
Min. volume: 0.000148453, max. volume: 36.6087.

# FGMRES residual history
# Residual tolerance target = 1e-10
# Initial residual norm     = 9.75475e-10
     0     1
# FGMRES final (true) residual:
# Iteration = 4: |res|/|res0| = 1.78429e-11.

Computing volumes of the grid elements.
Non-linear iter.: 3/500. Linear iter.: 4. Min. area: 0.000148453. Error: 1.78429e-11.
Computing volumes of the grid elements.
Min. volume: 0.000148453, max. volume: 36.6087.

# FGMRES residual history
# Residual tolerance target = 1e-10
# Initial residual norm     = 9.75491e-10
     0     1
# FGMRES final (true) residual:
# Iteration = 4: |res|/|res0| = 1.78425e-11.

Computing volumes of the grid elements.
Non-linear iter.: 4/500. Linear iter.: 4. Min. area: 0.000148453. Error: 1.78425e-11.
Computing volumes of the grid elements.
Min. volume: 0.000148453, max. volume: 36.6087.

# FGMRES residual history
# Residual tolerance target = 1e-10
# Initial residual norm     = 9.75508e-10
     0     1
# FGMRES final (true) residual:
# Iteration = 4: |res|/|res0| = 1.7842e-11.

Computing volumes of the grid elements.
Non-linear iter.: 5/500. Linear iter.: 4. Min. area: 0.000148453. Error: 1.7842e-11.
Computing volumes of the grid elements.
Min. volume: 0.000148453, max. volume: 36.6087.

# FGMRES residual history
# Residual tolerance target = 1e-10
# Initial residual norm     = 9.75525e-10
     0     1
# FGMRES final (true) residual:
# Iteration = 4: |res|/|res0| = 1.78416e-11.

Computing volumes of the grid elements.
Non-linear iter.: 6/500. Linear iter.: 4. Min. area: 0.000148453. Error: 1.78416e-11.
Computing volumes of the grid elements.
Min. volume: 0.000148453, max. volume: 36.6087.

# FGMRES residual history
# Residual tolerance target = 1e-10
# Initial residual norm     = 9.75542e-10
     0     1
# FGMRES final (true) residual:
# Iteration = 4: |res|/|res0| = 1.78411e-11.

Computing volumes of the grid elements.
Non-linear iter.: 7/500. Linear iter.: 4. Min. area: 0.000148453. Error: 1.78411e-11.
Computing volumes of the grid elements.
Min. volume: 0.000148453, max. volume: 36.6087.

# FGMRES residual history
# Residual tolerance target = 1e-10
# Initial residual norm     = 9.75558e-10
     0     1
# FGMRES final (true) residual:
# Iteration = 4: |res|/|res0| = 1.78406e-11.

Computing volumes of the grid elements.
Non-linear iter.: 8/500. Linear iter.: 4. Min. area: 0.000148453. Error: 1.78406e-11.
Computing volumes of the grid elements.
Min. volume: 0.000148453, max. volume: 36.6087.

# FGMRES residual history
# Residual tolerance target = 1e-10
# Initial residual norm     = 9.75575e-10
     0     1
# FGMRES final (true) residual:
# Iteration = 4: |res|/|res0| = 1.78402e-11.

Computing volumes of the grid elements.
Non-linear iter.: 9/500. Linear iter.: 4. Min. area: 0.000148453. Error: 1.78402e-11.
Computing volumes of the grid elements.
Min. volume: 0.000148453, max. volume: 36.6087.

# FGMRES residual history
# Residual tolerance target = 1e-10
# Initial residual norm     = 9.75592e-10
     0     1
# FGMRES final (true) residual:
# Iteration = 4: |res|/|res0| = 1.78397e-11.

Computing volumes of the grid elements.
Non-linear iter.: 10/500. Linear iter.: 4. Min. area: 0.000148453. Error: 1.78397e-11.
Computing volumes of the grid elements.
Min. volume: 0.000148453, max. volume: 36.6087.

# FGMRES residual history
# Residual tolerance target = 1e-10
# Initial residual norm     = 9.75609e-10
     0     1
# FGMRES final (true) residual:
# Iteration = 4: |res|/|res0| = 1.78393e-11.

Computing volumes of the grid elements.
Non-linear iter.: 11/500. Linear iter.: 4. Min. area: 0.000148453. Error: 1.78393e-11.
Computing volumes of the grid elements.
Min. volume: 0.000148453, max. volume: 36.6087.

# FGMRES residual history
# Residual tolerance target = 1e-10
# Initial residual norm     = 9.75625e-10
     0     1
# FGMRES final (true) residual:
# Iteration = 4: |res|/|res0| = 1.78388e-11.

Computing volumes of the grid elements.
Non-linear iter.: 12/500. Linear iter.: 4. Min. area: 0.000148453. Error: 1.78388e-11.
Computing volumes of the grid elements.
Min. volume: 0.000148453, max. volume: 36.6087.

# FGMRES residual history
# Residual tolerance target = 1e-10
# Initial residual norm     = 9.75642e-10
     0     1
# FGMRES final (true) residual:
# Iteration = 4: |res|/|res0| = 1.78384e-11.

Computing volumes of the grid elements.
Non-linear iter.: 13/500. Linear iter.: 4. Min. area: 0.000148453. Error: 1.78384e-11.
Computing volumes of the grid elements.
Min. volume: 0.000148453, max. volume: 36.6087.

# FGMRES residual history
# Residual tolerance target = 1e-10
# Initial residual norm     = 9.75659e-10
     0     1
# FGMRES final (true) residual:
# Iteration = 4: |res|/|res0| = 1.78379e-11.

Computing volumes of the grid elements.
Non-linear iter.: 14/500. Linear iter.: 4. Min. area: 0.000148453. Error: 1.78379e-11.
Computing volumes of the grid elements.
Min. volume: 0.000148453, max. volume: 36.6087.

# FGMRES residual history
# Residual tolerance target = 1e-10
# Initial residual norm     = 9.75676e-10
     0     1
# FGMRES final (true) residual:
# Iteration = 4: |res|/|res0| = 1.78374e-11.

Computing volumes of the grid elements.
Non-linear iter.: 15/500. Linear iter.: 4. Min. area: 0.000148453. Error: 1.78374e-11.
Computing volumes of the grid elements.
Min. volume: 0.000148453, max. volume: 36.6087.

# FGMRES residual history
# Residual tolerance target = 1e-10
# Initial residual norm     = 9.75692e-10
     0     1
# FGMRES final (true) residual:
# Iteration = 4: |res|/|res0| = 1.7837e-11.

Computing volumes of the grid elements.
Non-linear iter.: 16/500. Linear iter.: 4. Min. area: 0.000148452. Error: 1.7837e-11.
Computing volumes of the grid elements.
Min. volume: 0.000148452, max. volume: 36.6087.

# FGMRES residual history
# Residual tolerance target = 1e-10
# Initial residual norm     = 9.75709e-10
     0     1
# FGMRES final (true) residual:
# Iteration = 4: |res|/|res0| = 1.78365e-11.

Computing volumes of the grid elements.
Non-linear iter.: 17/500. Linear iter.: 4. Min. area: 0.000148452. Error: 1.78365e-11.
Computing volumes of the grid elements.
Min. volume: 0.000148452, max. volume: 36.6087.

# FGMRES residual history
# Residual tolerance target = 1e-10
# Initial residual norm     = 9.75726e-10
     0     1
# FGMRES final (true) residual:
# Iteration = 4: |res|/|res0| = 1.78361e-11.

Computing volumes of the grid elements.
Non-linear iter.: 18/500. Linear iter.: 4. Min. area: 0.000148452. Error: 1.78361e-11.
Computing volumes of the grid elements.
Min. volume: 0.000148452, max. volume: 36.6087.

# FGMRES residual history
# Residual tolerance target = 1e-10
# Initial residual norm     = 9.75743e-10
     0     1
# FGMRES final (true) residual:
# Iteration = 4: |res|/|res0| = 1.78356e-11.

Computing volumes of the grid elements.
Non-linear iter.: 19/500. Linear iter.: 4. Min. area: 0.000148452. Error: 1.78356e-11.
Computing volumes of the grid elements.
Min. volume: 0.000148452, max. volume: 36.6087.

# FGMRES residual history
# Residual tolerance target = 1e-10
# Initial residual norm     = 9.7576e-10
     0     1
# FGMRES final (true) residual:
# Iteration = 4: |res|/|res0| = 1.78352e-11.

Computing volumes of the grid elements.
Non-linear iter.: 20/500. Linear iter.: 4. Min. area: 0.000148452. Error: 1.78352e-11.
Computing volumes of the grid elements.
Min. volume: 0.000148452, max. volume: 36.6087.

# FGMRES residual history
# Residual tolerance target = 1e-10
# Initial residual norm     = 9.75776e-10
     0     1
# FGMRES final (true) residual:
# Iteration = 4: |res|/|res0| = 1.78347e-11.

Computing volumes of the grid elements.
Non-linear iter.: 21/500. Linear iter.: 4. Min. area: 0.000148452. Error: 1.78347e-11.
Computing volumes of the grid elements.
Min. volume: 0.000148452, max. volume: 36.6087.

# FGMRES residual history
# Residual tolerance target = 1e-10
# Initial residual norm     = 9.75793e-10
     0     1
# FGMRES final (true) residual:
# Iteration = 4: |res|/|res0| = 1.78343e-11.

Computing volumes of the grid elements.
Non-linear iter.: 22/500. Linear iter.: 4. Min. area: 0.000148452. Error: 1.78343e-11.
Computing volumes of the grid elements.
Min. volume: 0.000148452, max. volume: 36.6087.

# FGMRES residual history
# Residual tolerance target = 1e-10
# Initial residual norm     = 9.7581e-10
     0     1
# FGMRES final (true) residual:
# Iteration = 4: |res|/|res0| = 1.78338e-11.

Computing volumes of the grid elements.
Non-linear iter.: 23/500. Linear iter.: 4. Min. area: 0.000148452. Error: 1.78338e-11.
Computing volumes of the grid elements.
Min. volume: 0.000148452, max. volume: 36.6087.

# FGMRES residual history
# Residual tolerance target = 1e-10
# Initial residual norm     = 9.75827e-10
     0     1
# FGMRES final (true) residual:
# Iteration = 4: |res|/|res0| = 1.78333e-11.

Computing volumes of the grid elements.
Non-linear iter.: 24/500. Linear iter.: 4. Min. area: 0.000148452. Error: 1.78333e-11.
Computing volumes of the grid elements.
Min. volume: 0.000148452, max. volume: 36.6087.

# FGMRES residual history
# Residual tolerance target = 1e-10
# Initial residual norm     = 9.75843e-10
     0     1
# FGMRES final (true) residual:
# Iteration = 4: |res|/|res0| = 1.78329e-11.

Computing volumes of the grid elements.
Non-linear iter.: 25/500. Linear iter.: 4. Min. area: 0.000148452. Error: 1.78329e-11.
Computing volumes of the grid elements.
Min. volume: 0.000148452, max. volume: 36.6087.

# FGMRES residual history
# Residual tolerance target = 1e-10
# Initial residual norm     = 9.7586e-10
     0     1
# FGMRES final (true) residual:
# Iteration = 4: |res|/|res0| = 1.78324e-11.

Computing volumes of the grid elements.
Non-linear iter.: 26/500. Linear iter.: 4. Min. area: 0.000148452. Error: 1.78324e-11.
Computing volumes of the grid elements.
Min. volume: 0.000148452, max. volume: 36.6087.

# FGMRES residual history
# Residual tolerance target = 1e-10
# Initial residual norm     = 9.75877e-10
     0     1
# FGMRES final (true) residual:
# Iteration = 4: |res|/|res0| = 1.7832e-11.

Computing volumes of the grid elements.
Non-linear iter.: 27/500. Linear iter.: 4. Min. area: 0.000148452. Error: 1.7832e-11.
Computing volumes of the grid elements.
Min. volume: 0.000148452, max. volume: 36.6087.

# FGMRES residual history
# Residual tolerance target = 1e-10
# Initial residual norm     = 9.75894e-10
     0     1
# FGMRES final (true) residual:
# Iteration = 4: |res|/|res0| = 1.78315e-11.

Computing volumes of the grid elements.
Non-linear iter.: 28/500. Linear iter.: 4. Min. area: 0.000148452. Error: 1.78315e-11.
Computing volumes of the grid elements.
Min. volume: 0.000148452, max. volume: 36.6087.

# FGMRES residual history
# Residual tolerance target = 1e-10
# Initial residual norm     = 9.75911e-10
     0     1
# FGMRES final (true) residual:
# Iteration = 4: |res|/|res0| = 1.78311e-11.

Computing volumes of the grid elements.
Non-linear iter.: 29/500. Linear iter.: 4. Min. area: 0.000148452. Error: 1.78311e-11.
Computing volumes of the grid elements.
Min. volume: 0.000148452, max. volume: 36.6087.

# FGMRES residual history
# Residual tolerance target = 1e-10
# Initial residual norm     = 9.75927e-10
     0     1
# FGMRES final (true) residual:
# Iteration = 4: |res|/|res0| = 1.78306e-11.

Computing volumes of the grid elements.
Non-linear iter.: 30/500. Linear iter.: 4. Min. area: 0.000148452. Error: 1.78306e-11.
Computing volumes of the grid elements.
Min. volume: 0.000148452, max. volume: 36.6087.

# FGMRES residual history
# Residual tolerance target = 1e-10
# Initial residual norm     = 9.75944e-10
     0     1
# FGMRES final (true) residual:
# Iteration = 4: |res|/|res0| = 1.78301e-11.

Computing volumes of the grid elements.
Non-linear iter.: 31/500. Linear iter.: 4. Min. area: 0.000148452. Error: 1.78301e-11.
Computing volumes of the grid elements.
Min. volume: 0.000148452, max. volume: 36.6087.

# FGMRES residual history
# Residual tolerance target = 1e-10
# Initial residual norm     = 9.75961e-10
     0     1
# FGMRES final (true) residual:
# Iteration = 4: |res|/|res0| = 1.78297e-11.

Computing volumes of the grid elements.
Non-linear iter.: 32/500. Linear iter.: 4. Min. area: 0.000148452. Error: 1.78297e-11.
Computing volumes of the grid elements.
Min. volume: 0.000148452, max. volume: 36.6087.

# FGMRES residual history
# Residual tolerance target = 1e-10
# Initial residual norm     = 9.75978e-10
     0     1
# FGMRES final (true) residual:
# Iteration = 4: |res|/|res0| = 1.78292e-11.

Computing volumes of the grid elements.
Non-linear iter.: 33/500. Linear iter.: 4. Min. area: 0.000148452. Error: 1.78292e-11.
Computing volumes of the grid elements.
Min. volume: 0.000148452, max. volume: 36.6087.

# FGMRES residual history
# Residual tolerance target = 1e-10
# Initial residual norm     = 9.75994e-10
     0     1
# FGMRES final (true) residual:
# Iteration = 4: |res|/|res0| = 1.78288e-11.

Computing volumes of the grid elements.
Non-linear iter.: 34/500. Linear iter.: 4. Min. area: 0.000148452. Error: 1.78288e-11.
Computing volumes of the grid elements.
Min. volume: 0.000148452, max. volume: 36.6087.

# FGMRES residual history
# Residual tolerance target = 1e-10
# Initial residual norm     = 9.76011e-10
     0     1
# FGMRES final (true) residual:
# Iteration = 4: |res|/|res0| = 1.78283e-11.

Computing volumes of the grid elements.
Non-linear iter.: 35/500. Linear iter.: 4. Min. area: 0.000148452. Error: 1.78283e-11.
Computing volumes of the grid elements.
Min. volume: 0.000148452, max. volume: 36.6087.

# FGMRES residual history
# Residual tolerance target = 1e-10
# Initial residual norm     = 9.76028e-10
     0     1
# FGMRES final (true) residual:
# Iteration = 4: |res|/|res0| = 1.78279e-11.

Computing volumes of the grid elements.
Non-linear iter.: 36/500. Linear iter.: 4. Min. area: 0.000148452. Error: 1.78279e-11.
Computing volumes of the grid elements.
Min. volume: 0.000148452, max. volume: 36.6087.

# FGMRES residual history
# Residual tolerance target = 1e-10
# Initial residual norm     = 9.76045e-10
     0     1
# FGMRES final (true) residual:
# Iteration = 4: |res|/|res0| = 1.78274e-11.

Computing volumes of the grid elements.
Non-linear iter.: 37/500. Linear iter.: 4. Min. area: 0.000148452. Error: 1.78274e-11.
Computing volumes of the grid elements.
Min. volume: 0.000148452, max. volume: 36.6087.

# FGMRES residual history
# Residual tolerance target = 1e-10
# Initial residual norm     = 9.76062e-10
     0     1
# FGMRES final (true) residual:
# Iteration = 4: |res|/|res0| = 1.7827e-11.

Computing volumes of the grid elements.
Non-linear iter.: 38/500. Linear iter.: 4. Min. area: 0.000148452. Error: 1.7827e-11.
Computing volumes of the grid elements.
Min. volume: 0.000148452, max. volume: 36.6087.

# FGMRES residual history
# Residual tolerance target = 1e-10
# Initial residual norm     = 9.76078e-10
     0     1
# FGMRES final (true) residual:
# Iteration = 4: |res|/|res0| = 1.78265e-11.

Computing volumes of the grid elements.
Non-linear iter.: 39/500. Linear iter.: 4. Min. area: 0.000148452. Error: 1.78265e-11.
Computing volumes of the grid elements.
Min. volume: 0.000148452, max. volume: 36.6087.

# FGMRES residual history
# Residual tolerance target = 1e-10
# Initial residual norm     = 9.76095e-10
     0     1
# FGMRES final (true) residual:
# Iteration = 4: |res|/|res0| = 1.7826e-11.

Computing volumes of the grid elements.
Non-linear iter.: 40/500. Linear iter.: 4. Min. area: 0.000148452. Error: 1.7826e-11.
Computing volumes of the grid elements.
Min. volume: 0.000148452, max. volume: 36.6087.

# FGMRES residual history
# Residual tolerance target = 1e-10
# Initial residual norm     = 9.76112e-10
     0     1
# FGMRES final (true) residual:
# Iteration = 4: |res|/|res0| = 1.78256e-11.

Computing volumes of the grid elements.
Non-linear iter.: 41/500. Linear iter.: 4. Min. area: 0.000148452. Error: 1.78256e-11.
Computing volumes of the grid elements.
Min. volume: 0.000148452, max. volume: 36.6087.

# FGMRES residual history
# Residual tolerance target = 1e-10
# Initial residual norm     = 9.76129e-10
     0     1
# FGMRES final (true) residual:
# Iteration = 4: |res|/|res0| = 1.78251e-11.

Computing volumes of the grid elements.
Non-linear iter.: 42/500. Linear iter.: 4. Min. area: 0.000148452. Error: 1.78251e-11.
Computing volumes of the grid elements.
Min. volume: 0.000148452, max. volume: 36.6087.

# FGMRES residual history
# Residual tolerance target = 1e-10
# Initial residual norm     = 9.76146e-10
     0     1
# FGMRES final (true) residual:
# Iteration = 4: |res|/|res0| = 1.78247e-11.

Computing volumes of the grid elements.
Non-linear iter.: 43/500. Linear iter.: 4. Min. area: 0.000148452. Error: 1.78247e-11.
Computing volumes of the grid elements.
Min. volume: 0.000148452, max. volume: 36.6087.

# FGMRES residual history
# Residual tolerance target = 1e-10
# Initial residual norm     = 9.76162e-10
     0     1
# FGMRES final (true) residual:
# Iteration = 4: |res|/|res0| = 1.78242e-11.

Computing volumes of the grid elements.
Non-linear iter.: 44/500. Linear iter.: 4. Min. area: 0.000148452. Error: 1.78242e-11.
Computing volumes of the grid elements.
Min. volume: 0.000148452, max. volume: 36.6087.

# FGMRES residual history
# Residual tolerance target = 1e-10
# Initial residual norm     = 9.76179e-10
     0     1
# FGMRES final (true) residual:
# Iteration = 4: |res|/|res0| = 1.78238e-11.

Computing volumes of the grid elements.
Non-linear iter.: 45/500. Linear iter.: 4. Min. area: 0.000148452. Error: 1.78238e-11.
Computing volumes of the grid elements.
Min. volume: 0.000148452, max. volume: 36.6087.

# FGMRES residual history
# Residual tolerance target = 1e-10
# Initial residual norm     = 9.76196e-10
     0     1
# FGMRES final (true) residual:
# Iteration = 4: |res|/|res0| = 1.78233e-11.

Computing volumes of the grid elements.
Non-linear iter.: 46/500. Linear iter.: 4. Min. area: 0.000148452. Error: 1.78233e-11.
Computing volumes of the grid elements.
Min. volume: 0.000148452, max. volume: 36.6087.

# FGMRES residual history
# Residual tolerance target = 1e-10
# Initial residual norm     = 9.76213e-10
     0     1
# FGMRES final (true) residual:
# Iteration = 4: |res|/|res0| = 1.78228e-11.

Computing volumes of the grid elements.
Non-linear iter.: 47/500. Linear iter.: 4. Min. area: 0.000148452. Error: 1.78228e-11.
Computing volumes of the grid elements.
Min. volume: 0.000148452, max. volume: 36.6087.

# FGMRES residual history
# Residual tolerance target = 1e-10
# Initial residual norm     = 9.7623e-10
     0     1
# FGMRES final (true) residual:
# Iteration = 4: |res|/|res0| = 1.78224e-11.

Computing volumes of the grid elements.
Non-linear iter.: 48/500. Linear iter.: 4. Min. area: 0.000148452. Error: 1.78224e-11.
Computing volumes of the grid elements.
Min. volume: 0.000148452, max. volume: 36.6087.

# FGMRES residual history
# Residual tolerance target = 1e-10
# Initial residual norm     = 9.76246e-10
     0     1
# FGMRES final (true) residual:
# Iteration = 4: |res|/|res0| = 1.78219e-11.

Computing volumes of the grid elements.
Non-linear iter.: 49/500. Linear iter.: 4. Min. area: 0.000148452. Error: 1.78219e-11.
Computing volumes of the grid elements.
Min. volume: 0.000148452, max. volume: 36.6087.

# FGMRES residual history
# Residual tolerance target = 1e-10
# Initial residual norm     = 9.76263e-10
     0     1
# FGMRES final (true) residual:
# Iteration = 4: |res|/|res0| = 1.78215e-11.

Computing volumes of the grid elements.
Non-linear iter.: 50/500. Linear iter.: 4. Min. area: 0.000148452. Error: 1.78215e-11.
Computing volumes of the grid elements.
Min. volume: 0.000148452, max. volume: 36.6087.

# FGMRES residual history
# Residual tolerance target = 1e-10
# Initial residual norm     = 9.7628e-10
     0     1
# FGMRES final (true) residual:
# Iteration = 4: |res|/|res0| = 1.7821e-11.

Computing volumes of the grid elements.
Non-linear iter.: 51/500. Linear iter.: 4. Min. area: 0.000148452. Error: 1.7821e-11.
Computing volumes of the grid elements.
Min. volume: 0.000148452, max. volume: 36.6087.

# FGMRES residual history
# Residual tolerance target = 1e-10
# Initial residual norm     = 9.76297e-10
     0     1
# FGMRES final (true) residual:
# Iteration = 4: |res|/|res0| = 1.78206e-11.

Computing volumes of the grid elements.
Non-linear iter.: 52/500. Linear iter.: 4. Min. area: 0.000148452. Error: 1.78206e-11.
Computing volumes of the grid elements.
Min. volume: 0.000148452, max. volume: 36.6087.

# FGMRES residual history
# Residual tolerance target = 1e-10
# Initial residual norm     = 9.76313e-10
     0     1
# FGMRES final (true) residual:
# Iteration = 4: |res|/|res0| = 1.78201e-11.

Computing volumes of the grid elements.
Non-linear iter.: 53/500. Linear iter.: 4. Min. area: 0.000148452. Error: 1.78201e-11.
Computing volumes of the grid elements.
Min. volume: 0.000148452, max. volume: 36.6087.

# FGMRES residual history
# Residual tolerance target = 1e-10
# Initial residual norm     = 9.7633e-10
     0     1
# FGMRES final (true) residual:
# Iteration = 4: |res|/|res0| = 1.78197e-11.

Computing volumes of the grid elements.
Non-linear iter.: 54/500. Linear iter.: 4. Min. area: 0.000148452. Error: 1.78197e-11.
Computing volumes of the grid elements.
Min. volume: 0.000148452, max. volume: 36.6087.

# FGMRES residual history
# Residual tolerance target = 1e-10
# Initial residual norm     = 9.76347e-10
     0     1
# FGMRES final (true) residual:
# Iteration = 4: |res|/|res0| = 1.78192e-11.

Computing volumes of the grid elements.
Non-linear iter.: 55/500. Linear iter.: 4. Min. area: 0.000148452. Error: 1.78192e-11.
Computing volumes of the grid elements.
Min. volume: 0.000148452, max. volume: 36.6087.

# FGMRES residual history
# Residual tolerance target = 1e-10
# Initial residual norm     = 9.76364e-10
     0     1
# FGMRES final (true) residual:
# Iteration = 4: |res|/|res0| = 1.78187e-11.

Computing volumes of the grid elements.
Non-linear iter.: 56/500. Linear iter.: 4. Min. area: 0.000148452. Error: 1.78187e-11.
Computing volumes of the grid elements.
Min. volume: 0.000148452, max. volume: 36.6087.

# FGMRES residual history
# Residual tolerance target = 1e-10
# Initial residual norm     = 9.76381e-10
     0     1
# FGMRES final (true) residual:
# Iteration = 4: |res|/|res0| = 1.78183e-11.

Computing volumes of the grid elements.
Non-linear iter.: 57/500. Linear iter.: 4. Min. area: 0.000148452. Error: 1.78183e-11.
Computing volumes of the grid elements.
Min. volume: 0.000148452, max. volume: 36.6087.

# FGMRES residual history
# Residual tolerance target = 1e-10
# Initial residual norm     = 9.76397e-10
     0     1
# FGMRES final (true) residual:
# Iteration = 4: |res|/|res0| = 1.78178e-11.

Computing volumes of the grid elements.
Non-linear iter.: 58/500. Linear iter.: 4. Min. area: 0.000148452. Error: 1.78178e-11.
Computing volumes of the grid elements.
Min. volume: 0.000148452, max. volume: 36.6087.

# FGMRES residual history
# Residual tolerance target = 1e-10
# Initial residual norm     = 9.76414e-10
     0     1
# FGMRES final (true) residual:
# Iteration = 4: |res|/|res0| = 1.78174e-11.

Computing volumes of the grid elements.
Non-linear iter.: 59/500. Linear iter.: 4. Min. area: 0.000148452. Error: 1.78174e-11.
Computing volumes of the grid elements.
Min. volume: 0.000148452, max. volume: 36.6087.

# FGMRES residual history
# Residual tolerance target = 1e-10
# Initial residual norm     = 9.76431e-10
     0     1
# FGMRES final (true) residual:
# Iteration = 4: |res|/|res0| = 1.78169e-11.

Computing volumes of the grid elements.
Non-linear iter.: 60/500. Linear iter.: 4. Min. area: 0.000148452. Error: 1.78169e-11.
Computing volumes of the grid elements.
Min. volume: 0.000148452, max. volume: 36.6087.

# FGMRES residual history
# Residual tolerance target = 1e-10
# Initial residual norm     = 9.76448e-10
     0     1
# FGMRES final (true) residual:
# Iteration = 4: |res|/|res0| = 1.78165e-11.

Computing volumes of the grid elements.
Non-linear iter.: 61/500. Linear iter.: 4. Min. area: 0.000148452. Error: 1.78165e-11.
Computing volumes of the grid elements.
Min. volume: 0.000148452, max. volume: 36.6087.

# FGMRES residual history
# Residual tolerance target = 1e-10
# Initial residual norm     = 9.76465e-10
     0     1
# FGMRES final (true) residual:
# Iteration = 4: |res|/|res0| = 1.7816e-11.

Computing volumes of the grid elements.
Non-linear iter.: 62/500. Linear iter.: 4. Min. area: 0.000148452. Error: 1.7816e-11.
Computing volumes of the grid elements.
Min. volume: 0.000148452, max. volume: 36.6087.

# FGMRES residual history
# Residual tolerance target = 1e-10
# Initial residual norm     = 9.76481e-10
     0     1
# FGMRES final (true) residual:
# Iteration = 4: |res|/|res0| = 1.78155e-11.

Computing volumes of the grid elements.
Non-linear iter.: 63/500. Linear iter.: 4. Min. area: 0.000148452. Error: 1.78155e-11.
Computing volumes of the grid elements.
Min. volume: 0.000148452, max. volume: 36.6087.

# FGMRES residual history
# Residual tolerance target = 1e-10
# Initial residual norm     = 9.76498e-10
     0     1
# FGMRES final (true) residual:
# Iteration = 4: |res|/|res0| = 1.78151e-11.

Computing volumes of the grid elements.
Non-linear iter.: 64/500. Linear iter.: 4. Min. area: 0.000148452. Error: 1.78151e-11.
Computing volumes of the grid elements.
Min. volume: 0.000148452, max. volume: 36.6087.

# FGMRES residual history
# Residual tolerance target = 1e-10
# Initial residual norm     = 9.76515e-10
     0     1
# FGMRES final (true) residual:
# Iteration = 4: |res|/|res0| = 1.78146e-11.

Computing volumes of the grid elements.
Non-linear iter.: 65/500. Linear iter.: 4. Min. area: 0.000148452. Error: 1.78146e-11.
Computing volumes of the grid elements.
Min. volume: 0.000148452, max. volume: 36.6087.

# FGMRES residual history
# Residual tolerance target = 1e-10
# Initial residual norm     = 9.76532e-10
     0     1
# FGMRES final (true) residual:
# Iteration = 4: |res|/|res0| = 1.78142e-11.

Computing volumes of the grid elements.
Non-linear iter.: 66/500. Linear iter.: 4. Min. area: 0.000148452. Error: 1.78142e-11.
Computing volumes of the grid elements.
Min. volume: 0.000148452, max. volume: 36.6087.

# FGMRES residual history
# Residual tolerance target = 1e-10
# Initial residual norm     = 9.76549e-10
     0     1
# FGMRES final (true) residual:
# Iteration = 4: |res|/|res0| = 1.78137e-11.

Computing volumes of the grid elements.
Non-linear iter.: 67/500. Linear iter.: 4. Min. area: 0.000148452. Error: 1.78137e-11.
Computing volumes of the grid elements.
Min. volume: 0.000148452, max. volume: 36.6087.

# FGMRES residual history
# Residual tolerance target = 1e-10
# Initial residual norm     = 9.76566e-10
     0     1
# FGMRES final (true) residual:
# Iteration = 4: |res|/|res0| = 1.78133e-11.

Computing volumes of the grid elements.
Non-linear iter.: 68/500. Linear iter.: 4. Min. area: 0.000148452. Error: 1.78133e-11.
Computing volumes of the grid elements.
Min. volume: 0.000148452, max. volume: 36.6087.

# FGMRES residual history
# Residual tolerance target = 1e-10
# Initial residual norm     = 9.76582e-10
     0     1
# FGMRES final (true) residual:
# Iteration = 4: |res|/|res0| = 1.78128e-11.

Computing volumes of the grid elements.
Non-linear iter.: 69/500. Linear iter.: 4. Min. area: 0.000148452. Error: 1.78128e-11.
Computing volumes of the grid elements.
Min. volume: 0.000148452, max. volume: 36.6087.

# FGMRES residual history
# Residual tolerance target = 1e-10
# Initial residual norm     = 9.76599e-10
     0     1
# FGMRES final (true) residual:
# Iteration = 4: |res|/|res0| = 1.78124e-11.

Computing volumes of the grid elements.
Non-linear iter.: 70/500. Linear iter.: 4. Min. area: 0.000148452. Error: 1.78124e-11.
Computing volumes of the grid elements.
Min. volume: 0.000148452, max. volume: 36.6087.

# FGMRES residual history
# Residual tolerance target = 1e-10
# Initial residual norm     = 9.76616e-10
     0     1
# FGMRES final (true) residual:
# Iteration = 4: |res|/|res0| = 1.78119e-11.

Computing volumes of the grid elements.
Non-linear iter.: 71/500. Linear iter.: 4. Min. area: 0.000148452. Error: 1.78119e-11.
Computing volumes of the grid elements.
Min. volume: 0.000148452, max. volume: 36.6087.

# FGMRES residual history
# Residual tolerance target = 1e-10
# Initial residual norm     = 9.76633e-10
     0     1
# FGMRES final (true) residual:
# Iteration = 4: |res|/|res0| = 1.78114e-11.

Computing volumes of the grid elements.
Non-linear iter.: 72/500. Linear iter.: 4. Min. area: 0.000148452. Error: 1.78114e-11.
Computing volumes of the grid elements.
Min. volume: 0.000148452, max. volume: 36.6087.

# FGMRES residual history
# Residual tolerance target = 1e-10
# Initial residual norm     = 9.7665e-10
     0     1
# FGMRES final (true) residual:
# Iteration = 4: |res|/|res0| = 1.7811e-11.

Computing volumes of the grid elements.
Non-linear iter.: 73/500. Linear iter.: 4. Min. area: 0.000148452. Error: 1.7811e-11.
Computing volumes of the grid elements.
Min. volume: 0.000148452, max. volume: 36.6087.

# FGMRES residual history
# Residual tolerance target = 1e-10
# Initial residual norm     = 9.76666e-10
     0     1
# FGMRES final (true) residual:
# Iteration = 4: |res|/|res0| = 1.78105e-11.

Computing volumes of the grid elements.
Non-linear iter.: 74/500. Linear iter.: 4. Min. area: 0.000148452. Error: 1.78105e-11.
Computing volumes of the grid elements.
Min. volume: 0.000148452, max. volume: 36.6087.

# FGMRES residual history
# Residual tolerance target = 1e-10
# Initial residual norm     = 9.76683e-10
     0     1
# FGMRES final (true) residual:
# Iteration = 4: |res|/|res0| = 1.78101e-11.

Computing volumes of the grid elements.
Non-linear iter.: 75/500. Linear iter.: 4. Min. area: 0.000148452. Error: 1.78101e-11.
Computing volumes of the grid elements.
Min. volume: 0.000148452, max. volume: 36.6087.

# FGMRES residual history
# Residual tolerance target = 1e-10
# Initial residual norm     = 9.767e-10
     0     1
# FGMRES final (true) residual:
# Iteration = 4: |res|/|res0| = 1.78096e-11.

Computing volumes of the grid elements.
Non-linear iter.: 76/500. Linear iter.: 4. Min. area: 0.000148452. Error: 1.78096e-11.
Computing volumes of the grid elements.
Min. volume: 0.000148452, max. volume: 36.6087.

# FGMRES residual history
# Residual tolerance target = 1e-10
# Initial residual norm     = 9.76717e-10
     0     1
# FGMRES final (true) residual:
# Iteration = 4: |res|/|res0| = 1.78092e-11.

Computing volumes of the grid elements.
Non-linear iter.: 77/500. Linear iter.: 4. Min. area: 0.000148452. Error: 1.78092e-11.
Computing volumes of the grid elements.
Min. volume: 0.000148452, max. volume: 36.6087.

# FGMRES residual history
# Residual tolerance target = 1e-10
# Initial residual norm     = 9.76734e-10
     0     1
# FGMRES final (true) residual:
# Iteration = 4: |res|/|res0| = 1.78087e-11.

Computing volumes of the grid elements.
Non-linear iter.: 78/500. Linear iter.: 4. Min. area: 0.000148452. Error: 1.78087e-11.
Computing volumes of the grid elements.
Min. volume: 0.000148452, max. volume: 36.6087.

# FGMRES residual history
# Residual tolerance target = 1e-10
# Initial residual norm     = 9.7675e-10
     0     1
# FGMRES final (true) residual:
# Iteration = 4: |res|/|res0| = 1.78082e-11.

Computing volumes of the grid elements.
Non-linear iter.: 79/500. Linear iter.: 4. Min. area: 0.000148452. Error: 1.78082e-11.
Computing volumes of the grid elements.
Min. volume: 0.000148452, max. volume: 36.6087.

# FGMRES residual history
# Residual tolerance target = 1e-10
# Initial residual norm     = 9.76767e-10
     0     1
# FGMRES final (true) residual:
# Iteration = 4: |res|/|res0| = 1.78078e-11.

Computing volumes of the grid elements.
Non-linear iter.: 80/500. Linear iter.: 4. Min. area: 0.000148452. Error: 1.78078e-11.
Computing volumes of the grid elements.
Min. volume: 0.000148452, max. volume: 36.6087.

# FGMRES residual history
# Residual tolerance target = 1e-10
# Initial residual norm     = 9.76784e-10
     0     1
# FGMRES final (true) residual:
# Iteration = 4: |res|/|res0| = 1.78073e-11.

Computing volumes of the grid elements.
Non-linear iter.: 81/500. Linear iter.: 4. Min. area: 0.000148451. Error: 1.78073e-11.
Computing volumes of the grid elements.
Min. volume: 0.000148451, max. volume: 36.6087.

# FGMRES residual history
# Residual tolerance target = 1e-10
# Initial residual norm     = 9.76801e-10
     0     1
# FGMRES final (true) residual:
# Iteration = 4: |res|/|res0| = 1.78069e-11.

Computing volumes of the grid elements.
Non-linear iter.: 82/500. Linear iter.: 4. Min. area: 0.000148451. Error: 1.78069e-11.
Computing volumes of the grid elements.
Min. volume: 0.000148451, max. volume: 36.6087.

# FGMRES residual history
# Residual tolerance target = 1e-10
# Initial residual norm     = 9.76818e-10
     0     1
# FGMRES final (true) residual:
# Iteration = 4: |res|/|res0| = 1.78064e-11.

Computing volumes of the grid elements.
Non-linear iter.: 83/500. Linear iter.: 4. Min. area: 0.000148451. Error: 1.78064e-11.
Computing volumes of the grid elements.
Min. volume: 0.000148451, max. volume: 36.6087.

# FGMRES residual history
# Residual tolerance target = 1e-10
# Initial residual norm     = 9.76834e-10
     0     1
# FGMRES final (true) residual:
# Iteration = 4: |res|/|res0| = 1.7806e-11.

Computing volumes of the grid elements.
Non-linear iter.: 84/500. Linear iter.: 4. Min. area: 0.000148451. Error: 1.7806e-11.
Computing volumes of the grid elements.
Min. volume: 0.000148451, max. volume: 36.6087.

# FGMRES residual history
# Residual tolerance target = 1e-10
# Initial residual norm     = 9.76851e-10
     0     1
# FGMRES final (true) residual:
# Iteration = 4: |res|/|res0| = 1.78055e-11.

Computing volumes of the grid elements.
Non-linear iter.: 85/500. Linear iter.: 4. Min. area: 0.000148451. Error: 1.78055e-11.
Computing volumes of the grid elements.
Min. volume: 0.000148451, max. volume: 36.6087.

# FGMRES residual history
# Residual tolerance target = 1e-10
# Initial residual norm     = 9.76868e-10
     0     1
# FGMRES final (true) residual:
# Iteration = 4: |res|/|res0| = 1.78051e-11.

Computing volumes of the grid elements.
Non-linear iter.: 86/500. Linear iter.: 4. Min. area: 0.000148451. Error: 1.78051e-11.
Computing volumes of the grid elements.
Min. volume: 0.000148451, max. volume: 36.6087.

# FGMRES residual history
# Residual tolerance target = 1e-10
# Initial residual norm     = 9.76885e-10
     0     1
# FGMRES final (true) residual:
# Iteration = 4: |res|/|res0| = 1.78046e-11.

Computing volumes of the grid elements.
Non-linear iter.: 87/500. Linear iter.: 4. Min. area: 0.000148451. Error: 1.78046e-11.
Computing volumes of the grid elements.
Min. volume: 0.000148451, max. volume: 36.6087.

# FGMRES residual history
# Residual tolerance target = 1e-10
# Initial residual norm     = 9.76902e-10
     0     1
# FGMRES final (true) residual:
# Iteration = 4: |res|/|res0| = 1.78041e-11.

Computing volumes of the grid elements.
Non-linear iter.: 88/500. Linear iter.: 4. Min. area: 0.000148451. Error: 1.78041e-11.
Computing volumes of the grid elements.
Min. volume: 0.000148451, max. volume: 36.6087.

# FGMRES residual history
# Residual tolerance target = 1e-10
# Initial residual norm     = 9.76919e-10
     0     1
# FGMRES final (true) residual:
# Iteration = 4: |res|/|res0| = 1.78037e-11.

Computing volumes of the grid elements.
Non-linear iter.: 89/500. Linear iter.: 4. Min. area: 0.000148451. Error: 1.78037e-11.
Computing volumes of the grid elements.
Min. volume: 0.000148451, max. volume: 36.6087.

# FGMRES residual history
# Residual tolerance target = 1e-10
# Initial residual norm     = 9.76935e-10
     0     1
# FGMRES final (true) residual:
# Iteration = 4: |res|/|res0| = 1.78032e-11.

Computing volumes of the grid elements.
Non-linear iter.: 90/500. Linear iter.: 4. Min. area: 0.000148451. Error: 1.78032e-11.
Computing volumes of the grid elements.
Min. volume: 0.000148451, max. volume: 36.6087.

# FGMRES residual history
# Residual tolerance target = 1e-10
# Initial residual norm     = 9.76952e-10
     0     1
# FGMRES final (true) residual:
# Iteration = 4: |res|/|res0| = 1.78028e-11.

Computing volumes of the grid elements.
Non-linear iter.: 91/500. Linear iter.: 4. Min. area: 0.000148451. Error: 1.78028e-11.
Computing volumes of the grid elements.
Min. volume: 0.000148451, max. volume: 36.6087.

# FGMRES residual history
# Residual tolerance target = 1e-10
# Initial residual norm     = 9.76969e-10
     0     1
# FGMRES final (true) residual:
# Iteration = 4: |res|/|res0| = 1.78023e-11.

Computing volumes of the grid elements.
Non-linear iter.: 92/500. Linear iter.: 4. Min. area: 0.000148451. Error: 1.78023e-11.
Computing volumes of the grid elements.
Min. volume: 0.000148451, max. volume: 36.6087.

# FGMRES residual history
# Residual tolerance target = 1e-10
# Initial residual norm     = 9.76986e-10
     0     1
# FGMRES final (true) residual:
# Iteration = 4: |res|/|res0| = 1.78019e-11.

Computing volumes of the grid elements.
Non-linear iter.: 93/500. Linear iter.: 4. Min. area: 0.000148451. Error: 1.78019e-11.
Computing volumes of the grid elements.
Min. volume: 0.000148451, max. volume: 36.6087.

# FGMRES residual history
# Residual tolerance target = 1e-10
# Initial residual norm     = 9.77003e-10
     0     1
# FGMRES final (true) residual:
# Iteration = 4: |res|/|res0| = 1.78014e-11.

Computing volumes of the grid elements.
Non-linear iter.: 94/500. Linear iter.: 4. Min. area: 0.000148451. Error: 1.78014e-11.
Computing volumes of the grid elements.
Min. volume: 0.000148451, max. volume: 36.6087.

# FGMRES residual history
# Residual tolerance target = 1e-10
# Initial residual norm     = 9.77019e-10
     0     1
# FGMRES final (true) residual:
# Iteration = 4: |res|/|res0| = 1.78009e-11.

Computing volumes of the grid elements.
Non-linear iter.: 95/500. Linear iter.: 4. Min. area: 0.000148451. Error: 1.78009e-11.
Computing volumes of the grid elements.
Min. volume: 0.000148451, max. volume: 36.6087.

# FGMRES residual history
# Residual tolerance target = 1e-10
# Initial residual norm     = 9.77036e-10
     0     1
# FGMRES final (true) residual:
# Iteration = 4: |res|/|res0| = 1.78005e-11.

Computing volumes of the grid elements.
Non-linear iter.: 96/500. Linear iter.: 4. Min. area: 0.000148451. Error: 1.78005e-11.
Computing volumes of the grid elements.
Min. volume: 0.000148451, max. volume: 36.6087.

# FGMRES residual history
# Residual tolerance target = 1e-10
# Initial residual norm     = 9.77053e-10
     0     1
# FGMRES final (true) residual:
# Iteration = 4: |res|/|res0| = 1.78e-11.

Computing volumes of the grid elements.
Non-linear iter.: 97/500. Linear iter.: 4. Min. area: 0.000148451. Error: 1.78e-11.
Computing volumes of the grid elements.
Min. volume: 0.000148451, max. volume: 36.6087.

# FGMRES residual history
# Residual tolerance target = 1e-10
# Initial residual norm     = 9.7707e-10
     0     1
# FGMRES final (true) residual:
# Iteration = 4: |res|/|res0| = 1.77996e-11.

Computing volumes of the grid elements.
Non-linear iter.: 98/500. Linear iter.: 4. Min. area: 0.000148451. Error: 1.77996e-11.
Computing volumes of the grid elements.
Min. volume: 0.000148451, max. volume: 36.6087.

# FGMRES residual history
# Residual tolerance target = 1e-10
# Initial residual norm     = 9.77087e-10
     0     1
# FGMRES final (true) residual:
# Iteration = 4: |res|/|res0| = 1.77991e-11.

Computing volumes of the grid elements.
Non-linear iter.: 99/500. Linear iter.: 4. Min. area: 0.000148451. Error: 1.77991e-11.
Computing volumes of the grid elements.
Min. volume: 0.000148451, max. volume: 36.6087.

# FGMRES residual history
# Residual tolerance target = 1e-10
# Initial residual norm     = 9.77104e-10
     0     1
# FGMRES final (true) residual:
# Iteration = 4: |res|/|res0| = 1.77987e-11.

Computing volumes of the grid elements.
Non-linear iter.: 100/500. Linear iter.: 4. Min. area: 0.000148451. Error: 1.77987e-11.
Computing volumes of the grid elements.
Min. volume: 0.000148451, max. volume: 36.6087.

# FGMRES residual history
# Residual tolerance target = 1e-10
# Initial residual norm     = 9.7712e-10
     0     1
# FGMRES final (true) residual:
# Iteration = 4: |res|/|res0| = 1.77982e-11.

Computing volumes of the grid elements.
Non-linear iter.: 101/500. Linear iter.: 4. Min. area: 0.000148451. Error: 1.77982e-11.
Computing volumes of the grid elements.
Min. volume: 0.000148451, max. volume: 36.6087.

# FGMRES residual history
# Residual tolerance target = 1e-10
# Initial residual norm     = 9.77137e-10
     0     1
# FGMRES final (true) residual:
# Iteration = 4: |res|/|res0| = 1.77978e-11.

Computing volumes of the grid elements.
Non-linear iter.: 102/500. Linear iter.: 4. Min. area: 0.000148451. Error: 1.77978e-11.
Computing volumes of the grid elements.
Min. volume: 0.000148451, max. volume: 36.6087.

# FGMRES residual history
# Residual tolerance target = 1e-10
# Initial residual norm     = 9.77154e-10
     0     1
# FGMRES final (true) residual:
# Iteration = 4: |res|/|res0| = 1.77973e-11.

Computing volumes of the grid elements.
Non-linear iter.: 103/500. Linear iter.: 4. Min. area: 0.000148451. Error: 1.77973e-11.
Computing volumes of the grid elements.
Min. volume: 0.000148451, max. volume: 36.6087.

# FGMRES residual history
# Residual tolerance target = 1e-10
# Initial residual norm     = 9.77171e-10
     0     1
# FGMRES final (true) residual:
# Iteration = 4: |res|/|res0| = 1.77968e-11.

Computing volumes of the grid elements.
Non-linear iter.: 104/500. Linear iter.: 4. Min. area: 0.000148451. Error: 1.77968e-11.
Computing volumes of the grid elements.
Min. volume: 0.000148451, max. volume: 36.6087.

# FGMRES residual history
# Residual tolerance target = 1e-10
# Initial residual norm     = 9.77188e-10
     0     1
# FGMRES final (true) residual:
# Iteration = 4: |res|/|res0| = 1.77964e-11.

Computing volumes of the grid elements.
Non-linear iter.: 105/500. Linear iter.: 4. Min. area: 0.000148451. Error: 1.77964e-11.
Computing volumes of the grid elements.
Min. volume: 0.000148451, max. volume: 36.6087.

# FGMRES residual history
# Residual tolerance target = 1e-10
# Initial residual norm     = 9.77205e-10
     0     1
# FGMRES final (true) residual:
# Iteration = 4: |res|/|res0| = 1.77959e-11.

Computing volumes of the grid elements.
Non-linear iter.: 106/500. Linear iter.: 4. Min. area: 0.000148451. Error: 1.77959e-11.
Computing volumes of the grid elements.
Min. volume: 0.000148451, max. volume: 36.6087.

# FGMRES residual history
# Residual tolerance target = 1e-10
# Initial residual norm     = 9.77221e-10
     0     1
# FGMRES final (true) residual:
# Iteration = 4: |res|/|res0| = 1.77955e-11.

Computing volumes of the grid elements.
Non-linear iter.: 107/500. Linear iter.: 4. Min. area: 0.000148451. Error: 1.77955e-11.
Computing volumes of the grid elements.
Min. volume: 0.000148451, max. volume: 36.6087.

# FGMRES residual history
# Residual tolerance target = 1e-10
# Initial residual norm     = 9.77238e-10
     0     1
# FGMRES final (true) residual:
# Iteration = 4: |res|/|res0| = 1.7795e-11.

Computing volumes of the grid elements.
Non-linear iter.: 108/500. Linear iter.: 4. Min. area: 0.000148451. Error: 1.7795e-11.
Computing volumes of the grid elements.
Min. volume: 0.000148451, max. volume: 36.6087.

# FGMRES residual history
# Residual tolerance target = 1e-10
# Initial residual norm     = 9.77255e-10
     0     1
# FGMRES final (true) residual:
# Iteration = 4: |res|/|res0| = 1.77946e-11.

Computing volumes of the grid elements.
Non-linear iter.: 109/500. Linear iter.: 4. Min. area: 0.000148451. Error: 1.77946e-11.
Computing volumes of the grid elements.
Min. volume: 0.000148451, max. volume: 36.6087.

# FGMRES residual history
# Residual tolerance target = 1e-10
# Initial residual norm     = 9.77272e-10
     0     1
# FGMRES final (true) residual:
# Iteration = 4: |res|/|res0| = 1.77941e-11.

Computing volumes of the grid elements.
Non-linear iter.: 110/500. Linear iter.: 4. Min. area: 0.000148451. Error: 1.77941e-11.
Computing volumes of the grid elements.
Min. volume: 0.000148451, max. volume: 36.6087.

# FGMRES residual history
# Residual tolerance target = 1e-10
# Initial residual norm     = 9.77289e-10
     0     1
# FGMRES final (true) residual:
# Iteration = 4: |res|/|res0| = 1.77936e-11.

Computing volumes of the grid elements.
Non-linear iter.: 111/500. Linear iter.: 4. Min. area: 0.000148451. Error: 1.77936e-11.
Computing volumes of the grid elements.
Min. volume: 0.000148451, max. volume: 36.6087.

# FGMRES residual history
# Residual tolerance target = 1e-10
# Initial residual norm     = 9.77306e-10
     0     1
# FGMRES final (true) residual:
# Iteration = 4: |res|/|res0| = 1.77932e-11.

Computing volumes of the grid elements.
Non-linear iter.: 112/500. Linear iter.: 4. Min. area: 0.000148451. Error: 1.77932e-11.
Computing volumes of the grid elements.
Min. volume: 0.000148451, max. volume: 36.6087.

# FGMRES residual history
# Residual tolerance target = 1e-10
# Initial residual norm     = 9.77322e-10
     0     1
# FGMRES final (true) residual:
# Iteration = 4: |res|/|res0| = 1.77927e-11.

Computing volumes of the grid elements.
Non-linear iter.: 113/500. Linear iter.: 4. Min. area: 0.000148451. Error: 1.77927e-11.
Computing volumes of the grid elements.
Min. volume: 0.000148451, max. volume: 36.6087.

# FGMRES residual history
# Residual tolerance target = 1e-10
# Initial residual norm     = 9.77339e-10
     0     1
# FGMRES final (true) residual:
# Iteration = 4: |res|/|res0| = 1.77923e-11.

Computing volumes of the grid elements.
Non-linear iter.: 114/500. Linear iter.: 4. Min. area: 0.000148451. Error: 1.77923e-11.
Computing volumes of the grid elements.
Min. volume: 0.000148451, max. volume: 36.6087.

# FGMRES residual history
# Residual tolerance target = 1e-10
# Initial residual norm     = 9.77356e-10
     0     1
# FGMRES final (true) residual:
# Iteration = 4: |res|/|res0| = 1.77918e-11.

Computing volumes of the grid elements.
Non-linear iter.: 115/500. Linear iter.: 4. Min. area: 0.000148451. Error: 1.77918e-11.
Computing volumes of the grid elements.
Min. volume: 0.000148451, max. volume: 36.6087.

# FGMRES residual history
# Residual tolerance target = 1e-10
# Initial residual norm     = 9.77373e-10
     0     1
# FGMRES final (true) residual:
# Iteration = 4: |res|/|res0| = 1.77914e-11.

Computing volumes of the grid elements.
Non-linear iter.: 116/500. Linear iter.: 4. Min. area: 0.000148451. Error: 1.77914e-11.
Computing volumes of the grid elements.
Min. volume: 0.000148451, max. volume: 36.6087.

# FGMRES residual history
# Residual tolerance target = 1e-10
# Initial residual norm     = 9.7739e-10
     0     1
# FGMRES final (true) residual:
# Iteration = 4: |res|/|res0| = 1.77909e-11.

Computing volumes of the grid elements.
Non-linear iter.: 117/500. Linear iter.: 4. Min. area: 0.000148451. Error: 1.77909e-11.
Computing volumes of the grid elements.
Min. volume: 0.000148451, max. volume: 36.6087.

# FGMRES residual history
# Residual tolerance target = 1e-10
# Initial residual norm     = 9.77407e-10
     0     1
# FGMRES final (true) residual:
# Iteration = 4: |res|/|res0| = 1.77905e-11.

Computing volumes of the grid elements.
Non-linear iter.: 118/500. Linear iter.: 4. Min. area: 0.000148451. Error: 1.77905e-11.
Computing volumes of the grid elements.
Min. volume: 0.000148451, max. volume: 36.6087.

# FGMRES residual history
# Residual tolerance target = 1e-10
# Initial residual norm     = 9.77423e-10
     0     1
# FGMRES final (true) residual:
# Iteration = 4: |res|/|res0| = 1.779e-11.

Computing volumes of the grid elements.
Non-linear iter.: 119/500. Linear iter.: 4. Min. area: 0.000148451. Error: 1.779e-11.
Computing volumes of the grid elements.
Min. volume: 0.000148451, max. volume: 36.6087.

# FGMRES residual history
# Residual tolerance target = 1e-10
# Initial residual norm     = 9.7744e-10
     0     1
# FGMRES final (true) residual:
# Iteration = 4: |res|/|res0| = 1.77895e-11.

Computing volumes of the grid elements.
Non-linear iter.: 120/500. Linear iter.: 4. Min. area: 0.000148451. Error: 1.77895e-11.
Computing volumes of the grid elements.
Min. volume: 0.000148451, max. volume: 36.6087.

# FGMRES residual history
# Residual tolerance target = 1e-10
# Initial residual norm     = 9.77457e-10
     0     1
# FGMRES final (true) residual:
# Iteration = 4: |res|/|res0| = 1.77891e-11.

Computing volumes of the grid elements.
Non-linear iter.: 121/500. Linear iter.: 4. Min. area: 0.000148451. Error: 1.77891e-11.
Computing volumes of the grid elements.
Min. volume: 0.000148451, max. volume: 36.6087.

# FGMRES residual history
# Residual tolerance target = 1e-10
# Initial residual norm     = 9.77474e-10
     0     1
# FGMRES final (true) residual:
# Iteration = 4: |res|/|res0| = 1.77886e-11.

Computing volumes of the grid elements.
Non-linear iter.: 122/500. Linear iter.: 4. Min. area: 0.000148451. Error: 1.77886e-11.
Computing volumes of the grid elements.
Min. volume: 0.000148451, max. volume: 36.6087.

# FGMRES residual history
# Residual tolerance target = 1e-10
# Initial residual norm     = 9.77491e-10
     0     1
# FGMRES final (true) residual:
# Iteration = 4: |res|/|res0| = 1.77882e-11.

Computing volumes of the grid elements.
Non-linear iter.: 123/500. Linear iter.: 4. Min. area: 0.000148451. Error: 1.77882e-11.
Computing volumes of the grid elements.
Min. volume: 0.000148451, max. volume: 36.6087.

# FGMRES residual history
# Residual tolerance target = 1e-10
# Initial residual norm     = 9.77508e-10
     0     1
# FGMRES final (true) residual:
# Iteration = 4: |res|/|res0| = 1.77877e-11.

Computing volumes of the grid elements.
Non-linear iter.: 124/500. Linear iter.: 4. Min. area: 0.000148451. Error: 1.77877e-11.
Computing volumes of the grid elements.
Min. volume: 0.000148451, max. volume: 36.6087.

# FGMRES residual history
# Residual tolerance target = 1e-10
# Initial residual norm     = 9.77524e-10
     0     1
# FGMRES final (true) residual:
# Iteration = 4: |res|/|res0| = 1.77873e-11.

Computing volumes of the grid elements.
Non-linear iter.: 125/500. Linear iter.: 4. Min. area: 0.000148451. Error: 1.77873e-11.
Computing volumes of the grid elements.
Min. volume: 0.000148451, max. volume: 36.6087.

# FGMRES residual history
# Residual tolerance target = 1e-10
# Initial residual norm     = 9.77541e-10
     0     1
# FGMRES final (true) residual:
# Iteration = 4: |res|/|res0| = 1.77868e-11.

Computing volumes of the grid elements.
Non-linear iter.: 126/500. Linear iter.: 4. Min. area: 0.000148451. Error: 1.77868e-11.
Computing volumes of the grid elements.
Min. volume: 0.000148451, max. volume: 36.6087.

# FGMRES residual history
# Residual tolerance target = 1e-10
# Initial residual norm     = 9.77558e-10
     0     1
# FGMRES final (true) residual:
# Iteration = 4: |res|/|res0| = 1.77863e-11.

Computing volumes of the grid elements.
Non-linear iter.: 127/500. Linear iter.: 4. Min. area: 0.000148451. Error: 1.77863e-11.
Computing volumes of the grid elements.
Min. volume: 0.000148451, max. volume: 36.6087.

# FGMRES residual history
# Residual tolerance target = 1e-10
# Initial residual norm     = 9.77575e-10
     0     1
# FGMRES final (true) residual:
# Iteration = 4: |res|/|res0| = 1.77859e-11.

Computing volumes of the grid elements.
Non-linear iter.: 128/500. Linear iter.: 4. Min. area: 0.000148451. Error: 1.77859e-11.
Computing volumes of the grid elements.
Min. volume: 0.000148451, max. volume: 36.6087.

# FGMRES residual history
# Residual tolerance target = 1e-10
# Initial residual norm     = 9.77592e-10
     0     1
# FGMRES final (true) residual:
# Iteration = 4: |res|/|res0| = 1.77854e-11.

Computing volumes of the grid elements.
Non-linear iter.: 129/500. Linear iter.: 4. Min. area: 0.000148451. Error: 1.77854e-11.
Computing volumes of the grid elements.
Min. volume: 0.000148451, max. volume: 36.6087.

# FGMRES residual history
# Residual tolerance target = 1e-10
# Initial residual norm     = 9.77609e-10
     0     1
# FGMRES final (true) residual:
# Iteration = 4: |res|/|res0| = 1.7785e-11.

Computing volumes of the grid elements.
Non-linear iter.: 130/500. Linear iter.: 4. Min. area: 0.000148451. Error: 1.7785e-11.
Computing volumes of the grid elements.
Min. volume: 0.000148451, max. volume: 36.6087.

# FGMRES residual history
# Residual tolerance target = 1e-10
# Initial residual norm     = 9.77626e-10
     0     1
# FGMRES final (true) residual:
# Iteration = 4: |res|/|res0| = 1.77845e-11.

Computing volumes of the grid elements.
Non-linear iter.: 131/500. Linear iter.: 4. Min. area: 0.000148451. Error: 1.77845e-11.
Computing volumes of the grid elements.
Min. volume: 0.000148451, max. volume: 36.6087.

# FGMRES residual history
# Residual tolerance target = 1e-10
# Initial residual norm     = 9.77642e-10
     0     1
# FGMRES final (true) residual:
# Iteration = 4: |res|/|res0| = 1.77841e-11.

Computing volumes of the grid elements.
Non-linear iter.: 132/500. Linear iter.: 4. Min. area: 0.000148451. Error: 1.77841e-11.
Computing volumes of the grid elements.
Min. volume: 0.000148451, max. volume: 36.6087.

# FGMRES residual history
# Residual tolerance target = 1e-10
# Initial residual norm     = 9.77659e-10
     0     1
# FGMRES final (true) residual:
# Iteration = 4: |res|/|res0| = 1.77836e-11.

Computing volumes of the grid elements.
Non-linear iter.: 133/500. Linear iter.: 4. Min. area: 0.000148451. Error: 1.77836e-11.
Computing volumes of the grid elements.
Min. volume: 0.000148451, max. volume: 36.6087.

# FGMRES residual history
# Residual tolerance target = 1e-10
# Initial residual norm     = 9.77676e-10
     0     1
# FGMRES final (true) residual:
# Iteration = 4: |res|/|res0| = 1.77832e-11.

Computing volumes of the grid elements.
Non-linear iter.: 134/500. Linear iter.: 4. Min. area: 0.000148451. Error: 1.77832e-11.
Computing volumes of the grid elements.
Min. volume: 0.000148451, max. volume: 36.6087.

# FGMRES residual history
# Residual tolerance target = 1e-10
# Initial residual norm     = 9.77693e-10
     0     1
# FGMRES final (true) residual:
# Iteration = 4: |res|/|res0| = 1.77827e-11.

Computing volumes of the grid elements.
Non-linear iter.: 135/500. Linear iter.: 4. Min. area: 0.000148451. Error: 1.77827e-11.
Computing volumes of the grid elements.
Min. volume: 0.000148451, max. volume: 36.6087.

# FGMRES residual history
# Residual tolerance target = 1e-10
# Initial residual norm     = 9.7771e-10
     0     1
# FGMRES final (true) residual:
# Iteration = 4: |res|/|res0| = 1.77822e-11.

Computing volumes of the grid elements.
Non-linear iter.: 136/500. Linear iter.: 4. Min. area: 0.000148451. Error: 1.77822e-11.
Computing volumes of the grid elements.
Min. volume: 0.000148451, max. volume: 36.6087.

# FGMRES residual history
# Residual tolerance target = 1e-10
# Initial residual norm     = 9.77727e-10
     0     1
# FGMRES final (true) residual:
# Iteration = 4: |res|/|res0| = 1.77818e-11.

Computing volumes of the grid elements.
Non-linear iter.: 137/500. Linear iter.: 4. Min. area: 0.000148451. Error: 1.77818e-11.
Computing volumes of the grid elements.
Min. volume: 0.000148451, max. volume: 36.6087.

# FGMRES residual history
# Residual tolerance target = 1e-10
# Initial residual norm     = 9.77743e-10
     0     1
# FGMRES final (true) residual:
# Iteration = 4: |res|/|res0| = 1.77813e-11.

Computing volumes of the grid elements.
Non-linear iter.: 138/500. Linear iter.: 4. Min. area: 0.000148451. Error: 1.77813e-11.
Computing volumes of the grid elements.
Min. volume: 0.000148451, max. volume: 36.6087.

# FGMRES residual history
# Residual tolerance target = 1e-10
# Initial residual norm     = 9.7776e-10
     0     1
# FGMRES final (true) residual:
# Iteration = 4: |res|/|res0| = 1.77809e-11.

Computing volumes of the grid elements.
Non-linear iter.: 139/500. Linear iter.: 4. Min. area: 0.000148451. Error: 1.77809e-11.
Computing volumes of the grid elements.
Min. volume: 0.000148451, max. volume: 36.6087.

# FGMRES residual history
# Residual tolerance target = 1e-10
# Initial residual norm     = 9.77777e-10
     0     1
# FGMRES final (true) residual:
# Iteration = 4: |res|/|res0| = 1.77804e-11.

Computing volumes of the grid elements.
Non-linear iter.: 140/500. Linear iter.: 4. Min. area: 0.000148451. Error: 1.77804e-11.
Computing volumes of the grid elements.
Min. volume: 0.000148451, max. volume: 36.6087.

# FGMRES residual history
# Residual tolerance target = 1e-10
# Initial residual norm     = 9.77794e-10
     0     1
# FGMRES final (true) residual:
# Iteration = 4: |res|/|res0| = 1.778e-11.

Computing volumes of the grid elements.
Non-linear iter.: 141/500. Linear iter.: 4. Min. area: 0.000148451. Error: 1.778e-11.
Computing volumes of the grid elements.
Min. volume: 0.000148451, max. volume: 36.6087.

# FGMRES residual history
# Residual tolerance target = 1e-10
# Initial residual norm     = 9.77811e-10
     0     1
# FGMRES final (true) residual:
# Iteration = 4: |res|/|res0| = 1.77795e-11.

Computing volumes of the grid elements.
Non-linear iter.: 142/500. Linear iter.: 4. Min. area: 0.000148451. Error: 1.77795e-11.
Computing volumes of the grid elements.
Min. volume: 0.000148451, max. volume: 36.6087.

# FGMRES residual history
# Residual tolerance target = 1e-10
# Initial residual norm     = 9.77828e-10
     0     1
# FGMRES final (true) residual:
# Iteration = 4: |res|/|res0| = 1.77791e-11.

Computing volumes of the grid elements.
Non-linear iter.: 143/500. Linear iter.: 4. Min. area: 0.000148451. Error: 1.77791e-11.
Computing volumes of the grid elements.
Min. volume: 0.000148451, max. volume: 36.6087.

# FGMRES residual history
# Residual tolerance target = 1e-10
# Initial residual norm     = 9.77845e-10
     0     1
# FGMRES final (true) residual:
# Iteration = 4: |res|/|res0| = 1.77786e-11.

Computing volumes of the grid elements.
Non-linear iter.: 144/500. Linear iter.: 4. Min. area: 0.000148451. Error: 1.77786e-11.
Computing volumes of the grid elements.
Min. volume: 0.000148451, max. volume: 36.6087.

# FGMRES residual history
# Residual tolerance target = 1e-10
# Initial residual norm     = 9.77861e-10
     0     1
# FGMRES final (true) residual:
# Iteration = 4: |res|/|res0| = 1.77781e-11.

Computing volumes of the grid elements.
Non-linear iter.: 145/500. Linear iter.: 4. Min. area: 0.000148451. Error: 1.77781e-11.
Computing volumes of the grid elements.
Min. volume: 0.000148451, max. volume: 36.6087.

# FGMRES residual history
# Residual tolerance target = 1e-10
# Initial residual norm     = 9.77878e-10
     0     1
# FGMRES final (true) residual:
# Iteration = 4: |res|/|res0| = 1.77777e-11.

Computing volumes of the grid elements.
Non-linear iter.: 146/500. Linear iter.: 4. Min. area: 0.00014845. Error: 1.77777e-11.
Computing volumes of the grid elements.
Min. volume: 0.00014845, max. volume: 36.6087.

# FGMRES residual history
# Residual tolerance target = 1e-10
# Initial residual norm     = 9.77895e-10
     0     1
# FGMRES final (true) residual:
# Iteration = 4: |res|/|res0| = 1.77772e-11.

Computing volumes of the grid elements.
Non-linear iter.: 147/500. Linear iter.: 4. Min. area: 0.00014845. Error: 1.77772e-11.
Computing volumes of the grid elements.
Min. volume: 0.00014845, max. volume: 36.6087.

# FGMRES residual history
# Residual tolerance target = 1e-10
# Initial residual norm     = 9.77912e-10
     0     1
# FGMRES final (true) residual:
# Iteration = 4: |res|/|res0| = 1.77768e-11.

Computing volumes of the grid elements.
Non-linear iter.: 148/500. Linear iter.: 4. Min. area: 0.00014845. Error: 1.77768e-11.
Computing volumes of the grid elements.
Min. volume: 0.00014845, max. volume: 36.6087.

# FGMRES residual history
# Residual tolerance target = 1e-10
# Initial residual norm     = 9.77929e-10
     0     1
# FGMRES final (true) residual:
# Iteration = 4: |res|/|res0| = 1.77763e-11.

Computing volumes of the grid elements.
Non-linear iter.: 149/500. Linear iter.: 4. Min. area: 0.00014845. Error: 1.77763e-11.
Computing volumes of the grid elements.
Min. volume: 0.00014845, max. volume: 36.6087.

# FGMRES residual history
# Residual tolerance target = 1e-10
# Initial residual norm     = 9.77946e-10
     0     1
# FGMRES final (true) residual:
# Iteration = 4: |res|/|res0| = 1.77759e-11.

Computing volumes of the grid elements.
Non-linear iter.: 150/500. Linear iter.: 4. Min. area: 0.00014845. Error: 1.77759e-11.
Computing volumes of the grid elements.
Min. volume: 0.00014845, max. volume: 36.6087.

# FGMRES residual history
# Residual tolerance target = 1e-10
# Initial residual norm     = 9.77963e-10
     0     1
# FGMRES final (true) residual:
# Iteration = 4: |res|/|res0| = 1.77754e-11.

Computing volumes of the grid elements.
Non-linear iter.: 151/500. Linear iter.: 4. Min. area: 0.00014845. Error: 1.77754e-11.
Computing volumes of the grid elements.
Min. volume: 0.00014845, max. volume: 36.6087.

# FGMRES residual history
# Residual tolerance target = 1e-10
# Initial residual norm     = 9.77979e-10
     0     1
# FGMRES final (true) residual:
# Iteration = 4: |res|/|res0| = 1.77749e-11.

Computing volumes of the grid elements.
Non-linear iter.: 152/500. Linear iter.: 4. Min. area: 0.00014845. Error: 1.77749e-11.
Computing volumes of the grid elements.
Min. volume: 0.00014845, max. volume: 36.6087.

# FGMRES residual history
# Residual tolerance target = 1e-10
# Initial residual norm     = 9.77996e-10
     0     1
# FGMRES final (true) residual:
# Iteration = 4: |res|/|res0| = 1.77745e-11.

Computing volumes of the grid elements.
Non-linear iter.: 153/500. Linear iter.: 4. Min. area: 0.00014845. Error: 1.77745e-11.
Computing volumes of the grid elements.
Min. volume: 0.00014845, max. volume: 36.6087.

# FGMRES residual history
# Residual tolerance target = 1e-10
# Initial residual norm     = 9.78013e-10
     0     1
# FGMRES final (true) residual:
# Iteration = 4: |res|/|res0| = 1.7774e-11.

Computing volumes of the grid elements.
Non-linear iter.: 154/500. Linear iter.: 4. Min. area: 0.00014845. Error: 1.7774e-11.
Computing volumes of the grid elements.
Min. volume: 0.00014845, max. volume: 36.6087.

# FGMRES residual history
# Residual tolerance target = 1e-10
# Initial residual norm     = 9.7803e-10
     0     1
# FGMRES final (true) residual:
# Iteration = 4: |res|/|res0| = 1.77736e-11.

Computing volumes of the grid elements.
Non-linear iter.: 155/500. Linear iter.: 4. Min. area: 0.00014845. Error: 1.77736e-11.
Computing volumes of the grid elements.
Min. volume: 0.00014845, max. volume: 36.6087.

# FGMRES residual history
# Residual tolerance target = 1e-10
# Initial residual norm     = 9.78047e-10
     0     1
# FGMRES final (true) residual:
# Iteration = 4: |res|/|res0| = 1.77731e-11.

Computing volumes of the grid elements.
Non-linear iter.: 156/500. Linear iter.: 4. Min. area: 0.00014845. Error: 1.77731e-11.
Computing volumes of the grid elements.
Min. volume: 0.00014845, max. volume: 36.6087.

# FGMRES residual history
# Residual tolerance target = 1e-10
# Initial residual norm     = 9.78064e-10
     0     1
# FGMRES final (true) residual:
# Iteration = 4: |res|/|res0| = 1.77727e-11.

Computing volumes of the grid elements.
Non-linear iter.: 157/500. Linear iter.: 4. Min. area: 0.00014845. Error: 1.77727e-11.
Computing volumes of the grid elements.
Min. volume: 0.00014845, max. volume: 36.6087.

# FGMRES residual history
# Residual tolerance target = 1e-10
# Initial residual norm     = 9.78081e-10
     0     1
# FGMRES final (true) residual:
# Iteration = 4: |res|/|res0| = 1.77722e-11.

Computing volumes of the grid elements.
Non-linear iter.: 158/500. Linear iter.: 4. Min. area: 0.00014845. Error: 1.77722e-11.
Computing volumes of the grid elements.
Min. volume: 0.00014845, max. volume: 36.6087.

# FGMRES residual history
# Residual tolerance target = 1e-10
# Initial residual norm     = 9.78097e-10
     0     1
# FGMRES final (true) residual:
# Iteration = 4: |res|/|res0| = 1.77718e-11.

Computing volumes of the grid elements.
Non-linear iter.: 159/500. Linear iter.: 4. Min. area: 0.00014845. Error: 1.77718e-11.
Computing volumes of the grid elements.
Min. volume: 0.00014845, max. volume: 36.6087.

# FGMRES residual history
# Residual tolerance target = 1e-10
# Initial residual norm     = 9.78114e-10
     0     1
# FGMRES final (true) residual:
# Iteration = 4: |res|/|res0| = 1.77713e-11.

Computing volumes of the grid elements.
Non-linear iter.: 160/500. Linear iter.: 4. Min. area: 0.00014845. Error: 1.77713e-11.
Computing volumes of the grid elements.
Min. volume: 0.00014845, max. volume: 36.6087.

# FGMRES residual history
# Residual tolerance target = 1e-10
# Initial residual norm     = 9.78131e-10
     0     1
# FGMRES final (true) residual:
# Iteration = 4: |res|/|res0| = 1.77708e-11.

Computing volumes of the grid elements.
Non-linear iter.: 161/500. Linear iter.: 4. Min. area: 0.00014845. Error: 1.77708e-11.
Computing volumes of the grid elements.
Min. volume: 0.00014845, max. volume: 36.6087.

# FGMRES residual history
# Residual tolerance target = 1e-10
# Initial residual norm     = 9.78148e-10
     0     1
# FGMRES final (true) residual:
# Iteration = 4: |res|/|res0| = 1.77704e-11.

Computing volumes of the grid elements.
Non-linear iter.: 162/500. Linear iter.: 4. Min. area: 0.00014845. Error: 1.77704e-11.
Computing volumes of the grid elements.
Min. volume: 0.00014845, max. volume: 36.6087.

# FGMRES residual history
# Residual tolerance target = 1e-10
# Initial residual norm     = 9.78165e-10
     0     1
# FGMRES final (true) residual:
# Iteration = 4: |res|/|res0| = 1.77699e-11.

Computing volumes of the grid elements.
Non-linear iter.: 163/500. Linear iter.: 4. Min. area: 0.00014845. Error: 1.77699e-11.
Computing volumes of the grid elements.
Min. volume: 0.00014845, max. volume: 36.6087.

# FGMRES residual history
# Residual tolerance target = 1e-10
# Initial residual norm     = 9.78182e-10
     0     1
# FGMRES final (true) residual:
# Iteration = 4: |res|/|res0| = 1.77695e-11.

Computing volumes of the grid elements.
Non-linear iter.: 164/500. Linear iter.: 4. Min. area: 0.00014845. Error: 1.77695e-11.
Computing volumes of the grid elements.
Min. volume: 0.00014845, max. volume: 36.6087.

# FGMRES residual history
# Residual tolerance target = 1e-10
# Initial residual norm     = 9.78199e-10
     0     1
# FGMRES final (true) residual:
# Iteration = 4: |res|/|res0| = 1.7769e-11.

Computing volumes of the grid elements.
Non-linear iter.: 165/500. Linear iter.: 4. Min. area: 0.00014845. Error: 1.7769e-11.
Computing volumes of the grid elements.
Min. volume: 0.00014845, max. volume: 36.6087.

# FGMRES residual history
# Residual tolerance target = 1e-10
# Initial residual norm     = 9.78216e-10
     0     1
# FGMRES final (true) residual:
# Iteration = 4: |res|/|res0| = 1.77686e-11.

Computing volumes of the grid elements.
Non-linear iter.: 166/500. Linear iter.: 4. Min. area: 0.00014845. Error: 1.77686e-11.
Computing volumes of the grid elements.
Min. volume: 0.00014845, max. volume: 36.6087.

# FGMRES residual history
# Residual tolerance target = 1e-10
# Initial residual norm     = 9.78232e-10
     0     1
# FGMRES final (true) residual:
# Iteration = 4: |res|/|res0| = 1.77681e-11.

Computing volumes of the grid elements.
Non-linear iter.: 167/500. Linear iter.: 4. Min. area: 0.00014845. Error: 1.77681e-11.
Computing volumes of the grid elements.
Min. volume: 0.00014845, max. volume: 36.6087.

# FGMRES residual history
# Residual tolerance target = 1e-10
# Initial residual norm     = 9.78249e-10
     0     1
# FGMRES final (true) residual:
# Iteration = 4: |res|/|res0| = 1.77676e-11.

Computing volumes of the grid elements.
Non-linear iter.: 168/500. Linear iter.: 4. Min. area: 0.00014845. Error: 1.77676e-11.
Computing volumes of the grid elements.
Min. volume: 0.00014845, max. volume: 36.6087.

# FGMRES residual history
# Residual tolerance target = 1e-10
# Initial residual norm     = 9.78266e-10
     0     1
# FGMRES final (true) residual:
# Iteration = 4: |res|/|res0| = 1.77672e-11.

Computing volumes of the grid elements.
Non-linear iter.: 169/500. Linear iter.: 4. Min. area: 0.00014845. Error: 1.77672e-11.
Computing volumes of the grid elements.
Min. volume: 0.00014845, max. volume: 36.6087.

# FGMRES residual history
# Residual tolerance target = 1e-10
# Initial residual norm     = 9.78283e-10
     0     1
# FGMRES final (true) residual:
# Iteration = 4: |res|/|res0| = 1.77667e-11.

Computing volumes of the grid elements.
Non-linear iter.: 170/500. Linear iter.: 4. Min. area: 0.00014845. Error: 1.77667e-11.
Computing volumes of the grid elements.
Min. volume: 0.00014845, max. volume: 36.6087.

# FGMRES residual history
# Residual tolerance target = 1e-10
# Initial residual norm     = 9.783e-10
     0     1
# FGMRES final (true) residual:
# Iteration = 4: |res|/|res0| = 1.77663e-11.

Computing volumes of the grid elements.
Non-linear iter.: 171/500. Linear iter.: 4. Min. area: 0.00014845. Error: 1.77663e-11.
Computing volumes of the grid elements.
Min. volume: 0.00014845, max. volume: 36.6087.

# FGMRES residual history
# Residual tolerance target = 1e-10
# Initial residual norm     = 9.78317e-10
     0     1
# FGMRES final (true) residual:
# Iteration = 4: |res|/|res0| = 1.77658e-11.

Computing volumes of the grid elements.
Non-linear iter.: 172/500. Linear iter.: 4. Min. area: 0.00014845. Error: 1.77658e-11.
Computing volumes of the grid elements.
Min. volume: 0.00014845, max. volume: 36.6087.

# FGMRES residual history
# Residual tolerance target = 1e-10
# Initial residual norm     = 9.78334e-10
     0     1
# FGMRES final (true) residual:
# Iteration = 4: |res|/|res0| = 1.77654e-11.

Computing volumes of the grid elements.
Non-linear iter.: 173/500. Linear iter.: 4. Min. area: 0.00014845. Error: 1.77654e-11.
Computing volumes of the grid elements.
Min. volume: 0.00014845, max. volume: 36.6087.

# FGMRES residual history
# Residual tolerance target = 1e-10
# Initial residual norm     = 9.78351e-10
     0     1
# FGMRES final (true) residual:
# Iteration = 4: |res|/|res0| = 1.77649e-11.

Computing volumes of the grid elements.
Non-linear iter.: 174/500. Linear iter.: 4. Min. area: 0.00014845. Error: 1.77649e-11.
Computing volumes of the grid elements.
Min. volume: 0.00014845, max. volume: 36.6087.

# FGMRES residual history
# Residual tolerance target = 1e-10
# Initial residual norm     = 9.78367e-10
     0     1
# FGMRES final (true) residual:
# Iteration = 4: |res|/|res0| = 1.77645e-11.

Computing volumes of the grid elements.
Non-linear iter.: 175/500. Linear iter.: 4. Min. area: 0.00014845. Error: 1.77645e-11.
Computing volumes of the grid elements.
Min. volume: 0.00014845, max. volume: 36.6087.

# FGMRES residual history
# Residual tolerance target = 1e-10
# Initial residual norm     = 9.78384e-10
     0     1
# FGMRES final (true) residual:
# Iteration = 4: |res|/|res0| = 1.7764e-11.

Computing volumes of the grid elements.
Non-linear iter.: 176/500. Linear iter.: 4. Min. area: 0.00014845. Error: 1.7764e-11.
Computing volumes of the grid elements.
Min. volume: 0.00014845, max. volume: 36.6087.

# FGMRES residual history
# Residual tolerance target = 1e-10
# Initial residual norm     = 9.78401e-10
     0     1
# FGMRES final (true) residual:
# Iteration = 4: |res|/|res0| = 1.77635e-11.

Computing volumes of the grid elements.
Non-linear iter.: 177/500. Linear iter.: 4. Min. area: 0.00014845. Error: 1.77635e-11.
Computing volumes of the grid elements.
Min. volume: 0.00014845, max. volume: 36.6087.

# FGMRES residual history
# Residual tolerance target = 1e-10
# Initial residual norm     = 9.78418e-10
     0     1
# FGMRES final (true) residual:
# Iteration = 4: |res|/|res0| = 1.77631e-11.

Computing volumes of the grid elements.
Non-linear iter.: 178/500. Linear iter.: 4. Min. area: 0.00014845. Error: 1.77631e-11.
Computing volumes of the grid elements.
Min. volume: 0.00014845, max. volume: 36.6087.

# FGMRES residual history
# Residual tolerance target = 1e-10
# Initial residual norm     = 9.78435e-10
     0     1
# FGMRES final (true) residual:
# Iteration = 4: |res|/|res0| = 1.77626e-11.

Computing volumes of the grid elements.
Non-linear iter.: 179/500. Linear iter.: 4. Min. area: 0.00014845. Error: 1.77626e-11.
Computing volumes of the grid elements.
Min. volume: 0.00014845, max. volume: 36.6087.

# FGMRES residual history
# Residual tolerance target = 1e-10
# Initial residual norm     = 9.78452e-10
     0     1
# FGMRES final (true) residual:
# Iteration = 4: |res|/|res0| = 1.77622e-11.

Computing volumes of the grid elements.
Non-linear iter.: 180/500. Linear iter.: 4. Min. area: 0.00014845. Error: 1.77622e-11.
Computing volumes of the grid elements.
Min. volume: 0.00014845, max. volume: 36.6087.

# FGMRES residual history
# Residual tolerance target = 1e-10
# Initial residual norm     = 9.78469e-10
     0     1
# FGMRES final (true) residual:
# Iteration = 4: |res|/|res0| = 1.77617e-11.

Computing volumes of the grid elements.
Non-linear iter.: 181/500. Linear iter.: 4. Min. area: 0.00014845. Error: 1.77617e-11.
Computing volumes of the grid elements.
Min. volume: 0.00014845, max. volume: 36.6087.

# FGMRES residual history
# Residual tolerance target = 1e-10
# Initial residual norm     = 9.78486e-10
     0     1
# FGMRES final (true) residual:
# Iteration = 4: |res|/|res0| = 1.77613e-11.

Computing volumes of the grid elements.
Non-linear iter.: 182/500. Linear iter.: 4. Min. area: 0.00014845. Error: 1.77613e-11.
Computing volumes of the grid elements.
Min. volume: 0.00014845, max. volume: 36.6087.

# FGMRES residual history
# Residual tolerance target = 1e-10
# Initial residual norm     = 9.78502e-10
     0     1
# FGMRES final (true) residual:
# Iteration = 4: |res|/|res0| = 1.77608e-11.

Computing volumes of the grid elements.
Non-linear iter.: 183/500. Linear iter.: 4. Min. area: 0.00014845. Error: 1.77608e-11.
Computing volumes of the grid elements.
Min. volume: 0.00014845, max. volume: 36.6087.

# FGMRES residual history
# Residual tolerance target = 1e-10
# Initial residual norm     = 9.78519e-10
     0     1
# FGMRES final (true) residual:
# Iteration = 4: |res|/|res0| = 1.77603e-11.

Computing volumes of the grid elements.
Non-linear iter.: 184/500. Linear iter.: 4. Min. area: 0.00014845. Error: 1.77603e-11.
Computing volumes of the grid elements.
Min. volume: 0.00014845, max. volume: 36.6087.

# FGMRES residual history
# Residual tolerance target = 1e-10
# Initial residual norm     = 9.78536e-10
     0     1
# FGMRES final (true) residual:
# Iteration = 4: |res|/|res0| = 1.77599e-11.

Computing volumes of the grid elements.
Non-linear iter.: 185/500. Linear iter.: 4. Min. area: 0.00014845. Error: 1.77599e-11.
Computing volumes of the grid elements.
Min. volume: 0.00014845, max. volume: 36.6087.

# FGMRES residual history
# Residual tolerance target = 1e-10
# Initial residual norm     = 9.78553e-10
     0     1
# FGMRES final (true) residual:
# Iteration = 4: |res|/|res0| = 1.77594e-11.

Computing volumes of the grid elements.
Non-linear iter.: 186/500. Linear iter.: 4. Min. area: 0.00014845. Error: 1.77594e-11.
Computing volumes of the grid elements.
Min. volume: 0.00014845, max. volume: 36.6087.

# FGMRES residual history
# Residual tolerance target = 1e-10
# Initial residual norm     = 9.7857e-10
     0     1
# FGMRES final (true) residual:
# Iteration = 4: |res|/|res0| = 1.7759e-11.

Computing volumes of the grid elements.
Non-linear iter.: 187/500. Linear iter.: 4. Min. area: 0.00014845. Error: 1.7759e-11.
Computing volumes of the grid elements.
Min. volume: 0.00014845, max. volume: 36.6087.

# FGMRES residual history
# Residual tolerance target = 1e-10
# Initial residual norm     = 9.78587e-10
     0     1
# FGMRES final (true) residual:
# Iteration = 4: |res|/|res0| = 1.77585e-11.

Computing volumes of the grid elements.
Non-linear iter.: 188/500. Linear iter.: 4. Min. area: 0.00014845. Error: 1.77585e-11.
Computing volumes of the grid elements.
Min. volume: 0.00014845, max. volume: 36.6087.

# FGMRES residual history
# Residual tolerance target = 1e-10
# Initial residual norm     = 9.78604e-10
     0     1
# FGMRES final (true) residual:
# Iteration = 4: |res|/|res0| = 1.77581e-11.

Computing volumes of the grid elements.
Non-linear iter.: 189/500. Linear iter.: 4. Min. area: 0.00014845. Error: 1.77581e-11.
Computing volumes of the grid elements.
Min. volume: 0.00014845, max. volume: 36.6087.

# FGMRES residual history
# Residual tolerance target = 1e-10
# Initial residual norm     = 9.78621e-10
     0     1
# FGMRES final (true) residual:
# Iteration = 4: |res|/|res0| = 1.77576e-11.

Computing volumes of the grid elements.
Non-linear iter.: 190/500. Linear iter.: 4. Min. area: 0.00014845. Error: 1.77576e-11.
Computing volumes of the grid elements.
Min. volume: 0.00014845, max. volume: 36.6087.

# FGMRES residual history
# Residual tolerance target = 1e-10
# Initial residual norm     = 9.78637e-10
     0     1
# FGMRES final (true) residual:
# Iteration = 4: |res|/|res0| = 1.77572e-11.

Computing volumes of the grid elements.
Non-linear iter.: 191/500. Linear iter.: 4. Min. area: 0.00014845. Error: 1.77572e-11.
Computing volumes of the grid elements.
Min. volume: 0.00014845, max. volume: 36.6087.

# FGMRES residual history
# Residual tolerance target = 1e-10
# Initial residual norm     = 9.78654e-10
     0     1
# FGMRES final (true) residual:
# Iteration = 4: |res|/|res0| = 1.77567e-11.

Computing volumes of the grid elements.
Non-linear iter.: 192/500. Linear iter.: 4. Min. area: 0.00014845. Error: 1.77567e-11.
Computing volumes of the grid elements.
Min. volume: 0.00014845, max. volume: 36.6087.

# FGMRES residual history
# Residual tolerance target = 1e-10
# Initial residual norm     = 9.78671e-10
     0     1
# FGMRES final (true) residual:
# Iteration = 4: |res|/|res0| = 1.77562e-11.

Computing volumes of the grid elements.
Non-linear iter.: 193/500. Linear iter.: 4. Min. area: 0.00014845. Error: 1.77562e-11.
Computing volumes of the grid elements.
Min. volume: 0.00014845, max. volume: 36.6087.

# FGMRES residual history
# Residual tolerance target = 1e-10
# Initial residual norm     = 9.78688e-10
     0     1
# FGMRES final (true) residual:
# Iteration = 4: |res|/|res0| = 1.77558e-11.

Computing volumes of the grid elements.
Non-linear iter.: 194/500. Linear iter.: 4. Min. area: 0.00014845. Error: 1.77558e-11.
Computing volumes of the grid elements.
Min. volume: 0.00014845, max. volume: 36.6087.

# FGMRES residual history
# Residual tolerance target = 1e-10
# Initial residual norm     = 9.78705e-10
     0     1
# FGMRES final (true) residual:
# Iteration = 4: |res|/|res0| = 1.77553e-11.

Computing volumes of the grid elements.
Non-linear iter.: 195/500. Linear iter.: 4. Min. area: 0.00014845. Error: 1.77553e-11.
Computing volumes of the grid elements.
Min. volume: 0.00014845, max. volume: 36.6087.

# FGMRES residual history
# Residual tolerance target = 1e-10
# Initial residual norm     = 9.78722e-10
     0     1
# FGMRES final (true) residual:
# Iteration = 4: |res|/|res0| = 1.77549e-11.

Computing volumes of the grid elements.
Non-linear iter.: 196/500. Linear iter.: 4. Min. area: 0.00014845. Error: 1.77549e-11.
Computing volumes of the grid elements.
Min. volume: 0.00014845, max. volume: 36.6087.

# FGMRES residual history
# Residual tolerance target = 1e-10
# Initial residual norm     = 9.78739e-10
     0     1
# FGMRES final (true) residual:
# Iteration = 4: |res|/|res0| = 1.77544e-11.

Computing volumes of the grid elements.
Non-linear iter.: 197/500. Linear iter.: 4. Min. area: 0.00014845. Error: 1.77544e-11.
Computing volumes of the grid elements.
Min. volume: 0.00014845, max. volume: 36.6087.

# FGMRES residual history
# Residual tolerance target = 1e-10
# Initial residual norm     = 9.78756e-10
     0     1
# FGMRES final (true) residual:
# Iteration = 4: |res|/|res0| = 1.7754e-11.

Computing volumes of the grid elements.
Non-linear iter.: 198/500. Linear iter.: 4. Min. area: 0.00014845. Error: 1.7754e-11.
Computing volumes of the grid elements.
Min. volume: 0.00014845, max. volume: 36.6087.

# FGMRES residual history
# Residual tolerance target = 1e-10
# Initial residual norm     = 9.78773e-10
     0     1
# FGMRES final (true) residual:
# Iteration = 4: |res|/|res0| = 1.77535e-11.

Computing volumes of the grid elements.
Non-linear iter.: 199/500. Linear iter.: 4. Min. area: 0.00014845. Error: 1.77535e-11.
Computing volumes of the grid elements.
Min. volume: 0.00014845, max. volume: 36.6087.

# FGMRES residual history
# Residual tolerance target = 1e-10
# Initial residual norm     = 9.78789e-10
     0     1
# FGMRES final (true) residual:
# Iteration = 4: |res|/|res0| = 1.7753e-11.

Computing volumes of the grid elements.
Non-linear iter.: 200/500. Linear iter.: 4. Min. area: 0.00014845. Error: 1.7753e-11.
Computing volumes of the grid elements.
Min. volume: 0.00014845, max. volume: 36.6087.

# FGMRES residual history
# Residual tolerance target = 1e-10
# Initial residual norm     = 9.78806e-10
     0     1
# FGMRES final (true) residual:
# Iteration = 4: |res|/|res0| = 1.77526e-11.

Computing volumes of the grid elements.
Non-linear iter.: 201/500. Linear iter.: 4. Min. area: 0.00014845. Error: 1.77526e-11.
Computing volumes of the grid elements.
Min. volume: 0.00014845, max. volume: 36.6087.

# FGMRES residual history
# Residual tolerance target = 1e-10
# Initial residual norm     = 9.78823e-10
     0     1
# FGMRES final (true) residual:
# Iteration = 4: |res|/|res0| = 1.77521e-11.

Computing volumes of the grid elements.
Non-linear iter.: 202/500. Linear iter.: 4. Min. area: 0.00014845. Error: 1.77521e-11.
Computing volumes of the grid elements.
Min. volume: 0.00014845, max. volume: 36.6087.

# FGMRES residual history
# Residual tolerance target = 1e-10
# Initial residual norm     = 9.7884e-10
     0     1
# FGMRES final (true) residual:
# Iteration = 4: |res|/|res0| = 1.77517e-11.

Computing volumes of the grid elements.
Non-linear iter.: 203/500. Linear iter.: 4. Min. area: 0.00014845. Error: 1.77517e-11.
Computing volumes of the grid elements.
Min. volume: 0.00014845, max. volume: 36.6087.

# FGMRES residual history
# Residual tolerance target = 1e-10
# Initial residual norm     = 9.78857e-10
     0     1
# FGMRES final (true) residual:
# Iteration = 4: |res|/|res0| = 1.77512e-11.

Computing volumes of the grid elements.
Non-linear iter.: 204/500. Linear iter.: 4. Min. area: 0.00014845. Error: 1.77512e-11.
Computing volumes of the grid elements.
Min. volume: 0.00014845, max. volume: 36.6087.

# FGMRES residual history
# Residual tolerance target = 1e-10
# Initial residual norm     = 9.78874e-10
     0     1
# FGMRES final (true) residual:
# Iteration = 4: |res|/|res0| = 1.77508e-11.

Computing volumes of the grid elements.
Non-linear iter.: 205/500. Linear iter.: 4. Min. area: 0.00014845. Error: 1.77508e-11.
Computing volumes of the grid elements.
Min. volume: 0.00014845, max. volume: 36.6087.

# FGMRES residual history
# Residual tolerance target = 1e-10
# Initial residual norm     = 9.78891e-10
     0     1
# FGMRES final (true) residual:
# Iteration = 4: |res|/|res0| = 1.77503e-11.

Computing volumes of the grid elements.
Non-linear iter.: 206/500. Linear iter.: 4. Min. area: 0.00014845. Error: 1.77503e-11.
Computing volumes of the grid elements.
Min. volume: 0.00014845, max. volume: 36.6087.

# FGMRES residual history
# Residual tolerance target = 1e-10
# Initial residual norm     = 9.78908e-10
     0     1
# FGMRES final (true) residual:
# Iteration = 4: |res|/|res0| = 1.77499e-11.

Computing volumes of the grid elements.
Non-linear iter.: 207/500. Linear iter.: 4. Min. area: 0.00014845. Error: 1.77499e-11.
Computing volumes of the grid elements.
Min. volume: 0.00014845, max. volume: 36.6087.

# FGMRES residual history
# Residual tolerance target = 1e-10
# Initial residual norm     = 9.78925e-10
     0     1
# FGMRES final (true) residual:
# Iteration = 4: |res|/|res0| = 1.77494e-11.

Computing volumes of the grid elements.
Non-linear iter.: 208/500. Linear iter.: 4. Min. area: 0.00014845. Error: 1.77494e-11.
Computing volumes of the grid elements.
Min. volume: 0.00014845, max. volume: 36.6087.

# FGMRES residual history
# Residual tolerance target = 1e-10
# Initial residual norm     = 9.78941e-10
     0     1
# FGMRES final (true) residual:
# Iteration = 4: |res|/|res0| = 1.77489e-11.

Computing volumes of the grid elements.
Non-linear iter.: 209/500. Linear iter.: 4. Min. area: 0.00014845. Error: 1.77489e-11.
Computing volumes of the grid elements.
Min. volume: 0.00014845, max. volume: 36.6087.

# FGMRES residual history
# Residual tolerance target = 1e-10
# Initial residual norm     = 9.78958e-10
     0     1
# FGMRES final (true) residual:
# Iteration = 4: |res|/|res0| = 1.77485e-11.

Computing volumes of the grid elements.
Non-linear iter.: 210/500. Linear iter.: 4. Min. area: 0.00014845. Error: 1.77485e-11.
Computing volumes of the grid elements.
Min. volume: 0.00014845, max. volume: 36.6087.

# FGMRES residual history
# Residual tolerance target = 1e-10
# Initial residual norm     = 9.78975e-10
     0     1
# FGMRES final (true) residual:
# Iteration = 4: |res|/|res0| = 1.7748e-11.

Computing volumes of the grid elements.
Non-linear iter.: 211/500. Linear iter.: 4. Min. area: 0.00014845. Error: 1.7748e-11.
Computing volumes of the grid elements.
Min. volume: 0.00014845, max. volume: 36.6087.

# FGMRES residual history
# Residual tolerance target = 1e-10
# Initial residual norm     = 9.78992e-10
     0     1
# FGMRES final (true) residual:
# Iteration = 4: |res|/|res0| = 1.77476e-11.

Computing volumes of the grid elements.
Non-linear iter.: 212/500. Linear iter.: 4. Min. area: 0.000148449. Error: 1.77476e-11.
Computing volumes of the grid elements.
Min. volume: 0.000148449, max. volume: 36.6087.

# FGMRES residual history
# Residual tolerance target = 1e-10
# Initial residual norm     = 9.79009e-10
     0     1
# FGMRES final (true) residual:
# Iteration = 4: |res|/|res0| = 1.77471e-11.

Computing volumes of the grid elements.
Non-linear iter.: 213/500. Linear iter.: 4. Min. area: 0.000148449. Error: 1.77471e-11.
Computing volumes of the grid elements.
Min. volume: 0.000148449, max. volume: 36.6087.

# FGMRES residual history
# Residual tolerance target = 1e-10
# Initial residual norm     = 9.79026e-10
     0     1
# FGMRES final (true) residual:
# Iteration = 4: |res|/|res0| = 1.77467e-11.

Computing volumes of the grid elements.
Non-linear iter.: 214/500. Linear iter.: 4. Min. area: 0.000148449. Error: 1.77467e-11.
Computing volumes of the grid elements.
Min. volume: 0.000148449, max. volume: 36.6087.

# FGMRES residual history
# Residual tolerance target = 1e-10
# Initial residual norm     = 9.79043e-10
     0     1
# FGMRES final (true) residual:
# Iteration = 4: |res|/|res0| = 1.77462e-11.

Computing volumes of the grid elements.
Non-linear iter.: 215/500. Linear iter.: 4. Min. area: 0.000148449. Error: 1.77462e-11.
Computing volumes of the grid elements.
Min. volume: 0.000148449, max. volume: 36.6087.

# FGMRES residual history
# Residual tolerance target = 1e-10
# Initial residual norm     = 9.7906e-10
     0     1
# FGMRES final (true) residual:
# Iteration = 4: |res|/|res0| = 1.77457e-11.

Computing volumes of the grid elements.
Non-linear iter.: 216/500. Linear iter.: 4. Min. area: 0.000148449. Error: 1.77457e-11.
Computing volumes of the grid elements.
Min. volume: 0.000148449, max. volume: 36.6087.

# FGMRES residual history
# Residual tolerance target = 1e-10
# Initial residual norm     = 9.79077e-10
     0     1
# FGMRES final (true) residual:
# Iteration = 4: |res|/|res0| = 1.77453e-11.

Computing volumes of the grid elements.
Non-linear iter.: 217/500. Linear iter.: 4. Min. area: 0.000148449. Error: 1.77453e-11.
Computing volumes of the grid elements.
Min. volume: 0.000148449, max. volume: 36.6087.

# FGMRES residual history
# Residual tolerance target = 1e-10
# Initial residual norm     = 9.79094e-10
     0     1
# FGMRES final (true) residual:
# Iteration = 4: |res|/|res0| = 1.77448e-11.

Computing volumes of the grid elements.
Non-linear iter.: 218/500. Linear iter.: 4. Min. area: 0.000148449. Error: 1.77448e-11.
Computing volumes of the grid elements.
Min. volume: 0.000148449, max. volume: 36.6087.

# FGMRES residual history
# Residual tolerance target = 1e-10
# Initial residual norm     = 9.7911e-10
     0     1
# FGMRES final (true) residual:
# Iteration = 4: |res|/|res0| = 1.77444e-11.

Computing volumes of the grid elements.
Non-linear iter.: 219/500. Linear iter.: 4. Min. area: 0.000148449. Error: 1.77444e-11.
Computing volumes of the grid elements.
Min. volume: 0.000148449, max. volume: 36.6087.

# FGMRES residual history
# Residual tolerance target = 1e-10
# Initial residual norm     = 9.79127e-10
     0     1
# FGMRES final (true) residual:
# Iteration = 4: |res|/|res0| = 1.77439e-11.

Computing volumes of the grid elements.
Non-linear iter.: 220/500. Linear iter.: 4. Min. area: 0.000148449. Error: 1.77439e-11.
Computing volumes of the grid elements.
Min. volume: 0.000148449, max. volume: 36.6087.

# FGMRES residual history
# Residual tolerance target = 1e-10
# Initial residual norm     = 9.79144e-10
     0     1
# FGMRES final (true) residual:
# Iteration = 4: |res|/|res0| = 1.77435e-11.

Computing volumes of the grid elements.
Non-linear iter.: 221/500. Linear iter.: 4. Min. area: 0.000148449. Error: 1.77435e-11.
Computing volumes of the grid elements.
Min. volume: 0.000148449, max. volume: 36.6087.

# FGMRES residual history
# Residual tolerance target = 1e-10
# Initial residual norm     = 9.79161e-10
     0     1
# FGMRES final (true) residual:
# Iteration = 4: |res|/|res0| = 1.7743e-11.

Computing volumes of the grid elements.
Non-linear iter.: 222/500. Linear iter.: 4. Min. area: 0.000148449. Error: 1.7743e-11.
Computing volumes of the grid elements.
Min. volume: 0.000148449, max. volume: 36.6087.

# FGMRES residual history
# Residual tolerance target = 1e-10
# Initial residual norm     = 9.79178e-10
     0     1
# FGMRES final (true) residual:
# Iteration = 4: |res|/|res0| = 1.77426e-11.

Computing volumes of the grid elements.
Non-linear iter.: 223/500. Linear iter.: 4. Min. area: 0.000148449. Error: 1.77426e-11.
Computing volumes of the grid elements.
Min. volume: 0.000148449, max. volume: 36.6087.

# FGMRES residual history
# Residual tolerance target = 1e-10
# Initial residual norm     = 9.79195e-10
     0     1
# FGMRES final (true) residual:
# Iteration = 4: |res|/|res0| = 1.77421e-11.

Computing volumes of the grid elements.
Non-linear iter.: 224/500. Linear iter.: 4. Min. area: 0.000148449. Error: 1.77421e-11.
Computing volumes of the grid elements.
Min. volume: 0.000148449, max. volume: 36.6087.

# FGMRES residual history
# Residual tolerance target = 1e-10
# Initial residual norm     = 9.79212e-10
     0     1
# FGMRES final (true) residual:
# Iteration = 4: |res|/|res0| = 1.77416e-11.

Computing volumes of the grid elements.
Non-linear iter.: 225/500. Linear iter.: 4. Min. area: 0.000148449. Error: 1.77416e-11.
Computing volumes of the grid elements.
Min. volume: 0.000148449, max. volume: 36.6087.

# FGMRES residual history
# Residual tolerance target = 1e-10
# Initial residual norm     = 9.79229e-10
     0     1
# FGMRES final (true) residual:
# Iteration = 4: |res|/|res0| = 1.77412e-11.

Computing volumes of the grid elements.
Non-linear iter.: 226/500. Linear iter.: 4. Min. area: 0.000148449. Error: 1.77412e-11.
Computing volumes of the grid elements.
Min. volume: 0.000148449, max. volume: 36.6087.

# FGMRES residual history
# Residual tolerance target = 1e-10
# Initial residual norm     = 9.79246e-10
     0     1
# FGMRES final (true) residual:
# Iteration = 4: |res|/|res0| = 1.77407e-11.

Computing volumes of the grid elements.
Non-linear iter.: 227/500. Linear iter.: 4. Min. area: 0.000148449. Error: 1.77407e-11.
Computing volumes of the grid elements.
Min. volume: 0.000148449, max. volume: 36.6087.

# FGMRES residual history
# Residual tolerance target = 1e-10
# Initial residual norm     = 9.79263e-10
     0     1
# FGMRES final (true) residual:
# Iteration = 4: |res|/|res0| = 1.77403e-11.

Computing volumes of the grid elements.
Non-linear iter.: 228/500. Linear iter.: 4. Min. area: 0.000148449. Error: 1.77403e-11.
Computing volumes of the grid elements.
Min. volume: 0.000148449, max. volume: 36.6087.

# FGMRES residual history
# Residual tolerance target = 1e-10
# Initial residual norm     = 9.7928e-10
     0     1
# FGMRES final (true) residual:
# Iteration = 4: |res|/|res0| = 1.77398e-11.

Computing volumes of the grid elements.
Non-linear iter.: 229/500. Linear iter.: 4. Min. area: 0.000148449. Error: 1.77398e-11.
Computing volumes of the grid elements.
Min. volume: 0.000148449, max. volume: 36.6087.

# FGMRES residual history
# Residual tolerance target = 1e-10
# Initial residual norm     = 9.79296e-10
     0     1
# FGMRES final (true) residual:
# Iteration = 4: |res|/|res0| = 1.77394e-11.

Computing volumes of the grid elements.
Non-linear iter.: 230/500. Linear iter.: 4. Min. area: 0.000148449. Error: 1.77394e-11.
Computing volumes of the grid elements.
Min. volume: 0.000148449, max. volume: 36.6087.

# FGMRES residual history
# Residual tolerance target = 1e-10
# Initial residual norm     = 9.79313e-10
     0     1
# FGMRES final (true) residual:
# Iteration = 4: |res|/|res0| = 1.77389e-11.

Computing volumes of the grid elements.
Non-linear iter.: 231/500. Linear iter.: 4. Min. area: 0.000148449. Error: 1.77389e-11.
Computing volumes of the grid elements.
Min. volume: 0.000148449, max. volume: 36.6087.

# FGMRES residual history
# Residual tolerance target = 1e-10
# Initial residual norm     = 9.7933e-10
     0     1
# FGMRES final (true) residual:
# Iteration = 4: |res|/|res0| = 1.77384e-11.

Computing volumes of the grid elements.
Non-linear iter.: 232/500. Linear iter.: 4. Min. area: 0.000148449. Error: 1.77384e-11.
Computing volumes of the grid elements.
Min. volume: 0.000148449, max. volume: 36.6087.

# FGMRES residual history
# Residual tolerance target = 1e-10
# Initial residual norm     = 9.79347e-10
     0     1
# FGMRES final (true) residual:
# Iteration = 4: |res|/|res0| = 1.7738e-11.

Computing volumes of the grid elements.
Non-linear iter.: 233/500. Linear iter.: 4. Min. area: 0.000148449. Error: 1.7738e-11.
Computing volumes of the grid elements.
Min. volume: 0.000148449, max. volume: 36.6087.

# FGMRES residual history
# Residual tolerance target = 1e-10
# Initial residual norm     = 9.79364e-10
     0     1
# FGMRES final (true) residual:
# Iteration = 4: |res|/|res0| = 1.77375e-11.

Computing volumes of the grid elements.
Non-linear iter.: 234/500. Linear iter.: 4. Min. area: 0.000148449. Error: 1.77375e-11.
Computing volumes of the grid elements.
Min. volume: 0.000148449, max. volume: 36.6087.

# FGMRES residual history
# Residual tolerance target = 1e-10
# Initial residual norm     = 9.79381e-10
     0     1
# FGMRES final (true) residual:
# Iteration = 4: |res|/|res0| = 1.77371e-11.

Computing volumes of the grid elements.
Non-linear iter.: 235/500. Linear iter.: 4. Min. area: 0.000148449. Error: 1.77371e-11.
Computing volumes of the grid elements.
Min. volume: 0.000148449, max. volume: 36.6087.

# FGMRES residual history
# Residual tolerance target = 1e-10
# Initial residual norm     = 9.79398e-10
     0     1
# FGMRES final (true) residual:
# Iteration = 4: |res|/|res0| = 1.77366e-11.

Computing volumes of the grid elements.
Non-linear iter.: 236/500. Linear iter.: 4. Min. area: 0.000148449. Error: 1.77366e-11.
Computing volumes of the grid elements.
Min. volume: 0.000148449, max. volume: 36.6087.

# FGMRES residual history
# Residual tolerance target = 1e-10
# Initial residual norm     = 9.79415e-10
     0     1
# FGMRES final (true) residual:
# Iteration = 4: |res|/|res0| = 1.77362e-11.

Computing volumes of the grid elements.
Non-linear iter.: 237/500. Linear iter.: 4. Min. area: 0.000148449. Error: 1.77362e-11.
Computing volumes of the grid elements.
Min. volume: 0.000148449, max. volume: 36.6087.

# FGMRES residual history
# Residual tolerance target = 1e-10
# Initial residual norm     = 9.79432e-10
     0     1
# FGMRES final (true) residual:
# Iteration = 4: |res|/|res0| = 1.77357e-11.

Computing volumes of the grid elements.
Non-linear iter.: 238/500. Linear iter.: 4. Min. area: 0.000148449. Error: 1.77357e-11.
Computing volumes of the grid elements.
Min. volume: 0.000148449, max. volume: 36.6087.

# FGMRES residual history
# Residual tolerance target = 1e-10
# Initial residual norm     = 9.79449e-10
     0     1
# FGMRES final (true) residual:
# Iteration = 4: |res|/|res0| = 1.77353e-11.

Computing volumes of the grid elements.
Non-linear iter.: 239/500. Linear iter.: 4. Min. area: 0.000148449. Error: 1.77353e-11.
Computing volumes of the grid elements.
Min. volume: 0.000148449, max. volume: 36.6087.

# FGMRES residual history
# Residual tolerance target = 1e-10
# Initial residual norm     = 9.79466e-10
     0     1
# FGMRES final (true) residual:
# Iteration = 4: |res|/|res0| = 1.77348e-11.

Computing volumes of the grid elements.
Non-linear iter.: 240/500. Linear iter.: 4. Min. area: 0.000148449. Error: 1.77348e-11.
Computing volumes of the grid elements.
Min. volume: 0.000148449, max. volume: 36.6087.

# FGMRES residual history
# Residual tolerance target = 1e-10
# Initial residual norm     = 9.79483e-10
     0     1
# FGMRES final (true) residual:
# Iteration = 4: |res|/|res0| = 1.77343e-11.

Computing volumes of the grid elements.
Non-linear iter.: 241/500. Linear iter.: 4. Min. area: 0.000148449. Error: 1.77343e-11.
Computing volumes of the grid elements.
Min. volume: 0.000148449, max. volume: 36.6087.

# FGMRES residual history
# Residual tolerance target = 1e-10
# Initial residual norm     = 9.79499e-10
     0     1
# FGMRES final (true) residual:
# Iteration = 4: |res|/|res0| = 1.77339e-11.

Computing volumes of the grid elements.
Non-linear iter.: 242/500. Linear iter.: 4. Min. area: 0.000148449. Error: 1.77339e-11.
Computing volumes of the grid elements.
Min. volume: 0.000148449, max. volume: 36.6087.

# FGMRES residual history
# Residual tolerance target = 1e-10
# Initial residual norm     = 9.79516e-10
     0     1
# FGMRES final (true) residual:
# Iteration = 4: |res|/|res0| = 1.77334e-11.

Computing volumes of the grid elements.
Non-linear iter.: 243/500. Linear iter.: 4. Min. area: 0.000148449. Error: 1.77334e-11.
Computing volumes of the grid elements.
Min. volume: 0.000148449, max. volume: 36.6087.

# FGMRES residual history
# Residual tolerance target = 1e-10
# Initial residual norm     = 9.79533e-10
     0     1
# FGMRES final (true) residual:
# Iteration = 4: |res|/|res0| = 1.7733e-11.

Computing volumes of the grid elements.
Non-linear iter.: 244/500. Linear iter.: 4. Min. area: 0.000148449. Error: 1.7733e-11.
Computing volumes of the grid elements.
Min. volume: 0.000148449, max. volume: 36.6087.

# FGMRES residual history
# Residual tolerance target = 1e-10
# Initial residual norm     = 9.7955e-10
     0     1
# FGMRES final (true) residual:
# Iteration = 4: |res|/|res0| = 1.77325e-11.

Computing volumes of the grid elements.
Non-linear iter.: 245/500. Linear iter.: 4. Min. area: 0.000148449. Error: 1.77325e-11.
Computing volumes of the grid elements.
Min. volume: 0.000148449, max. volume: 36.6087.

# FGMRES residual history
# Residual tolerance target = 1e-10
# Initial residual norm     = 9.79567e-10
     0     1
# FGMRES final (true) residual:
# Iteration = 4: |res|/|res0| = 1.77321e-11.

Computing volumes of the grid elements.
Non-linear iter.: 246/500. Linear iter.: 4. Min. area: 0.000148449. Error: 1.77321e-11.
Computing volumes of the grid elements.
Min. volume: 0.000148449, max. volume: 36.6087.

# FGMRES residual history
# Residual tolerance target = 1e-10
# Initial residual norm     = 9.79584e-10
     0     1
# FGMRES final (true) residual:
# Iteration = 4: |res|/|res0| = 1.77316e-11.

Computing volumes of the grid elements.
Non-linear iter.: 247/500. Linear iter.: 4. Min. area: 0.000148449. Error: 1.77316e-11.
Computing volumes of the grid elements.
Min. volume: 0.000148449, max. volume: 36.6087.

# FGMRES residual history
# Residual tolerance target = 1e-10
# Initial residual norm     = 9.79601e-10
     0     1
# FGMRES final (true) residual:
# Iteration = 4: |res|/|res0| = 1.77312e-11.

Computing volumes of the grid elements.
Non-linear iter.: 248/500. Linear iter.: 4. Min. area: 0.000148449. Error: 1.77312e-11.
Computing volumes of the grid elements.
Min. volume: 0.000148449, max. volume: 36.6087.

# FGMRES residual history
# Residual tolerance target = 1e-10
# Initial residual norm     = 9.79618e-10
     0     1
# FGMRES final (true) residual:
# Iteration = 4: |res|/|res0| = 1.77307e-11.

Computing volumes of the grid elements.
Non-linear iter.: 249/500. Linear iter.: 4. Min. area: 0.000148449. Error: 1.77307e-11.
Computing volumes of the grid elements.
Min. volume: 0.000148449, max. volume: 36.6087.

# FGMRES residual history
# Residual tolerance target = 1e-10
# Initial residual norm     = 9.79635e-10
     0     1
# FGMRES final (true) residual:
# Iteration = 4: |res|/|res0| = 1.77302e-11.

Computing volumes of the grid elements.
Non-linear iter.: 250/500. Linear iter.: 4. Min. area: 0.000148449. Error: 1.77302e-11.
Computing volumes of the grid elements.
Min. volume: 0.000148449, max. volume: 36.6087.

# FGMRES residual history
# Residual tolerance target = 1e-10
# Initial residual norm     = 9.79652e-10
     0     1
# FGMRES final (true) residual:
# Iteration = 4: |res|/|res0| = 1.77298e-11.

Computing volumes of the grid elements.
Non-linear iter.: 251/500. Linear iter.: 4. Min. area: 0.000148449. Error: 1.77298e-11.
Computing volumes of the grid elements.
Min. volume: 0.000148449, max. volume: 36.6087.

# FGMRES residual history
# Residual tolerance target = 1e-10
# Initial residual norm     = 9.79669e-10
     0     1
# FGMRES final (true) residual:
# Iteration = 4: |res|/|res0| = 1.77293e-11.

Computing volumes of the grid elements.
Non-linear iter.: 252/500. Linear iter.: 4. Min. area: 0.000148449. Error: 1.77293e-11.
Computing volumes of the grid elements.
Min. volume: 0.000148449, max. volume: 36.6087.

# FGMRES residual history
# Residual tolerance target = 1e-10
# Initial residual norm     = 9.79686e-10
     0     1
# FGMRES final (true) residual:
# Iteration = 4: |res|/|res0| = 1.77289e-11.

Computing volumes of the grid elements.
Non-linear iter.: 253/500. Linear iter.: 4. Min. area: 0.000148449. Error: 1.77289e-11.
Computing volumes of the grid elements.
Min. volume: 0.000148449, max. volume: 36.6087.

# FGMRES residual history
# Residual tolerance target = 1e-10
# Initial residual norm     = 9.79702e-10
     0     1
# FGMRES final (true) residual:
# Iteration = 4: |res|/|res0| = 1.77284e-11.

Computing volumes of the grid elements.
Non-linear iter.: 254/500. Linear iter.: 4. Min. area: 0.000148449. Error: 1.77284e-11.
Computing volumes of the grid elements.
Min. volume: 0.000148449, max. volume: 36.6087.

# FGMRES residual history
# Residual tolerance target = 1e-10
# Initial residual norm     = 9.79719e-10
     0     1
# FGMRES final (true) residual:
# Iteration = 4: |res|/|res0| = 1.7728e-11.

Computing volumes of the grid elements.
Non-linear iter.: 255/500. Linear iter.: 4. Min. area: 0.000148449. Error: 1.7728e-11.
Computing volumes of the grid elements.
Min. volume: 0.000148449, max. volume: 36.6087.

# FGMRES residual history
# Residual tolerance target = 1e-10
# Initial residual norm     = 9.79736e-10
     0     1
# FGMRES final (true) residual:
# Iteration = 4: |res|/|res0| = 1.77275e-11.

Computing volumes of the grid elements.
Non-linear iter.: 256/500. Linear iter.: 4. Min. area: 0.000148449. Error: 1.77275e-11.
Computing volumes of the grid elements.
Min. volume: 0.000148449, max. volume: 36.6087.

# FGMRES residual history
# Residual tolerance target = 1e-10
# Initial residual norm     = 9.79753e-10
     0     1
# FGMRES final (true) residual:
# Iteration = 4: |res|/|res0| = 1.7727e-11.

Computing volumes of the grid elements.
Non-linear iter.: 257/500. Linear iter.: 4. Min. area: 0.000148449. Error: 1.7727e-11.
Computing volumes of the grid elements.
Min. volume: 0.000148449, max. volume: 36.6087.

# FGMRES residual history
# Residual tolerance target = 1e-10
# Initial residual norm     = 9.7977e-10
     0     1
# FGMRES final (true) residual:
# Iteration = 4: |res|/|res0| = 1.77266e-11.

Computing volumes of the grid elements.
Non-linear iter.: 258/500. Linear iter.: 4. Min. area: 0.000148449. Error: 1.77266e-11.
Computing volumes of the grid elements.
Min. volume: 0.000148449, max. volume: 36.6087.

# FGMRES residual history
# Residual tolerance target = 1e-10
# Initial residual norm     = 9.79787e-10
     0     1
# FGMRES final (true) residual:
# Iteration = 4: |res|/|res0| = 1.77261e-11.

Computing volumes of the grid elements.
Non-linear iter.: 259/500. Linear iter.: 4. Min. area: 0.000148449. Error: 1.77261e-11.
Computing volumes of the grid elements.
Min. volume: 0.000148449, max. volume: 36.6087.

# FGMRES residual history
# Residual tolerance target = 1e-10
# Initial residual norm     = 9.79804e-10
     0     1
# FGMRES final (true) residual:
# Iteration = 4: |res|/|res0| = 1.77257e-11.

Computing volumes of the grid elements.
Non-linear iter.: 260/500. Linear iter.: 4. Min. area: 0.000148449. Error: 1.77257e-11.
Computing volumes of the grid elements.
Min. volume: 0.000148449, max. volume: 36.6087.

# FGMRES residual history
# Residual tolerance target = 1e-10
# Initial residual norm     = 9.79821e-10
     0     1
# FGMRES final (true) residual:
# Iteration = 4: |res|/|res0| = 1.77252e-11.

Computing volumes of the grid elements.
Non-linear iter.: 261/500. Linear iter.: 4. Min. area: 0.000148449. Error: 1.77252e-11.
Computing volumes of the grid elements.
Min. volume: 0.000148449, max. volume: 36.6087.

# FGMRES residual history
# Residual tolerance target = 1e-10
# Initial residual norm     = 9.79838e-10
     0     1
# FGMRES final (true) residual:
# Iteration = 4: |res|/|res0| = 1.77248e-11.

Computing volumes of the grid elements.
Non-linear iter.: 262/500. Linear iter.: 4. Min. area: 0.000148449. Error: 1.77248e-11.
Computing volumes of the grid elements.
Min. volume: 0.000148449, max. volume: 36.6087.

# FGMRES residual history
# Residual tolerance target = 1e-10
# Initial residual norm     = 9.79855e-10
     0     1
# FGMRES final (true) residual:
# Iteration = 4: |res|/|res0| = 1.77243e-11.

Computing volumes of the grid elements.
Non-linear iter.: 263/500. Linear iter.: 4. Min. area: 0.000148449. Error: 1.77243e-11.
Computing volumes of the grid elements.
Min. volume: 0.000148449, max. volume: 36.6087.

# FGMRES residual history
# Residual tolerance target = 1e-10
# Initial residual norm     = 9.79872e-10
     0     1
# FGMRES final (true) residual:
# Iteration = 4: |res|/|res0| = 1.77239e-11.

Computing volumes of the grid elements.
Non-linear iter.: 264/500. Linear iter.: 4. Min. area: 0.000148449. Error: 1.77239e-11.
Computing volumes of the grid elements.
Min. volume: 0.000148449, max. volume: 36.6087.

# FGMRES residual history
# Residual tolerance target = 1e-10
# Initial residual norm     = 9.79889e-10
     0     1
# FGMRES final (true) residual:
# Iteration = 4: |res|/|res0| = 1.77234e-11.

Computing volumes of the grid elements.
Non-linear iter.: 265/500. Linear iter.: 4. Min. area: 0.000148449. Error: 1.77234e-11.
Computing volumes of the grid elements.
Min. volume: 0.000148449, max. volume: 36.6087.

# FGMRES residual history
# Residual tolerance target = 1e-10
# Initial residual norm     = 9.79906e-10
     0     1
# FGMRES final (true) residual:
# Iteration = 4: |res|/|res0| = 1.77229e-11.

Computing volumes of the grid elements.
Non-linear iter.: 266/500. Linear iter.: 4. Min. area: 0.000148449. Error: 1.77229e-11.
Computing volumes of the grid elements.
Min. volume: 0.000148449, max. volume: 36.6087.

# FGMRES residual history
# Residual tolerance target = 1e-10
# Initial residual norm     = 9.79923e-10
     0     1
# FGMRES final (true) residual:
# Iteration = 4: |res|/|res0| = 1.77225e-11.

Computing volumes of the grid elements.
Non-linear iter.: 267/500. Linear iter.: 4. Min. area: 0.000148449. Error: 1.77225e-11.
Computing volumes of the grid elements.
Min. volume: 0.000148449, max. volume: 36.6087.

# FGMRES residual history
# Residual tolerance target = 1e-10
# Initial residual norm     = 9.7994e-10
     0     1
# FGMRES final (true) residual:
# Iteration = 4: |res|/|res0| = 1.7722e-11.

Computing volumes of the grid elements.
Non-linear iter.: 268/500. Linear iter.: 4. Min. area: 0.000148449. Error: 1.7722e-11.
Computing volumes of the grid elements.
Min. volume: 0.000148449, max. volume: 36.6087.

# FGMRES residual history
# Residual tolerance target = 1e-10
# Initial residual norm     = 9.79956e-10
     0     1
# FGMRES final (true) residual:
# Iteration = 4: |res|/|res0| = 1.77216e-11.

Computing volumes of the grid elements.
Non-linear iter.: 269/500. Linear iter.: 4. Min. area: 0.000148449. Error: 1.77216e-11.
Computing volumes of the grid elements.
Min. volume: 0.000148449, max. volume: 36.6087.

# FGMRES residual history
# Residual tolerance target = 1e-10
# Initial residual norm     = 9.79973e-10
     0     1
# FGMRES final (true) residual:
# Iteration = 4: |res|/|res0| = 1.77211e-11.

Computing volumes of the grid elements.
Non-linear iter.: 270/500. Linear iter.: 4. Min. area: 0.000148449. Error: 1.77211e-11.
Computing volumes of the grid elements.
Min. volume: 0.000148449, max. volume: 36.6087.

# FGMRES residual history
# Residual tolerance target = 1e-10
# Initial residual norm     = 9.7999e-10
     0     1
# FGMRES final (true) residual:
# Iteration = 4: |res|/|res0| = 1.77207e-11.

Computing volumes of the grid elements.
Non-linear iter.: 271/500. Linear iter.: 4. Min. area: 0.000148449. Error: 1.77207e-11.
Computing volumes of the grid elements.
Min. volume: 0.000148449, max. volume: 36.6087.

# FGMRES residual history
# Residual tolerance target = 1e-10
# Initial residual norm     = 9.80007e-10
     0     1
# FGMRES final (true) residual:
# Iteration = 4: |res|/|res0| = 1.77202e-11.

Computing volumes of the grid elements.
Non-linear iter.: 272/500. Linear iter.: 4. Min. area: 0.000148449. Error: 1.77202e-11.
Computing volumes of the grid elements.
Min. volume: 0.000148449, max. volume: 36.6087.

# FGMRES residual history
# Residual tolerance target = 1e-10
# Initial residual norm     = 9.80024e-10
     0     1
# FGMRES final (true) residual:
# Iteration = 4: |res|/|res0| = 1.77197e-11.

Computing volumes of the grid elements.
Non-linear iter.: 273/500. Linear iter.: 4. Min. area: 0.000148449. Error: 1.77197e-11.
Computing volumes of the grid elements.
Min. volume: 0.000148449, max. volume: 36.6087.

# FGMRES residual history
# Residual tolerance target = 1e-10
# Initial residual norm     = 9.80041e-10
     0     1
# FGMRES final (true) residual:
# Iteration = 4: |res|/|res0| = 1.77193e-11.

Computing volumes of the grid elements.
Non-linear iter.: 274/500. Linear iter.: 4. Min. area: 0.000148449. Error: 1.77193e-11.
Computing volumes of the grid elements.
Min. volume: 0.000148449, max. volume: 36.6087.

# FGMRES residual history
# Residual tolerance target = 1e-10
# Initial residual norm     = 9.80058e-10
     0     1
# FGMRES final (true) residual:
# Iteration = 4: |res|/|res0| = 1.77188e-11.

Computing volumes of the grid elements.
Non-linear iter.: 275/500. Linear iter.: 4. Min. area: 0.000148449. Error: 1.77188e-11.
Computing volumes of the grid elements.
Min. volume: 0.000148449, max. volume: 36.6087.

# FGMRES residual history
# Residual tolerance target = 1e-10
# Initial residual norm     = 9.80075e-10
     0     1
# FGMRES final (true) residual:
# Iteration = 4: |res|/|res0| = 1.77184e-11.

Computing volumes of the grid elements.
Non-linear iter.: 276/500. Linear iter.: 4. Min. area: 0.000148449. Error: 1.77184e-11.
Computing volumes of the grid elements.
Min. volume: 0.000148449, max. volume: 36.6087.

# FGMRES residual history
# Residual tolerance target = 1e-10
# Initial residual norm     = 9.80092e-10
     0     1
# FGMRES final (true) residual:
# Iteration = 4: |res|/|res0| = 1.77179e-11.

Computing volumes of the grid elements.
Non-linear iter.: 277/500. Linear iter.: 4. Min. area: 0.000148448. Error: 1.77179e-11.
Computing volumes of the grid elements.
Min. volume: 0.000148448, max. volume: 36.6087.

# FGMRES residual history
# Residual tolerance target = 1e-10
# Initial residual norm     = 9.80109e-10
     0     1
# FGMRES final (true) residual:
# Iteration = 4: |res|/|res0| = 1.77175e-11.

Computing volumes of the grid elements.
Non-linear iter.: 278/500. Linear iter.: 4. Min. area: 0.000148448. Error: 1.77175e-11.
Computing volumes of the grid elements.
Min. volume: 0.000148448, max. volume: 36.6087.

# FGMRES residual history
# Residual tolerance target = 1e-10
# Initial residual norm     = 9.80126e-10
     0     1
# FGMRES final (true) residual:
# Iteration = 4: |res|/|res0| = 1.7717e-11.

Computing volumes of the grid elements.
Non-linear iter.: 279/500. Linear iter.: 4. Min. area: 0.000148448. Error: 1.7717e-11.
Computing volumes of the grid elements.
Min. volume: 0.000148448, max. volume: 36.6087.

# FGMRES residual history
# Residual tolerance target = 1e-10
# Initial residual norm     = 9.80143e-10
     0     1
# FGMRES final (true) residual:
# Iteration = 4: |res|/|res0| = 1.77166e-11.

Computing volumes of the grid elements.
Non-linear iter.: 280/500. Linear iter.: 4. Min. area: 0.000148448. Error: 1.77166e-11.
Computing volumes of the grid elements.
Min. volume: 0.000148448, max. volume: 36.6087.

# FGMRES residual history
# Residual tolerance target = 1e-10
# Initial residual norm     = 9.8016e-10
     0     1
# FGMRES final (true) residual:
# Iteration = 4: |res|/|res0| = 1.77161e-11.

Computing volumes of the grid elements.
Non-linear iter.: 281/500. Linear iter.: 4. Min. area: 0.000148448. Error: 1.77161e-11.
Computing volumes of the grid elements.
Min. volume: 0.000148448, max. volume: 36.6087.

# FGMRES residual history
# Residual tolerance target = 1e-10
# Initial residual norm     = 9.80177e-10
     0     1
# FGMRES final (true) residual:
# Iteration = 4: |res|/|res0| = 1.77156e-11.

Computing volumes of the grid elements.
Non-linear iter.: 282/500. Linear iter.: 4. Min. area: 0.000148448. Error: 1.77156e-11.
Computing volumes of the grid elements.
Min. volume: 0.000148448, max. volume: 36.6087.

# FGMRES residual history
# Residual tolerance target = 1e-10
# Initial residual norm     = 9.80194e-10
     0     1
# FGMRES final (true) residual:
# Iteration = 4: |res|/|res0| = 1.77152e-11.

Computing volumes of the grid elements.
Non-linear iter.: 283/500. Linear iter.: 4. Min. area: 0.000148448. Error: 1.77152e-11.
Computing volumes of the grid elements.
Min. volume: 0.000148448, max. volume: 36.6087.

# FGMRES residual history
# Residual tolerance target = 1e-10
# Initial residual norm     = 9.80211e-10
     0     1
# FGMRES final (true) residual:
# Iteration = 4: |res|/|res0| = 1.77147e-11.

Computing volumes of the grid elements.
Non-linear iter.: 284/500. Linear iter.: 4. Min. area: 0.000148448. Error: 1.77147e-11.
Computing volumes of the grid elements.
Min. volume: 0.000148448, max. volume: 36.6087.

# FGMRES residual history
# Residual tolerance target = 1e-10
# Initial residual norm     = 9.80227e-10
     0     1
# FGMRES final (true) residual:
# Iteration = 4: |res|/|res0| = 1.77143e-11.

Computing volumes of the grid elements.
Non-linear iter.: 285/500. Linear iter.: 4. Min. area: 0.000148448. Error: 1.77143e-11.
Computing volumes of the grid elements.
Min. volume: 0.000148448, max. volume: 36.6087.

# FGMRES residual history
# Residual tolerance target = 1e-10
# Initial residual norm     = 9.80244e-10
     0     1
# FGMRES final (true) residual:
# Iteration = 4: |res|/|res0| = 1.77138e-11.

Computing volumes of the grid elements.
Non-linear iter.: 286/500. Linear iter.: 4. Min. area: 0.000148448. Error: 1.77138e-11.
Computing volumes of the grid elements.
Min. volume: 0.000148448, max. volume: 36.6087.

# FGMRES residual history
# Residual tolerance target = 1e-10
# Initial residual norm     = 9.80261e-10
     0     1
# FGMRES final (true) residual:
# Iteration = 4: |res|/|res0| = 1.77134e-11.

Computing volumes of the grid elements.
Non-linear iter.: 287/500. Linear iter.: 4. Min. area: 0.000148448. Error: 1.77134e-11.
Computing volumes of the grid elements.
Min. volume: 0.000148448, max. volume: 36.6087.

# FGMRES residual history
# Residual tolerance target = 1e-10
# Initial residual norm     = 9.80278e-10
     0     1
# FGMRES final (true) residual:
# Iteration = 4: |res|/|res0| = 1.77129e-11.

Computing volumes of the grid elements.
Non-linear iter.: 288/500. Linear iter.: 4. Min. area: 0.000148448. Error: 1.77129e-11.
Computing volumes of the grid elements.
Min. volume: 0.000148448, max. volume: 36.6087.

# FGMRES residual history
# Residual tolerance target = 1e-10
# Initial residual norm     = 9.80295e-10
     0     1
# FGMRES final (true) residual:
# Iteration = 4: |res|/|res0| = 1.77124e-11.

Computing volumes of the grid elements.
Non-linear iter.: 289/500. Linear iter.: 4. Min. area: 0.000148448. Error: 1.77124e-11.
Computing volumes of the grid elements.
Min. volume: 0.000148448, max. volume: 36.6087.

# FGMRES residual history
# Residual tolerance target = 1e-10
# Initial residual norm     = 9.80312e-10
     0     1
# FGMRES final (true) residual:
# Iteration = 4: |res|/|res0| = 1.7712e-11.

Computing volumes of the grid elements.
Non-linear iter.: 290/500. Linear iter.: 4. Min. area: 0.000148448. Error: 1.7712e-11.
Computing volumes of the grid elements.
Min. volume: 0.000148448, max. volume: 36.6087.

# FGMRES residual history
# Residual tolerance target = 1e-10
# Initial residual norm     = 9.80329e-10
     0     1
# FGMRES final (true) residual:
# Iteration = 4: |res|/|res0| = 1.77115e-11.

Computing volumes of the grid elements.
Non-linear iter.: 291/500. Linear iter.: 4. Min. area: 0.000148448. Error: 1.77115e-11.
Computing volumes of the grid elements.
Min. volume: 0.000148448, max. volume: 36.6087.

# FGMRES residual history
# Residual tolerance target = 1e-10
# Initial residual norm     = 9.80346e-10
     0     1
# FGMRES final (true) residual:
# Iteration = 4: |res|/|res0| = 1.77111e-11.

Computing volumes of the grid elements.
Non-linear iter.: 292/500. Linear iter.: 4. Min. area: 0.000148448. Error: 1.77111e-11.
Computing volumes of the grid elements.
Min. volume: 0.000148448, max. volume: 36.6087.

# FGMRES residual history
# Residual tolerance target = 1e-10
# Initial residual norm     = 9.80363e-10
     0     1
# FGMRES final (true) residual:
# Iteration = 4: |res|/|res0| = 1.77106e-11.

Computing volumes of the grid elements.
Non-linear iter.: 293/500. Linear iter.: 4. Min. area: 0.000148448. Error: 1.77106e-11.
Computing volumes of the grid elements.
Min. volume: 0.000148448, max. volume: 36.6087.

# FGMRES residual history
# Residual tolerance target = 1e-10
# Initial residual norm     = 9.8038e-10
     0     1
# FGMRES final (true) residual:
# Iteration = 4: |res|/|res0| = 1.77102e-11.

Computing volumes of the grid elements.
Non-linear iter.: 294/500. Linear iter.: 4. Min. area: 0.000148448. Error: 1.77102e-11.
Computing volumes of the grid elements.
Min. volume: 0.000148448, max. volume: 36.6087.

# FGMRES residual history
# Residual tolerance target = 1e-10
# Initial residual norm     = 9.80397e-10
     0     1
# FGMRES final (true) residual:
# Iteration = 4: |res|/|res0| = 1.77097e-11.

Computing volumes of the grid elements.
Non-linear iter.: 295/500. Linear iter.: 4. Min. area: 0.000148448. Error: 1.77097e-11.
Computing volumes of the grid elements.
Min. volume: 0.000148448, max. volume: 36.6087.

# FGMRES residual history
# Residual tolerance target = 1e-10
# Initial residual norm     = 9.80414e-10
     0     1
# FGMRES final (true) residual:
# Iteration = 4: |res|/|res0| = 1.77093e-11.

Computing volumes of the grid elements.
Non-linear iter.: 296/500. Linear iter.: 4. Min. area: 0.000148448. Error: 1.77093e-11.
Computing volumes of the grid elements.
Min. volume: 0.000148448, max. volume: 36.6087.

# FGMRES residual history
# Residual tolerance target = 1e-10
# Initial residual norm     = 9.80431e-10
     0     1
# FGMRES final (true) residual:
# Iteration = 4: |res|/|res0| = 1.77088e-11.

Computing volumes of the grid elements.
Non-linear iter.: 297/500. Linear iter.: 4. Min. area: 0.000148448. Error: 1.77088e-11.
Computing volumes of the grid elements.
Min. volume: 0.000148448, max. volume: 36.6087.

# FGMRES residual history
# Residual tolerance target = 1e-10
# Initial residual norm     = 9.80448e-10
     0     1
# FGMRES final (true) residual:
# Iteration = 4: |res|/|res0| = 1.77083e-11.

Computing volumes of the grid elements.
Non-linear iter.: 298/500. Linear iter.: 4. Min. area: 0.000148448. Error: 1.77083e-11.
Computing volumes of the grid elements.
Min. volume: 0.000148448, max. volume: 36.6087.

# FGMRES residual history
# Residual tolerance target = 1e-10
# Initial residual norm     = 9.80465e-10
     0     1
# FGMRES final (true) residual:
# Iteration = 4: |res|/|res0| = 1.77079e-11.

Computing volumes of the grid elements.
Non-linear iter.: 299/500. Linear iter.: 4. Min. area: 0.000148448. Error: 1.77079e-11.
Computing volumes of the grid elements.
Min. volume: 0.000148448, max. volume: 36.6087.

# FGMRES residual history
# Residual tolerance target = 1e-10
# Initial residual norm     = 9.80482e-10
     0     1
# FGMRES final (true) residual:
# Iteration = 4: |res|/|res0| = 1.77074e-11.

Computing volumes of the grid elements.
Non-linear iter.: 300/500. Linear iter.: 4. Min. area: 0.000148448. Error: 1.77074e-11.
Computing volumes of the grid elements.
Min. volume: 0.000148448, max. volume: 36.6087.

# FGMRES residual history
# Residual tolerance target = 1e-10
# Initial residual norm     = 9.80499e-10
     0     1
# FGMRES final (true) residual:
# Iteration = 4: |res|/|res0| = 1.7707e-11.

Computing volumes of the grid elements.
Non-linear iter.: 301/500. Linear iter.: 4. Min. area: 0.000148448. Error: 1.7707e-11.
Computing volumes of the grid elements.
Min. volume: 0.000148448, max. volume: 36.6087.

# FGMRES residual history
# Residual tolerance target = 1e-10
# Initial residual norm     = 9.80516e-10
     0     1
# FGMRES final (true) residual:
# Iteration = 4: |res|/|res0| = 1.77065e-11.

Computing volumes of the grid elements.
Non-linear iter.: 302/500. Linear iter.: 4. Min. area: 0.000148448. Error: 1.77065e-11.
Computing volumes of the grid elements.
Min. volume: 0.000148448, max. volume: 36.6087.

# FGMRES residual history
# Residual tolerance target = 1e-10
# Initial residual norm     = 9.80533e-10
     0     1
# FGMRES final (true) residual:
# Iteration = 4: |res|/|res0| = 1.77061e-11.

Computing volumes of the grid elements.
Non-linear iter.: 303/500. Linear iter.: 4. Min. area: 0.000148448. Error: 1.77061e-11.
Computing volumes of the grid elements.
Min. volume: 0.000148448, max. volume: 36.6087.

# FGMRES residual history
# Residual tolerance target = 1e-10
# Initial residual norm     = 9.8055e-10
     0     1
# FGMRES final (true) residual:
# Iteration = 4: |res|/|res0| = 1.77056e-11.

Computing volumes of the grid elements.
Non-linear iter.: 304/500. Linear iter.: 4. Min. area: 0.000148448. Error: 1.77056e-11.
Computing volumes of the grid elements.
Min. volume: 0.000148448, max. volume: 36.6087.

# FGMRES residual history
# Residual tolerance target = 1e-10
# Initial residual norm     = 9.80567e-10
     0     1
# FGMRES final (true) residual:
# Iteration = 4: |res|/|res0| = 1.77052e-11.

Computing volumes of the grid elements.
Non-linear iter.: 305/500. Linear iter.: 4. Min. area: 0.000148448. Error: 1.77052e-11.
Computing volumes of the grid elements.
Min. volume: 0.000148448, max. volume: 36.6087.

# FGMRES residual history
# Residual tolerance target = 1e-10
# Initial residual norm     = 9.80583e-10
     0     1
# FGMRES final (true) residual:
# Iteration = 4: |res|/|res0| = 1.77047e-11.

Computing volumes of the grid elements.
Non-linear iter.: 306/500. Linear iter.: 4. Min. area: 0.000148448. Error: 1.77047e-11.
Computing volumes of the grid elements.
Min. volume: 0.000148448, max. volume: 36.6087.

# FGMRES residual history
# Residual tolerance target = 1e-10
# Initial residual norm     = 9.806e-10
     0     1
# FGMRES final (true) residual:
# Iteration = 4: |res|/|res0| = 1.77042e-11.

Computing volumes of the grid elements.
Non-linear iter.: 307/500. Linear iter.: 4. Min. area: 0.000148448. Error: 1.77042e-11.
Computing volumes of the grid elements.
Min. volume: 0.000148448, max. volume: 36.6087.

# FGMRES residual history
# Residual tolerance target = 1e-10
# Initial residual norm     = 9.80617e-10
     0     1
# FGMRES final (true) residual:
# Iteration = 4: |res|/|res0| = 1.77038e-11.

Computing volumes of the grid elements.
Non-linear iter.: 308/500. Linear iter.: 4. Min. area: 0.000148448. Error: 1.77038e-11.
Computing volumes of the grid elements.
Min. volume: 0.000148448, max. volume: 36.6087.

# FGMRES residual history
# Residual tolerance target = 1e-10
# Initial residual norm     = 9.80634e-10
     0     1
# FGMRES final (true) residual:
# Iteration = 4: |res|/|res0| = 1.77033e-11.

Computing volumes of the grid elements.
Non-linear iter.: 309/500. Linear iter.: 4. Min. area: 0.000148448. Error: 1.77033e-11.
Computing volumes of the grid elements.
Min. volume: 0.000148448, max. volume: 36.6087.

# FGMRES residual history
# Residual tolerance target = 1e-10
# Initial residual norm     = 9.80651e-10
     0     1
# FGMRES final (true) residual:
# Iteration = 4: |res|/|res0| = 1.77029e-11.

Computing volumes of the grid elements.
Non-linear iter.: 310/500. Linear iter.: 4. Min. area: 0.000148448. Error: 1.77029e-11.
Computing volumes of the grid elements.
Min. volume: 0.000148448, max. volume: 36.6087.

# FGMRES residual history
# Residual tolerance target = 1e-10
# Initial residual norm     = 9.80668e-10
     0     1
# FGMRES final (true) residual:
# Iteration = 4: |res|/|res0| = 1.77024e-11.

Computing volumes of the grid elements.
Non-linear iter.: 311/500. Linear iter.: 4. Min. area: 0.000148448. Error: 1.77024e-11.
Computing volumes of the grid elements.
Min. volume: 0.000148448, max. volume: 36.6087.

# FGMRES residual history
# Residual tolerance target = 1e-10
# Initial residual norm     = 9.80685e-10
     0     1
# FGMRES final (true) residual:
# Iteration = 4: |res|/|res0| = 1.7702e-11.

Computing volumes of the grid elements.
Non-linear iter.: 312/500. Linear iter.: 4. Min. area: 0.000148448. Error: 1.7702e-11.
Computing volumes of the grid elements.
Min. volume: 0.000148448, max. volume: 36.6087.

# FGMRES residual history
# Residual tolerance target = 1e-10
# Initial residual norm     = 9.80702e-10
     0     1
# FGMRES final (true) residual:
# Iteration = 4: |res|/|res0| = 1.77015e-11.

Computing volumes of the grid elements.
Non-linear iter.: 313/500. Linear iter.: 4. Min. area: 0.000148448. Error: 1.77015e-11.
Computing volumes of the grid elements.
Min. volume: 0.000148448, max. volume: 36.6087.

# FGMRES residual history
# Residual tolerance target = 1e-10
# Initial residual norm     = 9.80719e-10
     0     1
# FGMRES final (true) residual:
# Iteration = 4: |res|/|res0| = 1.7701e-11.

Computing volumes of the grid elements.
Non-linear iter.: 314/500. Linear iter.: 4. Min. area: 0.000148448. Error: 1.7701e-11.
Computing volumes of the grid elements.
Min. volume: 0.000148448, max. volume: 36.6087.

# FGMRES residual history
# Residual tolerance target = 1e-10
# Initial residual norm     = 9.80736e-10
     0     1
# FGMRES final (true) residual:
# Iteration = 4: |res|/|res0| = 1.77006e-11.

Computing volumes of the grid elements.
Non-linear iter.: 315/500. Linear iter.: 4. Min. area: 0.000148448. Error: 1.77006e-11.
Computing volumes of the grid elements.
Min. volume: 0.000148448, max. volume: 36.6087.

# FGMRES residual history
# Residual tolerance target = 1e-10
# Initial residual norm     = 9.80753e-10
     0     1
# FGMRES final (true) residual:
# Iteration = 4: |res|/|res0| = 1.77001e-11.

Computing volumes of the grid elements.
Non-linear iter.: 316/500. Linear iter.: 4. Min. area: 0.000148448. Error: 1.77001e-11.
Computing volumes of the grid elements.
Min. volume: 0.000148448, max. volume: 36.6087.

# FGMRES residual history
# Residual tolerance target = 1e-10
# Initial residual norm     = 9.8077e-10
     0     1
# FGMRES final (true) residual:
# Iteration = 4: |res|/|res0| = 1.76997e-11.

Computing volumes of the grid elements.
Non-linear iter.: 317/500. Linear iter.: 4. Min. area: 0.000148448. Error: 1.76997e-11.
Computing volumes of the grid elements.
Min. volume: 0.000148448, max. volume: 36.6087.

# FGMRES residual history
# Residual tolerance target = 1e-10
# Initial residual norm     = 9.80787e-10
     0     1
# FGMRES final (true) residual:
# Iteration = 4: |res|/|res0| = 1.76992e-11.

Computing volumes of the grid elements.
Non-linear iter.: 318/500. Linear iter.: 4. Min. area: 0.000148448. Error: 1.76992e-11.
Computing volumes of the grid elements.
Min. volume: 0.000148448, max. volume: 36.6087.

# FGMRES residual history
# Residual tolerance target = 1e-10
# Initial residual norm     = 9.80804e-10
     0     1
# FGMRES final (true) residual:
# Iteration = 4: |res|/|res0| = 1.76988e-11.

Computing volumes of the grid elements.
Non-linear iter.: 319/500. Linear iter.: 4. Min. area: 0.000148448. Error: 1.76988e-11.
Computing volumes of the grid elements.
Min. volume: 0.000148448, max. volume: 36.6087.

# FGMRES residual history
# Residual tolerance target = 1e-10
# Initial residual norm     = 9.80821e-10
     0     1
# FGMRES final (true) residual:
# Iteration = 4: |res|/|res0| = 1.76983e-11.

Computing volumes of the grid elements.
Non-linear iter.: 320/500. Linear iter.: 4. Min. area: 0.000148448. Error: 1.76983e-11.
Computing volumes of the grid elements.
Min. volume: 0.000148448, max. volume: 36.6087.

# FGMRES residual history
# Residual tolerance target = 1e-10
# Initial residual norm     = 9.80838e-10
     0     1
# FGMRES final (true) residual:
# Iteration = 4: |res|/|res0| = 1.76979e-11.

Computing volumes of the grid elements.
Non-linear iter.: 321/500. Linear iter.: 4. Min. area: 0.000148448. Error: 1.76979e-11.
Computing volumes of the grid elements.
Min. volume: 0.000148448, max. volume: 36.6087.

# FGMRES residual history
# Residual tolerance target = 1e-10
# Initial residual norm     = 9.80855e-10
     0     1
# FGMRES final (true) residual:
# Iteration = 4: |res|/|res0| = 1.76974e-11.

Computing volumes of the grid elements.
Non-linear iter.: 322/500. Linear iter.: 4. Min. area: 0.000148448. Error: 1.76974e-11.
Computing volumes of the grid elements.
Min. volume: 0.000148448, max. volume: 36.6087.

# FGMRES residual history
# Residual tolerance target = 1e-10
# Initial residual norm     = 9.80872e-10
     0     1
# FGMRES final (true) residual:
# Iteration = 4: |res|/|res0| = 1.76969e-11.

Computing volumes of the grid elements.
Non-linear iter.: 323/500. Linear iter.: 4. Min. area: 0.000148448. Error: 1.76969e-11.
Computing volumes of the grid elements.
Min. volume: 0.000148448, max. volume: 36.6087.

# FGMRES residual history
# Residual tolerance target = 1e-10
# Initial residual norm     = 9.80889e-10
     0     1
# FGMRES final (true) residual:
# Iteration = 4: |res|/|res0| = 1.76965e-11.

Computing volumes of the grid elements.
Non-linear iter.: 324/500. Linear iter.: 4. Min. area: 0.000148448. Error: 1.76965e-11.
Computing volumes of the grid elements.
Min. volume: 0.000148448, max. volume: 36.6087.

# FGMRES residual history
# Residual tolerance target = 1e-10
# Initial residual norm     = 9.80906e-10
     0     1
# FGMRES final (true) residual:
# Iteration = 4: |res|/|res0| = 1.7696e-11.

Computing volumes of the grid elements.
Non-linear iter.: 325/500. Linear iter.: 4. Min. area: 0.000148448. Error: 1.7696e-11.
Computing volumes of the grid elements.
Min. volume: 0.000148448, max. volume: 36.6087.

# FGMRES residual history
# Residual tolerance target = 1e-10
# Initial residual norm     = 9.80923e-10
     0     1
# FGMRES final (true) residual:
# Iteration = 4: |res|/|res0| = 1.76956e-11.

Computing volumes of the grid elements.
Non-linear iter.: 326/500. Linear iter.: 4. Min. area: 0.000148448. Error: 1.76956e-11.
Computing volumes of the grid elements.
Min. volume: 0.000148448, max. volume: 36.6087.

# FGMRES residual history
# Residual tolerance target = 1e-10
# Initial residual norm     = 9.8094e-10
     0     1
# FGMRES final (true) residual:
# Iteration = 4: |res|/|res0| = 1.76951e-11.

Computing volumes of the grid elements.
Non-linear iter.: 327/500. Linear iter.: 4. Min. area: 0.000148448. Error: 1.76951e-11.
Computing volumes of the grid elements.
Min. volume: 0.000148448, max. volume: 36.6087.

# FGMRES residual history
# Residual tolerance target = 1e-10
# Initial residual norm     = 9.80957e-10
     0     1
# FGMRES final (true) residual:
# Iteration = 4: |res|/|res0| = 1.76947e-11.

Computing volumes of the grid elements.
Non-linear iter.: 328/500. Linear iter.: 4. Min. area: 0.000148448. Error: 1.76947e-11.
Computing volumes of the grid elements.
Min. volume: 0.000148448, max. volume: 36.6087.

# FGMRES residual history
# Residual tolerance target = 1e-10
# Initial residual norm     = 9.80974e-10
     0     1
# FGMRES final (true) residual:
# Iteration = 4: |res|/|res0| = 1.76942e-11.

Computing volumes of the grid elements.
Non-linear iter.: 329/500. Linear iter.: 4. Min. area: 0.000148448. Error: 1.76942e-11.
Computing volumes of the grid elements.
Min. volume: 0.000148448, max. volume: 36.6087.

# FGMRES residual history
# Residual tolerance target = 1e-10
# Initial residual norm     = 9.80991e-10
     0     1
# FGMRES final (true) residual:
# Iteration = 4: |res|/|res0| = 1.76937e-11.

Computing volumes of the grid elements.
Non-linear iter.: 330/500. Linear iter.: 4. Min. area: 0.000148448. Error: 1.76937e-11.
Computing volumes of the grid elements.
Min. volume: 0.000148448, max. volume: 36.6087.

# FGMRES residual history
# Residual tolerance target = 1e-10
# Initial residual norm     = 9.81008e-10
     0     1
# FGMRES final (true) residual:
# Iteration = 4: |res|/|res0| = 1.76933e-11.

Computing volumes of the grid elements.
Non-linear iter.: 331/500. Linear iter.: 4. Min. area: 0.000148448. Error: 1.76933e-11.
Computing volumes of the grid elements.
Min. volume: 0.000148448, max. volume: 36.6087.

# FGMRES residual history
# Residual tolerance target = 1e-10
# Initial residual norm     = 9.81025e-10
     0     1
# FGMRES final (true) residual:
# Iteration = 4: |res|/|res0| = 1.76928e-11.

Computing volumes of the grid elements.
Non-linear iter.: 332/500. Linear iter.: 4. Min. area: 0.000148448. Error: 1.76928e-11.
Computing volumes of the grid elements.
Min. volume: 0.000148448, max. volume: 36.6087.

# FGMRES residual history
# Residual tolerance target = 1e-10
# Initial residual norm     = 9.81042e-10
     0     1
# FGMRES final (true) residual:
# Iteration = 4: |res|/|res0| = 1.76924e-11.

Computing volumes of the grid elements.
Non-linear iter.: 333/500. Linear iter.: 4. Min. area: 0.000148448. Error: 1.76924e-11.
Computing volumes of the grid elements.
Min. volume: 0.000148448, max. volume: 36.6087.

# FGMRES residual history
# Residual tolerance target = 1e-10
# Initial residual norm     = 9.81059e-10
     0     1
# FGMRES final (true) residual:
# Iteration = 4: |res|/|res0| = 1.76919e-11.

Computing volumes of the grid elements.
Non-linear iter.: 334/500. Linear iter.: 4. Min. area: 0.000148448. Error: 1.76919e-11.
Computing volumes of the grid elements.
Min. volume: 0.000148448, max. volume: 36.6087.

# FGMRES residual history
# Residual tolerance target = 1e-10
# Initial residual norm     = 9.81076e-10
     0     1
# FGMRES final (true) residual:
# Iteration = 4: |res|/|res0| = 1.76915e-11.

Computing volumes of the grid elements.
Non-linear iter.: 335/500. Linear iter.: 4. Min. area: 0.000148448. Error: 1.76915e-11.
Computing volumes of the grid elements.
Min. volume: 0.000148448, max. volume: 36.6087.

# FGMRES residual history
# Residual tolerance target = 1e-10
# Initial residual norm     = 9.81093e-10
     0     1
# FGMRES final (true) residual:
# Iteration = 4: |res|/|res0| = 1.7691e-11.

Computing volumes of the grid elements.
Non-linear iter.: 336/500. Linear iter.: 4. Min. area: 0.000148448. Error: 1.7691e-11.
Computing volumes of the grid elements.
Min. volume: 0.000148448, max. volume: 36.6087.

# FGMRES residual history
# Residual tolerance target = 1e-10
# Initial residual norm     = 9.8111e-10
     0     1
# FGMRES final (true) residual:
# Iteration = 4: |res|/|res0| = 1.76906e-11.

Computing volumes of the grid elements.
Non-linear iter.: 337/500. Linear iter.: 4. Min. area: 0.000148448. Error: 1.76906e-11.
Computing volumes of the grid elements.
Min. volume: 0.000148448, max. volume: 36.6087.

# FGMRES residual history
# Residual tolerance target = 1e-10
# Initial residual norm     = 9.81127e-10
     0     1
# FGMRES final (true) residual:
# Iteration = 4: |res|/|res0| = 1.76901e-11.

Computing volumes of the grid elements.
Non-linear iter.: 338/500. Linear iter.: 4. Min. area: 0.000148448. Error: 1.76901e-11.
Computing volumes of the grid elements.
Min. volume: 0.000148448, max. volume: 36.6087.

# FGMRES residual history
# Residual tolerance target = 1e-10
# Initial residual norm     = 9.81144e-10
     0     1
# FGMRES final (true) residual:
# Iteration = 4: |res|/|res0| = 1.76896e-11.

Computing volumes of the grid elements.
Non-linear iter.: 339/500. Linear iter.: 4. Min. area: 0.000148448. Error: 1.76896e-11.
Computing volumes of the grid elements.
Min. volume: 0.000148448, max. volume: 36.6087.

# FGMRES residual history
# Residual tolerance target = 1e-10
# Initial residual norm     = 9.81161e-10
     0     1
# FGMRES final (true) residual:
# Iteration = 4: |res|/|res0| = 1.76892e-11.

Computing volumes of the grid elements.
Non-linear iter.: 340/500. Linear iter.: 4. Min. area: 0.000148448. Error: 1.76892e-11.
Computing volumes of the grid elements.
Min. volume: 0.000148448, max. volume: 36.6087.

# FGMRES residual history
# Residual tolerance target = 1e-10
# Initial residual norm     = 9.81177e-10
     0     1
# FGMRES final (true) residual:
# Iteration = 4: |res|/|res0| = 1.76887e-11.

Computing volumes of the grid elements.
Non-linear iter.: 341/500. Linear iter.: 4. Min. area: 0.000148448. Error: 1.76887e-11.
Computing volumes of the grid elements.
Min. volume: 0.000148448, max. volume: 36.6087.

# FGMRES residual history
# Residual tolerance target = 1e-10
# Initial residual norm     = 9.81194e-10
     0     1
# FGMRES final (true) residual:
# Iteration = 4: |res|/|res0| = 1.76883e-11.

Computing volumes of the grid elements.
Non-linear iter.: 342/500. Linear iter.: 4. Min. area: 0.000148447. Error: 1.76883e-11.
Computing volumes of the grid elements.
Min. volume: 0.000148447, max. volume: 36.6087.

# FGMRES residual history
# Residual tolerance target = 1e-10
# Initial residual norm     = 9.81211e-10
     0     1
# FGMRES final (true) residual:
# Iteration = 4: |res|/|res0| = 1.76878e-11.

Computing volumes of the grid elements.
Non-linear iter.: 343/500. Linear iter.: 4. Min. area: 0.000148447. Error: 1.76878e-11.
Computing volumes of the grid elements.
Min. volume: 0.000148447, max. volume: 36.6087.

# FGMRES residual history
# Residual tolerance target = 1e-10
# Initial residual norm     = 9.81228e-10
     0     1
# FGMRES final (true) residual:
# Iteration = 4: |res|/|res0| = 1.76874e-11.

Computing volumes of the grid elements.
Non-linear iter.: 344/500. Linear iter.: 4. Min. area: 0.000148447. Error: 1.76874e-11.
Computing volumes of the grid elements.
Min. volume: 0.000148447, max. volume: 36.6087.

# FGMRES residual history
# Residual tolerance target = 1e-10
# Initial residual norm     = 9.81245e-10
     0     1
# FGMRES final (true) residual:
# Iteration = 4: |res|/|res0| = 1.76869e-11.

Computing volumes of the grid elements.
Non-linear iter.: 345/500. Linear iter.: 4. Min. area: 0.000148447. Error: 1.76869e-11.
Computing volumes of the grid elements.
Min. volume: 0.000148447, max. volume: 36.6087.

# FGMRES residual history
# Residual tolerance target = 1e-10
# Initial residual norm     = 9.81262e-10
     0     1
# FGMRES final (true) residual:
# Iteration = 4: |res|/|res0| = 1.76864e-11.

Computing volumes of the grid elements.
Non-linear iter.: 346/500. Linear iter.: 4. Min. area: 0.000148447. Error: 1.76864e-11.
Computing volumes of the grid elements.
Min. volume: 0.000148447, max. volume: 36.6087.

# FGMRES residual history
# Residual tolerance target = 1e-10
# Initial residual norm     = 9.81279e-10
     0     1
# FGMRES final (true) residual:
# Iteration = 4: |res|/|res0| = 1.7686e-11.

Computing volumes of the grid elements.
Non-linear iter.: 347/500. Linear iter.: 4. Min. area: 0.000148447. Error: 1.7686e-11.
Computing volumes of the grid elements.
Min. volume: 0.000148447, max. volume: 36.6087.

# FGMRES residual history
# Residual tolerance target = 1e-10
# Initial residual norm     = 9.81296e-10
     0     1
# FGMRES final (true) residual:
# Iteration = 4: |res|/|res0| = 1.76855e-11.

Computing volumes of the grid elements.
Non-linear iter.: 348/500. Linear iter.: 4. Min. area: 0.000148447. Error: 1.76855e-11.
Computing volumes of the grid elements.
Min. volume: 0.000148447, max. volume: 36.6087.

# FGMRES residual history
# Residual tolerance target = 1e-10
# Initial residual norm     = 9.81313e-10
     0     1
# FGMRES final (true) residual:
# Iteration = 4: |res|/|res0| = 1.76851e-11.

Computing volumes of the grid elements.
Non-linear iter.: 349/500. Linear iter.: 4. Min. area: 0.000148447. Error: 1.76851e-11.
Computing volumes of the grid elements.
Min. volume: 0.000148447, max. volume: 36.6087.

# FGMRES residual history
# Residual tolerance target = 1e-10
# Initial residual norm     = 9.8133e-10
     0     1
# FGMRES final (true) residual:
# Iteration = 4: |res|/|res0| = 1.76846e-11.

Computing volumes of the grid elements.
Non-linear iter.: 350/500. Linear iter.: 4. Min. area: 0.000148447. Error: 1.76846e-11.
Computing volumes of the grid elements.
Min. volume: 0.000148447, max. volume: 36.6087.

# FGMRES residual history
# Residual tolerance target = 1e-10
# Initial residual norm     = 9.81347e-10
     0     1
# FGMRES final (true) residual:
# Iteration = 4: |res|/|res0| = 1.76842e-11.

Computing volumes of the grid elements.
Non-linear iter.: 351/500. Linear iter.: 4. Min. area: 0.000148447. Error: 1.76842e-11.
Computing volumes of the grid elements.
Min. volume: 0.000148447, max. volume: 36.6087.

# FGMRES residual history
# Residual tolerance target = 1e-10
# Initial residual norm     = 9.81364e-10
     0     1
# FGMRES final (true) residual:
# Iteration = 4: |res|/|res0| = 1.76837e-11.

Computing volumes of the grid elements.
Non-linear iter.: 352/500. Linear iter.: 4. Min. area: 0.000148447. Error: 1.76837e-11.
Computing volumes of the grid elements.
Min. volume: 0.000148447, max. volume: 36.6087.

# FGMRES residual history
# Residual tolerance target = 1e-10
# Initial residual norm     = 9.81381e-10
     0     1
# FGMRES final (true) residual:
# Iteration = 4: |res|/|res0| = 1.76833e-11.

Computing volumes of the grid elements.
Non-linear iter.: 353/500. Linear iter.: 4. Min. area: 0.000148447. Error: 1.76833e-11.
Computing volumes of the grid elements.
Min. volume: 0.000148447, max. volume: 36.6087.

# FGMRES residual history
# Residual tolerance target = 1e-10
# Initial residual norm     = 9.81398e-10
     0     1
# FGMRES final (true) residual:
# Iteration = 4: |res|/|res0| = 1.76828e-11.

Computing volumes of the grid elements.
Non-linear iter.: 354/500. Linear iter.: 4. Min. area: 0.000148447. Error: 1.76828e-11.
Computing volumes of the grid elements.
Min. volume: 0.000148447, max. volume: 36.6087.

# FGMRES residual history
# Residual tolerance target = 1e-10
# Initial residual norm     = 9.81415e-10
     0     1
# FGMRES final (true) residual:
# Iteration = 4: |res|/|res0| = 1.76823e-11.

Computing volumes of the grid elements.
Non-linear iter.: 355/500. Linear iter.: 4. Min. area: 0.000148447. Error: 1.76823e-11.
Computing volumes of the grid elements.
Min. volume: 0.000148447, max. volume: 36.6087.

# FGMRES residual history
# Residual tolerance target = 1e-10
# Initial residual norm     = 9.81432e-10
     0     1
# FGMRES final (true) residual:
# Iteration = 4: |res|/|res0| = 1.76819e-11.

Computing volumes of the grid elements.
Non-linear iter.: 356/500. Linear iter.: 4. Min. area: 0.000148447. Error: 1.76819e-11.
Computing volumes of the grid elements.
Min. volume: 0.000148447, max. volume: 36.6087.

# FGMRES residual history
# Residual tolerance target = 1e-10
# Initial residual norm     = 9.81449e-10
     0     1
# FGMRES final (true) residual:
# Iteration = 4: |res|/|res0| = 1.76814e-11.

Computing volumes of the grid elements.
Non-linear iter.: 357/500. Linear iter.: 4. Min. area: 0.000148447. Error: 1.76814e-11.
Computing volumes of the grid elements.
Min. volume: 0.000148447, max. volume: 36.6087.

# FGMRES residual history
# Residual tolerance target = 1e-10
# Initial residual norm     = 9.81466e-10
     0     1
# FGMRES final (true) residual:
# Iteration = 4: |res|/|res0| = 1.7681e-11.

Computing volumes of the grid elements.
Non-linear iter.: 358/500. Linear iter.: 4. Min. area: 0.000148447. Error: 1.7681e-11.
Computing volumes of the grid elements.
Min. volume: 0.000148447, max. volume: 36.6087.

# FGMRES residual history
# Residual tolerance target = 1e-10
# Initial residual norm     = 9.81483e-10
     0     1
# FGMRES final (true) residual:
# Iteration = 4: |res|/|res0| = 1.76805e-11.

Computing volumes of the grid elements.
Non-linear iter.: 359/500. Linear iter.: 4. Min. area: 0.000148447. Error: 1.76805e-11.
Computing volumes of the grid elements.
Min. volume: 0.000148447, max. volume: 36.6087.

# FGMRES residual history
# Residual tolerance target = 1e-10
# Initial residual norm     = 9.815e-10
     0     1
# FGMRES final (true) residual:
# Iteration = 4: |res|/|res0| = 1.76801e-11.

Computing volumes of the grid elements.
Non-linear iter.: 360/500. Linear iter.: 4. Min. area: 0.000148447. Error: 1.76801e-11.
Computing volumes of the grid elements.
Min. volume: 0.000148447, max. volume: 36.6087.

# FGMRES residual history
# Residual tolerance target = 1e-10
# Initial residual norm     = 9.81517e-10
     0     1
# FGMRES final (true) residual:
# Iteration = 4: |res|/|res0| = 1.76796e-11.

Computing volumes of the grid elements.
Non-linear iter.: 361/500. Linear iter.: 4. Min. area: 0.000148447. Error: 1.76796e-11.
Computing volumes of the grid elements.
Min. volume: 0.000148447, max. volume: 36.6087.

# FGMRES residual history
# Residual tolerance target = 1e-10
# Initial residual norm     = 9.81534e-10
     0     1
# FGMRES final (true) residual:
# Iteration = 4: |res|/|res0| = 1.76792e-11.

Computing volumes of the grid elements.
Non-linear iter.: 362/500. Linear iter.: 4. Min. area: 0.000148447. Error: 1.76792e-11.
Computing volumes of the grid elements.
Min. volume: 0.000148447, max. volume: 36.6087.

# FGMRES residual history
# Residual tolerance target = 1e-10
# Initial residual norm     = 9.81551e-10
     0     1
# FGMRES final (true) residual:
# Iteration = 4: |res|/|res0| = 1.76787e-11.

Computing volumes of the grid elements.
Non-linear iter.: 363/500. Linear iter.: 4. Min. area: 0.000148447. Error: 1.76787e-11.
Computing volumes of the grid elements.
Min. volume: 0.000148447, max. volume: 36.6087.

# FGMRES residual history
# Residual tolerance target = 1e-10
# Initial residual norm     = 9.81568e-10
     0     1
# FGMRES final (true) residual:
# Iteration = 4: |res|/|res0| = 1.76782e-11.

Computing volumes of the grid elements.
Non-linear iter.: 364/500. Linear iter.: 4. Min. area: 0.000148447. Error: 1.76782e-11.
Computing volumes of the grid elements.
Min. volume: 0.000148447, max. volume: 36.6088.

# FGMRES residual history
# Residual tolerance target = 1e-10
# Initial residual norm     = 9.81585e-10
     0     1
# FGMRES final (true) residual:
# Iteration = 4: |res|/|res0| = 1.76778e-11.

Computing volumes of the grid elements.
Non-linear iter.: 365/500. Linear iter.: 4. Min. area: 0.000148447. Error: 1.76778e-11.
Computing volumes of the grid elements.
Min. volume: 0.000148447, max. volume: 36.6088.

# FGMRES residual history
# Residual tolerance target = 1e-10
# Initial residual norm     = 9.81602e-10
     0     1
# FGMRES final (true) residual:
# Iteration = 4: |res|/|res0| = 1.76773e-11.

Computing volumes of the grid elements.
Non-linear iter.: 366/500. Linear iter.: 4. Min. area: 0.000148447. Error: 1.76773e-11.
Computing volumes of the grid elements.
Min. volume: 0.000148447, max. volume: 36.6088.

# FGMRES residual history
# Residual tolerance target = 1e-10
# Initial residual norm     = 9.81619e-10
     0     1
# FGMRES final (true) residual:
# Iteration = 4: |res|/|res0| = 1.76769e-11.

Computing volumes of the grid elements.
Non-linear iter.: 367/500. Linear iter.: 4. Min. area: 0.000148447. Error: 1.76769e-11.
Computing volumes of the grid elements.
Min. volume: 0.000148447, max. volume: 36.6088.

# FGMRES residual history
# Residual tolerance target = 1e-10
# Initial residual norm     = 9.81636e-10
     0     1
# FGMRES final (true) residual:
# Iteration = 4: |res|/|res0| = 1.76764e-11.

Computing volumes of the grid elements.
Non-linear iter.: 368/500. Linear iter.: 4. Min. area: 0.000148447. Error: 1.76764e-11.
Computing volumes of the grid elements.
Min. volume: 0.000148447, max. volume: 36.6088.

# FGMRES residual history
# Residual tolerance target = 1e-10
# Initial residual norm     = 9.81653e-10
     0     1
# FGMRES final (true) residual:
# Iteration = 4: |res|/|res0| = 1.7676e-11.

Computing volumes of the grid elements.
Non-linear iter.: 369/500. Linear iter.: 4. Min. area: 0.000148447. Error: 1.7676e-11.
Computing volumes of the grid elements.
Min. volume: 0.000148447, max. volume: 36.6088.

# FGMRES residual history
# Residual tolerance target = 1e-10
# Initial residual norm     = 9.8167e-10
     0     1
# FGMRES final (true) residual:
# Iteration = 4: |res|/|res0| = 1.76755e-11.

Computing volumes of the grid elements.
Non-linear iter.: 370/500. Linear iter.: 4. Min. area: 0.000148447. Error: 1.76755e-11.
Computing volumes of the grid elements.
Min. volume: 0.000148447, max. volume: 36.6088.

# FGMRES residual history
# Residual tolerance target = 1e-10
# Initial residual norm     = 9.81687e-10
     0     1
# FGMRES final (true) residual:
# Iteration = 4: |res|/|res0| = 1.7675e-11.

Computing volumes of the grid elements.
Non-linear iter.: 371/500. Linear iter.: 4. Min. area: 0.000148447. Error: 1.7675e-11.
Computing volumes of the grid elements.
Min. volume: 0.000148447, max. volume: 36.6088.

# FGMRES residual history
# Residual tolerance target = 1e-10
# Initial residual norm     = 9.81704e-10
     0     1
# FGMRES final (true) residual:
# Iteration = 4: |res|/|res0| = 1.76746e-11.

Computing volumes of the grid elements.
Non-linear iter.: 372/500. Linear iter.: 4. Min. area: 0.000148447. Error: 1.76746e-11.
Computing volumes of the grid elements.
Min. volume: 0.000148447, max. volume: 36.6088.

# FGMRES residual history
# Residual tolerance target = 1e-10
# Initial residual norm     = 9.81721e-10
     0     1
# FGMRES final (true) residual:
# Iteration = 4: |res|/|res0| = 1.76741e-11.

Computing volumes of the grid elements.
Non-linear iter.: 373/500. Linear iter.: 4. Min. area: 0.000148447. Error: 1.76741e-11.
Computing volumes of the grid elements.
Min. volume: 0.000148447, max. volume: 36.6088.

# FGMRES residual history
# Residual tolerance target = 1e-10
# Initial residual norm     = 9.81738e-10
     0     1
# FGMRES final (true) residual:
# Iteration = 4: |res|/|res0| = 1.76737e-11.

Computing volumes of the grid elements.
Non-linear iter.: 374/500. Linear iter.: 4. Min. area: 0.000148447. Error: 1.76737e-11.
Computing volumes of the grid elements.
Min. volume: 0.000148447, max. volume: 36.6088.

# FGMRES residual history
# Residual tolerance target = 1e-10
# Initial residual norm     = 9.81755e-10
     0     1
# FGMRES final (true) residual:
# Iteration = 4: |res|/|res0| = 1.76732e-11.

Computing volumes of the grid elements.
Non-linear iter.: 375/500. Linear iter.: 4. Min. area: 0.000148447. Error: 1.76732e-11.
Computing volumes of the grid elements.
Min. volume: 0.000148447, max. volume: 36.6088.

# FGMRES residual history
# Residual tolerance target = 1e-10
# Initial residual norm     = 9.81772e-10
     0     1
# FGMRES final (true) residual:
# Iteration = 4: |res|/|res0| = 1.76728e-11.

Computing volumes of the grid elements.
Non-linear iter.: 376/500. Linear iter.: 4. Min. area: 0.000148447. Error: 1.76728e-11.
Computing volumes of the grid elements.
Min. volume: 0.000148447, max. volume: 36.6088.

# FGMRES residual history
# Residual tolerance target = 1e-10
# Initial residual norm     = 9.81789e-10
     0     1
# FGMRES final (true) residual:
# Iteration = 4: |res|/|res0| = 1.76723e-11.

Computing volumes of the grid elements.
Non-linear iter.: 377/500. Linear iter.: 4. Min. area: 0.000148447. Error: 1.76723e-11.
Computing volumes of the grid elements.
Min. volume: 0.000148447, max. volume: 36.6088.

# FGMRES residual history
# Residual tolerance target = 1e-10
# Initial residual norm     = 9.81806e-10
     0     1
# FGMRES final (true) residual:
# Iteration = 4: |res|/|res0| = 1.76719e-11.

Computing volumes of the grid elements.
Non-linear iter.: 378/500. Linear iter.: 4. Min. area: 0.000148447. Error: 1.76719e-11.
Computing volumes of the grid elements.
Min. volume: 0.000148447, max. volume: 36.6088.

# FGMRES residual history
# Residual tolerance target = 1e-10
# Initial residual norm     = 9.81823e-10
     0     1
# FGMRES final (true) residual:
# Iteration = 4: |res|/|res0| = 1.76714e-11.

Computing volumes of the grid elements.
Non-linear iter.: 379/500. Linear iter.: 4. Min. area: 0.000148447. Error: 1.76714e-11.
Computing volumes of the grid elements.
Min. volume: 0.000148447, max. volume: 36.6088.

# FGMRES residual history
# Residual tolerance target = 1e-10
# Initial residual norm     = 9.8184e-10
     0     1
# FGMRES final (true) residual:
# Iteration = 4: |res|/|res0| = 1.76709e-11.

Computing volumes of the grid elements.
Non-linear iter.: 380/500. Linear iter.: 4. Min. area: 0.000148447. Error: 1.76709e-11.
Computing volumes of the grid elements.
Min. volume: 0.000148447, max. volume: 36.6088.

# FGMRES residual history
# Residual tolerance target = 1e-10
# Initial residual norm     = 9.81857e-10
     0     1
# FGMRES final (true) residual:
# Iteration = 4: |res|/|res0| = 1.76705e-11.

Computing volumes of the grid elements.
Non-linear iter.: 381/500. Linear iter.: 4. Min. area: 0.000148447. Error: 1.76705e-11.
Computing volumes of the grid elements.
Min. volume: 0.000148447, max. volume: 36.6088.

# FGMRES residual history
# Residual tolerance target = 1e-10
# Initial residual norm     = 9.81874e-10
     0     1
# FGMRES final (true) residual:
# Iteration = 4: |res|/|res0| = 1.767e-11.

Computing volumes of the grid elements.
Non-linear iter.: 382/500. Linear iter.: 4. Min. area: 0.000148447. Error: 1.767e-11.
Computing volumes of the grid elements.
Min. volume: 0.000148447, max. volume: 36.6088.

# FGMRES residual history
# Residual tolerance target = 1e-10
# Initial residual norm     = 9.81891e-10
     0     1
# FGMRES final (true) residual:
# Iteration = 4: |res|/|res0| = 1.76696e-11.

Computing volumes of the grid elements.
Non-linear iter.: 383/500. Linear iter.: 4. Min. area: 0.000148447. Error: 1.76696e-11.
Computing volumes of the grid elements.
Min. volume: 0.000148447, max. volume: 36.6088.

# FGMRES residual history
# Residual tolerance target = 1e-10
# Initial residual norm     = 9.81908e-10
     0     1
# FGMRES final (true) residual:
# Iteration = 4: |res|/|res0| = 1.76691e-11.

Computing volumes of the grid elements.
Non-linear iter.: 384/500. Linear iter.: 4. Min. area: 0.000148447. Error: 1.76691e-11.
Computing volumes of the grid elements.
Min. volume: 0.000148447, max. volume: 36.6088.

# FGMRES residual history
# Residual tolerance target = 1e-10
# Initial residual norm     = 9.81925e-10
     0     1
# FGMRES final (true) residual:
# Iteration = 4: |res|/|res0| = 1.76687e-11.

Computing volumes of the grid elements.
Non-linear iter.: 385/500. Linear iter.: 4. Min. area: 0.000148447. Error: 1.76687e-11.
Computing volumes of the grid elements.
Min. volume: 0.000148447, max. volume: 36.6088.

# FGMRES residual history
# Residual tolerance target = 1e-10
# Initial residual norm     = 9.81942e-10
     0     1
# FGMRES final (true) residual:
# Iteration = 4: |res|/|res0| = 1.76682e-11.

Computing volumes of the grid elements.
Non-linear iter.: 386/500. Linear iter.: 4. Min. area: 0.000148447. Error: 1.76682e-11.
Computing volumes of the grid elements.
Min. volume: 0.000148447, max. volume: 36.6088.

# FGMRES residual history
# Residual tolerance target = 1e-10
# Initial residual norm     = 9.81959e-10
     0     1
# FGMRES final (true) residual:
# Iteration = 4: |res|/|res0| = 1.76677e-11.

Computing volumes of the grid elements.
Non-linear iter.: 387/500. Linear iter.: 4. Min. area: 0.000148447. Error: 1.76677e-11.
Computing volumes of the grid elements.
Min. volume: 0.000148447, max. volume: 36.6088.

# FGMRES residual history
# Residual tolerance target = 1e-10
# Initial residual norm     = 9.81976e-10
     0     1
# FGMRES final (true) residual:
# Iteration = 4: |res|/|res0| = 1.76673e-11.

Computing volumes of the grid elements.
Non-linear iter.: 388/500. Linear iter.: 4. Min. area: 0.000148447. Error: 1.76673e-11.
Computing volumes of the grid elements.
Min. volume: 0.000148447, max. volume: 36.6088.

# FGMRES residual history
# Residual tolerance target = 1e-10
# Initial residual norm     = 9.81993e-10
     0     1
# FGMRES final (true) residual:
# Iteration = 4: |res|/|res0| = 1.76668e-11.

Computing volumes of the grid elements.
Non-linear iter.: 389/500. Linear iter.: 4. Min. area: 0.000148447. Error: 1.76668e-11.
Computing volumes of the grid elements.
Min. volume: 0.000148447, max. volume: 36.6088.

# FGMRES residual history
# Residual tolerance target = 1e-10
# Initial residual norm     = 9.8201e-10
     0     1
# FGMRES final (true) residual:
# Iteration = 4: |res|/|res0| = 1.76664e-11.

Computing volumes of the grid elements.
Non-linear iter.: 390/500. Linear iter.: 4. Min. area: 0.000148447. Error: 1.76664e-11.
Computing volumes of the grid elements.
Min. volume: 0.000148447, max. volume: 36.6088.

# FGMRES residual history
# Residual tolerance target = 1e-10
# Initial residual norm     = 9.82027e-10
     0     1
# FGMRES final (true) residual:
# Iteration = 4: |res|/|res0| = 1.76659e-11.

Computing volumes of the grid elements.
Non-linear iter.: 391/500. Linear iter.: 4. Min. area: 0.000148447. Error: 1.76659e-11.
Computing volumes of the grid elements.
Min. volume: 0.000148447, max. volume: 36.6088.

# FGMRES residual history
# Residual tolerance target = 1e-10
# Initial residual norm     = 9.82044e-10
     0     1
# FGMRES final (true) residual:
# Iteration = 4: |res|/|res0| = 1.76655e-11.

Computing volumes of the grid elements.
Non-linear iter.: 392/500. Linear iter.: 4. Min. area: 0.000148447. Error: 1.76655e-11.
Computing volumes of the grid elements.
Min. volume: 0.000148447, max. volume: 36.6088.

# FGMRES residual history
# Residual tolerance target = 1e-10
# Initial residual norm     = 9.82061e-10
     0     1
# FGMRES final (true) residual:
# Iteration = 4: |res|/|res0| = 1.7665e-11.

Computing volumes of the grid elements.
Non-linear iter.: 393/500. Linear iter.: 4. Min. area: 0.000148447. Error: 1.7665e-11.
Computing volumes of the grid elements.
Min. volume: 0.000148447, max. volume: 36.6088.

# FGMRES residual history
# Residual tolerance target = 1e-10
# Initial residual norm     = 9.82078e-10
     0     1
# FGMRES final (true) residual:
# Iteration = 4: |res|/|res0| = 1.76646e-11.

Computing volumes of the grid elements.
Non-linear iter.: 394/500. Linear iter.: 4. Min. area: 0.000148447. Error: 1.76646e-11.
Computing volumes of the grid elements.
Min. volume: 0.000148447, max. volume: 36.6088.

# FGMRES residual history
# Residual tolerance target = 1e-10
# Initial residual norm     = 9.82095e-10
     0     1
# FGMRES final (true) residual:
# Iteration = 4: |res|/|res0| = 1.76641e-11.

Computing volumes of the grid elements.
Non-linear iter.: 395/500. Linear iter.: 4. Min. area: 0.000148447. Error: 1.76641e-11.
Computing volumes of the grid elements.
Min. volume: 0.000148447, max. volume: 36.6088.

# FGMRES residual history
# Residual tolerance target = 1e-10
# Initial residual norm     = 9.82113e-10
     0     1
# FGMRES final (true) residual:
# Iteration = 4: |res|/|res0| = 1.76636e-11.

Computing volumes of the grid elements.
Non-linear iter.: 396/500. Linear iter.: 4. Min. area: 0.000148447. Error: 1.76636e-11.
Computing volumes of the grid elements.
Min. volume: 0.000148447, max. volume: 36.6088.

# FGMRES residual history
# Residual tolerance target = 1e-10
# Initial residual norm     = 9.8213e-10
     0     1
# FGMRES final (true) residual:
# Iteration = 4: |res|/|res0| = 1.76632e-11.

Computing volumes of the grid elements.
Non-linear iter.: 397/500. Linear iter.: 4. Min. area: 0.000148447. Error: 1.76632e-11.
Computing volumes of the grid elements.
Min. volume: 0.000148447, max. volume: 36.6088.

# FGMRES residual history
# Residual tolerance target = 1e-10
# Initial residual norm     = 9.82147e-10
     0     1
# FGMRES final (true) residual:
# Iteration = 4: |res|/|res0| = 1.76627e-11.

Computing volumes of the grid elements.
Non-linear iter.: 398/500. Linear iter.: 4. Min. area: 0.000148447. Error: 1.76627e-11.
Computing volumes of the grid elements.
Min. volume: 0.000148447, max. volume: 36.6088.

# FGMRES residual history
# Residual tolerance target = 1e-10
# Initial residual norm     = 9.82164e-10
     0     1
# FGMRES final (true) residual:
# Iteration = 4: |res|/|res0| = 1.76623e-11.

Computing volumes of the grid elements.
Non-linear iter.: 399/500. Linear iter.: 4. Min. area: 0.000148447. Error: 1.76623e-11.
Computing volumes of the grid elements.
Min. volume: 0.000148447, max. volume: 36.6088.

# FGMRES residual history
# Residual tolerance target = 1e-10
# Initial residual norm     = 9.82181e-10
     0     1
# FGMRES final (true) residual:
# Iteration = 4: |res|/|res0| = 1.76618e-11.

Computing volumes of the grid elements.
Non-linear iter.: 400/500. Linear iter.: 4. Min. area: 0.000148447. Error: 1.76618e-11.
Computing volumes of the grid elements.
Min. volume: 0.000148447, max. volume: 36.6088.

# FGMRES residual history
# Residual tolerance target = 1e-10
# Initial residual norm     = 9.82198e-10
     0     1
# FGMRES final (true) residual:
# Iteration = 4: |res|/|res0| = 1.76614e-11.

Computing volumes of the grid elements.
Non-linear iter.: 401/500. Linear iter.: 4. Min. area: 0.000148447. Error: 1.76614e-11.
Computing volumes of the grid elements.
Min. volume: 0.000148447, max. volume: 36.6088.

# FGMRES residual history
# Residual tolerance target = 1e-10
# Initial residual norm     = 9.82215e-10
     0     1
# FGMRES final (true) residual:
# Iteration = 4: |res|/|res0| = 1.76609e-11.

Computing volumes of the grid elements.
Non-linear iter.: 402/500. Linear iter.: 4. Min. area: 0.000148447. Error: 1.76609e-11.
Computing volumes of the grid elements.
Min. volume: 0.000148447, max. volume: 36.6088.

# FGMRES residual history
# Residual tolerance target = 1e-10
# Initial residual norm     = 9.82232e-10
     0     1
# FGMRES final (true) residual:
# Iteration = 4: |res|/|res0| = 1.76604e-11.

Computing volumes of the grid elements.
Non-linear iter.: 403/500. Linear iter.: 4. Min. area: 0.000148447. Error: 1.76604e-11.
Computing volumes of the grid elements.
Min. volume: 0.000148447, max. volume: 36.6088.

# FGMRES residual history
# Residual tolerance target = 1e-10
# Initial residual norm     = 9.82249e-10
     0     1
# FGMRES final (true) residual:
# Iteration = 4: |res|/|res0| = 1.766e-11.

Computing volumes of the grid elements.
Non-linear iter.: 404/500. Linear iter.: 4. Min. area: 0.000148447. Error: 1.766e-11.
Computing volumes of the grid elements.
Min. volume: 0.000148447, max. volume: 36.6088.

# FGMRES residual history
# Residual tolerance target = 1e-10
# Initial residual norm     = 9.82266e-10
     0     1
# FGMRES final (true) residual:
# Iteration = 4: |res|/|res0| = 1.76595e-11.

Computing volumes of the grid elements.
Non-linear iter.: 405/500. Linear iter.: 4. Min. area: 0.000148447. Error: 1.76595e-11.
Computing volumes of the grid elements.
Min. volume: 0.000148447, max. volume: 36.6088.

# FGMRES residual history
# Residual tolerance target = 1e-10
# Initial residual norm     = 9.82283e-10
     0     1
# FGMRES final (true) residual:
# Iteration = 4: |res|/|res0| = 1.76591e-11.

Computing volumes of the grid elements.
Non-linear iter.: 406/500. Linear iter.: 4. Min. area: 0.000148447. Error: 1.76591e-11.
Computing volumes of the grid elements.
Min. volume: 0.000148447, max. volume: 36.6088.

# FGMRES residual history
# Residual tolerance target = 1e-10
# Initial residual norm     = 9.823e-10
     0     1
# FGMRES final (true) residual:
# Iteration = 4: |res|/|res0| = 1.76586e-11.

Computing volumes of the grid elements.
Non-linear iter.: 407/500. Linear iter.: 4. Min. area: 0.000148446. Error: 1.76586e-11.
Computing volumes of the grid elements.
Min. volume: 0.000148446, max. volume: 36.6088.

# FGMRES residual history
# Residual tolerance target = 1e-10
# Initial residual norm     = 9.82317e-10
     0     1
# FGMRES final (true) residual:
# Iteration = 4: |res|/|res0| = 1.76582e-11.

Computing volumes of the grid elements.
Non-linear iter.: 408/500. Linear iter.: 4. Min. area: 0.000148446. Error: 1.76582e-11.
Computing volumes of the grid elements.
Min. volume: 0.000148446, max. volume: 36.6088.

# FGMRES residual history
# Residual tolerance target = 1e-10
# Initial residual norm     = 9.82334e-10
     0     1
# FGMRES final (true) residual:
# Iteration = 4: |res|/|res0| = 1.76577e-11.

Computing volumes of the grid elements.
Non-linear iter.: 409/500. Linear iter.: 4. Min. area: 0.000148446. Error: 1.76577e-11.
Computing volumes of the grid elements.
Min. volume: 0.000148446, max. volume: 36.6088.

# FGMRES residual history
# Residual tolerance target = 1e-10
# Initial residual norm     = 9.82351e-10
     0     1
# FGMRES final (true) residual:
# Iteration = 4: |res|/|res0| = 1.76573e-11.

Computing volumes of the grid elements.
Non-linear iter.: 410/500. Linear iter.: 4. Min. area: 0.000148446. Error: 1.76573e-11.
Computing volumes of the grid elements.
Min. volume: 0.000148446, max. volume: 36.6088.

# FGMRES residual history
# Residual tolerance target = 1e-10
# Initial residual norm     = 9.82368e-10
     0     1
# FGMRES final (true) residual:
# Iteration = 4: |res|/|res0| = 1.76568e-11.

Computing volumes of the grid elements.
Non-linear iter.: 411/500. Linear iter.: 4. Min. area: 0.000148446. Error: 1.76568e-11.
Computing volumes of the grid elements.
Min. volume: 0.000148446, max. volume: 36.6088.

# FGMRES residual history
# Residual tolerance target = 1e-10
# Initial residual norm     = 9.82385e-10
     0     1
# FGMRES final (true) residual:
# Iteration = 4: |res|/|res0| = 1.76563e-11.

Computing volumes of the grid elements.
Non-linear iter.: 412/500. Linear iter.: 4. Min. area: 0.000148446. Error: 1.76563e-11.
Computing volumes of the grid elements.
Min. volume: 0.000148446, max. volume: 36.6088.

# FGMRES residual history
# Residual tolerance target = 1e-10
# Initial residual norm     = 9.82402e-10
     0     1
# FGMRES final (true) residual:
# Iteration = 4: |res|/|res0| = 1.76559e-11.

Computing volumes of the grid elements.
Non-linear iter.: 413/500. Linear iter.: 4. Min. area: 0.000148446. Error: 1.76559e-11.
Computing volumes of the grid elements.
Min. volume: 0.000148446, max. volume: 36.6088.

# FGMRES residual history
# Residual tolerance target = 1e-10
# Initial residual norm     = 9.82419e-10
     0     1
# FGMRES final (true) residual:
# Iteration = 4: |res|/|res0| = 1.76554e-11.

Computing volumes of the grid elements.
Non-linear iter.: 414/500. Linear iter.: 4. Min. area: 0.000148446. Error: 1.76554e-11.
Computing volumes of the grid elements.
Min. volume: 0.000148446, max. volume: 36.6088.

# FGMRES residual history
# Residual tolerance target = 1e-10
# Initial residual norm     = 9.82436e-10
     0     1
# FGMRES final (true) residual:
# Iteration = 4: |res|/|res0| = 1.7655e-11.

Computing volumes of the grid elements.
Non-linear iter.: 415/500. Linear iter.: 4. Min. area: 0.000148446. Error: 1.7655e-11.
Computing volumes of the grid elements.
Min. volume: 0.000148446, max. volume: 36.6088.

# FGMRES residual history
# Residual tolerance target = 1e-10
# Initial residual norm     = 9.82453e-10
     0     1
# FGMRES final (true) residual:
# Iteration = 4: |res|/|res0| = 1.76545e-11.

Computing volumes of the grid elements.
Non-linear iter.: 416/500. Linear iter.: 4. Min. area: 0.000148446. Error: 1.76545e-11.
Computing volumes of the grid elements.
Min. volume: 0.000148446, max. volume: 36.6088.

# FGMRES residual history
# Residual tolerance target = 1e-10
# Initial residual norm     = 9.8247e-10
     0     1
# FGMRES final (true) residual:
# Iteration = 4: |res|/|res0| = 1.76541e-11.

Computing volumes of the grid elements.
Non-linear iter.: 417/500. Linear iter.: 4. Min. area: 0.000148446. Error: 1.76541e-11.
Computing volumes of the grid elements.
Min. volume: 0.000148446, max. volume: 36.6088.

# FGMRES residual history
# Residual tolerance target = 1e-10
# Initial residual norm     = 9.82487e-10
     0     1
# FGMRES final (true) residual:
# Iteration = 4: |res|/|res0| = 1.76536e-11.

Computing volumes of the grid elements.
Non-linear iter.: 418/500. Linear iter.: 4. Min. area: 0.000148446. Error: 1.76536e-11.
Computing volumes of the grid elements.
Min. volume: 0.000148446, max. volume: 36.6088.

# FGMRES residual history
# Residual tolerance target = 1e-10
# Initial residual norm     = 9.82504e-10
     0     1
# FGMRES final (true) residual:
# Iteration = 4: |res|/|res0| = 1.76532e-11.

Computing volumes of the grid elements.
Non-linear iter.: 419/500. Linear iter.: 4. Min. area: 0.000148446. Error: 1.76532e-11.
Computing volumes of the grid elements.
Min. volume: 0.000148446, max. volume: 36.6088.

# FGMRES residual history
# Residual tolerance target = 1e-10
# Initial residual norm     = 9.82521e-10
     0     1
# FGMRES final (true) residual:
# Iteration = 4: |res|/|res0| = 1.76527e-11.

Computing volumes of the grid elements.
Non-linear iter.: 420/500. Linear iter.: 4. Min. area: 0.000148446. Error: 1.76527e-11.
Computing volumes of the grid elements.
Min. volume: 0.000148446, max. volume: 36.6088.

# FGMRES residual history
# Residual tolerance target = 1e-10
# Initial residual norm     = 9.82538e-10
     0     1
# FGMRES final (true) residual:
# Iteration = 4: |res|/|res0| = 1.76522e-11.

Computing volumes of the grid elements.
Non-linear iter.: 421/500. Linear iter.: 4. Min. area: 0.000148446. Error: 1.76522e-11.
Computing volumes of the grid elements.
Min. volume: 0.000148446, max. volume: 36.6088.

# FGMRES residual history
# Residual tolerance target = 1e-10
# Initial residual norm     = 9.82555e-10
     0     1
# FGMRES final (true) residual:
# Iteration = 4: |res|/|res0| = 1.76518e-11.

Computing volumes of the grid elements.
Non-linear iter.: 422/500. Linear iter.: 4. Min. area: 0.000148446. Error: 1.76518e-11.
Computing volumes of the grid elements.
Min. volume: 0.000148446, max. volume: 36.6088.

# FGMRES residual history
# Residual tolerance target = 1e-10
# Initial residual norm     = 9.82572e-10
     0     1
# FGMRES final (true) residual:
# Iteration = 4: |res|/|res0| = 1.76513e-11.

Computing volumes of the grid elements.
Non-linear iter.: 423/500. Linear iter.: 4. Min. area: 0.000148446. Error: 1.76513e-11.
Computing volumes of the grid elements.
Min. volume: 0.000148446, max. volume: 36.6088.

# FGMRES residual history
# Residual tolerance target = 1e-10
# Initial residual norm     = 9.82589e-10
     0     1
# FGMRES final (true) residual:
# Iteration = 4: |res|/|res0| = 1.76509e-11.

Computing volumes of the grid elements.
Non-linear iter.: 424/500. Linear iter.: 4. Min. area: 0.000148446. Error: 1.76509e-11.
Computing volumes of the grid elements.
Min. volume: 0.000148446, max. volume: 36.6088.

# FGMRES residual history
# Residual tolerance target = 1e-10
# Initial residual norm     = 9.82606e-10
     0     1
# FGMRES final (true) residual:
# Iteration = 4: |res|/|res0| = 1.76504e-11.

Computing volumes of the grid elements.
Non-linear iter.: 425/500. Linear iter.: 4. Min. area: 0.000148446. Error: 1.76504e-11.
Computing volumes of the grid elements.
Min. volume: 0.000148446, max. volume: 36.6088.

# FGMRES residual history
# Residual tolerance target = 1e-10
# Initial residual norm     = 9.82623e-10
     0     1
# FGMRES final (true) residual:
# Iteration = 4: |res|/|res0| = 1.765e-11.

Computing volumes of the grid elements.
Non-linear iter.: 426/500. Linear iter.: 4. Min. area: 0.000148446. Error: 1.765e-11.
Computing volumes of the grid elements.
Min. volume: 0.000148446, max. volume: 36.6088.

# FGMRES residual history
# Residual tolerance target = 1e-10
# Initial residual norm     = 9.8264e-10
     0     1
# FGMRES final (true) residual:
# Iteration = 4: |res|/|res0| = 1.76495e-11.

Computing volumes of the grid elements.
Non-linear iter.: 427/500. Linear iter.: 4. Min. area: 0.000148446. Error: 1.76495e-11.
Computing volumes of the grid elements.
Min. volume: 0.000148446, max. volume: 36.6088.

# FGMRES residual history
# Residual tolerance target = 1e-10
# Initial residual norm     = 9.82657e-10
     0     1
# FGMRES final (true) residual:
# Iteration = 4: |res|/|res0| = 1.7649e-11.

Computing volumes of the grid elements.
Non-linear iter.: 428/500. Linear iter.: 4. Min. area: 0.000148446. Error: 1.7649e-11.
Computing volumes of the grid elements.
Min. volume: 0.000148446, max. volume: 36.6088.

# FGMRES residual history
# Residual tolerance target = 1e-10
# Initial residual norm     = 9.82674e-10
     0     1
# FGMRES final (true) residual:
# Iteration = 4: |res|/|res0| = 1.76486e-11.

Computing volumes of the grid elements.
Non-linear iter.: 429/500. Linear iter.: 4. Min. area: 0.000148446. Error: 1.76486e-11.
Computing volumes of the grid elements.
Min. volume: 0.000148446, max. volume: 36.6088.

# FGMRES residual history
# Residual tolerance target = 1e-10
# Initial residual norm     = 9.82692e-10
     0     1
# FGMRES final (true) residual:
# Iteration = 4: |res|/|res0| = 1.76481e-11.

Computing volumes of the grid elements.
Non-linear iter.: 430/500. Linear iter.: 4. Min. area: 0.000148446. Error: 1.76481e-11.
Computing volumes of the grid elements.
Min. volume: 0.000148446, max. volume: 36.6088.

# FGMRES residual history
# Residual tolerance target = 1e-10
# Initial residual norm     = 9.82709e-10
     0     1
# FGMRES final (true) residual:
# Iteration = 4: |res|/|res0| = 1.76477e-11.

Computing volumes of the grid elements.
Non-linear iter.: 431/500. Linear iter.: 4. Min. area: 0.000148446. Error: 1.76477e-11.
Computing volumes of the grid elements.
Min. volume: 0.000148446, max. volume: 36.6088.

# FGMRES residual history
# Residual tolerance target = 1e-10
# Initial residual norm     = 9.82726e-10
     0     1
# FGMRES final (true) residual:
# Iteration = 4: |res|/|res0| = 1.76472e-11.

Computing volumes of the grid elements.
Non-linear iter.: 432/500. Linear iter.: 4. Min. area: 0.000148446. Error: 1.76472e-11.
Computing volumes of the grid elements.
Min. volume: 0.000148446, max. volume: 36.6088.

# FGMRES residual history
# Residual tolerance target = 1e-10
# Initial residual norm     = 9.82743e-10
     0     1
# FGMRES final (true) residual:
# Iteration = 4: |res|/|res0| = 1.76468e-11.

Computing volumes of the grid elements.
Non-linear iter.: 433/500. Linear iter.: 4. Min. area: 0.000148446. Error: 1.76468e-11.
Computing volumes of the grid elements.
Min. volume: 0.000148446, max. volume: 36.6088.

# FGMRES residual history
# Residual tolerance target = 1e-10
# Initial residual norm     = 9.8276e-10
     0     1
# FGMRES final (true) residual:
# Iteration = 4: |res|/|res0| = 1.76463e-11.

Computing volumes of the grid elements.
Non-linear iter.: 434/500. Linear iter.: 4. Min. area: 0.000148446. Error: 1.76463e-11.
Computing volumes of the grid elements.
Min. volume: 0.000148446, max. volume: 36.6088.

# FGMRES residual history
# Residual tolerance target = 1e-10
# Initial residual norm     = 9.82777e-10
     0     1
# FGMRES final (true) residual:
# Iteration = 4: |res|/|res0| = 1.76459e-11.

Computing volumes of the grid elements.
Non-linear iter.: 435/500. Linear iter.: 4. Min. area: 0.000148446. Error: 1.76459e-11.
Computing volumes of the grid elements.
Min. volume: 0.000148446, max. volume: 36.6088.

# FGMRES residual history
# Residual tolerance target = 1e-10
# Initial residual norm     = 9.82794e-10
     0     1
# FGMRES final (true) residual:
# Iteration = 4: |res|/|res0| = 1.76454e-11.

Computing volumes of the grid elements.
Non-linear iter.: 436/500. Linear iter.: 4. Min. area: 0.000148446. Error: 1.76454e-11.
Computing volumes of the grid elements.
Min. volume: 0.000148446, max. volume: 36.6088.

# FGMRES residual history
# Residual tolerance target = 1e-10
# Initial residual norm     = 9.82811e-10
     0     1
# FGMRES final (true) residual:
# Iteration = 4: |res|/|res0| = 1.76449e-11.

Computing volumes of the grid elements.
Non-linear iter.: 437/500. Linear iter.: 4. Min. area: 0.000148446. Error: 1.76449e-11.
Computing volumes of the grid elements.
Min. volume: 0.000148446, max. volume: 36.6088.

# FGMRES residual history
# Residual tolerance target = 1e-10
# Initial residual norm     = 9.82828e-10
     0     1
# FGMRES final (true) residual:
# Iteration = 4: |res|/|res0| = 1.76445e-11.

Computing volumes of the grid elements.
Non-linear iter.: 438/500. Linear iter.: 4. Min. area: 0.000148446. Error: 1.76445e-11.
Computing volumes of the grid elements.
Min. volume: 0.000148446, max. volume: 36.6088.

# FGMRES residual history
# Residual tolerance target = 1e-10
# Initial residual norm     = 9.82845e-10
     0     1
# FGMRES final (true) residual:
# Iteration = 4: |res|/|res0| = 1.7644e-11.

Computing volumes of the grid elements.
Non-linear iter.: 439/500. Linear iter.: 4. Min. area: 0.000148446. Error: 1.7644e-11.
Computing volumes of the grid elements.
Min. volume: 0.000148446, max. volume: 36.6088.

# FGMRES residual history
# Residual tolerance target = 1e-10
# Initial residual norm     = 9.82862e-10
     0     1
# FGMRES final (true) residual:
# Iteration = 4: |res|/|res0| = 1.76436e-11.

Computing volumes of the grid elements.
Non-linear iter.: 440/500. Linear iter.: 4. Min. area: 0.000148446. Error: 1.76436e-11.
Computing volumes of the grid elements.
Min. volume: 0.000148446, max. volume: 36.6088.

# FGMRES residual history
# Residual tolerance target = 1e-10
# Initial residual norm     = 9.82879e-10
     0     1
# FGMRES final (true) residual:
# Iteration = 4: |res|/|res0| = 1.76431e-11.

Computing volumes of the grid elements.
Non-linear iter.: 441/500. Linear iter.: 4. Min. area: 0.000148446. Error: 1.76431e-11.
Computing volumes of the grid elements.
Min. volume: 0.000148446, max. volume: 36.6088.

# FGMRES residual history
# Residual tolerance target = 1e-10
# Initial residual norm     = 9.82896e-10
     0     1
# FGMRES final (true) residual:
# Iteration = 4: |res|/|res0| = 1.76427e-11.

Computing volumes of the grid elements.
Non-linear iter.: 442/500. Linear iter.: 4. Min. area: 0.000148446. Error: 1.76427e-11.
Computing volumes of the grid elements.
Min. volume: 0.000148446, max. volume: 36.6088.

# FGMRES residual history
# Residual tolerance target = 1e-10
# Initial residual norm     = 9.82913e-10
     0     1
# FGMRES final (true) residual:
# Iteration = 4: |res|/|res0| = 1.76422e-11.

Computing volumes of the grid elements.
Non-linear iter.: 443/500. Linear iter.: 4. Min. area: 0.000148446. Error: 1.76422e-11.
Computing volumes of the grid elements.
Min. volume: 0.000148446, max. volume: 36.6088.

# FGMRES residual history
# Residual tolerance target = 1e-10
# Initial residual norm     = 9.8293e-10
     0     1
# FGMRES final (true) residual:
# Iteration = 4: |res|/|res0| = 1.76417e-11.

Computing volumes of the grid elements.
Non-linear iter.: 444/500. Linear iter.: 4. Min. area: 0.000148446. Error: 1.76417e-11.
Computing volumes of the grid elements.
Min. volume: 0.000148446, max. volume: 36.6088.

# FGMRES residual history
# Residual tolerance target = 1e-10
# Initial residual norm     = 9.82947e-10
     0     1
# FGMRES final (true) residual:
# Iteration = 4: |res|/|res0| = 1.76413e-11.

Computing volumes of the grid elements.
Non-linear iter.: 445/500. Linear iter.: 4. Min. area: 0.000148446. Error: 1.76413e-11.
Computing volumes of the grid elements.
Min. volume: 0.000148446, max. volume: 36.6088.

# FGMRES residual history
# Residual tolerance target = 1e-10
# Initial residual norm     = 9.82964e-10
     0     1
# FGMRES final (true) residual:
# Iteration = 4: |res|/|res0| = 1.76408e-11.

Computing volumes of the grid elements.
Non-linear iter.: 446/500. Linear iter.: 4. Min. area: 0.000148446. Error: 1.76408e-11.
Computing volumes of the grid elements.
Min. volume: 0.000148446, max. volume: 36.6088.

# FGMRES residual history
# Residual tolerance target = 1e-10
# Initial residual norm     = 9.82981e-10
     0     1
# FGMRES final (true) residual:
# Iteration = 4: |res|/|res0| = 1.76404e-11.

Computing volumes of the grid elements.
Non-linear iter.: 447/500. Linear iter.: 4. Min. area: 0.000148446. Error: 1.76404e-11.
Computing volumes of the grid elements.
Min. volume: 0.000148446, max. volume: 36.6088.

# FGMRES residual history
# Residual tolerance target = 1e-10
# Initial residual norm     = 9.82998e-10
     0     1
# FGMRES final (true) residual:
# Iteration = 4: |res|/|res0| = 1.76399e-11.

Computing volumes of the grid elements.
Non-linear iter.: 448/500. Linear iter.: 4. Min. area: 0.000148446. Error: 1.76399e-11.
Computing volumes of the grid elements.
Min. volume: 0.000148446, max. volume: 36.6088.

# FGMRES residual history
# Residual tolerance target = 1e-10
# Initial residual norm     = 9.83015e-10
     0     1
# FGMRES final (true) residual:
# Iteration = 4: |res|/|res0| = 1.76395e-11.

Computing volumes of the grid elements.
Non-linear iter.: 449/500. Linear iter.: 4. Min. area: 0.000148446. Error: 1.76395e-11.
Computing volumes of the grid elements.
Min. volume: 0.000148446, max. volume: 36.6088.

# FGMRES residual history
# Residual tolerance target = 1e-10
# Initial residual norm     = 9.83032e-10
     0     1
# FGMRES final (true) residual:
# Iteration = 4: |res|/|res0| = 1.7639e-11.

Computing volumes of the grid elements.
Non-linear iter.: 450/500. Linear iter.: 4. Min. area: 0.000148446. Error: 1.7639e-11.
Computing volumes of the grid elements.
Min. volume: 0.000148446, max. volume: 36.6088.

# FGMRES residual history
# Residual tolerance target = 1e-10
# Initial residual norm     = 9.8305e-10
     0     1
# FGMRES final (true) residual:
# Iteration = 4: |res|/|res0| = 1.76386e-11.

Computing volumes of the grid elements.
Non-linear iter.: 451/500. Linear iter.: 4. Min. area: 0.000148446. Error: 1.76386e-11.
Computing volumes of the grid elements.
Min. volume: 0.000148446, max. volume: 36.6088.

# FGMRES residual history
# Residual tolerance target = 1e-10
# Initial residual norm     = 9.83067e-10
     0     1
# FGMRES final (true) residual:
# Iteration = 4: |res|/|res0| = 1.76381e-11.

Computing volumes of the grid elements.
Non-linear iter.: 452/500. Linear iter.: 4. Min. area: 0.000148446. Error: 1.76381e-11.
Computing volumes of the grid elements.
Min. volume: 0.000148446, max. volume: 36.6088.

# FGMRES residual history
# Residual tolerance target = 1e-10
# Initial residual norm     = 9.83084e-10
     0     1
# FGMRES final (true) residual:
# Iteration = 4: |res|/|res0| = 1.76376e-11.

Computing volumes of the grid elements.
Non-linear iter.: 453/500. Linear iter.: 4. Min. area: 0.000148446. Error: 1.76376e-11.
Computing volumes of the grid elements.
Min. volume: 0.000148446, max. volume: 36.6088.

# FGMRES residual history
# Residual tolerance target = 1e-10
# Initial residual norm     = 9.83101e-10
     0     1
# FGMRES final (true) residual:
# Iteration = 4: |res|/|res0| = 1.76372e-11.

Computing volumes of the grid elements.
Non-linear iter.: 454/500. Linear iter.: 4. Min. area: 0.000148446. Error: 1.76372e-11.
Computing volumes of the grid elements.
Min. volume: 0.000148446, max. volume: 36.6088.

# FGMRES residual history
# Residual tolerance target = 1e-10
# Initial residual norm     = 9.83118e-10
     0     1
# FGMRES final (true) residual:
# Iteration = 4: |res|/|res0| = 1.76367e-11.

Computing volumes of the grid elements.
Non-linear iter.: 455/500. Linear iter.: 4. Min. area: 0.000148446. Error: 1.76367e-11.
Computing volumes of the grid elements.
Min. volume: 0.000148446, max. volume: 36.6088.

# FGMRES residual history
# Residual tolerance target = 1e-10
# Initial residual norm     = 9.83135e-10
     0     1
# FGMRES final (true) residual:
# Iteration = 4: |res|/|res0| = 1.76363e-11.

Computing volumes of the grid elements.
Non-linear iter.: 456/500. Linear iter.: 4. Min. area: 0.000148446. Error: 1.76363e-11.
Computing volumes of the grid elements.
Min. volume: 0.000148446, max. volume: 36.6088.

# FGMRES residual history
# Residual tolerance target = 1e-10
# Initial residual norm     = 9.83152e-10
     0     1
# FGMRES final (true) residual:
# Iteration = 4: |res|/|res0| = 1.76358e-11.

Computing volumes of the grid elements.
Non-linear iter.: 457/500. Linear iter.: 4. Min. area: 0.000148446. Error: 1.76358e-11.
Computing volumes of the grid elements.
Min. volume: 0.000148446, max. volume: 36.6088.

# FGMRES residual history
# Residual tolerance target = 1e-10
# Initial residual norm     = 9.83169e-10
     0     1
# FGMRES final (true) residual:
# Iteration = 4: |res|/|res0| = 1.76354e-11.

Computing volumes of the grid elements.
Non-linear iter.: 458/500. Linear iter.: 4. Min. area: 0.000148446. Error: 1.76354e-11.
Computing volumes of the grid elements.
Min. volume: 0.000148446, max. volume: 36.6088.

# FGMRES residual history
# Residual tolerance target = 1e-10
# Initial residual norm     = 9.83186e-10
     0     1
# FGMRES final (true) residual:
# Iteration = 4: |res|/|res0| = 1.76349e-11.

Computing volumes of the grid elements.
Non-linear iter.: 459/500. Linear iter.: 4. Min. area: 0.000148446. Error: 1.76349e-11.
Computing volumes of the grid elements.
Min. volume: 0.000148446, max. volume: 36.6088.

# FGMRES residual history
# Residual tolerance target = 1e-10
# Initial residual norm     = 9.83203e-10
     0     1
# FGMRES final (true) residual:
# Iteration = 4: |res|/|res0| = 1.76345e-11.

Computing volumes of the grid elements.
Non-linear iter.: 460/500. Linear iter.: 4. Min. area: 0.000148446. Error: 1.76345e-11.
Computing volumes of the grid elements.
Min. volume: 0.000148446, max. volume: 36.6088.

# FGMRES residual history
# Residual tolerance target = 1e-10
# Initial residual norm     = 9.8322e-10
     0     1
# FGMRES final (true) residual:
# Iteration = 4: |res|/|res0| = 1.7634e-11.

Computing volumes of the grid elements.
Non-linear iter.: 461/500. Linear iter.: 4. Min. area: 0.000148446. Error: 1.7634e-11.
Computing volumes of the grid elements.
Min. volume: 0.000148446, max. volume: 36.6088.

# FGMRES residual history
# Residual tolerance target = 1e-10
# Initial residual norm     = 9.83237e-10
     0     1
# FGMRES final (true) residual:
# Iteration = 4: |res|/|res0| = 1.76335e-11.

Computing volumes of the grid elements.
Non-linear iter.: 462/500. Linear iter.: 4. Min. area: 0.000148446. Error: 1.76335e-11.
Computing volumes of the grid elements.
Min. volume: 0.000148446, max. volume: 36.6088.

# FGMRES residual history
# Residual tolerance target = 1e-10
# Initial residual norm     = 9.83254e-10
     0     1
# FGMRES final (true) residual:
# Iteration = 4: |res|/|res0| = 1.76331e-11.

Computing volumes of the grid elements.
Non-linear iter.: 463/500. Linear iter.: 4. Min. area: 0.000148446. Error: 1.76331e-11.
Computing volumes of the grid elements.
Min. volume: 0.000148446, max. volume: 36.6088.

# FGMRES residual history
# Residual tolerance target = 1e-10
# Initial residual norm     = 9.83271e-10
     0     1
# FGMRES final (true) residual:
# Iteration = 4: |res|/|res0| = 1.76326e-11.

Computing volumes of the grid elements.
Non-linear iter.: 464/500. Linear iter.: 4. Min. area: 0.000148446. Error: 1.76326e-11.
Computing volumes of the grid elements.
Min. volume: 0.000148446, max. volume: 36.6088.

# FGMRES residual history
# Residual tolerance target = 1e-10
# Initial residual norm     = 9.83288e-10
     0     1
# FGMRES final (true) residual:
# Iteration = 4: |res|/|res0| = 1.76322e-11.

Computing volumes of the grid elements.
Non-linear iter.: 465/500. Linear iter.: 4. Min. area: 0.000148446. Error: 1.76322e-11.
Computing volumes of the grid elements.
Min. volume: 0.000148446, max. volume: 36.6088.

# FGMRES residual history
# Residual tolerance target = 1e-10
# Initial residual norm     = 9.83305e-10
     0     1
# FGMRES final (true) residual:
# Iteration = 4: |res|/|res0| = 1.76317e-11.

Computing volumes of the grid elements.
Non-linear iter.: 466/500. Linear iter.: 4. Min. area: 0.000148446. Error: 1.76317e-11.
Computing volumes of the grid elements.
Min. volume: 0.000148446, max. volume: 36.6088.

# FGMRES residual history
# Residual tolerance target = 1e-10
# Initial residual norm     = 9.83322e-10
     0     1
# FGMRES final (true) residual:
# Iteration = 4: |res|/|res0| = 1.76313e-11.

Computing volumes of the grid elements.
Non-linear iter.: 467/500. Linear iter.: 4. Min. area: 0.000148446. Error: 1.76313e-11.
Computing volumes of the grid elements.
Min. volume: 0.000148446, max. volume: 36.6088.

# FGMRES residual history
# Residual tolerance target = 1e-10
# Initial residual norm     = 9.8334e-10
     0     1
# FGMRES final (true) residual:
# Iteration = 4: |res|/|res0| = 1.76308e-11.

Computing volumes of the grid elements.
Non-linear iter.: 468/500. Linear iter.: 4. Min. area: 0.000148446. Error: 1.76308e-11.
Computing volumes of the grid elements.
Min. volume: 0.000148446, max. volume: 36.6088.

# FGMRES residual history
# Residual tolerance target = 1e-10
# Initial residual norm     = 9.83357e-10
     0     1
# FGMRES final (true) residual:
# Iteration = 4: |res|/|res0| = 1.76303e-11.

Computing volumes of the grid elements.
Non-linear iter.: 469/500. Linear iter.: 4. Min. area: 0.000148446. Error: 1.76303e-11.
Computing volumes of the grid elements.
Min. volume: 0.000148446, max. volume: 36.6088.

# FGMRES residual history
# Residual tolerance target = 1e-10
# Initial residual norm     = 9.83374e-10
     0     1
# FGMRES final (true) residual:
# Iteration = 4: |res|/|res0| = 1.76299e-11.

Computing volumes of the grid elements.
Non-linear iter.: 470/500. Linear iter.: 4. Min. area: 0.000148446. Error: 1.76299e-11.
Computing volumes of the grid elements.
Min. volume: 0.000148446, max. volume: 36.6088.

# FGMRES residual history
# Residual tolerance target = 1e-10
# Initial residual norm     = 9.83391e-10
     0     1
# FGMRES final (true) residual:
# Iteration = 4: |res|/|res0| = 1.76294e-11.

Computing volumes of the grid elements.
Non-linear iter.: 471/500. Linear iter.: 4. Min. area: 0.000148446. Error: 1.76294e-11.
Computing volumes of the grid elements.
Min. volume: 0.000148446, max. volume: 36.6088.

# FGMRES residual history
# Residual tolerance target = 1e-10
# Initial residual norm     = 9.83408e-10
     0     1
# FGMRES final (true) residual:
# Iteration = 4: |res|/|res0| = 1.7629e-11.

Computing volumes of the grid elements.
Non-linear iter.: 472/500. Linear iter.: 4. Min. area: 0.000148446. Error: 1.7629e-11.
Computing volumes of the grid elements.
Min. volume: 0.000148446, max. volume: 36.6088.

# FGMRES residual history
# Residual tolerance target = 1e-10
# Initial residual norm     = 9.83425e-10
     0     1
# FGMRES final (true) residual:
# Iteration = 4: |res|/|res0| = 1.76285e-11.

Computing volumes of the grid elements.
Non-linear iter.: 473/500. Linear iter.: 4. Min. area: 0.000148445. Error: 1.76285e-11.
Computing volumes of the grid elements.
Min. volume: 0.000148445, max. volume: 36.6088.

# FGMRES residual history
# Residual tolerance target = 1e-10
# Initial residual norm     = 9.83442e-10
     0     1
# FGMRES final (true) residual:
# Iteration = 4: |res|/|res0| = 1.76281e-11.

Computing volumes of the grid elements.
Non-linear iter.: 474/500. Linear iter.: 4. Min. area: 0.000148445. Error: 1.76281e-11.
Computing volumes of the grid elements.
Min. volume: 0.000148445, max. volume: 36.6088.

# FGMRES residual history
# Residual tolerance target = 1e-10
# Initial residual norm     = 9.83459e-10
     0     1
# FGMRES final (true) residual:
# Iteration = 4: |res|/|res0| = 1.76276e-11.

Computing volumes of the grid elements.
Non-linear iter.: 475/500. Linear iter.: 4. Min. area: 0.000148445. Error: 1.76276e-11.
Computing volumes of the grid elements.
Min. volume: 0.000148445, max. volume: 36.6088.

# FGMRES residual history
# Residual tolerance target = 1e-10
# Initial residual norm     = 9.83476e-10
     0     1
# FGMRES final (true) residual:
# Iteration = 4: |res|/|res0| = 1.76272e-11.

Computing volumes of the grid elements.
Non-linear iter.: 476/500. Linear iter.: 4. Min. area: 0.000148445. Error: 1.76272e-11.
Computing volumes of the grid elements.
Min. volume: 0.000148445, max. volume: 36.6088.

# FGMRES residual history
# Residual tolerance target = 1e-10
# Initial residual norm     = 9.83493e-10
     0     1
# FGMRES final (true) residual:
# Iteration = 4: |res|/|res0| = 1.76267e-11.

Computing volumes of the grid elements.
Non-linear iter.: 477/500. Linear iter.: 4. Min. area: 0.000148445. Error: 1.76267e-11.
Computing volumes of the grid elements.
Min. volume: 0.000148445, max. volume: 36.6088.

# FGMRES residual history
# Residual tolerance target = 1e-10
# Initial residual norm     = 9.8351e-10
     0     1
# FGMRES final (true) residual:
# Iteration = 4: |res|/|res0| = 1.76262e-11.

Computing volumes of the grid elements.
Non-linear iter.: 478/500. Linear iter.: 4. Min. area: 0.000148445. Error: 1.76262e-11.
Computing volumes of the grid elements.
Min. volume: 0.000148445, max. volume: 36.6088.

# FGMRES residual history
# Residual tolerance target = 1e-10
# Initial residual norm     = 9.83527e-10
     0     1
# FGMRES final (true) residual:
# Iteration = 4: |res|/|res0| = 1.76258e-11.

Computing volumes of the grid elements.
Non-linear iter.: 479/500. Linear iter.: 4. Min. area: 0.000148445. Error: 1.76258e-11.
Computing volumes of the grid elements.
Min. volume: 0.000148445, max. volume: 36.6088.

# FGMRES residual history
# Residual tolerance target = 1e-10
# Initial residual norm     = 9.83544e-10
     0     1
# FGMRES final (true) residual:
# Iteration = 4: |res|/|res0| = 1.76253e-11.

Computing volumes of the grid elements.
Non-linear iter.: 480/500. Linear iter.: 4. Min. area: 0.000148445. Error: 1.76253e-11.
Computing volumes of the grid elements.
Min. volume: 0.000148445, max. volume: 36.6088.

# FGMRES residual history
# Residual tolerance target = 1e-10
# Initial residual norm     = 9.83561e-10
     0     1
# FGMRES final (true) residual:
# Iteration = 4: |res|/|res0| = 1.76249e-11.

Computing volumes of the grid elements.
Non-linear iter.: 481/500. Linear iter.: 4. Min. area: 0.000148445. Error: 1.76249e-11.
Computing volumes of the grid elements.
Min. volume: 0.000148445, max. volume: 36.6088.

# FGMRES residual history
# Residual tolerance target = 1e-10
# Initial residual norm     = 9.83579e-10
     0     1
# FGMRES final (true) residual:
# Iteration = 4: |res|/|res0| = 1.76244e-11.

Computing volumes of the grid elements.
Non-linear iter.: 482/500. Linear iter.: 4. Min. area: 0.000148445. Error: 1.76244e-11.
Computing volumes of the grid elements.
Min. volume: 0.000148445, max. volume: 36.6088.

# FGMRES residual history
# Residual tolerance target = 1e-10
# Initial residual norm     = 9.83596e-10
     0     1
# FGMRES final (true) residual:
# Iteration = 4: |res|/|res0| = 1.7624e-11.

Computing volumes of the grid elements.
Non-linear iter.: 483/500. Linear iter.: 4. Min. area: 0.000148445. Error: 1.7624e-11.
Computing volumes of the grid elements.
Min. volume: 0.000148445, max. volume: 36.6088.

# FGMRES residual history
# Residual tolerance target = 1e-10
# Initial residual norm     = 9.83613e-10
     0     1
# FGMRES final (true) residual:
# Iteration = 4: |res|/|res0| = 1.76235e-11.

Computing volumes of the grid elements.
Non-linear iter.: 484/500. Linear iter.: 4. Min. area: 0.000148445. Error: 1.76235e-11.
Computing volumes of the grid elements.
Min. volume: 0.000148445, max. volume: 36.6088.

# FGMRES residual history
# Residual tolerance target = 1e-10
# Initial residual norm     = 9.8363e-10
     0     1
# FGMRES final (true) residual:
# Iteration = 4: |res|/|res0| = 1.7623e-11.

Computing volumes of the grid elements.
Non-linear iter.: 485/500. Linear iter.: 4. Min. area: 0.000148445. Error: 1.7623e-11.
Computing volumes of the grid elements.
Min. volume: 0.000148445, max. volume: 36.6088.

# FGMRES residual history
# Residual tolerance target = 1e-10
# Initial residual norm     = 9.83647e-10
     0     1
# FGMRES final (true) residual:
# Iteration = 4: |res|/|res0| = 1.76226e-11.

Computing volumes of the grid elements.
Non-linear iter.: 486/500. Linear iter.: 4. Min. area: 0.000148445. Error: 1.76226e-11.
Computing volumes of the grid elements.
Min. volume: 0.000148445, max. volume: 36.6088.

# FGMRES residual history
# Residual tolerance target = 1e-10
# Initial residual norm     = 9.83664e-10
     0     1
# FGMRES final (true) residual:
# Iteration = 4: |res|/|res0| = 1.76221e-11.

Computing volumes of the grid elements.
Non-linear iter.: 487/500. Linear iter.: 4. Min. area: 0.000148445. Error: 1.76221e-11.
Computing volumes of the grid elements.
Min. volume: 0.000148445, max. volume: 36.6088.

# FGMRES residual history
# Residual tolerance target = 1e-10
# Initial residual norm     = 9.83681e-10
     0     1
# FGMRES final (true) residual:
# Iteration = 4: |res|/|res0| = 1.76217e-11.

Computing volumes of the grid elements.
Non-linear iter.: 488/500. Linear iter.: 4. Min. area: 0.000148445. Error: 1.76217e-11.
Computing volumes of the grid elements.
Min. volume: 0.000148445, max. volume: 36.6088.

# FGMRES residual history
# Residual tolerance target = 1e-10
# Initial residual norm     = 9.83698e-10
     0     1
# FGMRES final (true) residual:
# Iteration = 4: |res|/|res0| = 1.76212e-11.

Computing volumes of the grid elements.
Non-linear iter.: 489/500. Linear iter.: 4. Min. area: 0.000148445. Error: 1.76212e-11.
Computing volumes of the grid elements.
Min. volume: 0.000148445, max. volume: 36.6088.

# FGMRES residual history
# Residual tolerance target = 1e-10
# Initial residual norm     = 9.83715e-10
     0     1
# FGMRES final (true) residual:
# Iteration = 4: |res|/|res0| = 1.76208e-11.

Computing volumes of the grid elements.
Non-linear iter.: 490/500. Linear iter.: 4. Min. area: 0.000148445. Error: 1.76208e-11.
Computing volumes of the grid elements.
Min. volume: 0.000148445, max. volume: 36.6088.

# FGMRES residual history
# Residual tolerance target = 1e-10
# Initial residual norm     = 9.83732e-10
     0     1
# FGMRES final (true) residual:
# Iteration = 4: |res|/|res0| = 1.76203e-11.

Computing volumes of the grid elements.
Non-linear iter.: 491/500. Linear iter.: 4. Min. area: 0.000148445. Error: 1.76203e-11.
Computing volumes of the grid elements.
Min. volume: 0.000148445, max. volume: 36.6088.

# FGMRES residual history
# Residual tolerance target = 1e-10
# Initial residual norm     = 9.83749e-10
     0     1
# FGMRES final (true) residual:
# Iteration = 4: |res|/|res0| = 1.76199e-11.

Computing volumes of the grid elements.
Non-linear iter.: 492/500. Linear iter.: 4. Min. area: 0.000148445. Error: 1.76199e-11.
Computing volumes of the grid elements.
Min. volume: 0.000148445, max. volume: 36.6088.

# FGMRES residual history
# Residual tolerance target = 1e-10
# Initial residual norm     = 9.83766e-10
     0     1
# FGMRES final (true) residual:
# Iteration = 4: |res|/|res0| = 1.76194e-11.

Computing volumes of the grid elements.
Non-linear iter.: 493/500. Linear iter.: 4. Min. area: 0.000148445. Error: 1.76194e-11.
Computing volumes of the grid elements.
Min. volume: 0.000148445, max. volume: 36.6088.

# FGMRES residual history
# Residual tolerance target = 1e-10
# Initial residual norm     = 9.83783e-10
     0     1
# FGMRES final (true) residual:
# Iteration = 4: |res|/|res0| = 1.76189e-11.

Computing volumes of the grid elements.
Non-linear iter.: 494/500. Linear iter.: 4. Min. area: 0.000148445. Error: 1.76189e-11.
Computing volumes of the grid elements.
Min. volume: 0.000148445, max. volume: 36.6088.

# FGMRES residual history
# Residual tolerance target = 1e-10
# Initial residual norm     = 9.83801e-10
     0     1
# FGMRES final (true) residual:
# Iteration = 4: |res|/|res0| = 1.76185e-11.

Computing volumes of the grid elements.
Non-linear iter.: 495/500. Linear iter.: 4. Min. area: 0.000148445. Error: 1.76185e-11.
Computing volumes of the grid elements.
Min. volume: 0.000148445, max. volume: 36.6088.

# FGMRES residual history
# Residual tolerance target = 1e-10
# Initial residual norm     = 9.83818e-10
     0     1
# FGMRES final (true) residual:
# Iteration = 4: |res|/|res0| = 1.7618e-11.

Computing volumes of the grid elements.
Non-linear iter.: 496/500. Linear iter.: 4. Min. area: 0.000148445. Error: 1.7618e-11.
Computing volumes of the grid elements.
Min. volume: 0.000148445, max. volume: 36.6088.

# FGMRES residual history
# Residual tolerance target = 1e-10
# Initial residual norm     = 9.83835e-10
     0     1
# FGMRES final (true) residual:
# Iteration = 4: |res|/|res0| = 1.76176e-11.

Computing volumes of the grid elements.
Non-linear iter.: 497/500. Linear iter.: 4. Min. area: 0.000148445. Error: 1.76176e-11.
Computing volumes of the grid elements.
Min. volume: 0.000148445, max. volume: 36.6088.

# FGMRES residual history
# Residual tolerance target = 1e-10
# Initial residual norm     = 9.83852e-10
     0     1
# FGMRES final (true) residual:
# Iteration = 4: |res|/|res0| = 1.76171e-11.

Computing volumes of the grid elements.
Non-linear iter.: 498/500. Linear iter.: 4. Min. area: 0.000148445. Error: 1.76171e-11.
Computing volumes of the grid elements.
Min. volume: 0.000148445, max. volume: 36.6088.

# FGMRES residual history
# Residual tolerance target = 1e-10
# Initial residual norm     = 9.83869e-10
     0     1
# FGMRES final (true) residual:
# Iteration = 4: |res|/|res0| = 1.76167e-11.

Computing volumes of the grid elements.
Non-linear iter.: 499/500. Linear iter.: 4. Min. area: 0.000148445. Error: 1.76167e-11.
Computing volumes of the grid elements.
Min. volume: 0.000148445, max. volume: 36.6088.

# FGMRES residual history
# Residual tolerance target = 1e-10
# Initial residual norm     = 9.83886e-10
     0     1
# FGMRES final (true) residual:
# Iteration = 4: |res|/|res0| = 1.76162e-11.

Computing volumes of the grid elements.
Non-linear iter.: 500/500. Linear iter.: 4. Min. area: 0.000148445. Error: 1.76162e-11.

Completed in 0.160262 seconds on 1 core.

----------------------- Write deformed grid files -----------------------
|SU2 mesh                           |mesh_deformed.su2                  |
Adding any FFD information to the SU2 file.

------------------------- Finalize Solver -------------------------
Deleted CNumerics container.
Deleted CSolver container.
Deleted CGeometry container.
Deleted CSurfaceMovement class.
Deleted CVolumetricMovement class.
Deleted CConfig container.
Deleted COutput class.

------------------------- Exit Success (SU2_DEF) ------------------------

