
-------------------------------------------------------------------------
|    ___ _   _ ___                                                      |
|   / __| | | |_  )   Release 8.4.0 "Harrier"                           |
|   \__ \ |_| |/ /                                                      |
|   |___/\___//___|   Suite (Mesh Deformation Code)                     |
|                                                                       |
-------------------------------------------------------------------------
| SU2 Project Website: https://su2code.github.io                        |
|                                                                       |
| The SU2 Project is maintained by the SU2 Foundation                   |
| (http://su2foundation.org)                                            |
-------------------------------------------------------------------------
| Copyright 2012-2026, SU2 Contributors                                 |
|                                                                       |
| SU2 is free software; you can redistribute it and/or                  |
| modify it under the terms of the GNU Lesser General Public            |
| License as published by the Free Software Foundation; either          |
| version 2.1 of the License, or (at your option) any later version.    |
|                                                                       |
| SU2 is distributed in the hope that it will be useful,                |
| but WITHOUT ANY WARRANTY; without even the implied warranty of        |
| MERCHANTABILITY or FITNESS FOR A PARTICULAR PURPOSE. See the GNU      |
| Lesser General Public License for more details.                       |
|                                                                       |
| You should have received a copy of the GNU Lesser General Public      |
| License along with SU2. If not, see <http://www.gnu.org/licenses/>.   |
-------------------------------------------------------------------------

----------------- Physical Case Definition ( Zone 0 ) -------------------
Input mesh file name: mesh_original.su2

---------------- Grid deformation parameters ( Zone 0 )  ----------------
Grid deformation using linear elasticity method.


-------------------- Output Information ( Zone 0 ) ----------------------
Output mesh file name: mesh_deformed.su2. 
Cell stiffness scaled by inverse of the cell volume.

------------- Config File Boundary Information ( Zone 0 ) ---------------
+-----------------------------------------------------------------------+
|                        Marker Type|                        Marker Name|
+-----------------------------------------------------------------------+
|                          Far-field|                           farfield|
+-----------------------------------------------------------------------+
|                     Heat flux wall|                            airfoil|
+-----------------------------------------------------------------------+
Two dimensional problem.
222 grid points.
235 volume elements.
2 surface markers.
50 boundary elements in index 0 (Marker = farfield).
159 boundary elements in index 1 (Marker = airfoil).
235 triangles.

----------------------- Preprocessing computations ----------------------
Setting local point connectivity.
Checking the numerical grid orientation of the interior elements.
All volume elements are correctly oriented.
There has been a re-orientation of 159 LINE surface elements.
Identify edges and vertices.
Setting the bound control volume structure.
Area of the computational grid: 599.94.
  Info: Ignoring the following volume output fields/groups:
  SOLUTION
Volume output fields: COORDINATES
Screen output fields: 
History output group(s): 
Warning: No (valid) fields chosen for convergence monitoring. Convergence monitoring inactive.
Warning: No (valid) fields chosen for time convergence monitoring. Time convergence monitoring inactive.

--------------------- Surface grid deformation (ZONE 0) -----------------
Performing the deformation of the surface grid.
Updating the surface coordinates from the input file.

------------------- Volumetric grid deformation (ZONE 0) ----------------
Performing the deformation of the volumetric grid.
Computing volumes of the grid elements.
Min. volume: 0.000152421, max. volume: 36.5329.

# FGMRES residual history
# Residual tolerance target = 1e-10
# Initial residual norm     = 9.35105e-08
     0     1
# FGMRES final (true) residual:
# Iteration = 4: |res|/|res0| = 2.16187e-11.

Computing volumes of the grid elements.
Non-linear iter.: 1/500. Linear iter.: 4. Min. area: 0.000152417. Error: 2.16187e-11.
Computing volumes of the grid elements.
Min. volume: 0.000152417, max. volume: 36.5327.

# FGMRES residual history
# Residual tolerance target = 1e-10
# Initial residual norm     = 9.34971e-08
     0     1
# FGMRES final (true) residual:
# Iteration = 4: |res|/|res0| = 2.1618e-11.

Computing volumes of the grid elements.
Non-linear iter.: 2/500. Linear iter.: 4. Min. area: 0.000152413. Error: 2.1618e-11.
Computing volumes of the grid elements.
Min. volume: 0.000152413, max. volume: 36.5324.

# FGMRES residual history
# Residual tolerance target = 1e-10
# Initial residual norm     = 9.34837e-08
     0     1
# FGMRES final (true) residual:
# Iteration = 4: |res|/|res0| = 2.16172e-11.

Computing volumes of the grid elements.
Non-linear iter.: 3/500. Linear iter.: 4. Min. area: 0.000152408. Error: 2.16172e-11.
Computing volumes of the grid elements.
Min. volume: 0.000152408, max. volume: 36.5322.

# FGMRES residual history
# Residual tolerance target = 1e-10
# Initial residual norm     = 9.34702e-08
     0     1
# FGMRES final (true) residual:
# Iteration = 4: |res|/|res0| = 2.16165e-11.

Computing volumes of the grid elements.
Non-linear iter.: 4/500. Linear iter.: 4. Min. area: 0.000152404. Error: 2.16165e-11.
Computing volumes of the grid elements.
Min. volume: 0.000152404, max. volume: 36.532.

# FGMRES residual history
# Residual tolerance target = 1e-10
# Initial residual norm     = 9.34568e-08
     0     1
# FGMRES final (true) residual:
# Iteration = 4: |res|/|res0| = 2.16158e-11.

Computing volumes of the grid elements.
Non-linear iter.: 5/500. Linear iter.: 4. Min. area: 0.0001524. Error: 2.16158e-11.
Computing volumes of the grid elements.
Min. volume: 0.0001524, max. volume: 36.5318.

# FGMRES residual history
# Residual tolerance target = 1e-10
# Initial residual norm     = 9.34434e-08
     0     1
# FGMRES final (true) residual:
# Iteration = 4: |res|/|res0| = 2.16151e-11.

Computing volumes of the grid elements.
Non-linear iter.: 6/500. Linear iter.: 4. Min. area: 0.000152396. Error: 2.16151e-11.
Computing volumes of the grid elements.
Min. volume: 0.000152396, max. volume: 36.5315.

# FGMRES residual history
# Residual tolerance target = 1e-10
# Initial residual norm     = 9.343e-08
     0     1
# FGMRES final (true) residual:
# Iteration = 4: |res|/|res0| = 2.16143e-11.

Computing volumes of the grid elements.
Non-linear iter.: 7/500. Linear iter.: 4. Min. area: 0.000152391. Error: 2.16143e-11.
Computing volumes of the grid elements.
Min. volume: 0.000152391, max. volume: 36.5313.

# FGMRES residual history
# Residual tolerance target = 1e-10
# Initial residual norm     = 9.34165e-08
     0     1
# FGMRES final (true) residual:
# Iteration = 4: |res|/|res0| = 2.16136e-11.

Computing volumes of the grid elements.
Non-linear iter.: 8/500. Linear iter.: 4. Min. area: 0.000152387. Error: 2.16136e-11.
Computing volumes of the grid elements.
Min. volume: 0.000152387, max. volume: 36.5311.

# FGMRES residual history
# Residual tolerance target = 1e-10
# Initial residual norm     = 9.34031e-08
     0     1
# FGMRES final (true) residual:
# Iteration = 4: |res|/|res0| = 2.16129e-11.

Computing volumes of the grid elements.
Non-linear iter.: 9/500. Linear iter.: 4. Min. area: 0.000152383. Error: 2.16129e-11.
Computing volumes of the grid elements.
Min. volume: 0.000152383, max. volume: 36.5309.

# FGMRES residual history
# Residual tolerance target = 1e-10
# Initial residual norm     = 9.33897e-08
     0     1
# FGMRES final (true) residual:
# Iteration = 4: |res|/|res0| = 2.16121e-11.

Computing volumes of the grid elements.
Non-linear iter.: 10/500. Linear iter.: 4. Min. area: 0.000152379. Error: 2.16121e-11.
Computing volumes of the grid elements.
Min. volume: 0.000152379, max. volume: 36.5307.

# FGMRES residual history
# Residual tolerance target = 1e-10
# Initial residual norm     = 9.33763e-08
     0     1
# FGMRES final (true) residual:
# Iteration = 4: |res|/|res0| = 2.16114e-11.

Computing volumes of the grid elements.
Non-linear iter.: 11/500. Linear iter.: 4. Min. area: 0.000152374. Error: 2.16114e-11.
Computing volumes of the grid elements.
Min. volume: 0.000152374, max. volume: 36.5304.

# FGMRES residual history
# Residual tolerance target = 1e-10
# Initial residual norm     = 9.33629e-08
     0     1
# FGMRES final (true) residual:
# Iteration = 4: |res|/|res0| = 2.16107e-11.

Computing volumes of the grid elements.
Non-linear iter.: 12/500. Linear iter.: 4. Min. area: 0.00015237. Error: 2.16107e-11.
Computing volumes of the grid elements.
Min. volume: 0.00015237, max. volume: 36.5302.

# FGMRES residual history
# Residual tolerance target = 1e-10
# Initial residual norm     = 9.33495e-08
     0     1
# FGMRES final (true) residual:
# Iteration = 4: |res|/|res0| = 2.16099e-11.

Computing volumes of the grid elements.
Non-linear iter.: 13/500. Linear iter.: 4. Min. area: 0.000152366. Error: 2.16099e-11.
Computing volumes of the grid elements.
Min. volume: 0.000152366, max. volume: 36.53.

# FGMRES residual history
# Residual tolerance target = 1e-10
# Initial residual norm     = 9.33361e-08
     0     1
# FGMRES final (true) residual:
# Iteration = 4: |res|/|res0| = 2.16092e-11.

Computing volumes of the grid elements.
Non-linear iter.: 14/500. Linear iter.: 4. Min. area: 0.000152361. Error: 2.16092e-11.
Computing volumes of the grid elements.
Min. volume: 0.000152361, max. volume: 36.5298.

# FGMRES residual history
# Residual tolerance target = 1e-10
# Initial residual norm     = 9.33227e-08
     0     1
# FGMRES final (true) residual:
# Iteration = 4: |res|/|res0| = 2.16084e-11.

Computing volumes of the grid elements.
Non-linear iter.: 15/500. Linear iter.: 4. Min. area: 0.000152357. Error: 2.16084e-11.
Computing volumes of the grid elements.
Min. volume: 0.000152357, max. volume: 36.5295.

# FGMRES residual history
# Residual tolerance target = 1e-10
# Initial residual norm     = 9.33094e-08
     0     1
# FGMRES final (true) residual:
# Iteration = 4: |res|/|res0| = 2.16077e-11.

Computing volumes of the grid elements.
Non-linear iter.: 16/500. Linear iter.: 4. Min. area: 0.000152353. Error: 2.16077e-11.
Computing volumes of the grid elements.
Min. volume: 0.000152353, max. volume: 36.5293.

# FGMRES residual history
# Residual tolerance target = 1e-10
# Initial residual norm     = 9.3296e-08
     0     1
# FGMRES final (true) residual:
# Iteration = 4: |res|/|res0| = 2.16069e-11.

Computing volumes of the grid elements.
Non-linear iter.: 17/500. Linear iter.: 4. Min. area: 0.000152349. Error: 2.16069e-11.
Computing volumes of the grid elements.
Min. volume: 0.000152349, max. volume: 36.5291.

# FGMRES residual history
# Residual tolerance target = 1e-10
# Initial residual norm     = 9.32826e-08
     0     1
# FGMRES final (true) residual:
# Iteration = 4: |res|/|res0| = 2.16061e-11.

Computing volumes of the grid elements.
Non-linear iter.: 18/500. Linear iter.: 4. Min. area: 0.000152344. Error: 2.16061e-11.
Computing volumes of the grid elements.
Min. volume: 0.000152344, max. volume: 36.5289.

# FGMRES residual history
# Residual tolerance target = 1e-10
# Initial residual norm     = 9.32692e-08
     0     1
# FGMRES final (true) residual:
# Iteration = 4: |res|/|res0| = 2.16054e-11.

Computing volumes of the grid elements.
Non-linear iter.: 19/500. Linear iter.: 4. Min. area: 0.00015234. Error: 2.16054e-11.
Computing volumes of the grid elements.
Min. volume: 0.00015234, max. volume: 36.5287.

# FGMRES residual history
# Residual tolerance target = 1e-10
# Initial residual norm     = 9.32559e-08
     0     1
# FGMRES final (true) residual:
# Iteration = 4: |res|/|res0| = 2.16046e-11.

Computing volumes of the grid elements.
Non-linear iter.: 20/500. Linear iter.: 4. Min. area: 0.000152336. Error: 2.16046e-11.
Computing volumes of the grid elements.
Min. volume: 0.000152336, max. volume: 36.5284.

# FGMRES residual history
# Residual tolerance target = 1e-10
# Initial residual norm     = 9.32425e-08
     0     1
# FGMRES final (true) residual:
# Iteration = 4: |res|/|res0| = 2.16039e-11.

Computing volumes of the grid elements.
Non-linear iter.: 21/500. Linear iter.: 4. Min. area: 0.000152332. Error: 2.16039e-11.
Computing volumes of the grid elements.
Min. volume: 0.000152332, max. volume: 36.5282.

# FGMRES residual history
# Residual tolerance target = 1e-10
# Initial residual norm     = 9.32291e-08
     0     1
# FGMRES final (true) residual:
# Iteration = 4: |res|/|res0| = 2.16031e-11.

Computing volumes of the grid elements.
Non-linear iter.: 22/500. Linear iter.: 4. Min. area: 0.000152327. Error: 2.16031e-11.
Computing volumes of the grid elements.
Min. volume: 0.000152327, max. volume: 36.528.

# FGMRES residual history
# Residual tolerance target = 1e-10
# Initial residual norm     = 9.32158e-08
     0     1
# FGMRES final (true) residual:
# Iteration = 4: |res|/|res0| = 2.16023e-11.

Computing volumes of the grid elements.
Non-linear iter.: 23/500. Linear iter.: 4. Min. area: 0.000152323. Error: 2.16023e-11.
Computing volumes of the grid elements.
Min. volume: 0.000152323, max. volume: 36.5278.

# FGMRES residual history
# Residual tolerance target = 1e-10
# Initial residual norm     = 9.32024e-08
     0     1
# FGMRES final (true) residual:
# Iteration = 4: |res|/|res0| = 2.16015e-11.

Computing volumes of the grid elements.
Non-linear iter.: 24/500. Linear iter.: 4. Min. area: 0.000152319. Error: 2.16015e-11.
Computing volumes of the grid elements.
Min. volume: 0.000152319, max. volume: 36.5275.

# FGMRES residual history
# Residual tolerance target = 1e-10
# Initial residual norm     = 9.31891e-08
     0     1
# FGMRES final (true) residual:
# Iteration = 4: |res|/|res0| = 2.16008e-11.

Computing volumes of the grid elements.
Non-linear iter.: 25/500. Linear iter.: 4. Min. area: 0.000152315. Error: 2.16008e-11.
Computing volumes of the grid elements.
Min. volume: 0.000152315, max. volume: 36.5273.

# FGMRES residual history
# Residual tolerance target = 1e-10
# Initial residual norm     = 9.31757e-08
     0     1
# FGMRES final (true) residual:
# Iteration = 4: |res|/|res0| = 2.16e-11.

Computing volumes of the grid elements.
Non-linear iter.: 26/500. Linear iter.: 4. Min. area: 0.00015231. Error: 2.16e-11.
Computing volumes of the grid elements.
Min. volume: 0.00015231, max. volume: 36.5271.

# FGMRES residual history
# Residual tolerance target = 1e-10
# Initial residual norm     = 9.31624e-08
     0     1
# FGMRES final (true) residual:
# Iteration = 4: |res|/|res0| = 2.15992e-11.

Computing volumes of the grid elements.
Non-linear iter.: 27/500. Linear iter.: 4. Min. area: 0.000152306. Error: 2.15992e-11.
Computing volumes of the grid elements.
Min. volume: 0.000152306, max. volume: 36.5269.

# FGMRES residual history
# Residual tolerance target = 1e-10
# Initial residual norm     = 9.3149e-08
     0     1
# FGMRES final (true) residual:
# Iteration = 4: |res|/|res0| = 2.15984e-11.

Computing volumes of the grid elements.
Non-linear iter.: 28/500. Linear iter.: 4. Min. area: 0.000152302. Error: 2.15984e-11.
Computing volumes of the grid elements.
Min. volume: 0.000152302, max. volume: 36.5267.

# FGMRES residual history
# Residual tolerance target = 1e-10
# Initial residual norm     = 9.31357e-08
     0     1
# FGMRES final (true) residual:
# Iteration = 4: |res|/|res0| = 2.15976e-11.

Computing volumes of the grid elements.
Non-linear iter.: 29/500. Linear iter.: 4. Min. area: 0.000152298. Error: 2.15976e-11.
Computing volumes of the grid elements.
Min. volume: 0.000152298, max. volume: 36.5264.

# FGMRES residual history
# Residual tolerance target = 1e-10
# Initial residual norm     = 9.31224e-08
     0     1
# FGMRES final (true) residual:
# Iteration = 4: |res|/|res0| = 2.15968e-11.

Computing volumes of the grid elements.
Non-linear iter.: 30/500. Linear iter.: 4. Min. area: 0.000152293. Error: 2.15968e-11.
Computing volumes of the grid elements.
Min. volume: 0.000152293, max. volume: 36.5262.

# FGMRES residual history
# Residual tolerance target = 1e-10
# Initial residual norm     = 9.31091e-08
     0     1
# FGMRES final (true) residual:
# Iteration = 4: |res|/|res0| = 2.1596e-11.

Computing volumes of the grid elements.
Non-linear iter.: 31/500. Linear iter.: 4. Min. area: 0.000152289. Error: 2.1596e-11.
Computing volumes of the grid elements.
Min. volume: 0.000152289, max. volume: 36.526.

# FGMRES residual history
# Residual tolerance target = 1e-10
# Initial residual norm     = 9.30957e-08
     0     1
# FGMRES final (true) residual:
# Iteration = 4: |res|/|res0| = 2.15952e-11.

Computing volumes of the grid elements.
Non-linear iter.: 32/500. Linear iter.: 4. Min. area: 0.000152285. Error: 2.15952e-11.
Computing volumes of the grid elements.
Min. volume: 0.000152285, max. volume: 36.5258.

# FGMRES residual history
# Residual tolerance target = 1e-10
# Initial residual norm     = 9.30824e-08
     0     1
# FGMRES final (true) residual:
# Iteration = 4: |res|/|res0| = 2.15944e-11.

Computing volumes of the grid elements.
Non-linear iter.: 33/500. Linear iter.: 4. Min. area: 0.000152281. Error: 2.15944e-11.
Computing volumes of the grid elements.
Min. volume: 0.000152281, max. volume: 36.5255.

# FGMRES residual history
# Residual tolerance target = 1e-10
# Initial residual norm     = 9.30691e-08
     0     1
# FGMRES final (true) residual:
# Iteration = 4: |res|/|res0| = 2.15936e-11.

Computing volumes of the grid elements.
Non-linear iter.: 34/500. Linear iter.: 4. Min. area: 0.000152276. Error: 2.15936e-11.
Computing volumes of the grid elements.
Min. volume: 0.000152276, max. volume: 36.5253.

# FGMRES residual history
# Residual tolerance target = 1e-10
# Initial residual norm     = 9.30558e-08
     0     1
# FGMRES final (true) residual:
# Iteration = 4: |res|/|res0| = 2.15928e-11.

Computing volumes of the grid elements.
Non-linear iter.: 35/500. Linear iter.: 4. Min. area: 0.000152272. Error: 2.15928e-11.
Computing volumes of the grid elements.
Min. volume: 0.000152272, max. volume: 36.5251.

# FGMRES residual history
# Residual tolerance target = 1e-10
# Initial residual norm     = 9.30425e-08
     0     1
# FGMRES final (true) residual:
# Iteration = 4: |res|/|res0| = 2.1592e-11.

Computing volumes of the grid elements.
Non-linear iter.: 36/500. Linear iter.: 4. Min. area: 0.000152268. Error: 2.1592e-11.
Computing volumes of the grid elements.
Min. volume: 0.000152268, max. volume: 36.5249.

# FGMRES residual history
# Residual tolerance target = 1e-10
# Initial residual norm     = 9.30292e-08
     0     1
# FGMRES final (true) residual:
# Iteration = 4: |res|/|res0| = 2.15912e-11.

Computing volumes of the grid elements.
Non-linear iter.: 37/500. Linear iter.: 4. Min. area: 0.000152264. Error: 2.15912e-11.
Computing volumes of the grid elements.
Min. volume: 0.000152264, max. volume: 36.5247.

# FGMRES residual history
# Residual tolerance target = 1e-10
# Initial residual norm     = 9.30159e-08
     0     1
# FGMRES final (true) residual:
# Iteration = 4: |res|/|res0| = 2.15904e-11.

Computing volumes of the grid elements.
Non-linear iter.: 38/500. Linear iter.: 4. Min. area: 0.000152259. Error: 2.15904e-11.
Computing volumes of the grid elements.
Min. volume: 0.000152259, max. volume: 36.5244.

# FGMRES residual history
# Residual tolerance target = 1e-10
# Initial residual norm     = 9.30026e-08
     0     1
# FGMRES final (true) residual:
# Iteration = 4: |res|/|res0| = 2.15896e-11.

Computing volumes of the grid elements.
Non-linear iter.: 39/500. Linear iter.: 4. Min. area: 0.000152255. Error: 2.15896e-11.
Computing volumes of the grid elements.
Min. volume: 0.000152255, max. volume: 36.5242.

# FGMRES residual history
# Residual tolerance target = 1e-10
# Initial residual norm     = 9.29893e-08
     0     1
# FGMRES final (true) residual:
# Iteration = 4: |res|/|res0| = 2.15888e-11.

Computing volumes of the grid elements.
Non-linear iter.: 40/500. Linear iter.: 4. Min. area: 0.000152251. Error: 2.15888e-11.
Computing volumes of the grid elements.
Min. volume: 0.000152251, max. volume: 36.524.

# FGMRES residual history
# Residual tolerance target = 1e-10
# Initial residual norm     = 9.2976e-08
     0     1
# FGMRES final (true) residual:
# Iteration = 4: |res|/|res0| = 2.15879e-11.

Computing volumes of the grid elements.
Non-linear iter.: 41/500. Linear iter.: 4. Min. area: 0.000152247. Error: 2.15879e-11.
Computing volumes of the grid elements.
Min. volume: 0.000152247, max. volume: 36.5238.

# FGMRES residual history
# Residual tolerance target = 1e-10
# Initial residual norm     = 9.29627e-08
     0     1
# FGMRES final (true) residual:
# Iteration = 4: |res|/|res0| = 2.15871e-11.

Computing volumes of the grid elements.
Non-linear iter.: 42/500. Linear iter.: 4. Min. area: 0.000152242. Error: 2.15871e-11.
Computing volumes of the grid elements.
Min. volume: 0.000152242, max. volume: 36.5236.

# FGMRES residual history
# Residual tolerance target = 1e-10
# Initial residual norm     = 9.29495e-08
     0     1
# FGMRES final (true) residual:
# Iteration = 4: |res|/|res0| = 2.15863e-11.

Computing volumes of the grid elements.
Non-linear iter.: 43/500. Linear iter.: 4. Min. area: 0.000152238. Error: 2.15863e-11.
Computing volumes of the grid elements.
Min. volume: 0.000152238, max. volume: 36.5233.

# FGMRES residual history
# Residual tolerance target = 1e-10
# Initial residual norm     = 9.29362e-08
     0     1
# FGMRES final (true) residual:
# Iteration = 4: |res|/|res0| = 2.15855e-11.

Computing volumes of the grid elements.
Non-linear iter.: 44/500. Linear iter.: 4. Min. area: 0.000152234. Error: 2.15855e-11.
Computing volumes of the grid elements.
Min. volume: 0.000152234, max. volume: 36.5231.

# FGMRES residual history
# Residual tolerance target = 1e-10
# Initial residual norm     = 9.29229e-08
     0     1
# FGMRES final (true) residual:
# Iteration = 4: |res|/|res0| = 2.15846e-11.

Computing volumes of the grid elements.
Non-linear iter.: 45/500. Linear iter.: 4. Min. area: 0.00015223. Error: 2.15846e-11.
Computing volumes of the grid elements.
Min. volume: 0.00015223, max. volume: 36.5229.

# FGMRES residual history
# Residual tolerance target = 1e-10
# Initial residual norm     = 9.29097e-08
     0     1
# FGMRES final (true) residual:
# Iteration = 4: |res|/|res0| = 2.15838e-11.

Computing volumes of the grid elements.
Non-linear iter.: 46/500. Linear iter.: 4. Min. area: 0.000152225. Error: 2.15838e-11.
Computing volumes of the grid elements.
Min. volume: 0.000152225, max. volume: 36.5227.

# FGMRES residual history
# Residual tolerance target = 1e-10
# Initial residual norm     = 9.28964e-08
     0     1
# FGMRES final (true) residual:
# Iteration = 4: |res|/|res0| = 2.15829e-11.

Computing volumes of the grid elements.
Non-linear iter.: 47/500. Linear iter.: 4. Min. area: 0.000152221. Error: 2.15829e-11.
Computing volumes of the grid elements.
Min. volume: 0.000152221, max. volume: 36.5224.

# FGMRES residual history
# Residual tolerance target = 1e-10
# Initial residual norm     = 9.28831e-08
     0     1
# FGMRES final (true) residual:
# Iteration = 4: |res|/|res0| = 2.15821e-11.

Computing volumes of the grid elements.
Non-linear iter.: 48/500. Linear iter.: 4. Min. area: 0.000152217. Error: 2.15821e-11.
Computing volumes of the grid elements.
Min. volume: 0.000152217, max. volume: 36.5222.

# FGMRES residual history
# Residual tolerance target = 1e-10
# Initial residual norm     = 9.28699e-08
     0     1
# FGMRES final (true) residual:
# Iteration = 4: |res|/|res0| = 2.15813e-11.

Computing volumes of the grid elements.
Non-linear iter.: 49/500. Linear iter.: 4. Min. area: 0.000152213. Error: 2.15813e-11.
Computing volumes of the grid elements.
Min. volume: 0.000152213, max. volume: 36.522.

# FGMRES residual history
# Residual tolerance target = 1e-10
# Initial residual norm     = 9.28566e-08
     0     1
# FGMRES final (true) residual:
# Iteration = 4: |res|/|res0| = 2.15804e-11.

Computing volumes of the grid elements.
Non-linear iter.: 50/500. Linear iter.: 4. Min. area: 0.000152208. Error: 2.15804e-11.
Computing volumes of the grid elements.
Min. volume: 0.000152208, max. volume: 36.5218.

# FGMRES residual history
# Residual tolerance target = 1e-10
# Initial residual norm     = 9.28434e-08
     0     1
# FGMRES final (true) residual:
# Iteration = 4: |res|/|res0| = 2.15796e-11.

Computing volumes of the grid elements.
Non-linear iter.: 51/500. Linear iter.: 4. Min. area: 0.000152204. Error: 2.15796e-11.
Computing volumes of the grid elements.
Min. volume: 0.000152204, max. volume: 36.5216.

# FGMRES residual history
# Residual tolerance target = 1e-10
# Initial residual norm     = 9.28302e-08
     0     1
# FGMRES final (true) residual:
# Iteration = 4: |res|/|res0| = 2.15787e-11.

Computing volumes of the grid elements.
Non-linear iter.: 52/500. Linear iter.: 4. Min. area: 0.0001522. Error: 2.15787e-11.
Computing volumes of the grid elements.
Min. volume: 0.0001522, max. volume: 36.5213.

# FGMRES residual history
# Residual tolerance target = 1e-10
# Initial residual norm     = 9.28169e-08
     0     1
# FGMRES final (true) residual:
# Iteration = 4: |res|/|res0| = 2.15779e-11.

Computing volumes of the grid elements.
Non-linear iter.: 53/500. Linear iter.: 4. Min. area: 0.000152196. Error: 2.15779e-11.
Computing volumes of the grid elements.
Min. volume: 0.000152196, max. volume: 36.5211.

# FGMRES residual history
# Residual tolerance target = 1e-10
# Initial residual norm     = 9.28037e-08
     0     1
# FGMRES final (true) residual:
# Iteration = 4: |res|/|res0| = 2.1577e-11.

Computing volumes of the grid elements.
Non-linear iter.: 54/500. Linear iter.: 4. Min. area: 0.000152191. Error: 2.1577e-11.
Computing volumes of the grid elements.
Min. volume: 0.000152191, max. volume: 36.5209.

# FGMRES residual history
# Residual tolerance target = 1e-10
# Initial residual norm     = 9.27905e-08
     0     1
# FGMRES final (true) residual:
# Iteration = 4: |res|/|res0| = 2.15761e-11.

Computing volumes of the grid elements.
Non-linear iter.: 55/500. Linear iter.: 4. Min. area: 0.000152187. Error: 2.15761e-11.
Computing volumes of the grid elements.
Min. volume: 0.000152187, max. volume: 36.5207.

# FGMRES residual history
# Residual tolerance target = 1e-10
# Initial residual norm     = 9.27772e-08
     0     1
# FGMRES final (true) residual:
# Iteration = 4: |res|/|res0| = 2.15753e-11.

Computing volumes of the grid elements.
Non-linear iter.: 56/500. Linear iter.: 4. Min. area: 0.000152183. Error: 2.15753e-11.
Computing volumes of the grid elements.
Min. volume: 0.000152183, max. volume: 36.5205.

# FGMRES residual history
# Residual tolerance target = 1e-10
# Initial residual norm     = 9.2764e-08
     0     1
# FGMRES final (true) residual:
# Iteration = 4: |res|/|res0| = 2.15744e-11.

Computing volumes of the grid elements.
Non-linear iter.: 57/500. Linear iter.: 4. Min. area: 0.000152179. Error: 2.15744e-11.
Computing volumes of the grid elements.
Min. volume: 0.000152179, max. volume: 36.5202.

# FGMRES residual history
# Residual tolerance target = 1e-10
# Initial residual norm     = 9.27508e-08
     0     1
# FGMRES final (true) residual:
# Iteration = 4: |res|/|res0| = 2.15735e-11.

Computing volumes of the grid elements.
Non-linear iter.: 58/500. Linear iter.: 4. Min. area: 0.000152174. Error: 2.15735e-11.
Computing volumes of the grid elements.
Min. volume: 0.000152174, max. volume: 36.52.

# FGMRES residual history
# Residual tolerance target = 1e-10
# Initial residual norm     = 9.27376e-08
     0     1
# FGMRES final (true) residual:
# Iteration = 4: |res|/|res0| = 2.15727e-11.

Computing volumes of the grid elements.
Non-linear iter.: 59/500. Linear iter.: 4. Min. area: 0.00015217. Error: 2.15727e-11.
Computing volumes of the grid elements.
Min. volume: 0.00015217, max. volume: 36.5198.

# FGMRES residual history
# Residual tolerance target = 1e-10
# Initial residual norm     = 9.27244e-08
     0     1
# FGMRES final (true) residual:
# Iteration = 4: |res|/|res0| = 2.15718e-11.

Computing volumes of the grid elements.
Non-linear iter.: 60/500. Linear iter.: 4. Min. area: 0.000152166. Error: 2.15718e-11.
Computing volumes of the grid elements.
Min. volume: 0.000152166, max. volume: 36.5196.

# FGMRES residual history
# Residual tolerance target = 1e-10
# Initial residual norm     = 9.27112e-08
     0     1
# FGMRES final (true) residual:
# Iteration = 4: |res|/|res0| = 2.15709e-11.

Computing volumes of the grid elements.
Non-linear iter.: 61/500. Linear iter.: 4. Min. area: 0.000152162. Error: 2.15709e-11.
Computing volumes of the grid elements.
Min. volume: 0.000152162, max. volume: 36.5194.

# FGMRES residual history
# Residual tolerance target = 1e-10
# Initial residual norm     = 9.2698e-08
     0     1
# FGMRES final (true) residual:
# Iteration = 4: |res|/|res0| = 2.157e-11.

Computing volumes of the grid elements.
Non-linear iter.: 62/500. Linear iter.: 4. Min. area: 0.000152157. Error: 2.157e-11.
Computing volumes of the grid elements.
Min. volume: 0.000152157, max. volume: 36.5191.

# FGMRES residual history
# Residual tolerance target = 1e-10
# Initial residual norm     = 9.26848e-08
     0     1
# FGMRES final (true) residual:
# Iteration = 4: |res|/|res0| = 2.15692e-11.

Computing volumes of the grid elements.
Non-linear iter.: 63/500. Linear iter.: 4. Min. area: 0.000152153. Error: 2.15692e-11.
Computing volumes of the grid elements.
Min. volume: 0.000152153, max. volume: 36.5189.

# FGMRES residual history
# Residual tolerance target = 1e-10
# Initial residual norm     = 9.26716e-08
     0     1
# FGMRES final (true) residual:
# Iteration = 4: |res|/|res0| = 2.15683e-11.

Computing volumes of the grid elements.
Non-linear iter.: 64/500. Linear iter.: 4. Min. area: 0.000152149. Error: 2.15683e-11.
Computing volumes of the grid elements.
Min. volume: 0.000152149, max. volume: 36.5187.

# FGMRES residual history
# Residual tolerance target = 1e-10
# Initial residual norm     = 9.26584e-08
     0     1
# FGMRES final (true) residual:
# Iteration = 4: |res|/|res0| = 2.15674e-11.

Computing volumes of the grid elements.
Non-linear iter.: 65/500. Linear iter.: 4. Min. area: 0.000152145. Error: 2.15674e-11.
Computing volumes of the grid elements.
Min. volume: 0.000152145, max. volume: 36.5185.

# FGMRES residual history
# Residual tolerance target = 1e-10
# Initial residual norm     = 9.26452e-08
     0     1
# FGMRES final (true) residual:
# Iteration = 4: |res|/|res0| = 2.15665e-11.

Computing volumes of the grid elements.
Non-linear iter.: 66/500. Linear iter.: 4. Min. area: 0.00015214. Error: 2.15665e-11.
Computing volumes of the grid elements.
Min. volume: 0.00015214, max. volume: 36.5182.

# FGMRES residual history
# Residual tolerance target = 1e-10
# Initial residual norm     = 9.2632e-08
     0     1
# FGMRES final (true) residual:
# Iteration = 4: |res|/|res0| = 2.15656e-11.

Computing volumes of the grid elements.
Non-linear iter.: 67/500. Linear iter.: 4. Min. area: 0.000152136. Error: 2.15656e-11.
Computing volumes of the grid elements.
Min. volume: 0.000152136, max. volume: 36.518.

# FGMRES residual history
# Residual tolerance target = 1e-10
# Initial residual norm     = 9.26188e-08
     0     1
# FGMRES final (true) residual:
# Iteration = 4: |res|/|res0| = 2.15647e-11.

Computing volumes of the grid elements.
Non-linear iter.: 68/500. Linear iter.: 4. Min. area: 0.000152132. Error: 2.15647e-11.
Computing volumes of the grid elements.
Min. volume: 0.000152132, max. volume: 36.5178.

# FGMRES residual history
# Residual tolerance target = 1e-10
# Initial residual norm     = 9.26057e-08
     0     1
# FGMRES final (true) residual:
# Iteration = 4: |res|/|res0| = 2.15638e-11.

Computing volumes of the grid elements.
Non-linear iter.: 69/500. Linear iter.: 4. Min. area: 0.000152128. Error: 2.15638e-11.
Computing volumes of the grid elements.
Min. volume: 0.000152128, max. volume: 36.5176.

# FGMRES residual history
# Residual tolerance target = 1e-10
# Initial residual norm     = 9.25925e-08
     0     1
# FGMRES final (true) residual:
# Iteration = 4: |res|/|res0| = 2.15629e-11.

Computing volumes of the grid elements.
Non-linear iter.: 70/500. Linear iter.: 4. Min. area: 0.000152124. Error: 2.15629e-11.
Computing volumes of the grid elements.
Min. volume: 0.000152124, max. volume: 36.5174.

# FGMRES residual history
# Residual tolerance target = 1e-10
# Initial residual norm     = 9.25793e-08
     0     1
# FGMRES final (true) residual:
# Iteration = 4: |res|/|res0| = 2.1562e-11.

Computing volumes of the grid elements.
Non-linear iter.: 71/500. Linear iter.: 4. Min. area: 0.000152119. Error: 2.1562e-11.
Computing volumes of the grid elements.
Min. volume: 0.000152119, max. volume: 36.5171.

# FGMRES residual history
# Residual tolerance target = 1e-10
# Initial residual norm     = 9.25662e-08
     0     1
# FGMRES final (true) residual:
# Iteration = 4: |res|/|res0| = 2.15611e-11.

Computing volumes of the grid elements.
Non-linear iter.: 72/500. Linear iter.: 4. Min. area: 0.000152115. Error: 2.15611e-11.
Computing volumes of the grid elements.
Min. volume: 0.000152115, max. volume: 36.5169.

# FGMRES residual history
# Residual tolerance target = 1e-10
# Initial residual norm     = 9.2553e-08
     0     1
# FGMRES final (true) residual:
# Iteration = 4: |res|/|res0| = 2.15602e-11.

Computing volumes of the grid elements.
Non-linear iter.: 73/500. Linear iter.: 4. Min. area: 0.000152111. Error: 2.15602e-11.
Computing volumes of the grid elements.
Min. volume: 0.000152111, max. volume: 36.5167.

# FGMRES residual history
# Residual tolerance target = 1e-10
# Initial residual norm     = 9.25399e-08
     0     1
# FGMRES final (true) residual:
# Iteration = 4: |res|/|res0| = 2.15593e-11.

Computing volumes of the grid elements.
Non-linear iter.: 74/500. Linear iter.: 4. Min. area: 0.000152107. Error: 2.15593e-11.
Computing volumes of the grid elements.
Min. volume: 0.000152107, max. volume: 36.5165.

# FGMRES residual history
# Residual tolerance target = 1e-10
# Initial residual norm     = 9.25267e-08
     0     1
# FGMRES final (true) residual:
# Iteration = 4: |res|/|res0| = 2.15584e-11.

Computing volumes of the grid elements.
Non-linear iter.: 75/500. Linear iter.: 4. Min. area: 0.000152102. Error: 2.15584e-11.
Computing volumes of the grid elements.
Min. volume: 0.000152102, max. volume: 36.5163.

# FGMRES residual history
# Residual tolerance target = 1e-10
# Initial residual norm     = 9.25136e-08
     0     1
# FGMRES final (true) residual:
# Iteration = 4: |res|/|res0| = 2.15574e-11.

Computing volumes of the grid elements.
Non-linear iter.: 76/500. Linear iter.: 4. Min. area: 0.000152098. Error: 2.15574e-11.
Computing volumes of the grid elements.
Min. volume: 0.000152098, max. volume: 36.516.

# FGMRES residual history
# Residual tolerance target = 1e-10
# Initial residual norm     = 9.25004e-08
     0     1
# FGMRES final (true) residual:
# Iteration = 4: |res|/|res0| = 2.15565e-11.

Computing volumes of the grid elements.
Non-linear iter.: 77/500. Linear iter.: 4. Min. area: 0.000152094. Error: 2.15565e-11.
Computing volumes of the grid elements.
Min. volume: 0.000152094, max. volume: 36.5158.

# FGMRES residual history
# Residual tolerance target = 1e-10
# Initial residual norm     = 9.24873e-08
     0     1
# FGMRES final (true) residual:
# Iteration = 4: |res|/|res0| = 2.15556e-11.

Computing volumes of the grid elements.
Non-linear iter.: 78/500. Linear iter.: 4. Min. area: 0.00015209. Error: 2.15556e-11.
Computing volumes of the grid elements.
Min. volume: 0.00015209, max. volume: 36.5156.

# FGMRES residual history
# Residual tolerance target = 1e-10
# Initial residual norm     = 9.24742e-08
     0     1
# FGMRES final (true) residual:
# Iteration = 4: |res|/|res0| = 2.15547e-11.

Computing volumes of the grid elements.
Non-linear iter.: 79/500. Linear iter.: 4. Min. area: 0.000152085. Error: 2.15547e-11.
Computing volumes of the grid elements.
Min. volume: 0.000152085, max. volume: 36.5154.

# FGMRES residual history
# Residual tolerance target = 1e-10
# Initial residual norm     = 9.2461e-08
     0     1
# FGMRES final (true) residual:
# Iteration = 4: |res|/|res0| = 2.15538e-11.

Computing volumes of the grid elements.
Non-linear iter.: 80/500. Linear iter.: 4. Min. area: 0.000152081. Error: 2.15538e-11.
Computing volumes of the grid elements.
Min. volume: 0.000152081, max. volume: 36.5152.

# FGMRES residual history
# Residual tolerance target = 1e-10
# Initial residual norm     = 9.24479e-08
     0     1
# FGMRES final (true) residual:
# Iteration = 4: |res|/|res0| = 2.15528e-11.

Computing volumes of the grid elements.
Non-linear iter.: 81/500. Linear iter.: 4. Min. area: 0.000152077. Error: 2.15528e-11.
Computing volumes of the grid elements.
Min. volume: 0.000152077, max. volume: 36.5149.

# FGMRES residual history
# Residual tolerance target = 1e-10
# Initial residual norm     = 9.24348e-08
     0     1
# FGMRES final (true) residual:
# Iteration = 4: |res|/|res0| = 2.15519e-11.

Computing volumes of the grid elements.
Non-linear iter.: 82/500. Linear iter.: 4. Min. area: 0.000152073. Error: 2.15519e-11.
Computing volumes of the grid elements.
Min. volume: 0.000152073, max. volume: 36.5147.

# FGMRES residual history
# Residual tolerance target = 1e-10
# Initial residual norm     = 9.24217e-08
     0     1
# FGMRES final (true) residual:
# Iteration = 4: |res|/|res0| = 2.15509e-11.

Computing volumes of the grid elements.
Non-linear iter.: 83/500. Linear iter.: 4. Min. area: 0.000152069. Error: 2.15509e-11.
Computing volumes of the grid elements.
Min. volume: 0.000152069, max. volume: 36.5145.

# FGMRES residual history
# Residual tolerance target = 1e-10
# Initial residual norm     = 9.24086e-08
     0     1
# FGMRES final (true) residual:
# Iteration = 4: |res|/|res0| = 2.155e-11.

Computing volumes of the grid elements.
Non-linear iter.: 84/500. Linear iter.: 4. Min. area: 0.000152064. Error: 2.155e-11.
Computing volumes of the grid elements.
Min. volume: 0.000152064, max. volume: 36.5143.

# FGMRES residual history
# Residual tolerance target = 1e-10
# Initial residual norm     = 9.23954e-08
     0     1
# FGMRES final (true) residual:
# Iteration = 4: |res|/|res0| = 2.15491e-11.

Computing volumes of the grid elements.
Non-linear iter.: 85/500. Linear iter.: 4. Min. area: 0.00015206. Error: 2.15491e-11.
Computing volumes of the grid elements.
Min. volume: 0.00015206, max. volume: 36.5141.

# FGMRES residual history
# Residual tolerance target = 1e-10
# Initial residual norm     = 9.23823e-08
     0     1
# FGMRES final (true) residual:
# Iteration = 4: |res|/|res0| = 2.15481e-11.

Computing volumes of the grid elements.
Non-linear iter.: 86/500. Linear iter.: 4. Min. area: 0.000152056. Error: 2.15481e-11.
Computing volumes of the grid elements.
Min. volume: 0.000152056, max. volume: 36.5138.

# FGMRES residual history
# Residual tolerance target = 1e-10
# Initial residual norm     = 9.23692e-08
     0     1
# FGMRES final (true) residual:
# Iteration = 4: |res|/|res0| = 2.15472e-11.

Computing volumes of the grid elements.
Non-linear iter.: 87/500. Linear iter.: 4. Min. area: 0.000152052. Error: 2.15472e-11.
Computing volumes of the grid elements.
Min. volume: 0.000152052, max. volume: 36.5136.

# FGMRES residual history
# Residual tolerance target = 1e-10
# Initial residual norm     = 9.23561e-08
     0     1
# FGMRES final (true) residual:
# Iteration = 4: |res|/|res0| = 2.15462e-11.

Computing volumes of the grid elements.
Non-linear iter.: 88/500. Linear iter.: 4. Min. area: 0.000152047. Error: 2.15462e-11.
Computing volumes of the grid elements.
Min. volume: 0.000152047, max. volume: 36.5134.

# FGMRES residual history
# Residual tolerance target = 1e-10
# Initial residual norm     = 9.23431e-08
     0     1
# FGMRES final (true) residual:
# Iteration = 4: |res|/|res0| = 2.15453e-11.

Computing volumes of the grid elements.
Non-linear iter.: 89/500. Linear iter.: 4. Min. area: 0.000152043. Error: 2.15453e-11.
Computing volumes of the grid elements.
Min. volume: 0.000152043, max. volume: 36.5132.

# FGMRES residual history
# Residual tolerance target = 1e-10
# Initial residual norm     = 9.233e-08
     0     1
# FGMRES final (true) residual:
# Iteration = 4: |res|/|res0| = 2.15443e-11.

Computing volumes of the grid elements.
Non-linear iter.: 90/500. Linear iter.: 4. Min. area: 0.000152039. Error: 2.15443e-11.
Computing volumes of the grid elements.
Min. volume: 0.000152039, max. volume: 36.513.

# FGMRES residual history
# Residual tolerance target = 1e-10
# Initial residual norm     = 9.23169e-08
     0     1
# FGMRES final (true) residual:
# Iteration = 4: |res|/|res0| = 2.15434e-11.

Computing volumes of the grid elements.
Non-linear iter.: 91/500. Linear iter.: 4. Min. area: 0.000152035. Error: 2.15434e-11.
Computing volumes of the grid elements.
Min. volume: 0.000152035, max. volume: 36.5127.

# FGMRES residual history
# Residual tolerance target = 1e-10
# Initial residual norm     = 9.23038e-08
     0     1
# FGMRES final (true) residual:
# Iteration = 4: |res|/|res0| = 2.15424e-11.

Computing volumes of the grid elements.
Non-linear iter.: 92/500. Linear iter.: 4. Min. area: 0.000152031. Error: 2.15424e-11.
Computing volumes of the grid elements.
Min. volume: 0.000152031, max. volume: 36.5125.

# FGMRES residual history
# Residual tolerance target = 1e-10
# Initial residual norm     = 9.22907e-08
     0     1
# FGMRES final (true) residual:
# Iteration = 4: |res|/|res0| = 2.15414e-11.

Computing volumes of the grid elements.
Non-linear iter.: 93/500. Linear iter.: 4. Min. area: 0.000152026. Error: 2.15414e-11.
Computing volumes of the grid elements.
Min. volume: 0.000152026, max. volume: 36.5123.

# FGMRES residual history
# Residual tolerance target = 1e-10
# Initial residual norm     = 9.22777e-08
     0     1
# FGMRES final (true) residual:
# Iteration = 4: |res|/|res0| = 2.15405e-11.

Computing volumes of the grid elements.
Non-linear iter.: 94/500. Linear iter.: 4. Min. area: 0.000152022. Error: 2.15405e-11.
Computing volumes of the grid elements.
Min. volume: 0.000152022, max. volume: 36.5121.

# FGMRES residual history
# Residual tolerance target = 1e-10
# Initial residual norm     = 9.22646e-08
     0     1
# FGMRES final (true) residual:
# Iteration = 4: |res|/|res0| = 2.15395e-11.

Computing volumes of the grid elements.
Non-linear iter.: 95/500. Linear iter.: 4. Min. area: 0.000152018. Error: 2.15395e-11.
Computing volumes of the grid elements.
Min. volume: 0.000152018, max. volume: 36.5119.

# FGMRES residual history
# Residual tolerance target = 1e-10
# Initial residual norm     = 9.22515e-08
     0     1
# FGMRES final (true) residual:
# Iteration = 4: |res|/|res0| = 2.15385e-11.

Computing volumes of the grid elements.
Non-linear iter.: 96/500. Linear iter.: 4. Min. area: 0.000152014. Error: 2.15385e-11.
Computing volumes of the grid elements.
Min. volume: 0.000152014, max. volume: 36.5116.

# FGMRES residual history
# Residual tolerance target = 1e-10
# Initial residual norm     = 9.22385e-08
     0     1
# FGMRES final (true) residual:
# Iteration = 4: |res|/|res0| = 2.15375e-11.

Computing volumes of the grid elements.
Non-linear iter.: 97/500. Linear iter.: 4. Min. area: 0.00015201. Error: 2.15375e-11.
Computing volumes of the grid elements.
Min. volume: 0.00015201, max. volume: 36.5114.

# FGMRES residual history
# Residual tolerance target = 1e-10
# Initial residual norm     = 9.22254e-08
     0     1
# FGMRES final (true) residual:
# Iteration = 4: |res|/|res0| = 2.15366e-11.

Computing volumes of the grid elements.
Non-linear iter.: 98/500. Linear iter.: 4. Min. area: 0.000152005. Error: 2.15366e-11.
Computing volumes of the grid elements.
Min. volume: 0.000152005, max. volume: 36.5112.

# FGMRES residual history
# Residual tolerance target = 1e-10
# Initial residual norm     = 9.22124e-08
     0     1
# FGMRES final (true) residual:
# Iteration = 4: |res|/|res0| = 2.15356e-11.

Computing volumes of the grid elements.
Non-linear iter.: 99/500. Linear iter.: 4. Min. area: 0.000152001. Error: 2.15356e-11.
Computing volumes of the grid elements.
Min. volume: 0.000152001, max. volume: 36.511.

# FGMRES residual history
# Residual tolerance target = 1e-10
# Initial residual norm     = 9.21993e-08
     0     1
# FGMRES final (true) residual:
# Iteration = 4: |res|/|res0| = 2.15346e-11.

Computing volumes of the grid elements.
Non-linear iter.: 100/500. Linear iter.: 4. Min. area: 0.000151997. Error: 2.15346e-11.
Computing volumes of the grid elements.
Min. volume: 0.000151997, max. volume: 36.5108.

# FGMRES residual history
# Residual tolerance target = 1e-10
# Initial residual norm     = 9.21863e-08
     0     1
# FGMRES final (true) residual:
# Iteration = 4: |res|/|res0| = 2.15336e-11.

Computing volumes of the grid elements.
Non-linear iter.: 101/500. Linear iter.: 4. Min. area: 0.000151993. Error: 2.15336e-11.
Computing volumes of the grid elements.
Min. volume: 0.000151993, max. volume: 36.5105.

# FGMRES residual history
# Residual tolerance target = 1e-10
# Initial residual norm     = 9.21732e-08
     0     1
# FGMRES final (true) residual:
# Iteration = 4: |res|/|res0| = 2.15326e-11.

Computing volumes of the grid elements.
Non-linear iter.: 102/500. Linear iter.: 4. Min. area: 0.000151988. Error: 2.15326e-11.
Computing volumes of the grid elements.
Min. volume: 0.000151988, max. volume: 36.5103.

# FGMRES residual history
# Residual tolerance target = 1e-10
# Initial residual norm     = 9.21602e-08
     0     1
# FGMRES final (true) residual:
# Iteration = 4: |res|/|res0| = 2.15316e-11.

Computing volumes of the grid elements.
Non-linear iter.: 103/500. Linear iter.: 4. Min. area: 0.000151984. Error: 2.15316e-11.
Computing volumes of the grid elements.
Min. volume: 0.000151984, max. volume: 36.5101.

# FGMRES residual history
# Residual tolerance target = 1e-10
# Initial residual norm     = 9.21472e-08
     0     1
# FGMRES final (true) residual:
# Iteration = 4: |res|/|res0| = 2.15306e-11.

Computing volumes of the grid elements.
Non-linear iter.: 104/500. Linear iter.: 4. Min. area: 0.00015198. Error: 2.15306e-11.
Computing volumes of the grid elements.
Min. volume: 0.00015198, max. volume: 36.5099.

# FGMRES residual history
# Residual tolerance target = 1e-10
# Initial residual norm     = 9.21341e-08
     0     1
# FGMRES final (true) residual:
# Iteration = 4: |res|/|res0| = 2.15296e-11.

Computing volumes of the grid elements.
Non-linear iter.: 105/500. Linear iter.: 4. Min. area: 0.000151976. Error: 2.15296e-11.
Computing volumes of the grid elements.
Min. volume: 0.000151976, max. volume: 36.5097.

# FGMRES residual history
# Residual tolerance target = 1e-10
# Initial residual norm     = 9.21211e-08
     0     1
# FGMRES final (true) residual:
# Iteration = 4: |res|/|res0| = 2.15286e-11.

Computing volumes of the grid elements.
Non-linear iter.: 106/500. Linear iter.: 4. Min. area: 0.000151972. Error: 2.15286e-11.
Computing volumes of the grid elements.
Min. volume: 0.000151972, max. volume: 36.5094.

# FGMRES residual history
# Residual tolerance target = 1e-10
# Initial residual norm     = 9.21081e-08
     0     1
# FGMRES final (true) residual:
# Iteration = 4: |res|/|res0| = 2.15276e-11.

Computing volumes of the grid elements.
Non-linear iter.: 107/500. Linear iter.: 4. Min. area: 0.000151967. Error: 2.15276e-11.
Computing volumes of the grid elements.
Min. volume: 0.000151967, max. volume: 36.5092.

# FGMRES residual history
# Residual tolerance target = 1e-10
# Initial residual norm     = 9.20951e-08
     0     1
# FGMRES final (true) residual:
# Iteration = 4: |res|/|res0| = 2.15266e-11.

Computing volumes of the grid elements.
Non-linear iter.: 108/500. Linear iter.: 4. Min. area: 0.000151963. Error: 2.15266e-11.
Computing volumes of the grid elements.
Min. volume: 0.000151963, max. volume: 36.509.

# FGMRES residual history
# Residual tolerance target = 1e-10
# Initial residual norm     = 9.20821e-08
     0     1
# FGMRES final (true) residual:
# Iteration = 4: |res|/|res0| = 2.15256e-11.

Computing volumes of the grid elements.
Non-linear iter.: 109/500. Linear iter.: 4. Min. area: 0.000151959. Error: 2.15256e-11.
Computing volumes of the grid elements.
Min. volume: 0.000151959, max. volume: 36.5088.

# FGMRES residual history
# Residual tolerance target = 1e-10
# Initial residual norm     = 9.20691e-08
     0     1
# FGMRES final (true) residual:
# Iteration = 4: |res|/|res0| = 2.15246e-11.

Computing volumes of the grid elements.
Non-linear iter.: 110/500. Linear iter.: 4. Min. area: 0.000151955. Error: 2.15246e-11.
Computing volumes of the grid elements.
Min. volume: 0.000151955, max. volume: 36.5086.

# FGMRES residual history
# Residual tolerance target = 1e-10
# Initial residual norm     = 9.20561e-08
     0     1
# FGMRES final (true) residual:
# Iteration = 4: |res|/|res0| = 2.15236e-11.

Computing volumes of the grid elements.
Non-linear iter.: 111/500. Linear iter.: 4. Min. area: 0.000151951. Error: 2.15236e-11.
Computing volumes of the grid elements.
Min. volume: 0.000151951, max. volume: 36.5083.

# FGMRES residual history
# Residual tolerance target = 1e-10
# Initial residual norm     = 9.20431e-08
     0     1
# FGMRES final (true) residual:
# Iteration = 4: |res|/|res0| = 2.15226e-11.

Computing volumes of the grid elements.
Non-linear iter.: 112/500. Linear iter.: 4. Min. area: 0.000151946. Error: 2.15226e-11.
Computing volumes of the grid elements.
Min. volume: 0.000151946, max. volume: 36.5081.

# FGMRES residual history
# Residual tolerance target = 1e-10
# Initial residual norm     = 9.20301e-08
     0     1
# FGMRES final (true) residual:
# Iteration = 4: |res|/|res0| = 2.15216e-11.

Computing volumes of the grid elements.
Non-linear iter.: 113/500. Linear iter.: 4. Min. area: 0.000151942. Error: 2.15216e-11.
Computing volumes of the grid elements.
Min. volume: 0.000151942, max. volume: 36.5079.

# FGMRES residual history
# Residual tolerance target = 1e-10
# Initial residual norm     = 9.20171e-08
     0     1
# FGMRES final (true) residual:
# Iteration = 4: |res|/|res0| = 2.15206e-11.

Computing volumes of the grid elements.
Non-linear iter.: 114/500. Linear iter.: 4. Min. area: 0.000151938. Error: 2.15206e-11.
Computing volumes of the grid elements.
Min. volume: 0.000151938, max. volume: 36.5077.

# FGMRES residual history
# Residual tolerance target = 1e-10
# Initial residual norm     = 9.20041e-08
     0     1
# FGMRES final (true) residual:
# Iteration = 4: |res|/|res0| = 2.15195e-11.

Computing volumes of the grid elements.
Non-linear iter.: 115/500. Linear iter.: 4. Min. area: 0.000151934. Error: 2.15195e-11.
Computing volumes of the grid elements.
Min. volume: 0.000151934, max. volume: 36.5075.

# FGMRES residual history
# Residual tolerance target = 1e-10
# Initial residual norm     = 9.19911e-08
     0     1
# FGMRES final (true) residual:
# Iteration = 4: |res|/|res0| = 2.15185e-11.

Computing volumes of the grid elements.
Non-linear iter.: 116/500. Linear iter.: 4. Min. area: 0.00015193. Error: 2.15185e-11.
Computing volumes of the grid elements.
Min. volume: 0.00015193, max. volume: 36.5072.

# FGMRES residual history
# Residual tolerance target = 1e-10
# Initial residual norm     = 9.19781e-08
     0     1
# FGMRES final (true) residual:
# Iteration = 4: |res|/|res0| = 2.15175e-11.

Computing volumes of the grid elements.
Non-linear iter.: 117/500. Linear iter.: 4. Min. area: 0.000151925. Error: 2.15175e-11.
Computing volumes of the grid elements.
Min. volume: 0.000151925, max. volume: 36.507.

# FGMRES residual history
# Residual tolerance target = 1e-10
# Initial residual norm     = 9.19651e-08
     0     1
# FGMRES final (true) residual:
# Iteration = 4: |res|/|res0| = 2.15164e-11.

Computing volumes of the grid elements.
Non-linear iter.: 118/500. Linear iter.: 4. Min. area: 0.000151921. Error: 2.15164e-11.
Computing volumes of the grid elements.
Min. volume: 0.000151921, max. volume: 36.5068.

# FGMRES residual history
# Residual tolerance target = 1e-10
# Initial residual norm     = 9.19522e-08
     0     1
# FGMRES final (true) residual:
# Iteration = 4: |res|/|res0| = 2.15154e-11.

Computing volumes of the grid elements.
Non-linear iter.: 119/500. Linear iter.: 4. Min. area: 0.000151917. Error: 2.15154e-11.
Computing volumes of the grid elements.
Min. volume: 0.000151917, max. volume: 36.5066.

# FGMRES residual history
# Residual tolerance target = 1e-10
# Initial residual norm     = 9.19392e-08
     0     1
# FGMRES final (true) residual:
# Iteration = 4: |res|/|res0| = 2.15144e-11.

Computing volumes of the grid elements.
Non-linear iter.: 120/500. Linear iter.: 4. Min. area: 0.000151913. Error: 2.15144e-11.
Computing volumes of the grid elements.
Min. volume: 0.000151913, max. volume: 36.5064.

# FGMRES residual history
# Residual tolerance target = 1e-10
# Initial residual norm     = 9.19262e-08
     0     1
# FGMRES final (true) residual:
# Iteration = 4: |res|/|res0| = 2.15133e-11.

Computing volumes of the grid elements.
Non-linear iter.: 121/500. Linear iter.: 4. Min. area: 0.000151909. Error: 2.15133e-11.
Computing volumes of the grid elements.
Min. volume: 0.000151909, max. volume: 36.5062.

# FGMRES residual history
# Residual tolerance target = 1e-10
# Initial residual norm     = 9.19133e-08
     0     1
# FGMRES final (true) residual:
# Iteration = 4: |res|/|res0| = 2.15123e-11.

Computing volumes of the grid elements.
Non-linear iter.: 122/500. Linear iter.: 4. Min. area: 0.000151904. Error: 2.15123e-11.
Computing volumes of the grid elements.
Min. volume: 0.000151904, max. volume: 36.5059.

# FGMRES residual history
# Residual tolerance target = 1e-10
# Initial residual norm     = 9.19003e-08
     0     1
# FGMRES final (true) residual:
# Iteration = 4: |res|/|res0| = 2.15112e-11.

Computing volumes of the grid elements.
Non-linear iter.: 123/500. Linear iter.: 4. Min. area: 0.0001519. Error: 2.15112e-11.
Computing volumes of the grid elements.
Min. volume: 0.0001519, max. volume: 36.5057.

# FGMRES residual history
# Residual tolerance target = 1e-10
# Initial residual norm     = 9.18874e-08
     0     1
# FGMRES final (true) residual:
# Iteration = 4: |res|/|res0| = 2.15102e-11.

Computing volumes of the grid elements.
Non-linear iter.: 124/500. Linear iter.: 4. Min. area: 0.000151896. Error: 2.15102e-11.
Computing volumes of the grid elements.
Min. volume: 0.000151896, max. volume: 36.5055.

# FGMRES residual history
# Residual tolerance target = 1e-10
# Initial residual norm     = 9.18744e-08
     0     1
# FGMRES final (true) residual:
# Iteration = 4: |res|/|res0| = 2.15091e-11.

Computing volumes of the grid elements.
Non-linear iter.: 125/500. Linear iter.: 4. Min. area: 0.000151892. Error: 2.15091e-11.
Computing volumes of the grid elements.
Min. volume: 0.000151892, max. volume: 36.5053.

# FGMRES residual history
# Residual tolerance target = 1e-10
# Initial residual norm     = 9.18615e-08
     0     1
# FGMRES final (true) residual:
# Iteration = 4: |res|/|res0| = 2.15081e-11.

Computing volumes of the grid elements.
Non-linear iter.: 126/500. Linear iter.: 4. Min. area: 0.000151888. Error: 2.15081e-11.
Computing volumes of the grid elements.
Min. volume: 0.000151888, max. volume: 36.5051.

# FGMRES residual history
# Residual tolerance target = 1e-10
# Initial residual norm     = 9.18486e-08
     0     1
# FGMRES final (true) residual:
# Iteration = 4: |res|/|res0| = 2.1507e-11.

Computing volumes of the grid elements.
Non-linear iter.: 127/500. Linear iter.: 4. Min. area: 0.000151883. Error: 2.1507e-11.
Computing volumes of the grid elements.
Min. volume: 0.000151883, max. volume: 36.5048.

# FGMRES residual history
# Residual tolerance target = 1e-10
# Initial residual norm     = 9.18356e-08
     0     1
# FGMRES final (true) residual:
# Iteration = 4: |res|/|res0| = 2.1506e-11.

Computing volumes of the grid elements.
Non-linear iter.: 128/500. Linear iter.: 4. Min. area: 0.000151879. Error: 2.1506e-11.
Computing volumes of the grid elements.
Min. volume: 0.000151879, max. volume: 36.5046.

# FGMRES residual history
# Residual tolerance target = 1e-10
# Initial residual norm     = 9.18227e-08
     0     1
# FGMRES final (true) residual:
# Iteration = 4: |res|/|res0| = 2.15049e-11.

Computing volumes of the grid elements.
Non-linear iter.: 129/500. Linear iter.: 4. Min. area: 0.000151875. Error: 2.15049e-11.
Computing volumes of the grid elements.
Min. volume: 0.000151875, max. volume: 36.5044.

# FGMRES residual history
# Residual tolerance target = 1e-10
# Initial residual norm     = 9.18098e-08
     0     1
# FGMRES final (true) residual:
# Iteration = 4: |res|/|res0| = 2.15038e-11.

Computing volumes of the grid elements.
Non-linear iter.: 130/500. Linear iter.: 4. Min. area: 0.000151871. Error: 2.15038e-11.
Computing volumes of the grid elements.
Min. volume: 0.000151871, max. volume: 36.5042.

# FGMRES residual history
# Residual tolerance target = 1e-10
# Initial residual norm     = 9.17969e-08
     0     1
# FGMRES final (true) residual:
# Iteration = 4: |res|/|res0| = 2.15028e-11.

Computing volumes of the grid elements.
Non-linear iter.: 131/500. Linear iter.: 4. Min. area: 0.000151867. Error: 2.15028e-11.
Computing volumes of the grid elements.
Min. volume: 0.000151867, max. volume: 36.504.

# FGMRES residual history
# Residual tolerance target = 1e-10
# Initial residual norm     = 9.17839e-08
     0     1
# FGMRES final (true) residual:
# Iteration = 4: |res|/|res0| = 2.15017e-11.

Computing volumes of the grid elements.
Non-linear iter.: 132/500. Linear iter.: 4. Min. area: 0.000151862. Error: 2.15017e-11.
Computing volumes of the grid elements.
Min. volume: 0.000151862, max. volume: 36.5037.

# FGMRES residual history
# Residual tolerance target = 1e-10
# Initial residual norm     = 9.1771e-08
     0     1
# FGMRES final (true) residual:
# Iteration = 4: |res|/|res0| = 2.15006e-11.

Computing volumes of the grid elements.
Non-linear iter.: 133/500. Linear iter.: 4. Min. area: 0.000151858. Error: 2.15006e-11.
Computing volumes of the grid elements.
Min. volume: 0.000151858, max. volume: 36.5035.

# FGMRES residual history
# Residual tolerance target = 1e-10
# Initial residual norm     = 9.17581e-08
     0     1
# FGMRES final (true) residual:
# Iteration = 4: |res|/|res0| = 2.14995e-11.

Computing volumes of the grid elements.
Non-linear iter.: 134/500. Linear iter.: 4. Min. area: 0.000151854. Error: 2.14995e-11.
Computing volumes of the grid elements.
Min. volume: 0.000151854, max. volume: 36.5033.

# FGMRES residual history
# Residual tolerance target = 1e-10
# Initial residual norm     = 9.17452e-08
     0     1
# FGMRES final (true) residual:
# Iteration = 4: |res|/|res0| = 2.14985e-11.

Computing volumes of the grid elements.
Non-linear iter.: 135/500. Linear iter.: 4. Min. area: 0.00015185. Error: 2.14985e-11.
Computing volumes of the grid elements.
Min. volume: 0.00015185, max. volume: 36.5031.

# FGMRES residual history
# Residual tolerance target = 1e-10
# Initial residual norm     = 9.17323e-08
     0     1
# FGMRES final (true) residual:
# Iteration = 4: |res|/|res0| = 2.14974e-11.

Computing volumes of the grid elements.
Non-linear iter.: 136/500. Linear iter.: 4. Min. area: 0.000151846. Error: 2.14974e-11.
Computing volumes of the grid elements.
Min. volume: 0.000151846, max. volume: 36.5029.

# FGMRES residual history
# Residual tolerance target = 1e-10
# Initial residual norm     = 9.17194e-08
     0     1
# FGMRES final (true) residual:
# Iteration = 4: |res|/|res0| = 2.14963e-11.

Computing volumes of the grid elements.
Non-linear iter.: 137/500. Linear iter.: 4. Min. area: 0.000151841. Error: 2.14963e-11.
Computing volumes of the grid elements.
Min. volume: 0.000151841, max. volume: 36.5026.

# FGMRES residual history
# Residual tolerance target = 1e-10
# Initial residual norm     = 9.17065e-08
     0     1
# FGMRES final (true) residual:
# Iteration = 4: |res|/|res0| = 2.14952e-11.

Computing volumes of the grid elements.
Non-linear iter.: 138/500. Linear iter.: 4. Min. area: 0.000151837. Error: 2.14952e-11.
Computing volumes of the grid elements.
Min. volume: 0.000151837, max. volume: 36.5024.

# FGMRES residual history
# Residual tolerance target = 1e-10
# Initial residual norm     = 9.16936e-08
     0     1
# FGMRES final (true) residual:
# Iteration = 4: |res|/|res0| = 2.14941e-11.

Computing volumes of the grid elements.
Non-linear iter.: 139/500. Linear iter.: 4. Min. area: 0.000151833. Error: 2.14941e-11.
Computing volumes of the grid elements.
Min. volume: 0.000151833, max. volume: 36.5022.

# FGMRES residual history
# Residual tolerance target = 1e-10
# Initial residual norm     = 9.16808e-08
     0     1
# FGMRES final (true) residual:
# Iteration = 4: |res|/|res0| = 2.1493e-11.

Computing volumes of the grid elements.
Non-linear iter.: 140/500. Linear iter.: 4. Min. area: 0.000151829. Error: 2.1493e-11.
Computing volumes of the grid elements.
Min. volume: 0.000151829, max. volume: 36.502.

# FGMRES residual history
# Residual tolerance target = 1e-10
# Initial residual norm     = 9.16679e-08
     0     1
# FGMRES final (true) residual:
# Iteration = 4: |res|/|res0| = 2.14919e-11.

Computing volumes of the grid elements.
Non-linear iter.: 141/500. Linear iter.: 4. Min. area: 0.000151825. Error: 2.14919e-11.
Computing volumes of the grid elements.
Min. volume: 0.000151825, max. volume: 36.5018.

# FGMRES residual history
# Residual tolerance target = 1e-10
# Initial residual norm     = 9.1655e-08
     0     1
# FGMRES final (true) residual:
# Iteration = 4: |res|/|res0| = 2.14908e-11.

Computing volumes of the grid elements.
Non-linear iter.: 142/500. Linear iter.: 4. Min. area: 0.000151821. Error: 2.14908e-11.
Computing volumes of the grid elements.
Min. volume: 0.000151821, max. volume: 36.5016.

# FGMRES residual history
# Residual tolerance target = 1e-10
# Initial residual norm     = 9.16421e-08
     0     1
# FGMRES final (true) residual:
# Iteration = 4: |res|/|res0| = 2.14897e-11.

Computing volumes of the grid elements.
Non-linear iter.: 143/500. Linear iter.: 4. Min. area: 0.000151816. Error: 2.14897e-11.
Computing volumes of the grid elements.
Min. volume: 0.000151816, max. volume: 36.5013.

# FGMRES residual history
# Residual tolerance target = 1e-10
# Initial residual norm     = 9.16293e-08
     0     1
# FGMRES final (true) residual:
# Iteration = 4: |res|/|res0| = 2.14886e-11.

Computing volumes of the grid elements.
Non-linear iter.: 144/500. Linear iter.: 4. Min. area: 0.000151812. Error: 2.14886e-11.
Computing volumes of the grid elements.
Min. volume: 0.000151812, max. volume: 36.5011.

# FGMRES residual history
# Residual tolerance target = 1e-10
# Initial residual norm     = 9.16164e-08
     0     1
# FGMRES final (true) residual:
# Iteration = 4: |res|/|res0| = 2.14875e-11.

Computing volumes of the grid elements.
Non-linear iter.: 145/500. Linear iter.: 4. Min. area: 0.000151808. Error: 2.14875e-11.
Computing volumes of the grid elements.
Min. volume: 0.000151808, max. volume: 36.5009.

# FGMRES residual history
# Residual tolerance target = 1e-10
# Initial residual norm     = 9.16035e-08
     0     1
# FGMRES final (true) residual:
# Iteration = 4: |res|/|res0| = 2.14864e-11.

Computing volumes of the grid elements.
Non-linear iter.: 146/500. Linear iter.: 4. Min. area: 0.000151804. Error: 2.14864e-11.
Computing volumes of the grid elements.
Min. volume: 0.000151804, max. volume: 36.5007.

# FGMRES residual history
# Residual tolerance target = 1e-10
# Initial residual norm     = 9.15907e-08
     0     1
# FGMRES final (true) residual:
# Iteration = 4: |res|/|res0| = 2.14853e-11.

Computing volumes of the grid elements.
Non-linear iter.: 147/500. Linear iter.: 4. Min. area: 0.0001518. Error: 2.14853e-11.
Computing volumes of the grid elements.
Min. volume: 0.0001518, max. volume: 36.5005.

# FGMRES residual history
# Residual tolerance target = 1e-10
# Initial residual norm     = 9.15778e-08
     0     1
# FGMRES final (true) residual:
# Iteration = 4: |res|/|res0| = 2.14842e-11.

Computing volumes of the grid elements.
Non-linear iter.: 148/500. Linear iter.: 4. Min. area: 0.000151795. Error: 2.14842e-11.
Computing volumes of the grid elements.
Min. volume: 0.000151795, max. volume: 36.5002.

# FGMRES residual history
# Residual tolerance target = 1e-10
# Initial residual norm     = 9.1565e-08
     0     1
# FGMRES final (true) residual:
# Iteration = 4: |res|/|res0| = 2.14831e-11.

Computing volumes of the grid elements.
Non-linear iter.: 149/500. Linear iter.: 4. Min. area: 0.000151791. Error: 2.14831e-11.
Computing volumes of the grid elements.
Min. volume: 0.000151791, max. volume: 36.5.

# FGMRES residual history
# Residual tolerance target = 1e-10
# Initial residual norm     = 9.15521e-08
     0     1
# FGMRES final (true) residual:
# Iteration = 4: |res|/|res0| = 2.1482e-11.

Computing volumes of the grid elements.
Non-linear iter.: 150/500. Linear iter.: 4. Min. area: 0.000151787. Error: 2.1482e-11.
Computing volumes of the grid elements.
Min. volume: 0.000151787, max. volume: 36.4998.

# FGMRES residual history
# Residual tolerance target = 1e-10
# Initial residual norm     = 9.15393e-08
     0     1
# FGMRES final (true) residual:
# Iteration = 4: |res|/|res0| = 2.14808e-11.

Computing volumes of the grid elements.
Non-linear iter.: 151/500. Linear iter.: 4. Min. area: 0.000151783. Error: 2.14808e-11.
Computing volumes of the grid elements.
Min. volume: 0.000151783, max. volume: 36.4996.

# FGMRES residual history
# Residual tolerance target = 1e-10
# Initial residual norm     = 9.15265e-08
     0     1
# FGMRES final (true) residual:
# Iteration = 4: |res|/|res0| = 2.14797e-11.

Computing volumes of the grid elements.
Non-linear iter.: 152/500. Linear iter.: 4. Min. area: 0.000151779. Error: 2.14797e-11.
Computing volumes of the grid elements.
Min. volume: 0.000151779, max. volume: 36.4994.

# FGMRES residual history
# Residual tolerance target = 1e-10
# Initial residual norm     = 9.15136e-08
     0     1
# FGMRES final (true) residual:
# Iteration = 4: |res|/|res0| = 2.14786e-11.

Computing volumes of the grid elements.
Non-linear iter.: 153/500. Linear iter.: 4. Min. area: 0.000151775. Error: 2.14786e-11.
Computing volumes of the grid elements.
Min. volume: 0.000151775, max. volume: 36.4992.

# FGMRES residual history
# Residual tolerance target = 1e-10
# Initial residual norm     = 9.15008e-08
     0     1
# FGMRES final (true) residual:
# Iteration = 4: |res|/|res0| = 2.14774e-11.

Computing volumes of the grid elements.
Non-linear iter.: 154/500. Linear iter.: 4. Min. area: 0.00015177. Error: 2.14774e-11.
Computing volumes of the grid elements.
Min. volume: 0.00015177, max. volume: 36.4989.

# FGMRES residual history
# Residual tolerance target = 1e-10
# Initial residual norm     = 9.1488e-08
     0     1
# FGMRES final (true) residual:
# Iteration = 4: |res|/|res0| = 2.14763e-11.

Computing volumes of the grid elements.
Non-linear iter.: 155/500. Linear iter.: 4. Min. area: 0.000151766. Error: 2.14763e-11.
Computing volumes of the grid elements.
Min. volume: 0.000151766, max. volume: 36.4987.

# FGMRES residual history
# Residual tolerance target = 1e-10
# Initial residual norm     = 9.14752e-08
     0     1
# FGMRES final (true) residual:
# Iteration = 4: |res|/|res0| = 2.14752e-11.

Computing volumes of the grid elements.
Non-linear iter.: 156/500. Linear iter.: 4. Min. area: 0.000151762. Error: 2.14752e-11.
Computing volumes of the grid elements.
Min. volume: 0.000151762, max. volume: 36.4985.

# FGMRES residual history
# Residual tolerance target = 1e-10
# Initial residual norm     = 9.14624e-08
     0     1
# FGMRES final (true) residual:
# Iteration = 4: |res|/|res0| = 2.1474e-11.

Computing volumes of the grid elements.
Non-linear iter.: 157/500. Linear iter.: 4. Min. area: 0.000151758. Error: 2.1474e-11.
Computing volumes of the grid elements.
Min. volume: 0.000151758, max. volume: 36.4983.

# FGMRES residual history
# Residual tolerance target = 1e-10
# Initial residual norm     = 9.14495e-08
     0     1
# FGMRES final (true) residual:
# Iteration = 4: |res|/|res0| = 2.14729e-11.

Computing volumes of the grid elements.
Non-linear iter.: 158/500. Linear iter.: 4. Min. area: 0.000151754. Error: 2.14729e-11.
Computing volumes of the grid elements.
Min. volume: 0.000151754, max. volume: 36.4981.

# FGMRES residual history
# Residual tolerance target = 1e-10
# Initial residual norm     = 9.14367e-08
     0     1
# FGMRES final (true) residual:
# Iteration = 4: |res|/|res0| = 2.14718e-11.

Computing volumes of the grid elements.
Non-linear iter.: 159/500. Linear iter.: 4. Min. area: 0.000151749. Error: 2.14718e-11.
Computing volumes of the grid elements.
Min. volume: 0.000151749, max. volume: 36.4978.

# FGMRES residual history
# Residual tolerance target = 1e-10
# Initial residual norm     = 9.14239e-08
     0     1
# FGMRES final (true) residual:
# Iteration = 4: |res|/|res0| = 2.14706e-11.

Computing volumes of the grid elements.
Non-linear iter.: 160/500. Linear iter.: 4. Min. area: 0.000151745. Error: 2.14706e-11.
Computing volumes of the grid elements.
Min. volume: 0.000151745, max. volume: 36.4976.

# FGMRES residual history
# Residual tolerance target = 1e-10
# Initial residual norm     = 9.14111e-08
     0     1
# FGMRES final (true) residual:
# Iteration = 4: |res|/|res0| = 2.14695e-11.

Computing volumes of the grid elements.
Non-linear iter.: 161/500. Linear iter.: 4. Min. area: 0.000151741. Error: 2.14695e-11.
Computing volumes of the grid elements.
Min. volume: 0.000151741, max. volume: 36.4974.

# FGMRES residual history
# Residual tolerance target = 1e-10
# Initial residual norm     = 9.13983e-08
     0     1
# FGMRES final (true) residual:
# Iteration = 4: |res|/|res0| = 2.14683e-11.

Computing volumes of the grid elements.
Non-linear iter.: 162/500. Linear iter.: 4. Min. area: 0.000151737. Error: 2.14683e-11.
Computing volumes of the grid elements.
Min. volume: 0.000151737, max. volume: 36.4972.

# FGMRES residual history
# Residual tolerance target = 1e-10
# Initial residual norm     = 9.13856e-08
     0     1
# FGMRES final (true) residual:
# Iteration = 4: |res|/|res0| = 2.14671e-11.

Computing volumes of the grid elements.
Non-linear iter.: 163/500. Linear iter.: 4. Min. area: 0.000151733. Error: 2.14671e-11.
Computing volumes of the grid elements.
Min. volume: 0.000151733, max. volume: 36.497.

# FGMRES residual history
# Residual tolerance target = 1e-10
# Initial residual norm     = 9.13728e-08
     0     1
# FGMRES final (true) residual:
# Iteration = 4: |res|/|res0| = 2.1466e-11.

Computing volumes of the grid elements.
Non-linear iter.: 164/500. Linear iter.: 4. Min. area: 0.000151729. Error: 2.1466e-11.
Computing volumes of the grid elements.
Min. volume: 0.000151729, max. volume: 36.4968.

# FGMRES residual history
# Residual tolerance target = 1e-10
# Initial residual norm     = 9.136e-08
     0     1
# FGMRES final (true) residual:
# Iteration = 4: |res|/|res0| = 2.14648e-11.

Computing volumes of the grid elements.
Non-linear iter.: 165/500. Linear iter.: 4. Min. area: 0.000151724. Error: 2.14648e-11.
Computing volumes of the grid elements.
Min. volume: 0.000151724, max. volume: 36.4965.

# FGMRES residual history
# Residual tolerance target = 1e-10
# Initial residual norm     = 9.13472e-08
     0     1
# FGMRES final (true) residual:
# Iteration = 4: |res|/|res0| = 2.14637e-11.

Computing volumes of the grid elements.
Non-linear iter.: 166/500. Linear iter.: 4. Min. area: 0.00015172. Error: 2.14637e-11.
Computing volumes of the grid elements.
Min. volume: 0.00015172, max. volume: 36.4963.

# FGMRES residual history
# Residual tolerance target = 1e-10
# Initial residual norm     = 9.13344e-08
     0     1
# FGMRES final (true) residual:
# Iteration = 4: |res|/|res0| = 2.14625e-11.

Computing volumes of the grid elements.
Non-linear iter.: 167/500. Linear iter.: 4. Min. area: 0.000151716. Error: 2.14625e-11.
Computing volumes of the grid elements.
Min. volume: 0.000151716, max. volume: 36.4961.

# FGMRES residual history
# Residual tolerance target = 1e-10
# Initial residual norm     = 9.13217e-08
     0     1
# FGMRES final (true) residual:
# Iteration = 4: |res|/|res0| = 2.14613e-11.

Computing volumes of the grid elements.
Non-linear iter.: 168/500. Linear iter.: 4. Min. area: 0.000151712. Error: 2.14613e-11.
Computing volumes of the grid elements.
Min. volume: 0.000151712, max. volume: 36.4959.

# FGMRES residual history
# Residual tolerance target = 1e-10
# Initial residual norm     = 9.13089e-08
     0     1
# FGMRES final (true) residual:
# Iteration = 4: |res|/|res0| = 2.14602e-11.

Computing volumes of the grid elements.
Non-linear iter.: 169/500. Linear iter.: 4. Min. area: 0.000151708. Error: 2.14602e-11.
Computing volumes of the grid elements.
Min. volume: 0.000151708, max. volume: 36.4957.

# FGMRES residual history
# Residual tolerance target = 1e-10
# Initial residual norm     = 9.12962e-08
     0     1
# FGMRES final (true) residual:
# Iteration = 4: |res|/|res0| = 2.1459e-11.

Computing volumes of the grid elements.
Non-linear iter.: 170/500. Linear iter.: 4. Min. area: 0.000151704. Error: 2.1459e-11.
Computing volumes of the grid elements.
Min. volume: 0.000151704, max. volume: 36.4954.

# FGMRES residual history
# Residual tolerance target = 1e-10
# Initial residual norm     = 9.12834e-08
     0     1
# FGMRES final (true) residual:
# Iteration = 4: |res|/|res0| = 2.14578e-11.

Computing volumes of the grid elements.
Non-linear iter.: 171/500. Linear iter.: 4. Min. area: 0.000151699. Error: 2.14578e-11.
Computing volumes of the grid elements.
Min. volume: 0.000151699, max. volume: 36.4952.

# FGMRES residual history
# Residual tolerance target = 1e-10
# Initial residual norm     = 9.12706e-08
     0     1
# FGMRES final (true) residual:
# Iteration = 4: |res|/|res0| = 2.14566e-11.

Computing volumes of the grid elements.
Non-linear iter.: 172/500. Linear iter.: 4. Min. area: 0.000151695. Error: 2.14566e-11.
Computing volumes of the grid elements.
Min. volume: 0.000151695, max. volume: 36.495.

# FGMRES residual history
# Residual tolerance target = 1e-10
# Initial residual norm     = 9.12579e-08
     0     1
# FGMRES final (true) residual:
# Iteration = 4: |res|/|res0| = 2.14554e-11.

Computing volumes of the grid elements.
Non-linear iter.: 173/500. Linear iter.: 4. Min. area: 0.000151691. Error: 2.14554e-11.
Computing volumes of the grid elements.
Min. volume: 0.000151691, max. volume: 36.4948.

# FGMRES residual history
# Residual tolerance target = 1e-10
# Initial residual norm     = 9.12452e-08
     0     1
# FGMRES final (true) residual:
# Iteration = 4: |res|/|res0| = 2.14543e-11.

Computing volumes of the grid elements.
Non-linear iter.: 174/500. Linear iter.: 4. Min. area: 0.000151687. Error: 2.14543e-11.
Computing volumes of the grid elements.
Min. volume: 0.000151687, max. volume: 36.4946.

# FGMRES residual history
# Residual tolerance target = 1e-10
# Initial residual norm     = 9.12324e-08
     0     1
# FGMRES final (true) residual:
# Iteration = 4: |res|/|res0| = 2.14531e-11.

Computing volumes of the grid elements.
Non-linear iter.: 175/500. Linear iter.: 4. Min. area: 0.000151683. Error: 2.14531e-11.
Computing volumes of the grid elements.
Min. volume: 0.000151683, max. volume: 36.4944.

# FGMRES residual history
# Residual tolerance target = 1e-10
# Initial residual norm     = 9.12197e-08
     0     1
# FGMRES final (true) residual:
# Iteration = 4: |res|/|res0| = 2.14519e-11.

Computing volumes of the grid elements.
Non-linear iter.: 176/500. Linear iter.: 4. Min. area: 0.000151679. Error: 2.14519e-11.
Computing volumes of the grid elements.
Min. volume: 0.000151679, max. volume: 36.4941.

# FGMRES residual history
# Residual tolerance target = 1e-10
# Initial residual norm     = 9.1207e-08
     0     1
# FGMRES final (true) residual:
# Iteration = 4: |res|/|res0| = 2.14507e-11.

Computing volumes of the grid elements.
Non-linear iter.: 177/500. Linear iter.: 4. Min. area: 0.000151674. Error: 2.14507e-11.
Computing volumes of the grid elements.
Min. volume: 0.000151674, max. volume: 36.4939.

# FGMRES residual history
# Residual tolerance target = 1e-10
# Initial residual norm     = 9.11942e-08
     0     1
# FGMRES final (true) residual:
# Iteration = 4: |res|/|res0| = 2.14495e-11.

Computing volumes of the grid elements.
Non-linear iter.: 178/500. Linear iter.: 4. Min. area: 0.00015167. Error: 2.14495e-11.
Computing volumes of the grid elements.
Min. volume: 0.00015167, max. volume: 36.4937.

# FGMRES residual history
# Residual tolerance target = 1e-10
# Initial residual norm     = 9.11815e-08
     0     1
# FGMRES final (true) residual:
# Iteration = 4: |res|/|res0| = 2.14483e-11.

Computing volumes of the grid elements.
Non-linear iter.: 179/500. Linear iter.: 4. Min. area: 0.000151666. Error: 2.14483e-11.
Computing volumes of the grid elements.
Min. volume: 0.000151666, max. volume: 36.4935.

# FGMRES residual history
# Residual tolerance target = 1e-10
# Initial residual norm     = 9.11688e-08
     0     1
# FGMRES final (true) residual:
# Iteration = 4: |res|/|res0| = 2.14471e-11.

Computing volumes of the grid elements.
Non-linear iter.: 180/500. Linear iter.: 4. Min. area: 0.000151662. Error: 2.14471e-11.
Computing volumes of the grid elements.
Min. volume: 0.000151662, max. volume: 36.4933.

# FGMRES residual history
# Residual tolerance target = 1e-10
# Initial residual norm     = 9.11561e-08
     0     1
# FGMRES final (true) residual:
# Iteration = 4: |res|/|res0| = 2.14459e-11.

Computing volumes of the grid elements.
Non-linear iter.: 181/500. Linear iter.: 4. Min. area: 0.000151658. Error: 2.14459e-11.
Computing volumes of the grid elements.
Min. volume: 0.000151658, max. volume: 36.493.

# FGMRES residual history
# Residual tolerance target = 1e-10
# Initial residual norm     = 9.11434e-08
     0     1
# FGMRES final (true) residual:
# Iteration = 4: |res|/|res0| = 2.14447e-11.

Computing volumes of the grid elements.
Non-linear iter.: 182/500. Linear iter.: 4. Min. area: 0.000151654. Error: 2.14447e-11.
Computing volumes of the grid elements.
Min. volume: 0.000151654, max. volume: 36.4928.

# FGMRES residual history
# Residual tolerance target = 1e-10
# Initial residual norm     = 9.11307e-08
     0     1
# FGMRES final (true) residual:
# Iteration = 4: |res|/|res0| = 2.14435e-11.

Computing volumes of the grid elements.
Non-linear iter.: 183/500. Linear iter.: 4. Min. area: 0.000151649. Error: 2.14435e-11.
Computing volumes of the grid elements.
Min. volume: 0.000151649, max. volume: 36.4926.

# FGMRES residual history
# Residual tolerance target = 1e-10
# Initial residual norm     = 9.1118e-08
     0     1
# FGMRES final (true) residual:
# Iteration = 4: |res|/|res0| = 2.14423e-11.

Computing volumes of the grid elements.
Non-linear iter.: 184/500. Linear iter.: 4. Min. area: 0.000151645. Error: 2.14423e-11.
Computing volumes of the grid elements.
Min. volume: 0.000151645, max. volume: 36.4924.

# FGMRES residual history
# Residual tolerance target = 1e-10
# Initial residual norm     = 9.11053e-08
     0     1
# FGMRES final (true) residual:
# Iteration = 4: |res|/|res0| = 2.14411e-11.

Computing volumes of the grid elements.
Non-linear iter.: 185/500. Linear iter.: 4. Min. area: 0.000151641. Error: 2.14411e-11.
Computing volumes of the grid elements.
Min. volume: 0.000151641, max. volume: 36.4922.

# FGMRES residual history
# Residual tolerance target = 1e-10
# Initial residual norm     = 9.10926e-08
     0     1
# FGMRES final (true) residual:
# Iteration = 4: |res|/|res0| = 2.14398e-11.

Computing volumes of the grid elements.
Non-linear iter.: 186/500. Linear iter.: 4. Min. area: 0.000151637. Error: 2.14398e-11.
Computing volumes of the grid elements.
Min. volume: 0.000151637, max. volume: 36.492.

# FGMRES residual history
# Residual tolerance target = 1e-10
# Initial residual norm     = 9.10799e-08
     0     1
# FGMRES final (true) residual:
# Iteration = 4: |res|/|res0| = 2.14386e-11.

Computing volumes of the grid elements.
Non-linear iter.: 187/500. Linear iter.: 4. Min. area: 0.000151633. Error: 2.14386e-11.
Computing volumes of the grid elements.
Min. volume: 0.000151633, max. volume: 36.4917.

# FGMRES residual history
# Residual tolerance target = 1e-10
# Initial residual norm     = 9.10672e-08
     0     1
# FGMRES final (true) residual:
# Iteration = 4: |res|/|res0| = 2.14374e-11.

Computing volumes of the grid elements.
Non-linear iter.: 188/500. Linear iter.: 4. Min. area: 0.000151629. Error: 2.14374e-11.
Computing volumes of the grid elements.
Min. volume: 0.000151629, max. volume: 36.4915.

# FGMRES residual history
# Residual tolerance target = 1e-10
# Initial residual norm     = 9.10545e-08
     0     1
# FGMRES final (true) residual:
# Iteration = 4: |res|/|res0| = 2.14362e-11.

Computing volumes of the grid elements.
Non-linear iter.: 189/500. Linear iter.: 4. Min. area: 0.000151624. Error: 2.14362e-11.
Computing volumes of the grid elements.
Min. volume: 0.000151624, max. volume: 36.4913.

# FGMRES residual history
# Residual tolerance target = 1e-10
# Initial residual norm     = 9.10418e-08
     0     1
# FGMRES final (true) residual:
# Iteration = 4: |res|/|res0| = 2.14349e-11.

Computing volumes of the grid elements.
Non-linear iter.: 190/500. Linear iter.: 4. Min. area: 0.00015162. Error: 2.14349e-11.
Computing volumes of the grid elements.
Min. volume: 0.00015162, max. volume: 36.4911.

# FGMRES residual history
# Residual tolerance target = 1e-10
# Initial residual norm     = 9.10292e-08
     0     1
# FGMRES final (true) residual:
# Iteration = 4: |res|/|res0| = 2.14337e-11.

Computing volumes of the grid elements.
Non-linear iter.: 191/500. Linear iter.: 4. Min. area: 0.000151616. Error: 2.14337e-11.
Computing volumes of the grid elements.
Min. volume: 0.000151616, max. volume: 36.4909.

# FGMRES residual history
# Residual tolerance target = 1e-10
# Initial residual norm     = 9.10165e-08
     0     1
# FGMRES final (true) residual:
# Iteration = 4: |res|/|res0| = 2.14325e-11.

Computing volumes of the grid elements.
Non-linear iter.: 192/500. Linear iter.: 4. Min. area: 0.000151612. Error: 2.14325e-11.
Computing volumes of the grid elements.
Min. volume: 0.000151612, max. volume: 36.4907.

# FGMRES residual history
# Residual tolerance target = 1e-10
# Initial residual norm     = 9.10038e-08
     0     1
# FGMRES final (true) residual:
# Iteration = 4: |res|/|res0| = 2.14312e-11.

Computing volumes of the grid elements.
Non-linear iter.: 193/500. Linear iter.: 4. Min. area: 0.000151608. Error: 2.14312e-11.
Computing volumes of the grid elements.
Min. volume: 0.000151608, max. volume: 36.4904.

# FGMRES residual history
# Residual tolerance target = 1e-10
# Initial residual norm     = 9.09912e-08
     0     1
# FGMRES final (true) residual:
# Iteration = 4: |res|/|res0| = 2.143e-11.

Computing volumes of the grid elements.
Non-linear iter.: 194/500. Linear iter.: 4. Min. area: 0.000151604. Error: 2.143e-11.
Computing volumes of the grid elements.
Min. volume: 0.000151604, max. volume: 36.4902.

# FGMRES residual history
# Residual tolerance target = 1e-10
# Initial residual norm     = 9.09785e-08
     0     1
# FGMRES final (true) residual:
# Iteration = 4: |res|/|res0| = 2.14288e-11.

Computing volumes of the grid elements.
Non-linear iter.: 195/500. Linear iter.: 4. Min. area: 0.0001516. Error: 2.14288e-11.
Computing volumes of the grid elements.
Min. volume: 0.0001516, max. volume: 36.49.

# FGMRES residual history
# Residual tolerance target = 1e-10
# Initial residual norm     = 9.09659e-08
     0     1
# FGMRES final (true) residual:
# Iteration = 4: |res|/|res0| = 2.14275e-11.

Computing volumes of the grid elements.
Non-linear iter.: 196/500. Linear iter.: 4. Min. area: 0.000151595. Error: 2.14275e-11.
Computing volumes of the grid elements.
Min. volume: 0.000151595, max. volume: 36.4898.

# FGMRES residual history
# Residual tolerance target = 1e-10
# Initial residual norm     = 9.09532e-08
     0     1
# FGMRES final (true) residual:
# Iteration = 4: |res|/|res0| = 2.14263e-11.

Computing volumes of the grid elements.
Non-linear iter.: 197/500. Linear iter.: 4. Min. area: 0.000151591. Error: 2.14263e-11.
Computing volumes of the grid elements.
Min. volume: 0.000151591, max. volume: 36.4896.

# FGMRES residual history
# Residual tolerance target = 1e-10
# Initial residual norm     = 9.09406e-08
     0     1
# FGMRES final (true) residual:
# Iteration = 4: |res|/|res0| = 2.1425e-11.

Computing volumes of the grid elements.
Non-linear iter.: 198/500. Linear iter.: 4. Min. area: 0.000151587. Error: 2.1425e-11.
Computing volumes of the grid elements.
Min. volume: 0.000151587, max. volume: 36.4894.

# FGMRES residual history
# Residual tolerance target = 1e-10
# Initial residual norm     = 9.09279e-08
     0     1
# FGMRES final (true) residual:
# Iteration = 4: |res|/|res0| = 2.14238e-11.

Computing volumes of the grid elements.
Non-linear iter.: 199/500. Linear iter.: 4. Min. area: 0.000151583. Error: 2.14238e-11.
Computing volumes of the grid elements.
Min. volume: 0.000151583, max. volume: 36.4891.

# FGMRES residual history
# Residual tolerance target = 1e-10
# Initial residual norm     = 9.09153e-08
     0     1
# FGMRES final (true) residual:
# Iteration = 4: |res|/|res0| = 2.14225e-11.

Computing volumes of the grid elements.
Non-linear iter.: 200/500. Linear iter.: 4. Min. area: 0.000151579. Error: 2.14225e-11.
Computing volumes of the grid elements.
Min. volume: 0.000151579, max. volume: 36.4889.

# FGMRES residual history
# Residual tolerance target = 1e-10
# Initial residual norm     = 9.09027e-08
     0     1
# FGMRES final (true) residual:
# Iteration = 4: |res|/|res0| = 2.14213e-11.

Computing volumes of the grid elements.
Non-linear iter.: 201/500. Linear iter.: 4. Min. area: 0.000151575. Error: 2.14213e-11.
Computing volumes of the grid elements.
Min. volume: 0.000151575, max. volume: 36.4887.

# FGMRES residual history
# Residual tolerance target = 1e-10
# Initial residual norm     = 9.08901e-08
     0     1
# FGMRES final (true) residual:
# Iteration = 4: |res|/|res0| = 2.142e-11.

Computing volumes of the grid elements.
Non-linear iter.: 202/500. Linear iter.: 4. Min. area: 0.000151571. Error: 2.142e-11.
Computing volumes of the grid elements.
Min. volume: 0.000151571, max. volume: 36.4885.

# FGMRES residual history
# Residual tolerance target = 1e-10
# Initial residual norm     = 9.08774e-08
     0     1
# FGMRES final (true) residual:
# Iteration = 4: |res|/|res0| = 2.14187e-11.

Computing volumes of the grid elements.
Non-linear iter.: 203/500. Linear iter.: 4. Min. area: 0.000151566. Error: 2.14187e-11.
Computing volumes of the grid elements.
Min. volume: 0.000151566, max. volume: 36.4883.

# FGMRES residual history
# Residual tolerance target = 1e-10
# Initial residual norm     = 9.08648e-08
     0     1
# FGMRES final (true) residual:
# Iteration = 4: |res|/|res0| = 2.14175e-11.

Computing volumes of the grid elements.
Non-linear iter.: 204/500. Linear iter.: 4. Min. area: 0.000151562. Error: 2.14175e-11.
Computing volumes of the grid elements.
Min. volume: 0.000151562, max. volume: 36.4881.

# FGMRES residual history
# Residual tolerance target = 1e-10
# Initial residual norm     = 9.08522e-08
     0     1
# FGMRES final (true) residual:
# Iteration = 4: |res|/|res0| = 2.14162e-11.

Computing volumes of the grid elements.
Non-linear iter.: 205/500. Linear iter.: 4. Min. area: 0.000151558. Error: 2.14162e-11.
Computing volumes of the grid elements.
Min. volume: 0.000151558, max. volume: 36.4878.

# FGMRES residual history
# Residual tolerance target = 1e-10
# Initial residual norm     = 9.08396e-08
     0     1
# FGMRES final (true) residual:
# Iteration = 4: |res|/|res0| = 2.14149e-11.

Computing volumes of the grid elements.
Non-linear iter.: 206/500. Linear iter.: 4. Min. area: 0.000151554. Error: 2.14149e-11.
Computing volumes of the grid elements.
Min. volume: 0.000151554, max. volume: 36.4876.

# FGMRES residual history
# Residual tolerance target = 1e-10
# Initial residual norm     = 9.0827e-08
     0     1
# FGMRES final (true) residual:
# Iteration = 4: |res|/|res0| = 2.14137e-11.

Computing volumes of the grid elements.
Non-linear iter.: 207/500. Linear iter.: 4. Min. area: 0.00015155. Error: 2.14137e-11.
Computing volumes of the grid elements.
Min. volume: 0.00015155, max. volume: 36.4874.

# FGMRES residual history
# Residual tolerance target = 1e-10
# Initial residual norm     = 9.08144e-08
     0     1
# FGMRES final (true) residual:
# Iteration = 4: |res|/|res0| = 2.14124e-11.

Computing volumes of the grid elements.
Non-linear iter.: 208/500. Linear iter.: 4. Min. area: 0.000151546. Error: 2.14124e-11.
Computing volumes of the grid elements.
Min. volume: 0.000151546, max. volume: 36.4872.

# FGMRES residual history
# Residual tolerance target = 1e-10
# Initial residual norm     = 9.08018e-08
     0     1
# FGMRES final (true) residual:
# Iteration = 4: |res|/|res0| = 2.14111e-11.

Computing volumes of the grid elements.
Non-linear iter.: 209/500. Linear iter.: 4. Min. area: 0.000151542. Error: 2.14111e-11.
Computing volumes of the grid elements.
Min. volume: 0.000151542, max. volume: 36.487.

# FGMRES residual history
# Residual tolerance target = 1e-10
# Initial residual norm     = 9.07892e-08
     0     1
# FGMRES final (true) residual:
# Iteration = 4: |res|/|res0| = 2.14098e-11.

Computing volumes of the grid elements.
Non-linear iter.: 210/500. Linear iter.: 4. Min. area: 0.000151537. Error: 2.14098e-11.
Computing volumes of the grid elements.
Min. volume: 0.000151537, max. volume: 36.4868.

# FGMRES residual history
# Residual tolerance target = 1e-10
# Initial residual norm     = 9.07766e-08
     0     1
# FGMRES final (true) residual:
# Iteration = 4: |res|/|res0| = 2.14085e-11.

Computing volumes of the grid elements.
Non-linear iter.: 211/500. Linear iter.: 4. Min. area: 0.000151533. Error: 2.14085e-11.
Computing volumes of the grid elements.
Min. volume: 0.000151533, max. volume: 36.4865.

# FGMRES residual history
# Residual tolerance target = 1e-10
# Initial residual norm     = 9.0764e-08
     0     1
# FGMRES final (true) residual:
# Iteration = 4: |res|/|res0| = 2.14072e-11.

Computing volumes of the grid elements.
Non-linear iter.: 212/500. Linear iter.: 4. Min. area: 0.000151529. Error: 2.14072e-11.
Computing volumes of the grid elements.
Min. volume: 0.000151529, max. volume: 36.4863.

# FGMRES residual history
# Residual tolerance target = 1e-10
# Initial residual norm     = 9.07515e-08
     0     1
# FGMRES final (true) residual:
# Iteration = 4: |res|/|res0| = 2.1406e-11.

Computing volumes of the grid elements.
Non-linear iter.: 213/500. Linear iter.: 4. Min. area: 0.000151525. Error: 2.1406e-11.
Computing volumes of the grid elements.
Min. volume: 0.000151525, max. volume: 36.4861.

# FGMRES residual history
# Residual tolerance target = 1e-10
# Initial residual norm     = 9.07389e-08
     0     1
# FGMRES final (true) residual:
# Iteration = 4: |res|/|res0| = 2.14047e-11.

Computing volumes of the grid elements.
Non-linear iter.: 214/500. Linear iter.: 4. Min. area: 0.000151521. Error: 2.14047e-11.
Computing volumes of the grid elements.
Min. volume: 0.000151521, max. volume: 36.4859.

# FGMRES residual history
# Residual tolerance target = 1e-10
# Initial residual norm     = 9.07263e-08
     0     1
# FGMRES final (true) residual:
# Iteration = 4: |res|/|res0| = 2.14034e-11.

Computing volumes of the grid elements.
Non-linear iter.: 215/500. Linear iter.: 4. Min. area: 0.000151517. Error: 2.14034e-11.
Computing volumes of the grid elements.
Min. volume: 0.000151517, max. volume: 36.4857.

# FGMRES residual history
# Residual tolerance target = 1e-10
# Initial residual norm     = 9.07137e-08
     0     1
# FGMRES final (true) residual:
# Iteration = 4: |res|/|res0| = 2.14021e-11.

Computing volumes of the grid elements.
Non-linear iter.: 216/500. Linear iter.: 4. Min. area: 0.000151513. Error: 2.14021e-11.
Computing volumes of the grid elements.
Min. volume: 0.000151513, max. volume: 36.4855.

# FGMRES residual history
# Residual tolerance target = 1e-10
# Initial residual norm     = 9.07012e-08
     0     1
# FGMRES final (true) residual:
# Iteration = 4: |res|/|res0| = 2.14008e-11.

Computing volumes of the grid elements.
Non-linear iter.: 217/500. Linear iter.: 4. Min. area: 0.000151508. Error: 2.14008e-11.
Computing volumes of the grid elements.
Min. volume: 0.000151508, max. volume: 36.4852.

# FGMRES residual history
# Residual tolerance target = 1e-10
# Initial residual norm     = 9.06886e-08
     0     1
# FGMRES final (true) residual:
# Iteration = 4: |res|/|res0| = 2.13995e-11.

Computing volumes of the grid elements.
Non-linear iter.: 218/500. Linear iter.: 4. Min. area: 0.000151504. Error: 2.13995e-11.
Computing volumes of the grid elements.
Min. volume: 0.000151504, max. volume: 36.485.

# FGMRES residual history
# Residual tolerance target = 1e-10
# Initial residual norm     = 9.06761e-08
     0     1
# FGMRES final (true) residual:
# Iteration = 4: |res|/|res0| = 2.13982e-11.

Computing volumes of the grid elements.
Non-linear iter.: 219/500. Linear iter.: 4. Min. area: 0.0001515. Error: 2.13982e-11.
Computing volumes of the grid elements.
Min. volume: 0.0001515, max. volume: 36.4848.

# FGMRES residual history
# Residual tolerance target = 1e-10
# Initial residual norm     = 9.06635e-08
     0     1
# FGMRES final (true) residual:
# Iteration = 4: |res|/|res0| = 2.13969e-11.

Computing volumes of the grid elements.
Non-linear iter.: 220/500. Linear iter.: 4. Min. area: 0.000151496. Error: 2.13969e-11.
Computing volumes of the grid elements.
Min. volume: 0.000151496, max. volume: 36.4846.

# FGMRES residual history
# Residual tolerance target = 1e-10
# Initial residual norm     = 9.0651e-08
     0     1
# FGMRES final (true) residual:
# Iteration = 4: |res|/|res0| = 2.13955e-11.

Computing volumes of the grid elements.
Non-linear iter.: 221/500. Linear iter.: 4. Min. area: 0.000151492. Error: 2.13955e-11.
Computing volumes of the grid elements.
Min. volume: 0.000151492, max. volume: 36.4844.

# FGMRES residual history
# Residual tolerance target = 1e-10
# Initial residual norm     = 9.06384e-08
     0     1
# FGMRES final (true) residual:
# Iteration = 4: |res|/|res0| = 2.13942e-11.

Computing volumes of the grid elements.
Non-linear iter.: 222/500. Linear iter.: 4. Min. area: 0.000151488. Error: 2.13942e-11.
Computing volumes of the grid elements.
Min. volume: 0.000151488, max. volume: 36.4842.

# FGMRES residual history
# Residual tolerance target = 1e-10
# Initial residual norm     = 9.06259e-08
     0     1
# FGMRES final (true) residual:
# Iteration = 4: |res|/|res0| = 2.13929e-11.

Computing volumes of the grid elements.
Non-linear iter.: 223/500. Linear iter.: 4. Min. area: 0.000151484. Error: 2.13929e-11.
Computing volumes of the grid elements.
Min. volume: 0.000151484, max. volume: 36.4839.

# FGMRES residual history
# Residual tolerance target = 1e-10
# Initial residual norm     = 9.06134e-08
     0     1
# FGMRES final (true) residual:
# Iteration = 4: |res|/|res0| = 2.13916e-11.

Computing volumes of the grid elements.
Non-linear iter.: 224/500. Linear iter.: 4. Min. area: 0.000151479. Error: 2.13916e-11.
Computing volumes of the grid elements.
Min. volume: 0.000151479, max. volume: 36.4837.

# FGMRES residual history
# Residual tolerance target = 1e-10
# Initial residual norm     = 9.06008e-08
     0     1
# FGMRES final (true) residual:
# Iteration = 4: |res|/|res0| = 2.13903e-11.

Computing volumes of the grid elements.
Non-linear iter.: 225/500. Linear iter.: 4. Min. area: 0.000151475. Error: 2.13903e-11.
Computing volumes of the grid elements.
Min. volume: 0.000151475, max. volume: 36.4835.

# FGMRES residual history
# Residual tolerance target = 1e-10
# Initial residual norm     = 9.05883e-08
     0     1
# FGMRES final (true) residual:
# Iteration = 4: |res|/|res0| = 2.13889e-11.

Computing volumes of the grid elements.
Non-linear iter.: 226/500. Linear iter.: 4. Min. area: 0.000151471. Error: 2.13889e-11.
Computing volumes of the grid elements.
Min. volume: 0.000151471, max. volume: 36.4833.

# FGMRES residual history
# Residual tolerance target = 1e-10
# Initial residual norm     = 9.05758e-08
     0     1
# FGMRES final (true) residual:
# Iteration = 4: |res|/|res0| = 2.13876e-11.

Computing volumes of the grid elements.
Non-linear iter.: 227/500. Linear iter.: 4. Min. area: 0.000151467. Error: 2.13876e-11.
Computing volumes of the grid elements.
Min. volume: 0.000151467, max. volume: 36.4831.

# FGMRES residual history
# Residual tolerance target = 1e-10
# Initial residual norm     = 9.05633e-08
     0     1
# FGMRES final (true) residual:
# Iteration = 4: |res|/|res0| = 2.13863e-11.

Computing volumes of the grid elements.
Non-linear iter.: 228/500. Linear iter.: 4. Min. area: 0.000151463. Error: 2.13863e-11.
Computing volumes of the grid elements.
Min. volume: 0.000151463, max. volume: 36.4829.

# FGMRES residual history
# Residual tolerance target = 1e-10
# Initial residual norm     = 9.05508e-08
     0     1
# FGMRES final (true) residual:
# Iteration = 4: |res|/|res0| = 2.1385e-11.

Computing volumes of the grid elements.
Non-linear iter.: 229/500. Linear iter.: 4. Min. area: 0.000151459. Error: 2.1385e-11.
Computing volumes of the grid elements.
Min. volume: 0.000151459, max. volume: 36.4826.

# FGMRES residual history
# Residual tolerance target = 1e-10
# Initial residual norm     = 9.05383e-08
     0     1
# FGMRES final (true) residual:
# Iteration = 4: |res|/|res0| = 2.13836e-11.

Computing volumes of the grid elements.
Non-linear iter.: 230/500. Linear iter.: 4. Min. area: 0.000151455. Error: 2.13836e-11.
Computing volumes of the grid elements.
Min. volume: 0.000151455, max. volume: 36.4824.

# FGMRES residual history
# Residual tolerance target = 1e-10
# Initial residual norm     = 9.05258e-08
     0     1
# FGMRES final (true) residual:
# Iteration = 4: |res|/|res0| = 2.13823e-11.

Computing volumes of the grid elements.
Non-linear iter.: 231/500. Linear iter.: 4. Min. area: 0.00015145. Error: 2.13823e-11.
Computing volumes of the grid elements.
Min. volume: 0.00015145, max. volume: 36.4822.

# FGMRES residual history
# Residual tolerance target = 1e-10
# Initial residual norm     = 9.05133e-08
     0     1
# FGMRES final (true) residual:
# Iteration = 4: |res|/|res0| = 2.13809e-11.

Computing volumes of the grid elements.
Non-linear iter.: 232/500. Linear iter.: 4. Min. area: 0.000151446. Error: 2.13809e-11.
Computing volumes of the grid elements.
Min. volume: 0.000151446, max. volume: 36.482.

# FGMRES residual history
# Residual tolerance target = 1e-10
# Initial residual norm     = 9.05008e-08
     0     1
# FGMRES final (true) residual:
# Iteration = 4: |res|/|res0| = 2.13796e-11.

Computing volumes of the grid elements.
Non-linear iter.: 233/500. Linear iter.: 4. Min. area: 0.000151442. Error: 2.13796e-11.
Computing volumes of the grid elements.
Min. volume: 0.000151442, max. volume: 36.4818.

# FGMRES residual history
# Residual tolerance target = 1e-10
# Initial residual norm     = 9.04883e-08
     0     1
# FGMRES final (true) residual:
# Iteration = 4: |res|/|res0| = 2.13783e-11.

Computing volumes of the grid elements.
Non-linear iter.: 234/500. Linear iter.: 4. Min. area: 0.000151438. Error: 2.13783e-11.
Computing volumes of the grid elements.
Min. volume: 0.000151438, max. volume: 36.4816.

# FGMRES residual history
# Residual tolerance target = 1e-10
# Initial residual norm     = 9.04758e-08
     0     1
# FGMRES final (true) residual:
# Iteration = 4: |res|/|res0| = 2.13769e-11.

Computing volumes of the grid elements.
Non-linear iter.: 235/500. Linear iter.: 4. Min. area: 0.000151434. Error: 2.13769e-11.
Computing volumes of the grid elements.
Min. volume: 0.000151434, max. volume: 36.4813.

# FGMRES residual history
# Residual tolerance target = 1e-10
# Initial residual norm     = 9.04633e-08
     0     1
# FGMRES final (true) residual:
# Iteration = 4: |res|/|res0| = 2.13756e-11.

Computing volumes of the grid elements.
Non-linear iter.: 236/500. Linear iter.: 4. Min. area: 0.00015143. Error: 2.13756e-11.
Computing volumes of the grid elements.
Min. volume: 0.00015143, max. volume: 36.4811.

# FGMRES residual history
# Residual tolerance target = 1e-10
# Initial residual norm     = 9.04508e-08
     0     1
# FGMRES final (true) residual:
# Iteration = 4: |res|/|res0| = 2.13742e-11.

Computing volumes of the grid elements.
Non-linear iter.: 237/500. Linear iter.: 4. Min. area: 0.000151426. Error: 2.13742e-11.
Computing volumes of the grid elements.
Min. volume: 0.000151426, max. volume: 36.4809.

# FGMRES residual history
# Residual tolerance target = 1e-10
# Initial residual norm     = 9.04384e-08
     0     1
# FGMRES final (true) residual:
# Iteration = 4: |res|/|res0| = 2.13729e-11.

Computing volumes of the grid elements.
Non-linear iter.: 238/500. Linear iter.: 4. Min. area: 0.000151422. Error: 2.13729e-11.
Computing volumes of the grid elements.
Min. volume: 0.000151422, max. volume: 36.4807.

# FGMRES residual history
# Residual tolerance target = 1e-10
# Initial residual norm     = 9.04259e-08
     0     1
# FGMRES final (true) residual:
# Iteration = 4: |res|/|res0| = 2.13715e-11.

Computing volumes of the grid elements.
Non-linear iter.: 239/500. Linear iter.: 4. Min. area: 0.000151417. Error: 2.13715e-11.
Computing volumes of the grid elements.
Min. volume: 0.000151417, max. volume: 36.4805.

# FGMRES residual history
# Residual tolerance target = 1e-10
# Initial residual norm     = 9.04134e-08
     0     1
# FGMRES final (true) residual:
# Iteration = 4: |res|/|res0| = 2.13701e-11.

Computing volumes of the grid elements.
Non-linear iter.: 240/500. Linear iter.: 4. Min. area: 0.000151413. Error: 2.13701e-11.
Computing volumes of the grid elements.
Min. volume: 0.000151413, max. volume: 36.4803.

# FGMRES residual history
# Residual tolerance target = 1e-10
# Initial residual norm     = 9.0401e-08
     0     1
# FGMRES final (true) residual:
# Iteration = 4: |res|/|res0| = 2.13688e-11.

Computing volumes of the grid elements.
Non-linear iter.: 241/500. Linear iter.: 4. Min. area: 0.000151409. Error: 2.13688e-11.
Computing volumes of the grid elements.
Min. volume: 0.000151409, max. volume: 36.48.

# FGMRES residual history
# Residual tolerance target = 1e-10
# Initial residual norm     = 9.03885e-08
     0     1
# FGMRES final (true) residual:
# Iteration = 4: |res|/|res0| = 2.13674e-11.

Computing volumes of the grid elements.
Non-linear iter.: 242/500. Linear iter.: 4. Min. area: 0.000151405. Error: 2.13674e-11.
Computing volumes of the grid elements.
Min. volume: 0.000151405, max. volume: 36.4798.

# FGMRES residual history
# Residual tolerance target = 1e-10
# Initial residual norm     = 9.03761e-08
     0     1
# FGMRES final (true) residual:
# Iteration = 4: |res|/|res0| = 2.1366e-11.

Computing volumes of the grid elements.
Non-linear iter.: 243/500. Linear iter.: 4. Min. area: 0.000151401. Error: 2.1366e-11.
Computing volumes of the grid elements.
Min. volume: 0.000151401, max. volume: 36.4796.

# FGMRES residual history
# Residual tolerance target = 1e-10
# Initial residual norm     = 9.03636e-08
     0     1
# FGMRES final (true) residual:
# Iteration = 4: |res|/|res0| = 2.13647e-11.

Computing volumes of the grid elements.
Non-linear iter.: 244/500. Linear iter.: 4. Min. area: 0.000151397. Error: 2.13647e-11.
Computing volumes of the grid elements.
Min. volume: 0.000151397, max. volume: 36.4794.

# FGMRES residual history
# Residual tolerance target = 1e-10
# Initial residual norm     = 9.03512e-08
     0     1
# FGMRES final (true) residual:
# Iteration = 4: |res|/|res0| = 2.13633e-11.

Computing volumes of the grid elements.
Non-linear iter.: 245/500. Linear iter.: 4. Min. area: 0.000151393. Error: 2.13633e-11.
Computing volumes of the grid elements.
Min. volume: 0.000151393, max. volume: 36.4792.

# FGMRES residual history
# Residual tolerance target = 1e-10
# Initial residual norm     = 9.03387e-08
     0     1
# FGMRES final (true) residual:
# Iteration = 4: |res|/|res0| = 2.13619e-11.

Computing volumes of the grid elements.
Non-linear iter.: 246/500. Linear iter.: 4. Min. area: 0.000151389. Error: 2.13619e-11.
Computing volumes of the grid elements.
Min. volume: 0.000151389, max. volume: 36.479.

# FGMRES residual history
# Residual tolerance target = 1e-10
# Initial residual norm     = 9.03263e-08
     0     1
# FGMRES final (true) residual:
# Iteration = 4: |res|/|res0| = 2.13605e-11.

Computing volumes of the grid elements.
Non-linear iter.: 247/500. Linear iter.: 4. Min. area: 0.000151385. Error: 2.13605e-11.
Computing volumes of the grid elements.
Min. volume: 0.000151385, max. volume: 36.4788.

# FGMRES residual history
# Residual tolerance target = 1e-10
# Initial residual norm     = 9.03139e-08
     0     1
# FGMRES final (true) residual:
# Iteration = 4: |res|/|res0| = 2.13591e-11.

Computing volumes of the grid elements.
Non-linear iter.: 248/500. Linear iter.: 4. Min. area: 0.00015138. Error: 2.13591e-11.
Computing volumes of the grid elements.
Min. volume: 0.00015138, max. volume: 36.4785.

# FGMRES residual history
# Residual tolerance target = 1e-10
# Initial residual norm     = 9.03014e-08
     0     1
# FGMRES final (true) residual:
# Iteration = 4: |res|/|res0| = 2.13578e-11.

Computing volumes of the grid elements.
Non-linear iter.: 249/500. Linear iter.: 4. Min. area: 0.000151376. Error: 2.13578e-11.
Computing volumes of the grid elements.
Min. volume: 0.000151376, max. volume: 36.4783.

# FGMRES residual history
# Residual tolerance target = 1e-10
# Initial residual norm     = 9.0289e-08
     0     1
# FGMRES final (true) residual:
# Iteration = 4: |res|/|res0| = 2.13564e-11.

Computing volumes of the grid elements.
Non-linear iter.: 250/500. Linear iter.: 4. Min. area: 0.000151372. Error: 2.13564e-11.
Computing volumes of the grid elements.
Min. volume: 0.000151372, max. volume: 36.4781.

# FGMRES residual history
# Residual tolerance target = 1e-10
# Initial residual norm     = 9.02766e-08
     0     1
# FGMRES final (true) residual:
# Iteration = 4: |res|/|res0| = 2.1355e-11.

Computing volumes of the grid elements.
Non-linear iter.: 251/500. Linear iter.: 4. Min. area: 0.000151368. Error: 2.1355e-11.
Computing volumes of the grid elements.
Min. volume: 0.000151368, max. volume: 36.4779.

# FGMRES residual history
# Residual tolerance target = 1e-10
# Initial residual norm     = 9.02642e-08
     0     1
# FGMRES final (true) residual:
# Iteration = 4: |res|/|res0| = 2.13536e-11.

Computing volumes of the grid elements.
Non-linear iter.: 252/500. Linear iter.: 4. Min. area: 0.000151364. Error: 2.13536e-11.
Computing volumes of the grid elements.
Min. volume: 0.000151364, max. volume: 36.4777.

# FGMRES residual history
# Residual tolerance target = 1e-10
# Initial residual norm     = 9.02518e-08
     0     1
# FGMRES final (true) residual:
# Iteration = 4: |res|/|res0| = 2.13522e-11.

Computing volumes of the grid elements.
Non-linear iter.: 253/500. Linear iter.: 4. Min. area: 0.00015136. Error: 2.13522e-11.
Computing volumes of the grid elements.
Min. volume: 0.00015136, max. volume: 36.4775.

# FGMRES residual history
# Residual tolerance target = 1e-10
# Initial residual norm     = 9.02394e-08
     0     1
# FGMRES final (true) residual:
# Iteration = 4: |res|/|res0| = 2.13508e-11.

Computing volumes of the grid elements.
Non-linear iter.: 254/500. Linear iter.: 4. Min. area: 0.000151356. Error: 2.13508e-11.
Computing volumes of the grid elements.
Min. volume: 0.000151356, max. volume: 36.4772.

# FGMRES residual history
# Residual tolerance target = 1e-10
# Initial residual norm     = 9.0227e-08
     0     1
# FGMRES final (true) residual:
# Iteration = 4: |res|/|res0| = 2.13494e-11.

Computing volumes of the grid elements.
Non-linear iter.: 255/500. Linear iter.: 4. Min. area: 0.000151352. Error: 2.13494e-11.
Computing volumes of the grid elements.
Min. volume: 0.000151352, max. volume: 36.477.

# FGMRES residual history
# Residual tolerance target = 1e-10
# Initial residual norm     = 9.02146e-08
     0     1
# FGMRES final (true) residual:
# Iteration = 4: |res|/|res0| = 2.1348e-11.

Computing volumes of the grid elements.
Non-linear iter.: 256/500. Linear iter.: 4. Min. area: 0.000151347. Error: 2.1348e-11.
Computing volumes of the grid elements.
Min. volume: 0.000151347, max. volume: 36.4768.

# FGMRES residual history
# Residual tolerance target = 1e-10
# Initial residual norm     = 9.02022e-08
     0     1
# FGMRES final (true) residual:
# Iteration = 4: |res|/|res0| = 2.13466e-11.

Computing volumes of the grid elements.
Non-linear iter.: 257/500. Linear iter.: 4. Min. area: 0.000151343. Error: 2.13466e-11.
Computing volumes of the grid elements.
Min. volume: 0.000151343, max. volume: 36.4766.

# FGMRES residual history
# Residual tolerance target = 1e-10
# Initial residual norm     = 9.01898e-08
     0     1
# FGMRES final (true) residual:
# Iteration = 4: |res|/|res0| = 2.13452e-11.

Computing volumes of the grid elements.
Non-linear iter.: 258/500. Linear iter.: 4. Min. area: 0.000151339. Error: 2.13452e-11.
Computing volumes of the grid elements.
Min. volume: 0.000151339, max. volume: 36.4764.

# FGMRES residual history
# Residual tolerance target = 1e-10
# Initial residual norm     = 9.01774e-08
     0     1
# FGMRES final (true) residual:
# Iteration = 4: |res|/|res0| = 2.13438e-11.

Computing volumes of the grid elements.
Non-linear iter.: 259/500. Linear iter.: 4. Min. area: 0.000151335. Error: 2.13438e-11.
Computing volumes of the grid elements.
Min. volume: 0.000151335, max. volume: 36.4762.

# FGMRES residual history
# Residual tolerance target = 1e-10
# Initial residual norm     = 9.0165e-08
     0     1
# FGMRES final (true) residual:
# Iteration = 4: |res|/|res0| = 2.13424e-11.

Computing volumes of the grid elements.
Non-linear iter.: 260/500. Linear iter.: 4. Min. area: 0.000151331. Error: 2.13424e-11.
Computing volumes of the grid elements.
Min. volume: 0.000151331, max. volume: 36.476.

# FGMRES residual history
# Residual tolerance target = 1e-10
# Initial residual norm     = 9.01527e-08
     0     1
# FGMRES final (true) residual:
# Iteration = 4: |res|/|res0| = 2.13409e-11.

Computing volumes of the grid elements.
Non-linear iter.: 261/500. Linear iter.: 4. Min. area: 0.000151327. Error: 2.13409e-11.
Computing volumes of the grid elements.
Min. volume: 0.000151327, max. volume: 36.4757.

# FGMRES residual history
# Residual tolerance target = 1e-10
# Initial residual norm     = 9.01403e-08
     0     1
# FGMRES final (true) residual:
# Iteration = 4: |res|/|res0| = 2.13395e-11.

Computing volumes of the grid elements.
Non-linear iter.: 262/500. Linear iter.: 4. Min. area: 0.000151323. Error: 2.13395e-11.
Computing volumes of the grid elements.
Min. volume: 0.000151323, max. volume: 36.4755.

# FGMRES residual history
# Residual tolerance target = 1e-10
# Initial residual norm     = 9.01279e-08
     0     1
# FGMRES final (true) residual:
# Iteration = 4: |res|/|res0| = 2.13381e-11.

Computing volumes of the grid elements.
Non-linear iter.: 263/500. Linear iter.: 4. Min. area: 0.000151319. Error: 2.13381e-11.
Computing volumes of the grid elements.
Min. volume: 0.000151319, max. volume: 36.4753.

# FGMRES residual history
# Residual tolerance target = 1e-10
# Initial residual norm     = 9.01156e-08
     0     1
# FGMRES final (true) residual:
# Iteration = 4: |res|/|res0| = 2.13367e-11.

Computing volumes of the grid elements.
Non-linear iter.: 264/500. Linear iter.: 4. Min. area: 0.000151315. Error: 2.13367e-11.
Computing volumes of the grid elements.
Min. volume: 0.000151315, max. volume: 36.4751.

# FGMRES residual history
# Residual tolerance target = 1e-10
# Initial residual norm     = 9.01032e-08
     0     1
# FGMRES final (true) residual:
# Iteration = 4: |res|/|res0| = 2.13352e-11.

Computing volumes of the grid elements.
Non-linear iter.: 265/500. Linear iter.: 4. Min. area: 0.00015131. Error: 2.13352e-11.
Computing volumes of the grid elements.
Min. volume: 0.00015131, max. volume: 36.4749.

# FGMRES residual history
# Residual tolerance target = 1e-10
# Initial residual norm     = 9.00909e-08
     0     1
# FGMRES final (true) residual:
# Iteration = 4: |res|/|res0| = 2.13338e-11.

Computing volumes of the grid elements.
Non-linear iter.: 266/500. Linear iter.: 4. Min. area: 0.000151306. Error: 2.13338e-11.
Computing volumes of the grid elements.
Min. volume: 0.000151306, max. volume: 36.4747.

# FGMRES residual history
# Residual tolerance target = 1e-10
# Initial residual norm     = 9.00785e-08
     0     1
# FGMRES final (true) residual:
# Iteration = 4: |res|/|res0| = 2.13324e-11.

Computing volumes of the grid elements.
Non-linear iter.: 267/500. Linear iter.: 4. Min. area: 0.000151302. Error: 2.13324e-11.
Computing volumes of the grid elements.
Min. volume: 0.000151302, max. volume: 36.4744.

# FGMRES residual history
# Residual tolerance target = 1e-10
# Initial residual norm     = 9.00662e-08
     0     1
# FGMRES final (true) residual:
# Iteration = 4: |res|/|res0| = 2.1331e-11.

Computing volumes of the grid elements.
Non-linear iter.: 268/500. Linear iter.: 4. Min. area: 0.000151298. Error: 2.1331e-11.
Computing volumes of the grid elements.
Min. volume: 0.000151298, max. volume: 36.4742.

# FGMRES residual history
# Residual tolerance target = 1e-10
# Initial residual norm     = 9.00538e-08
     0     1
# FGMRES final (true) residual:
# Iteration = 4: |res|/|res0| = 2.13295e-11.

Computing volumes of the grid elements.
Non-linear iter.: 269/500. Linear iter.: 4. Min. area: 0.000151294. Error: 2.13295e-11.
Computing volumes of the grid elements.
Min. volume: 0.000151294, max. volume: 36.474.

# FGMRES residual history
# Residual tolerance target = 1e-10
# Initial residual norm     = 9.00415e-08
     0     1
# FGMRES final (true) residual:
# Iteration = 4: |res|/|res0| = 2.13281e-11.

Computing volumes of the grid elements.
Non-linear iter.: 270/500. Linear iter.: 4. Min. area: 0.00015129. Error: 2.13281e-11.
Computing volumes of the grid elements.
Min. volume: 0.00015129, max. volume: 36.4738.

# FGMRES residual history
# Residual tolerance target = 1e-10
# Initial residual norm     = 9.00292e-08
     0     1
# FGMRES final (true) residual:
# Iteration = 4: |res|/|res0| = 2.13266e-11.

Computing volumes of the grid elements.
Non-linear iter.: 271/500. Linear iter.: 4. Min. area: 0.000151286. Error: 2.13266e-11.
Computing volumes of the grid elements.
Min. volume: 0.000151286, max. volume: 36.4736.

# FGMRES residual history
# Residual tolerance target = 1e-10
# Initial residual norm     = 9.00168e-08
     0     1
# FGMRES final (true) residual:
# Iteration = 4: |res|/|res0| = 2.13252e-11.

Computing volumes of the grid elements.
Non-linear iter.: 272/500. Linear iter.: 4. Min. area: 0.000151282. Error: 2.13252e-11.
Computing volumes of the grid elements.
Min. volume: 0.000151282, max. volume: 36.4734.

# FGMRES residual history
# Residual tolerance target = 1e-10
# Initial residual norm     = 9.00045e-08
     0     1
# FGMRES final (true) residual:
# Iteration = 4: |res|/|res0| = 2.13237e-11.

Computing volumes of the grid elements.
Non-linear iter.: 273/500. Linear iter.: 4. Min. area: 0.000151278. Error: 2.13237e-11.
Computing volumes of the grid elements.
Min. volume: 0.000151278, max. volume: 36.4732.

# FGMRES residual history
# Residual tolerance target = 1e-10
# Initial residual norm     = 8.99922e-08
     0     1
# FGMRES final (true) residual:
# Iteration = 4: |res|/|res0| = 2.13223e-11.

Computing volumes of the grid elements.
Non-linear iter.: 274/500. Linear iter.: 4. Min. area: 0.000151273. Error: 2.13223e-11.
Computing volumes of the grid elements.
Min. volume: 0.000151273, max. volume: 36.4729.

# FGMRES residual history
# Residual tolerance target = 1e-10
# Initial residual norm     = 8.99799e-08
     0     1
# FGMRES final (true) residual:
# Iteration = 4: |res|/|res0| = 2.13208e-11.

Computing volumes of the grid elements.
Non-linear iter.: 275/500. Linear iter.: 4. Min. area: 0.000151269. Error: 2.13208e-11.
Computing volumes of the grid elements.
Min. volume: 0.000151269, max. volume: 36.4727.

# FGMRES residual history
# Residual tolerance target = 1e-10
# Initial residual norm     = 8.99676e-08
     0     1
# FGMRES final (true) residual:
# Iteration = 4: |res|/|res0| = 2.13194e-11.

Computing volumes of the grid elements.
Non-linear iter.: 276/500. Linear iter.: 4. Min. area: 0.000151265. Error: 2.13194e-11.
Computing volumes of the grid elements.
Min. volume: 0.000151265, max. volume: 36.4725.

# FGMRES residual history
# Residual tolerance target = 1e-10
# Initial residual norm     = 8.99553e-08
     0     1
# FGMRES final (true) residual:
# Iteration = 4: |res|/|res0| = 2.13179e-11.

Computing volumes of the grid elements.
Non-linear iter.: 277/500. Linear iter.: 4. Min. area: 0.000151261. Error: 2.13179e-11.
Computing volumes of the grid elements.
Min. volume: 0.000151261, max. volume: 36.4723.

# FGMRES residual history
# Residual tolerance target = 1e-10
# Initial residual norm     = 8.9943e-08
     0     1
# FGMRES final (true) residual:
# Iteration = 4: |res|/|res0| = 2.13165e-11.

Computing volumes of the grid elements.
Non-linear iter.: 278/500. Linear iter.: 4. Min. area: 0.000151257. Error: 2.13165e-11.
Computing volumes of the grid elements.
Min. volume: 0.000151257, max. volume: 36.4721.

# FGMRES residual history
# Residual tolerance target = 1e-10
# Initial residual norm     = 8.99307e-08
     0     1
# FGMRES final (true) residual:
# Iteration = 4: |res|/|res0| = 2.1315e-11.

Computing volumes of the grid elements.
Non-linear iter.: 279/500. Linear iter.: 4. Min. area: 0.000151253. Error: 2.1315e-11.
Computing volumes of the grid elements.
Min. volume: 0.000151253, max. volume: 36.4719.

# FGMRES residual history
# Residual tolerance target = 1e-10
# Initial residual norm     = 8.99184e-08
     0     1
# FGMRES final (true) residual:
# Iteration = 4: |res|/|res0| = 2.13135e-11.

Computing volumes of the grid elements.
Non-linear iter.: 280/500. Linear iter.: 4. Min. area: 0.000151249. Error: 2.13135e-11.
Computing volumes of the grid elements.
Min. volume: 0.000151249, max. volume: 36.4716.

# FGMRES residual history
# Residual tolerance target = 1e-10
# Initial residual norm     = 8.99061e-08
     0     1
# FGMRES final (true) residual:
# Iteration = 4: |res|/|res0| = 2.13121e-11.

Computing volumes of the grid elements.
Non-linear iter.: 281/500. Linear iter.: 4. Min. area: 0.000151245. Error: 2.13121e-11.
Computing volumes of the grid elements.
Min. volume: 0.000151245, max. volume: 36.4714.

# FGMRES residual history
# Residual tolerance target = 1e-10
# Initial residual norm     = 8.98938e-08
     0     1
# FGMRES final (true) residual:
# Iteration = 4: |res|/|res0| = 2.13106e-11.

Computing volumes of the grid elements.
Non-linear iter.: 282/500. Linear iter.: 4. Min. area: 0.000151241. Error: 2.13106e-11.
Computing volumes of the grid elements.
Min. volume: 0.000151241, max. volume: 36.4712.

# FGMRES residual history
# Residual tolerance target = 1e-10
# Initial residual norm     = 8.98815e-08
     0     1
# FGMRES final (true) residual:
# Iteration = 4: |res|/|res0| = 2.13091e-11.

Computing volumes of the grid elements.
Non-linear iter.: 283/500. Linear iter.: 4. Min. area: 0.000151237. Error: 2.13091e-11.
Computing volumes of the grid elements.
Min. volume: 0.000151237, max. volume: 36.471.

# FGMRES residual history
# Residual tolerance target = 1e-10
# Initial residual norm     = 8.98693e-08
     0     1
# FGMRES final (true) residual:
# Iteration = 4: |res|/|res0| = 2.13076e-11.

Computing volumes of the grid elements.
Non-linear iter.: 284/500. Linear iter.: 4. Min. area: 0.000151232. Error: 2.13076e-11.
Computing volumes of the grid elements.
Min. volume: 0.000151232, max. volume: 36.4708.

# FGMRES residual history
# Residual tolerance target = 1e-10
# Initial residual norm     = 8.9857e-08
     0     1
# FGMRES final (true) residual:
# Iteration = 4: |res|/|res0| = 2.13062e-11.

Computing volumes of the grid elements.
Non-linear iter.: 285/500. Linear iter.: 4. Min. area: 0.000151228. Error: 2.13062e-11.
Computing volumes of the grid elements.
Min. volume: 0.000151228, max. volume: 36.4706.

# FGMRES residual history
# Residual tolerance target = 1e-10
# Initial residual norm     = 8.98447e-08
     0     1
# FGMRES final (true) residual:
# Iteration = 4: |res|/|res0| = 2.13047e-11.

Computing volumes of the grid elements.
Non-linear iter.: 286/500. Linear iter.: 4. Min. area: 0.000151224. Error: 2.13047e-11.
Computing volumes of the grid elements.
Min. volume: 0.000151224, max. volume: 36.4704.

# FGMRES residual history
# Residual tolerance target = 1e-10
# Initial residual norm     = 8.98325e-08
     0     1
# FGMRES final (true) residual:
# Iteration = 4: |res|/|res0| = 2.13032e-11.

Computing volumes of the grid elements.
Non-linear iter.: 287/500. Linear iter.: 4. Min. area: 0.00015122. Error: 2.13032e-11.
Computing volumes of the grid elements.
Min. volume: 0.00015122, max. volume: 36.4701.

# FGMRES residual history
# Residual tolerance target = 1e-10
# Initial residual norm     = 8.98202e-08
     0     1
# FGMRES final (true) residual:
# Iteration = 4: |res|/|res0| = 2.13017e-11.

Computing volumes of the grid elements.
Non-linear iter.: 288/500. Linear iter.: 4. Min. area: 0.000151216. Error: 2.13017e-11.
Computing volumes of the grid elements.
Min. volume: 0.000151216, max. volume: 36.4699.

# FGMRES residual history
# Residual tolerance target = 1e-10
# Initial residual norm     = 8.9808e-08
     0     1
# FGMRES final (true) residual:
# Iteration = 4: |res|/|res0| = 2.13002e-11.

Computing volumes of the grid elements.
Non-linear iter.: 289/500. Linear iter.: 4. Min. area: 0.000151212. Error: 2.13002e-11.
Computing volumes of the grid elements.
Min. volume: 0.000151212, max. volume: 36.4697.

# FGMRES residual history
# Residual tolerance target = 1e-10
# Initial residual norm     = 8.97957e-08
     0     1
# FGMRES final (true) residual:
# Iteration = 4: |res|/|res0| = 2.12987e-11.

Computing volumes of the grid elements.
Non-linear iter.: 290/500. Linear iter.: 4. Min. area: 0.000151208. Error: 2.12987e-11.
Computing volumes of the grid elements.
Min. volume: 0.000151208, max. volume: 36.4695.

# FGMRES residual history
# Residual tolerance target = 1e-10
# Initial residual norm     = 8.97835e-08
     0     1
# FGMRES final (true) residual:
# Iteration = 4: |res|/|res0| = 2.12972e-11.

Computing volumes of the grid elements.
Non-linear iter.: 291/500. Linear iter.: 4. Min. area: 0.000151204. Error: 2.12972e-11.
Computing volumes of the grid elements.
Min. volume: 0.000151204, max. volume: 36.4693.

# FGMRES residual history
# Residual tolerance target = 1e-10
# Initial residual norm     = 8.97712e-08
     0     1
# FGMRES final (true) residual:
# Iteration = 4: |res|/|res0| = 2.12957e-11.

Computing volumes of the grid elements.
Non-linear iter.: 292/500. Linear iter.: 4. Min. area: 0.0001512. Error: 2.12957e-11.
Computing volumes of the grid elements.
Min. volume: 0.0001512, max. volume: 36.4691.

# FGMRES residual history
# Residual tolerance target = 1e-10
# Initial residual norm     = 8.9759e-08
     0     1
# FGMRES final (true) residual:
# Iteration = 4: |res|/|res0| = 2.12942e-11.

Computing volumes of the grid elements.
Non-linear iter.: 293/500. Linear iter.: 4. Min. area: 0.000151196. Error: 2.12942e-11.
Computing volumes of the grid elements.
Min. volume: 0.000151196, max. volume: 36.4689.

# FGMRES residual history
# Residual tolerance target = 1e-10
# Initial residual norm     = 8.97468e-08
     0     1
# FGMRES final (true) residual:
# Iteration = 4: |res|/|res0| = 2.12927e-11.

Computing volumes of the grid elements.
Non-linear iter.: 294/500. Linear iter.: 4. Min. area: 0.000151192. Error: 2.12927e-11.
Computing volumes of the grid elements.
Min. volume: 0.000151192, max. volume: 36.4686.

# FGMRES residual history
# Residual tolerance target = 1e-10
# Initial residual norm     = 8.97345e-08
     0     1
# FGMRES final (true) residual:
# Iteration = 4: |res|/|res0| = 2.12912e-11.

Computing volumes of the grid elements.
Non-linear iter.: 295/500. Linear iter.: 4. Min. area: 0.000151187. Error: 2.12912e-11.
Computing volumes of the grid elements.
Min. volume: 0.000151187, max. volume: 36.4684.

# FGMRES residual history
# Residual tolerance target = 1e-10
# Initial residual norm     = 8.97223e-08
     0     1
# FGMRES final (true) residual:
# Iteration = 4: |res|/|res0| = 2.12897e-11.

Computing volumes of the grid elements.
Non-linear iter.: 296/500. Linear iter.: 4. Min. area: 0.000151183. Error: 2.12897e-11.
Computing volumes of the grid elements.
Min. volume: 0.000151183, max. volume: 36.4682.

# FGMRES residual history
# Residual tolerance target = 1e-10
# Initial residual norm     = 8.97101e-08
     0     1
# FGMRES final (true) residual:
# Iteration = 4: |res|/|res0| = 2.12882e-11.

Computing volumes of the grid elements.
Non-linear iter.: 297/500. Linear iter.: 4. Min. area: 0.000151179. Error: 2.12882e-11.
Computing volumes of the grid elements.
Min. volume: 0.000151179, max. volume: 36.468.

# FGMRES residual history
# Residual tolerance target = 1e-10
# Initial residual norm     = 8.96979e-08
     0     1
# FGMRES final (true) residual:
# Iteration = 4: |res|/|res0| = 2.12867e-11.

Computing volumes of the grid elements.
Non-linear iter.: 298/500. Linear iter.: 4. Min. area: 0.000151175. Error: 2.12867e-11.
Computing volumes of the grid elements.
Min. volume: 0.000151175, max. volume: 36.4678.

# FGMRES residual history
# Residual tolerance target = 1e-10
# Initial residual norm     = 8.96857e-08
     0     1
# FGMRES final (true) residual:
# Iteration = 4: |res|/|res0| = 2.12852e-11.

Computing volumes of the grid elements.
Non-linear iter.: 299/500. Linear iter.: 4. Min. area: 0.000151171. Error: 2.12852e-11.
Computing volumes of the grid elements.
Min. volume: 0.000151171, max. volume: 36.4676.

# FGMRES residual history
# Residual tolerance target = 1e-10
# Initial residual norm     = 8.96735e-08
     0     1
# FGMRES final (true) residual:
# Iteration = 4: |res|/|res0| = 2.12837e-11.

Computing volumes of the grid elements.
Non-linear iter.: 300/500. Linear iter.: 4. Min. area: 0.000151167. Error: 2.12837e-11.
Computing volumes of the grid elements.
Min. volume: 0.000151167, max. volume: 36.4674.

# FGMRES residual history
# Residual tolerance target = 1e-10
# Initial residual norm     = 8.96613e-08
     0     1
# FGMRES final (true) residual:
# Iteration = 4: |res|/|res0| = 2.12822e-11.

Computing volumes of the grid elements.
Non-linear iter.: 301/500. Linear iter.: 4. Min. area: 0.000151163. Error: 2.12822e-11.
Computing volumes of the grid elements.
Min. volume: 0.000151163, max. volume: 36.4671.

# FGMRES residual history
# Residual tolerance target = 1e-10
# Initial residual norm     = 8.96491e-08
     0     1
# FGMRES final (true) residual:
# Iteration = 4: |res|/|res0| = 2.12806e-11.

Computing volumes of the grid elements.
Non-linear iter.: 302/500. Linear iter.: 4. Min. area: 0.000151159. Error: 2.12806e-11.
Computing volumes of the grid elements.
Min. volume: 0.000151159, max. volume: 36.4669.

# FGMRES residual history
# Residual tolerance target = 1e-10
# Initial residual norm     = 8.96369e-08
     0     1
# FGMRES final (true) residual:
# Iteration = 4: |res|/|res0| = 2.12791e-11.

Computing volumes of the grid elements.
Non-linear iter.: 303/500. Linear iter.: 4. Min. area: 0.000151155. Error: 2.12791e-11.
Computing volumes of the grid elements.
Min. volume: 0.000151155, max. volume: 36.4667.

# FGMRES residual history
# Residual tolerance target = 1e-10
# Initial residual norm     = 8.96247e-08
     0     1
# FGMRES final (true) residual:
# Iteration = 4: |res|/|res0| = 2.12776e-11.

Computing volumes of the grid elements.
Non-linear iter.: 304/500. Linear iter.: 4. Min. area: 0.000151151. Error: 2.12776e-11.
Computing volumes of the grid elements.
Min. volume: 0.000151151, max. volume: 36.4665.

# FGMRES residual history
# Residual tolerance target = 1e-10
# Initial residual norm     = 8.96125e-08
     0     1
# FGMRES final (true) residual:
# Iteration = 4: |res|/|res0| = 2.12761e-11.

Computing volumes of the grid elements.
Non-linear iter.: 305/500. Linear iter.: 4. Min. area: 0.000151147. Error: 2.12761e-11.
Computing volumes of the grid elements.
Min. volume: 0.000151147, max. volume: 36.4663.

# FGMRES residual history
# Residual tolerance target = 1e-10
# Initial residual norm     = 8.96004e-08
     0     1
# FGMRES final (true) residual:
# Iteration = 4: |res|/|res0| = 2.12745e-11.

Computing volumes of the grid elements.
Non-linear iter.: 306/500. Linear iter.: 4. Min. area: 0.000151143. Error: 2.12745e-11.
Computing volumes of the grid elements.
Min. volume: 0.000151143, max. volume: 36.4661.

# FGMRES residual history
# Residual tolerance target = 1e-10
# Initial residual norm     = 8.95882e-08
     0     1
# FGMRES final (true) residual:
# Iteration = 4: |res|/|res0| = 2.1273e-11.

Computing volumes of the grid elements.
Non-linear iter.: 307/500. Linear iter.: 4. Min. area: 0.000151138. Error: 2.1273e-11.
Computing volumes of the grid elements.
Min. volume: 0.000151138, max. volume: 36.4659.

# FGMRES residual history
# Residual tolerance target = 1e-10
# Initial residual norm     = 8.9576e-08
     0     1
# FGMRES final (true) residual:
# Iteration = 4: |res|/|res0| = 2.12715e-11.

Computing volumes of the grid elements.
Non-linear iter.: 308/500. Linear iter.: 4. Min. area: 0.000151134. Error: 2.12715e-11.
Computing volumes of the grid elements.
Min. volume: 0.000151134, max. volume: 36.4656.

# FGMRES residual history
# Residual tolerance target = 1e-10
# Initial residual norm     = 8.95638e-08
     0     1
# FGMRES final (true) residual:
# Iteration = 4: |res|/|res0| = 2.12699e-11.

Computing volumes of the grid elements.
Non-linear iter.: 309/500. Linear iter.: 4. Min. area: 0.00015113. Error: 2.12699e-11.
Computing volumes of the grid elements.
Min. volume: 0.00015113, max. volume: 36.4654.

# FGMRES residual history
# Residual tolerance target = 1e-10
# Initial residual norm     = 8.95517e-08
     0     1
# FGMRES final (true) residual:
# Iteration = 4: |res|/|res0| = 2.12684e-11.

Computing volumes of the grid elements.
Non-linear iter.: 310/500. Linear iter.: 4. Min. area: 0.000151126. Error: 2.12684e-11.
Computing volumes of the grid elements.
Min. volume: 0.000151126, max. volume: 36.4652.

# FGMRES residual history
# Residual tolerance target = 1e-10
# Initial residual norm     = 8.95395e-08
     0     1
# FGMRES final (true) residual:
# Iteration = 4: |res|/|res0| = 2.12668e-11.

Computing volumes of the grid elements.
Non-linear iter.: 311/500. Linear iter.: 4. Min. area: 0.000151122. Error: 2.12668e-11.
Computing volumes of the grid elements.
Min. volume: 0.000151122, max. volume: 36.465.

# FGMRES residual history
# Residual tolerance target = 1e-10
# Initial residual norm     = 8.95274e-08
     0     1
# FGMRES final (true) residual:
# Iteration = 4: |res|/|res0| = 2.12653e-11.

Computing volumes of the grid elements.
Non-linear iter.: 312/500. Linear iter.: 4. Min. area: 0.000151118. Error: 2.12653e-11.
Computing volumes of the grid elements.
Min. volume: 0.000151118, max. volume: 36.4648.

# FGMRES residual history
# Residual tolerance target = 1e-10
# Initial residual norm     = 8.95152e-08
     0     1
# FGMRES final (true) residual:
# Iteration = 4: |res|/|res0| = 2.12637e-11.

Computing volumes of the grid elements.
Non-linear iter.: 313/500. Linear iter.: 4. Min. area: 0.000151114. Error: 2.12637e-11.
Computing volumes of the grid elements.
Min. volume: 0.000151114, max. volume: 36.4646.

# FGMRES residual history
# Residual tolerance target = 1e-10
# Initial residual norm     = 8.95031e-08
     0     1
# FGMRES final (true) residual:
# Iteration = 4: |res|/|res0| = 2.12622e-11.

Computing volumes of the grid elements.
Non-linear iter.: 314/500. Linear iter.: 4. Min. area: 0.00015111. Error: 2.12622e-11.
Computing volumes of the grid elements.
Min. volume: 0.00015111, max. volume: 36.4644.

# FGMRES residual history
# Residual tolerance target = 1e-10
# Initial residual norm     = 8.9491e-08
     0     1
# FGMRES final (true) residual:
# Iteration = 4: |res|/|res0| = 2.12606e-11.

Computing volumes of the grid elements.
Non-linear iter.: 315/500. Linear iter.: 4. Min. area: 0.000151106. Error: 2.12606e-11.
Computing volumes of the grid elements.
Min. volume: 0.000151106, max. volume: 36.4641.

# FGMRES residual history
# Residual tolerance target = 1e-10
# Initial residual norm     = 8.94788e-08
     0     1
# FGMRES final (true) residual:
# Iteration = 4: |res|/|res0| = 2.12591e-11.

Computing volumes of the grid elements.
Non-linear iter.: 316/500. Linear iter.: 4. Min. area: 0.000151102. Error: 2.12591e-11.
Computing volumes of the grid elements.
Min. volume: 0.000151102, max. volume: 36.4639.

# FGMRES residual history
# Residual tolerance target = 1e-10
# Initial residual norm     = 8.94667e-08
     0     1
# FGMRES final (true) residual:
# Iteration = 4: |res|/|res0| = 2.12575e-11.

Computing volumes of the grid elements.
Non-linear iter.: 317/500. Linear iter.: 4. Min. area: 0.000151098. Error: 2.12575e-11.
Computing volumes of the grid elements.
Min. volume: 0.000151098, max. volume: 36.4637.

# FGMRES residual history
# Residual tolerance target = 1e-10
# Initial residual norm     = 8.94546e-08
     0     1
# FGMRES final (true) residual:
# Iteration = 4: |res|/|res0| = 2.12559e-11.

Computing volumes of the grid elements.
Non-linear iter.: 318/500. Linear iter.: 4. Min. area: 0.000151094. Error: 2.12559e-11.
Computing volumes of the grid elements.
Min. volume: 0.000151094, max. volume: 36.4635.

# FGMRES residual history
# Residual tolerance target = 1e-10
# Initial residual norm     = 8.94424e-08
     0     1
# FGMRES final (true) residual:
# Iteration = 4: |res|/|res0| = 2.12544e-11.

Computing volumes of the grid elements.
Non-linear iter.: 319/500. Linear iter.: 4. Min. area: 0.000151089. Error: 2.12544e-11.
Computing volumes of the grid elements.
Min. volume: 0.000151089, max. volume: 36.4633.

# FGMRES residual history
# Residual tolerance target = 1e-10
# Initial residual norm     = 8.94303e-08
     0     1
# FGMRES final (true) residual:
# Iteration = 4: |res|/|res0| = 2.12528e-11.

Computing volumes of the grid elements.
Non-linear iter.: 320/500. Linear iter.: 4. Min. area: 0.000151085. Error: 2.12528e-11.
Computing volumes of the grid elements.
Min. volume: 0.000151085, max. volume: 36.4631.

# FGMRES residual history
# Residual tolerance target = 1e-10
# Initial residual norm     = 8.94182e-08
     0     1
# FGMRES final (true) residual:
# Iteration = 4: |res|/|res0| = 2.12512e-11.

Computing volumes of the grid elements.
Non-linear iter.: 321/500. Linear iter.: 4. Min. area: 0.000151081. Error: 2.12512e-11.
Computing volumes of the grid elements.
Min. volume: 0.000151081, max. volume: 36.4629.

# FGMRES residual history
# Residual tolerance target = 1e-10
# Initial residual norm     = 8.94061e-08
     0     1
# FGMRES final (true) residual:
# Iteration = 4: |res|/|res0| = 2.12497e-11.

Computing volumes of the grid elements.
Non-linear iter.: 322/500. Linear iter.: 4. Min. area: 0.000151077. Error: 2.12497e-11.
Computing volumes of the grid elements.
Min. volume: 0.000151077, max. volume: 36.4627.

# FGMRES residual history
# Residual tolerance target = 1e-10
# Initial residual norm     = 8.9394e-08
     0     1
# FGMRES final (true) residual:
# Iteration = 4: |res|/|res0| = 2.12481e-11.

Computing volumes of the grid elements.
Non-linear iter.: 323/500. Linear iter.: 4. Min. area: 0.000151073. Error: 2.12481e-11.
Computing volumes of the grid elements.
Min. volume: 0.000151073, max. volume: 36.4624.

# FGMRES residual history
# Residual tolerance target = 1e-10
# Initial residual norm     = 8.93819e-08
     0     1
# FGMRES final (true) residual:
# Iteration = 4: |res|/|res0| = 2.12465e-11.

Computing volumes of the grid elements.
Non-linear iter.: 324/500. Linear iter.: 4. Min. area: 0.000151069. Error: 2.12465e-11.
Computing volumes of the grid elements.
Min. volume: 0.000151069, max. volume: 36.4622.

# FGMRES residual history
# Residual tolerance target = 1e-10
# Initial residual norm     = 8.93698e-08
     0     1
# FGMRES final (true) residual:
# Iteration = 4: |res|/|res0| = 2.12449e-11.

Computing volumes of the grid elements.
Non-linear iter.: 325/500. Linear iter.: 4. Min. area: 0.000151065. Error: 2.12449e-11.
Computing volumes of the grid elements.
Min. volume: 0.000151065, max. volume: 36.462.

# FGMRES residual history
# Residual tolerance target = 1e-10
# Initial residual norm     = 8.93577e-08
     0     1
# FGMRES final (true) residual:
# Iteration = 4: |res|/|res0| = 2.12434e-11.

Computing volumes of the grid elements.
Non-linear iter.: 326/500. Linear iter.: 4. Min. area: 0.000151061. Error: 2.12434e-11.
Computing volumes of the grid elements.
Min. volume: 0.000151061, max. volume: 36.4618.

# FGMRES residual history
# Residual tolerance target = 1e-10
# Initial residual norm     = 8.93456e-08
     0     1
# FGMRES final (true) residual:
# Iteration = 4: |res|/|res0| = 2.12418e-11.

Computing volumes of the grid elements.
Non-linear iter.: 327/500. Linear iter.: 4. Min. area: 0.000151057. Error: 2.12418e-11.
Computing volumes of the grid elements.
Min. volume: 0.000151057, max. volume: 36.4616.

# FGMRES residual history
# Residual tolerance target = 1e-10
# Initial residual norm     = 8.93336e-08
     0     1
# FGMRES final (true) residual:
# Iteration = 4: |res|/|res0| = 2.12402e-11.

Computing volumes of the grid elements.
Non-linear iter.: 328/500. Linear iter.: 4. Min. area: 0.000151053. Error: 2.12402e-11.
Computing volumes of the grid elements.
Min. volume: 0.000151053, max. volume: 36.4614.

# FGMRES residual history
# Residual tolerance target = 1e-10
# Initial residual norm     = 8.93215e-08
     0     1
# FGMRES final (true) residual:
# Iteration = 4: |res|/|res0| = 2.12386e-11.

Computing volumes of the grid elements.
Non-linear iter.: 329/500. Linear iter.: 4. Min. area: 0.000151049. Error: 2.12386e-11.
Computing volumes of the grid elements.
Min. volume: 0.000151049, max. volume: 36.4612.

# FGMRES residual history
# Residual tolerance target = 1e-10
# Initial residual norm     = 8.93094e-08
     0     1
# FGMRES final (true) residual:
# Iteration = 4: |res|/|res0| = 2.1237e-11.

Computing volumes of the grid elements.
Non-linear iter.: 330/500. Linear iter.: 4. Min. area: 0.000151045. Error: 2.1237e-11.
Computing volumes of the grid elements.
Min. volume: 0.000151045, max. volume: 36.4609.

# FGMRES residual history
# Residual tolerance target = 1e-10
# Initial residual norm     = 8.92974e-08
     0     1
# FGMRES final (true) residual:
# Iteration = 4: |res|/|res0| = 2.12354e-11.

Computing volumes of the grid elements.
Non-linear iter.: 331/500. Linear iter.: 4. Min. area: 0.000151041. Error: 2.12354e-11.
Computing volumes of the grid elements.
Min. volume: 0.000151041, max. volume: 36.4607.

# FGMRES residual history
# Residual tolerance target = 1e-10
# Initial residual norm     = 8.92853e-08
     0     1
# FGMRES final (true) residual:
# Iteration = 4: |res|/|res0| = 2.12338e-11.

Computing volumes of the grid elements.
Non-linear iter.: 332/500. Linear iter.: 4. Min. area: 0.000151037. Error: 2.12338e-11.
Computing volumes of the grid elements.
Min. volume: 0.000151037, max. volume: 36.4605.

# FGMRES residual history
# Residual tolerance target = 1e-10
# Initial residual norm     = 8.92732e-08
     0     1
# FGMRES final (true) residual:
# Iteration = 4: |res|/|res0| = 2.12322e-11.

Computing volumes of the grid elements.
Non-linear iter.: 333/500. Linear iter.: 4. Min. area: 0.000151032. Error: 2.12322e-11.
Computing volumes of the grid elements.
Min. volume: 0.000151032, max. volume: 36.4603.

# FGMRES residual history
# Residual tolerance target = 1e-10
# Initial residual norm     = 8.92612e-08
     0     1
# FGMRES final (true) residual:
# Iteration = 4: |res|/|res0| = 2.12306e-11.

Computing volumes of the grid elements.
Non-linear iter.: 334/500. Linear iter.: 4. Min. area: 0.000151028. Error: 2.12306e-11.
Computing volumes of the grid elements.
Min. volume: 0.000151028, max. volume: 36.4601.

# FGMRES residual history
# Residual tolerance target = 1e-10
# Initial residual norm     = 8.92491e-08
     0     1
# FGMRES final (true) residual:
# Iteration = 4: |res|/|res0| = 2.1229e-11.

Computing volumes of the grid elements.
Non-linear iter.: 335/500. Linear iter.: 4. Min. area: 0.000151024. Error: 2.1229e-11.
Computing volumes of the grid elements.
Min. volume: 0.000151024, max. volume: 36.4599.

# FGMRES residual history
# Residual tolerance target = 1e-10
# Initial residual norm     = 8.92371e-08
     0     1
# FGMRES final (true) residual:
# Iteration = 4: |res|/|res0| = 2.12274e-11.

Computing volumes of the grid elements.
Non-linear iter.: 336/500. Linear iter.: 4. Min. area: 0.00015102. Error: 2.12274e-11.
Computing volumes of the grid elements.
Min. volume: 0.00015102, max. volume: 36.4597.

# FGMRES residual history
# Residual tolerance target = 1e-10
# Initial residual norm     = 8.92251e-08
     0     1
# FGMRES final (true) residual:
# Iteration = 4: |res|/|res0| = 2.12258e-11.

Computing volumes of the grid elements.
Non-linear iter.: 337/500. Linear iter.: 4. Min. area: 0.000151016. Error: 2.12258e-11.
Computing volumes of the grid elements.
Min. volume: 0.000151016, max. volume: 36.4595.

# FGMRES residual history
# Residual tolerance target = 1e-10
# Initial residual norm     = 8.9213e-08
     0     1
# FGMRES final (true) residual:
# Iteration = 4: |res|/|res0| = 2.12242e-11.

Computing volumes of the grid elements.
Non-linear iter.: 338/500. Linear iter.: 4. Min. area: 0.000151012. Error: 2.12242e-11.
Computing volumes of the grid elements.
Min. volume: 0.000151012, max. volume: 36.4592.

# FGMRES residual history
# Residual tolerance target = 1e-10
# Initial residual norm     = 8.9201e-08
     0     1
# FGMRES final (true) residual:
# Iteration = 4: |res|/|res0| = 2.12226e-11.

Computing volumes of the grid elements.
Non-linear iter.: 339/500. Linear iter.: 4. Min. area: 0.000151008. Error: 2.12226e-11.
Computing volumes of the grid elements.
Min. volume: 0.000151008, max. volume: 36.459.

# FGMRES residual history
# Residual tolerance target = 1e-10
# Initial residual norm     = 8.9189e-08
     0     1
# FGMRES final (true) residual:
# Iteration = 4: |res|/|res0| = 2.12209e-11.

Computing volumes of the grid elements.
Non-linear iter.: 340/500. Linear iter.: 4. Min. area: 0.000151004. Error: 2.12209e-11.
Computing volumes of the grid elements.
Min. volume: 0.000151004, max. volume: 36.4588.

# FGMRES residual history
# Residual tolerance target = 1e-10
# Initial residual norm     = 8.91769e-08
     0     1
# FGMRES final (true) residual:
# Iteration = 4: |res|/|res0| = 2.12193e-11.

Computing volumes of the grid elements.
Non-linear iter.: 341/500. Linear iter.: 4. Min. area: 0.000151. Error: 2.12193e-11.
Computing volumes of the grid elements.
Min. volume: 0.000151, max. volume: 36.4586.

# FGMRES residual history
# Residual tolerance target = 1e-10
# Initial residual norm     = 8.91649e-08
     0     1
# FGMRES final (true) residual:
# Iteration = 4: |res|/|res0| = 2.12177e-11.

Computing volumes of the grid elements.
Non-linear iter.: 342/500. Linear iter.: 4. Min. area: 0.000150996. Error: 2.12177e-11.
Computing volumes of the grid elements.
Min. volume: 0.000150996, max. volume: 36.4584.

# FGMRES residual history
# Residual tolerance target = 1e-10
# Initial residual norm     = 8.91529e-08
     0     1
# FGMRES final (true) residual:
# Iteration = 4: |res|/|res0| = 2.12161e-11.

Computing volumes of the grid elements.
Non-linear iter.: 343/500. Linear iter.: 4. Min. area: 0.000150992. Error: 2.12161e-11.
Computing volumes of the grid elements.
Min. volume: 0.000150992, max. volume: 36.4582.

# FGMRES residual history
# Residual tolerance target = 1e-10
# Initial residual norm     = 8.91409e-08
     0     1
# FGMRES final (true) residual:
# Iteration = 4: |res|/|res0| = 2.12144e-11.

Computing volumes of the grid elements.
Non-linear iter.: 344/500. Linear iter.: 4. Min. area: 0.000150988. Error: 2.12144e-11.
Computing volumes of the grid elements.
Min. volume: 0.000150988, max. volume: 36.458.

# FGMRES residual history
# Residual tolerance target = 1e-10
# Initial residual norm     = 8.91289e-08
     0     1
# FGMRES final (true) residual:
# Iteration = 4: |res|/|res0| = 2.12128e-11.

Computing volumes of the grid elements.
Non-linear iter.: 345/500. Linear iter.: 4. Min. area: 0.000150984. Error: 2.12128e-11.
Computing volumes of the grid elements.
Min. volume: 0.000150984, max. volume: 36.4577.

# FGMRES residual history
# Residual tolerance target = 1e-10
# Initial residual norm     = 8.91169e-08
     0     1
# FGMRES final (true) residual:
# Iteration = 4: |res|/|res0| = 2.12112e-11.

Computing volumes of the grid elements.
Non-linear iter.: 346/500. Linear iter.: 4. Min. area: 0.00015098. Error: 2.12112e-11.
Computing volumes of the grid elements.
Min. volume: 0.00015098, max. volume: 36.4575.

# FGMRES residual history
# Residual tolerance target = 1e-10
# Initial residual norm     = 8.91049e-08
     0     1
# FGMRES final (true) residual:
# Iteration = 4: |res|/|res0| = 2.12095e-11.

Computing volumes of the grid elements.
Non-linear iter.: 347/500. Linear iter.: 4. Min. area: 0.000150976. Error: 2.12095e-11.
Computing volumes of the grid elements.
Min. volume: 0.000150976, max. volume: 36.4573.

# FGMRES residual history
# Residual tolerance target = 1e-10
# Initial residual norm     = 8.90929e-08
     0     1
# FGMRES final (true) residual:
# Iteration = 4: |res|/|res0| = 2.12079e-11.

Computing volumes of the grid elements.
Non-linear iter.: 348/500. Linear iter.: 4. Min. area: 0.000150972. Error: 2.12079e-11.
Computing volumes of the grid elements.
Min. volume: 0.000150972, max. volume: 36.4571.

# FGMRES residual history
# Residual tolerance target = 1e-10
# Initial residual norm     = 8.90809e-08
     0     1
# FGMRES final (true) residual:
# Iteration = 4: |res|/|res0| = 2.12063e-11.

Computing volumes of the grid elements.
Non-linear iter.: 349/500. Linear iter.: 4. Min. area: 0.000150967. Error: 2.12063e-11.
Computing volumes of the grid elements.
Min. volume: 0.000150967, max. volume: 36.4569.

# FGMRES residual history
# Residual tolerance target = 1e-10
# Initial residual norm     = 8.90689e-08
     0     1
# FGMRES final (true) residual:
# Iteration = 4: |res|/|res0| = 2.12046e-11.

Computing volumes of the grid elements.
Non-linear iter.: 350/500. Linear iter.: 4. Min. area: 0.000150963. Error: 2.12046e-11.
Computing volumes of the grid elements.
Min. volume: 0.000150963, max. volume: 36.4567.

# FGMRES residual history
# Residual tolerance target = 1e-10
# Initial residual norm     = 8.9057e-08
     0     1
# FGMRES final (true) residual:
# Iteration = 4: |res|/|res0| = 2.1203e-11.

Computing volumes of the grid elements.
Non-linear iter.: 351/500. Linear iter.: 4. Min. area: 0.000150959. Error: 2.1203e-11.
Computing volumes of the grid elements.
Min. volume: 0.000150959, max. volume: 36.4565.

# FGMRES residual history
# Residual tolerance target = 1e-10
# Initial residual norm     = 8.9045e-08
     0     1
# FGMRES final (true) residual:
# Iteration = 4: |res|/|res0| = 2.12013e-11.

Computing volumes of the grid elements.
Non-linear iter.: 352/500. Linear iter.: 4. Min. area: 0.000150955. Error: 2.12013e-11.
Computing volumes of the grid elements.
Min. volume: 0.000150955, max. volume: 36.4563.

# FGMRES residual history
# Residual tolerance target = 1e-10
# Initial residual norm     = 8.9033e-08
     0     1
# FGMRES final (true) residual:
# Iteration = 4: |res|/|res0| = 2.11997e-11.

Computing volumes of the grid elements.
Non-linear iter.: 353/500. Linear iter.: 4. Min. area: 0.000150951. Error: 2.11997e-11.
Computing volumes of the grid elements.
Min. volume: 0.000150951, max. volume: 36.456.

# FGMRES residual history
# Residual tolerance target = 1e-10
# Initial residual norm     = 8.90211e-08
     0     1
# FGMRES final (true) residual:
# Iteration = 4: |res|/|res0| = 2.1198e-11.

Computing volumes of the grid elements.
Non-linear iter.: 354/500. Linear iter.: 4. Min. area: 0.000150947. Error: 2.1198e-11.
Computing volumes of the grid elements.
Min. volume: 0.000150947, max. volume: 36.4558.

# FGMRES residual history
# Residual tolerance target = 1e-10
# Initial residual norm     = 8.90091e-08
     0     1
# FGMRES final (true) residual:
# Iteration = 4: |res|/|res0| = 2.11964e-11.

Computing volumes of the grid elements.
Non-linear iter.: 355/500. Linear iter.: 4. Min. area: 0.000150943. Error: 2.11964e-11.
Computing volumes of the grid elements.
Min. volume: 0.000150943, max. volume: 36.4556.

# FGMRES residual history
# Residual tolerance target = 1e-10
# Initial residual norm     = 8.89972e-08
     0     1
# FGMRES final (true) residual:
# Iteration = 4: |res|/|res0| = 2.11947e-11.

Computing volumes of the grid elements.
Non-linear iter.: 356/500. Linear iter.: 4. Min. area: 0.000150939. Error: 2.11947e-11.
Computing volumes of the grid elements.
Min. volume: 0.000150939, max. volume: 36.4554.

# FGMRES residual history
# Residual tolerance target = 1e-10
# Initial residual norm     = 8.89852e-08
     0     1
# FGMRES final (true) residual:
# Iteration = 4: |res|/|res0| = 2.11931e-11.

Computing volumes of the grid elements.
Non-linear iter.: 357/500. Linear iter.: 4. Min. area: 0.000150935. Error: 2.11931e-11.
Computing volumes of the grid elements.
Min. volume: 0.000150935, max. volume: 36.4552.

# FGMRES residual history
# Residual tolerance target = 1e-10
# Initial residual norm     = 8.89733e-08
     0     1
# FGMRES final (true) residual:
# Iteration = 4: |res|/|res0| = 2.11914e-11.

Computing volumes of the grid elements.
Non-linear iter.: 358/500. Linear iter.: 4. Min. area: 0.000150931. Error: 2.11914e-11.
Computing volumes of the grid elements.
Min. volume: 0.000150931, max. volume: 36.455.

# FGMRES residual history
# Residual tolerance target = 1e-10
# Initial residual norm     = 8.89613e-08
     0     1
# FGMRES final (true) residual:
# Iteration = 4: |res|/|res0| = 2.11897e-11.

Computing volumes of the grid elements.
Non-linear iter.: 359/500. Linear iter.: 4. Min. area: 0.000150927. Error: 2.11897e-11.
Computing volumes of the grid elements.
Min. volume: 0.000150927, max. volume: 36.4548.

# FGMRES residual history
# Residual tolerance target = 1e-10
# Initial residual norm     = 8.89494e-08
     0     1
# FGMRES final (true) residual:
# Iteration = 4: |res|/|res0| = 2.11881e-11.

Computing volumes of the grid elements.
Non-linear iter.: 360/500. Linear iter.: 4. Min. area: 0.000150923. Error: 2.11881e-11.
Computing volumes of the grid elements.
Min. volume: 0.000150923, max. volume: 36.4546.

# FGMRES residual history
# Residual tolerance target = 1e-10
# Initial residual norm     = 8.89374e-08
     0     1
# FGMRES final (true) residual:
# Iteration = 4: |res|/|res0| = 2.11864e-11.

Computing volumes of the grid elements.
Non-linear iter.: 361/500. Linear iter.: 4. Min. area: 0.000150919. Error: 2.11864e-11.
Computing volumes of the grid elements.
Min. volume: 0.000150919, max. volume: 36.4543.

# FGMRES residual history
# Residual tolerance target = 1e-10
# Initial residual norm     = 8.89255e-08
     0     1
# FGMRES final (true) residual:
# Iteration = 4: |res|/|res0| = 2.11847e-11.

Computing volumes of the grid elements.
Non-linear iter.: 362/500. Linear iter.: 4. Min. area: 0.000150915. Error: 2.11847e-11.
Computing volumes of the grid elements.
Min. volume: 0.000150915, max. volume: 36.4541.

# FGMRES residual history
# Residual tolerance target = 1e-10
# Initial residual norm     = 8.89136e-08
     0     1
# FGMRES final (true) residual:
# Iteration = 4: |res|/|res0| = 2.11831e-11.

Computing volumes of the grid elements.
Non-linear iter.: 363/500. Linear iter.: 4. Min. area: 0.000150911. Error: 2.11831e-11.
Computing volumes of the grid elements.
Min. volume: 0.000150911, max. volume: 36.4539.

# FGMRES residual history
# Residual tolerance target = 1e-10
# Initial residual norm     = 8.89017e-08
     0     1
# FGMRES final (true) residual:
# Iteration = 4: |res|/|res0| = 2.11814e-11.

Computing volumes of the grid elements.
Non-linear iter.: 364/500. Linear iter.: 4. Min. area: 0.000150907. Error: 2.11814e-11.
Computing volumes of the grid elements.
Min. volume: 0.000150907, max. volume: 36.4537.

# FGMRES residual history
# Residual tolerance target = 1e-10
# Initial residual norm     = 8.88898e-08
     0     1
# FGMRES final (true) residual:
# Iteration = 4: |res|/|res0| = 2.11797e-11.

Computing volumes of the grid elements.
Non-linear iter.: 365/500. Linear iter.: 4. Min. area: 0.000150903. Error: 2.11797e-11.
Computing volumes of the grid elements.
Min. volume: 0.000150903, max. volume: 36.4535.

# FGMRES residual history
# Residual tolerance target = 1e-10
# Initial residual norm     = 8.88779e-08
     0     1
# FGMRES final (true) residual:
# Iteration = 4: |res|/|res0| = 2.1178e-11.

Computing volumes of the grid elements.
Non-linear iter.: 366/500. Linear iter.: 4. Min. area: 0.000150899. Error: 2.1178e-11.
Computing volumes of the grid elements.
Min. volume: 0.000150899, max. volume: 36.4533.

# FGMRES residual history
# Residual tolerance target = 1e-10
# Initial residual norm     = 8.8866e-08
     0     1
# FGMRES final (true) residual:
# Iteration = 4: |res|/|res0| = 2.11763e-11.

Computing volumes of the grid elements.
Non-linear iter.: 367/500. Linear iter.: 4. Min. area: 0.000150895. Error: 2.11763e-11.
Computing volumes of the grid elements.
Min. volume: 0.000150895, max. volume: 36.4531.

# FGMRES residual history
# Residual tolerance target = 1e-10
# Initial residual norm     = 8.88541e-08
     0     1
# FGMRES final (true) residual:
# Iteration = 4: |res|/|res0| = 2.11747e-11.

Computing volumes of the grid elements.
Non-linear iter.: 368/500. Linear iter.: 4. Min. area: 0.00015089. Error: 2.11747e-11.
Computing volumes of the grid elements.
Min. volume: 0.00015089, max. volume: 36.4529.

# FGMRES residual history
# Residual tolerance target = 1e-10
# Initial residual norm     = 8.88422e-08
     0     1
# FGMRES final (true) residual:
# Iteration = 4: |res|/|res0| = 2.1173e-11.

Computing volumes of the grid elements.
Non-linear iter.: 369/500. Linear iter.: 4. Min. area: 0.000150886. Error: 2.1173e-11.
Computing volumes of the grid elements.
Min. volume: 0.000150886, max. volume: 36.4526.

# FGMRES residual history
# Residual tolerance target = 1e-10
# Initial residual norm     = 8.88303e-08
     0     1
# FGMRES final (true) residual:
# Iteration = 4: |res|/|res0| = 2.11713e-11.

Computing volumes of the grid elements.
Non-linear iter.: 370/500. Linear iter.: 4. Min. area: 0.000150882. Error: 2.11713e-11.
Computing volumes of the grid elements.
Min. volume: 0.000150882, max. volume: 36.4524.

# FGMRES residual history
# Residual tolerance target = 1e-10
# Initial residual norm     = 8.88184e-08
     0     1
# FGMRES final (true) residual:
# Iteration = 4: |res|/|res0| = 2.11696e-11.

Computing volumes of the grid elements.
Non-linear iter.: 371/500. Linear iter.: 4. Min. area: 0.000150878. Error: 2.11696e-11.
Computing volumes of the grid elements.
Min. volume: 0.000150878, max. volume: 36.4522.

# FGMRES residual history
# Residual tolerance target = 1e-10
# Initial residual norm     = 8.88065e-08
     0     1
# FGMRES final (true) residual:
# Iteration = 4: |res|/|res0| = 2.11679e-11.

Computing volumes of the grid elements.
Non-linear iter.: 372/500. Linear iter.: 4. Min. area: 0.000150874. Error: 2.11679e-11.
Computing volumes of the grid elements.
Min. volume: 0.000150874, max. volume: 36.452.

# FGMRES residual history
# Residual tolerance target = 1e-10
# Initial residual norm     = 8.87946e-08
     0     1
# FGMRES final (true) residual:
# Iteration = 4: |res|/|res0| = 2.11662e-11.

Computing volumes of the grid elements.
Non-linear iter.: 373/500. Linear iter.: 4. Min. area: 0.00015087. Error: 2.11662e-11.
Computing volumes of the grid elements.
Min. volume: 0.00015087, max. volume: 36.4518.

# FGMRES residual history
# Residual tolerance target = 1e-10
# Initial residual norm     = 8.87828e-08
     0     1
# FGMRES final (true) residual:
# Iteration = 4: |res|/|res0| = 2.11645e-11.

Computing volumes of the grid elements.
Non-linear iter.: 374/500. Linear iter.: 4. Min. area: 0.000150866. Error: 2.11645e-11.
Computing volumes of the grid elements.
Min. volume: 0.000150866, max. volume: 36.4516.

# FGMRES residual history
# Residual tolerance target = 1e-10
# Initial residual norm     = 8.87709e-08
     0     1
# FGMRES final (true) residual:
# Iteration = 4: |res|/|res0| = 2.11628e-11.

Computing volumes of the grid elements.
Non-linear iter.: 375/500. Linear iter.: 4. Min. area: 0.000150862. Error: 2.11628e-11.
Computing volumes of the grid elements.
Min. volume: 0.000150862, max. volume: 36.4514.

# FGMRES residual history
# Residual tolerance target = 1e-10
# Initial residual norm     = 8.8759e-08
     0     1
# FGMRES final (true) residual:
# Iteration = 4: |res|/|res0| = 2.11611e-11.

Computing volumes of the grid elements.
Non-linear iter.: 376/500. Linear iter.: 4. Min. area: 0.000150858. Error: 2.11611e-11.
Computing volumes of the grid elements.
Min. volume: 0.000150858, max. volume: 36.4512.

# FGMRES residual history
# Residual tolerance target = 1e-10
# Initial residual norm     = 8.87472e-08
     0     1
# FGMRES final (true) residual:
# Iteration = 4: |res|/|res0| = 2.11594e-11.

Computing volumes of the grid elements.
Non-linear iter.: 377/500. Linear iter.: 4. Min. area: 0.000150854. Error: 2.11594e-11.
Computing volumes of the grid elements.
Min. volume: 0.000150854, max. volume: 36.4509.

# FGMRES residual history
# Residual tolerance target = 1e-10
# Initial residual norm     = 8.87353e-08
     0     1
# FGMRES final (true) residual:
# Iteration = 4: |res|/|res0| = 2.11577e-11.

Computing volumes of the grid elements.
Non-linear iter.: 378/500. Linear iter.: 4. Min. area: 0.00015085. Error: 2.11577e-11.
Computing volumes of the grid elements.
Min. volume: 0.00015085, max. volume: 36.4507.

# FGMRES residual history
# Residual tolerance target = 1e-10
# Initial residual norm     = 8.87235e-08
     0     1
# FGMRES final (true) residual:
# Iteration = 4: |res|/|res0| = 2.1156e-11.

Computing volumes of the grid elements.
Non-linear iter.: 379/500. Linear iter.: 4. Min. area: 0.000150846. Error: 2.1156e-11.
Computing volumes of the grid elements.
Min. volume: 0.000150846, max. volume: 36.4505.

# FGMRES residual history
# Residual tolerance target = 1e-10
# Initial residual norm     = 8.87116e-08
     0     1
# FGMRES final (true) residual:
# Iteration = 4: |res|/|res0| = 2.11542e-11.

Computing volumes of the grid elements.
Non-linear iter.: 380/500. Linear iter.: 4. Min. area: 0.000150842. Error: 2.11542e-11.
Computing volumes of the grid elements.
Min. volume: 0.000150842, max. volume: 36.4503.

# FGMRES residual history
# Residual tolerance target = 1e-10
# Initial residual norm     = 8.86998e-08
     0     1
# FGMRES final (true) residual:
# Iteration = 4: |res|/|res0| = 2.11525e-11.

Computing volumes of the grid elements.
Non-linear iter.: 381/500. Linear iter.: 4. Min. area: 0.000150838. Error: 2.11525e-11.
Computing volumes of the grid elements.
Min. volume: 0.000150838, max. volume: 36.4501.

# FGMRES residual history
# Residual tolerance target = 1e-10
# Initial residual norm     = 8.86879e-08
     0     1
# FGMRES final (true) residual:
# Iteration = 4: |res|/|res0| = 2.11508e-11.

Computing volumes of the grid elements.
Non-linear iter.: 382/500. Linear iter.: 4. Min. area: 0.000150834. Error: 2.11508e-11.
Computing volumes of the grid elements.
Min. volume: 0.000150834, max. volume: 36.4499.

# FGMRES residual history
# Residual tolerance target = 1e-10
# Initial residual norm     = 8.86761e-08
     0     1
# FGMRES final (true) residual:
# Iteration = 4: |res|/|res0| = 2.11491e-11.

Computing volumes of the grid elements.
Non-linear iter.: 383/500. Linear iter.: 4. Min. area: 0.00015083. Error: 2.11491e-11.
Computing volumes of the grid elements.
Min. volume: 0.00015083, max. volume: 36.4497.

# FGMRES residual history
# Residual tolerance target = 1e-10
# Initial residual norm     = 8.86643e-08
     0     1
# FGMRES final (true) residual:
# Iteration = 4: |res|/|res0| = 2.11474e-11.

Computing volumes of the grid elements.
Non-linear iter.: 384/500. Linear iter.: 4. Min. area: 0.000150826. Error: 2.11474e-11.
Computing volumes of the grid elements.
Min. volume: 0.000150826, max. volume: 36.4495.

# FGMRES residual history
# Residual tolerance target = 1e-10
# Initial residual norm     = 8.86525e-08
     0     1
# FGMRES final (true) residual:
# Iteration = 4: |res|/|res0| = 2.11456e-11.

Computing volumes of the grid elements.
Non-linear iter.: 385/500. Linear iter.: 4. Min. area: 0.000150822. Error: 2.11456e-11.
Computing volumes of the grid elements.
Min. volume: 0.000150822, max. volume: 36.4492.

# FGMRES residual history
# Residual tolerance target = 1e-10
# Initial residual norm     = 8.86406e-08
     0     1
# FGMRES final (true) residual:
# Iteration = 4: |res|/|res0| = 2.11439e-11.

Computing volumes of the grid elements.
Non-linear iter.: 386/500. Linear iter.: 4. Min. area: 0.000150818. Error: 2.11439e-11.
Computing volumes of the grid elements.
Min. volume: 0.000150818, max. volume: 36.449.

# FGMRES residual history
# Residual tolerance target = 1e-10
# Initial residual norm     = 8.86288e-08
     0     1
# FGMRES final (true) residual:
# Iteration = 4: |res|/|res0| = 2.11422e-11.

Computing volumes of the grid elements.
Non-linear iter.: 387/500. Linear iter.: 4. Min. area: 0.000150814. Error: 2.11422e-11.
Computing volumes of the grid elements.
Min. volume: 0.000150814, max. volume: 36.4488.

# FGMRES residual history
# Residual tolerance target = 1e-10
# Initial residual norm     = 8.8617e-08
     0     1
# FGMRES final (true) residual:
# Iteration = 4: |res|/|res0| = 2.11404e-11.

Computing volumes of the grid elements.
Non-linear iter.: 388/500. Linear iter.: 4. Min. area: 0.00015081. Error: 2.11404e-11.
Computing volumes of the grid elements.
Min. volume: 0.00015081, max. volume: 36.4486.

# FGMRES residual history
# Residual tolerance target = 1e-10
# Initial residual norm     = 8.86052e-08
     0     1
# FGMRES final (true) residual:
# Iteration = 4: |res|/|res0| = 2.11387e-11.

Computing volumes of the grid elements.
Non-linear iter.: 389/500. Linear iter.: 4. Min. area: 0.000150806. Error: 2.11387e-11.
Computing volumes of the grid elements.
Min. volume: 0.000150806, max. volume: 36.4484.

# FGMRES residual history
# Residual tolerance target = 1e-10
# Initial residual norm     = 8.85934e-08
     0     1
# FGMRES final (true) residual:
# Iteration = 4: |res|/|res0| = 2.1137e-11.

Computing volumes of the grid elements.
Non-linear iter.: 390/500. Linear iter.: 4. Min. area: 0.000150802. Error: 2.1137e-11.
Computing volumes of the grid elements.
Min. volume: 0.000150802, max. volume: 36.4482.

# FGMRES residual history
# Residual tolerance target = 1e-10
# Initial residual norm     = 8.85816e-08
     0     1
# FGMRES final (true) residual:
# Iteration = 4: |res|/|res0| = 2.11352e-11.

Computing volumes of the grid elements.
Non-linear iter.: 391/500. Linear iter.: 4. Min. area: 0.000150798. Error: 2.11352e-11.
Computing volumes of the grid elements.
Min. volume: 0.000150798, max. volume: 36.448.

# FGMRES residual history
# Residual tolerance target = 1e-10
# Initial residual norm     = 8.85698e-08
     0     1
# FGMRES final (true) residual:
# Iteration = 4: |res|/|res0| = 2.11335e-11.

Computing volumes of the grid elements.
Non-linear iter.: 392/500. Linear iter.: 4. Min. area: 0.000150794. Error: 2.11335e-11.
Computing volumes of the grid elements.
Min. volume: 0.000150794, max. volume: 36.4478.

# FGMRES residual history
# Residual tolerance target = 1e-10
# Initial residual norm     = 8.8558e-08
     0     1
# FGMRES final (true) residual:
# Iteration = 4: |res|/|res0| = 2.11317e-11.

Computing volumes of the grid elements.
Non-linear iter.: 393/500. Linear iter.: 4. Min. area: 0.00015079. Error: 2.11317e-11.
Computing volumes of the grid elements.
Min. volume: 0.00015079, max. volume: 36.4476.

# FGMRES residual history
# Residual tolerance target = 1e-10
# Initial residual norm     = 8.85463e-08
     0     1
# FGMRES final (true) residual:
# Iteration = 4: |res|/|res0| = 2.113e-11.

Computing volumes of the grid elements.
Non-linear iter.: 394/500. Linear iter.: 4. Min. area: 0.000150785. Error: 2.113e-11.
Computing volumes of the grid elements.
Min. volume: 0.000150785, max. volume: 36.4473.

# FGMRES residual history
# Residual tolerance target = 1e-10
# Initial residual norm     = 8.85345e-08
     0     1
# FGMRES final (true) residual:
# Iteration = 4: |res|/|res0| = 2.11282e-11.

Computing volumes of the grid elements.
Non-linear iter.: 395/500. Linear iter.: 4. Min. area: 0.000150781. Error: 2.11282e-11.
Computing volumes of the grid elements.
Min. volume: 0.000150781, max. volume: 36.4471.

# FGMRES residual history
# Residual tolerance target = 1e-10
# Initial residual norm     = 8.85227e-08
     0     1
# FGMRES final (true) residual:
# Iteration = 4: |res|/|res0| = 2.11265e-11.

Computing volumes of the grid elements.
Non-linear iter.: 396/500. Linear iter.: 4. Min. area: 0.000150777. Error: 2.11265e-11.
Computing volumes of the grid elements.
Min. volume: 0.000150777, max. volume: 36.4469.

# FGMRES residual history
# Residual tolerance target = 1e-10
# Initial residual norm     = 8.8511e-08
     0     1
# FGMRES final (true) residual:
# Iteration = 4: |res|/|res0| = 2.11247e-11.

Computing volumes of the grid elements.
Non-linear iter.: 397/500. Linear iter.: 4. Min. area: 0.000150773. Error: 2.11247e-11.
Computing volumes of the grid elements.
Min. volume: 0.000150773, max. volume: 36.4467.

# FGMRES residual history
# Residual tolerance target = 1e-10
# Initial residual norm     = 8.84992e-08
     0     1
# FGMRES final (true) residual:
# Iteration = 4: |res|/|res0| = 2.1123e-11.

Computing volumes of the grid elements.
Non-linear iter.: 398/500. Linear iter.: 4. Min. area: 0.000150769. Error: 2.1123e-11.
Computing volumes of the grid elements.
Min. volume: 0.000150769, max. volume: 36.4465.

# FGMRES residual history
# Residual tolerance target = 1e-10
# Initial residual norm     = 8.84874e-08
     0     1
# FGMRES final (true) residual:
# Iteration = 4: |res|/|res0| = 2.11212e-11.

Computing volumes of the grid elements.
Non-linear iter.: 399/500. Linear iter.: 4. Min. area: 0.000150765. Error: 2.11212e-11.
Computing volumes of the grid elements.
Min. volume: 0.000150765, max. volume: 36.4463.

# FGMRES residual history
# Residual tolerance target = 1e-10
# Initial residual norm     = 8.84757e-08
     0     1
# FGMRES final (true) residual:
# Iteration = 4: |res|/|res0| = 2.11195e-11.

Computing volumes of the grid elements.
Non-linear iter.: 400/500. Linear iter.: 4. Min. area: 0.000150761. Error: 2.11195e-11.
Computing volumes of the grid elements.
Min. volume: 0.000150761, max. volume: 36.4461.

# FGMRES residual history
# Residual tolerance target = 1e-10
# Initial residual norm     = 8.84639e-08
     0     1
# FGMRES final (true) residual:
# Iteration = 4: |res|/|res0| = 2.11177e-11.

Computing volumes of the grid elements.
Non-linear iter.: 401/500. Linear iter.: 4. Min. area: 0.000150757. Error: 2.11177e-11.
Computing volumes of the grid elements.
Min. volume: 0.000150757, max. volume: 36.4459.

# FGMRES residual history
# Residual tolerance target = 1e-10
# Initial residual norm     = 8.84522e-08
     0     1
# FGMRES final (true) residual:
# Iteration = 4: |res|/|res0| = 2.11159e-11.

Computing volumes of the grid elements.
Non-linear iter.: 402/500. Linear iter.: 4. Min. area: 0.000150753. Error: 2.11159e-11.
Computing volumes of the grid elements.
Min. volume: 0.000150753, max. volume: 36.4456.

# FGMRES residual history
# Residual tolerance target = 1e-10
# Initial residual norm     = 8.84404e-08
     0     1
# FGMRES final (true) residual:
# Iteration = 4: |res|/|res0| = 2.11142e-11.

Computing volumes of the grid elements.
Non-linear iter.: 403/500. Linear iter.: 4. Min. area: 0.000150749. Error: 2.11142e-11.
Computing volumes of the grid elements.
Min. volume: 0.000150749, max. volume: 36.4454.

# FGMRES residual history
# Residual tolerance target = 1e-10
# Initial residual norm     = 8.84287e-08
     0     1
# FGMRES final (true) residual:
# Iteration = 4: |res|/|res0| = 2.11124e-11.

Computing volumes of the grid elements.
Non-linear iter.: 404/500. Linear iter.: 4. Min. area: 0.000150745. Error: 2.11124e-11.
Computing volumes of the grid elements.
Min. volume: 0.000150745, max. volume: 36.4452.

# FGMRES residual history
# Residual tolerance target = 1e-10
# Initial residual norm     = 8.8417e-08
     0     1
# FGMRES final (true) residual:
# Iteration = 4: |res|/|res0| = 2.11106e-11.

Computing volumes of the grid elements.
Non-linear iter.: 405/500. Linear iter.: 4. Min. area: 0.000150741. Error: 2.11106e-11.
Computing volumes of the grid elements.
Min. volume: 0.000150741, max. volume: 36.445.

# FGMRES residual history
# Residual tolerance target = 1e-10
# Initial residual norm     = 8.84053e-08
     0     1
# FGMRES final (true) residual:
# Iteration = 4: |res|/|res0| = 2.11088e-11.

Computing volumes of the grid elements.
Non-linear iter.: 406/500. Linear iter.: 4. Min. area: 0.000150737. Error: 2.11088e-11.
Computing volumes of the grid elements.
Min. volume: 0.000150737, max. volume: 36.4448.

# FGMRES residual history
# Residual tolerance target = 1e-10
# Initial residual norm     = 8.83935e-08
     0     1
# FGMRES final (true) residual:
# Iteration = 4: |res|/|res0| = 2.11071e-11.

Computing volumes of the grid elements.
Non-linear iter.: 407/500. Linear iter.: 4. Min. area: 0.000150733. Error: 2.11071e-11.
Computing volumes of the grid elements.
Min. volume: 0.000150733, max. volume: 36.4446.

# FGMRES residual history
# Residual tolerance target = 1e-10
# Initial residual norm     = 8.83818e-08
     0     1
# FGMRES final (true) residual:
# Iteration = 4: |res|/|res0| = 2.11053e-11.

Computing volumes of the grid elements.
Non-linear iter.: 408/500. Linear iter.: 4. Min. area: 0.000150729. Error: 2.11053e-11.
Computing volumes of the grid elements.
Min. volume: 0.000150729, max. volume: 36.4444.

# FGMRES residual history
# Residual tolerance target = 1e-10
# Initial residual norm     = 8.83701e-08
     0     1
# FGMRES final (true) residual:
# Iteration = 4: |res|/|res0| = 2.11035e-11.

Computing volumes of the grid elements.
Non-linear iter.: 409/500. Linear iter.: 4. Min. area: 0.000150725. Error: 2.11035e-11.
Computing volumes of the grid elements.
Min. volume: 0.000150725, max. volume: 36.4442.

# FGMRES residual history
# Residual tolerance target = 1e-10
# Initial residual norm     = 8.83584e-08
     0     1
# FGMRES final (true) residual:
# Iteration = 4: |res|/|res0| = 2.11017e-11.

Computing volumes of the grid elements.
Non-linear iter.: 410/500. Linear iter.: 4. Min. area: 0.000150721. Error: 2.11017e-11.
Computing volumes of the grid elements.
Min. volume: 0.000150721, max. volume: 36.444.

# FGMRES residual history
# Residual tolerance target = 1e-10
# Initial residual norm     = 8.83467e-08
     0     1
# FGMRES final (true) residual:
# Iteration = 4: |res|/|res0| = 2.10999e-11.

Computing volumes of the grid elements.
Non-linear iter.: 411/500. Linear iter.: 4. Min. area: 0.000150717. Error: 2.10999e-11.
Computing volumes of the grid elements.
Min. volume: 0.000150717, max. volume: 36.4437.

# FGMRES residual history
# Residual tolerance target = 1e-10
# Initial residual norm     = 8.8335e-08
     0     1
# FGMRES final (true) residual:
# Iteration = 4: |res|/|res0| = 2.10981e-11.

Computing volumes of the grid elements.
Non-linear iter.: 412/500. Linear iter.: 4. Min. area: 0.000150713. Error: 2.10981e-11.
Computing volumes of the grid elements.
Min. volume: 0.000150713, max. volume: 36.4435.

# FGMRES residual history
# Residual tolerance target = 1e-10
# Initial residual norm     = 8.83233e-08
     0     1
# FGMRES final (true) residual:
# Iteration = 4: |res|/|res0| = 2.10963e-11.

Computing volumes of the grid elements.
Non-linear iter.: 413/500. Linear iter.: 4. Min. area: 0.000150709. Error: 2.10963e-11.
Computing volumes of the grid elements.
Min. volume: 0.000150709, max. volume: 36.4433.

# FGMRES residual history
# Residual tolerance target = 1e-10
# Initial residual norm     = 8.83116e-08
     0     1
# FGMRES final (true) residual:
# Iteration = 4: |res|/|res0| = 2.10945e-11.

Computing volumes of the grid elements.
Non-linear iter.: 414/500. Linear iter.: 4. Min. area: 0.000150705. Error: 2.10945e-11.
Computing volumes of the grid elements.
Min. volume: 0.000150705, max. volume: 36.4431.

# FGMRES residual history
# Residual tolerance target = 1e-10
# Initial residual norm     = 8.82999e-08
     0     1
# FGMRES final (true) residual:
# Iteration = 4: |res|/|res0| = 2.10927e-11.

Computing volumes of the grid elements.
Non-linear iter.: 415/500. Linear iter.: 4. Min. area: 0.000150701. Error: 2.10927e-11.
Computing volumes of the grid elements.
Min. volume: 0.000150701, max. volume: 36.4429.

# FGMRES residual history
# Residual tolerance target = 1e-10
# Initial residual norm     = 8.82883e-08
     0     1
# FGMRES final (true) residual:
# Iteration = 4: |res|/|res0| = 2.10909e-11.

Computing volumes of the grid elements.
Non-linear iter.: 416/500. Linear iter.: 4. Min. area: 0.000150697. Error: 2.10909e-11.
Computing volumes of the grid elements.
Min. volume: 0.000150697, max. volume: 36.4427.

# FGMRES residual history
# Residual tolerance target = 1e-10
# Initial residual norm     = 8.82766e-08
     0     1
# FGMRES final (true) residual:
# Iteration = 4: |res|/|res0| = 2.10891e-11.

Computing volumes of the grid elements.
Non-linear iter.: 417/500. Linear iter.: 4. Min. area: 0.000150693. Error: 2.10891e-11.
Computing volumes of the grid elements.
Min. volume: 0.000150693, max. volume: 36.4425.

# FGMRES residual history
# Residual tolerance target = 1e-10
# Initial residual norm     = 8.82649e-08
     0     1
# FGMRES final (true) residual:
# Iteration = 4: |res|/|res0| = 2.10873e-11.

Computing volumes of the grid elements.
Non-linear iter.: 418/500. Linear iter.: 4. Min. area: 0.000150689. Error: 2.10873e-11.
Computing volumes of the grid elements.
Min. volume: 0.000150689, max. volume: 36.4423.

# FGMRES residual history
# Residual tolerance target = 1e-10
# Initial residual norm     = 8.82533e-08
     0     1
# FGMRES final (true) residual:
# Iteration = 4: |res|/|res0| = 2.10855e-11.

Computing volumes of the grid elements.
Non-linear iter.: 419/500. Linear iter.: 4. Min. area: 0.000150685. Error: 2.10855e-11.
Computing volumes of the grid elements.
Min. volume: 0.000150685, max. volume: 36.4421.

# FGMRES residual history
# Residual tolerance target = 1e-10
# Initial residual norm     = 8.82416e-08
     0     1
# FGMRES final (true) residual:
# Iteration = 4: |res|/|res0| = 2.10837e-11.

Computing volumes of the grid elements.
Non-linear iter.: 420/500. Linear iter.: 4. Min. area: 0.000150681. Error: 2.10837e-11.
Computing volumes of the grid elements.
Min. volume: 0.000150681, max. volume: 36.4418.

# FGMRES residual history
# Residual tolerance target = 1e-10
# Initial residual norm     = 8.82299e-08
     0     1
# FGMRES final (true) residual:
# Iteration = 4: |res|/|res0| = 2.10819e-11.

Computing volumes of the grid elements.
Non-linear iter.: 421/500. Linear iter.: 4. Min. area: 0.000150677. Error: 2.10819e-11.
Computing volumes of the grid elements.
Min. volume: 0.000150677, max. volume: 36.4416.

# FGMRES residual history
# Residual tolerance target = 1e-10
# Initial residual norm     = 8.82183e-08
     0     1
# FGMRES final (true) residual:
# Iteration = 4: |res|/|res0| = 2.10801e-11.

Computing volumes of the grid elements.
Non-linear iter.: 422/500. Linear iter.: 4. Min. area: 0.000150673. Error: 2.10801e-11.
Computing volumes of the grid elements.
Min. volume: 0.000150673, max. volume: 36.4414.

# FGMRES residual history
# Residual tolerance target = 1e-10
# Initial residual norm     = 8.82066e-08
     0     1
# FGMRES final (true) residual:
# Iteration = 4: |res|/|res0| = 2.10783e-11.

Computing volumes of the grid elements.
Non-linear iter.: 423/500. Linear iter.: 4. Min. area: 0.000150669. Error: 2.10783e-11.
Computing volumes of the grid elements.
Min. volume: 0.000150669, max. volume: 36.4412.

# FGMRES residual history
# Residual tolerance target = 1e-10
# Initial residual norm     = 8.8195e-08
     0     1
# FGMRES final (true) residual:
# Iteration = 4: |res|/|res0| = 2.10765e-11.

Computing volumes of the grid elements.
Non-linear iter.: 424/500. Linear iter.: 4. Min. area: 0.000150665. Error: 2.10765e-11.
Computing volumes of the grid elements.
Min. volume: 0.000150665, max. volume: 36.441.

# FGMRES residual history
# Residual tolerance target = 1e-10
# Initial residual norm     = 8.81834e-08
     0     1
# FGMRES final (true) residual:
# Iteration = 4: |res|/|res0| = 2.10747e-11.

Computing volumes of the grid elements.
Non-linear iter.: 425/500. Linear iter.: 4. Min. area: 0.000150661. Error: 2.10747e-11.
Computing volumes of the grid elements.
Min. volume: 0.000150661, max. volume: 36.4408.

# FGMRES residual history
# Residual tolerance target = 1e-10
# Initial residual norm     = 8.81717e-08
     0     1
# FGMRES final (true) residual:
# Iteration = 4: |res|/|res0| = 2.10728e-11.

Computing volumes of the grid elements.
Non-linear iter.: 426/500. Linear iter.: 4. Min. area: 0.000150657. Error: 2.10728e-11.
Computing volumes of the grid elements.
Min. volume: 0.000150657, max. volume: 36.4406.

# FGMRES residual history
# Residual tolerance target = 1e-10
# Initial residual norm     = 8.81601e-08
     0     1
# FGMRES final (true) residual:
# Iteration = 4: |res|/|res0| = 2.1071e-11.

Computing volumes of the grid elements.
Non-linear iter.: 427/500. Linear iter.: 4. Min. area: 0.000150653. Error: 2.1071e-11.
Computing volumes of the grid elements.
Min. volume: 0.000150653, max. volume: 36.4404.

# FGMRES residual history
# Residual tolerance target = 1e-10
# Initial residual norm     = 8.81485e-08
     0     1
# FGMRES final (true) residual:
# Iteration = 4: |res|/|res0| = 2.10692e-11.

Computing volumes of the grid elements.
Non-linear iter.: 428/500. Linear iter.: 4. Min. area: 0.000150649. Error: 2.10692e-11.
Computing volumes of the grid elements.
Min. volume: 0.000150649, max. volume: 36.4402.

# FGMRES residual history
# Residual tolerance target = 1e-10
# Initial residual norm     = 8.81369e-08
     0     1
# FGMRES final (true) residual:
# Iteration = 4: |res|/|res0| = 2.10674e-11.

Computing volumes of the grid elements.
Non-linear iter.: 429/500. Linear iter.: 4. Min. area: 0.000150645. Error: 2.10674e-11.
Computing volumes of the grid elements.
Min. volume: 0.000150645, max. volume: 36.4399.

# FGMRES residual history
# Residual tolerance target = 1e-10
# Initial residual norm     = 8.81253e-08
     0     1
# FGMRES final (true) residual:
# Iteration = 4: |res|/|res0| = 2.10655e-11.

Computing volumes of the grid elements.
Non-linear iter.: 430/500. Linear iter.: 4. Min. area: 0.000150641. Error: 2.10655e-11.
Computing volumes of the grid elements.
Min. volume: 0.000150641, max. volume: 36.4397.

# FGMRES residual history
# Residual tolerance target = 1e-10
# Initial residual norm     = 8.81136e-08
     0     1
# FGMRES final (true) residual:
# Iteration = 4: |res|/|res0| = 2.10637e-11.

Computing volumes of the grid elements.
Non-linear iter.: 431/500. Linear iter.: 4. Min. area: 0.000150637. Error: 2.10637e-11.
Computing volumes of the grid elements.
Min. volume: 0.000150637, max. volume: 36.4395.

# FGMRES residual history
# Residual tolerance target = 1e-10
# Initial residual norm     = 8.8102e-08
     0     1
# FGMRES final (true) residual:
# Iteration = 4: |res|/|res0| = 2.10619e-11.

Computing volumes of the grid elements.
Non-linear iter.: 432/500. Linear iter.: 4. Min. area: 0.000150633. Error: 2.10619e-11.
Computing volumes of the grid elements.
Min. volume: 0.000150633, max. volume: 36.4393.

# FGMRES residual history
# Residual tolerance target = 1e-10
# Initial residual norm     = 8.80904e-08
     0     1
# FGMRES final (true) residual:
# Iteration = 4: |res|/|res0| = 2.106e-11.

Computing volumes of the grid elements.
Non-linear iter.: 433/500. Linear iter.: 4. Min. area: 0.000150629. Error: 2.106e-11.
Computing volumes of the grid elements.
Min. volume: 0.000150629, max. volume: 36.4391.

# FGMRES residual history
# Residual tolerance target = 1e-10
# Initial residual norm     = 8.80788e-08
     0     1
# FGMRES final (true) residual:
# Iteration = 4: |res|/|res0| = 2.10582e-11.

Computing volumes of the grid elements.
Non-linear iter.: 434/500. Linear iter.: 4. Min. area: 0.000150625. Error: 2.10582e-11.
Computing volumes of the grid elements.
Min. volume: 0.000150625, max. volume: 36.4389.

# FGMRES residual history
# Residual tolerance target = 1e-10
# Initial residual norm     = 8.80673e-08
     0     1
# FGMRES final (true) residual:
# Iteration = 4: |res|/|res0| = 2.10563e-11.

Computing volumes of the grid elements.
Non-linear iter.: 435/500. Linear iter.: 4. Min. area: 0.000150621. Error: 2.10563e-11.
Computing volumes of the grid elements.
Min. volume: 0.000150621, max. volume: 36.4387.

# FGMRES residual history
# Residual tolerance target = 1e-10
# Initial residual norm     = 8.80557e-08
     0     1
# FGMRES final (true) residual:
# Iteration = 4: |res|/|res0| = 2.10545e-11.

Computing volumes of the grid elements.
Non-linear iter.: 436/500. Linear iter.: 4. Min. area: 0.000150617. Error: 2.10545e-11.
Computing volumes of the grid elements.
Min. volume: 0.000150617, max. volume: 36.4385.

# FGMRES residual history
# Residual tolerance target = 1e-10
# Initial residual norm     = 8.80441e-08
     0     1
# FGMRES final (true) residual:
# Iteration = 4: |res|/|res0| = 2.10526e-11.

Computing volumes of the grid elements.
Non-linear iter.: 437/500. Linear iter.: 4. Min. area: 0.000150613. Error: 2.10526e-11.
Computing volumes of the grid elements.
Min. volume: 0.000150613, max. volume: 36.4383.

# FGMRES residual history
# Residual tolerance target = 1e-10
# Initial residual norm     = 8.80325e-08
     0     1
# FGMRES final (true) residual:
# Iteration = 4: |res|/|res0| = 2.10508e-11.

Computing volumes of the grid elements.
Non-linear iter.: 438/500. Linear iter.: 4. Min. area: 0.000150609. Error: 2.10508e-11.
Computing volumes of the grid elements.
Min. volume: 0.000150609, max. volume: 36.4381.

# FGMRES residual history
# Residual tolerance target = 1e-10
# Initial residual norm     = 8.80209e-08
     0     1
# FGMRES final (true) residual:
# Iteration = 4: |res|/|res0| = 2.10489e-11.

Computing volumes of the grid elements.
Non-linear iter.: 439/500. Linear iter.: 4. Min. area: 0.000150605. Error: 2.10489e-11.
Computing volumes of the grid elements.
Min. volume: 0.000150605, max. volume: 36.4378.

# FGMRES residual history
# Residual tolerance target = 1e-10
# Initial residual norm     = 8.80094e-08
     0     1
# FGMRES final (true) residual:
# Iteration = 4: |res|/|res0| = 2.10471e-11.

Computing volumes of the grid elements.
Non-linear iter.: 440/500. Linear iter.: 4. Min. area: 0.000150601. Error: 2.10471e-11.
Computing volumes of the grid elements.
Min. volume: 0.000150601, max. volume: 36.4376.

# FGMRES residual history
# Residual tolerance target = 1e-10
# Initial residual norm     = 8.79978e-08
     0     1
# FGMRES final (true) residual:
# Iteration = 4: |res|/|res0| = 2.10452e-11.

Computing volumes of the grid elements.
Non-linear iter.: 441/500. Linear iter.: 4. Min. area: 0.000150597. Error: 2.10452e-11.
Computing volumes of the grid elements.
Min. volume: 0.000150597, max. volume: 36.4374.

# FGMRES residual history
# Residual tolerance target = 1e-10
# Initial residual norm     = 8.79863e-08
     0     1
# FGMRES final (true) residual:
# Iteration = 4: |res|/|res0| = 2.10434e-11.

Computing volumes of the grid elements.
Non-linear iter.: 442/500. Linear iter.: 4. Min. area: 0.000150593. Error: 2.10434e-11.
Computing volumes of the grid elements.
Min. volume: 0.000150593, max. volume: 36.4372.

# FGMRES residual history
# Residual tolerance target = 1e-10
# Initial residual norm     = 8.79747e-08
     0     1
# FGMRES final (true) residual:
# Iteration = 4: |res|/|res0| = 2.10415e-11.

Computing volumes of the grid elements.
Non-linear iter.: 443/500. Linear iter.: 4. Min. area: 0.000150589. Error: 2.10415e-11.
Computing volumes of the grid elements.
Min. volume: 0.000150589, max. volume: 36.437.

# FGMRES residual history
# Residual tolerance target = 1e-10
# Initial residual norm     = 8.79632e-08
     0     1
# FGMRES final (true) residual:
# Iteration = 4: |res|/|res0| = 2.10397e-11.

Computing volumes of the grid elements.
Non-linear iter.: 444/500. Linear iter.: 4. Min. area: 0.000150585. Error: 2.10397e-11.
Computing volumes of the grid elements.
Min. volume: 0.000150585, max. volume: 36.4368.

# FGMRES residual history
# Residual tolerance target = 1e-10
# Initial residual norm     = 8.79516e-08
     0     1
# FGMRES final (true) residual:
# Iteration = 4: |res|/|res0| = 2.10378e-11.

Computing volumes of the grid elements.
Non-linear iter.: 445/500. Linear iter.: 4. Min. area: 0.000150581. Error: 2.10378e-11.
Computing volumes of the grid elements.
Min. volume: 0.000150581, max. volume: 36.4366.

# FGMRES residual history
# Residual tolerance target = 1e-10
# Initial residual norm     = 8.79401e-08
     0     1
# FGMRES final (true) residual:
# Iteration = 4: |res|/|res0| = 2.10359e-11.

Computing volumes of the grid elements.
Non-linear iter.: 446/500. Linear iter.: 4. Min. area: 0.000150577. Error: 2.10359e-11.
Computing volumes of the grid elements.
Min. volume: 0.000150577, max. volume: 36.4364.

# FGMRES residual history
# Residual tolerance target = 1e-10
# Initial residual norm     = 8.79286e-08
     0     1
# FGMRES final (true) residual:
# Iteration = 4: |res|/|res0| = 2.10341e-11.

Computing volumes of the grid elements.
Non-linear iter.: 447/500. Linear iter.: 4. Min. area: 0.000150573. Error: 2.10341e-11.
Computing volumes of the grid elements.
Min. volume: 0.000150573, max. volume: 36.4362.

# FGMRES residual history
# Residual tolerance target = 1e-10
# Initial residual norm     = 8.7917e-08
     0     1
# FGMRES final (true) residual:
# Iteration = 4: |res|/|res0| = 2.10322e-11.

Computing volumes of the grid elements.
Non-linear iter.: 448/500. Linear iter.: 4. Min. area: 0.000150569. Error: 2.10322e-11.
Computing volumes of the grid elements.
Min. volume: 0.000150569, max. volume: 36.4359.

# FGMRES residual history
# Residual tolerance target = 1e-10
# Initial residual norm     = 8.79055e-08
     0     1
# FGMRES final (true) residual:
# Iteration = 4: |res|/|res0| = 2.10303e-11.

Computing volumes of the grid elements.
Non-linear iter.: 449/500. Linear iter.: 4. Min. area: 0.000150565. Error: 2.10303e-11.
Computing volumes of the grid elements.
Min. volume: 0.000150565, max. volume: 36.4357.

# FGMRES residual history
# Residual tolerance target = 1e-10
# Initial residual norm     = 8.7894e-08
     0     1
# FGMRES final (true) residual:
# Iteration = 4: |res|/|res0| = 2.10284e-11.

Computing volumes of the grid elements.
Non-linear iter.: 450/500. Linear iter.: 4. Min. area: 0.000150561. Error: 2.10284e-11.
Computing volumes of the grid elements.
Min. volume: 0.000150561, max. volume: 36.4355.

# FGMRES residual history
# Residual tolerance target = 1e-10
# Initial residual norm     = 8.78825e-08
     0     1
# FGMRES final (true) residual:
# Iteration = 4: |res|/|res0| = 2.10266e-11.

Computing volumes of the grid elements.
Non-linear iter.: 451/500. Linear iter.: 4. Min. area: 0.000150557. Error: 2.10266e-11.
Computing volumes of the grid elements.
Min. volume: 0.000150557, max. volume: 36.4353.

# FGMRES residual history
# Residual tolerance target = 1e-10
# Initial residual norm     = 8.7871e-08
     0     1
# FGMRES final (true) residual:
# Iteration = 4: |res|/|res0| = 2.10247e-11.

Computing volumes of the grid elements.
Non-linear iter.: 452/500. Linear iter.: 4. Min. area: 0.000150553. Error: 2.10247e-11.
Computing volumes of the grid elements.
Min. volume: 0.000150553, max. volume: 36.4351.

# FGMRES residual history
# Residual tolerance target = 1e-10
# Initial residual norm     = 8.78595e-08
     0     1
# FGMRES final (true) residual:
# Iteration = 4: |res|/|res0| = 2.10228e-11.

Computing volumes of the grid elements.
Non-linear iter.: 453/500. Linear iter.: 4. Min. area: 0.000150549. Error: 2.10228e-11.
Computing volumes of the grid elements.
Min. volume: 0.000150549, max. volume: 36.4349.

# FGMRES residual history
# Residual tolerance target = 1e-10
# Initial residual norm     = 8.7848e-08
     0     1
# FGMRES final (true) residual:
# Iteration = 4: |res|/|res0| = 2.10209e-11.

Computing volumes of the grid elements.
Non-linear iter.: 454/500. Linear iter.: 4. Min. area: 0.000150545. Error: 2.10209e-11.
Computing volumes of the grid elements.
Min. volume: 0.000150545, max. volume: 36.4347.

# FGMRES residual history
# Residual tolerance target = 1e-10
# Initial residual norm     = 8.78365e-08
     0     1
# FGMRES final (true) residual:
# Iteration = 4: |res|/|res0| = 2.1019e-11.

Computing volumes of the grid elements.
Non-linear iter.: 455/500. Linear iter.: 4. Min. area: 0.000150541. Error: 2.1019e-11.
Computing volumes of the grid elements.
Min. volume: 0.000150541, max. volume: 36.4345.

# FGMRES residual history
# Residual tolerance target = 1e-10
# Initial residual norm     = 8.7825e-08
     0     1
# FGMRES final (true) residual:
# Iteration = 4: |res|/|res0| = 2.10171e-11.

Computing volumes of the grid elements.
Non-linear iter.: 456/500. Linear iter.: 4. Min. area: 0.000150537. Error: 2.10171e-11.
Computing volumes of the grid elements.
Min. volume: 0.000150537, max. volume: 36.4343.

# FGMRES residual history
# Residual tolerance target = 1e-10
# Initial residual norm     = 8.78135e-08
     0     1
# FGMRES final (true) residual:
# Iteration = 4: |res|/|res0| = 2.10152e-11.

Computing volumes of the grid elements.
Non-linear iter.: 457/500. Linear iter.: 4. Min. area: 0.000150533. Error: 2.10152e-11.
Computing volumes of the grid elements.
Min. volume: 0.000150533, max. volume: 36.4341.

# FGMRES residual history
# Residual tolerance target = 1e-10
# Initial residual norm     = 8.7802e-08
     0     1
# FGMRES final (true) residual:
# Iteration = 4: |res|/|res0| = 2.10134e-11.

Computing volumes of the grid elements.
Non-linear iter.: 458/500. Linear iter.: 4. Min. area: 0.000150529. Error: 2.10134e-11.
Computing volumes of the grid elements.
Min. volume: 0.000150529, max. volume: 36.4338.

# FGMRES residual history
# Residual tolerance target = 1e-10
# Initial residual norm     = 8.77905e-08
     0     1
# FGMRES final (true) residual:
# Iteration = 4: |res|/|res0| = 2.10115e-11.

Computing volumes of the grid elements.
Non-linear iter.: 459/500. Linear iter.: 4. Min. area: 0.000150525. Error: 2.10115e-11.
Computing volumes of the grid elements.
Min. volume: 0.000150525, max. volume: 36.4336.

# FGMRES residual history
# Residual tolerance target = 1e-10
# Initial residual norm     = 8.77791e-08
     0     1
# FGMRES final (true) residual:
# Iteration = 4: |res|/|res0| = 2.10096e-11.

Computing volumes of the grid elements.
Non-linear iter.: 460/500. Linear iter.: 4. Min. area: 0.000150521. Error: 2.10096e-11.
Computing volumes of the grid elements.
Min. volume: 0.000150521, max. volume: 36.4334.

# FGMRES residual history
# Residual tolerance target = 1e-10
# Initial residual norm     = 8.77676e-08
     0     1
# FGMRES final (true) residual:
# Iteration = 4: |res|/|res0| = 2.10077e-11.

Computing volumes of the grid elements.
Non-linear iter.: 461/500. Linear iter.: 4. Min. area: 0.000150517. Error: 2.10077e-11.
Computing volumes of the grid elements.
Min. volume: 0.000150517, max. volume: 36.4332.

# FGMRES residual history
# Residual tolerance target = 1e-10
# Initial residual norm     = 8.77561e-08
     0     1
# FGMRES final (true) residual:
# Iteration = 4: |res|/|res0| = 2.10058e-11.

Computing volumes of the grid elements.
Non-linear iter.: 462/500. Linear iter.: 4. Min. area: 0.000150513. Error: 2.10058e-11.
Computing volumes of the grid elements.
Min. volume: 0.000150513, max. volume: 36.433.

# FGMRES residual history
# Residual tolerance target = 1e-10
# Initial residual norm     = 8.77447e-08
     0     1
# FGMRES final (true) residual:
# Iteration = 4: |res|/|res0| = 2.10039e-11.

Computing volumes of the grid elements.
Non-linear iter.: 463/500. Linear iter.: 4. Min. area: 0.000150509. Error: 2.10039e-11.
Computing volumes of the grid elements.
Min. volume: 0.000150509, max. volume: 36.4328.

# FGMRES residual history
# Residual tolerance target = 1e-10
# Initial residual norm     = 8.77332e-08
     0     1
# FGMRES final (true) residual:
# Iteration = 4: |res|/|res0| = 2.1002e-11.

Computing volumes of the grid elements.
Non-linear iter.: 464/500. Linear iter.: 4. Min. area: 0.000150505. Error: 2.1002e-11.
Computing volumes of the grid elements.
Min. volume: 0.000150505, max. volume: 36.4326.

# FGMRES residual history
# Residual tolerance target = 1e-10
# Initial residual norm     = 8.77218e-08
     0     1
# FGMRES final (true) residual:
# Iteration = 4: |res|/|res0| = 2.1e-11.

Computing volumes of the grid elements.
Non-linear iter.: 465/500. Linear iter.: 4. Min. area: 0.000150501. Error: 2.1e-11.
Computing volumes of the grid elements.
Min. volume: 0.000150501, max. volume: 36.4324.

# FGMRES residual history
# Residual tolerance target = 1e-10
# Initial residual norm     = 8.77103e-08
     0     1
# FGMRES final (true) residual:
# Iteration = 4: |res|/|res0| = 2.09981e-11.

Computing volumes of the grid elements.
Non-linear iter.: 466/500. Linear iter.: 4. Min. area: 0.000150497. Error: 2.09981e-11.
Computing volumes of the grid elements.
Min. volume: 0.000150497, max. volume: 36.4322.

# FGMRES residual history
# Residual tolerance target = 1e-10
# Initial residual norm     = 8.76989e-08
     0     1
# FGMRES final (true) residual:
# Iteration = 4: |res|/|res0| = 2.09962e-11.

Computing volumes of the grid elements.
Non-linear iter.: 467/500. Linear iter.: 4. Min. area: 0.000150493. Error: 2.09962e-11.
Computing volumes of the grid elements.
Min. volume: 0.000150493, max. volume: 36.432.

# FGMRES residual history
# Residual tolerance target = 1e-10
# Initial residual norm     = 8.76875e-08
     0     1
# FGMRES final (true) residual:
# Iteration = 4: |res|/|res0| = 2.09943e-11.

Computing volumes of the grid elements.
Non-linear iter.: 468/500. Linear iter.: 4. Min. area: 0.000150489. Error: 2.09943e-11.
Computing volumes of the grid elements.
Min. volume: 0.000150489, max. volume: 36.4317.

# FGMRES residual history
# Residual tolerance target = 1e-10
# Initial residual norm     = 8.7676e-08
     0     1
# FGMRES final (true) residual:
# Iteration = 4: |res|/|res0| = 2.09924e-11.

Computing volumes of the grid elements.
Non-linear iter.: 469/500. Linear iter.: 4. Min. area: 0.000150485. Error: 2.09924e-11.
Computing volumes of the grid elements.
Min. volume: 0.000150485, max. volume: 36.4315.

# FGMRES residual history
# Residual tolerance target = 1e-10
# Initial residual norm     = 8.76646e-08
     0     1
# FGMRES final (true) residual:
# Iteration = 4: |res|/|res0| = 2.09905e-11.

Computing volumes of the grid elements.
Non-linear iter.: 470/500. Linear iter.: 4. Min. area: 0.000150481. Error: 2.09905e-11.
Computing volumes of the grid elements.
Min. volume: 0.000150481, max. volume: 36.4313.

# FGMRES residual history
# Residual tolerance target = 1e-10
# Initial residual norm     = 8.76532e-08
     0     1
# FGMRES final (true) residual:
# Iteration = 4: |res|/|res0| = 2.09885e-11.

Computing volumes of the grid elements.
Non-linear iter.: 471/500. Linear iter.: 4. Min. area: 0.000150477. Error: 2.09885e-11.
Computing volumes of the grid elements.
Min. volume: 0.000150477, max. volume: 36.4311.

# FGMRES residual history
# Residual tolerance target = 1e-10
# Initial residual norm     = 8.76418e-08
     0     1
# FGMRES final (true) residual:
# Iteration = 4: |res|/|res0| = 2.09866e-11.

Computing volumes of the grid elements.
Non-linear iter.: 472/500. Linear iter.: 4. Min. area: 0.000150473. Error: 2.09866e-11.
Computing volumes of the grid elements.
Min. volume: 0.000150473, max. volume: 36.4309.

# FGMRES residual history
# Residual tolerance target = 1e-10
# Initial residual norm     = 8.76304e-08
     0     1
# FGMRES final (true) residual:
# Iteration = 4: |res|/|res0| = 2.09847e-11.

Computing volumes of the grid elements.
Non-linear iter.: 473/500. Linear iter.: 4. Min. area: 0.000150469. Error: 2.09847e-11.
Computing volumes of the grid elements.
Min. volume: 0.000150469, max. volume: 36.4307.

# FGMRES residual history
# Residual tolerance target = 1e-10
# Initial residual norm     = 8.7619e-08
     0     1
# FGMRES final (true) residual:
# Iteration = 4: |res|/|res0| = 2.09828e-11.

Computing volumes of the grid elements.
Non-linear iter.: 474/500. Linear iter.: 4. Min. area: 0.000150465. Error: 2.09828e-11.
Computing volumes of the grid elements.
Min. volume: 0.000150465, max. volume: 36.4305.

# FGMRES residual history
# Residual tolerance target = 1e-10
# Initial residual norm     = 8.76076e-08
     0     1
# FGMRES final (true) residual:
# Iteration = 4: |res|/|res0| = 2.09808e-11.

Computing volumes of the grid elements.
Non-linear iter.: 475/500. Linear iter.: 4. Min. area: 0.000150461. Error: 2.09808e-11.
Computing volumes of the grid elements.
Min. volume: 0.000150461, max. volume: 36.4303.

# FGMRES residual history
# Residual tolerance target = 1e-10
# Initial residual norm     = 8.75962e-08
     0     1
# FGMRES final (true) residual:
# Iteration = 4: |res|/|res0| = 2.09789e-11.

Computing volumes of the grid elements.
Non-linear iter.: 476/500. Linear iter.: 4. Min. area: 0.000150457. Error: 2.09789e-11.
Computing volumes of the grid elements.
Min. volume: 0.000150457, max. volume: 36.4301.

# FGMRES residual history
# Residual tolerance target = 1e-10
# Initial residual norm     = 8.75848e-08
     0     1
# FGMRES final (true) residual:
# Iteration = 4: |res|/|res0| = 2.0977e-11.

Computing volumes of the grid elements.
Non-linear iter.: 477/500. Linear iter.: 4. Min. area: 0.000150453. Error: 2.0977e-11.
Computing volumes of the grid elements.
Min. volume: 0.000150453, max. volume: 36.4299.

# FGMRES residual history
# Residual tolerance target = 1e-10
# Initial residual norm     = 8.75734e-08
     0     1
# FGMRES final (true) residual:
# Iteration = 4: |res|/|res0| = 2.0975e-11.

Computing volumes of the grid elements.
Non-linear iter.: 478/500. Linear iter.: 4. Min. area: 0.000150449. Error: 2.0975e-11.
Computing volumes of the grid elements.
Min. volume: 0.000150449, max. volume: 36.4297.

# FGMRES residual history
# Residual tolerance target = 1e-10
# Initial residual norm     = 8.7562e-08
     0     1
# FGMRES final (true) residual:
# Iteration = 4: |res|/|res0| = 2.09731e-11.

Computing volumes of the grid elements.
Non-linear iter.: 479/500. Linear iter.: 4. Min. area: 0.000150445. Error: 2.09731e-11.
Computing volumes of the grid elements.
Min. volume: 0.000150445, max. volume: 36.4294.

# FGMRES residual history
# Residual tolerance target = 1e-10
# Initial residual norm     = 8.75507e-08
     0     1
# FGMRES final (true) residual:
# Iteration = 4: |res|/|res0| = 2.09712e-11.

Computing volumes of the grid elements.
Non-linear iter.: 480/500. Linear iter.: 4. Min. area: 0.000150441. Error: 2.09712e-11.
Computing volumes of the grid elements.
Min. volume: 0.000150441, max. volume: 36.4292.

# FGMRES residual history
# Residual tolerance target = 1e-10
# Initial residual norm     = 8.75393e-08
     0     1
# FGMRES final (true) residual:
# Iteration = 4: |res|/|res0| = 2.09692e-11.

Computing volumes of the grid elements.
Non-linear iter.: 481/500. Linear iter.: 4. Min. area: 0.000150437. Error: 2.09692e-11.
Computing volumes of the grid elements.
Min. volume: 0.000150437, max. volume: 36.429.

# FGMRES residual history
# Residual tolerance target = 1e-10
# Initial residual norm     = 8.75279e-08
     0     1
# FGMRES final (true) residual:
# Iteration = 4: |res|/|res0| = 2.09673e-11.

Computing volumes of the grid elements.
Non-linear iter.: 482/500. Linear iter.: 4. Min. area: 0.000150433. Error: 2.09673e-11.
Computing volumes of the grid elements.
Min. volume: 0.000150433, max. volume: 36.4288.

# FGMRES residual history
# Residual tolerance target = 1e-10
# Initial residual norm     = 8.75166e-08
     0     1
# FGMRES final (true) residual:
# Iteration = 4: |res|/|res0| = 2.09653e-11.

Computing volumes of the grid elements.
Non-linear iter.: 483/500. Linear iter.: 4. Min. area: 0.000150429. Error: 2.09653e-11.
Computing volumes of the grid elements.
Min. volume: 0.000150429, max. volume: 36.4286.

# FGMRES residual history
# Residual tolerance target = 1e-10
# Initial residual norm     = 8.75052e-08
     0     1
# FGMRES final (true) residual:
# Iteration = 4: |res|/|res0| = 2.09634e-11.

Computing volumes of the grid elements.
Non-linear iter.: 484/500. Linear iter.: 4. Min. area: 0.000150425. Error: 2.09634e-11.
Computing volumes of the grid elements.
Min. volume: 0.000150425, max. volume: 36.4284.

# FGMRES residual history
# Residual tolerance target = 1e-10
# Initial residual norm     = 8.74939e-08
     0     1
# FGMRES final (true) residual:
# Iteration = 4: |res|/|res0| = 2.09614e-11.

Computing volumes of the grid elements.
Non-linear iter.: 485/500. Linear iter.: 4. Min. area: 0.000150421. Error: 2.09614e-11.
Computing volumes of the grid elements.
Min. volume: 0.000150421, max. volume: 36.4282.

# FGMRES residual history
# Residual tolerance target = 1e-10
# Initial residual norm     = 8.74825e-08
     0     1
# FGMRES final (true) residual:
# Iteration = 4: |res|/|res0| = 2.09595e-11.

Computing volumes of the grid elements.
Non-linear iter.: 486/500. Linear iter.: 4. Min. area: 0.000150417. Error: 2.09595e-11.
Computing volumes of the grid elements.
Min. volume: 0.000150417, max. volume: 36.428.

# FGMRES residual history
# Residual tolerance target = 1e-10
# Initial residual norm     = 8.74712e-08
     0     1
# FGMRES final (true) residual:
# Iteration = 4: |res|/|res0| = 2.09575e-11.

Computing volumes of the grid elements.
Non-linear iter.: 487/500. Linear iter.: 4. Min. area: 0.000150413. Error: 2.09575e-11.
Computing volumes of the grid elements.
Min. volume: 0.000150413, max. volume: 36.4278.

# FGMRES residual history
# Residual tolerance target = 1e-10
# Initial residual norm     = 8.74598e-08
     0     1
# FGMRES final (true) residual:
# Iteration = 4: |res|/|res0| = 2.09556e-11.

Computing volumes of the grid elements.
Non-linear iter.: 488/500. Linear iter.: 4. Min. area: 0.000150409. Error: 2.09556e-11.
Computing volumes of the grid elements.
Min. volume: 0.000150409, max. volume: 36.4276.

# FGMRES residual history
# Residual tolerance target = 1e-10
# Initial residual norm     = 8.74485e-08
     0     1
# FGMRES final (true) residual:
# Iteration = 4: |res|/|res0| = 2.09536e-11.

Computing volumes of the grid elements.
Non-linear iter.: 489/500. Linear iter.: 4. Min. area: 0.000150405. Error: 2.09536e-11.
Computing volumes of the grid elements.
Min. volume: 0.000150405, max. volume: 36.4274.

# FGMRES residual history
# Residual tolerance target = 1e-10
# Initial residual norm     = 8.74372e-08
     0     1
# FGMRES final (true) residual:
# Iteration = 4: |res|/|res0| = 2.09516e-11.

Computing volumes of the grid elements.
Non-linear iter.: 490/500. Linear iter.: 4. Min. area: 0.000150401. Error: 2.09516e-11.
Computing volumes of the grid elements.
Min. volume: 0.000150401, max. volume: 36.4271.

# FGMRES residual history
# Residual tolerance target = 1e-10
# Initial residual norm     = 8.74259e-08
     0     1
# FGMRES final (true) residual:
# Iteration = 4: |res|/|res0| = 2.09497e-11.

Computing volumes of the grid elements.
Non-linear iter.: 491/500. Linear iter.: 4. Min. area: 0.000150397. Error: 2.09497e-11.
Computing volumes of the grid elements.
Min. volume: 0.000150397, max. volume: 36.4269.

# FGMRES residual history
# Residual tolerance target = 1e-10
# Initial residual norm     = 8.74145e-08
     0     1
# FGMRES final (true) residual:
# Iteration = 4: |res|/|res0| = 2.09477e-11.

Computing volumes of the grid elements.
Non-linear iter.: 492/500. Linear iter.: 4. Min. area: 0.000150393. Error: 2.09477e-11.
Computing volumes of the grid elements.
Min. volume: 0.000150393, max. volume: 36.4267.

# FGMRES residual history
# Residual tolerance target = 1e-10
# Initial residual norm     = 8.74032e-08
     0     1
# FGMRES final (true) residual:
# Iteration = 4: |res|/|res0| = 2.09457e-11.

Computing volumes of the grid elements.
Non-linear iter.: 493/500. Linear iter.: 4. Min. area: 0.000150389. Error: 2.09457e-11.
Computing volumes of the grid elements.
Min. volume: 0.000150389, max. volume: 36.4265.

# FGMRES residual history
# Residual tolerance target = 1e-10
# Initial residual norm     = 8.73919e-08
     0     1
# FGMRES final (true) residual:
# Iteration = 4: |res|/|res0| = 2.09438e-11.

Computing volumes of the grid elements.
Non-linear iter.: 494/500. Linear iter.: 4. Min. area: 0.000150385. Error: 2.09438e-11.
Computing volumes of the grid elements.
Min. volume: 0.000150385, max. volume: 36.4263.

# FGMRES residual history
# Residual tolerance target = 1e-10
# Initial residual norm     = 8.73806e-08
     0     1
# FGMRES final (true) residual:
# Iteration = 4: |res|/|res0| = 2.09418e-11.

Computing volumes of the grid elements.
Non-linear iter.: 495/500. Linear iter.: 4. Min. area: 0.000150381. Error: 2.09418e-11.
Computing volumes of the grid elements.
Min. volume: 0.000150381, max. volume: 36.4261.

# FGMRES residual history
# Residual tolerance target = 1e-10
# Initial residual norm     = 8.73693e-08
     0     1
# FGMRES final (true) residual:
# Iteration = 4: |res|/|res0| = 2.09398e-11.

Computing volumes of the grid elements.
Non-linear iter.: 496/500. Linear iter.: 4. Min. area: 0.000150377. Error: 2.09398e-11.
Computing volumes of the grid elements.
Min. volume: 0.000150377, max. volume: 36.4259.

# FGMRES residual history
# Residual tolerance target = 1e-10
# Initial residual norm     = 8.7358e-08
     0     1
# FGMRES final (true) residual:
# Iteration = 4: |res|/|res0| = 2.09379e-11.

Computing volumes of the grid elements.
Non-linear iter.: 497/500. Linear iter.: 4. Min. area: 0.000150373. Error: 2.09379e-11.
Computing volumes of the grid elements.
Min. volume: 0.000150373, max. volume: 36.4257.

# FGMRES residual history
# Residual tolerance target = 1e-10
# Initial residual norm     = 8.73468e-08
     0     1
# FGMRES final (true) residual:
# Iteration = 4: |res|/|res0| = 2.09359e-11.

Computing volumes of the grid elements.
Non-linear iter.: 498/500. Linear iter.: 4. Min. area: 0.00015037. Error: 2.09359e-11.
Computing volumes of the grid elements.
Min. volume: 0.00015037, max. volume: 36.4255.

# FGMRES residual history
# Residual tolerance target = 1e-10
# Initial residual norm     = 8.73355e-08
     0     1
# FGMRES final (true) residual:
# Iteration = 4: |res|/|res0| = 2.09339e-11.

Computing volumes of the grid elements.
Non-linear iter.: 499/500. Linear iter.: 4. Min. area: 0.000150366. Error: 2.09339e-11.
Computing volumes of the grid elements.
Min. volume: 0.000150366, max. volume: 36.4253.

# FGMRES residual history
# Residual tolerance target = 1e-10
# Initial residual norm     = 8.73242e-08
     0     1
# FGMRES final (true) residual:
# Iteration = 4: |res|/|res0| = 2.09319e-11.

Computing volumes of the grid elements.
Non-linear iter.: 500/500. Linear iter.: 4. Min. area: 0.000150362. Error: 2.09319e-11.

Completed in 0.092381 seconds on 1 core.

----------------------- Write deformed grid files -----------------------
|SU2 mesh                           |mesh_deformed.su2                  |
Adding any FFD information to the SU2 file.

------------------------- Finalize Solver -------------------------
Deleted CNumerics container.
Deleted CSolver container.
Deleted CGeometry container.
Deleted CSurfaceMovement class.
Deleted CVolumetricMovement class.
Deleted CConfig container.
Deleted COutput class.

------------------------- Exit Success (SU2_DEF) ------------------------

